"Id","OwnerId","IsDeleted","Name","nFORCE__Category__c","nFORCE__Generator_Class__c","nFORCE__Layout_Description__c","nFORCE__Layout_Preview_Image__c","nFORCE__Visualforce_Page__c","nFORCE__lookupKey__c"
"a0bWD0000011TLxYAM","005al00000RVcKvAAL","false","TwoColumnGrid","","Html.Layouts.TwoColumnGrid","","","","01081666029078575"
"a0bWD0000011TTHYA2","005al00000RVcKvAAL","false","TableLayout","","Html.Layouts.TableLayout","","","","01681619447516419"
"a0bWD0000011UEKYA2","005al00000RVcKvAAL","false","TwoColumnGrid","","Html.Layouts.TwoColumnGrid","","","","03681641354326563"
"a0bWD0000011UELYA2","005al00000RVcKvAAL","false","TwoColumnGrid","","Html.Layouts.TwoColumnGrid","","","","04001641831942815"
"a0bWD0000011UEMYA2","005al00000RVcKvAAL","false","TwoColumnGrid","","Html.Layouts.TwoColumnGrid","","","","04271641831942814"
"a0bWD0000011TTIYA2","005al00000RVcKvAAL","false","TableLayout","","Html.Layouts.TableLayout","","","","04431620937673263"
"a0bWD0000011TTJYA2","005al00000RVcKvAAL","false","TwoColumnGrid","","Html.Layouts.TwoColumnGrid","","","","06041619447516421"
"a0bWD0000011TYXYA2","005al00000RVcKvAAL","false","TwoColumnGrid","","Html.Layouts.TwoColumnGrid","","","","06771663700626753"
"a0bWD0000011TTKYA2","005al00000RVcKvAAL","false","TwoColumnGrid","","Html.Layouts.TwoColumnGrid","","","","06951620937673263"
"a0bWD0000011TYYYA2","005al00000RVcKvAAL","false","TwoColumnGrid","","Html.Layouts.TwoColumnGrid","","","","07351640791249090"
"a0bWD0000011TQmYAM","005al00000RVcKvAAL","false","NoLayout","","Html.Layouts.NoLayout","","","","0A6B1D582F6E404D876831747D6E7A24"
"a0bWD0000011TQnYAM","005al00000RVcKvAAL","false","TwoColumnGrid","","Html.Layouts.TwoColumnGrid","","","","0F3F3A611F244D5C973C096A301A0440"
"a0bWD0000011WA9YAM","005al00000RVcKvAAL","false","a2Cbn000002Vb7P","","Html.Layouts.TableLayout","","","","1.193733913374961"
"a0bWD0000011TLyYAM","005al00000RVcKvAAL","false","TwoColumnGrid","","Html.Layouts.TwoColumnGrid","","","","1.95854780623117E"
"a0bWD0000011TLzYAM","005al00000RVcKvAAL","false","TwoColumnGrid","","Html.Layouts.TwoColumnGrid","","","","11821663700626751"
"a0bWD0000011TM0YAM","005al00000RVcKvAAL","false","NoLayout","","Html.Layouts.NoLayout","","","","12171602764632749"
"a0bWD0000011TTLYA2","005al00000RVcKvAAL","false","SingleColumnGrid","","Html.Layouts.SingleColumnGrid","","","","12551620937673259"
"a0bWD0000011UENYA2","005al00000RVcKvAAL","false","TwoColumnGrid","","Html.Layouts.TwoColumnGrid","","","","12931640206780120"
"a0bWD0000011TYZYA2","005al00000RVcKvAAL","false","TableLayout","","Html.Layouts.TableLayout","","","","13621640791249091"
"a0bWD0000011TYaYAM","005al00000RVcKvAAL","false","TwoColumnGrid","","Html.Layouts.TwoColumnGrid","","","","14301640791249090"
"a0bWD0000011TTMYA2","005al00000RVcKvAAL","false","TwoColumnGrid","","Html.Layouts.TwoColumnGrid","","","","14431560278867960"
"a0bWD0000011TM1YAM","005al00000RVcKvAAL","false","TwoColumnGrid","","Html.Layouts.TwoColumnGrid","","","","15531663700626749"
"a0bWD0000011TTNYA2","005al00000RVcKvAAL","false","TwoColumnGrid","","Html.Layouts.TwoColumnGrid","","","","16931619447516420"
"a0bWD0000011TTOYA2","005al00000RVcKvAAL","false","TableLayout","","Html.Layouts.TableLayout","","","","16941567002572494"
"a0bWD0000011TM2YAM","005al00000RVcKvAAL","false","TwoColumnGrid","","Html.Layouts.TwoColumnGrid","","","","17201666029078572"
"a0bWD0000011TYbYAM","005al00000RVcKvAAL","false","TableLayout","","Html.Layouts.TableLayout","","","","18171640791249089"
"a0bWD0000011TM3YAM","005al00000RVcKvAAL","false","TableLayout","","Html.Layouts.TableLayout","","","","18881663700626752"
"a0bWD0000011TTPYA2","005al00000RVcKvAAL","false","TableLayout","","Html.Layouts.TableLayout","","","","19081620937673264"
"a0bWD0000011UEOYA2","005al00000RVcKvAAL","false","TwoColumnGrid","","Html.Layouts.TwoColumnGrid","","","","19191641354326565"
"a0bWD0000011TM4YAM","005al00000RVcKvAAL","false","NoLayout","","Html.Layouts.NoLayout","","","","19751663700626753"
"a0bWD0000011TM5YAM","005al00000RVcKvAAL","false","SingleColumnGrid","","Html.Layouts.SingleColumnGrid","","","","19811666029078570"
"a0bWD0000011TYcYAM","005al00000RVcKvAAL","false","NoLayout","","Html.Layouts.NoLayout","","","","2.721376314360757"
"a0bWD0000011TYdYAM","005al00000RVcKvAAL","false","a2Cbn000002Vb76","","Html.Layouts.NoLayout","","","","2.995585592039385"
"a0bWD0000011TM6YAM","005al00000RVcKvAAL","false","TwoColumnGrid","","Html.Layouts.TwoColumnGrid","","","","20471666029078577"
"a0bWD0000011TNnYAM","005al00000RVcKvAAL","false","NoLayout","","Html.Layouts.NoLayout","","","","21931701790672164"
"a0bWD0000011TM7YAM","005al00000RVcKvAAL","false","TwoColumnGrid","","Html.Layouts.TwoColumnGrid","","","","22451602764632751"
"a0bWD0000011TTQYA2","005al00000RVcKvAAL","false","NoLayout","","Html.Layouts.NoLayout","","","","23381560278867959"
"a0bWD0000011TYeYAM","005al00000RVcKvAAL","false","SingleColumnGrid","","Html.Layouts.SingleColumnGrid","","","","24071640791249091"
"a0bWD0000011UEPYA2","005al00000RVcKvAAL","false","TwoColumnGrid","","Html.Layouts.TwoColumnGrid","","","","25521641354326564"
"a0bWD0000011UEQYA2","005al00000RVcKvAAL","false","TwoColumnGrid","","Html.Layouts.TwoColumnGrid","","","","26471641831942812"
"a0bWD0000011UERYA2","005al00000RVcKvAAL","false","SingleColumnGrid","","Html.Layouts.SingleColumnGrid","","","","26531641354326563"
"a0bWD0000011TM8YAM","005al00000RVcKvAAL","false","NoLayout","","Html.Layouts.NoLayout","","","","26681663700626752"
"a0bWD0000011UESYA2","005al00000RVcKvAAL","false","TwoColumnGrid","","Html.Layouts.TwoColumnGrid","","","","27241641354326566"
"a0bWD0000011TM9YAM","005al00000RVcKvAAL","false","TwoColumnGrid","","Html.Layouts.TwoColumnGrid","","","","28431666029078571"
"a0bWD0000011TQoYAM","005al00000RVcKvAAL","false","TwoColumnGrid","","Html.Layouts.TwoColumnGrid","","","","2C200A0F4B184964B07E2873243D2A40"
"a0bWD0000011TYfYAM","005al00000RVcKvAAL","false","NoLayout","","Html.Layouts.NoLayout","","","","31521663700626754"
"a0bWD0000011TTRYA2","005al00000RVcKvAAL","false","NoLayout","","Html.Layouts.NoLayout","","","","32101620937673259"
"a0bWD0000011TTSYA2","005al00000RVcKvAAL","false","TwoColumnGrid","","Html.Layouts.TwoColumnGrid","","","","32291619447516420"
"a0bWD0000011TYgYAM","005al00000RVcKvAAL","false","TwoColumnGrid","","Html.Layouts.TwoColumnGrid","","","","33181640791249088"
"a0bWD0000011TTTYA2","005al00000RVcKvAAL","false","SingleColumnGrid","","Html.Layouts.SingleColumnGrid","","","","33721619447516419"
"a0bWD0000011UETYA2","005al00000RVcKvAAL","false","TwoColumnGrid","","Html.Layouts.TwoColumnGrid","","","","34791641348182005"
"a0bWD0000011TQpYAM","005al00000RVcKvAAL","false","NoLayout","","Html.Layouts.NoLayout","","","","353E24340F734217B5262631026B0959"
"a0bWD0000011TMAYA2","005al00000RVcKvAAL","false","TwoColumnGrid","","Html.Layouts.TwoColumnGrid","","","","35811602764632751"
"a0bWD0000011UEUYA2","005al00000RVcKvAAL","false","TwoColumnGrid","","Html.Layouts.TwoColumnGrid","","","","36231641831942810"
"a0bWD0000011UEVYA2","005al00000RVcKvAAL","false","TwoColumnGrid","","Html.Layouts.TwoColumnGrid","","","","36601641831942814"
"a0bWD0000011UEWYA2","005al00000RVcKvAAL","false","TwoColumnGrid","","Html.Layouts.TwoColumnGrid","","","","36651641354326566"
"a0bWD0000011TTUYA2","005al00000RVcKvAAL","false","TwoColumnGrid","","Html.Layouts.TwoColumnGrid","","","","36931620937673260"
"a0bWD0000011TTVYA2","005al00000RVcKvAAL","false","NoLayout","","Html.Layouts.NoLayout","","","","37061620937673260"
"a0bWD0000011TTWYA2","005al00000RVcKvAAL","false","NoLayout","","Html.Layouts.NoLayout","","","","37721619447516418"
"a0bWD0000011TQqYAM","005al00000RVcKvAAL","false","NoLayout","","Html.Layouts.NoLayout","","","","3830214D62094B69B7636616061D7F51"
"a0bWD0000011UEXYA2","005al00000RVcKvAAL","false","TwoColumnGrid","","Html.Layouts.TwoColumnGrid","","","","38451641354326565"
"a0bWD0000011TMBYA2","005al00000RVcKvAAL","false","TwoColumnGrid","","Html.Layouts.TwoColumnGrid","","","","39161666029078571"
"a0bWD0000011UEYYA2","005al00000RVcKvAAL","false","TwoColumnGrid","","Html.Layouts.TwoColumnGrid","","","","40571641831942814"
"a0bWD0000011UEZYA2","005al00000RVcKvAAL","false","SingleColumnGrid","","Html.Layouts.SingleColumnGrid","","","","41291641348182005"
"a0bWD0000011TYhYAM","005al00000RVcKvAAL","false","NoLayout","","Html.Layouts.NoLayout","","","","42001284688492052"
"a0bWD0000011WAAYA2","005al00000RVcKvAAL","false","TableLayout","","Html.Layouts.TableLayout","","","","42002343121793981"
"a0bWD0000011TYiYAM","005al00000RVcKvAAL","false","TableLayout","","Html.Layouts.TableLayout","","","","42002718640477874"
"a0bWD0000011TYjYAM","005al00000RVcKvAAL","false","TableLayout","","Html.Layouts.TableLayout","","","","42003465605125118"
"a0bWD0000011WABYA2","005al00000RVcKvAAL","false","TableLayout","","Html.Layouts.TableLayout","","","","42003847141885742"
"a0bWD0000011WACYA2","005al00000RVcKvAAL","false","TableLayout","","Html.Layouts.TableLayout","","","","42003903540204994"
"a0bWD0000011WADYA2","005al00000RVcKvAAL","false","TableLayout","","Html.Layouts.TableLayout","","","","42004136659224709"
"a0bWD0000011WAEYA2","005al00000RVcKvAAL","false","TableLayout","","Html.Layouts.TableLayout","","","","42004280373068350"
"a0bWD0000011WAFYA2","005al00000RVcKvAAL","false","TableLayout","","Html.Layouts.TableLayout","","","","42004513721842376"
"a0bWD0000011WAGYA2","005al00000RVcKvAAL","false","SingleColumnGrid","","Html.Layouts.SingleColumnGrid","","","","42004612834984785"
"a0bWD0000011TYkYAM","005al00000RVcKvAAL","false","NoLayout","","Html.Layouts.NoLayout","","","","42004652444547089"
"a0bWD0000011TYlYAM","005al00000RVcKvAAL","false","NoLayout","","Html.Layouts.NoLayout","","","","42005825682412510"
"a0bWD0000011TYmYAM","005al00000RVcKvAAL","false","TwoColumnGrid","","Html.Layouts.TwoColumnGrid","","","","42006076557627887"
"a0bWD0000011TNoYAM","005al00000RVcKvAAL","false","TwoColumnGrid","","Html.Layouts.TwoColumnGrid","","","","42006254899851503"
"a0bWD0000011TQrYAM","005al00000RVcKvAAL","false","TwoColumnGrid","","Html.Layouts.TwoColumnGrid","","","","42006338123925055"
"a0bWD0000011WAHYA2","005al00000RVcKvAAL","false","TableLayout","","Html.Layouts.TableLayout","","","","42006552521265677"
"a0bWD0000011TYnYAM","005al00000RVcKvAAL","false","NoLayout","","Html.Layouts.NoLayout","","","","42006624899493148"
"a0bWD0000011TYoYAM","005al00000RVcKvAAL","false","TwoColumnGrid","","Html.Layouts.TwoColumnGrid","","","","42006759036004926"
"a0bWD0000011TQsYAM","005al00000RVcKvAAL","false","TableLayout","","Html.Layouts.TableLayout","","","","42006804700086207"
"a0bWD0000011TYpYAM","005al00000RVcKvAAL","false","TableLayout","","Html.Layouts.TableLayout","","","","42006895584195822"
"a0bWD0000011TYqYAM","005al00000RVcKvAAL","false","a2Cbn000002Vb5s","","Html.Layouts.NoLayout","","","","42006996136384631"
"a0bWD0000011TYrYAM","005al00000RVcKvAAL","false","a2Cbn000002Vb76","","Html.Layouts.NoLayout","","","","42007097706268287"
"a0bWD0000011TTXYA2","005al00000RVcKvAAL","false","TableLayout","","Html.Layouts.TableLayout","","","","42008310052836603"
"a0bWD0000011TQtYAM","005al00000RVcKvAAL","false","TwoColumnGrid","","Html.Layouts.TwoColumnGrid","","","","42008753795505925"
"a0bWD0000011WAIYA2","005al00000RVcKvAAL","false","TableLayout","","Html.Layouts.TableLayout","","","","42008967330654638"
"a0bWD0000011TYsYAM","005al00000RVcKvAAL","false","TwoColumnGrid","","Html.Layouts.TwoColumnGrid","","","","42009805047136487"
"a0bWD0000011TQuYAM","005al00000RVcKvAAL","false","TableLayout","","Html.Layouts.TableLayout","","","","42009893820101882"
"a0bWD0000011TYtYAM","005al00000RVcKvAAL","false","NoLayout","","Html.Layouts.NoLayout","","","","42010116055089047"
"a0bWD0000011WAJYA2","005al00000RVcKvAAL","false","NoLayout","","Html.Layouts.NoLayout","","","","42010404282585951"
"a0bWD0000011TYuYAM","005al00000RVcKvAAL","false","TwoColumnGrid","","Html.Layouts.TwoColumnGrid","","","","42010440215296379"
"a0bWD0000011TYvYAM","005al00000RVcKvAAL","false","NoLayout","","Html.Layouts.NoLayout","","","","42011138003699336"
"a0bWD0000011TMCYA2","005al00000RVcKvAAL","false","SingleColumnGrid","","Html.Layouts.SingleColumnGrid","","","","42013261224160692"
"a0bWD0000011YGnYAM","005al00000RVcKvAAL","false","TableLayout","","Html.Layouts.TableLayout","","","","42013398368584653"
"a0bWD0000011TYwYAM","005al00000RVcKvAAL","false","TwoColumnGrid","","Html.Layouts.TwoColumnGrid","","","","42013481934052987"
"a0bWD0000011UHhYAM","005al00000RVcKvAAL","false","TableLayout","","Html.Layouts.TableLayout","","","","42013675635366865"
"a0bWD0000011TYxYAM","005al00000RVcKvAAL","false","NoLayout","","Html.Layouts.NoLayout","","","","42014005228660667"
"a0bWD0000011WAKYA2","005al00000RVcKvAAL","false","a2Cbn000002Vb7Q","","Html.Layouts.NoLayout","","","","42014408254429502"
"a0bWD0000011TXFYA2","005al00000RVcKvAAL","false","SingleColumnGrid","","Html.Layouts.SingleColumnGrid","","","","42014498975129914"
"a0bWD0000011TYyYAM","005al00000RVcKvAAL","false","NoLayout","","Html.Layouts.NoLayout","","","","42014981741652223"
"a0bWD0000011WALYA2","005al00000RVcKvAAL","false","TableLayout","","Html.Layouts.TableLayout","","","","42015607302669027"
"a0bWD0000011TQvYAM","005al00000RVcKvAAL","false","TwoColumnGrid","","Html.Layouts.TwoColumnGrid","","","","42015906594080035"
"a0bWD0000011TMDYA2","005al00000RVcKvAAL","false","TwoColumnGrid","","Html.Layouts.TwoColumnGrid","","","","42016067981473732"
"a0bWD0000011TYzYAM","005al00000RVcKvAAL","false","a2Cbn000002Vb5s","","Html.Layouts.NoLayout","","","","42016104033111386"
"a0bWD0000011WAMYA2","005al00000RVcKvAAL","false","NoLayout","","Html.Layouts.NoLayout","","","","42016401729354512"
"a0bWD0000011UHiYAM","005al00000RVcKvAAL","false","NoLayout","","Html.Layouts.NoLayout","","","","42017009139645992"
"a0bWD0000011TTYYA2","005al00000RVcKvAAL","false","SingleColumnGrid","","Html.Layouts.SingleColumnGrid","","","","42017786495228447"
"a0bWD0000011TZ0YAM","005al00000RVcKvAAL","false","TwoColumnGrid","","Html.Layouts.TwoColumnGrid","","","","42018085366005542"
"a0bWD0000011TMEYA2","005al00000RVcKvAAL","false","TwoColumnGrid","","Html.Layouts.TwoColumnGrid","","","","42018437435244134"
"a0bWD0000011WANYA2","005al00000RVcKvAAL","false","TableLayout","","Html.Layouts.TableLayout","","","","42018761808649112"
"a0bWD0000011TQwYAM","005al00000RVcKvAAL","false","TwoColumnGrid","","Html.Layouts.TwoColumnGrid","","","","42018802937168165"
"a0bWD0000011TZ1YAM","005al00000RVcKvAAL","false","NoLayout","","Html.Layouts.NoLayout","","","","42019319559276792"
"a0bWD0000011WAOYA2","005al00000RVcKvAAL","false","TableLayout","","Html.Layouts.TableLayout","","","","42020296082369041"
"a0bWD0000011WAPYA2","005al00000RVcKvAAL","false","TableLayout","","Html.Layouts.TableLayout","","","","42020781957322286"
"a0bWD0000011TZ2YAM","005al00000RVcKvAAL","false","TwoColumnGrid","","Html.Layouts.TwoColumnGrid","","","","42021071755511770"
"a0bWD0000011TQxYAM","005al00000RVcKvAAL","false","TableLayout","","Html.Layouts.TableLayout","","","","42021106382315894"
"a0bWD0000011WAQYA2","005al00000RVcKvAAL","false","NoLayout","","Html.Layouts.NoLayout","","","","42021469599969477"
"a0bWD0000011TQyYAM","005al00000RVcKvAAL","false","TwoColumnGrid","","Html.Layouts.TwoColumnGrid","","","","42021481235644634"
"a0bWD0000011TTZYA2","005al00000RVcKvAAL","false","TwoColumnGrid","","Html.Layouts.TwoColumnGrid","","","","42021620937673261"
"a0bWD0000011WARYA2","005al00000RVcKvAAL","false","TwoColumnGrid","","Html.Layouts.TwoColumnGrid","","","","42021633143718128"
"a0bWD0000011TQzYAM","005al00000RVcKvAAL","false","TwoColumnGrid","","Html.Layouts.TwoColumnGrid","","","","42021673879484185"
"a0bWD0000011TZ3YAM","005al00000RVcKvAAL","false","NoLayout","","Html.Layouts.NoLayout","","","","42024733350024513"
"a0bWD0000011TZ4YAM","005al00000RVcKvAAL","false","NoLayout","","Html.Layouts.NoLayout","","","","42024794394438927"
"a0bWD0000011WASYA2","005al00000RVcKvAAL","false","TableLayout","","Html.Layouts.TableLayout","","","","42025459874680576"
"a0bWD0000011TMFYA2","005al00000RVcKvAAL","false","TwoColumnGrid","","Html.Layouts.TwoColumnGrid","","","","42025462147359781"
"a0bWD0000011TZ5YAM","005al00000RVcKvAAL","false","a2Cbn000002Vb5v","","Html.Layouts.TwoColumnGrid","","","","42026994534153263"
"a0bWD0000011TNpYAM","005al00000RVcKvAAL","false","TwoColumnGrid","","Html.Layouts.TwoColumnGrid","","","","42027202935130196"
"a0bWD0000011TZ6YAM","005al00000RVcKvAAL","false","TableLayout","","Html.Layouts.TableLayout","","","","42027424376124360"
"a0bWD0000011TZ7YAM","005al00000RVcKvAAL","false","NoLayout","","Html.Layouts.NoLayout","","","","42027724604925191"
"a0bWD0000011TR0YAM","005al00000RVcKvAAL","false","NoLayout","","Html.Layouts.NoLayout","","","","42028164978138416"
"a0bWD0000011WATYA2","005al00000RVcKvAAL","false","TwoColumnGrid","","Html.Layouts.TwoColumnGrid","","","","42028267976477070"
"a0bWD0000011TZ8YAM","005al00000RVcKvAAL","false","TableLayout","","Html.Layouts.TableLayout","","","","42028334042065272"
"a0bWD0000011WAUYA2","005al00000RVcKvAAL","false","TwoColumnGrid","","Html.Layouts.TwoColumnGrid","","","","42028383186298015"
"a0bWD0000011TZ9YAM","005al00000RVcKvAAL","false","NoLayout","","Html.Layouts.NoLayout","","","","42028613704158024"
"a0bWD0000011TZAYA2","005al00000RVcKvAAL","false","TwoColumnGrid","","Html.Layouts.TwoColumnGrid","","","","42028630093407270"
"a0bWD0000011TMGYA2","005al00000RVcKvAAL","false","TwoColumnGrid","","Html.Layouts.TwoColumnGrid","","","","42028636792535507"
"a0bWD0000011TZBYA2","005al00000RVcKvAAL","false","a314T000000Xm5K","","Html.Layouts.NoLayout","","","","42028882235280429"
"a0bWD0000011TZCYA2","005al00000RVcKvAAL","false","NoLayout","","Html.Layouts.NoLayout","","","","42030325600552313"
"a0bWD0000011WAVYA2","005al00000RVcKvAAL","false","TableLayout","","Html.Layouts.TableLayout","","","","42030604146182661"
"a0bWD0000011WAWYA2","005al00000RVcKvAAL","false","TableLayout","","Html.Layouts.TableLayout","","","","42030986292338067"
"a0bWD0000011TZDYA2","005al00000RVcKvAAL","false","NoLayout","","Html.Layouts.NoLayout","","","","42032159543948130"
"a0bWD0000011TZEYA2","005al00000RVcKvAAL","false","NoLayout","","Html.Layouts.NoLayout","","","","42032279093299544"
"a0bWD0000011TNqYAM","005al00000RVcKvAAL","false","TwoColumnGrid","","Html.Layouts.TwoColumnGrid","","","","42033228401313591"
"a0bWD0000011TZFYA2","005al00000RVcKvAAL","false","NoLayout","","Html.Layouts.NoLayout","","","","42033287363642285"
"a0bWD0000011TZGYA2","005al00000RVcKvAAL","false","a2Cbn000002Vb5p","","Html.Layouts.NoLayout","","","","42033639175008750"
"a0bWD0000011WAXYA2","005al00000RVcKvAAL","false","TableLayout","","Html.Layouts.TableLayout","","","","42033977155101284"
"a0bWD0000011TZHYA2","005al00000RVcKvAAL","false","NoLayout","","Html.Layouts.NoLayout","","","","42034485385153221"
"a0bWD0000011TZIYA2","005al00000RVcKvAAL","false","a2Cbn000002Vb75","","Html.Layouts.NoLayout","","","","42034883547668969"
"a0bWD0000011TZJYA2","005al00000RVcKvAAL","false","TwoColumnGrid","","Html.Layouts.TwoColumnGrid","","","","42035436876739510"
"a0bWD0000011WAYYA2","005al00000RVcKvAAL","false","TableLayout","","Html.Layouts.TableLayout","","","","42035438893673038"
"a0bWD0000011TZKYA2","005al00000RVcKvAAL","false","TwoColumnGrid","","Html.Layouts.TwoColumnGrid","","","","42036492087721137"
"a0bWD0000011TTaYAM","005al00000RVcKvAAL","false","TwoColumnGrid","","Html.Layouts.TwoColumnGrid","","","","42036523911362091"
"a0bWD0000011TZLYA2","005al00000RVcKvAAL","false","a2Cbn000002Vb74","","Html.Layouts.TableLayout","","","","42036888569821189"
"a0bWD0000011TZMYA2","005al00000RVcKvAAL","false","NoLayout","","Html.Layouts.NoLayout","","","","42037457063416864"
"a0bWD0000011TZNYA2","005al00000RVcKvAAL","false","TwoColumnGrid","","Html.Layouts.TwoColumnGrid","","","","42038341025328192"
"a0bWD0000011WAZYA2","005al00000RVcKvAAL","false","a313g0000008Q0N","","Html.Layouts.TwoColumnGrid","","","","42038988504703372"
"a0bWD0000011WAaYAM","005al00000RVcKvAAL","false","a313g0000008Q0M","","Html.Layouts.TableLayout","","","","42039470312427172"
"a0bWD0000011TNrYAM","005al00000RVcKvAAL","false","TwoColumnGrid","","Html.Layouts.TwoColumnGrid","","","","42039572093539019"
"a0bWD0000011WAbYAM","005al00000RVcKvAAL","false","TableLayout","","Html.Layouts.TableLayout","","","","42039993110651052"
"a0bWD0000011WAcYAM","005al00000RVcKvAAL","false","a2Cbn000002Vb7P","","Html.Layouts.TableLayout","","","","42041335109520641"
"a0bWD0000011TXGYA2","005al00000RVcKvAAL","false","SingleColumnGrid","","Html.Layouts.SingleColumnGrid","","","","42041576065631251"
"a0bWD0000011TZOYA2","005al00000RVcKvAAL","false","a313g0000008Q0J","","Html.Layouts.TableLayout","","","","42042296971249519"
"a0bWD0000011TZPYA2","005al00000RVcKvAAL","false","NoLayout","","Html.Layouts.NoLayout","","","","42042846729642072"
"a0bWD0000011WAdYAM","005al00000RVcKvAAL","false","TableLayout","","Html.Layouts.TableLayout","","","","42043178450458248"
"a0bWD0000011WAeYAM","005al00000RVcKvAAL","false","TableLayout","","Html.Layouts.TableLayout","","","","42043273874508274"
"a0bWD0000011TZQYA2","005al00000RVcKvAAL","false","a2Cbn000002Vb6n","","Html.Layouts.TwoColumnGrid","","","","42044658792920754"
"a0bWD0000011TZRYA2","005al00000RVcKvAAL","false","NoLayout","","Html.Layouts.NoLayout","","","","42045393599997443"
"a0bWD0000011WAfYAM","005al00000RVcKvAAL","false","TwoColumnGrid","","Html.Layouts.TwoColumnGrid","","","","42045615829500263"
"a0bWD0000011WAgYAM","005al00000RVcKvAAL","false","TableLayout","","Html.Layouts.TableLayout","","","","42045638325480390"
"a0bWD0000011TZSYA2","005al00000RVcKvAAL","false","TwoColumnGrid","","Html.Layouts.TwoColumnGrid","","","","42046530250894349"
"a0bWD0000011UHjYAM","005al00000RVcKvAAL","false","TwoColumnGrid","","Html.Layouts.TwoColumnGrid","","","","42046907235666264"
"a0bWD0000011TZTYA2","005al00000RVcKvAAL","false","a2Cbn000002Vb5s","","Html.Layouts.NoLayout","","","","42046938196022604"
"a0bWD0000011WAhYAM","005al00000RVcKvAAL","false","NoLayout","","Html.Layouts.NoLayout","","","","42047334767454521"
"a0bWD0000011TZUYA2","005al00000RVcKvAAL","false","TwoColumnGrid","","Html.Layouts.TwoColumnGrid","","","","42047779459269072"
"a0bWD0000011WAiYAM","005al00000RVcKvAAL","false","TableLayout","","Html.Layouts.TableLayout","","","","42048123581227783"
"a0bWD0000011TR1YAM","005al00000RVcKvAAL","false","TwoColumnGrid","","Html.Layouts.TwoColumnGrid","","","","42048417105169909"
"a0bWD0000011TZVYA2","005al00000RVcKvAAL","false","TwoColumnGrid","","Html.Layouts.TwoColumnGrid","","","","42048575427176937"
"a0bWD0000011WAjYAM","005al00000RVcKvAAL","false","TwoColumnGrid","","Html.Layouts.TwoColumnGrid","","","","42049216755449726"
"a0bWD0000011WAkYAM","005al00000RVcKvAAL","false","TableLayout","","Html.Layouts.TableLayout","","","","42049294376055584"
"a0bWD0000011UHYYA2","005al00000RVcKvAAL","false","NoLayout","","Html.Layouts.NoLayout","","","","42049491651717116"
"a0bWD0000011TR2YAM","005al00000RVcKvAAL","false","TableLayout","","Html.Layouts.TableLayout","","","","42049767896674081"
"a0bWD0000011TZWYA2","005al00000RVcKvAAL","false","SingleColumnGrid","","Html.Layouts.SingleColumnGrid","","","","42049778531697351"
"a0bWD0000011WAlYAM","005al00000RVcKvAAL","false","TwoColumnGrid","","Html.Layouts.TwoColumnGrid","","","","42050916214039518"
"a0bWD0000011TZXYA2","005al00000RVcKvAAL","false","a2Cbn000002Vb5o","","Html.Layouts.TwoColumnGrid","","","","42050951340529835"
"a0bWD0000011WAmYAM","005al00000RVcKvAAL","false","NoLayout","","Html.Layouts.NoLayout","","","","42051025801311226"
"a0bWD0000011WAnYAM","005al00000RVcKvAAL","false","NoLayout","","Html.Layouts.NoLayout","","","","42051691343855505"
"a0bWD0000011WAoYAM","005al00000RVcKvAAL","false","NoLayout","","Html.Layouts.NoLayout","","","","42052119421151456"
"a0bWD0000011TZYYA2","005al00000RVcKvAAL","false","TwoColumnGrid","","Html.Layouts.TwoColumnGrid","","","","42052261164855850"
"a0bWD0000011WApYAM","005al00000RVcKvAAL","false","NoLayout","","Html.Layouts.NoLayout","","","","42052371290027108"
"a0bWD0000011TZZYA2","005al00000RVcKvAAL","false","TableLayout","","Html.Layouts.TableLayout","","","","42053393478760270"
"a0bWD0000011WAqYAM","005al00000RVcKvAAL","false","TableLayout","","Html.Layouts.TableLayout","","","","42053507686137462"
"a0bWD0000011WArYAM","005al00000RVcKvAAL","false","TableLayout","","Html.Layouts.TableLayout","","","","42053656124777316"
"a0bWD0000011TXHYA2","005al00000RVcKvAAL","false","TwoColumnGrid","","Html.Layouts.TwoColumnGrid","","","","42054587795296474"
"a0bWD0000011WAsYAM","005al00000RVcKvAAL","false","NoLayout","","Html.Layouts.NoLayout","","","","42055374945504461"
"a0bWD0000011WAtYAM","005al00000RVcKvAAL","false","a313g0000008Q0M","","Html.Layouts.TableLayout","","","","42055993315905576"
"a0bWD0000011TZaYAM","005al00000RVcKvAAL","false","NoLayout","","Html.Layouts.NoLayout","","","","42057433763814423"
"a0bWD0000011TR3YAM","005al00000RVcKvAAL","false","TwoColumnGrid","","Html.Layouts.TwoColumnGrid","","","","42057757529707847"
"a0bWD0000011TZbYAM","005al00000RVcKvAAL","false","NoLayout","","Html.Layouts.NoLayout","","","","42059230604861012"
"a0bWD0000011TZcYAM","005al00000RVcKvAAL","false","TableLayout","","Html.Layouts.TableLayout","","","","42059712572281356"
"a0bWD0000011TZdYAM","005al00000RVcKvAAL","false","TableLayout","","Html.Layouts.TableLayout","","","","42059776921394180"
"a0bWD0000011TZeYAM","005al00000RVcKvAAL","false","TableLayout","","Html.Layouts.TableLayout","","","","42059903024659024"
"a0bWD0000011TR4YAM","005al00000RVcKvAAL","false","NoLayout","","Html.Layouts.NoLayout","","","","42059941360243274"
"a0bWD0000011TR5YAM","005al00000RVcKvAAL","false","TableLayout","","Html.Layouts.TableLayout","","","","42060455537090574"
"a0bWD0000011TZfYAM","005al00000RVcKvAAL","false","TwoColumnGrid","","Html.Layouts.TwoColumnGrid","","","","42060616128435887"
"a0bWD0000011TZgYAM","005al00000RVcKvAAL","false","TwoColumnGrid","","Html.Layouts.TwoColumnGrid","","","","42060969159850478"
"a0bWD0000011TZhYAM","005al00000RVcKvAAL","false","a2Cbn000002Vb78","","Html.Layouts.TableLayout","","","","42061078594999220"
"a0bWD0000011YGoYAM","005al00000RVcKvAAL","false","TwoColumnGrid","","Html.Layouts.TwoColumnGrid","","","","42061116654153788"
"a0bWD0000011TZiYAM","005al00000RVcKvAAL","false","TableLayout","","Html.Layouts.TableLayout","","","","42061211936022824"
"a0bWD0000011WAuYAM","005al00000RVcKvAAL","false","NoLayout","","Html.Layouts.NoLayout","","","","42061288952606448"
"a0bWD0000011WAvYAM","005al00000RVcKvAAL","false","TwoColumnGrid","","Html.Layouts.TwoColumnGrid","","","","42061613993959790"
"a0bWD0000011WAwYAM","005al00000RVcKvAAL","false","TwoColumnGrid","","Html.Layouts.TwoColumnGrid","","","","42061688335330686"
"a0bWD0000011TZjYAM","005al00000RVcKvAAL","false","NoLayout","","Html.Layouts.NoLayout","","","","42061752863159106"
"a0bWD0000011TZkYAM","005al00000RVcKvAAL","false","NoLayout","","Html.Layouts.NoLayout","","","","42062134871763141"
"a0bWD0000011TZlYAM","005al00000RVcKvAAL","false","NoLayout","","Html.Layouts.NoLayout","","","","42062322773973607"
"a0bWD0000011TZmYAM","005al00000RVcKvAAL","false","NoLayout","","Html.Layouts.NoLayout","","","","42062698153815779"
"a0bWD0000011WAxYAM","005al00000RVcKvAAL","false","TableLayout","","Html.Layouts.TableLayout","","","","42062924730864876"
"a0bWD0000011TZnYAM","005al00000RVcKvAAL","false","a314T000000Xm5L","","Html.Layouts.NoLayout","","","","42062972841640547"
"a0bWD0000011TZoYAM","005al00000RVcKvAAL","false","TableLayout","","Html.Layouts.TableLayout","","","","42063437116345532"
"a0bWD0000011WAyYAM","005al00000RVcKvAAL","false","a314T000000Xm5S","","Html.Layouts.TwoColumnGrid","","","","42063596338830268"
"a0bWD0000011TR6YAM","005al00000RVcKvAAL","false","TwoColumnGrid","","Html.Layouts.TwoColumnGrid","","","","42063645802753610"
"a0bWD0000011UHkYAM","005al00000RVcKvAAL","false","TableLayout","","Html.Layouts.TableLayout","","","","42063941996007643"
"a0bWD0000011TZpYAM","005al00000RVcKvAAL","false","TableLayout","","Html.Layouts.TableLayout","","","","42064363942920901"
"a0bWD0000011TZqYAM","005al00000RVcKvAAL","false","a2Cbn000002Vb5r","","Html.Layouts.NoLayout","","","","42064534112063604"
"a0bWD0000011TNsYAM","005al00000RVcKvAAL","false","NoLayout","","Html.Layouts.NoLayout","","","","42064818011116889"
"a0bWD0000011WAzYAM","005al00000RVcKvAAL","false","TableLayout","","Html.Layouts.TableLayout","","","","42065579014745126"
"a0bWD0000011TZrYAM","005al00000RVcKvAAL","false","NoLayout","","Html.Layouts.NoLayout","","","","42065648184418591"
"a0bWD0000011TZsYAM","005al00000RVcKvAAL","false","SingleColumnGrid","","Html.Layouts.SingleColumnGrid","","","","42066251956570268"
"a0bWD0000011WB0YAM","005al00000RVcKvAAL","false","TableLayout","","Html.Layouts.TableLayout","","","","42066308855305755"
"a0bWD0000011TZtYAM","005al00000RVcKvAAL","false","NoLayout","","Html.Layouts.NoLayout","","","","42066902489822236"
"a0bWD0000011TNtYAM","005al00000RVcKvAAL","false","NoLayout","","Html.Layouts.NoLayout","","","","42067025052040486"
"a0bWD0000011TZuYAM","005al00000RVcKvAAL","false","TwoColumnGrid","","Html.Layouts.TwoColumnGrid","","","","42067410559411968"
"a0bWD0000011TZvYAM","005al00000RVcKvAAL","false","TwoColumnGrid","","Html.Layouts.TwoColumnGrid","","","","42067791423605440"
"a0bWD0000011WB1YAM","005al00000RVcKvAAL","false","TableLayout","","Html.Layouts.TableLayout","","","","42067844805281466"
"a0bWD0000011UHlYAM","005al00000RVcKvAAL","false","TwoColumnGrid","","Html.Layouts.TwoColumnGrid","","","","42068143843545311"
"a0bWD0000011WB2YAM","005al00000RVcKvAAL","false","TableLayout","","Html.Layouts.TableLayout","","","","42068816990915124"
"a0bWD0000011TZwYAM","005al00000RVcKvAAL","false","a2Cbn000002Vb78","","Html.Layouts.TableLayout","","","","42068958667868881"
"a0bWD0000011TZxYAM","005al00000RVcKvAAL","false","NoLayout","","Html.Layouts.NoLayout","","","","42069195956197537"
"a0bWD0000011TZyYAM","005al00000RVcKvAAL","false","a2Cbn000002Vb5o","","Html.Layouts.TwoColumnGrid","","","","42069344090527076"
"a0bWD0000011WB3YAM","005al00000RVcKvAAL","false","NoLayout","","Html.Layouts.NoLayout","","","","42069473541721949"
"a0bWD0000011WB4YAM","005al00000RVcKvAAL","false","NoLayout","","Html.Layouts.NoLayout","","","","42069598618108231"
"a0bWD0000011TZzYAM","005al00000RVcKvAAL","false","TwoColumnGrid","","Html.Layouts.TwoColumnGrid","","","","42069679453408525"
"a0bWD0000011Ta0YAE","005al00000RVcKvAAL","false","a2Cbn000002Vb5n","","Html.Layouts.NoLayout","","","","42069952865091547"
"a0bWD0000011WB5YAM","005al00000RVcKvAAL","false","NoLayout","","Html.Layouts.NoLayout","","","","42070569669207614"
"a0bWD0000011TR7YAM","005al00000RVcKvAAL","false","TwoColumnGrid","","Html.Layouts.TwoColumnGrid","","","","42070707474426091"
"a0bWD0000011WB6YAM","005al00000RVcKvAAL","false","TableLayout","","Html.Layouts.TableLayout","","","","42070835544491839"
"a0bWD0000011Ta1YAE","005al00000RVcKvAAL","false","SingleRowFluidLayout","","Html.Layouts.SingleRowFluidLayout","","","","42072243560206752"
"a0bWD0000011Ta2YAE","005al00000RVcKvAAL","false","SingleColumnGrid","","Html.Layouts.SingleColumnGrid","","","","42072815845204186"
"a0bWD0000011Ta3YAE","005al00000RVcKvAAL","false","NoLayout","","Html.Layouts.NoLayout","","","","42073830759538014"
"a0bWD0000011Ta4YAE","005al00000RVcKvAAL","false","TwoColumnGrid","","Html.Layouts.TwoColumnGrid","","","","42074114400229242"
"a0bWD0000011Ta5YAE","005al00000RVcKvAAL","false","SingleRowFluidLayout","","Html.Layouts.SingleRowFluidLayout","","","","42074298042747276"
"a0bWD0000011Ta6YAE","005al00000RVcKvAAL","false","TableLayout","","Html.Layouts.TableLayout","","","","42074388686878139"
"a0bWD0000011Ta7YAE","005al00000RVcKvAAL","false","NoLayout","","Html.Layouts.NoLayout","","","","42075069927913118"
"a0bWD0000011UHmYAM","005al00000RVcKvAAL","false","TableLayout","","Html.Layouts.TableLayout","","","","42075625438266015"
"a0bWD0000011Ta8YAE","005al00000RVcKvAAL","false","NoLayout","","Html.Layouts.NoLayout","","","","42075713886494684"
"a0bWD0000011Ta9YAE","005al00000RVcKvAAL","false","NoLayout","","Html.Layouts.NoLayout","","","","42075823513796186"
"a0bWD0000011TaAYAU","005al00000RVcKvAAL","false","TableLayout","","Html.Layouts.TableLayout","","","","42076524131225917"
"a0bWD0000011TXIYA2","005al00000RVcKvAAL","false","NoLayout","","Html.Layouts.NoLayout","","","","42076685555782034"
"a0bWD0000011TMHYA2","005al00000RVcKvAAL","false","TwoColumnGrid","","Html.Layouts.TwoColumnGrid","","","","42077767532154854"
"a0bWD0000011TaBYAU","005al00000RVcKvAAL","false","a2Cbn000002Vb5n","","Html.Layouts.NoLayout","","","","42077990218536748"
"a0bWD0000011TaCYAU","005al00000RVcKvAAL","false","NoLayout","","Html.Layouts.NoLayout","","","","42078466476766816"
"a0bWD0000011TaDYAU","005al00000RVcKvAAL","false","NoLayout","","Html.Layouts.NoLayout","","","","42079135080564872"
"a0bWD0000011WB7YAM","005al00000RVcKvAAL","false","NoLayout","","Html.Layouts.NoLayout","","","","42079178035240144"
"a0bWD0000011YGpYAM","005al00000RVcKvAAL","false","TableLayout","","Html.Layouts.TableLayout","","","","42079413438075920"
"a0bWD0000011WB8YAM","005al00000RVcKvAAL","false","a2Cbn000002VbCn","","Html.Layouts.TableLayout","","","","42079676016170033"
"a0bWD0000011TaEYAU","005al00000RVcKvAAL","false","NoLayout","","Html.Layouts.NoLayout","","","","42081692587235635"
"a0bWD0000011WB9YAM","005al00000RVcKvAAL","false","TableLayout","","Html.Layouts.TableLayout","","","","42082224435400149"
"a0bWD0000011WBAYA2","005al00000RVcKvAAL","false","TableLayout","","Html.Layouts.TableLayout","","","","42082475675615406"
"a0bWD0000011TaFYAU","005al00000RVcKvAAL","false","NoLayout","","Html.Layouts.NoLayout","","","","42083125681653037"
"a0bWD0000011YGqYAM","005al00000RVcKvAAL","false","TableLayout","","Html.Layouts.TableLayout","","","","42083441020651892"
"a0bWD0000011WBBYA2","005al00000RVcKvAAL","false","TableLayout","","Html.Layouts.TableLayout","","","","42085967503397148"
"a0bWD0000011WBCYA2","005al00000RVcKvAAL","false","TableLayout","","Html.Layouts.TableLayout","","","","42086710567758560"
"a0bWD0000011TNuYAM","005al00000RVcKvAAL","false","SingleColumnGrid","","Html.Layouts.SingleColumnGrid","","","","42087129693427465"
"a0bWD0000011TaGYAU","005al00000RVcKvAAL","false","TwoColumnGrid","","Html.Layouts.TwoColumnGrid","","","","42087594197986933"
"a0bWD0000011TNvYAM","005al00000RVcKvAAL","false","TwoColumnGrid","","Html.Layouts.TwoColumnGrid","","","","42088141193512762"
"a0bWD0000011WBDYA2","005al00000RVcKvAAL","false","TwoColumnGrid","","Html.Layouts.TwoColumnGrid","","","","42088544163518778"
"a0bWD0000011TNwYAM","005al00000RVcKvAAL","false","TwoColumnGrid","","Html.Layouts.TwoColumnGrid","","","","42088699964726888"
"a0bWD0000011TaHYAU","005al00000RVcKvAAL","false","TableLayout","","Html.Layouts.TableLayout","","","","42088808965180692"
"a0bWD0000011TMIYA2","005al00000RVcKvAAL","false","SingleColumnGrid","","Html.Layouts.SingleColumnGrid","","","","42089527607520345"
"a0bWD0000011WBEYA2","005al00000RVcKvAAL","false","TableLayout","","Html.Layouts.TableLayout","","","","42089575593351394"
"a0bWD0000011TaIYAU","005al00000RVcKvAAL","false","TwoColumnGrid","","Html.Layouts.TwoColumnGrid","","","","42089604210790328"
"a0bWD0000011TTbYAM","005al00000RVcKvAAL","false","TableLayout","","Html.Layouts.TableLayout","","","","42090202400194308"
"a0bWD0000011TaJYAU","005al00000RVcKvAAL","false","NoLayout","","Html.Layouts.NoLayout","","","","42090307333535633"
"a0bWD0000011WBFYA2","005al00000RVcKvAAL","false","NoLayout","","Html.Layouts.NoLayout","","","","42091497546944672"
"a0bWD0000011WBGYA2","005al00000RVcKvAAL","false","TableLayout","","Html.Layouts.TableLayout","","","","42091820584133030"
"a0bWD0000011TXJYA2","005al00000RVcKvAAL","false","SingleColumnGrid","","Html.Layouts.SingleColumnGrid","","","","42093133147002439"
"a0bWD0000011TaKYAU","005al00000RVcKvAAL","false","TwoColumnGrid","","Html.Layouts.TwoColumnGrid","","","","42093767650394769"
"a0bWD0000011TaLYAU","005al00000RVcKvAAL","false","a2Cbn000002Vb5t","","Html.Layouts.NoLayout","","","","42094252260473668"
"a0bWD0000011TaMYAU","005al00000RVcKvAAL","false","TwoColumnGrid","","Html.Layouts.TwoColumnGrid","","","","42094261224110180"
"a0bWD0000011WBHYA2","005al00000RVcKvAAL","false","TableLayout","","Html.Layouts.TableLayout","","","","42094486659861444"
"a0bWD0000011TaNYAU","005al00000RVcKvAAL","false","TwoColumnGrid","","Html.Layouts.TwoColumnGrid","","","","42094973263340212"
"a0bWD0000011TaOYAU","005al00000RVcKvAAL","false","NoLayout","","Html.Layouts.NoLayout","","","","42095626617599033"
"a0bWD0000011TaPYAU","005al00000RVcKvAAL","false","NoLayout","","Html.Layouts.NoLayout","","","","42096310530872054"
"a0bWD0000011TaQYAU","005al00000RVcKvAAL","false","TableLayout","","Html.Layouts.TableLayout","","","","42096795967798577"
"a0bWD0000011TaRYAU","005al00000RVcKvAAL","false","NoLayout","","Html.Layouts.NoLayout","","","","42097704406595911"
"a0bWD0000011TaSYAU","005al00000RVcKvAAL","false","NoLayout","","Html.Layouts.NoLayout","","","","42098095943303872"
"a0bWD0000011UEaYAM","005al00000RVcKvAAL","false","TwoColumnGrid","","Html.Layouts.TwoColumnGrid","","","","42098463719681932"
"a0bWD0000011TaTYAU","005al00000RVcKvAAL","false","TwoColumnGrid","","Html.Layouts.TwoColumnGrid","","","","42098709909535639"
"a0bWD0000011WBIYA2","005al00000RVcKvAAL","false","a313g0000008Q0N","","Html.Layouts.TwoColumnGrid","","","","42098899513332611"
"a0bWD0000011TR8YAM","005al00000RVcKvAAL","false","TableLayout","","Html.Layouts.TableLayout","","","","42099975775809615"
"a0bWD0000011TaUYAU","005al00000RVcKvAAL","false","TwoColumnGrid","","Html.Layouts.TwoColumnGrid","","","","42101052426071869"
"a0bWD0000011TNxYAM","005al00000RVcKvAAL","false","SingleColumnGrid","","Html.Layouts.SingleColumnGrid","","","","42101170605673483"
"a0bWD0000011TaVYAU","005al00000RVcKvAAL","false","TwoColumnGrid","","Html.Layouts.TwoColumnGrid","","","","42101228158665908"
"a0bWD0000011WBJYA2","005al00000RVcKvAAL","false","TableLayout","","Html.Layouts.TableLayout","","","","42101266568262913"
"a0bWD0000011TaWYAU","005al00000RVcKvAAL","false","NoLayout","","Html.Layouts.NoLayout","","","","42101770704539623"
"a0bWD0000011TaXYAU","005al00000RVcKvAAL","false","NoLayout","","Html.Layouts.NoLayout","","","","42102431607383751"
"a0bWD0000011TaYYAU","005al00000RVcKvAAL","false","NoLayout","","Html.Layouts.NoLayout","","","","42102596669534452"
"a0bWD0000011TR9YAM","005al00000RVcKvAAL","false","NoLayout","","Html.Layouts.NoLayout","","","","42103172372222619"
"a0bWD0000011TaZYAU","005al00000RVcKvAAL","false","NoLayout","","Html.Layouts.NoLayout","","","","42104355050236687"
"a0bWD0000011WBKYA2","005al00000RVcKvAAL","false","a2Cbn000002Vb28","","Html.Layouts.TableLayout","","","","42104364593354831"
"a0bWD0000011WBLYA2","005al00000RVcKvAAL","false","SingleColumnGrid","","Html.Layouts.SingleColumnGrid","","","","42104434004429203"
"a0bWD0000011WBMYA2","005al00000RVcKvAAL","false","TableLayout","","Html.Layouts.TableLayout","","","","42104693735454396"
"a0bWD0000011TaaYAE","005al00000RVcKvAAL","false","TwoColumnGrid","","Html.Layouts.TwoColumnGrid","","","","42104981043043846"
"a0bWD0000011UHnYAM","005al00000RVcKvAAL","false","TableLayout","","Html.Layouts.TableLayout","","","","42105134890155912"
"a0bWD0000011TabYAE","005al00000RVcKvAAL","false","NoLayout","","Html.Layouts.NoLayout","","","","42105213481575381"
"a0bWD0000011WBNYA2","005al00000RVcKvAAL","false","TableLayout","","Html.Layouts.TableLayout","","","","42105909082667232"
"a0bWD0000011TacYAE","005al00000RVcKvAAL","false","TwoColumnGrid","","Html.Layouts.TwoColumnGrid","","","","42106385730342935"
"a0bWD0000011TadYAE","005al00000RVcKvAAL","false","TwoColumnGrid","","Html.Layouts.TwoColumnGrid","","","","42106650168938228"
"a0bWD0000011TXKYA2","005al00000RVcKvAAL","false","SingleColumnGrid","","Html.Layouts.SingleColumnGrid","","","","42106709609879502"
"a0bWD0000011TaeYAE","005al00000RVcKvAAL","false","a313g0000008Q0F","","Html.Layouts.NoLayout","","","","42107251168728482"
"a0bWD0000011TafYAE","005al00000RVcKvAAL","false","NoLayout","","Html.Layouts.NoLayout","","","","42107879850087953"
"a0bWD0000011WBOYA2","005al00000RVcKvAAL","false","TableLayout","","Html.Layouts.TableLayout","","","","42107909219633857"
"a0bWD0000011TagYAE","005al00000RVcKvAAL","false","TableLayout","","Html.Layouts.TableLayout","","","","42108854549099994"
"a0bWD0000011TRAYA2","005al00000RVcKvAAL","false","TwoColumnGrid","","Html.Layouts.TwoColumnGrid","","","","42109196376537054"
"a0bWD0000011TXLYA2","005al00000RVcKvAAL","false","SingleColumnGrid","","Html.Layouts.SingleColumnGrid","","","","42109206235263396"
"a0bWD0000011TahYAE","005al00000RVcKvAAL","false","TwoColumnGrid","","Html.Layouts.TwoColumnGrid","","","","42110814763125468"
"a0bWD0000011TTcYAM","005al00000RVcKvAAL","false","TwoColumnGrid","","Html.Layouts.TwoColumnGrid","","","","42111047600717407"
"a0bWD0000011WBPYA2","005al00000RVcKvAAL","false","TableLayout","","Html.Layouts.TableLayout","","","","42111200272615970"
"a0bWD0000011TaiYAE","005al00000RVcKvAAL","false","TableLayout","","Html.Layouts.TableLayout","","","","42111248306435157"
"a0bWD0000011TRBYA2","005al00000RVcKvAAL","false","NoLayout","","Html.Layouts.NoLayout","","","","42111390958226604"
"a0bWD0000011WBQYA2","005al00000RVcKvAAL","false","TableLayout","","Html.Layouts.TableLayout","","","","42111736084579659"
"a0bWD0000011WBRYA2","005al00000RVcKvAAL","false","TableLayout","","Html.Layouts.TableLayout","","","","42111807794945495"
"a0bWD0000011TNyYAM","005al00000RVcKvAAL","false","TableLayout","","Html.Layouts.TableLayout","","","","42112484053977030"
"a0bWD0000011WBSYA2","005al00000RVcKvAAL","false","TableLayout","","Html.Layouts.TableLayout","","","","42112737757914821"
"a0bWD0000011TajYAE","005al00000RVcKvAAL","false","a2Cbn000002Vb2Q","","Html.Layouts.NoLayout","","","","42112793844239085"
"a0bWD0000011TakYAE","005al00000RVcKvAAL","false","TableLayout","","Html.Layouts.TableLayout","","","","42114705065584459"
"a0bWD0000011WBTYA2","005al00000RVcKvAAL","false","SingleColumnGrid","","Html.Layouts.SingleColumnGrid","","","","42114934537765076"
"a0bWD0000011TalYAE","005al00000RVcKvAAL","false","TwoColumnGrid","","Html.Layouts.TwoColumnGrid","","","","42116464178083088"
"a0bWD0000011TRCYA2","005al00000RVcKvAAL","false","TwoColumnGrid","","Html.Layouts.TwoColumnGrid","","","","42117080031067809"
"a0bWD0000011TamYAE","005al00000RVcKvAAL","false","NoLayout","","Html.Layouts.NoLayout","","","","42117200620076002"
"a0bWD0000011WBUYA2","005al00000RVcKvAAL","false","TwoColumnGrid","","Html.Layouts.TwoColumnGrid","","","","42117897071716338"
"a0bWD0000011TMJYA2","005al00000RVcKvAAL","false","TwoColumnGrid","","Html.Layouts.TwoColumnGrid","","","","42118124343906435"
"a0bWD0000011WBVYA2","005al00000RVcKvAAL","false","TableLayout","","Html.Layouts.TableLayout","","","","42118223821834365"
"a0bWD0000011TanYAE","005al00000RVcKvAAL","false","NoLayout","","Html.Layouts.NoLayout","","","","42118739084003036"
"a0bWD0000011TaoYAE","005al00000RVcKvAAL","false","NoLayout","","Html.Layouts.NoLayout","","","","42118913078927911"
"a0bWD0000011TRDYA2","005al00000RVcKvAAL","false","TableLayout","","Html.Layouts.TableLayout","","","","42120067522350182"
"a0bWD0000011TapYAE","005al00000RVcKvAAL","false","a2Cbn000002Vb6h","","Html.Layouts.NoLayout","","","","42120116585019477"
"a0bWD0000011WBWYA2","005al00000RVcKvAAL","false","TableLayout","","Html.Layouts.TableLayout","","","","42121038868915629"
"a0bWD0000011TaqYAE","005al00000RVcKvAAL","false","TwoColumnGrid","","Html.Layouts.TwoColumnGrid","","","","42121071968398104"
"a0bWD0000011TNzYAM","005al00000RVcKvAAL","false","NoLayout","","Html.Layouts.NoLayout","","","","42121105274579744"
"a0bWD0000011TarYAE","005al00000RVcKvAAL","false","a2Cbn000002Vb6g","","Html.Layouts.NoLayout","","","","42121398336270499"
"a0bWD0000011TasYAE","005al00000RVcKvAAL","false","NoLayout","","Html.Layouts.NoLayout","","","","42121925552001321"
"a0bWD0000011TXMYA2","005al00000RVcKvAAL","false","SingleColumnGrid","","Html.Layouts.SingleColumnGrid","","","","42122560656650954"
"a0bWD0000011TO0YAM","005al00000RVcKvAAL","false","TwoColumnGrid","","Html.Layouts.TwoColumnGrid","","","","42122825360503074"
"a0bWD0000011TatYAE","005al00000RVcKvAAL","false","NoLayout","","Html.Layouts.NoLayout","","","","42123647599730661"
"a0bWD0000011TO1YAM","005al00000RVcKvAAL","false","TwoColumnGrid","","Html.Layouts.TwoColumnGrid","","","","42124524973539957"
"a0bWD0000011TauYAE","005al00000RVcKvAAL","false","a2Cbn000002Vb78","","Html.Layouts.TableLayout","","","","42125069993049005"
"a0bWD0000011TXNYA2","005al00000RVcKvAAL","false","TwoColumnGrid","","Html.Layouts.TwoColumnGrid","","","","42125698831249621"
"a0bWD0000011TavYAE","005al00000RVcKvAAL","false","SingleColumnGrid","","Html.Layouts.SingleColumnGrid","","","","42126403563973052"
"a0bWD0000011WBXYA2","005al00000RVcKvAAL","false","TableLayout","","Html.Layouts.TableLayout","","","","42126785828764806"
"a0bWD0000011WBYYA2","005al00000RVcKvAAL","false","NoLayout","","Html.Layouts.NoLayout","","","","42126845955219114"
"a0bWD0000011TXOYA2","005al00000RVcKvAAL","false","SingleColumnGrid","","Html.Layouts.SingleColumnGrid","","","","42127132121792669"
"a0bWD0000011TawYAE","005al00000RVcKvAAL","false","TableLayout","","Html.Layouts.TableLayout","","","","42127908479845589"
"a0bWD0000011TaxYAE","005al00000RVcKvAAL","false","TwoColumnGrid","","Html.Layouts.TwoColumnGrid","","","","42127977264018954"
"a0bWD0000011TMKYA2","005al00000RVcKvAAL","false","NoLayout","","Html.Layouts.NoLayout","","","","42128384429632577"
"a0bWD0000011WBZYA2","005al00000RVcKvAAL","false","NoLayout","","Html.Layouts.NoLayout","","","","42128503037912226"
"a0bWD0000011TayYAE","005al00000RVcKvAAL","false","TableLayout","","Html.Layouts.TableLayout","","","","42128780304056361"
"a0bWD0000011TazYAE","005al00000RVcKvAAL","false","TwoColumnGrid","","Html.Layouts.TwoColumnGrid","","","","42129234400875119"
"a0bWD0000011Tb0YAE","005al00000RVcKvAAL","false","TwoColumnGrid","","Html.Layouts.TwoColumnGrid","","","","42129411687004277"
"a0bWD0000011TO2YAM","005al00000RVcKvAAL","false","TwoColumnGrid","","Html.Layouts.TwoColumnGrid","","","","42129491342124009"
"a0bWD0000011Tb1YAE","005al00000RVcKvAAL","false","TwoColumnGrid","","Html.Layouts.TwoColumnGrid","","","","42130238095655010"
"a0bWD0000011Tb2YAE","005al00000RVcKvAAL","false","TwoColumnGrid","","Html.Layouts.TwoColumnGrid","","","","42130305901449370"
"a0bWD0000011Tb3YAE","005al00000RVcKvAAL","false","NoLayout","","Html.Layouts.NoLayout","","","","42131049182378032"
"a0bWD0000011Tb4YAE","005al00000RVcKvAAL","false","NoLayout","","Html.Layouts.NoLayout","","","","42131097033306349"
"a0bWD0000011TO3YAM","005al00000RVcKvAAL","false","TwoColumnGrid","","Html.Layouts.TwoColumnGrid","","","","42131145283009977"
"a0bWD0000011WBaYAM","005al00000RVcKvAAL","false","TableLayout","","Html.Layouts.TableLayout","","","","42131845611324980"
"a0bWD0000011WBbYAM","005al00000RVcKvAAL","false","NoLayout","","Html.Layouts.NoLayout","","","","42132069287442306"
"a0bWD0000011Tb5YAE","005al00000RVcKvAAL","false","a2Cbn000002Vb26","","Html.Layouts.NoLayout","","","","42132174553340437"
"a0bWD0000011TMLYA2","005al00000RVcKvAAL","false","TwoColumnGrid","","Html.Layouts.TwoColumnGrid","","","","42132740410528679"
"a0bWD0000011Tb6YAE","005al00000RVcKvAAL","false","TableLayout","","Html.Layouts.TableLayout","","","","42132993776294466"
"a0bWD0000011WBcYAM","005al00000RVcKvAAL","false","TableLayout","","Html.Layouts.TableLayout","","","","42133114110490053"
"a0bWD0000011WBdYAM","005al00000RVcKvAAL","false","TableLayout","","Html.Layouts.TableLayout","","","","42134582482514737"
"a0bWD0000011Tb7YAE","005al00000RVcKvAAL","false","TableLayout","","Html.Layouts.TableLayout","","","","42134903331001735"
"a0bWD0000011Tb8YAE","005al00000RVcKvAAL","false","NoLayout","","Html.Layouts.NoLayout","","","","42135143559286038"
"a0bWD0000011Tb9YAE","005al00000RVcKvAAL","false","TwoColumnGrid","","Html.Layouts.TwoColumnGrid","","","","42135245187268314"
"a0bWD0000011TbAYAU","005al00000RVcKvAAL","false","SingleColumnGrid","","Html.Layouts.SingleColumnGrid","","","","42135300237977675"
"a0bWD0000011UHZYA2","005al00000RVcKvAAL","false","TwoColumnGrid","","Html.Layouts.TwoColumnGrid","","","","42135548915235958"
"a0bWD0000011TbBYAU","005al00000RVcKvAAL","false","NoLayout","","Html.Layouts.NoLayout","","","","42136214465337968"
"a0bWD0000011TXPYA2","005al00000RVcKvAAL","false","TwoColumnGrid","","Html.Layouts.TwoColumnGrid","","","","42137378672282793"
"a0bWD0000011TbCYAU","005al00000RVcKvAAL","false","TableLayout","","Html.Layouts.TableLayout","","","","42137864204479454"
"a0bWD0000011TbDYAU","005al00000RVcKvAAL","false","a313g0000008Q0I","","Html.Layouts.TableLayout","","","","42138090789878735"
"a0bWD0000011TbEYAU","005al00000RVcKvAAL","false","TwoColumnGrid","","Html.Layouts.TwoColumnGrid","","","","42138199587346543"
"a0bWD0000011TO4YAM","005al00000RVcKvAAL","false","TwoColumnGrid","","Html.Layouts.TwoColumnGrid","","","","42138412556312636"
"a0bWD0000011TREYA2","005al00000RVcKvAAL","false","TwoColumnGrid","","Html.Layouts.TwoColumnGrid","","","","42138649224046483"
"a0bWD0000011TbFYAU","005al00000RVcKvAAL","false","NoLayout","","Html.Layouts.NoLayout","","","","42139410236220563"
"a0bWD0000011WBeYAM","005al00000RVcKvAAL","false","TwoColumnGrid","","Html.Layouts.TwoColumnGrid","","","","42140275935764895"
"a0bWD0000011TbGYAU","005al00000RVcKvAAL","false","NoLayout","","Html.Layouts.NoLayout","","","","42140903143387405"
"a0bWD0000011TbHYAU","005al00000RVcKvAAL","false","TwoColumnGrid","","Html.Layouts.TwoColumnGrid","","","","42141756939308273"
"a0bWD0000011TbIYAU","005al00000RVcKvAAL","false","NoLayout","","Html.Layouts.NoLayout","","","","42141893099948561"
"a0bWD0000011TO5YAM","005al00000RVcKvAAL","false","TwoColumnGrid","","Html.Layouts.TwoColumnGrid","","","","42142205537946280"
"a0bWD0000011TbJYAU","005al00000RVcKvAAL","false","TableLayout","","Html.Layouts.TableLayout","","","","42142607740866908"
"a0bWD0000011TbKYAU","005al00000RVcKvAAL","false","NoLayout","","Html.Layouts.NoLayout","","","","42142902591249498"
"a0bWD0000011TbLYAU","005al00000RVcKvAAL","false","a2Cbn000002Vb78","","Html.Layouts.TableLayout","","","","42142906278495014"
"a0bWD0000011TbMYAU","005al00000RVcKvAAL","false","TwoColumnGrid","","Html.Layouts.TwoColumnGrid","","","","42143733031197938"
"a0bWD0000011TbNYAU","005al00000RVcKvAAL","false","a2Cbn000002Vb77","","Html.Layouts.TableLayout","","","","42143848440807859"
"a0bWD0000011TbOYAU","005al00000RVcKvAAL","false","NoLayout","","Html.Layouts.NoLayout","","","","42143986931778084"
"a0bWD0000011TbPYAU","005al00000RVcKvAAL","false","TwoColumnGrid","","Html.Layouts.TwoColumnGrid","","","","42144203431006352"
"a0bWD0000011TbQYAU","005al00000RVcKvAAL","false","a2Cbn000002Vb5u","","Html.Layouts.NoLayout","","","","42144749106155151"
"a0bWD0000011TbRYAU","005al00000RVcKvAAL","false","NoLayout","","Html.Layouts.NoLayout","","","","42145149015518107"
"a0bWD0000011TbSYAU","005al00000RVcKvAAL","false","a2Cbn000002Vb78","","Html.Layouts.TableLayout","","","","42145221923760478"
"a0bWD0000011WBfYAM","005al00000RVcKvAAL","false","TwoColumnGrid","","Html.Layouts.TwoColumnGrid","","","","42145399910126239"
"a0bWD0000011WBgYAM","005al00000RVcKvAAL","false","TwoColumnGrid","","Html.Layouts.TwoColumnGrid","","","","42146023226960468"
"a0bWD0000011WBhYAM","005al00000RVcKvAAL","false","TwoColumnGrid","","Html.Layouts.TwoColumnGrid","","","","42146104210230306"
"a0bWD0000011TTdYAM","005al00000RVcKvAAL","false","TwoColumnGrid","","Html.Layouts.TwoColumnGrid","","","","42146492712301673"
"a0bWD0000011WBiYAM","005al00000RVcKvAAL","false","TableLayout","","Html.Layouts.TableLayout","","","","42146533463754744"
"a0bWD0000011TbTYAU","005al00000RVcKvAAL","false","TableLayout","","Html.Layouts.TableLayout","","","","42147439252513087"
"a0bWD0000011TbUYAU","005al00000RVcKvAAL","false","TwoColumnGrid","","Html.Layouts.TwoColumnGrid","","","","42148428333210868"
"a0bWD0000011TbVYAU","005al00000RVcKvAAL","false","NoLayout","","Html.Layouts.NoLayout","","","","42150040502655419"
"a0bWD0000011TMMYA2","005al00000RVcKvAAL","false","TwoColumnGrid","","Html.Layouts.TwoColumnGrid","","","","42150357626800173"
"a0bWD0000011TbWYAU","005al00000RVcKvAAL","false","NoLayout","","Html.Layouts.NoLayout","","","","42150545387299834"
"a0bWD0000011TbXYAU","005al00000RVcKvAAL","false","TwoColumnGrid","","Html.Layouts.TwoColumnGrid","","","","42151062198380985"
"a0bWD0000011TbYYAU","005al00000RVcKvAAL","false","a2Cbn000002Vb6g","","Html.Layouts.NoLayout","","","","42151147502838852"
"a0bWD0000011TRFYA2","005al00000RVcKvAAL","false","TwoColumnGrid","","Html.Layouts.TwoColumnGrid","","","","42151250617681525"
"a0bWD0000011TbZYAU","005al00000RVcKvAAL","false","TableLayout","","Html.Layouts.TableLayout","","","","42151371366103877"
"a0bWD0000011TbaYAE","005al00000RVcKvAAL","false","a313g0000008Q0L","","Html.Layouts.NoLayout","","","","42151758987190367"
"a0bWD0000011WBjYAM","005al00000RVcKvAAL","false","TableLayout","","Html.Layouts.TableLayout","","","","42152003678333165"
"a0bWD0000011WBkYAM","005al00000RVcKvAAL","false","NoLayout","","Html.Layouts.NoLayout","","","","42152076615172737"
"a0bWD0000011TMNYA2","005al00000RVcKvAAL","false","SingleColumnGrid","","Html.Layouts.SingleColumnGrid","","","","42152098944337295"
"a0bWD0000011TbbYAE","005al00000RVcKvAAL","false","TableLayout","","Html.Layouts.TableLayout","","","","42152892551286768"
"a0bWD0000011WBlYAM","005al00000RVcKvAAL","false","TwoColumnGrid","","Html.Layouts.TwoColumnGrid","","","","42153526174013580"
"a0bWD0000011TbcYAE","005al00000RVcKvAAL","false","a2Cbn000002Vb76","","Html.Layouts.NoLayout","","","","42153743164981905"
"a0bWD0000011UEbYAM","005al00000RVcKvAAL","false","TwoColumnGrid","","Html.Layouts.TwoColumnGrid","","","","42154915137542190"
"a0bWD0000011TO6YAM","005al00000RVcKvAAL","false","SingleColumnGrid","","Html.Layouts.SingleColumnGrid","","","","42155287884782119"
"a0bWD0000011TbdYAE","005al00000RVcKvAAL","false","NoLayout","","Html.Layouts.NoLayout","","","","42156126140385191"
"a0bWD0000011WBmYAM","005al00000RVcKvAAL","false","a2Cbn000002Vb7g","","Html.Layouts.TableLayout","","","","42156339487010658"
"a0bWD0000011TbeYAE","005al00000RVcKvAAL","false","a2Cbn000002Vb27","","Html.Layouts.TwoColumnGrid","","","","42156462387973662"
"a0bWD0000011TbfYAE","005al00000RVcKvAAL","false","TableLayout","","Html.Layouts.TableLayout","","","","42156601404228693"
"a0bWD0000011TbgYAE","005al00000RVcKvAAL","false","NoLayout","","Html.Layouts.NoLayout","","","","42156622707591986"
"a0bWD0000011TbhYAE","005al00000RVcKvAAL","false","a313g0000008Q0F","","Html.Layouts.NoLayout","","","","42156690972037230"
"a0bWD0000011TbiYAE","005al00000RVcKvAAL","false","NoLayout","","Html.Layouts.NoLayout","","","","42157451282232765"
"a0bWD0000011WBnYAM","005al00000RVcKvAAL","false","TableLayout","","Html.Layouts.TableLayout","","","","42157891603512384"
"a0bWD0000011WBoYAM","005al00000RVcKvAAL","false","TableLayout","","Html.Layouts.TableLayout","","","","42158643037970221"
"a0bWD0000011TTeYAM","005al00000RVcKvAAL","false","NoLayout","","Html.Layouts.NoLayout","","","","42158968815928796"
"a0bWD0000011TXQYA2","005al00000RVcKvAAL","false","SingleColumnGrid","","Html.Layouts.SingleColumnGrid","","","","42159067205990901"
"a0bWD0000011TXRYA2","005al00000RVcKvAAL","false","TwoColumnGrid","","Html.Layouts.TwoColumnGrid","","","","42159576052989714"
"a0bWD0000011WBpYAM","005al00000RVcKvAAL","false","TableLayout","","Html.Layouts.TableLayout","","","","42159947890900545"
"a0bWD0000011WBqYAM","005al00000RVcKvAAL","false","a314T000000Xm5R","","Html.Layouts.TableLayout","","","","42160429060310944"
"a0bWD0000011TRGYA2","005al00000RVcKvAAL","false","NoLayout","","Html.Layouts.NoLayout","","","","42160554639339536"
"a0bWD0000011WBrYAM","005al00000RVcKvAAL","false","TableLayout","","Html.Layouts.TableLayout","","","","42161385480140281"
"a0bWD0000011TbjYAE","005al00000RVcKvAAL","false","a314T000000Xm6H","","Html.Layouts.TwoColumnGrid","","","","42161842508224832"
"a0bWD0000011WBsYAM","005al00000RVcKvAAL","false","TableLayout","","Html.Layouts.TableLayout","","","","42162025926948706"
"a0bWD0000011TXSYA2","005al00000RVcKvAAL","false","TwoColumnGrid","","Html.Layouts.TwoColumnGrid","","","","42162499232185589"
"a0bWD0000011WBtYAM","005al00000RVcKvAAL","false","NoLayout","","Html.Layouts.NoLayout","","","","42162646281639547"
"a0bWD0000011YGrYAM","005al00000RVcKvAAL","false","TableLayout","","Html.Layouts.TableLayout","","","","42162713906086861"
"a0bWD0000011TbkYAE","005al00000RVcKvAAL","false","NoLayout","","Html.Layouts.NoLayout","","","","42162946379572798"
"a0bWD0000011TblYAE","005al00000RVcKvAAL","false","a2Cbn000002Vb5q","","Html.Layouts.NoLayout","","","","42163108594050273"
"a0bWD0000011TbmYAE","005al00000RVcKvAAL","false","NoLayout","","Html.Layouts.NoLayout","","","","42163853824819640"
"a0bWD0000011TbnYAE","005al00000RVcKvAAL","false","TwoColumnGrid","","Html.Layouts.TwoColumnGrid","","","","42163949172587785"
"a0bWD0000011WBuYAM","005al00000RVcKvAAL","false","TableLayout","","Html.Layouts.TableLayout","","","","42165402745766615"
"a0bWD0000011TXTYA2","005al00000RVcKvAAL","false","TwoColumnGrid","","Html.Layouts.TwoColumnGrid","","","","42165420710142403"
"a0bWD0000011WBvYAM","005al00000RVcKvAAL","false","a2Cbn000002Vb7g","","Html.Layouts.TableLayout","","","","42165425717053979"
"a0bWD0000011TboYAE","005al00000RVcKvAAL","false","TableLayout","","Html.Layouts.TableLayout","","","","42166041968372545"
"a0bWD0000011TbpYAE","005al00000RVcKvAAL","false","NoLayout","","Html.Layouts.NoLayout","","","","42166612154883022"
"a0bWD0000011TRHYA2","005al00000RVcKvAAL","false","TableLayout","","Html.Layouts.TableLayout","","","","42166844665494649"
"a0bWD0000011UEcYAM","005al00000RVcKvAAL","false","TwoColumnGrid","","Html.Layouts.TwoColumnGrid","","","","42166877670067995"
"a0bWD0000011TO7YAM","005al00000RVcKvAAL","false","TwoColumnGrid","","Html.Layouts.TwoColumnGrid","","","","42167249082583722"
"a0bWD0000011TbqYAE","005al00000RVcKvAAL","false","SingleColumnGrid","","Html.Layouts.SingleColumnGrid","","","","42167734081199139"
"a0bWD0000011WBwYAM","005al00000RVcKvAAL","false","NoLayout","","Html.Layouts.NoLayout","","","","42167846523156423"
"a0bWD0000011TbrYAE","005al00000RVcKvAAL","false","TwoColumnGrid","","Html.Layouts.TwoColumnGrid","","","","42167875782844255"
"a0bWD0000011WBxYAM","005al00000RVcKvAAL","false","TableLayout","","Html.Layouts.TableLayout","","","","42168359580426877"
"a0bWD0000011TbsYAE","005al00000RVcKvAAL","false","TableLayout","","Html.Layouts.TableLayout","","","","42168377783149185"
"a0bWD0000011UHoYAM","005al00000RVcKvAAL","false","TwoColumnGrid","","Html.Layouts.TwoColumnGrid","","","","42168663986795115"
"a0bWD0000011TO8YAM","005al00000RVcKvAAL","false","NoLayout","","Html.Layouts.NoLayout","","","","42168853197797769"
"a0bWD0000011UEdYAM","005al00000RVcKvAAL","false","TwoColumnGrid","","Html.Layouts.TwoColumnGrid","","","","42168947653106517"
"a0bWD0000011WByYAM","005al00000RVcKvAAL","false","TableLayout","","Html.Layouts.TableLayout","","","","42169171521015710"
"a0bWD0000011WBzYAM","005al00000RVcKvAAL","false","NoLayout","","Html.Layouts.NoLayout","","","","42169194723741251"
"a0bWD0000011TbtYAE","005al00000RVcKvAAL","false","TwoColumnGrid","","Html.Layouts.TwoColumnGrid","","","","42169285180118760"
"a0bWD0000011TTfYAM","005al00000RVcKvAAL","false","NoLayout","","Html.Layouts.NoLayout","","","","42169342725117281"
"a0bWD0000011UEeYAM","005al00000RVcKvAAL","false","TwoColumnGrid","","Html.Layouts.TwoColumnGrid","","","","42169949496270143"
"a0bWD0000011WC0YAM","005al00000RVcKvAAL","false","TableLayout","","Html.Layouts.TableLayout","","","","42170002045633969"
"a0bWD0000011TbuYAE","005al00000RVcKvAAL","false","TableLayout","","Html.Layouts.TableLayout","","","","42170171074930283"
"a0bWD0000011WC1YAM","005al00000RVcKvAAL","false","TableLayout","","Html.Layouts.TableLayout","","","","42170640031985118"
"a0bWD0000011WC2YAM","005al00000RVcKvAAL","false","NoLayout","","Html.Layouts.NoLayout","","","","42170807467727324"
"a0bWD0000011TbvYAE","005al00000RVcKvAAL","false","TwoColumnGrid","","Html.Layouts.TwoColumnGrid","","","","42171271425886359"
"a0bWD0000011TRIYA2","005al00000RVcKvAAL","false","TwoColumnGrid","","Html.Layouts.TwoColumnGrid","","","","42172365517273222"
"a0bWD0000011TO9YAM","005al00000RVcKvAAL","false","NoLayout","","Html.Layouts.NoLayout","","","","42173866006334408"
"a0bWD0000011TbwYAE","005al00000RVcKvAAL","false","TwoColumnGrid","","Html.Layouts.TwoColumnGrid","","","","42174283101249451"
"a0bWD0000011TbxYAE","005al00000RVcKvAAL","false","NoLayout","","Html.Layouts.NoLayout","","","","42174524517473509"
"a0bWD0000011TMOYA2","005al00000RVcKvAAL","false","TwoColumnGrid","","Html.Layouts.TwoColumnGrid","","","","42174743711790818"
"a0bWD0000011WC3YAM","005al00000RVcKvAAL","false","TableLayout","","Html.Layouts.TableLayout","","","","42174789228072740"
"a0bWD0000011TbyYAE","005al00000RVcKvAAL","false","a313g0000008Q0I","","Html.Layouts.TableLayout","","","","42175302673725135"
"a0bWD0000011TbzYAE","005al00000RVcKvAAL","false","TwoColumnGrid","","Html.Layouts.TwoColumnGrid","","","","42175445693227172"
"a0bWD0000011Tc0YAE","005al00000RVcKvAAL","false","TableLayout","","Html.Layouts.TableLayout","","","","42175657729013181"
"a0bWD0000011UHpYAM","005al00000RVcKvAAL","false","TwoColumnGrid","","Html.Layouts.TwoColumnGrid","","","","42175905312711229"
"a0bWD0000011Tc1YAE","005al00000RVcKvAAL","false","TwoColumnGrid","","Html.Layouts.TwoColumnGrid","","","","42177319128423939"
"a0bWD0000011WC4YAM","005al00000RVcKvAAL","false","TwoColumnGrid","","Html.Layouts.TwoColumnGrid","","","","42177729933161672"
"a0bWD0000011WC5YAM","005al00000RVcKvAAL","false","TableLayout","","Html.Layouts.TableLayout","","","","42177804609696711"
"a0bWD0000011TRJYA2","005al00000RVcKvAAL","false","TwoColumnGrid","","Html.Layouts.TwoColumnGrid","","","","42178164868415434"
"a0bWD0000011Tc2YAE","005al00000RVcKvAAL","false","NoLayout","","Html.Layouts.NoLayout","","","","42178620194944834"
"a0bWD0000011Tc3YAE","005al00000RVcKvAAL","false","NoLayout","","Html.Layouts.NoLayout","","","","42178752555764706"
"a0bWD0000011Tc4YAE","005al00000RVcKvAAL","false","TwoColumnGrid","","Html.Layouts.TwoColumnGrid","","","","42179193443196327"
"a0bWD0000011Tc5YAE","005al00000RVcKvAAL","false","TableLayout","","Html.Layouts.TableLayout","","","","42179879831061013"
"a0bWD0000011YGsYAM","005al00000RVcKvAAL","false","TwoColumnGrid","","Html.Layouts.TwoColumnGrid","","","","42181372720019188"
"a0bWD0000011Tc6YAE","005al00000RVcKvAAL","false","TableLayout","","Html.Layouts.TableLayout","","","","42181492733725015"
"a0bWD0000011Tc7YAE","005al00000RVcKvAAL","false","a2Cbn000002Vb74","","Html.Layouts.TableLayout","","","","42181681789607035"
"a0bWD0000011Tc8YAE","005al00000RVcKvAAL","false","a2Cbn000002Vb25","","Html.Layouts.TwoColumnGrid","","","","42181740492912154"
"a0bWD0000011WC6YAM","005al00000RVcKvAAL","false","a2Cbn000002Vb7Q","","Html.Layouts.NoLayout","","","","42182891064499775"
"a0bWD0000011Tc9YAE","005al00000RVcKvAAL","false","TwoColumnGrid","","Html.Layouts.TwoColumnGrid","","","","42182947050511583"
"a0bWD0000011TOAYA2","005al00000RVcKvAAL","false","TwoColumnGrid","","Html.Layouts.TwoColumnGrid","","","","42183208875171865"
"a0bWD0000011TcAYAU","005al00000RVcKvAAL","false","TableLayout","","Html.Layouts.TableLayout","","","","42183602730144173"
"a0bWD0000011WC7YAM","005al00000RVcKvAAL","false","NoLayout","","Html.Layouts.NoLayout","","","","42183792682930245"
"a0bWD0000011TcBYAU","005al00000RVcKvAAL","false","NoLayout","","Html.Layouts.NoLayout","","","","42183826559083941"
"a0bWD0000011TcCYAU","005al00000RVcKvAAL","false","SingleColumnGrid","","Html.Layouts.SingleColumnGrid","","","","42184148634192645"
"a0bWD0000011TcDYAU","005al00000RVcKvAAL","false","TwoColumnGrid","","Html.Layouts.TwoColumnGrid","","","","42184189139894333"
"a0bWD0000011WC8YAM","005al00000RVcKvAAL","false","TableLayout","","Html.Layouts.TableLayout","","","","42184312351786140"
"a0bWD0000011WC9YAM","005al00000RVcKvAAL","false","NoLayout","","Html.Layouts.NoLayout","","","","42184380452342760"
"a0bWD0000011TcEYAU","005al00000RVcKvAAL","false","NoLayout","","Html.Layouts.NoLayout","","","","42184514097394288"
"a0bWD0000011WCAYA2","005al00000RVcKvAAL","false","a2Cbn000002VbCl","","Html.Layouts.NoLayout","","","","42184977409227958"
"a0bWD0000011TcFYAU","005al00000RVcKvAAL","false","TwoColumnGrid","","Html.Layouts.TwoColumnGrid","","","","42186122230608215"
"a0bWD0000011TOBYA2","005al00000RVcKvAAL","false","TwoColumnGrid","","Html.Layouts.TwoColumnGrid","","","","42186318050392782"
"a0bWD0000011TcGYAU","005al00000RVcKvAAL","false","TwoColumnGrid","","Html.Layouts.TwoColumnGrid","","","","42187061461491825"
"a0bWD0000011TcHYAU","005al00000RVcKvAAL","false","a313g0000008Q0F","","Html.Layouts.NoLayout","","","","42187066487748853"
"a0bWD0000011TcIYAU","005al00000RVcKvAAL","false","TwoColumnGrid","","Html.Layouts.TwoColumnGrid","","","","42187572563637373"
"a0bWD0000011TcJYAU","005al00000RVcKvAAL","false","a2Cbn000002VbCo","","Html.Layouts.NoLayout","","","","42187834167108182"
"a0bWD0000011WCBYA2","005al00000RVcKvAAL","false","NoLayout","","Html.Layouts.NoLayout","","","","42188092191782468"
"a0bWD0000011TcKYAU","005al00000RVcKvAAL","false","a2Cbn000002Vb5q","","Html.Layouts.NoLayout","","","","42188300241815411"
"a0bWD0000011TcLYAU","005al00000RVcKvAAL","false","NoLayout","","Html.Layouts.NoLayout","","","","42188351984693131"
"a0bWD0000011TcMYAU","005al00000RVcKvAAL","false","TableLayout","","Html.Layouts.TableLayout","","","","42189912289925378"
"a0bWD0000011TcNYAU","005al00000RVcKvAAL","false","a2Cbn000002Vb79","","Html.Layouts.TableLayout","","","","42190925864708586"
"a0bWD0000011TcOYAU","005al00000RVcKvAAL","false","TwoColumnGrid","","Html.Layouts.TwoColumnGrid","","","","42191600523877756"
"a0bWD0000011TcPYAU","005al00000RVcKvAAL","false","NoLayout","","Html.Layouts.NoLayout","","","","42192123998287383"
"a0bWD0000011TcQYAU","005al00000RVcKvAAL","false","TwoColumnGrid","","Html.Layouts.TwoColumnGrid","","","","42192174476649650"
"a0bWD0000011TcRYAU","005al00000RVcKvAAL","false","TwoColumnGrid","","Html.Layouts.TwoColumnGrid","","","","42193102167075740"
"a0bWD0000011WCCYA2","005al00000RVcKvAAL","false","NoLayout","","Html.Layouts.NoLayout","","","","42193430077909443"
"a0bWD0000011WCDYA2","005al00000RVcKvAAL","false","TableLayout","","Html.Layouts.TableLayout","","","","42193619307555592"
"a0bWD0000011UHqYAM","005al00000RVcKvAAL","false","TwoColumnGrid","","Html.Layouts.TwoColumnGrid","","","","42194119301197215"
"a0bWD0000011WCEYA2","005al00000RVcKvAAL","false","a313g0000008Q1F","","Html.Layouts.TableLayout","","","","42194795076332222"
"a0bWD0000011TcSYAU","005al00000RVcKvAAL","false","TableLayout","","Html.Layouts.TableLayout","","","","42195206873534703"
"a0bWD0000011TcTYAU","005al00000RVcKvAAL","false","a2Cbn000002VbCp","","Html.Layouts.NoLayout","","","","42196096331333525"
"a0bWD0000011TcUYAU","005al00000RVcKvAAL","false","TwoColumnGrid","","Html.Layouts.TwoColumnGrid","","","","42196130403841969"
"a0bWD0000011TcVYAU","005al00000RVcKvAAL","false","TwoColumnGrid","","Html.Layouts.TwoColumnGrid","","","","42196878870425994"
"a0bWD0000011TcWYAU","005al00000RVcKvAAL","false","TableLayout","","Html.Layouts.TableLayout","","","","42196880520435636"
"a0bWD0000011TcXYAU","005al00000RVcKvAAL","false","TableLayout","","Html.Layouts.TableLayout","","","","42197432312011679"
"a0bWD0000011WCFYA2","005al00000RVcKvAAL","false","TableLayout","","Html.Layouts.TableLayout","","","","42197499937195031"
"a0bWD0000011TcYYAU","005al00000RVcKvAAL","false","TwoColumnGrid","","Html.Layouts.TwoColumnGrid","","","","42197563436888630"
"a0bWD0000011TcZYAU","005al00000RVcKvAAL","false","TableLayout","","Html.Layouts.TableLayout","","","","42199017441673455"
"a0bWD0000011TcaYAE","005al00000RVcKvAAL","false","NoLayout","","Html.Layouts.NoLayout","","","","42200030519927558"
"a0bWD0000011TcbYAE","005al00000RVcKvAAL","false","SingleColumnGrid","","Html.Layouts.SingleColumnGrid","","","","42201361174781232"
"a0bWD0000011WCGYA2","005al00000RVcKvAAL","false","TableLayout","","Html.Layouts.TableLayout","","","","42201747169124750"
"a0bWD0000011UEfYAM","005al00000RVcKvAAL","false","TwoColumnGrid","","Html.Layouts.TwoColumnGrid","","","","42202046283500101"
"a0bWD0000011TRKYA2","005al00000RVcKvAAL","false","NoLayout","","Html.Layouts.NoLayout","","","","42202270771130058"
"a0bWD0000011YGtYAM","005al00000RVcKvAAL","false","TableLayout","","Html.Layouts.TableLayout","","","","42202563658220597"
"a0bWD0000011TOCYA2","005al00000RVcKvAAL","false","TwoColumnGrid","","Html.Layouts.TwoColumnGrid","","","","42202916001968287"
"a0bWD0000011TccYAE","005al00000RVcKvAAL","false","TableLayout","","Html.Layouts.TableLayout","","","","42202962124536390"
"a0bWD0000011WCHYA2","005al00000RVcKvAAL","false","TableLayout","","Html.Layouts.TableLayout","","","","42202995857779344"
"a0bWD0000011WCIYA2","005al00000RVcKvAAL","false","TwoColumnGrid","","Html.Layouts.TwoColumnGrid","","","","4220358743085162"
"a0bWD0000011TcdYAE","005al00000RVcKvAAL","false","TwoColumnGrid","","Html.Layouts.TwoColumnGrid","","","","42203802259253390"
"a0bWD0000011TXUYA2","005al00000RVcKvAAL","false","TwoColumnGrid","","Html.Layouts.TwoColumnGrid","","","","42204651012264503"
"a0bWD0000011TceYAE","005al00000RVcKvAAL","false","TableLayout","","Html.Layouts.TableLayout","","","","42204914953911305"
"a0bWD0000011TMPYA2","005al00000RVcKvAAL","false","TwoColumnGrid","","Html.Layouts.TwoColumnGrid","","","","42205369353959884"
"a0bWD0000011TcfYAE","005al00000RVcKvAAL","false","NoLayout","","Html.Layouts.NoLayout","","","","42205631175715577"
"a0bWD0000011TcgYAE","005al00000RVcKvAAL","false","a2Cbn000002Vb5t","","Html.Layouts.NoLayout","","","","42206453442280863"
"a0bWD0000011TchYAE","005al00000RVcKvAAL","false","a2Cbn000002Vb74","","Html.Layouts.TableLayout","","","","42206768897533893"
"a0bWD0000011TTgYAM","005al00000RVcKvAAL","false","TwoColumnGrid","","Html.Layouts.TwoColumnGrid","","","","42207337910070284"
"a0bWD0000011TciYAE","005al00000RVcKvAAL","false","TwoColumnGrid","","Html.Layouts.TwoColumnGrid","","","","42207624950263076"
"a0bWD0000011TcjYAE","005al00000RVcKvAAL","false","NoLayout","","Html.Layouts.NoLayout","","","","42208366808657826"
"a0bWD0000011TckYAE","005al00000RVcKvAAL","false","NoLayout","","Html.Layouts.NoLayout","","","","42208927817208485"
"a0bWD0000011UEgYAM","005al00000RVcKvAAL","false","TwoColumnGrid","","Html.Layouts.TwoColumnGrid","","","","42208986520610401"
"a0bWD0000011TclYAE","005al00000RVcKvAAL","false","NoLayout","","Html.Layouts.NoLayout","","","","42209009061250757"
"a0bWD0000011WCJYA2","005al00000RVcKvAAL","false","TableLayout","","Html.Layouts.TableLayout","","","","42209503602073294"
"a0bWD0000011TcmYAE","005al00000RVcKvAAL","false","a313g0000008Q0G","","Html.Layouts.NoLayout","","","","42209632124022272"
"a0bWD0000011TcnYAE","005al00000RVcKvAAL","false","TableLayout","","Html.Layouts.TableLayout","","","","42210010605774609"
"a0bWD0000011TcoYAE","005al00000RVcKvAAL","false","TwoColumnGrid","","Html.Layouts.TwoColumnGrid","","","","42210063071476170"
"a0bWD0000011TODYA2","005al00000RVcKvAAL","false","SingleColumnGrid","","Html.Layouts.SingleColumnGrid","","","","42210103501377180"
"a0bWD0000011TcpYAE","005al00000RVcKvAAL","false","NoLayout","","Html.Layouts.NoLayout","","","","42210868499790739"
"a0bWD0000011TcqYAE","005al00000RVcKvAAL","false","TwoColumnGrid","","Html.Layouts.TwoColumnGrid","","","","42211161223702254"
"a0bWD0000011TcrYAE","005al00000RVcKvAAL","false","NoLayout","","Html.Layouts.NoLayout","","","","42211485684091526"
"a0bWD0000011TcsYAE","005al00000RVcKvAAL","false","TwoColumnGrid","","Html.Layouts.TwoColumnGrid","","","","42211784010462716"
"a0bWD0000011TRLYA2","005al00000RVcKvAAL","false","TwoColumnGrid","","Html.Layouts.TwoColumnGrid","","","","42212464754278228"
"a0bWD0000011WCKYA2","005al00000RVcKvAAL","false","TableLayout","","Html.Layouts.TableLayout","","","","42212517247358391"
"a0bWD0000011WCLYA2","005al00000RVcKvAAL","false","TwoColumnGrid","","Html.Layouts.TwoColumnGrid","","","","42212751364496090"
"a0bWD0000011TctYAE","005al00000RVcKvAAL","false","NoLayout","","Html.Layouts.NoLayout","","","","42213075430062969"
"a0bWD0000011WCMYA2","005al00000RVcKvAAL","false","TableLayout","","Html.Layouts.TableLayout","","","","42213466532396762"
"a0bWD0000011TcuYAE","005al00000RVcKvAAL","false","TwoColumnGrid","","Html.Layouts.TwoColumnGrid","","","","42213551607218372"
"a0bWD0000011WCNYA2","005al00000RVcKvAAL","false","TableLayout","","Html.Layouts.TableLayout","","","","42214209934210526"
"a0bWD0000011TcvYAE","005al00000RVcKvAAL","false","NoLayout","","Html.Layouts.NoLayout","","","","42214256638830174"
"a0bWD0000011UHrYAM","005al00000RVcKvAAL","false","TwoColumnGrid","","Html.Layouts.TwoColumnGrid","","","","42214384908240267"
"a0bWD0000011WCOYA2","005al00000RVcKvAAL","false","TableLayout","","Html.Layouts.TableLayout","","","","42214821676851732"
"a0bWD0000011TRMYA2","005al00000RVcKvAAL","false","TwoColumnGrid","","Html.Layouts.TwoColumnGrid","","","","42215000344271519"
"a0bWD0000011TRNYA2","005al00000RVcKvAAL","false","TwoColumnGrid","","Html.Layouts.TwoColumnGrid","","","","42215709722866540"
"a0bWD0000011WCPYA2","005al00000RVcKvAAL","false","TableLayout","","Html.Layouts.TableLayout","","","","42216215436172343"
"a0bWD0000011TcwYAE","005al00000RVcKvAAL","false","TwoColumnGrid","","Html.Layouts.TwoColumnGrid","","","","42217300670935402"
"a0bWD0000011TOEYA2","005al00000RVcKvAAL","false","TwoColumnGrid","","Html.Layouts.TwoColumnGrid","","","","42217380767340893"
"a0bWD0000011TcxYAE","005al00000RVcKvAAL","false","TwoColumnGrid","","Html.Layouts.TwoColumnGrid","","","","42217416538446989"
"a0bWD0000011TMQYA2","005al00000RVcKvAAL","false","TwoColumnGrid","","Html.Layouts.TwoColumnGrid","","","","42217617873433254"
"a0bWD0000011TcyYAE","005al00000RVcKvAAL","false","NoLayout","","Html.Layouts.NoLayout","","","","42218048803858767"
"a0bWD0000011WCQYA2","005al00000RVcKvAAL","false","TableLayout","","Html.Layouts.TableLayout","","","","42218257552953998"
"a0bWD0000011TczYAE","005al00000RVcKvAAL","false","a313g0000008Q0H","","Html.Layouts.NoLayout","","","","42218396532687044"
"a0bWD0000011TOFYA2","005al00000RVcKvAAL","false","TwoColumnGrid","","Html.Layouts.TwoColumnGrid","","","","42218481547635998"
"a0bWD0000011WCRYA2","005al00000RVcKvAAL","false","NoLayout","","Html.Layouts.NoLayout","","","","42218813162309405"
"a0bWD0000011TROYA2","005al00000RVcKvAAL","false","NoLayout","","Html.Layouts.NoLayout","","","","42219772413336305"
"a0bWD0000011TOGYA2","005al00000RVcKvAAL","false","TwoColumnGrid","","Html.Layouts.TwoColumnGrid","","","","42219868996929550"
"a0bWD0000011WCSYA2","005al00000RVcKvAAL","false","NoLayout","","Html.Layouts.NoLayout","","","","42219943458993706"
"a0bWD0000011Td0YAE","005al00000RVcKvAAL","false","a313g0000008Q1E","","Html.Layouts.TwoColumnGrid","","","","42220485011197575"
"a0bWD0000011TXVYA2","005al00000RVcKvAAL","false","TwoColumnGrid","","Html.Layouts.TwoColumnGrid","","","","42220878715084241"
"a0bWD0000011Td1YAE","005al00000RVcKvAAL","false","NoLayout","","Html.Layouts.NoLayout","","","","42221009576959808"
"a0bWD0000011Td2YAE","005al00000RVcKvAAL","false","TableLayout","","Html.Layouts.TableLayout","","","","42221303752117220"
"a0bWD0000011Td3YAE","005al00000RVcKvAAL","false","TableLayout","","Html.Layouts.TableLayout","","","","42221492149568848"
"a0bWD0000011Td4YAE","005al00000RVcKvAAL","false","TwoColumnGrid","","Html.Layouts.TwoColumnGrid","","","","42221492166860606"
"a0bWD0000011WCTYA2","005al00000RVcKvAAL","false","TableLayout","","Html.Layouts.TableLayout","","","","42221808472534004"
"a0bWD0000011Td5YAE","005al00000RVcKvAAL","false","a2Cbn000002Vb5u","","Html.Layouts.NoLayout","","","","42223036410535824"
"a0bWD0000011WCUYA2","005al00000RVcKvAAL","false","TableLayout","","Html.Layouts.TableLayout","","","","42223461628372733"
"a0bWD0000011WCVYA2","005al00000RVcKvAAL","false","TableLayout","","Html.Layouts.TableLayout","","","","42223471789601860"
"a0bWD0000011TThYAM","005al00000RVcKvAAL","false","TwoColumnGrid","","Html.Layouts.TwoColumnGrid","","","","42224690031248780"
"a0bWD0000011TOHYA2","005al00000RVcKvAAL","false","TwoColumnGrid","","Html.Layouts.TwoColumnGrid","","","","42225505948758448"
"a0bWD0000011Td6YAE","005al00000RVcKvAAL","false","NoLayout","","Html.Layouts.NoLayout","","","","42225717108757722"
"a0bWD0000011TRPYA2","005al00000RVcKvAAL","false","TableLayout","","Html.Layouts.TableLayout","","","","42226070599136281"
"a0bWD0000011Td7YAE","005al00000RVcKvAAL","false","NoLayout","","Html.Layouts.NoLayout","","","","42226188901101711"
"a0bWD0000011TOIYA2","005al00000RVcKvAAL","false","TwoColumnGrid","","Html.Layouts.TwoColumnGrid","","","","42226295231949575"
"a0bWD0000011TXWYA2","005al00000RVcKvAAL","false","SingleColumnGrid","","Html.Layouts.SingleColumnGrid","","","","42226626479352835"
"a0bWD0000011Td8YAE","005al00000RVcKvAAL","false","TwoColumnGrid","","Html.Layouts.TwoColumnGrid","","","","42226702762333356"
"a0bWD0000011Td9YAE","005al00000RVcKvAAL","false","TableLayout","","Html.Layouts.TableLayout","","","","42227017330595366"
"a0bWD0000011TOJYA2","005al00000RVcKvAAL","false","SingleColumnGrid","","Html.Layouts.SingleColumnGrid","","","","42228135254576322"
"a0bWD0000011TdAYAU","005al00000RVcKvAAL","false","a2Cbn000002Vb74","","Html.Layouts.TableLayout","","","","42229011378082174"
"a0bWD0000011WCWYA2","005al00000RVcKvAAL","false","TableLayout","","Html.Layouts.TableLayout","","","","42229167075487355"
"a0bWD0000011TdBYAU","005al00000RVcKvAAL","false","a313g0000008Q0J","","Html.Layouts.TableLayout","","","","42229170763731610"
"a0bWD0000011YGuYAM","005al00000RVcKvAAL","false","TableLayout","","Html.Layouts.TableLayout","","","","42230255763488284"
"a0bWD0000011TdCYAU","005al00000RVcKvAAL","false","a314T000000Xm5Q","","Html.Layouts.NoLayout","","","","42230462268756677"
"a0bWD0000011TdDYAU","005al00000RVcKvAAL","false","TableLayout","","Html.Layouts.TableLayout","","","","42230540641074372"
"a0bWD0000011TdEYAU","005al00000RVcKvAAL","false","NoLayout","","Html.Layouts.NoLayout","","","","42231016445764584"
"a0bWD0000011TdFYAU","005al00000RVcKvAAL","false","NoLayout","","Html.Layouts.NoLayout","","","","42231110113496287"
"a0bWD0000011TTiYAM","005al00000RVcKvAAL","false","NoLayout","","Html.Layouts.NoLayout","","","","42231249819938106"
"a0bWD0000011TdGYAU","005al00000RVcKvAAL","false","SingleColumnGrid","","Html.Layouts.SingleColumnGrid","","","","42232075266317300"
"a0bWD0000011WCXYA2","005al00000RVcKvAAL","false","TableLayout","","Html.Layouts.TableLayout","","","","42232524939906798"
"a0bWD0000011WCYYA2","005al00000RVcKvAAL","false","TableLayout","","Html.Layouts.TableLayout","","","","42232908594368830"
"a0bWD0000011TdHYAU","005al00000RVcKvAAL","false","a2Cbn000002Vb76","","Html.Layouts.NoLayout","","","","42232989919202132"
"a0bWD0000011WCZYA2","005al00000RVcKvAAL","false","TwoColumnGrid","","Html.Layouts.TwoColumnGrid","","","","42233000130686515"
"a0bWD0000011TOKYA2","005al00000RVcKvAAL","false","TwoColumnGrid","","Html.Layouts.TwoColumnGrid","","","","42233108867228155"
"a0bWD0000011TRQYA2","005al00000RVcKvAAL","false","TwoColumnGrid","","Html.Layouts.TwoColumnGrid","","","","42233175686813597"
"a0bWD0000011TdIYAU","005al00000RVcKvAAL","false","NoLayout","","Html.Layouts.NoLayout","","","","42233662156426368"
"a0bWD0000011TdJYAU","005al00000RVcKvAAL","false","a2Cbn000002Vb5r","","Html.Layouts.NoLayout","","","","42233733401837716"
"a0bWD0000011WCaYAM","005al00000RVcKvAAL","false","TableLayout","","Html.Layouts.TableLayout","","","","42233769562941404"
"a0bWD0000011TOLYA2","005al00000RVcKvAAL","false","TwoColumnGrid","","Html.Layouts.TwoColumnGrid","","","","42233884417018958"
"a0bWD0000011WCbYAM","005al00000RVcKvAAL","false","TableLayout","","Html.Layouts.TableLayout","","","","42234378857614613"
"a0bWD0000011TXXYA2","005al00000RVcKvAAL","false","TwoColumnGrid","","Html.Layouts.TwoColumnGrid","","","","42234466651742340"
"a0bWD0000011WCcYAM","005al00000RVcKvAAL","false","SingleColumnGrid","","Html.Layouts.SingleColumnGrid","","","","42234556819011866"
"a0bWD0000011WCdYAM","005al00000RVcKvAAL","false","TableLayout","","Html.Layouts.TableLayout","","","","42234574401400983"
"a0bWD0000011TdKYAU","005al00000RVcKvAAL","false","TwoColumnGrid","","Html.Layouts.TwoColumnGrid","","","","42235364842814722"
"a0bWD0000011WCeYAM","005al00000RVcKvAAL","false","a313g0000008Q0M","","Html.Layouts.TableLayout","","","","42235460264154023"
"a0bWD0000011TOMYA2","005al00000RVcKvAAL","false","TwoColumnGrid","","Html.Layouts.TwoColumnGrid","","","","42235568681707949"
"a0bWD0000011YGvYAM","005al00000RVcKvAAL","false","TableLayout","","Html.Layouts.TableLayout","","","","42236112479672364"
"a0bWD0000011TdLYAU","005al00000RVcKvAAL","false","TableLayout","","Html.Layouts.TableLayout","","","","42236223003943307"
"a0bWD0000011TTjYAM","005al00000RVcKvAAL","false","TwoColumnGrid","","Html.Layouts.TwoColumnGrid","","","","42236575597281130"
"a0bWD0000011WCfYAM","005al00000RVcKvAAL","false","TwoColumnGrid","","Html.Layouts.TwoColumnGrid","","","","42236718092442482"
"a0bWD0000011TdMYAU","005al00000RVcKvAAL","false","a313g0000008Q0I","","Html.Layouts.TableLayout","","","","42237364027397104"
"a0bWD0000011TdNYAU","005al00000RVcKvAAL","false","NoLayout","","Html.Layouts.NoLayout","","","","42238386048874863"
"a0bWD0000011TRRYA2","005al00000RVcKvAAL","false","TableLayout","","Html.Layouts.TableLayout","","","","42238550068676741"
"a0bWD0000011WCgYAM","005al00000RVcKvAAL","false","TableLayout","","Html.Layouts.TableLayout","","","","42238679702409748"
"a0bWD0000011TdOYAU","005al00000RVcKvAAL","false","NoLayout","","Html.Layouts.NoLayout","","","","42238709863491704"
"a0bWD0000011TRSYA2","005al00000RVcKvAAL","false","TableLayout","","Html.Layouts.TableLayout","","","","42239151793228970"
"a0bWD0000011WChYAM","005al00000RVcKvAAL","false","a2Cbn000002Vb7g","","Html.Layouts.TableLayout","","","","42239210316264297"
"a0bWD0000011WCiYAM","005al00000RVcKvAAL","false","a313g0000008Q2b","","Html.Layouts.TableLayout","","","","42239306606910383"
"a0bWD0000011TdPYAU","005al00000RVcKvAAL","false","SingleColumnGrid","","Html.Layouts.SingleColumnGrid","","","","42239856191037452"
"a0bWD0000011TdQYAU","005al00000RVcKvAAL","false","TableLayout","","Html.Layouts.TableLayout","","","","42240116667600828"
"a0bWD0000011TdRYAU","005al00000RVcKvAAL","false","a2Cbn000002Vb5s","","Html.Layouts.NoLayout","","","","42240587866004170"
"a0bWD0000011WCjYAM","005al00000RVcKvAAL","false","TableLayout","","Html.Layouts.TableLayout","","","","42240728322188717"
"a0bWD0000011TdSYAU","005al00000RVcKvAAL","false","TwoColumnGrid","","Html.Layouts.TwoColumnGrid","","","","42241330223811639"
"a0bWD0000011TdTYAU","005al00000RVcKvAAL","false","TableLayout","","Html.Layouts.TableLayout","","","","42242529030282698"
"a0bWD0000011WCkYAM","005al00000RVcKvAAL","false","TwoColumnGrid","","Html.Layouts.TwoColumnGrid","","","","42242797154607068"
"a0bWD0000011TdUYAU","005al00000RVcKvAAL","false","NoLayout","","Html.Layouts.NoLayout","","","","42243248469555979"
"a0bWD0000011TdVYAU","005al00000RVcKvAAL","false","TwoColumnGrid","","Html.Layouts.TwoColumnGrid","","","","42243282941831008"
"a0bWD0000011WClYAM","005al00000RVcKvAAL","false","TableLayout","","Html.Layouts.TableLayout","","","","42243706031696795"
"a0bWD0000011TdWYAU","005al00000RVcKvAAL","false","NoLayout","","Html.Layouts.NoLayout","","","","42243769313978174"
"a0bWD0000011WCmYAM","005al00000RVcKvAAL","false","TableLayout","","Html.Layouts.TableLayout","","","","42244875407139151"
"a0bWD0000011TRTYA2","005al00000RVcKvAAL","false","TwoColumnGrid","","Html.Layouts.TwoColumnGrid","","","","42247065620394334"
"a0bWD0000011TdXYAU","005al00000RVcKvAAL","false","NoLayout","","Html.Layouts.NoLayout","","","","42247669729949299"
"a0bWD0000011TONYA2","005al00000RVcKvAAL","false","TableLayout","","Html.Layouts.TableLayout","","","","42247685660038195"
"a0bWD0000011TdYYAU","005al00000RVcKvAAL","false","SingleRowFluidLayout","","Html.Layouts.SingleRowFluidLayout","","","","42247761136017972"
"a0bWD0000011WCnYAM","005al00000RVcKvAAL","false","TwoColumnGrid","","Html.Layouts.TwoColumnGrid","","","","42247978183925317"
"a0bWD0000011TRUYA2","005al00000RVcKvAAL","false","TwoColumnGrid","","Html.Layouts.TwoColumnGrid","","","","42248158182661179"
"a0bWD0000011TRVYA2","005al00000RVcKvAAL","false","TwoColumnGrid","","Html.Layouts.TwoColumnGrid","","","","42248198665285511"
"a0bWD0000011WCoYAM","005al00000RVcKvAAL","false","TwoColumnGrid","","Html.Layouts.TwoColumnGrid","","","","42248703858286694"
"a0bWD0000011TOOYA2","005al00000RVcKvAAL","false","NoLayout","","Html.Layouts.NoLayout","","","","42248994741255437"
"a0bWD0000011TdZYAU","005al00000RVcKvAAL","false","NoLayout","","Html.Layouts.NoLayout","","","","42249724744435694"
"a0bWD0000011TXYYA2","005al00000RVcKvAAL","false","TwoColumnGrid","","Html.Layouts.TwoColumnGrid","","","","42249831653306967"
"a0bWD0000011TdaYAE","005al00000RVcKvAAL","false","TwoColumnGrid","","Html.Layouts.TwoColumnGrid","","","","42249888517045621"
"a0bWD0000011WCpYAM","005al00000RVcKvAAL","false","TwoColumnGrid","","Html.Layouts.TwoColumnGrid","","","","42250316401416891"
"a0bWD0000011WCqYAM","005al00000RVcKvAAL","false","TableLayout","","Html.Layouts.TableLayout","","","","42250383188427712"
"a0bWD0000011TRWYA2","005al00000RVcKvAAL","false","TwoColumnGrid","","Html.Layouts.TwoColumnGrid","","","","4225051989908742"
"a0bWD0000011TdbYAE","005al00000RVcKvAAL","false","TwoColumnGrid","","Html.Layouts.TwoColumnGrid","","","","42251162947299955"
"a0bWD0000011TdcYAE","005al00000RVcKvAAL","false","TableLayout","","Html.Layouts.TableLayout","","","","42251250217247948"
"a0bWD0000011WCrYAM","005al00000RVcKvAAL","false","TableLayout","","Html.Layouts.TableLayout","","","","42252050233479772"
"a0bWD0000011TOPYA2","005al00000RVcKvAAL","false","TableLayout","","Html.Layouts.TableLayout","","","","42254085114108092"
"a0bWD0000011TddYAE","005al00000RVcKvAAL","false","TwoColumnGrid","","Html.Layouts.TwoColumnGrid","","","","42254732925126599"
"a0bWD0000011TdeYAE","005al00000RVcKvAAL","false","NoLayout","","Html.Layouts.NoLayout","","","","42254824286281610"
"a0bWD0000011TOQYA2","005al00000RVcKvAAL","false","TwoColumnGrid","","Html.Layouts.TwoColumnGrid","","","","42255853892945644"
"a0bWD0000011TdfYAE","005al00000RVcKvAAL","false","a2Cbn000002Vb76","","Html.Layouts.NoLayout","","","","42255932952652825"
"a0bWD0000011TdgYAE","005al00000RVcKvAAL","false","NoLayout","","Html.Layouts.NoLayout","","","","42255956805262349"
"a0bWD0000011TORYA2","005al00000RVcKvAAL","false","TwoColumnGrid","","Html.Layouts.TwoColumnGrid","","","","42256423357077751"
"a0bWD0000011TRXYA2","005al00000RVcKvAAL","false","NoLayout","","Html.Layouts.NoLayout","","","","42256522327868553"
"a0bWD0000011TdhYAE","005al00000RVcKvAAL","false","a2Cbn000002Vb6i","","Html.Layouts.NoLayout","","","","42256841527542845"
"a0bWD0000011TdiYAE","005al00000RVcKvAAL","false","NoLayout","","Html.Layouts.NoLayout","","","","42257544585312993"
"a0bWD0000011TdjYAE","005al00000RVcKvAAL","false","a313g0000008Q0L","","Html.Layouts.NoLayout","","","","42257930467178536"
"a0bWD0000011TOSYA2","005al00000RVcKvAAL","false","TableLayout","","Html.Layouts.TableLayout","","","","42258057070268127"
"a0bWD0000011WCsYAM","005al00000RVcKvAAL","false","TwoColumnGrid","","Html.Layouts.TwoColumnGrid","","","","42258377132358616"
"a0bWD0000011TXZYA2","005al00000RVcKvAAL","false","SingleColumnGrid","","Html.Layouts.SingleColumnGrid","","","","42259038213041030"
"a0bWD0000011TdkYAE","005al00000RVcKvAAL","false","a313g0000008Q0K","","Html.Layouts.NoLayout","","","","42259286765183423"
"a0bWD0000011TdlYAE","005al00000RVcKvAAL","false","TableLayout","","Html.Layouts.TableLayout","","","","42259966028808281"
"a0bWD0000011TdmYAE","005al00000RVcKvAAL","false","a2Cbn000002Vb5u","","Html.Layouts.NoLayout","","","","42260198680784465"
"a0bWD0000011TdnYAE","005al00000RVcKvAAL","false","a2Cbn000002Vb5m","","Html.Layouts.NoLayout","","","","42260257429225931"
"a0bWD0000011WCtYAM","005al00000RVcKvAAL","false","TableLayout","","Html.Layouts.TableLayout","","","","42260691791797261"
"a0bWD0000011TMRYA2","005al00000RVcKvAAL","false","SingleColumnGrid","","Html.Layouts.SingleColumnGrid","","","","42261557979946626"
"a0bWD0000011WCuYAM","005al00000RVcKvAAL","false","TableLayout","","Html.Layouts.TableLayout","","","","42262800388593156"
"a0bWD0000011TdoYAE","005al00000RVcKvAAL","false","TwoColumnGrid","","Html.Layouts.TwoColumnGrid","","","","42263579205862997"
"a0bWD0000011TXaYAM","005al00000RVcKvAAL","false","TwoColumnGrid","","Html.Layouts.TwoColumnGrid","","","","42263586739750802"
"a0bWD0000011TdpYAE","005al00000RVcKvAAL","false","a2Cbn000002Vb5s","","Html.Layouts.NoLayout","","","","42264067971231568"
"a0bWD0000011TdqYAE","005al00000RVcKvAAL","false","TwoColumnGrid","","Html.Layouts.TwoColumnGrid","","","","42264139823755546"
"a0bWD0000011TRYYA2","005al00000RVcKvAAL","false","TwoColumnGrid","","Html.Layouts.TwoColumnGrid","","","","42264450403632381"
"a0bWD0000011TdrYAE","005al00000RVcKvAAL","false","TwoColumnGrid","","Html.Layouts.TwoColumnGrid","","","","42265602800029653"
"a0bWD0000011WCvYAM","005al00000RVcKvAAL","false","TableLayout","","Html.Layouts.TableLayout","","","","42265959792434339"
"a0bWD0000011TdsYAE","005al00000RVcKvAAL","false","NoLayout","","Html.Layouts.NoLayout","","","","42266469659821174"
"a0bWD0000011TdtYAE","005al00000RVcKvAAL","false","NoLayout","","Html.Layouts.NoLayout","","","","42266618007773189"
"a0bWD0000011TduYAE","005al00000RVcKvAAL","false","NoLayout","","Html.Layouts.NoLayout","","","","42266636092396611"
"a0bWD0000011WCwYAM","005al00000RVcKvAAL","false","TableLayout","","Html.Layouts.TableLayout","","","","42266701029189298"
"a0bWD0000011UHsYAM","005al00000RVcKvAAL","false","SingleRowFluidLayout","","Html.Layouts.SingleRowFluidLayout","","","","42266805646721295"
"a0bWD0000011TdvYAE","005al00000RVcKvAAL","false","NoLayout","","Html.Layouts.NoLayout","","","","42267333245866522"
"a0bWD0000011TdwYAE","005al00000RVcKvAAL","false","TwoColumnGrid","","Html.Layouts.TwoColumnGrid","","","","42268833383911571"
"a0bWD0000011TdxYAE","005al00000RVcKvAAL","false","TableLayout","","Html.Layouts.TableLayout","","","","42268981518486403"
"a0bWD0000011TRZYA2","005al00000RVcKvAAL","false","TableLayout","","Html.Layouts.TableLayout","","","","42269549924324652"
"a0bWD0000011TTkYAM","005al00000RVcKvAAL","false","TwoColumnGrid","","Html.Layouts.TwoColumnGrid","","","","42269911071702418"
"a0bWD0000011TdyYAE","005al00000RVcKvAAL","false","NoLayout","","Html.Layouts.NoLayout","","","","42270145192339632"
"a0bWD0000011TdzYAE","005al00000RVcKvAAL","false","a2Cbn000002Vb77","","Html.Layouts.TableLayout","","","","42271910295866979"
"a0bWD0000011Te0YAE","005al00000RVcKvAAL","false","TableLayout","","Html.Layouts.TableLayout","","","","42272303218071189"
"a0bWD0000011Te1YAE","005al00000RVcKvAAL","false","a2Cbn000002Vb75","","Html.Layouts.NoLayout","","","","42272911251009902"
"a0bWD0000011Te2YAE","005al00000RVcKvAAL","false","TwoColumnGrid","","Html.Layouts.TwoColumnGrid","","","","42273069847935496"
"a0bWD0000011Te3YAE","005al00000RVcKvAAL","false","TableLayout","","Html.Layouts.TableLayout","","","","42273483530917200"
"a0bWD0000011WCxYAM","005al00000RVcKvAAL","false","TableLayout","","Html.Layouts.TableLayout","","","","42273599749395756"
"a0bWD0000011WCyYAM","005al00000RVcKvAAL","false","TwoColumnGrid","","Html.Layouts.TwoColumnGrid","","","","42274127120876740"
"a0bWD0000011Te4YAE","005al00000RVcKvAAL","false","NoLayout","","Html.Layouts.NoLayout","","","","42274225610037131"
"a0bWD0000011TRaYAM","005al00000RVcKvAAL","false","NoLayout","","Html.Layouts.NoLayout","","","","42274445834246428"
"a0bWD0000011TTlYAM","005al00000RVcKvAAL","false","TableLayout","","Html.Layouts.TableLayout","","","","42274534996495520"
"a0bWD0000011Te5YAE","005al00000RVcKvAAL","false","NoLayout","","Html.Layouts.NoLayout","","","","42274924273169607"
"a0bWD0000011WCzYAM","005al00000RVcKvAAL","false","a313g0000008Q0O","","Html.Layouts.TableLayout","","","","42275798096654004"
"a0bWD0000011TMSYA2","005al00000RVcKvAAL","false","TwoColumnGrid","","Html.Layouts.TwoColumnGrid","","","","42276018993413618"
"a0bWD0000011WD0YAM","005al00000RVcKvAAL","false","TableLayout","","Html.Layouts.TableLayout","","","","42276413106939349"
"a0bWD0000011TMTYA2","005al00000RVcKvAAL","false","TwoColumnGrid","","Html.Layouts.TwoColumnGrid","","","","42276958628781221"
"a0bWD0000011Te6YAE","005al00000RVcKvAAL","false","NoLayout","","Html.Layouts.NoLayout","","","","42277013091092920"
"a0bWD0000011WD1YAM","005al00000RVcKvAAL","false","TwoColumnGrid","","Html.Layouts.TwoColumnGrid","","","","42277160157706015"
"a0bWD0000011TOTYA2","005al00000RVcKvAAL","false","TwoColumnGrid","","Html.Layouts.TwoColumnGrid","","","","42277480923241781"
"a0bWD0000011WD2YAM","005al00000RVcKvAAL","false","a2Cbn000002Vb28","","Html.Layouts.TableLayout","","","","42277618302278477"
"a0bWD0000011WD3YAM","005al00000RVcKvAAL","false","TableLayout","","Html.Layouts.TableLayout","","","","42278477308930479"
"a0bWD0000011WD4YAM","005al00000RVcKvAAL","false","TableLayout","","Html.Layouts.TableLayout","","","","42278795177909238"
"a0bWD0000011Te7YAE","005al00000RVcKvAAL","false","a2Cbn000002Vb6n","","Html.Layouts.TwoColumnGrid","","","","42279252811576814"
"a0bWD0000011TXbYAM","005al00000RVcKvAAL","false","SingleColumnGrid","","Html.Layouts.SingleColumnGrid","","","","42280039009610338"
"a0bWD0000011WD5YAM","005al00000RVcKvAAL","false","a313g0000008Q0O","","Html.Layouts.TableLayout","","","","42280247857241883"
"a0bWD0000011Te8YAE","005al00000RVcKvAAL","false","a2Cbn000002Vb75","","Html.Layouts.NoLayout","","","","42280453904095115"
"a0bWD0000011WD6YAM","005al00000RVcKvAAL","false","TableLayout","","Html.Layouts.TableLayout","","","","42280813559466266"
"a0bWD0000011TOUYA2","005al00000RVcKvAAL","false","NoLayout","","Html.Layouts.NoLayout","","","","42280856863127426"
"a0bWD0000011Te9YAE","005al00000RVcKvAAL","false","TwoColumnGrid","","Html.Layouts.TwoColumnGrid","","","","42280996716894249"
"a0bWD0000011WD7YAM","005al00000RVcKvAAL","false","NoLayout","","Html.Layouts.NoLayout","","","","42281296540985003"
"a0bWD0000011TTmYAM","005al00000RVcKvAAL","false","NoLayout","","Html.Layouts.NoLayout","","","","42281917907252354"
"a0bWD0000011TeAYAU","005al00000RVcKvAAL","false","NoLayout","","Html.Layouts.NoLayout","","","","42282365581292126"
"a0bWD0000011TeBYAU","005al00000RVcKvAAL","false","TableLayout","","Html.Layouts.TableLayout","","","","42282795739504963"
"a0bWD0000011TeCYAU","005al00000RVcKvAAL","false","NoLayout","","Html.Layouts.NoLayout","","","","42283208388151398"
"a0bWD0000011TeDYAU","005al00000RVcKvAAL","false","a2Cbn000002Vb7A","","Html.Layouts.TableLayout","","","","42283476408404479"
"a0bWD0000011TeEYAU","005al00000RVcKvAAL","false","NoLayout","","Html.Layouts.NoLayout","","","","42283519072734976"
"a0bWD0000011WD8YAM","005al00000RVcKvAAL","false","TableLayout","","Html.Layouts.TableLayout","","","","42284631976692773"
"a0bWD0000011TRbYAM","005al00000RVcKvAAL","false","TwoColumnGrid","","Html.Layouts.TwoColumnGrid","","","","42284831350060218"
"a0bWD0000011TRcYAM","005al00000RVcKvAAL","false","TwoColumnGrid","","Html.Layouts.TwoColumnGrid","","","","42285213033783721"
"a0bWD0000011UHtYAM","005al00000RVcKvAAL","false","TableLayout","","Html.Layouts.TableLayout","","","","42285658143238721"
"a0bWD0000011WD9YAM","005al00000RVcKvAAL","false","a2Cbn000002Vb7Z","","Html.Layouts.TableLayout","","","","42285784347575878"
"a0bWD0000011TeFYAU","005al00000RVcKvAAL","false","NoLayout","","Html.Layouts.NoLayout","","","","42286362173015389"
"a0bWD0000011TeGYAU","005al00000RVcKvAAL","false","a2Cbn000002Vb5n","","Html.Layouts.NoLayout","","","","42286795585838080"
"a0bWD0000011TeHYAU","005al00000RVcKvAAL","false","TwoColumnGrid","","Html.Layouts.TwoColumnGrid","","","","42287094538662629"
"a0bWD0000011TeIYAU","005al00000RVcKvAAL","false","a2Cbn000002Vb5v","","Html.Layouts.TwoColumnGrid","","","","42287355011810596"
"a0bWD0000011TeJYAU","005al00000RVcKvAAL","false","NoLayout","","Html.Layouts.NoLayout","","","","42287595742272891"
"a0bWD0000011TeKYAU","005al00000RVcKvAAL","false","a2Cbn000002Vb6h","","Html.Layouts.NoLayout","","","","42289607587269237"
"a0bWD0000011WDAYA2","005al00000RVcKvAAL","false","TableLayout","","Html.Layouts.TableLayout","","","","42289666863162193"
"a0bWD0000011TeLYAU","005al00000RVcKvAAL","false","NoLayout","","Html.Layouts.NoLayout","","","","42289780870055478"
"a0bWD0000011TeMYAU","005al00000RVcKvAAL","false","NoLayout","","Html.Layouts.NoLayout","","","","42290338433300019"
"a0bWD0000011UEhYAM","005al00000RVcKvAAL","false","TwoColumnGrid","","Html.Layouts.TwoColumnGrid","","","","42290543950552369"
"a0bWD0000011WDBYA2","005al00000RVcKvAAL","false","NoLayout","","Html.Layouts.NoLayout","","","","42291076752085084"
"a0bWD0000011TeNYAU","005al00000RVcKvAAL","false","NoLayout","","Html.Layouts.NoLayout","","","","42291655744364677"
"a0bWD0000011TOVYA2","005al00000RVcKvAAL","false","NoLayout","","Html.Layouts.NoLayout","","","","42292726566799094"
"a0bWD0000011TMUYA2","005al00000RVcKvAAL","false","TableLayout","","Html.Layouts.TableLayout","","","","42292856877381028"
"a0bWD0000011WDCYA2","005al00000RVcKvAAL","false","NoLayout","","Html.Layouts.NoLayout","","","","42294646486018976"
"a0bWD0000011TeOYAU","005al00000RVcKvAAL","false","TwoColumnGrid","","Html.Layouts.TwoColumnGrid","","","","42295263703723833"
"a0bWD0000011TePYAU","005al00000RVcKvAAL","false","TableLayout","","Html.Layouts.TableLayout","","","","42295285891664845"
"a0bWD0000011UEiYAM","005al00000RVcKvAAL","false","NoLayout","","Html.Layouts.NoLayout","","","","42295391345351612"
"a0bWD0000011TeQYAU","005al00000RVcKvAAL","false","a2Cbn000002Vb6n","","Html.Layouts.TwoColumnGrid","","","","42295741477498151"
"a0bWD0000011TeRYAU","005al00000RVcKvAAL","false","NoLayout","","Html.Layouts.NoLayout","","","","42295906039525843"
"a0bWD0000011TeSYAU","005al00000RVcKvAAL","false","NoLayout","","Html.Layouts.NoLayout","","","","42296416934577012"
"a0bWD0000011TeTYAU","005al00000RVcKvAAL","false","TableLayout","","Html.Layouts.TableLayout","","","","42296489363938370"
"a0bWD0000011TeUYAU","005al00000RVcKvAAL","false","a2Cbn000002Vb75","","Html.Layouts.NoLayout","","","","42296545108027577"
"a0bWD0000011TeVYAU","005al00000RVcKvAAL","false","NoLayout","","Html.Layouts.NoLayout","","","","42297281570618825"
"a0bWD0000011WDDYA2","005al00000RVcKvAAL","false","NoLayout","","Html.Layouts.NoLayout","","","","42297381269472156"
"a0bWD0000011WDEYA2","005al00000RVcKvAAL","false","TableLayout","","Html.Layouts.TableLayout","","","","42297396350237930"
"a0bWD0000011TeWYAU","005al00000RVcKvAAL","false","NoLayout","","Html.Layouts.NoLayout","","","","42297422545879849"
"a0bWD0000011WDFYA2","005al00000RVcKvAAL","false","TableLayout","","Html.Layouts.TableLayout","","","","42297544300995221"
"a0bWD0000011TeXYAU","005al00000RVcKvAAL","false","a2Cbn000002Vb6i","","Html.Layouts.NoLayout","","","","42299564126778104"
"a0bWD0000011TeYYAU","005al00000RVcKvAAL","false","a313g0000008Q0I","","Html.Layouts.TableLayout","","","","42300412715178749"
"a0bWD0000011TeZYAU","005al00000RVcKvAAL","false","NoLayout","","Html.Layouts.NoLayout","","","","42300837898315533"
"a0bWD0000011UHuYAM","005al00000RVcKvAAL","false","TableLayout","","Html.Layouts.TableLayout","","","","42301222936255000"
"a0bWD0000011TeaYAE","005al00000RVcKvAAL","false","NoLayout","","Html.Layouts.NoLayout","","","","42301705415063071"
"a0bWD0000011TebYAE","005al00000RVcKvAAL","false","a2Cbn000002Vb5n","","Html.Layouts.NoLayout","","","","42301809842975799"
"a0bWD0000011TOWYA2","005al00000RVcKvAAL","false","SingleColumnGrid","","Html.Layouts.SingleColumnGrid","","","","42301880163763959"
"a0bWD0000011TMVYA2","005al00000RVcKvAAL","false","TwoColumnGrid","","Html.Layouts.TwoColumnGrid","","","","42302507463710979"
"a0bWD0000011TecYAE","005al00000RVcKvAAL","false","SingleColumnGrid","","Html.Layouts.SingleColumnGrid","","","","42303230852478295"
"a0bWD0000011TOXYA2","005al00000RVcKvAAL","false","TableLayout","","Html.Layouts.TableLayout","","","","42303437865712963"
"a0bWD0000011TedYAE","005al00000RVcKvAAL","false","NoLayout","","Html.Layouts.NoLayout","","","","42303747592083074"
"a0bWD0000011TeeYAE","005al00000RVcKvAAL","false","NoLayout","","Html.Layouts.NoLayout","","","","42304429135735862"
"a0bWD0000011UHvYAM","005al00000RVcKvAAL","false","TwoColumnGrid","","Html.Layouts.TwoColumnGrid","","","","42304620396920647"
"a0bWD0000011TefYAE","005al00000RVcKvAAL","false","NoLayout","","Html.Layouts.NoLayout","","","","42305314836027168"
"a0bWD0000011TegYAE","005al00000RVcKvAAL","false","TwoColumnGrid","","Html.Layouts.TwoColumnGrid","","","","42305457813879508"
"a0bWD0000011TehYAE","005al00000RVcKvAAL","false","NoLayout","","Html.Layouts.NoLayout","","","","42305951025061309"
"a0bWD0000011TeiYAE","005al00000RVcKvAAL","false","TwoColumnGrid","","Html.Layouts.TwoColumnGrid","","","","42306016203679543"
"a0bWD0000011TejYAE","005al00000RVcKvAAL","false","TwoColumnGrid","","Html.Layouts.TwoColumnGrid","","","","42306368094273714"
"a0bWD0000011WDGYA2","005al00000RVcKvAAL","false","SingleColumnGrid","","Html.Layouts.SingleColumnGrid","","","","42306391941732682"
"a0bWD0000011TekYAE","005al00000RVcKvAAL","false","NoLayout","","Html.Layouts.NoLayout","","","","42307271262499899"
"a0bWD0000011TelYAE","005al00000RVcKvAAL","false","a2Cbn000002Vb79","","Html.Layouts.TableLayout","","","","42307658151426213"
"a0bWD0000011TTnYAM","005al00000RVcKvAAL","false","NoLayout","","Html.Layouts.NoLayout","","","","42307955451120790"
"a0bWD0000011TMWYA2","005al00000RVcKvAAL","false","SingleColumnGrid","","Html.Layouts.SingleColumnGrid","","","","42308017323013700"
"a0bWD0000011TemYAE","005al00000RVcKvAAL","false","a2Cbn000002Vb5u","","Html.Layouts.NoLayout","","","","42308038918021519"
"a0bWD0000011WDHYA2","005al00000RVcKvAAL","false","TableLayout","","Html.Layouts.TableLayout","","","","42308478776450008"
"a0bWD0000011TMXYA2","005al00000RVcKvAAL","false","TwoColumnGrid","","Html.Layouts.TwoColumnGrid","","","","42308992549801950"
"a0bWD0000011TOYYA2","005al00000RVcKvAAL","false","NoLayout","","Html.Layouts.NoLayout","","","","42309180751928048"
"a0bWD0000011TenYAE","005al00000RVcKvAAL","false","NoLayout","","Html.Layouts.NoLayout","","","","42310445267787906"
"a0bWD0000011TRdYAM","005al00000RVcKvAAL","false","TwoColumnGrid","","Html.Layouts.TwoColumnGrid","","","","42311163054145178"
"a0bWD0000011TOZYA2","005al00000RVcKvAAL","false","TwoColumnGrid","","Html.Layouts.TwoColumnGrid","","","","42311778578269785"
"a0bWD0000011TeoYAE","005al00000RVcKvAAL","false","a2Cbn000002Vb6h","","Html.Layouts.NoLayout","","","","42312424200261387"
"a0bWD0000011TepYAE","005al00000RVcKvAAL","false","NoLayout","","Html.Layouts.NoLayout","","","","42313861849735497"
"a0bWD0000011TeqYAE","005al00000RVcKvAAL","false","NoLayout","","Html.Layouts.NoLayout","","","","42315236912836924"
"a0bWD0000011UEjYAM","005al00000RVcKvAAL","false","TwoColumnGrid","","Html.Layouts.TwoColumnGrid","","","","42315437343083310"
"a0bWD0000011TerYAE","005al00000RVcKvAAL","false","a2Cbn000002Vb5p","","Html.Layouts.NoLayout","","","","42315895256264803"
"a0bWD0000011TesYAE","005al00000RVcKvAAL","false","NoLayout","","Html.Layouts.NoLayout","","","","42315967685878184"
"a0bWD0000011TReYAM","005al00000RVcKvAAL","false","NoLayout","","Html.Layouts.NoLayout","","","","42316166429533018"
"a0bWD0000011TetYAE","005al00000RVcKvAAL","false","NoLayout","","Html.Layouts.NoLayout","","","","42316399966235309"
"a0bWD0000011TeuYAE","005al00000RVcKvAAL","false","NoLayout","","Html.Layouts.NoLayout","","","","42316723893978588"
"a0bWD0000011TOaYAM","005al00000RVcKvAAL","false","TwoColumnGrid","","Html.Layouts.TwoColumnGrid","","","","42317930155152342"
"a0bWD0000011WDIYA2","005al00000RVcKvAAL","false","TableLayout","","Html.Layouts.TableLayout","","","","42318016280682445"
"a0bWD0000011TevYAE","005al00000RVcKvAAL","false","a313g0000008Q0G","","Html.Layouts.NoLayout","","","","42318200698946494"
"a0bWD0000011WDJYA2","005al00000RVcKvAAL","false","a2Cbn000002Vb7Z","","Html.Layouts.TableLayout","","","","42318398955166784"
"a0bWD0000011WDKYA2","005al00000RVcKvAAL","false","TwoColumnGrid","","Html.Layouts.TwoColumnGrid","","","","42318462503715126"
"a0bWD0000011WDLYA2","005al00000RVcKvAAL","false","TwoColumnGrid","","Html.Layouts.TwoColumnGrid","","","","42318956132905992"
"a0bWD0000011WDMYA2","005al00000RVcKvAAL","false","a313g0000008Q0M","","Html.Layouts.TableLayout","","","","42319197270628039"
"a0bWD0000011TToYAM","005al00000RVcKvAAL","false","NoLayout","","Html.Layouts.NoLayout","","","","42319607037458049"
"a0bWD0000011TewYAE","005al00000RVcKvAAL","false","NoLayout","","Html.Layouts.NoLayout","","","","42319799509682543"
"a0bWD0000011TexYAE","005al00000RVcKvAAL","false","TableLayout","","Html.Layouts.TableLayout","","","","42319989734021010"
"a0bWD0000011TeyYAE","005al00000RVcKvAAL","false","TableLayout","","Html.Layouts.TableLayout","","","","42320059456403959"
"a0bWD0000011TTpYAM","005al00000RVcKvAAL","false","TwoColumnGrid","","Html.Layouts.TwoColumnGrid","","","","42320768730763850"
"a0bWD0000011WDNYA2","005al00000RVcKvAAL","false","TableLayout","","Html.Layouts.TableLayout","","","","42321172624684402"
"a0bWD0000011WDOYA2","005al00000RVcKvAAL","false","TableLayout","","Html.Layouts.TableLayout","","","","42321216180824489"
"a0bWD0000011TezYAE","005al00000RVcKvAAL","false","a2Cbn000002Vb7A","","Html.Layouts.TableLayout","","","","42321450772407550"
"a0bWD0000011Tf0YAE","005al00000RVcKvAAL","false","TwoColumnGrid","","Html.Layouts.TwoColumnGrid","","","","42321816623247315"
"a0bWD0000011TMYYA2","005al00000RVcKvAAL","false","TwoColumnGrid","","Html.Layouts.TwoColumnGrid","","","","42321943043921851"
"a0bWD0000011WDPYA2","005al00000RVcKvAAL","false","TwoColumnGrid","","Html.Layouts.TwoColumnGrid","","","","42322081681216904"
"a0bWD0000011Tf1YAE","005al00000RVcKvAAL","false","NoLayout","","Html.Layouts.NoLayout","","","","42322519637911635"
"a0bWD0000011WDQYA2","005al00000RVcKvAAL","false","TableLayout","","Html.Layouts.TableLayout","","","","42323083848328404"
"a0bWD0000011Tf2YAE","005al00000RVcKvAAL","false","TwoColumnGrid","","Html.Layouts.TwoColumnGrid","","","","42323289337489279"
"a0bWD0000011WDRYA2","005al00000RVcKvAAL","false","NoLayout","","Html.Layouts.NoLayout","","","","42323730017105478"
"a0bWD0000011WDSYA2","005al00000RVcKvAAL","false","TwoColumnGrid","","Html.Layouts.TwoColumnGrid","","","","42323834160882366"
"a0bWD0000011TRfYAM","005al00000RVcKvAAL","false","NoLayout","","Html.Layouts.NoLayout","","","","42324367820872248"
"a0bWD0000011Tf3YAE","005al00000RVcKvAAL","false","NoLayout","","Html.Layouts.NoLayout","","","","42324904196672666"
"a0bWD0000011WDTYA2","005al00000RVcKvAAL","false","a2Cbn000002Vb7g","","Html.Layouts.TableLayout","","","","42325139809346072"
"a0bWD0000011TXcYAM","005al00000RVcKvAAL","false","SingleColumnGrid","","Html.Layouts.SingleColumnGrid","","","","4232600107065066"
"a0bWD0000011Tf4YAE","005al00000RVcKvAAL","false","a2Cbn000002Vb6n","","Html.Layouts.TwoColumnGrid","","","","42326042156281411"
"a0bWD0000011Tf5YAE","005al00000RVcKvAAL","false","TwoColumnGrid","","Html.Layouts.TwoColumnGrid","","","","42326236372962691"
"a0bWD0000011TObYAM","005al00000RVcKvAAL","false","TwoColumnGrid","","Html.Layouts.TwoColumnGrid","","","","42326666625760242"
"a0bWD0000011WDUYA2","005al00000RVcKvAAL","false","TwoColumnGrid","","Html.Layouts.TwoColumnGrid","","","","4232672832074069"
"a0bWD0000011Tf6YAE","005al00000RVcKvAAL","false","a313g0000008Q0H","","Html.Layouts.NoLayout","","","","42326771767703018"
"a0bWD0000011TOcYAM","005al00000RVcKvAAL","false","TwoColumnGrid","","Html.Layouts.TwoColumnGrid","","","","42326801912139728"
"a0bWD0000011WDVYA2","005al00000RVcKvAAL","false","a2Cbn000002VbD0","","Html.Layouts.TableLayout","","","","42327445328832396"
"a0bWD0000011Tf7YAE","005al00000RVcKvAAL","false","a313g0000008Q0I","","Html.Layouts.TableLayout","","","","42328146849170134"
"a0bWD0000011WDWYA2","005al00000RVcKvAAL","false","NoLayout","","Html.Layouts.NoLayout","","","","42328976997878952"
"a0bWD0000011Tf8YAE","005al00000RVcKvAAL","false","TwoColumnGrid","","Html.Layouts.TwoColumnGrid","","","","42329767749441791"
"a0bWD0000011WDXYA2","005al00000RVcKvAAL","false","TableLayout","","Html.Layouts.TableLayout","","","","42329843278435229"
"a0bWD0000011Tf9YAE","005al00000RVcKvAAL","false","TwoColumnGrid","","Html.Layouts.TwoColumnGrid","","","","42330482327147219"
"a0bWD0000011TfAYAU","005al00000RVcKvAAL","false","TableLayout","","Html.Layouts.TableLayout","","","","42330570069245147"
"a0bWD0000011TfBYAU","005al00000RVcKvAAL","false","NoLayout","","Html.Layouts.NoLayout","","","","4233074825031329"
"a0bWD0000011WDYYA2","005al00000RVcKvAAL","false","TableLayout","","Html.Layouts.TableLayout","","","","42330772023515628"
"a0bWD0000011TfCYAU","005al00000RVcKvAAL","false","TwoColumnGrid","","Html.Layouts.TwoColumnGrid","","","","42331650202959727"
"a0bWD0000011TTqYAM","005al00000RVcKvAAL","false","TwoColumnGrid","","Html.Layouts.TwoColumnGrid","","","","42332310368014825"
"a0bWD0000011TRgYAM","005al00000RVcKvAAL","false","NoLayout","","Html.Layouts.NoLayout","","","","42332354504673563"
"a0bWD0000011TfDYAU","005al00000RVcKvAAL","false","TwoColumnGrid","","Html.Layouts.TwoColumnGrid","","","","42333733492394745"
"a0bWD0000011TfEYAU","005al00000RVcKvAAL","false","NoLayout","","Html.Layouts.NoLayout","","","","42334380266793903"
"a0bWD0000011TfFYAU","005al00000RVcKvAAL","false","NoLayout","","Html.Layouts.NoLayout","","","","42334731645554707"
"a0bWD0000011TfGYAU","005al00000RVcKvAAL","false","a2Cbn000002Vb5n","","Html.Layouts.NoLayout","","","","42335875905942110"
"a0bWD0000011WDZYA2","005al00000RVcKvAAL","false","TableLayout","","Html.Layouts.TableLayout","","","","42336165314883492"
"a0bWD0000011WDaYAM","005al00000RVcKvAAL","false","TableLayout","","Html.Layouts.TableLayout","","","","42336427479894702"
"a0bWD0000011TfHYAU","005al00000RVcKvAAL","false","TableLayout","","Html.Layouts.TableLayout","","","","42336444116525943"
"a0bWD0000011TOdYAM","005al00000RVcKvAAL","false","TwoColumnGrid","","Html.Layouts.TwoColumnGrid","","","","42337239588160559"
"a0bWD0000011TfIYAU","005al00000RVcKvAAL","false","TwoColumnGrid","","Html.Layouts.TwoColumnGrid","","","","42337683934732003"
"a0bWD0000011TXdYAM","005al00000RVcKvAAL","false","TwoColumnGrid","","Html.Layouts.TwoColumnGrid","","","","42337719596461630"
"a0bWD0000011TfJYAU","005al00000RVcKvAAL","false","a313g0000008Q0G","","Html.Layouts.NoLayout","","","","42338152905639653"
"a0bWD0000011TfKYAU","005al00000RVcKvAAL","false","NoLayout","","Html.Layouts.NoLayout","","","","42338168718885600"
"a0bWD0000011WDbYAM","005al00000RVcKvAAL","false","TableLayout","","Html.Layouts.TableLayout","","","","42338401831305355"
"a0bWD0000011TRhYAM","005al00000RVcKvAAL","false","TwoColumnGrid","","Html.Layouts.TwoColumnGrid","","","","42338709144957786"
"a0bWD0000011UEkYAM","005al00000RVcKvAAL","false","TwoColumnGrid","","Html.Layouts.TwoColumnGrid","","","","42338967430022820"
"a0bWD0000011TfLYAU","005al00000RVcKvAAL","false","NoLayout","","Html.Layouts.NoLayout","","","","42339846556517983"
"a0bWD0000011WDcYAM","005al00000RVcKvAAL","false","TableLayout","","Html.Layouts.TableLayout","","","","42340683989883005"
"a0bWD0000011TfMYAU","005al00000RVcKvAAL","false","NoLayout","","Html.Layouts.NoLayout","","","","42340955528812372Tg26"
"a0bWD0000011TfNYAU","005al00000RVcKvAAL","false","NoLayout","","Html.Layouts.NoLayout","","","","42340955528812372Tg27"
"a0bWD0000011WDdYAM","005al00000RVcKvAAL","false","TableLayout","","Html.Layouts.TableLayout","","","","42341002262197173"
"a0bWD0000011TfOYAU","005al00000RVcKvAAL","false","TwoColumnGrid","","Html.Layouts.TwoColumnGrid","","","","42341018373887332"
"a0bWD0000011TfPYAU","005al00000RVcKvAAL","false","TwoColumnGrid","","Html.Layouts.TwoColumnGrid","","","","42341102359342178"
"a0bWD0000011TOeYAM","005al00000RVcKvAAL","false","TwoColumnGrid","","Html.Layouts.TwoColumnGrid","","","","42341643331659004"
"a0bWD0000011TfQYAU","005al00000RVcKvAAL","false","NoLayout","","Html.Layouts.NoLayout","","","","42342127896709161"
"a0bWD0000011TfRYAU","005al00000RVcKvAAL","false","a2Cbn000002Vb5m","","Html.Layouts.NoLayout","","","","42342591970966467"
"a0bWD0000011TXeYAM","005al00000RVcKvAAL","false","SingleColumnGrid","","Html.Layouts.SingleColumnGrid","","","","42342633002167020"
"a0bWD0000011TfSYAU","005al00000RVcKvAAL","false","a2Cbn000002Vb6o","","Html.Layouts.NoLayout","","","","42342760897485900"
"a0bWD0000011WDeYAM","005al00000RVcKvAAL","false","TableLayout","","Html.Layouts.TableLayout","","","","42343408914581500"
"a0bWD0000011TfTYAU","005al00000RVcKvAAL","false","NoLayout","","Html.Layouts.NoLayout","","","","42343740029350087"
"a0bWD0000011TfUYAU","005al00000RVcKvAAL","false","NoLayout","","Html.Layouts.NoLayout","","","","42344267682415776"
"a0bWD0000011WDfYAM","005al00000RVcKvAAL","false","TwoColumnGrid","","Html.Layouts.TwoColumnGrid","","","","42344927979745135"
"a0bWD0000011TfVYAU","005al00000RVcKvAAL","false","TwoColumnGrid","","Html.Layouts.TwoColumnGrid","","","","42345186726899182"
"a0bWD0000011WDgYAM","005al00000RVcKvAAL","false","a2Cbn000002VbCu","","Html.Layouts.NoLayout","","","","42345492261538302"
"a0bWD0000011TRiYAM","005al00000RVcKvAAL","false","TwoColumnGrid","","Html.Layouts.TwoColumnGrid","","","","42345671036495578"
"a0bWD0000011TOfYAM","005al00000RVcKvAAL","false","NoLayout","","Html.Layouts.NoLayout","","","","42346256594281231"
"a0bWD0000011TfWYAU","005al00000RVcKvAAL","false","SingleColumnGrid","","Html.Layouts.SingleColumnGrid","","","","42346647361388186"
"a0bWD0000011TfXYAU","005al00000RVcKvAAL","false","a2Cbn000002Vb5u","","Html.Layouts.NoLayout","","","","42346656862364526"
"a0bWD0000011TfYYAU","005al00000RVcKvAAL","false","TwoColumnGrid","","Html.Layouts.TwoColumnGrid","","","","42346741553905559"
"a0bWD0000011TfZYAU","005al00000RVcKvAAL","false","TableLayout","","Html.Layouts.TableLayout","","","","42347196776846390"
"a0bWD0000011TfaYAE","005al00000RVcKvAAL","false","TwoColumnGrid","","Html.Layouts.TwoColumnGrid","","","","42347211983209613"
"a0bWD0000011TfbYAE","005al00000RVcKvAAL","false","NoLayout","","Html.Layouts.NoLayout","","","","42348355023923989"
"a0bWD0000011TfcYAE","005al00000RVcKvAAL","false","a314T000000Xm5M","","Html.Layouts.NoLayout","","","","42348627060769189"
"a0bWD0000011TfdYAE","005al00000RVcKvAAL","false","NoLayout","","Html.Layouts.NoLayout","","","","42348664490751858"
"a0bWD0000011TfeYAE","005al00000RVcKvAAL","false","TwoColumnGrid","","Html.Layouts.TwoColumnGrid","","","","42348679834786911"
"a0bWD0000011TffYAE","005al00000RVcKvAAL","false","a2Cbn000002Vb5r","","Html.Layouts.NoLayout","","","","42348688385551752"
"a0bWD0000011TRjYAM","005al00000RVcKvAAL","false","NoLayout","","Html.Layouts.NoLayout","","","","42349135174886364"
"a0bWD0000011WDhYAM","005al00000RVcKvAAL","false","TableLayout","","Html.Layouts.TableLayout","","","","42349258276579558"
"a0bWD0000011TfgYAE","005al00000RVcKvAAL","false","a313g0000008Q0J","","Html.Layouts.TableLayout","","","","42349555613077026"
"a0bWD0000011TfhYAE","005al00000RVcKvAAL","false","NoLayout","","Html.Layouts.NoLayout","","","","42349970958963937"
"a0bWD0000011TfiYAE","005al00000RVcKvAAL","false","NoLayout","","Html.Layouts.NoLayout","","","","42350219498229184"
"a0bWD0000011TOgYAM","005al00000RVcKvAAL","false","NoLayout","","Html.Layouts.NoLayout","","","","42350289986825741"
"a0bWD0000011TfjYAE","005al00000RVcKvAAL","false","NoLayout","","Html.Layouts.NoLayout","","","","42350650133158080"
"a0bWD0000011TfkYAE","005al00000RVcKvAAL","false","NoLayout","","Html.Layouts.NoLayout","","","","42350733828011544"
"a0bWD0000011TflYAE","005al00000RVcKvAAL","false","TwoColumnGrid","","Html.Layouts.TwoColumnGrid","","","","42350895165975828"
"a0bWD0000011WDiYAM","005al00000RVcKvAAL","false","TwoColumnGrid","","Html.Layouts.TwoColumnGrid","","","","42350968275732040"
"a0bWD0000011WDjYAM","005al00000RVcKvAAL","false","TableLayout","","Html.Layouts.TableLayout","","","","42351120149742574"
"a0bWD0000011WDkYAM","005al00000RVcKvAAL","false","TableLayout","","Html.Layouts.TableLayout","","","","42351314996664603"
"a0bWD0000011TfmYAE","005al00000RVcKvAAL","false","TableLayout","","Html.Layouts.TableLayout","","","","42352033427965032"
"a0bWD0000011WDlYAM","005al00000RVcKvAAL","false","TableLayout","","Html.Layouts.TableLayout","","","","42352166184386094"
"a0bWD0000011TTrYAM","005al00000RVcKvAAL","false","NoLayout","","Html.Layouts.NoLayout","","","","42352276582142462"
"a0bWD0000011TMZYA2","005al00000RVcKvAAL","false","TwoColumnGrid","","Html.Layouts.TwoColumnGrid","","","","42353363477886389"
"a0bWD0000011WDmYAM","005al00000RVcKvAAL","false","SingleColumnGrid","","Html.Layouts.SingleColumnGrid","","","","42353619602845352"
"a0bWD0000011TOhYAM","005al00000RVcKvAAL","false","TwoColumnGrid","","Html.Layouts.TwoColumnGrid","","","","42353644183254727"
"a0bWD0000011WDnYAM","005al00000RVcKvAAL","false","TableLayout","","Html.Layouts.TableLayout","","","","42355124180005945"
"a0bWD0000011TMaYAM","005al00000RVcKvAAL","false","NoLayout","","Html.Layouts.NoLayout","","","","42355286100240985"
"a0bWD0000011TfnYAE","005al00000RVcKvAAL","false","NoLayout","","Html.Layouts.NoLayout","","","","42355424022163569"
"a0bWD0000011TfoYAE","005al00000RVcKvAAL","false","TableLayout","","Html.Layouts.TableLayout","","","","42355585354500235"
"a0bWD0000011WDoYAM","005al00000RVcKvAAL","false","TableLayout","","Html.Layouts.TableLayout","","","","42356446456631955"
"a0bWD0000011WDpYAM","005al00000RVcKvAAL","false","TableLayout","","Html.Layouts.TableLayout","","","","42356460055920228"
"a0bWD0000011TfpYAE","005al00000RVcKvAAL","false","TwoColumnGrid","","Html.Layouts.TwoColumnGrid","","","","42356539634226993"
"a0bWD0000011WDqYAM","005al00000RVcKvAAL","false","TwoColumnGrid","","Html.Layouts.TwoColumnGrid","","","","42357431220086880"
"a0bWD0000011TMbYAM","005al00000RVcKvAAL","false","SingleColumnGrid","","Html.Layouts.SingleColumnGrid","","","","42357645984692203"
"a0bWD0000011TRkYAM","005al00000RVcKvAAL","false","TwoColumnGrid","","Html.Layouts.TwoColumnGrid","","","","42359144079592727"
"a0bWD0000011TOiYAM","005al00000RVcKvAAL","false","TwoColumnGrid","","Html.Layouts.TwoColumnGrid","","","","42359321617844557"
"a0bWD0000011TMcYAM","005al00000RVcKvAAL","false","TwoColumnGrid","","Html.Layouts.TwoColumnGrid","","","","42359417897705299"
"a0bWD0000011TfqYAE","005al00000RVcKvAAL","false","a2Cbn000002Vb6m","","Html.Layouts.NoLayout","","","","42360258205613099"
"a0bWD0000011TfrYAE","005al00000RVcKvAAL","false","NoLayout","","Html.Layouts.NoLayout","","","","42360347500628973"
"a0bWD0000011TMdYAM","005al00000RVcKvAAL","false","TwoColumnGrid","","Html.Layouts.TwoColumnGrid","","","","42360706734362601"
"a0bWD0000011TRlYAM","005al00000RVcKvAAL","false","TwoColumnGrid","","Html.Layouts.TwoColumnGrid","","","","42362476801060993"
"a0bWD0000011TXfYAM","005al00000RVcKvAAL","false","SingleColumnGrid","","Html.Layouts.SingleColumnGrid","","","","42362886767991102"
"a0bWD0000011WDrYAM","005al00000RVcKvAAL","false","TableLayout","","Html.Layouts.TableLayout","","","","42362939703809412"
"a0bWD0000011WDsYAM","005al00000RVcKvAAL","false","TableLayout","","Html.Layouts.TableLayout","","","","42363365850516878"
"a0bWD0000011TfsYAE","005al00000RVcKvAAL","false","NoLayout","","Html.Layouts.NoLayout","","","","42363370543560488"
"a0bWD0000011TXgYAM","005al00000RVcKvAAL","false","a2Cbn000002VbD3","","Html.Layouts.NoLayout","","","","42364159443976724"
"a0bWD0000011TftYAE","005al00000RVcKvAAL","false","NoLayout","","Html.Layouts.NoLayout","","","","42364604060628470"
"a0bWD0000011TfuYAE","005al00000RVcKvAAL","false","a2Cbn000002Vb79","","Html.Layouts.TableLayout","","","","42365420296345716"
"a0bWD0000011TfvYAE","005al00000RVcKvAAL","false","TableLayout","","Html.Layouts.TableLayout","","","","42365703755193244"
"a0bWD0000011TfwYAE","005al00000RVcKvAAL","false","NoLayout","","Html.Layouts.NoLayout","","","","42365889792809983"
"a0bWD0000011UElYAM","005al00000RVcKvAAL","false","TwoColumnGrid","","Html.Layouts.TwoColumnGrid","","","","42366402899345916"
"a0bWD0000011TfxYAE","005al00000RVcKvAAL","false","NoLayout","","Html.Layouts.NoLayout","","","","42366452530068687"
"a0bWD0000011WDtYAM","005al00000RVcKvAAL","false","TableLayout","","Html.Layouts.TableLayout","","","","4236715170145566"
"a0bWD0000011TfyYAE","005al00000RVcKvAAL","false","NoLayout","","Html.Layouts.NoLayout","","","","42367335600001976"
"a0bWD0000011TfzYAE","005al00000RVcKvAAL","false","a314T000000Xm5L","","Html.Layouts.NoLayout","","","","42367879077553674"
"a0bWD0000011Tg0YAE","005al00000RVcKvAAL","false","NoLayout","","Html.Layouts.NoLayout","","","","42368549356781712"
"a0bWD0000011TRmYAM","005al00000RVcKvAAL","false","TableLayout","","Html.Layouts.TableLayout","","","","42368772606236412"
"a0bWD0000011Tg1YAE","005al00000RVcKvAAL","false","NoLayout","","Html.Layouts.NoLayout","","","","42368966934074868"
"a0bWD0000011TRnYAM","005al00000RVcKvAAL","false","TwoColumnGrid","","Html.Layouts.TwoColumnGrid","","","","42369016598911863"
"a0bWD0000011TOjYAM","005al00000RVcKvAAL","false","TableLayout","","Html.Layouts.TableLayout","","","","42369074388737585"
"a0bWD0000011TRoYAM","005al00000RVcKvAAL","false","TwoColumnGrid","","Html.Layouts.TwoColumnGrid","","","","42369080539219277"
"a0bWD0000011Tg2YAE","005al00000RVcKvAAL","false","NoLayout","","Html.Layouts.NoLayout","","","","42369451015087085"
"a0bWD0000011Tg3YAE","005al00000RVcKvAAL","false","TwoColumnGrid","","Html.Layouts.TwoColumnGrid","","","","42369656829315155"
"a0bWD0000011Tg4YAE","005al00000RVcKvAAL","false","TwoColumnGrid","","Html.Layouts.TwoColumnGrid","","","","42369839181501607"
"a0bWD0000011WDuYAM","005al00000RVcKvAAL","false","TwoColumnGrid","","Html.Layouts.TwoColumnGrid","","","","42369869377758231"
"a0bWD0000011WDvYAM","005al00000RVcKvAAL","false","TableLayout","","Html.Layouts.TableLayout","","","","42370369549888964"
"a0bWD0000011Tg5YAE","005al00000RVcKvAAL","false","TableLayout","","Html.Layouts.TableLayout","","","","42370608158669813"
"a0bWD0000011TRpYAM","005al00000RVcKvAAL","false","TwoColumnGrid","","Html.Layouts.TwoColumnGrid","","","","42370814749280192"
"a0bWD0000011Tg6YAE","005al00000RVcKvAAL","false","NoLayout","","Html.Layouts.NoLayout","","","","42371217784035892"
"a0bWD0000011TOkYAM","005al00000RVcKvAAL","false","TwoColumnGrid","","Html.Layouts.TwoColumnGrid","","","","42371766173373588"
"a0bWD0000011Tg7YAE","005al00000RVcKvAAL","false","TwoColumnGrid","","Html.Layouts.TwoColumnGrid","","","","42371860852453305"
"a0bWD0000011WDwYAM","005al00000RVcKvAAL","false","TableLayout","","Html.Layouts.TableLayout","","","","42371938234019250"
"a0bWD0000011Tg8YAE","005al00000RVcKvAAL","false","a313g0000008Q0H","","Html.Layouts.NoLayout","","","","42372081443278276"
"a0bWD0000011Tg9YAE","005al00000RVcKvAAL","false","NoLayout","","Html.Layouts.NoLayout","","","","42372898430177512"
"a0bWD0000011TgAYAU","005al00000RVcKvAAL","false","TwoColumnGrid","","Html.Layouts.TwoColumnGrid","","","","42374104057366121"
"a0bWD0000011TgBYAU","005al00000RVcKvAAL","false","NoLayout","","Html.Layouts.NoLayout","","","","42374147657666425"
"a0bWD0000011TgCYAU","005al00000RVcKvAAL","false","NoLayout","","Html.Layouts.NoLayout","","","","42374550892210599"
"a0bWD0000011TOlYAM","005al00000RVcKvAAL","false","TwoColumnGrid","","Html.Layouts.TwoColumnGrid","","","","42374570768381755"
"a0bWD0000011TgDYAU","005al00000RVcKvAAL","false","NoLayout","","Html.Layouts.NoLayout","","","","42374642643312386"
"a0bWD0000011TgEYAU","005al00000RVcKvAAL","false","a2Cbn000002Vb5r","","Html.Layouts.NoLayout","","","","42374706883462331"
"a0bWD0000011WDxYAM","005al00000RVcKvAAL","false","TableLayout","","Html.Layouts.TableLayout","","","","42375000601402576"
"a0bWD0000011TRqYAM","005al00000RVcKvAAL","false","TableLayout","","Html.Layouts.TableLayout","","","","42375017844567647"
"a0bWD0000011TgFYAU","005al00000RVcKvAAL","false","TableLayout","","Html.Layouts.TableLayout","","","","42375775812298561"
"a0bWD0000011TgGYAU","005al00000RVcKvAAL","false","TwoColumnGrid","","Html.Layouts.TwoColumnGrid","","","","42375876495288471"
"a0bWD0000011TgHYAU","005al00000RVcKvAAL","false","TwoColumnGrid","","Html.Layouts.TwoColumnGrid","","","","42376684524528712"
"a0bWD0000011TgIYAU","005al00000RVcKvAAL","false","a2Cbn000002Vb5p","","Html.Layouts.NoLayout","","","","42377125727036535"
"a0bWD0000011TOmYAM","005al00000RVcKvAAL","false","TwoColumnGrid","","Html.Layouts.TwoColumnGrid","","","","42377191004695913"
"a0bWD0000011TRrYAM","005al00000RVcKvAAL","false","TwoColumnGrid","","Html.Layouts.TwoColumnGrid","","","","42377969657029151"
"a0bWD0000011WDyYAM","005al00000RVcKvAAL","false","TableLayout","","Html.Layouts.TableLayout","","","","42378542814484626"
"a0bWD0000011TRsYAM","005al00000RVcKvAAL","false","TwoColumnGrid","","Html.Layouts.TwoColumnGrid","","","","42378561840480139"
"a0bWD0000011TgJYAU","005al00000RVcKvAAL","false","SingleColumnGrid","","Html.Layouts.SingleColumnGrid","","","","42379149636506626"
"a0bWD0000011TgKYAU","005al00000RVcKvAAL","false","a313g0000008Q1D","","Html.Layouts.NoLayout","","","","42379273875371966"
"a0bWD0000011TgLYAU","005al00000RVcKvAAL","false","TableLayout","","Html.Layouts.TableLayout","","","","42379542422367999"
"a0bWD0000011TgMYAU","005al00000RVcKvAAL","false","NoLayout","","Html.Layouts.NoLayout","","","","42379634863304150"
"a0bWD0000011WDzYAM","005al00000RVcKvAAL","false","TableLayout","","Html.Layouts.TableLayout","","","","423805189214134851"
"a0bWD0000011UHwYAM","005al00000RVcKvAAL","false","TableLayout","","Html.Layouts.TableLayout","","","","423805189214134852"
"a0bWD0000011UHxYAM","005al00000RVcKvAAL","false","TableLayout","","Html.Layouts.TableLayout","","","","423805189214134853"
"a0bWD0000011UHyYAM","005al00000RVcKvAAL","false","TableLayout","","Html.Layouts.TableLayout","","","","423805189214134854"
"a0bWD0000011UHzYAM","005al00000RVcKvAAL","false","TableLayout","","Html.Layouts.TableLayout","","","","423805189214134855"
"a0bWD0000011UI0YAM","005al00000RVcKvAAL","false","TableLayout","","Html.Layouts.TableLayout","","","","423805189214134856"
"a0bWD0000011UI1YAM","005al00000RVcKvAAL","false","TableLayout","","Html.Layouts.TableLayout","","","","423805189214134858"
"a0bWD0000011UI2YAM","005al00000RVcKvAAL","false","TableLayout","","Html.Layouts.TableLayout","","","","423805189214134859"
"a0bWD0000011TTsYAM","005al00000RVcKvAAL","false","TableLayout","","Html.Layouts.TableLayout","","","","423805189214134860"
"a0bWD0000011TTtYAM","005al00000RVcKvAAL","false","TableLayout","","Html.Layouts.TableLayout","","","","423805189214134861"
"a0bWD0000011TTuYAM","005al00000RVcKvAAL","false","TableLayout","","Html.Layouts.TableLayout","","","","423805189214134862"
"a0bWD0000011UI3YAM","005al00000RVcKvAAL","false","TableLayout","","Html.Layouts.TableLayout","","","","423805189214331879"
"a0bWD0000011TgNYAU","005al00000RVcKvAAL","false","TableLayout","","Html.Layouts.TableLayout","","","","42380518924531879"
"a0bWD0000011TgOYAU","005al00000RVcKvAAL","false","NoLayout","","Html.Layouts.NoLayout","","","","42381129721916467"
"a0bWD0000011TgPYAU","005al00000RVcKvAAL","false","NoLayout","","Html.Layouts.NoLayout","","","","42381453425442462"
"a0bWD0000011TgQYAU","005al00000RVcKvAAL","false","NoLayout","","Html.Layouts.NoLayout","","","","42382021201438248"
"a0bWD0000011WE0YAM","005al00000RVcKvAAL","false","TwoColumnGrid","","Html.Layouts.TwoColumnGrid","","","","42382199535153505"
"a0bWD0000011WE1YAM","005al00000RVcKvAAL","false","TwoColumnGrid","","Html.Layouts.TwoColumnGrid","","","","42382629381848722"
"a0bWD0000011TgRYAU","005al00000RVcKvAAL","false","a2Cbn000002Vb5w","","Html.Layouts.TwoColumnGrid","","","","42382816286093292"
"a0bWD0000011TgSYAU","005al00000RVcKvAAL","false","a2Cbn000002Vb6o","","Html.Layouts.NoLayout","","","","42383208468889911"
"a0bWD0000011TgTYAU","005al00000RVcKvAAL","false","TwoColumnGrid","","Html.Layouts.TwoColumnGrid","","","","42383318505883623"
"a0bWD0000011WE2YAM","005al00000RVcKvAAL","false","TableLayout","","Html.Layouts.TableLayout","","","","42383749337730360"
"a0bWD0000011WE3YAM","005al00000RVcKvAAL","false","TwoColumnGrid","","Html.Layouts.TwoColumnGrid","","","","42383944315116389"
"a0bWD0000011TTvYAM","005al00000RVcKvAAL","false","NoLayout","","Html.Layouts.NoLayout","","","","42384311201975589"
"a0bWD0000011TgUYAU","005al00000RVcKvAAL","false","NoLayout","","Html.Layouts.NoLayout","","","","42384379406863823"
"a0bWD0000011TgVYAU","005al00000RVcKvAAL","false","TwoColumnGrid","","Html.Layouts.TwoColumnGrid","","","","42384674464543250"
"a0bWD0000011TgWYAU","005al00000RVcKvAAL","false","TwoColumnGrid","","Html.Layouts.TwoColumnGrid","","","","42384749211598843"
"a0bWD0000011TgXYAU","005al00000RVcKvAAL","false","TwoColumnGrid","","Html.Layouts.TwoColumnGrid","","","","42384807920866612"
"a0bWD0000011TgYYAU","005al00000RVcKvAAL","false","TableLayout","","Html.Layouts.TableLayout","","","","42385224124040781"
"a0bWD0000011TgZYAU","005al00000RVcKvAAL","false","a314T000000Xm6I","","Html.Layouts.NoLayout","","","","42385314672063252"
"a0bWD0000011TgaYAE","005al00000RVcKvAAL","false","TwoColumnGrid","","Html.Layouts.TwoColumnGrid","","","","42386017022692722"
"a0bWD0000011WE4YAM","005al00000RVcKvAAL","false","TwoColumnGrid","","Html.Layouts.TwoColumnGrid","","","","42386219142425761"
"a0bWD0000011WE5YAM","005al00000RVcKvAAL","false","TableLayout","","Html.Layouts.TableLayout","","","","42386638960447145"
"a0bWD0000011TTwYAM","005al00000RVcKvAAL","false","TwoColumnGrid","","Html.Layouts.TwoColumnGrid","","","","42386943597415043"
"a0bWD0000011TXhYAM","005al00000RVcKvAAL","false","SingleColumnGrid","","Html.Layouts.SingleColumnGrid","","","","42387007486772875"
"a0bWD0000011TgbYAE","005al00000RVcKvAAL","false","TableLayout","","Html.Layouts.TableLayout","","","","42387624751209876"
"a0bWD0000011TgcYAE","005al00000RVcKvAAL","false","TableLayout","","Html.Layouts.TableLayout","","","","42388327003725745"
"a0bWD0000011WE6YAM","005al00000RVcKvAAL","false","NoLayout","","Html.Layouts.NoLayout","","","","42388445478335907"
"a0bWD0000011YGwYAM","005al00000RVcKvAAL","false","TableLayout","","Html.Layouts.TableLayout","","","","42388778109509464"
"a0bWD0000011TRtYAM","005al00000RVcKvAAL","false","TableLayout","","Html.Layouts.TableLayout","","","","42388992005832761"
"a0bWD0000011TgdYAE","005al00000RVcKvAAL","false","a313g0000008Q0F","","Html.Layouts.NoLayout","","","","42389709875419116"
"a0bWD0000011TgeYAE","005al00000RVcKvAAL","false","a314T000000Xm5Q","","Html.Layouts.NoLayout","","","","42389927742881059"
"a0bWD0000011TgfYAE","005al00000RVcKvAAL","false","NoLayout","","Html.Layouts.NoLayout","","","","42389966933490085"
"a0bWD0000011WE7YAM","005al00000RVcKvAAL","false","SingleColumnGrid","","Html.Layouts.SingleColumnGrid","","","","42390275878044532"
"a0bWD0000011TRuYAM","005al00000RVcKvAAL","false","NoLayout","","Html.Layouts.NoLayout","","","","4239032013694209"
"a0bWD0000011TggYAE","005al00000RVcKvAAL","false","a313g0000008Q0F","","Html.Layouts.NoLayout","","","","42390436988619746"
"a0bWD0000011TTxYAM","005al00000RVcKvAAL","false","TableLayout","","Html.Layouts.TableLayout","","","","42391876653704558"
"a0bWD0000011TMeYAM","005al00000RVcKvAAL","false","TableLayout","","Html.Layouts.TableLayout","","","","42391907862558094"
"a0bWD0000011WE8YAM","005al00000RVcKvAAL","false","TwoColumnGrid","","Html.Layouts.TwoColumnGrid","","","","42391931801899255"
"a0bWD0000011WE9YAM","005al00000RVcKvAAL","false","TwoColumnGrid","","Html.Layouts.TwoColumnGrid","","","","42392068865855975"
"a0bWD0000011WEAYA2","005al00000RVcKvAAL","false","TableLayout","","Html.Layouts.TableLayout","","","","42393557981484689"
"a0bWD0000011WEBYA2","005al00000RVcKvAAL","false","NoLayout","","Html.Layouts.NoLayout","","","","42393767668067203"
"a0bWD0000011TRvYAM","005al00000RVcKvAAL","false","TwoColumnGrid","","Html.Layouts.TwoColumnGrid","","","","42394028912675192"
"a0bWD0000011TghYAE","005al00000RVcKvAAL","false","TableLayout","","Html.Layouts.TableLayout","","","","42394257726265058"
"a0bWD0000011WECYA2","005al00000RVcKvAAL","false","TableLayout","","Html.Layouts.TableLayout","","","","42394480108272177"
"a0bWD0000011TgiYAE","005al00000RVcKvAAL","false","a2Cbn000002Vb6i","","Html.Layouts.NoLayout","","","","42394767734413769"
"a0bWD0000011UI4YAM","005al00000RVcKvAAL","false","TableLayout","","Html.Layouts.TableLayout","","","","42394935586859872"
"a0bWD0000011TOnYAM","005al00000RVcKvAAL","false","TwoColumnGrid","","Html.Layouts.TwoColumnGrid","","","","42396061595563514"
"a0bWD0000011TgjYAE","005al00000RVcKvAAL","false","TwoColumnGrid","","Html.Layouts.TwoColumnGrid","","","","42396374150047706"
"a0bWD0000011WEDYA2","005al00000RVcKvAAL","false","TwoColumnGrid","","Html.Layouts.TwoColumnGrid","","","","42396690794813438"
"a0bWD0000011WEEYA2","005al00000RVcKvAAL","false","TwoColumnGrid","","Html.Layouts.TwoColumnGrid","","","","42397362777486781"
"a0bWD0000011TgkYAE","005al00000RVcKvAAL","false","TwoColumnGrid","","Html.Layouts.TwoColumnGrid","","","","42397485660126420"
"a0bWD0000011WEFYA2","005al00000RVcKvAAL","false","NoLayout","","Html.Layouts.NoLayout","","","","42397548891872669"
"a0bWD0000011TglYAE","005al00000RVcKvAAL","false","a313g0000008Q0K","","Html.Layouts.NoLayout","","","","42398492777202150"
"a0bWD0000011WEGYA2","005al00000RVcKvAAL","false","TableLayout","","Html.Layouts.TableLayout","","","","42399643909276604"
"a0bWD0000011TgmYAE","005al00000RVcKvAAL","false","NoLayout","","Html.Layouts.NoLayout","","","","42400966399644657"
"a0bWD0000011WEHYA2","005al00000RVcKvAAL","false","a313g0000008Q0N","","Html.Layouts.TwoColumnGrid","","","","42401161186556851"
"a0bWD0000011TgnYAE","005al00000RVcKvAAL","false","TwoColumnGrid","","Html.Layouts.TwoColumnGrid","","","","42401189222378137"
"a0bWD0000011TRwYAM","005al00000RVcKvAAL","false","TwoColumnGrid","","Html.Layouts.TwoColumnGrid","","","","42402100192934086"
"a0bWD0000011TgoYAE","005al00000RVcKvAAL","false","NoLayout","","Html.Layouts.NoLayout","","","","42402178475012704"
"a0bWD0000011WEIYA2","005al00000RVcKvAAL","false","TableLayout","","Html.Layouts.TableLayout","","","","42402404168066635"
"a0bWD0000011YGxYAM","005al00000RVcKvAAL","false","TwoColumnGrid","","Html.Layouts.TwoColumnGrid","","","","42402647887370104"
"a0bWD0000011WEJYA2","005al00000RVcKvAAL","false","TableLayout","","Html.Layouts.TableLayout","","","","42402803387864621"
"a0bWD0000011TgpYAE","005al00000RVcKvAAL","false","NoLayout","","Html.Layouts.NoLayout","","","","42402972777788830"
"a0bWD0000011TOoYAM","005al00000RVcKvAAL","false","TwoColumnGrid","","Html.Layouts.TwoColumnGrid","","","","42402976468674384"
"a0bWD0000011TgqYAE","005al00000RVcKvAAL","false","TableLayout","","Html.Layouts.TableLayout","","","","42403459117179834"
"a0bWD0000011TgrYAE","005al00000RVcKvAAL","false","a2Cbn000002Vb6i","","Html.Layouts.NoLayout","","","","42403938373662814"
"a0bWD0000011WEKYA2","005al00000RVcKvAAL","false","TwoColumnGrid","","Html.Layouts.TwoColumnGrid","","","","42404139339810245"
"a0bWD0000011WELYA2","005al00000RVcKvAAL","false","TableLayout","","Html.Layouts.TableLayout","","","","42404695603896669"
"a0bWD0000011WEMYA2","005al00000RVcKvAAL","false","NoLayout","","Html.Layouts.NoLayout","","","","42404767180392000"
"a0bWD0000011TgsYAE","005al00000RVcKvAAL","false","a2Cbn000002Vb6o","","Html.Layouts.NoLayout","","","","42405031745292239"
"a0bWD0000011TgtYAE","005al00000RVcKvAAL","false","TableLayout","","Html.Layouts.TableLayout","","","","42405799456812174"
"a0bWD0000011TguYAE","005al00000RVcKvAAL","false","a2Cbn000002Vb7A","","Html.Layouts.TableLayout","","","","42406321871400919"
"a0bWD0000011TgvYAE","005al00000RVcKvAAL","false","TwoColumnGrid","","Html.Layouts.TwoColumnGrid","","","","42406682077241240"
"a0bWD0000011TgwYAE","005al00000RVcKvAAL","false","TwoColumnGrid","","Html.Layouts.TwoColumnGrid","","","","42406742242917543"
"a0bWD0000011TgxYAE","005al00000RVcKvAAL","false","TableLayout","","Html.Layouts.TableLayout","","","","42406872600303928"
"a0bWD0000011TMfYAM","005al00000RVcKvAAL","false","SingleColumnGrid","","Html.Layouts.SingleColumnGrid","","","","42407013721641977"
"a0bWD0000011TgyYAE","005al00000RVcKvAAL","false","NoLayout","","Html.Layouts.NoLayout","","","","42407835641869824"
"a0bWD0000011TgzYAE","005al00000RVcKvAAL","false","a2Cbn000002Vb74","","Html.Layouts.TableLayout","","","","42408154347007931"
"a0bWD0000011Th0YAE","005al00000RVcKvAAL","false","TwoColumnGrid","","Html.Layouts.TwoColumnGrid","","","","42408252633012091"
"a0bWD0000011Th1YAE","005al00000RVcKvAAL","false","a2Cbn000002Vb77","","Html.Layouts.TableLayout","","","","42408357578673013"
"a0bWD0000011TOpYAM","005al00000RVcKvAAL","false","TwoColumnGrid","","Html.Layouts.TwoColumnGrid","","","","42408560116007986"
"a0bWD0000011WENYA2","005al00000RVcKvAAL","false","NoLayout","","Html.Layouts.NoLayout","","","","42408726510620419"
"a0bWD0000011WEOYA2","005al00000RVcKvAAL","false","TableLayout","","Html.Layouts.TableLayout","","","","42409064166816951"
"a0bWD0000011Th2YAE","005al00000RVcKvAAL","false","TableLayout","","Html.Layouts.TableLayout","","","","42410299047531886"
"a0bWD0000011WEPYA2","005al00000RVcKvAAL","false","TwoColumnGrid","","Html.Layouts.TwoColumnGrid","","","","42411598921415554"
"a0bWD0000011WEQYA2","005al00000RVcKvAAL","false","TableLayout","","Html.Layouts.TableLayout","","","","42411633067400625"
"a0bWD0000011Th3YAE","005al00000RVcKvAAL","false","NoLayout","","Html.Layouts.NoLayout","","","","42411820318715349"
"a0bWD0000011WERYA2","005al00000RVcKvAAL","false","TableLayout","","Html.Layouts.TableLayout","","","","42412298456195873"
"a0bWD0000011TOqYAM","005al00000RVcKvAAL","false","TwoColumnGrid","","Html.Layouts.TwoColumnGrid","","","","42412629831471282"
"a0bWD0000011WESYA2","005al00000RVcKvAAL","false","TableLayout","","Html.Layouts.TableLayout","","","","42412955430837085"
"a0bWD0000011Th4YAE","005al00000RVcKvAAL","false","TableLayout","","Html.Layouts.TableLayout","","","","42413369239697889"
"a0bWD0000011WETYA2","005al00000RVcKvAAL","false","NoLayout","","Html.Layouts.NoLayout","","","","42414230816255497"
"a0bWD0000011TOrYAM","005al00000RVcKvAAL","false","NoLayout","","Html.Layouts.NoLayout","","","","42414407031940912"
"a0bWD0000011WEUYA2","005al00000RVcKvAAL","false","a314T000000Xm6K","","Html.Layouts.TableLayout","","","","42414445382909679"
"a0bWD0000011WEVYA2","005al00000RVcKvAAL","false","TableLayout","","Html.Layouts.TableLayout","","","","42414702668108022"
"a0bWD0000011Th5YAE","005al00000RVcKvAAL","false","NoLayout","","Html.Layouts.NoLayout","","","","42415180886346399"
"a0bWD0000011WEWYA2","005al00000RVcKvAAL","false","TableLayout","","Html.Layouts.TableLayout","","","","42415235306637722"
"a0bWD0000011WEXYA2","005al00000RVcKvAAL","false","TableLayout","","Html.Layouts.TableLayout","","","","42415237205160006"
"a0bWD0000011Th6YAE","005al00000RVcKvAAL","false","TwoColumnGrid","","Html.Layouts.TwoColumnGrid","","","","42415664380819048"
"a0bWD0000011WEYYA2","005al00000RVcKvAAL","false","TableLayout","","Html.Layouts.TableLayout","","","","42415769122350057"
"a0bWD0000011UI5YAM","005al00000RVcKvAAL","false","NoLayout","","Html.Layouts.NoLayout","","","","42416670953550255"
"a0bWD0000011TMgYAM","005al00000RVcKvAAL","false","TableLayout","","Html.Layouts.TableLayout","","","","42416806897619469"
"a0bWD0000011WEZYA2","005al00000RVcKvAAL","false","TableLayout","","Html.Layouts.TableLayout","","","","42416993249913032"
"a0bWD0000011WEaYAM","005al00000RVcKvAAL","false","a2Cbn000002Vb7Z","","Html.Layouts.TableLayout","","","","42417138048130183"
"a0bWD0000011Th7YAE","005al00000RVcKvAAL","false","TableLayout","","Html.Layouts.TableLayout","","","","42417394965772784"
"a0bWD0000011TTyYAM","005al00000RVcKvAAL","false","TwoColumnGrid","","Html.Layouts.TwoColumnGrid","","","","42418177285209227"
"a0bWD0000011Th8YAE","005al00000RVcKvAAL","false","a2Cbn000002Vb79","","Html.Layouts.TableLayout","","","","42418221333115721"
"a0bWD0000011Th9YAE","005al00000RVcKvAAL","false","NoLayout","","Html.Layouts.NoLayout","","","","42418611762152808"
"a0bWD0000011TRxYAM","005al00000RVcKvAAL","false","TwoColumnGrid","","Html.Layouts.TwoColumnGrid","","","","42419441208006431"
"a0bWD0000011TMhYAM","005al00000RVcKvAAL","false","TwoColumnGrid","","Html.Layouts.TwoColumnGrid","","","","42420328368427781"
"a0bWD0000011WEbYAM","005al00000RVcKvAAL","false","NoLayout","","Html.Layouts.NoLayout","","","","42421038244277958"
"a0bWD0000011TTzYAM","005al00000RVcKvAAL","false","TableLayout","","Html.Layouts.TableLayout","","","","42421154402520859"
"a0bWD0000011ThAYAU","005al00000RVcKvAAL","false","NoLayout","","Html.Layouts.NoLayout","","","","42421349676986226"
"a0bWD0000011UEmYAM","005al00000RVcKvAAL","false","TwoColumnGrid","","Html.Layouts.TwoColumnGrid","","","","42421459730537270"
"a0bWD0000011UI6YAM","005al00000RVcKvAAL","false","TwoColumnGrid","","Html.Layouts.TwoColumnGrid","","","","42421642305411511"
"a0bWD0000011TOsYAM","005al00000RVcKvAAL","false","TwoColumnGrid","","Html.Layouts.TwoColumnGrid","","","","42422138806714540"
"a0bWD0000011ThBYAU","005al00000RVcKvAAL","false","TwoColumnGrid","","Html.Layouts.TwoColumnGrid","","","","42422832295964835"
"a0bWD0000011ThCYAU","005al00000RVcKvAAL","false","NoLayout","","Html.Layouts.NoLayout","","","","42423057590716783"
"a0bWD0000011ThDYAU","005al00000RVcKvAAL","false","NoLayout","","Html.Layouts.NoLayout","","","","42423099473070775"
"a0bWD0000011ThEYAU","005al00000RVcKvAAL","false","a2Cbn000002Vb77","","Html.Layouts.TableLayout","","","","42423678218718706"
"a0bWD0000011TMiYAM","005al00000RVcKvAAL","false","NoLayout","","Html.Layouts.NoLayout","","","","42424925070038460"
"a0bWD0000011WEcYAM","005al00000RVcKvAAL","false","TableLayout","","Html.Layouts.TableLayout","","","","42425437554723861"
"a0bWD0000011TU0YAM","005al00000RVcKvAAL","false","TableLayout","","Html.Layouts.TableLayout","","","","42425443208536181"
"a0bWD0000011TOtYAM","005al00000RVcKvAAL","false","TwoColumnGrid","","Html.Layouts.TwoColumnGrid","","","","42426854260221280"
"a0bWD0000011ThFYAU","005al00000RVcKvAAL","false","TwoColumnGrid","","Html.Layouts.TwoColumnGrid","","","","4242708477988869"
"a0bWD0000011ThGYAU","005al00000RVcKvAAL","false","NoLayout","","Html.Layouts.NoLayout","","","","42427088176270690"
"a0bWD0000011WEdYAM","005al00000RVcKvAAL","false","TableLayout","","Html.Layouts.TableLayout","","","","42427577404712152"
"a0bWD0000011WEeYAM","005al00000RVcKvAAL","false","NoLayout","","Html.Layouts.NoLayout","","","","42427650204025589"
"a0bWD0000011TOuYAM","005al00000RVcKvAAL","false","TwoColumnGrid","","Html.Layouts.TwoColumnGrid","","","","42428362451154329"
"a0bWD0000011ThHYAU","005al00000RVcKvAAL","false","TableLayout","","Html.Layouts.TableLayout","","","","42430183540644063"
"a0bWD0000011WEfYAM","005al00000RVcKvAAL","false","TableLayout","","Html.Layouts.TableLayout","","","","42430700203384912"
"a0bWD0000011TXiYAM","005al00000RVcKvAAL","false","NoLayout","","Html.Layouts.NoLayout","","","","42431457563134295"
"a0bWD0000011ThIYAU","005al00000RVcKvAAL","false","a2Cbn000002Vb5p","","Html.Layouts.NoLayout","","","","42431873956987571"
"a0bWD0000011WEgYAM","005al00000RVcKvAAL","false","TableLayout","","Html.Layouts.TableLayout","","","","42432815873810941"
"a0bWD0000011ThJYAU","005al00000RVcKvAAL","false","TwoColumnGrid","","Html.Layouts.TwoColumnGrid","","","","42432920473617906"
"a0bWD0000011ThKYAU","005al00000RVcKvAAL","false","SingleColumnGrid","","Html.Layouts.SingleColumnGrid","","","","42433365761314154"
"a0bWD0000011TRyYAM","005al00000RVcKvAAL","false","NoLayout","","Html.Layouts.NoLayout","","","","42433942184098023"
"a0bWD0000011ThLYAU","005al00000RVcKvAAL","false","NoLayout","","Html.Layouts.NoLayout","","","","42434059573199779"
"a0bWD0000011TOvYAM","005al00000RVcKvAAL","false","TwoColumnGrid","","Html.Layouts.TwoColumnGrid","","","","4243469376728886"
"a0bWD0000011ThMYAU","005al00000RVcKvAAL","false","NoLayout","","Html.Layouts.NoLayout","","","","42434986313070007"
"a0bWD0000011TOwYAM","005al00000RVcKvAAL","false","TwoColumnGrid","","Html.Layouts.TwoColumnGrid","","","","42436113308655194"
"a0bWD0000011ThNYAU","005al00000RVcKvAAL","false","TableLayout","","Html.Layouts.TableLayout","","","","42436148281503994"
"a0bWD0000011ThOYAU","005al00000RVcKvAAL","false","NoLayout","","Html.Layouts.NoLayout","","","","42436212568894105"
"a0bWD0000011UEnYAM","005al00000RVcKvAAL","false","TwoColumnGrid","","Html.Layouts.TwoColumnGrid","","","","42436277802924076"
"a0bWD0000011TOxYAM","005al00000RVcKvAAL","false","TwoColumnGrid","","Html.Layouts.TwoColumnGrid","","","","42437827114421676"
"a0bWD0000011TOyYAM","005al00000RVcKvAAL","false","NoLayout","","Html.Layouts.NoLayout","","","","42437946704131602"
"a0bWD0000011YH8YAM","005al00000RVcKvAAL","false","TwoColumnGrid","","Html.Layouts.TwoColumnGrid","","","","42438079532849105"
"a0bWD0000011TOzYAM","005al00000RVcKvAAL","false","TwoColumnGrid","","Html.Layouts.TwoColumnGrid","","","","42438699197605817"
"a0bWD0000011WEhYAM","005al00000RVcKvAAL","false","NoLayout","","Html.Layouts.NoLayout","","","","42438834531128576"
"a0bWD0000011ThPYAU","005al00000RVcKvAAL","false","TableLayout","","Html.Layouts.TableLayout","","","","42438838671595216"
"a0bWD0000011ThQYAU","005al00000RVcKvAAL","false","NoLayout","","Html.Layouts.NoLayout","","","","42439475383454541"
"a0bWD0000011ThRYAU","005al00000RVcKvAAL","false","a2Cbn000002Vb77","","Html.Layouts.TableLayout","","","","42440050224073354"
"a0bWD0000011ThSYAU","005al00000RVcKvAAL","false","TableLayout","","Html.Layouts.TableLayout","","","","42440245437018031"
"a0bWD0000011TXjYAM","005al00000RVcKvAAL","false","TwoColumnGrid","","Html.Layouts.TwoColumnGrid","","","","42440321503401707"
"a0bWD0000011WEiYAM","005al00000RVcKvAAL","false","TableLayout","","Html.Layouts.TableLayout","","","","42441386949028663"
"a0bWD0000011ThTYAU","005al00000RVcKvAAL","false","TableLayout","","Html.Layouts.TableLayout","","","","42441836283671152"
"a0bWD0000011WEjYAM","005al00000RVcKvAAL","false","TableLayout","","Html.Layouts.TableLayout","","","","42442446979993717"
"a0bWD0000011TMjYAM","005al00000RVcKvAAL","false","NoLayout","","Html.Layouts.NoLayout","","","","42442811039569291"
"a0bWD0000011ThUYAU","005al00000RVcKvAAL","false","a313g0000008Q0I","","Html.Layouts.TableLayout","","","","42443174874794530"
"a0bWD0000011TXkYAM","005al00000RVcKvAAL","false","TwoColumnGrid","","Html.Layouts.TwoColumnGrid","","","","42443463394158289"
"a0bWD0000011TP0YAM","005al00000RVcKvAAL","false","TwoColumnGrid","","Html.Layouts.TwoColumnGrid","","","","42443672438278016"
"a0bWD0000011TU1YAM","005al00000RVcKvAAL","false","SingleColumnGrid","","Html.Layouts.SingleColumnGrid","","","","42443791427863139"
"a0bWD0000011ThVYAU","005al00000RVcKvAAL","false","TwoColumnGrid","","Html.Layouts.TwoColumnGrid","","","","42444053556440591"
"a0bWD0000011ThWYAU","005al00000RVcKvAAL","false","SingleColumnGrid","","Html.Layouts.SingleColumnGrid","","","","42444148411418570"
"a0bWD0000011ThXYAU","005al00000RVcKvAAL","false","NoLayout","","Html.Layouts.NoLayout","","","","42444754411667920"
"a0bWD0000011ThYYAU","005al00000RVcKvAAL","false","NoLayout","","Html.Layouts.NoLayout","","","","42445600199569919"
"a0bWD0000011TXlYAM","005al00000RVcKvAAL","false","SingleColumnGrid","","Html.Layouts.SingleColumnGrid","","","","42445646569279835"
"a0bWD0000011TRzYAM","005al00000RVcKvAAL","false","TwoColumnGrid","","Html.Layouts.TwoColumnGrid","","","","42446646924582052"
"a0bWD0000011WEkYAM","005al00000RVcKvAAL","false","TableLayout","","Html.Layouts.TableLayout","","","","42447200869413319"
"a0bWD0000011TP1YAM","005al00000RVcKvAAL","false","SingleColumnGrid","","Html.Layouts.SingleColumnGrid","","","","42447721611877467"
"a0bWD0000011WElYAM","005al00000RVcKvAAL","false","NoLayout","","Html.Layouts.NoLayout","","","","42448126750640600"
"a0bWD0000011TS0YAM","005al00000RVcKvAAL","false","TwoColumnGrid","","Html.Layouts.TwoColumnGrid","","","","42448244122358299"
"a0bWD0000011WEmYAM","005al00000RVcKvAAL","false","TableLayout","","Html.Layouts.TableLayout","","","","42448857415923234"
"a0bWD0000011ThZYAU","005al00000RVcKvAAL","false","NoLayout","","Html.Layouts.NoLayout","","","","42449426429728178"
"a0bWD0000011WEnYAM","005al00000RVcKvAAL","false","TableLayout","","Html.Layouts.TableLayout","","","","42449592905539214"
"a0bWD0000011TXmYAM","005al00000RVcKvAAL","false","NoLayout","","Html.Layouts.NoLayout","","","","42449862838519335"
"a0bWD0000011ThaYAE","005al00000RVcKvAAL","false","a313g0000008Q0K","","Html.Layouts.NoLayout","","","","42450346777501993"
"a0bWD0000011ThbYAE","005al00000RVcKvAAL","false","TableLayout","","Html.Layouts.TableLayout","","","","42450355771021177"
"a0bWD0000011WEoYAM","005al00000RVcKvAAL","false","TwoColumnGrid","","Html.Layouts.TwoColumnGrid","","","","42450890372279800"
"a0bWD0000011ThcYAE","005al00000RVcKvAAL","false","a2Cbn000002Vb6g","","Html.Layouts.NoLayout","","","","42451508558167635"
"a0bWD0000011ThdYAE","005al00000RVcKvAAL","false","SingleColumnGrid","","Html.Layouts.SingleColumnGrid","","","","42452016519368706"
"a0bWD0000011TheYAE","005al00000RVcKvAAL","false","a2Cbn000002Vb5p","","Html.Layouts.NoLayout","","","","42452855504139817"
"a0bWD0000011ThfYAE","005al00000RVcKvAAL","false","NoLayout","","Html.Layouts.NoLayout","","","","42452948179567947"
"a0bWD0000011WEpYAM","005al00000RVcKvAAL","false","TableLayout","","Html.Layouts.TableLayout","","","","42453588420600740"
"a0bWD0000011TMkYAM","005al00000RVcKvAAL","false","TwoColumnGrid","","Html.Layouts.TwoColumnGrid","","","","42453693613926510"
"a0bWD0000011WEqYAM","005al00000RVcKvAAL","false","TableLayout","","Html.Layouts.TableLayout","","","","42453983860186295"
"a0bWD0000011ThgYAE","005al00000RVcKvAAL","false","NoLayout","","Html.Layouts.NoLayout","","","","42454461350437047"
"a0bWD0000011TMlYAM","005al00000RVcKvAAL","false","TwoColumnGrid","","Html.Layouts.TwoColumnGrid","","","","42454570284339677"
"a0bWD0000011WErYAM","005al00000RVcKvAAL","false","NoLayout","","Html.Layouts.NoLayout","","","","42455445973035914"
"a0bWD0000011WEsYAM","005al00000RVcKvAAL","false","NoLayout","","Html.Layouts.NoLayout","","","","42456102387676720"
"a0bWD0000011UEoYAM","005al00000RVcKvAAL","false","SingleColumnGrid","","Html.Layouts.SingleColumnGrid","","","","42457008097968149"
"a0bWD0000011ThhYAE","005al00000RVcKvAAL","false","a2Cbn000002Vb5n","","Html.Layouts.NoLayout","","","","42457074958963497"
"a0bWD0000011WEtYAM","005al00000RVcKvAAL","false","a313g0000008Q0N","","Html.Layouts.TwoColumnGrid","","","","42457271271057006"
"a0bWD0000011ThiYAE","005al00000RVcKvAAL","false","NoLayout","","Html.Layouts.NoLayout","","","","42457298928458827"
"a0bWD0000011TP2YAM","005al00000RVcKvAAL","false","TwoColumnGrid","","Html.Layouts.TwoColumnGrid","","","","42457322562159927"
"a0bWD0000011ThjYAE","005al00000RVcKvAAL","false","a2Cbn000002Vb5s","","Html.Layouts.NoLayout","","","","42457496563143449"
"a0bWD0000011WEuYAM","005al00000RVcKvAAL","false","a2Cbn000002Vb7Z","","Html.Layouts.TableLayout","","","","42458523294685564"
"a0bWD0000011ThkYAE","005al00000RVcKvAAL","false","TableLayout","","Html.Layouts.TableLayout","","","","42459542025572510"
"a0bWD0000011TU2YAM","005al00000RVcKvAAL","false","NoLayout","","Html.Layouts.NoLayout","","","","42459547103480938"
"a0bWD0000011WEvYAM","005al00000RVcKvAAL","false","TableLayout","","Html.Layouts.TableLayout","","","","42459628760705047"
"a0bWD0000011ThlYAE","005al00000RVcKvAAL","false","NoLayout","","Html.Layouts.NoLayout","","","","42460406685346119"
"a0bWD0000011ThmYAE","005al00000RVcKvAAL","false","NoLayout","","Html.Layouts.NoLayout","","","","42460992293716377"
"a0bWD0000011ThnYAE","005al00000RVcKvAAL","false","NoLayout","","Html.Layouts.NoLayout","","","","42461670961038637"
"a0bWD0000011UI7YAM","005al00000RVcKvAAL","false","NoLayout","","Html.Layouts.NoLayout","","","","42462168007630294"
"a0bWD0000011ThoYAE","005al00000RVcKvAAL","false","NoLayout","","Html.Layouts.NoLayout","","","","42462349385463320"
"a0bWD0000011TMmYAM","005al00000RVcKvAAL","false","TwoColumnGrid","","Html.Layouts.TwoColumnGrid","","","","42462903242702373"
"a0bWD0000011TXnYAM","005al00000RVcKvAAL","false","TwoColumnGrid","","Html.Layouts.TwoColumnGrid","","","","42464948132988839"
"a0bWD0000011WEwYAM","005al00000RVcKvAAL","false","NoLayout","","Html.Layouts.NoLayout","","","","42465143587076904"
"a0bWD0000011ThpYAE","005al00000RVcKvAAL","false","NoLayout","","Html.Layouts.NoLayout","","","","42465401855927235"
"a0bWD0000011TMnYAM","005al00000RVcKvAAL","false","TwoColumnGrid","","Html.Layouts.TwoColumnGrid","","","","42465461062155941"
"a0bWD0000011ThqYAE","005al00000RVcKvAAL","false","NoLayout","","Html.Layouts.NoLayout","","","","42466568345406574"
"a0bWD0000011WExYAM","005al00000RVcKvAAL","false","TableLayout","","Html.Layouts.TableLayout","","","","42466597476764607"
"a0bWD0000011ThrYAE","005al00000RVcKvAAL","false","TwoColumnGrid","","Html.Layouts.TwoColumnGrid","","","","42467276055324582"
"a0bWD0000011ThsYAE","005al00000RVcKvAAL","false","NoLayout","","Html.Layouts.NoLayout","","","","42467526997510079"
"a0bWD0000011UEpYAM","005al00000RVcKvAAL","false","TwoColumnGrid","","Html.Layouts.TwoColumnGrid","","","","42468043041300460"
"a0bWD0000011ThtYAE","005al00000RVcKvAAL","false","NoLayout","","Html.Layouts.NoLayout","","","","42468474363746058"
"a0bWD0000011ThuYAE","005al00000RVcKvAAL","false","NoLayout","","Html.Layouts.NoLayout","","","","42469222504065381"
"a0bWD0000011ThvYAE","005al00000RVcKvAAL","false","TwoColumnGrid","","Html.Layouts.TwoColumnGrid","","","","42469625640468391"
"a0bWD0000011ThwYAE","005al00000RVcKvAAL","false","SingleColumnGrid","","Html.Layouts.SingleColumnGrid","","","","42470041763100416"
"a0bWD0000011WEyYAM","005al00000RVcKvAAL","false","TableLayout","","Html.Layouts.TableLayout","","","","42470104012813092"
"a0bWD0000011ThxYAE","005al00000RVcKvAAL","false","TwoColumnGrid","","Html.Layouts.TwoColumnGrid","","","","42470203631733501"
"a0bWD0000011TS1YAM","005al00000RVcKvAAL","false","NoLayout","","Html.Layouts.NoLayout","","","","42470246672066628"
"a0bWD0000011WEzYAM","005al00000RVcKvAAL","false","a2Cbn000002VbCs","","Html.Layouts.TableLayout","","","","42471406531685969"
"a0bWD0000011ThyYAE","005al00000RVcKvAAL","false","TableLayout","","Html.Layouts.TableLayout","","","","42471456903007703"
"a0bWD0000011WF0YAM","005al00000RVcKvAAL","false","TableLayout","","Html.Layouts.TableLayout","","","","42471497943041040"
"a0bWD0000011WF1YAM","005al00000RVcKvAAL","false","TableLayout","","Html.Layouts.TableLayout","","","","42471608629443661"
"a0bWD0000011WF2YAM","005al00000RVcKvAAL","false","NoLayout","","Html.Layouts.NoLayout","","","","42472111695527391"
"a0bWD0000011TXoYAM","005al00000RVcKvAAL","false","TwoColumnGrid","","Html.Layouts.TwoColumnGrid","","","","42472643088399542"
"a0bWD0000011ThzYAE","005al00000RVcKvAAL","false","a2Cbn000002Vb6n","","Html.Layouts.TwoColumnGrid","","","","42472809413599238"
"a0bWD0000011TP3YAM","005al00000RVcKvAAL","false","TwoColumnGrid","","Html.Layouts.TwoColumnGrid","","","","42472819914221310"
"a0bWD0000011UEqYAM","005al00000RVcKvAAL","false","TwoColumnGrid","","Html.Layouts.TwoColumnGrid","","","","42473219388682404"
"a0bWD0000011Ti0YAE","005al00000RVcKvAAL","false","TwoColumnGrid","","Html.Layouts.TwoColumnGrid","","","","42474434108066863"
"a0bWD0000011WF3YAM","005al00000RVcKvAAL","false","NoLayout","","Html.Layouts.NoLayout","","","","42474784248484938"
"a0bWD0000011WF4YAM","005al00000RVcKvAAL","false","TableLayout","","Html.Layouts.TableLayout","","","","424750856758513"
"a0bWD0000011TP4YAM","005al00000RVcKvAAL","false","TwoColumnGrid","","Html.Layouts.TwoColumnGrid","","","","42475422656600905"
"a0bWD0000011WF5YAM","005al00000RVcKvAAL","false","TableLayout","","Html.Layouts.TableLayout","","","","42475501436152623"
"a0bWD0000011WF6YAM","005al00000RVcKvAAL","false","TableLayout","","Html.Layouts.TableLayout","","","","42477289823213795"
"a0bWD0000011WF7YAM","005al00000RVcKvAAL","false","TableLayout","","Html.Layouts.TableLayout","","","","42477456619707883"
"a0bWD0000011WF8YAM","005al00000RVcKvAAL","false","NoLayout","","Html.Layouts.NoLayout","","","","42477524637850669"
"a0bWD0000011Ti1YAE","005al00000RVcKvAAL","false","a2Cbn000002Vb5t","","Html.Layouts.NoLayout","","","","42477566161695131"
"a0bWD0000011Ti2YAE","005al00000RVcKvAAL","false","NoLayout","","Html.Layouts.NoLayout","","","","42478324585437955"
"a0bWD0000011TP5YAM","005al00000RVcKvAAL","false","TwoColumnGrid","","Html.Layouts.TwoColumnGrid","","","","42478706974656600"
"a0bWD0000011WF9YAM","005al00000RVcKvAAL","false","a2Cbn000002Vb7Z","","Html.Layouts.TableLayout","","","","42479426320280196"
"a0bWD0000011Ti3YAE","005al00000RVcKvAAL","false","TableLayout","","Html.Layouts.TableLayout","","","","42480754282076112"
"a0bWD0000011WFAYA2","005al00000RVcKvAAL","false","SingleColumnGrid","","Html.Layouts.SingleColumnGrid","","","","42481224048339661"
"a0bWD0000011WFBYA2","005al00000RVcKvAAL","false","TableLayout","","Html.Layouts.TableLayout","","","","42481625966915095"
"a0bWD0000011UErYAM","005al00000RVcKvAAL","false","TwoColumnGrid","","Html.Layouts.TwoColumnGrid","","","","42482496431766834"
"a0bWD0000011TXpYAM","005al00000RVcKvAAL","false","TwoColumnGrid","","Html.Layouts.TwoColumnGrid","","","","42482740172899447"
"a0bWD0000011Ti4YAE","005al00000RVcKvAAL","false","a2Cbn000002Vb6g","","Html.Layouts.NoLayout","","","","42483498529658031"
"a0bWD0000011Ti5YAE","005al00000RVcKvAAL","false","a2Cbn000002Vb5q","","Html.Layouts.NoLayout","","","","42484369439684704"
"a0bWD0000011Ti6YAE","005al00000RVcKvAAL","false","TwoColumnGrid","","Html.Layouts.TwoColumnGrid","","","","42484727604750652"
"a0bWD0000011TS2YAM","005al00000RVcKvAAL","false","NoLayout","","Html.Layouts.NoLayout","","","","42485210819442023"
"a0bWD0000011Ti7YAE","005al00000RVcKvAAL","false","TwoColumnGrid","","Html.Layouts.TwoColumnGrid","","","","42485240772135530"
"a0bWD0000011Ti8YAE","005al00000RVcKvAAL","false","TableLayout","","Html.Layouts.TableLayout","","","","42485521214617584"
"a0bWD0000011Ti9YAE","005al00000RVcKvAAL","false","a2Cbn000002Vb5p","","Html.Layouts.NoLayout","","","","42485717235440372"
"a0bWD0000011TiAYAU","005al00000RVcKvAAL","false","NoLayout","","Html.Layouts.NoLayout","","","","42486331680972275"
"a0bWD0000011TiBYAU","005al00000RVcKvAAL","false","NoLayout","","Html.Layouts.NoLayout","","","","42486637506383847"
"a0bWD0000011WFCYA2","005al00000RVcKvAAL","false","TableLayout","","Html.Layouts.TableLayout","","","","42487825654842362"
"a0bWD0000011TiCYAU","005al00000RVcKvAAL","false","NoLayout","","Html.Layouts.NoLayout","","","","42487847814396826"
"a0bWD0000011TiDYAU","005al00000RVcKvAAL","false","NoLayout","","Html.Layouts.NoLayout","","","","42488286221153193"
"a0bWD0000011TiEYAU","005al00000RVcKvAAL","false","NoLayout","","Html.Layouts.NoLayout","","","","42488372157222104"
"a0bWD0000011TiFYAU","005al00000RVcKvAAL","false","NoLayout","","Html.Layouts.NoLayout","","","","42488548173072230"
"a0bWD0000011TiGYAU","005al00000RVcKvAAL","false","NoLayout","","Html.Layouts.NoLayout","","","","42489034053659138"
"a0bWD0000011WFDYA2","005al00000RVcKvAAL","false","TwoColumnGrid","","Html.Layouts.TwoColumnGrid","","","","42489216124316914"
"a0bWD0000011TiHYAU","005al00000RVcKvAAL","false","NoLayout","","Html.Layouts.NoLayout","","","","42489259665954047"
"a0bWD0000011TiIYAU","005al00000RVcKvAAL","false","NoLayout","","Html.Layouts.NoLayout","","","","42489387670360993"
"a0bWD0000011WFEYA2","005al00000RVcKvAAL","false","a313g0000008Q0O","","Html.Layouts.TableLayout","","","","42489930925051292"
"a0bWD0000011TiJYAU","005al00000RVcKvAAL","false","TwoColumnGrid","","Html.Layouts.TwoColumnGrid","","","","42490224579076168"
"a0bWD0000011TiKYAU","005al00000RVcKvAAL","false","NoLayout","","Html.Layouts.NoLayout","","","","42490318098086888"
"a0bWD0000011TP6YAM","005al00000RVcKvAAL","false","TwoColumnGrid","","Html.Layouts.TwoColumnGrid","","","","42490318649382039"
"a0bWD0000011TP7YAM","005al00000RVcKvAAL","false","TwoColumnGrid","","Html.Layouts.TwoColumnGrid","","","","42491656616502359"
"a0bWD0000011WFFYA2","005al00000RVcKvAAL","false","TableLayout","","Html.Layouts.TableLayout","","","","42492843934337595"
"a0bWD0000011TiLYAU","005al00000RVcKvAAL","false","a314T000000Xm5P","","Html.Layouts.NoLayout","","","","42492969801879815"
"a0bWD0000011TS3YAM","005al00000RVcKvAAL","false","NoLayout","","Html.Layouts.NoLayout","","","","42493038984075525"
"a0bWD0000011WFGYA2","005al00000RVcKvAAL","false","TableLayout","","Html.Layouts.TableLayout","","","","42493419619541237"
"a0bWD0000011TiMYAU","005al00000RVcKvAAL","false","TableLayout","","Html.Layouts.TableLayout","","","","42494243741873299"
"a0bWD0000011WFHYA2","005al00000RVcKvAAL","false","TableLayout","","Html.Layouts.TableLayout","","","","42494868259373799"
"a0bWD0000011WFIYA2","005al00000RVcKvAAL","false","TableLayout","","Html.Layouts.TableLayout","","","","42494870030687919"
"a0bWD0000011TP8YAM","005al00000RVcKvAAL","false","TwoColumnGrid","","Html.Layouts.TwoColumnGrid","","","","42496515730073457"
"a0bWD0000011TiNYAU","005al00000RVcKvAAL","false","a2Cbn000002VbCk","","Html.Layouts.NoLayout","","","","42496550606997025"
"a0bWD0000011WFJYA2","005al00000RVcKvAAL","false","NoLayout","","Html.Layouts.NoLayout","","","","42496810248058409"
"a0bWD0000011WFKYA2","005al00000RVcKvAAL","false","TableLayout","","Html.Layouts.TableLayout","","","","42497217541922003"
"a0bWD0000011TP9YAM","005al00000RVcKvAAL","false","NoLayout","","Html.Layouts.NoLayout","","","","42498116780080468"
"a0bWD0000011TPAYA2","005al00000RVcKvAAL","false","TwoColumnGrid","","Html.Layouts.TwoColumnGrid","","","","42498178849584092"
"a0bWD0000011TiOYAU","005al00000RVcKvAAL","false","TwoColumnGrid","","Html.Layouts.TwoColumnGrid","","","","42498427545919314"
"a0bWD0000011TiPYAU","005al00000RVcKvAAL","false","TableLayout","","Html.Layouts.TableLayout","","","","42499408351611978"
"a0bWD0000011WFLYA2","005al00000RVcKvAAL","false","TableLayout","","Html.Layouts.TableLayout","","","","42500222674648094"
"a0bWD0000011UEsYAM","005al00000RVcKvAAL","false","TwoColumnGrid","","Html.Layouts.TwoColumnGrid","","","","42500263326398069"
"a0bWD0000011TXqYAM","005al00000RVcKvAAL","false","NoLayout","","Html.Layouts.NoLayout","","","","42500801572005752"
"a0bWD0000011WFMYA2","005al00000RVcKvAAL","false","TableLayout","","Html.Layouts.TableLayout","","","","42500832051184190"
"a0bWD0000011TiQYAU","005al00000RVcKvAAL","false","TwoColumnGrid","","Html.Layouts.TwoColumnGrid","","","","42500890337486153"
"a0bWD0000011TiRYAU","005al00000RVcKvAAL","false","TwoColumnGrid","","Html.Layouts.TwoColumnGrid","","","","42501139908277789"
"a0bWD0000011TiSYAU","005al00000RVcKvAAL","false","TableLayout","","Html.Layouts.TableLayout","","","","42501708944007429"
"a0bWD0000011TiTYAU","005al00000RVcKvAAL","false","NoLayout","","Html.Layouts.NoLayout","","","","42501816685287285"
"a0bWD0000011TMoYAM","005al00000RVcKvAAL","false","NoLayout","","Html.Layouts.NoLayout","","","","42501922304293041"
"a0bWD0000011TiUYAU","005al00000RVcKvAAL","false","SingleRowFluidLayout","","Html.Layouts.SingleRowFluidLayout","","","","42502563913676440"
"a0bWD0000011TiVYAU","005al00000RVcKvAAL","false","TwoColumnGrid","","Html.Layouts.TwoColumnGrid","","","","42503215297507841"
"a0bWD0000011TiWYAU","005al00000RVcKvAAL","false","TwoColumnGrid","","Html.Layouts.TwoColumnGrid","","","","42503245053416054"
"a0bWD0000011TiXYAU","005al00000RVcKvAAL","false","NoLayout","","Html.Layouts.NoLayout","","","","42503317798133399"
"a0bWD0000011TiYYAU","005al00000RVcKvAAL","false","TwoColumnGrid","","Html.Layouts.TwoColumnGrid","","","","42503748178002616"
"a0bWD0000011WFNYA2","005al00000RVcKvAAL","false","TwoColumnGrid","","Html.Layouts.TwoColumnGrid","","","","42504392368206283"
"a0bWD0000011TXrYAM","005al00000RVcKvAAL","false","TwoColumnGrid","","Html.Layouts.TwoColumnGrid","","","","42504582027378183"
"a0bWD0000011WFOYA2","005al00000RVcKvAAL","false","TableLayout","","Html.Layouts.TableLayout","","","","42505218343481407"
"a0bWD0000011TiZYAU","005al00000RVcKvAAL","false","NoLayout","","Html.Layouts.NoLayout","","","","42505460124699189"
"a0bWD0000011TiaYAE","005al00000RVcKvAAL","false","TwoColumnGrid","","Html.Layouts.TwoColumnGrid","","","","42505775784311137"
"a0bWD0000011WFPYA2","005al00000RVcKvAAL","false","TableLayout","","Html.Layouts.TableLayout","","","","42505901863449006"
"a0bWD0000011TPBYA2","005al00000RVcKvAAL","false","SingleColumnGrid","","Html.Layouts.SingleColumnGrid","","","","42506614757794195"
"a0bWD0000011UEtYAM","005al00000RVcKvAAL","false","TwoColumnGrid","","Html.Layouts.TwoColumnGrid","","","","42507315721002361"
"a0bWD0000011TibYAE","005al00000RVcKvAAL","false","TwoColumnGrid","","Html.Layouts.TwoColumnGrid","","","","42507820892210774"
"a0bWD0000011WFQYA2","005al00000RVcKvAAL","false","TableLayout","","Html.Layouts.TableLayout","","","","42508134491991632"
"a0bWD0000011TicYAE","005al00000RVcKvAAL","false","a2Cbn000002Vb78","","Html.Layouts.TableLayout","","","","42509258042758591"
"a0bWD0000011TPCYA2","005al00000RVcKvAAL","false","TwoColumnGrid","","Html.Layouts.TwoColumnGrid","","","","42509802156038037"
"a0bWD0000011TidYAE","005al00000RVcKvAAL","false","TableLayout","","Html.Layouts.TableLayout","","","","42510440403380254"
"a0bWD0000011TieYAE","005al00000RVcKvAAL","false","a2Cbn000002Vb75","","Html.Layouts.NoLayout","","","","42511214301761792"
"a0bWD0000011TifYAE","005al00000RVcKvAAL","false","NoLayout","","Html.Layouts.NoLayout","","","","42511270650214381"
"a0bWD0000011TS4YAM","005al00000RVcKvAAL","false","NoLayout","","Html.Layouts.NoLayout","","","","42511564498247485"
"a0bWD0000011YGyYAM","005al00000RVcKvAAL","false","TableLayout","","Html.Layouts.TableLayout","","","","42511598442063004"
"a0bWD0000011TXsYAM","005al00000RVcKvAAL","false","SingleColumnGrid","","Html.Layouts.SingleColumnGrid","","","","42511772001939529"
"a0bWD0000011TigYAE","005al00000RVcKvAAL","false","a2Cbn000002Vb6m","","Html.Layouts.NoLayout","","","","42512285356899736"
"a0bWD0000011TPDYA2","005al00000RVcKvAAL","false","NoLayout","","Html.Layouts.NoLayout","","","","42512313932846743"
"a0bWD0000011TihYAE","005al00000RVcKvAAL","false","a2Cbn000002Vb7A","","Html.Layouts.TableLayout","","","","42512366319919491"
"a0bWD0000011TiiYAE","005al00000RVcKvAAL","false","SingleColumnGrid","","Html.Layouts.SingleColumnGrid","","","","42512371288320423"
"a0bWD0000011TijYAE","005al00000RVcKvAAL","false","a313g0000008Q0H","","Html.Layouts.NoLayout","","","","42512592996394429"
"a0bWD0000011TikYAE","005al00000RVcKvAAL","false","a313g0000008Q0J","","Html.Layouts.TableLayout","","","","42512833461974174"
"a0bWD0000011YGzYAM","005al00000RVcKvAAL","false","TableLayout","","Html.Layouts.TableLayout","","","","42513223401959593"
"a0bWD0000011WFRYA2","005al00000RVcKvAAL","false","TableLayout","","Html.Layouts.TableLayout","","","","42514201910875349"
"a0bWD0000011TilYAE","005al00000RVcKvAAL","false","NoLayout","","Html.Layouts.NoLayout","","","","42514283443696225"
"a0bWD0000011WFSYA2","005al00000RVcKvAAL","false","TwoColumnGrid","","Html.Layouts.TwoColumnGrid","","","","42514341799996466"
"a0bWD0000011TimYAE","005al00000RVcKvAAL","false","TwoColumnGrid","","Html.Layouts.TwoColumnGrid","","","","42514497863116894"
"a0bWD0000011TinYAE","005al00000RVcKvAAL","false","TwoColumnGrid","","Html.Layouts.TwoColumnGrid","","","","42514912579789297"
"a0bWD0000011TU3YAM","005al00000RVcKvAAL","false","TableLayout","","Html.Layouts.TableLayout","","","","42514990913701727"
"a0bWD0000011TioYAE","005al00000RVcKvAAL","false","a2Cbn000002Vb6m","","Html.Layouts.NoLayout","","","","42515544701571219"
"a0bWD0000011TipYAE","005al00000RVcKvAAL","false","NoLayout","","Html.Layouts.NoLayout","","","","42516159338981344"
"a0bWD0000011WFTYA2","005al00000RVcKvAAL","false","TableLayout","","Html.Layouts.TableLayout","","","","42517219940050404"
"a0bWD0000011TiqYAE","005al00000RVcKvAAL","false","a2Cbn000002Vb5n","","Html.Layouts.NoLayout","","","","42517261604535394"
"a0bWD0000011TirYAE","005al00000RVcKvAAL","false","a2Cbn000002Vb75","","Html.Layouts.NoLayout","","","","42518356165752217"
"a0bWD0000011TisYAE","005al00000RVcKvAAL","false","TableLayout","","Html.Layouts.TableLayout","","","","42518437949778934"
"a0bWD0000011TU4YAM","005al00000RVcKvAAL","false","TwoColumnGrid","","Html.Layouts.TwoColumnGrid","","","","42519078222946588"
"a0bWD0000011TitYAE","005al00000RVcKvAAL","false","NoLayout","","Html.Layouts.NoLayout","","","","42519410722097127"
"a0bWD0000011TPEYA2","005al00000RVcKvAAL","false","TwoColumnGrid","","Html.Layouts.TwoColumnGrid","","","","42519659145673702"
"a0bWD0000011TXtYAM","005al00000RVcKvAAL","false","NoLayout","","Html.Layouts.NoLayout","","","","42519660925557649"
"a0bWD0000011TiuYAE","005al00000RVcKvAAL","false","TwoColumnGrid","","Html.Layouts.TwoColumnGrid","","","","42520379592744073"
"a0bWD0000011TMpYAM","005al00000RVcKvAAL","false","NoLayout","","Html.Layouts.NoLayout","","","","42520714547557457"
"a0bWD0000011WFUYA2","005al00000RVcKvAAL","false","NoLayout","","Html.Layouts.NoLayout","","","","42520928322491718"
"a0bWD0000011TivYAE","005al00000RVcKvAAL","false","NoLayout","","Html.Layouts.NoLayout","","","","42521186597015118"
"a0bWD0000011WFVYA2","005al00000RVcKvAAL","false","a313g0000008Q0M","","Html.Layouts.TableLayout","","","","42521420366766488"
"a0bWD0000011TiwYAE","005al00000RVcKvAAL","false","a2Cbn000002Vb5o","","Html.Layouts.TwoColumnGrid","","","","42521466911276431"
"a0bWD0000011WFWYA2","005al00000RVcKvAAL","false","TableLayout","","Html.Layouts.TableLayout","","","","42521587643152495"
"a0bWD0000011WFXYA2","005al00000RVcKvAAL","false","NoLayout","","Html.Layouts.NoLayout","","","","42522279127230132"
"a0bWD0000011TixYAE","005al00000RVcKvAAL","false","a2Cbn000002Vb76","","Html.Layouts.NoLayout","","","","42522514250046521"
"a0bWD0000011WFYYA2","005al00000RVcKvAAL","false","a2Cbn000002Vb7Q","","Html.Layouts.NoLayout","","","","42522728366047828"
"a0bWD0000011TiyYAE","005al00000RVcKvAAL","false","TwoColumnGrid","","Html.Layouts.TwoColumnGrid","","","","42522742040404222"
"a0bWD0000011TS5YAM","005al00000RVcKvAAL","false","TableLayout","","Html.Layouts.TableLayout","","","","42523150986660680"
"a0bWD0000011WFZYA2","005al00000RVcKvAAL","false","TableLayout","","Html.Layouts.TableLayout","","","","42524560834457938"
"a0bWD0000011TizYAE","005al00000RVcKvAAL","false","NoLayout","","Html.Layouts.NoLayout","","","","42524615961081221"
"a0bWD0000011Tj0YAE","005al00000RVcKvAAL","false","NoLayout","","Html.Layouts.NoLayout","","","","42524978311368333"
"a0bWD0000011Tj1YAE","005al00000RVcKvAAL","false","TwoColumnGrid","","Html.Layouts.TwoColumnGrid","","","","42525496146706353"
"a0bWD0000011Tj2YAE","005al00000RVcKvAAL","false","NoLayout","","Html.Layouts.NoLayout","","","","42526111246740641"
"a0bWD0000011WFaYAM","005al00000RVcKvAAL","false","TableLayout","","Html.Layouts.TableLayout","","","","42526294784406726"
"a0bWD0000011Tj3YAE","005al00000RVcKvAAL","false","a313g0000008Q0K","","Html.Layouts.NoLayout","","","","42526569050199401"
"a0bWD0000011WFbYAM","005al00000RVcKvAAL","false","TableLayout","","Html.Layouts.TableLayout","","","","42526604580218441"
"a0bWD0000011WFcYAM","005al00000RVcKvAAL","false","TableLayout","","Html.Layouts.TableLayout","","","","42527243547468956"
"a0bWD0000011TS6YAM","005al00000RVcKvAAL","false","TwoColumnGrid","","Html.Layouts.TwoColumnGrid","","","","42527265887821465"
"a0bWD0000011WFdYAM","005al00000RVcKvAAL","false","TableLayout","","Html.Layouts.TableLayout","","","","42527284728853486"
"a0bWD0000011WFeYAM","005al00000RVcKvAAL","false","TableLayout","","Html.Layouts.TableLayout","","","","42528507801622580"
"a0bWD0000011Tj4YAE","005al00000RVcKvAAL","false","a2Cbn000002Vb5n","","Html.Layouts.NoLayout","","","","42528559027777673"
"a0bWD0000011TS7YAM","005al00000RVcKvAAL","false","TwoColumnGrid","","Html.Layouts.TwoColumnGrid","","","","42528962651534654"
"a0bWD0000011Tj5YAE","005al00000RVcKvAAL","false","NoLayout","","Html.Layouts.NoLayout","","","","42529263436888451"
"a0bWD0000011Tj6YAE","005al00000RVcKvAAL","false","TwoColumnGrid","","Html.Layouts.TwoColumnGrid","","","","42529362657131756"
"a0bWD0000011TU5YAM","005al00000RVcKvAAL","false","SingleColumnGrid","","Html.Layouts.SingleColumnGrid","","","","42530141315795855"
"a0bWD0000011Tj7YAE","005al00000RVcKvAAL","false","NoLayout","","Html.Layouts.NoLayout","","","","42531122614970274"
"a0bWD0000011WFfYAM","005al00000RVcKvAAL","false","a2Cbn000002VbCw","","Html.Layouts.TableLayout","","","","42531169471868664"
"a0bWD0000011Tj8YAE","005al00000RVcKvAAL","false","a313g0000008Q0L","","Html.Layouts.NoLayout","","","","42531217618345308"
"a0bWD0000011TU6YAM","005al00000RVcKvAAL","false","TableLayout","","Html.Layouts.TableLayout","","","","42531362879136297"
"a0bWD0000011WFgYAM","005al00000RVcKvAAL","false","TableLayout","","Html.Layouts.TableLayout","","","","42531594138459491"
"a0bWD0000011Tj9YAE","005al00000RVcKvAAL","false","a314T000000Xm6c","","Html.Layouts.NoLayout","","","","42531649380069143"
"a0bWD0000011TjAYAU","005al00000RVcKvAAL","false","TwoColumnGrid","","Html.Layouts.TwoColumnGrid","","","","42532094097188875"
"a0bWD0000011TjBYAU","005al00000RVcKvAAL","false","NoLayout","","Html.Layouts.NoLayout","","","","42532506947246929"
"a0bWD0000011TjCYAU","005al00000RVcKvAAL","false","TwoColumnGrid","","Html.Layouts.TwoColumnGrid","","","","42532715034774680"
"a0bWD0000011WFhYAM","005al00000RVcKvAAL","false","a2Cbn000002VbCx","","Html.Layouts.TableLayout","","","","42532950693124832"
"a0bWD0000011TjDYAU","005al00000RVcKvAAL","false","NoLayout","","Html.Layouts.NoLayout","","","","42533503444644807"
"a0bWD0000011TPFYA2","005al00000RVcKvAAL","false","TwoColumnGrid","","Html.Layouts.TwoColumnGrid","","","","42534691465227395"
"a0bWD0000011TU7YAM","005al00000RVcKvAAL","false","SingleColumnGrid","","Html.Layouts.SingleColumnGrid","","","","42535870003792533"
"a0bWD0000011TXuYAM","005al00000RVcKvAAL","false","SingleColumnGrid","","Html.Layouts.SingleColumnGrid","","","","42536879672161887"
"a0bWD0000011WFiYAM","005al00000RVcKvAAL","false","TableLayout","","Html.Layouts.TableLayout","","","","42537093144572458"
"a0bWD0000011WFjYAM","005al00000RVcKvAAL","false","TableLayout","","Html.Layouts.TableLayout","","","","42537221017890037"
"a0bWD0000011TjEYAU","005al00000RVcKvAAL","false","NoLayout","","Html.Layouts.NoLayout","","","","42537422353319997"
"a0bWD0000011TjFYAU","005al00000RVcKvAAL","false","a2Cbn000002Vb5p","","Html.Layouts.NoLayout","","","","42538860713939016"
"a0bWD0000011TMqYAM","005al00000RVcKvAAL","false","TwoColumnGrid","","Html.Layouts.TwoColumnGrid","","","","42539430516670390"
"a0bWD0000011WFkYAM","005al00000RVcKvAAL","false","TableLayout","","Html.Layouts.TableLayout","","","","42539701744877845"
"a0bWD0000011WFlYAM","005al00000RVcKvAAL","false","a313g0000008Q0O","","Html.Layouts.TableLayout","","","","42540194977252696"
"a0bWD0000011TS8YAM","005al00000RVcKvAAL","false","TableLayout","","Html.Layouts.TableLayout","","","","42540860262573765"
"a0bWD0000011UEuYAM","005al00000RVcKvAAL","false","TwoColumnGrid","","Html.Layouts.TwoColumnGrid","","","","42540909449019459"
"a0bWD0000011TS9YAM","005al00000RVcKvAAL","false","TableLayout","","Html.Layouts.TableLayout","","","","42541110752456881"
"a0bWD0000011TjGYAU","005al00000RVcKvAAL","false","NoLayout","","Html.Layouts.NoLayout","","","","42541649671862168"
"a0bWD0000011WFmYAM","005al00000RVcKvAAL","false","TwoColumnGrid","","Html.Layouts.TwoColumnGrid","","","","42541724021921059"
"a0bWD0000011TjHYAU","005al00000RVcKvAAL","false","TableLayout","","Html.Layouts.TableLayout","","","","42542346662868542"
"a0bWD0000011WFnYAM","005al00000RVcKvAAL","false","a2Cbn000002Vb7P","","Html.Layouts.TableLayout","","","","42542563455684729"
"a0bWD0000011TPGYA2","005al00000RVcKvAAL","false","TwoColumnGrid","","Html.Layouts.TwoColumnGrid","","","","42542679593771931"
"a0bWD0000011WFoYAM","005al00000RVcKvAAL","false","TableLayout","","Html.Layouts.TableLayout","","","","42542787056318125"
"a0bWD0000011WFpYAM","005al00000RVcKvAAL","false","NoLayout","","Html.Layouts.NoLayout","","","","42542865593861008"
"a0bWD0000011WFqYAM","005al00000RVcKvAAL","false","NoLayout","","Html.Layouts.NoLayout","","","","42543207904564414"
"a0bWD0000011WFrYAM","005al00000RVcKvAAL","false","NoLayout","","Html.Layouts.NoLayout","","","","42543613959216168"
"a0bWD0000011TSAYA2","005al00000RVcKvAAL","false","TableLayout","","Html.Layouts.TableLayout","","","","42543615742807069"
"a0bWD0000011TjIYAU","005al00000RVcKvAAL","false","a2Cbn000002Vb6m","","Html.Layouts.NoLayout","","","","42543975106909015"
"a0bWD0000011WFsYAM","005al00000RVcKvAAL","false","TableLayout","","Html.Layouts.TableLayout","","","","42544042269725591"
"a0bWD0000011TjJYAU","005al00000RVcKvAAL","false","TwoColumnGrid","","Html.Layouts.TwoColumnGrid","","","","42544985847264362"
"a0bWD0000011WFtYAM","005al00000RVcKvAAL","false","a313g0000008Q0N","","Html.Layouts.TwoColumnGrid","","","","42545117070440007"
"a0bWD0000011TjKYAU","005al00000RVcKvAAL","false","a2Cbn000002Vb79","","Html.Layouts.TableLayout","","","","42545753841908418"
"a0bWD0000011TPHYA2","005al00000RVcKvAAL","false","TwoColumnGrid","","Html.Layouts.TwoColumnGrid","","","","425459872416853"
"a0bWD0000011TjLYAU","005al00000RVcKvAAL","false","NoLayout","","Html.Layouts.NoLayout","","","","42547003277756806"
"a0bWD0000011TPIYA2","005al00000RVcKvAAL","false","TwoColumnGrid","","Html.Layouts.TwoColumnGrid","","","","42548889964372615"
"a0bWD0000011TjMYAU","005al00000RVcKvAAL","false","NoLayout","","Html.Layouts.NoLayout","","","","42548904280739571"
"a0bWD0000011WFuYAM","005al00000RVcKvAAL","false","NoLayout","","Html.Layouts.NoLayout","","","","42549334839494901"
"a0bWD0000011UEvYAM","005al00000RVcKvAAL","false","TwoColumnGrid","","Html.Layouts.TwoColumnGrid","","","","42549811364749892"
"a0bWD0000011TjNYAU","005al00000RVcKvAAL","false","TableLayout","","Html.Layouts.TableLayout","","","","42550154818337966"
"a0bWD0000011TjOYAU","005al00000RVcKvAAL","false","NoLayout","","Html.Layouts.NoLayout","","","","42550264122823454"
"a0bWD0000011TjPYAU","005al00000RVcKvAAL","false","TwoColumnGrid","","Html.Layouts.TwoColumnGrid","","","","42550800451641559"
"a0bWD0000011TPJYA2","005al00000RVcKvAAL","false","TwoColumnGrid","","Html.Layouts.TwoColumnGrid","","","","42551311500923194"
"a0bWD0000011WFvYAM","005al00000RVcKvAAL","false","a313g0000008Q0O","","Html.Layouts.TableLayout","","","","42551341267210506"
"a0bWD0000011TPKYA2","005al00000RVcKvAAL","false","TwoColumnGrid","","Html.Layouts.TwoColumnGrid","","","","42552149253986908"
"a0bWD0000011TjQYAU","005al00000RVcKvAAL","false","a314T000000Xm6J","","Html.Layouts.TwoColumnGrid","","","","42553029105598400"
"a0bWD0000011TjRYAU","005al00000RVcKvAAL","false","TwoColumnGrid","","Html.Layouts.TwoColumnGrid","","","","42553378990776158"
"a0bWD0000011TjSYAU","005al00000RVcKvAAL","false","NoLayout","","Html.Layouts.NoLayout","","","","42553480538303054"
"a0bWD0000011WFwYAM","005al00000RVcKvAAL","false","TableLayout","","Html.Layouts.TableLayout","","","","42553620764558676"
"a0bWD0000011WFxYAM","005al00000RVcKvAAL","false","TableLayout","","Html.Layouts.TableLayout","","","","42553767164880515"
"a0bWD0000011TjTYAU","005al00000RVcKvAAL","false","TwoColumnGrid","","Html.Layouts.TwoColumnGrid","","","","42555519863184128"
"a0bWD0000011TjUYAU","005al00000RVcKvAAL","false","NoLayout","","Html.Layouts.NoLayout","","","","42556302974020760"
"a0bWD0000011TjVYAU","005al00000RVcKvAAL","false","NoLayout","","Html.Layouts.NoLayout","","","","42556793340654082"
"a0bWD0000011WFyYAM","005al00000RVcKvAAL","false","a313g0000008Q0O","","Html.Layouts.TableLayout","","","","42557001641934133"
"a0bWD0000011TjWYAU","005al00000RVcKvAAL","false","a2Cbn000002Vb5t","","Html.Layouts.NoLayout","","","","42557508337132269"
"a0bWD0000011WFzYAM","005al00000RVcKvAAL","false","TableLayout","","Html.Layouts.TableLayout","","","","42557655030495814"
"a0bWD0000011UEwYAM","005al00000RVcKvAAL","false","TwoColumnGrid","","Html.Layouts.TwoColumnGrid","","","","42557784788583908"
"a0bWD0000011TjXYAU","005al00000RVcKvAAL","false","NoLayout","","Html.Layouts.NoLayout","","","","4255781036839252"
"a0bWD0000011TjYYAU","005al00000RVcKvAAL","false","TwoColumnGrid","","Html.Layouts.TwoColumnGrid","","","","42558466576261652"
"a0bWD0000011TXvYAM","005al00000RVcKvAAL","false","TwoColumnGrid","","Html.Layouts.TwoColumnGrid","","","","42558510381471346"
"a0bWD0000011TjZYAU","005al00000RVcKvAAL","false","a2Cbn000002Vb7A","","Html.Layouts.TableLayout","","","","42559995491283213"
"a0bWD0000011YH9YAM","005al00000RVcKvAAL","false","TwoColumnGrid","","Html.Layouts.TwoColumnGrid","","","","42560149023216606"
"a0bWD0000011WG0YAM","005al00000RVcKvAAL","false","NoLayout","","Html.Layouts.NoLayout","","","","42561306337833715"
"a0bWD0000011WG1YAM","005al00000RVcKvAAL","false","NoLayout","","Html.Layouts.NoLayout","","","","42561330820214444"
"a0bWD0000011TjaYAE","005al00000RVcKvAAL","false","a2Cbn000002Vb6h","","Html.Layouts.NoLayout","","","","42561376791959418"
"a0bWD0000011WG2YAM","005al00000RVcKvAAL","false","TableLayout","","Html.Layouts.TableLayout","","","","42561968316111767"
"a0bWD0000011WG3YAM","005al00000RVcKvAAL","false","TableLayout","","Html.Layouts.TableLayout","","","","42562905019139473"
"a0bWD0000011TjbYAE","005al00000RVcKvAAL","false","NoLayout","","Html.Layouts.NoLayout","","","","42563442344644238"
"a0bWD0000011TPLYA2","005al00000RVcKvAAL","false","TwoColumnGrid","","Html.Layouts.TwoColumnGrid","","","","42563590909754200"
"a0bWD0000011TjcYAE","005al00000RVcKvAAL","false","NoLayout","","Html.Layouts.NoLayout","","","","42563690435265662"
"a0bWD0000011TjdYAE","005al00000RVcKvAAL","false","TwoColumnGrid","","Html.Layouts.TwoColumnGrid","","","","42563765608787563"
"a0bWD0000011TjeYAE","005al00000RVcKvAAL","false","NoLayout","","Html.Layouts.NoLayout","","","","42564089258853324"
"a0bWD0000011TSBYA2","005al00000RVcKvAAL","false","TwoColumnGrid","","Html.Layouts.TwoColumnGrid","","","","42565184697352550"
"a0bWD0000011WG4YAM","005al00000RVcKvAAL","false","TableLayout","","Html.Layouts.TableLayout","","","","42565400508548508"
"a0bWD0000011TjfYAE","005al00000RVcKvAAL","false","a314T000000Xm6H","","Html.Layouts.TwoColumnGrid","","","","42565482538276180"
"a0bWD0000011TjgYAE","005al00000RVcKvAAL","false","a2Cbn000002Vb5u","","Html.Layouts.NoLayout","","","","42565739323606809"
"a0bWD0000011TjhYAE","005al00000RVcKvAAL","false","TwoColumnGrid","","Html.Layouts.TwoColumnGrid","","","","42565815979735012"
"a0bWD0000011TU8YAM","005al00000RVcKvAAL","false","NoLayout","","Html.Layouts.NoLayout","","","","42565951438092068"
"a0bWD0000011TjiYAE","005al00000RVcKvAAL","false","TableLayout","","Html.Layouts.TableLayout","","","","42565975282850359"
"a0bWD0000011TjjYAE","005al00000RVcKvAAL","false","a2Cbn000002Vb75","","Html.Layouts.NoLayout","","","","42565998238325738"
"a0bWD0000011TjkYAE","005al00000RVcKvAAL","false","NoLayout","","Html.Layouts.NoLayout","","","","42566281472868793"
"a0bWD0000011WG5YAM","005al00000RVcKvAAL","false","TableLayout","","Html.Layouts.TableLayout","","","","42566287337145491"
"a0bWD0000011WG6YAM","005al00000RVcKvAAL","false","TableLayout","","Html.Layouts.TableLayout","","","","42567256856395191"
"a0bWD0000011TjlYAE","005al00000RVcKvAAL","false","a2Cbn000002Vb6g","","Html.Layouts.NoLayout","","","","42568013444586534"
"a0bWD0000011TPMYA2","005al00000RVcKvAAL","false","NoLayout","","Html.Layouts.NoLayout","","","","42568467836080052"
"a0bWD0000011TPNYA2","005al00000RVcKvAAL","false","TwoColumnGrid","","Html.Layouts.TwoColumnGrid","","","","42568530557889546"
"a0bWD0000011TMrYAM","005al00000RVcKvAAL","false","TwoColumnGrid","","Html.Layouts.TwoColumnGrid","","","","42568792660390901"
"a0bWD0000011TMsYAM","005al00000RVcKvAAL","false","TwoColumnGrid","","Html.Layouts.TwoColumnGrid","","","","42569088921272805"
"a0bWD0000011WG7YAM","005al00000RVcKvAAL","false","NoLayout","","Html.Layouts.NoLayout","","","","42569280412764706"
"a0bWD0000011TjmYAE","005al00000RVcKvAAL","false","NoLayout","","Html.Layouts.NoLayout","","","","42570375510371452"
"a0bWD0000011TjnYAE","005al00000RVcKvAAL","false","a2Cbn000002Vb5t","","Html.Layouts.NoLayout","","","","42571225864750612"
"a0bWD0000011TjoYAE","005al00000RVcKvAAL","false","TableLayout","","Html.Layouts.TableLayout","","","","42571855387734175"
"a0bWD0000011UHaYAM","005al00000RVcKvAAL","false","NoLayout","","Html.Layouts.NoLayout","","","","42572631833175900"
"a0bWD0000011WG8YAM","005al00000RVcKvAAL","false","a2Cbn000002Vb7P","","Html.Layouts.TableLayout","","","","42573015015250909"
"a0bWD0000011TjpYAE","005al00000RVcKvAAL","false","TwoColumnGrid","","Html.Layouts.TwoColumnGrid","","","","42573302200753986"
"a0bWD0000011TjqYAE","005al00000RVcKvAAL","false","TableLayout","","Html.Layouts.TableLayout","","","","42573554570359778"
"a0bWD0000011WG9YAM","005al00000RVcKvAAL","false","TableLayout","","Html.Layouts.TableLayout","","","","42573646346970222"
"a0bWD0000011WGAYA2","005al00000RVcKvAAL","false","TableLayout","","Html.Layouts.TableLayout","","","","42574844044774980"
"a0bWD0000011UExYAM","005al00000RVcKvAAL","false","TwoColumnGrid","","Html.Layouts.TwoColumnGrid","","","","42575408040349715"
"a0bWD0000011WGBYA2","005al00000RVcKvAAL","false","TableLayout","","Html.Layouts.TableLayout","","","","42576164240523668"
"a0bWD0000011UEyYAM","005al00000RVcKvAAL","false","TwoColumnGrid","","Html.Layouts.TwoColumnGrid","","","","42576311685088014"
"a0bWD0000011TU9YAM","005al00000RVcKvAAL","false","TwoColumnGrid","","Html.Layouts.TwoColumnGrid","","","","42576704103596730"
"a0bWD0000011TSCYA2","005al00000RVcKvAAL","false","TwoColumnGrid","","Html.Layouts.TwoColumnGrid","","","","42577062713798640"
"a0bWD0000011WGCYA2","005al00000RVcKvAAL","false","TwoColumnGrid","","Html.Layouts.TwoColumnGrid","","","","42577383879438378"
"a0bWD0000011TjrYAE","005al00000RVcKvAAL","false","a313g0000008Q0G","","Html.Layouts.NoLayout","","","","42577761299535005"
"a0bWD0000011WGDYA2","005al00000RVcKvAAL","false","TableLayout","","Html.Layouts.TableLayout","","","","42577812337464528"
"a0bWD0000011TjsYAE","005al00000RVcKvAAL","false","TwoColumnGrid","","Html.Layouts.TwoColumnGrid","","","","42577962912249043"
"a0bWD0000011TjtYAE","005al00000RVcKvAAL","false","a2Cbn000002Vb5r","","Html.Layouts.NoLayout","","","","42578097427174500"
"a0bWD0000011TjuYAE","005al00000RVcKvAAL","false","a2Cbn000002Vb5r","","Html.Layouts.NoLayout","","","","42578952120422385"
"a0bWD0000011TjvYAE","005al00000RVcKvAAL","false","NoLayout","","Html.Layouts.NoLayout","","","","42579247631170882"
"a0bWD0000011WGEYA2","005al00000RVcKvAAL","false","a2Cbn000002VbCv","","Html.Layouts.TableLayout","","","","42579250542887458"
"a0bWD0000011TjwYAE","005al00000RVcKvAAL","false","TwoColumnGrid","","Html.Layouts.TwoColumnGrid","","","","42580082760911609"
"a0bWD0000011WGFYA2","005al00000RVcKvAAL","false","TableLayout","","Html.Layouts.TableLayout","","","","42580187707707346"
"a0bWD0000011WGGYA2","005al00000RVcKvAAL","false","TableLayout","","Html.Layouts.TableLayout","","","","4258160840277163"
"a0bWD0000011TjxYAE","005al00000RVcKvAAL","false","TwoColumnGrid","","Html.Layouts.TwoColumnGrid","","","","42581994195886314"
"a0bWD0000011TjyYAE","005al00000RVcKvAAL","false","TableLayout","","Html.Layouts.TableLayout","","","","42582134913706511"
"a0bWD0000011TSDYA2","005al00000RVcKvAAL","false","TwoColumnGrid","","Html.Layouts.TwoColumnGrid","","","","42582141810637810"
"a0bWD0000011TjzYAE","005al00000RVcKvAAL","false","a314T000000Xm6I","","Html.Layouts.NoLayout","","","","42582443323882126"
"a0bWD0000011UEzYAM","005al00000RVcKvAAL","false","NoLayout","","Html.Layouts.NoLayout","","","","42583958776185261"
"a0bWD0000011Tk0YAE","005al00000RVcKvAAL","false","TwoColumnGrid","","Html.Layouts.TwoColumnGrid","","","","42584093419810441"
"a0bWD0000011TXwYAM","005al00000RVcKvAAL","false","SingleColumnGrid","","Html.Layouts.SingleColumnGrid","","","","42584366496819109"
"a0bWD0000011WGHYA2","005al00000RVcKvAAL","false","TwoColumnGrid","","Html.Layouts.TwoColumnGrid","","","","42584384091658073"
"a0bWD0000011Tk1YAE","005al00000RVcKvAAL","false","NoLayout","","Html.Layouts.NoLayout","","","","42585060104000105"
"a0bWD0000011Tk2YAE","005al00000RVcKvAAL","false","NoLayout","","Html.Layouts.NoLayout","","","","42585706353180117"
"a0bWD0000011TMtYAM","005al00000RVcKvAAL","false","TwoColumnGrid","","Html.Layouts.TwoColumnGrid","","","","42587220335995984"
"a0bWD0000011Tk3YAE","005al00000RVcKvAAL","false","NoLayout","","Html.Layouts.NoLayout","","","","42587222565949244"
"a0bWD0000011Tk4YAE","005al00000RVcKvAAL","false","NoLayout","","Html.Layouts.NoLayout","","","","42587717421674589"
"a0bWD0000011TPOYA2","005al00000RVcKvAAL","false","TwoColumnGrid","","Html.Layouts.TwoColumnGrid","","","","42587774371261295"
"a0bWD0000011WGIYA2","005al00000RVcKvAAL","false","TableLayout","","Html.Layouts.TableLayout","","","","42587925730185996"
"a0bWD0000011WGJYA2","005al00000RVcKvAAL","false","TableLayout","","Html.Layouts.TableLayout","","","","42587942067262283"
"a0bWD0000011TPPYA2","005al00000RVcKvAAL","false","TwoColumnGrid","","Html.Layouts.TwoColumnGrid","","","","42588110754506831"
"a0bWD0000011Tk5YAE","005al00000RVcKvAAL","false","TwoColumnGrid","","Html.Layouts.TwoColumnGrid","","","","42588668250662874"
"a0bWD0000011Tk6YAE","005al00000RVcKvAAL","false","a2Cbn000002Vb5q","","Html.Layouts.NoLayout","","","","42588764925961044"
"a0bWD0000011Tk7YAE","005al00000RVcKvAAL","false","TwoColumnGrid","","Html.Layouts.TwoColumnGrid","","","","42588930487952138"
"a0bWD0000011Tk8YAE","005al00000RVcKvAAL","false","NoLayout","","Html.Layouts.NoLayout","","","","42588990030278099"
"a0bWD0000011Tk9YAE","005al00000RVcKvAAL","false","a313g0000008Q0G","","Html.Layouts.NoLayout","","","","42589685527490479"
"a0bWD0000011TkAYAU","005al00000RVcKvAAL","false","TableLayout","","Html.Layouts.TableLayout","","","","42589744992097102"
"a0bWD0000011WGKYA2","005al00000RVcKvAAL","false","NoLayout","","Html.Layouts.NoLayout","","","","42589820652575762"
"a0bWD0000011TkBYAU","005al00000RVcKvAAL","false","NoLayout","","Html.Layouts.NoLayout","","","","42590040500817630"
"a0bWD0000011TkCYAU","005al00000RVcKvAAL","false","TableLayout","","Html.Layouts.TableLayout","","","","42590784533918500"
"a0bWD0000011WGLYA2","005al00000RVcKvAAL","false","a2Cbn000002VbCz","","Html.Layouts.TwoColumnGrid","","","","42591736512899556"
"a0bWD0000011TkDYAU","005al00000RVcKvAAL","false","NoLayout","","Html.Layouts.NoLayout","","","","42592950161559162"
"a0bWD0000011TkEYAU","005al00000RVcKvAAL","false","TwoColumnGrid","","Html.Layouts.TwoColumnGrid","","","","42593032019655938"
"a0bWD0000011TkFYAU","005al00000RVcKvAAL","false","NoLayout","","Html.Layouts.NoLayout","","","","42593443232648877"
"a0bWD0000011TkGYAU","005al00000RVcKvAAL","false","TwoColumnGrid","","Html.Layouts.TwoColumnGrid","","","","42593863870174240"
"a0bWD0000011TkHYAU","005al00000RVcKvAAL","false","NoLayout","","Html.Layouts.NoLayout","","","","42594199630569614"
"a0bWD0000011TkIYAU","005al00000RVcKvAAL","false","NoLayout","","Html.Layouts.NoLayout","","","","42595485555823527"
"a0bWD0000011WGMYA2","005al00000RVcKvAAL","false","TableLayout","","Html.Layouts.TableLayout","","","","42595790564187002"
"a0bWD0000011WGNYA2","005al00000RVcKvAAL","false","TableLayout","","Html.Layouts.TableLayout","","","","42596168303110279"
"a0bWD0000011TMuYAM","005al00000RVcKvAAL","false","TwoColumnGrid","","Html.Layouts.TwoColumnGrid","","","","42596215981133376"
"a0bWD0000011TkJYAU","005al00000RVcKvAAL","false","SingleRowFluidLayout","","Html.Layouts.SingleRowFluidLayout","","","","42597044170896146"
"a0bWD0000011TkKYAU","005al00000RVcKvAAL","false","a2Cbn000002Vb74","","Html.Layouts.TableLayout","","","","42597093389560071"
"a0bWD0000011TUAYA2","005al00000RVcKvAAL","false","NoLayout","","Html.Layouts.NoLayout","","","","42597361740996248"
"a0bWD0000011TSEYA2","005al00000RVcKvAAL","false","TwoColumnGrid","","Html.Layouts.TwoColumnGrid","","","","42597759687340373"
"a0bWD0000011TMvYAM","005al00000RVcKvAAL","false","TwoColumnGrid","","Html.Layouts.TwoColumnGrid","","","","42597964194245269"
"a0bWD0000011TkLYAU","005al00000RVcKvAAL","false","a2Cbn000002Vb5q","","Html.Layouts.NoLayout","","","","42598201776970476"
"a0bWD0000011TSFYA2","005al00000RVcKvAAL","false","NoLayout","","Html.Layouts.NoLayout","","","","42601219519512552"
"a0bWD0000011WGOYA2","005al00000RVcKvAAL","false","TableLayout","","Html.Layouts.TableLayout","","","","42601333713315444"
"a0bWD0000011WGPYA2","005al00000RVcKvAAL","false","TableLayout","","Html.Layouts.TableLayout","","","","42601468207549706"
"a0bWD0000011TPQYA2","005al00000RVcKvAAL","false","TableLayout","","Html.Layouts.TableLayout","","","","42601652551089312"
"a0bWD0000011UF0YAM","005al00000RVcKvAAL","false","TwoColumnGrid","","Html.Layouts.TwoColumnGrid","","","","42602162108809897"
"a0bWD0000011TkMYAU","005al00000RVcKvAAL","false","a2Cbn000002Vb25","","Html.Layouts.TwoColumnGrid","","","","42602883660891171"
"a0bWD0000011TUBYA2","005al00000RVcKvAAL","false","SingleColumnGrid","","Html.Layouts.SingleColumnGrid","","","","42604206855771905"
"a0bWD0000011TkNYAU","005al00000RVcKvAAL","false","a2Cbn000002Vb5t","","Html.Layouts.NoLayout","","","","42604570202435983"
"a0bWD0000011TMwYAM","005al00000RVcKvAAL","false","TwoColumnGrid","","Html.Layouts.TwoColumnGrid","","","","42605437965407116"
"a0bWD0000011TkOYAU","005al00000RVcKvAAL","false","TableLayout","","Html.Layouts.TableLayout","","","","42605476071222250"
"a0bWD0000011TkPYAU","005al00000RVcKvAAL","false","NoLayout","","Html.Layouts.NoLayout","","","","42605587195564063"
"a0bWD0000011TkQYAU","005al00000RVcKvAAL","false","a2Cbn000002Vb5r","","Html.Layouts.NoLayout","","","","42607197980877431"
"a0bWD0000011TSGYA2","005al00000RVcKvAAL","false","TwoColumnGrid","","Html.Layouts.TwoColumnGrid","","","","4260742135169412"
"a0bWD0000011TXxYAM","005al00000RVcKvAAL","false","TwoColumnGrid","","Html.Layouts.TwoColumnGrid","","","","42607535292196671"
"a0bWD0000011TMxYAM","005al00000RVcKvAAL","false","TwoColumnGrid","","Html.Layouts.TwoColumnGrid","","","","42608010739447931"
"a0bWD0000011TPRYA2","005al00000RVcKvAAL","false","TwoColumnGrid","","Html.Layouts.TwoColumnGrid","","","","42608321707874655"
"a0bWD0000011WGQYA2","005al00000RVcKvAAL","false","TableLayout","","Html.Layouts.TableLayout","","","","42608336213080319"
"a0bWD0000011TkRYAU","005al00000RVcKvAAL","false","a313g0000008Q0K","","Html.Layouts.NoLayout","","","","42608937180207842"
"a0bWD0000011TkSYAU","005al00000RVcKvAAL","false","NoLayout","","Html.Layouts.NoLayout","","","","42609078362113799"
"a0bWD0000011TkTYAU","005al00000RVcKvAAL","false","TableLayout","","Html.Layouts.TableLayout","","","","42609359885250829"
"a0bWD0000011TkUYAU","005al00000RVcKvAAL","false","TwoColumnGrid","","Html.Layouts.TwoColumnGrid","","","","42609995196428926"
"a0bWD0000011TkVYAU","005al00000RVcKvAAL","false","NoLayout","","Html.Layouts.NoLayout","","","","42610144457048637"
"a0bWD0000011WGRYA2","005al00000RVcKvAAL","false","TableLayout","","Html.Layouts.TableLayout","","","","42610615578016308"
"a0bWD0000011WGSYA2","005al00000RVcKvAAL","false","TwoColumnGrid","","Html.Layouts.TwoColumnGrid","","","","42610667886543490"
"a0bWD0000011TkWYAU","005al00000RVcKvAAL","false","TwoColumnGrid","","Html.Layouts.TwoColumnGrid","","","","42610978556263049"
"a0bWD0000011WGTYA2","005al00000RVcKvAAL","false","TableLayout","","Html.Layouts.TableLayout","","","","42610978909756002"
"a0bWD0000011TkXYAU","005al00000RVcKvAAL","false","a2Cbn000002Vb6g","","Html.Layouts.NoLayout","","","","42611293800645705"
"a0bWD0000011TMyYAM","005al00000RVcKvAAL","false","TwoColumnGrid","","Html.Layouts.TwoColumnGrid","","","","42612538704765350"
"a0bWD0000011TkYYAU","005al00000RVcKvAAL","false","NoLayout","","Html.Layouts.NoLayout","","","","42613575433699603"
"a0bWD0000011TkZYAU","005al00000RVcKvAAL","false","SingleColumnGrid","","Html.Layouts.SingleColumnGrid","","","","42614009795121785"
"a0bWD0000011TkaYAE","005al00000RVcKvAAL","false","TwoColumnGrid","","Html.Layouts.TwoColumnGrid","","","","42614554219230464"
"a0bWD0000011TSHYA2","005al00000RVcKvAAL","false","TwoColumnGrid","","Html.Layouts.TwoColumnGrid","","","","42614611399980404"
"a0bWD0000011TkbYAE","005al00000RVcKvAAL","false","TwoColumnGrid","","Html.Layouts.TwoColumnGrid","","","","42615655477580044"
"a0bWD0000011TkcYAE","005al00000RVcKvAAL","false","a2Cbn000002Vb6g","","Html.Layouts.NoLayout","","","","42615708109509687"
"a0bWD0000011TPSYA2","005al00000RVcKvAAL","false","NoLayout","","Html.Layouts.NoLayout","","","","42616491262436877"
"a0bWD0000011UF1YAM","005al00000RVcKvAAL","false","TwoColumnGrid","","Html.Layouts.TwoColumnGrid","","","","42616539581133116"
"a0bWD0000011TkdYAE","005al00000RVcKvAAL","false","NoLayout","","Html.Layouts.NoLayout","","","","42617389900223893"
"a0bWD0000011WGUYA2","005al00000RVcKvAAL","false","a313g0000008Q0O","","Html.Layouts.TableLayout","","","","42618596459152085"
"a0bWD0000011TPTYA2","005al00000RVcKvAAL","false","TwoColumnGrid","","Html.Layouts.TwoColumnGrid","","","","42618841649010849"
"a0bWD0000011TkeYAE","005al00000RVcKvAAL","false","TableLayout","","Html.Layouts.TableLayout","","","","42619051702922350"
"a0bWD0000011TkfYAE","005al00000RVcKvAAL","false","TableLayout","","Html.Layouts.TableLayout","","","","42620219559902767"
"a0bWD0000011TUCYA2","005al00000RVcKvAAL","false","TableLayout","","Html.Layouts.TableLayout","","","","42620365532126681"
"a0bWD0000011TXyYAM","005al00000RVcKvAAL","false","SingleColumnGrid","","Html.Layouts.SingleColumnGrid","","","","42620412959265641"
"a0bWD0000011TUDYA2","005al00000RVcKvAAL","false","TwoColumnGrid","","Html.Layouts.TwoColumnGrid","","","","42620587200040948"
"a0bWD0000011TkgYAE","005al00000RVcKvAAL","false","NoLayout","","Html.Layouts.NoLayout","","","","42620673242575866"
"a0bWD0000011WGVYA2","005al00000RVcKvAAL","false","NoLayout","","Html.Layouts.NoLayout","","","","42620724070644180"
"a0bWD0000011TkhYAE","005al00000RVcKvAAL","false","NoLayout","","Html.Layouts.NoLayout","","","","42621397915109451"
"a0bWD0000011TPUYA2","005al00000RVcKvAAL","false","SingleColumnGrid","","Html.Layouts.SingleColumnGrid","","","","42621937310251384"
"a0bWD0000011TUEYA2","005al00000RVcKvAAL","false","TwoColumnGrid","","Html.Layouts.TwoColumnGrid","","","","42623081306678578"
"a0bWD0000011TkiYAE","005al00000RVcKvAAL","false","NoLayout","","Html.Layouts.NoLayout","","","","42623335016645022"
"a0bWD0000011WGWYA2","005al00000RVcKvAAL","false","a313g0000008Q0O","","Html.Layouts.TableLayout","","","","42624910464242184"
"a0bWD0000011UF2YAM","005al00000RVcKvAAL","false","TwoColumnGrid","","Html.Layouts.TwoColumnGrid","","","","42625480823458763"
"a0bWD0000011TkjYAE","005al00000RVcKvAAL","false","NoLayout","","Html.Layouts.NoLayout","","","","42625812501032750"
"a0bWD0000011TUFYA2","005al00000RVcKvAAL","false","TableLayout","","Html.Layouts.TableLayout","","","","42626138849107981"
"a0bWD0000011UHbYAM","005al00000RVcKvAAL","false","NoLayout","","Html.Layouts.NoLayout","","","","42626284932455527"
"a0bWD0000011TkkYAE","005al00000RVcKvAAL","false","a2Cbn000002Vb5r","","Html.Layouts.NoLayout","","","","42626357946915299"
"a0bWD0000011TklYAE","005al00000RVcKvAAL","false","a2Cbn000002Vb79","","Html.Layouts.TableLayout","","","","42626825421044985"
"a0bWD0000011TkmYAE","005al00000RVcKvAAL","false","NoLayout","","Html.Layouts.NoLayout","","","","42627258718073368"
"a0bWD0000011TPVYA2","005al00000RVcKvAAL","false","NoLayout","","Html.Layouts.NoLayout","","","","42627803306448616"
"a0bWD0000011TknYAE","005al00000RVcKvAAL","false","TableLayout","","Html.Layouts.TableLayout","","","","42628029964129164"
"a0bWD0000011WGXYA2","005al00000RVcKvAAL","false","TableLayout","","Html.Layouts.TableLayout","","","","42628951055323646"
"a0bWD0000011WGYYA2","005al00000RVcKvAAL","false","TableLayout","","Html.Layouts.TableLayout","","","","42628959197457695"
"a0bWD0000011TkoYAE","005al00000RVcKvAAL","false","NoLayout","","Html.Layouts.NoLayout","","","","42628997143250132"
"a0bWD0000011WGZYA2","005al00000RVcKvAAL","false","TableLayout","","Html.Layouts.TableLayout","","","","42629038019057653"
"a0bWD0000011TkpYAE","005al00000RVcKvAAL","false","TwoColumnGrid","","Html.Layouts.TwoColumnGrid","","","","42629292430976161"
"a0bWD0000011WGaYAM","005al00000RVcKvAAL","false","TwoColumnGrid","","Html.Layouts.TwoColumnGrid","","","","42629849875721205"
"a0bWD0000011TkqYAE","005al00000RVcKvAAL","false","NoLayout","","Html.Layouts.NoLayout","","","","42630008129461263"
"a0bWD0000011TkrYAE","005al00000RVcKvAAL","false","a2Cbn000002Vb6i","","Html.Layouts.NoLayout","","","","42631560887991537"
"a0bWD0000011TPWYA2","005al00000RVcKvAAL","false","TwoColumnGrid","","Html.Layouts.TwoColumnGrid","","","","42631678931028670"
"a0bWD0000011WGbYAM","005al00000RVcKvAAL","false","a2Cbn000002Vb7P","","Html.Layouts.TableLayout","","","","42631996394985978"
"a0bWD0000011TMzYAM","005al00000RVcKvAAL","false","TwoColumnGrid","","Html.Layouts.TwoColumnGrid","","","","42632103587210708"
"a0bWD0000011TksYAE","005al00000RVcKvAAL","false","a2Cbn000002Vb6m","","Html.Layouts.NoLayout","","","","42632154566093988"
"a0bWD0000011TktYAE","005al00000RVcKvAAL","false","a2Cbn000002Vb5t","","Html.Layouts.NoLayout","","","","42632338428797471"
"a0bWD0000011TkuYAE","005al00000RVcKvAAL","false","a314T000000Xm5N","","Html.Layouts.TableLayout","","","","42633069920744671"
"a0bWD0000011TkvYAE","005al00000RVcKvAAL","false","a2Cbn000002Vb5q","","Html.Layouts.NoLayout","","","","42633135807786690"
"a0bWD0000011TkwYAE","005al00000RVcKvAAL","false","a2Cbn000002Vb5s","","Html.Layouts.NoLayout","","","","42633403824430667"
"a0bWD0000011TkxYAE","005al00000RVcKvAAL","false","TableLayout","","Html.Layouts.TableLayout","","","","42634080858692973"
"a0bWD0000011TkyYAE","005al00000RVcKvAAL","false","SingleColumnGrid","","Html.Layouts.SingleColumnGrid","","","","42634280521843181"
"a0bWD0000011UI8YAM","005al00000RVcKvAAL","false","NoLayout","","Html.Layouts.NoLayout","","","","42634419345720985"
"a0bWD0000011TXzYAM","005al00000RVcKvAAL","false","TwoColumnGrid","","Html.Layouts.TwoColumnGrid","","","","42634775364539974"
"a0bWD0000011TY0YAM","005al00000RVcKvAAL","false","SingleColumnGrid","","Html.Layouts.SingleColumnGrid","","","","42634889853440974"
"a0bWD0000011TkzYAE","005al00000RVcKvAAL","false","a2Cbn000002Vb7A","","Html.Layouts.TableLayout","","","","42634990435361655"
"a0bWD0000011WGcYAM","005al00000RVcKvAAL","false","NoLayout","","Html.Layouts.NoLayout","","","","42635001930262266"
"a0bWD0000011UI9YAM","005al00000RVcKvAAL","false","TwoColumnGrid","","Html.Layouts.TwoColumnGrid","","","","42635208571032064"
"a0bWD0000011Tl0YAE","005al00000RVcKvAAL","false","a313g0000008Q0L","","Html.Layouts.NoLayout","","","","42635649294654544"
"a0bWD0000011Tl1YAE","005al00000RVcKvAAL","false","NoLayout","","Html.Layouts.NoLayout","","","","42635826919022175"
"a0bWD0000011Tl2YAE","005al00000RVcKvAAL","false","TwoColumnGrid","","Html.Layouts.TwoColumnGrid","","","","42635892505417405"
"a0bWD0000011WGdYAM","005al00000RVcKvAAL","false","NoLayout","","Html.Layouts.NoLayout","","","","42636661687302780"
"a0bWD0000011Tl3YAE","005al00000RVcKvAAL","false","TwoColumnGrid","","Html.Layouts.TwoColumnGrid","","","","42636780711057750"
"a0bWD0000011Tl4YAE","005al00000RVcKvAAL","false","TwoColumnGrid","","Html.Layouts.TwoColumnGrid","","","","42636935139769036"
"a0bWD0000011Tl5YAE","005al00000RVcKvAAL","false","TwoColumnGrid","","Html.Layouts.TwoColumnGrid","","","","42637812401020657"
"a0bWD0000011Tl6YAE","005al00000RVcKvAAL","false","a2Cbn000002Vb5m","","Html.Layouts.NoLayout","","","","42638331639011380"
"a0bWD0000011WGeYAM","005al00000RVcKvAAL","false","TableLayout","","Html.Layouts.TableLayout","","","","42638469231515364"
"a0bWD0000011TUGYA2","005al00000RVcKvAAL","false","TwoColumnGrid","","Html.Layouts.TwoColumnGrid","","","","42638527111102055"
"a0bWD0000011Tl7YAE","005al00000RVcKvAAL","false","TableLayout","","Html.Layouts.TableLayout","","","","42638999779523633"
"a0bWD0000011WGfYAM","005al00000RVcKvAAL","false","TableLayout","","Html.Layouts.TableLayout","","","","42639214814984500"
"a0bWD0000011Tl8YAE","005al00000RVcKvAAL","false","TwoColumnGrid","","Html.Layouts.TwoColumnGrid","","","","42639742858085451"
"a0bWD0000011YH0YAM","005al00000RVcKvAAL","false","TableLayout","","Html.Layouts.TableLayout","","","","42639883385837868"
"a0bWD0000011Tl9YAE","005al00000RVcKvAAL","false","TwoColumnGrid","","Html.Layouts.TwoColumnGrid","","","","42639934968774923"
"a0bWD0000011WGgYAM","005al00000RVcKvAAL","false","a314T000000Xm6K","","Html.Layouts.TableLayout","","","","42640371331276928"
"a0bWD0000011WGhYAM","005al00000RVcKvAAL","false","TableLayout","","Html.Layouts.TableLayout","","","","42640642857679904"
"a0bWD0000011TY1YAM","005al00000RVcKvAAL","false","SingleColumnGrid","","Html.Layouts.SingleColumnGrid","","","","42640875742509575"
"a0bWD0000011TlAYAU","005al00000RVcKvAAL","false","NoLayout","","Html.Layouts.NoLayout","","","","42641886760366640"
"a0bWD0000011TPXYA2","005al00000RVcKvAAL","false","TableLayout","","Html.Layouts.TableLayout","","","","42642113992288055"
"a0bWD0000011WGiYAM","005al00000RVcKvAAL","false","TableLayout","","Html.Layouts.TableLayout","","","","42642980110521375"
"a0bWD0000011TN0YAM","005al00000RVcKvAAL","false","NoLayout","","Html.Layouts.NoLayout","","","","42643055692802897"
"a0bWD0000011TlBYAU","005al00000RVcKvAAL","false","TwoColumnGrid","","Html.Layouts.TwoColumnGrid","","","","42643631499523855"
"a0bWD0000011WGjYAM","005al00000RVcKvAAL","false","NoLayout","","Html.Layouts.NoLayout","","","","42643798193031778"
"a0bWD0000011WGkYAM","005al00000RVcKvAAL","false","TableLayout","","Html.Layouts.TableLayout","","","","42644922404449768"
"a0bWD0000011TY2YAM","005al00000RVcKvAAL","false","TwoColumnGrid","","Html.Layouts.TwoColumnGrid","","","","42645156970505470"
"a0bWD0000011TlCYAU","005al00000RVcKvAAL","false","TwoColumnGrid","","Html.Layouts.TwoColumnGrid","","","","42645474894616216"
"a0bWD0000011TlDYAU","005al00000RVcKvAAL","false","NoLayout","","Html.Layouts.NoLayout","","","","42645664903124497"
"a0bWD0000011TlEYAU","005al00000RVcKvAAL","false","a2Cbn000002Vb78","","Html.Layouts.TableLayout","","","","42645697881441771"
"a0bWD0000011TlFYAU","005al00000RVcKvAAL","false","NoLayout","","Html.Layouts.NoLayout","","","","42646354388758533"
"a0bWD0000011WGlYAM","005al00000RVcKvAAL","false","TableLayout","","Html.Layouts.TableLayout","","","","42646493041320947"
"a0bWD0000011TN1YAM","005al00000RVcKvAAL","false","TwoColumnGrid","","Html.Layouts.TwoColumnGrid","","","","42646790953445764"
"a0bWD0000011WGmYAM","005al00000RVcKvAAL","false","TableLayout","","Html.Layouts.TableLayout","","","","42647016091260425"
"a0bWD0000011WGnYAM","005al00000RVcKvAAL","false","TableLayout","","Html.Layouts.TableLayout","","","","42647379647626864"
"a0bWD0000011TlGYAU","005al00000RVcKvAAL","false","TwoColumnGrid","","Html.Layouts.TwoColumnGrid","","","","42647655418965421"
"a0bWD0000011WGoYAM","005al00000RVcKvAAL","false","TwoColumnGrid","","Html.Layouts.TwoColumnGrid","","","","42648018894228245"
"a0bWD0000011TUHYA2","005al00000RVcKvAAL","false","NoLayout","","Html.Layouts.NoLayout","","","","42648806013717878"
"a0bWD0000011TlHYAU","005al00000RVcKvAAL","false","TableLayout","","Html.Layouts.TableLayout","","","","42649081750099915"
"a0bWD0000011WGpYAM","005al00000RVcKvAAL","false","TwoColumnGrid","","Html.Layouts.TwoColumnGrid","","","","42649116129978157"
"a0bWD0000011TPYYA2","005al00000RVcKvAAL","false","NoLayout","","Html.Layouts.NoLayout","","","","42649400739861604"
"a0bWD0000011TlIYAU","005al00000RVcKvAAL","false","NoLayout","","Html.Layouts.NoLayout","","","","42649521862877022"
"a0bWD0000011TlJYAU","005al00000RVcKvAAL","false","a2Cbn000002Vb6i","","Html.Layouts.NoLayout","","","","42650090986340073"
"a0bWD0000011WGqYAM","005al00000RVcKvAAL","false","NoLayout","","Html.Layouts.NoLayout","","","","42650678520919013"
"a0bWD0000011TUIYA2","005al00000RVcKvAAL","false","NoLayout","","Html.Layouts.NoLayout","","","","42650696547658405"
"a0bWD0000011WGrYAM","005al00000RVcKvAAL","false","TableLayout","","Html.Layouts.TableLayout","","","","42650964534498462"
"a0bWD0000011WGsYAM","005al00000RVcKvAAL","false","TableLayout","","Html.Layouts.TableLayout","","","","42651065299265622"
"a0bWD0000011TlKYAU","005al00000RVcKvAAL","false","NoLayout","","Html.Layouts.NoLayout","","","","42651375149688929"
"a0bWD0000011TPZYA2","005al00000RVcKvAAL","false","TwoColumnGrid","","Html.Layouts.TwoColumnGrid","","","","42651433893055394"
"a0bWD0000011WGtYAM","005al00000RVcKvAAL","false","TwoColumnGrid","","Html.Layouts.TwoColumnGrid","","","","42651957088261368"
"a0bWD0000011TlLYAU","005al00000RVcKvAAL","false","NoLayout","","Html.Layouts.NoLayout","","","","42653104042706523"
"a0bWD0000011TlMYAU","005al00000RVcKvAAL","false","NoLayout","","Html.Layouts.NoLayout","","","","42653710594875705"
"a0bWD0000011TlNYAU","005al00000RVcKvAAL","false","a313g0000008Q0J","","Html.Layouts.TableLayout","","","","42653856884501001"
"a0bWD0000011WGuYAM","005al00000RVcKvAAL","false","a2Cbn000002Vb7Q","","Html.Layouts.NoLayout","","","","42654460745241458"
"a0bWD0000011TlOYAU","005al00000RVcKvAAL","false","TwoColumnGrid","","Html.Layouts.TwoColumnGrid","","","","42654560086883099"
"a0bWD0000011TPaYAM","005al00000RVcKvAAL","false","NoLayout","","Html.Layouts.NoLayout","","","","42654574545261531"
"a0bWD0000011TSIYA2","005al00000RVcKvAAL","false","TwoColumnGrid","","Html.Layouts.TwoColumnGrid","","","","42654792568575427"
"a0bWD0000011WGvYAM","005al00000RVcKvAAL","false","a313g0000008Q0M","","Html.Layouts.TableLayout","","","","42655248342991656"
"a0bWD0000011TlPYAU","005al00000RVcKvAAL","false","TableLayout","","Html.Layouts.TableLayout","","","","42656651738010991"
"a0bWD0000011TlQYAU","005al00000RVcKvAAL","false","TableLayout","","Html.Layouts.TableLayout","","","","42658166700215728"
"a0bWD0000011WGwYAM","005al00000RVcKvAAL","false","TableLayout","","Html.Layouts.TableLayout","","","","42658813861183286"
"a0bWD0000011TlRYAU","005al00000RVcKvAAL","false","NoLayout","","Html.Layouts.NoLayout","","","","42658865981876895"
"a0bWD0000011TlSYAU","005al00000RVcKvAAL","false","TwoColumnGrid","","Html.Layouts.TwoColumnGrid","","","","42659495408223981"
"a0bWD0000011TSJYA2","005al00000RVcKvAAL","false","TwoColumnGrid","","Html.Layouts.TwoColumnGrid","","","","42660030105008358"
"a0bWD0000011TlTYAU","005al00000RVcKvAAL","false","a2Cbn000002Vb79","","Html.Layouts.TableLayout","","","","42660439639750114"
"a0bWD0000011TlUYAU","005al00000RVcKvAAL","false","SingleColumnGrid","","Html.Layouts.SingleColumnGrid","","","","42660706223363580"
"a0bWD0000011WGxYAM","005al00000RVcKvAAL","false","TableLayout","","Html.Layouts.TableLayout","","","","42661606974443232"
"a0bWD0000011TlVYAU","005al00000RVcKvAAL","false","a314T000000Xm5O","","Html.Layouts.TableLayout","","","","42661870613747484"
"a0bWD0000011TN2YAM","005al00000RVcKvAAL","false","TwoColumnGrid","","Html.Layouts.TwoColumnGrid","","","","42662037678474974"
"a0bWD0000011TPbYAM","005al00000RVcKvAAL","false","TwoColumnGrid","","Html.Layouts.TwoColumnGrid","","","","42662115597579130"
"a0bWD0000011WGyYAM","005al00000RVcKvAAL","false","NoLayout","","Html.Layouts.NoLayout","","","","42662133411198755"
"a0bWD0000011TlWYAU","005al00000RVcKvAAL","false","NoLayout","","Html.Layouts.NoLayout","","","","42662215692450446"
"a0bWD0000011TlXYAU","005al00000RVcKvAAL","false","a2Cbn000002Vb74","","Html.Layouts.TableLayout","","","","42662225175293646"
"a0bWD0000011TlYYAU","005al00000RVcKvAAL","false","SingleColumnGrid","","Html.Layouts.SingleColumnGrid","","","","42662775557687888"
"a0bWD0000011TlZYAU","005al00000RVcKvAAL","false","a2Cbn000002Vb5o","","Html.Layouts.TwoColumnGrid","","","","42663197899848396"
"a0bWD0000011TlaYAE","005al00000RVcKvAAL","false","a2Cbn000002Vb77","","Html.Layouts.TableLayout","","","","42663365457926169"
"a0bWD0000011TlbYAE","005al00000RVcKvAAL","false","TwoColumnGrid","","Html.Layouts.TwoColumnGrid","","","","42663839187438290"
"a0bWD0000011TlcYAE","005al00000RVcKvAAL","false","a2Cbn000002Vb2Q","","Html.Layouts.NoLayout","","","","42664141522760817"
"a0bWD0000011TldYAE","005al00000RVcKvAAL","false","a2Cbn000002Vb5o","","Html.Layouts.TwoColumnGrid","","","","42664150974550232"
"a0bWD0000011TleYAE","005al00000RVcKvAAL","false","NoLayout","","Html.Layouts.NoLayout","","","","42664810993916538"
"a0bWD0000011TlfYAE","005al00000RVcKvAAL","false","NoLayout","","Html.Layouts.NoLayout","","","","42665128571265658"
"a0bWD0000011TY3YAM","005al00000RVcKvAAL","false","TwoColumnGrid","","Html.Layouts.TwoColumnGrid","","","","42666207783289485"
"a0bWD0000011UIAYA2","005al00000RVcKvAAL","false","TableLayout","","Html.Layouts.TableLayout","","","","42666551383467532"
"a0bWD0000011TUJYA2","005al00000RVcKvAAL","false","TwoColumnGrid","","Html.Layouts.TwoColumnGrid","","","","42666605161288911"
"a0bWD0000011TlgYAE","005al00000RVcKvAAL","false","TableLayout","","Html.Layouts.TableLayout","","","","4266710913945178"
"a0bWD0000011TlhYAE","005al00000RVcKvAAL","false","TableLayout","","Html.Layouts.TableLayout","","","","42667174233636728"
"a0bWD0000011TliYAE","005al00000RVcKvAAL","false","a2Cbn000002Vb5q","","Html.Layouts.NoLayout","","","","42667182589652619"
"a0bWD0000011TSKYA2","005al00000RVcKvAAL","false","NoLayout","","Html.Layouts.NoLayout","","","","42668536755556571"
"a0bWD0000011WGzYAM","005al00000RVcKvAAL","false","TableLayout","","Html.Layouts.TableLayout","","","","42668579906203348"
"a0bWD0000011WH0YAM","005al00000RVcKvAAL","false","TableLayout","","Html.Layouts.TableLayout","","","","42669237059755493"
"a0bWD0000011TSLYA2","005al00000RVcKvAAL","false","TwoColumnGrid","","Html.Layouts.TwoColumnGrid","","","","42669358793338172"
"a0bWD0000011UIBYA2","005al00000RVcKvAAL","false","TwoColumnGrid","","Html.Layouts.TwoColumnGrid","","","","42669823203539594"
"a0bWD0000011TljYAE","005al00000RVcKvAAL","false","a2Cbn000002Vb6i","","Html.Layouts.NoLayout","","","","42669826425407282"
"a0bWD0000011TlkYAE","005al00000RVcKvAAL","false","TwoColumnGrid","","Html.Layouts.TwoColumnGrid","","","","42670371551673933"
"a0bWD0000011TSMYA2","005al00000RVcKvAAL","false","TwoColumnGrid","","Html.Layouts.TwoColumnGrid","","","","42670725099096517"
"a0bWD0000011TllYAE","005al00000RVcKvAAL","false","NoLayout","","Html.Layouts.NoLayout","","","","42670786464340399"
"a0bWD0000011WH1YAM","005al00000RVcKvAAL","false","NoLayout","","Html.Layouts.NoLayout","","","","42670862491175287"
"a0bWD0000011TlmYAE","005al00000RVcKvAAL","false","a2Cbn000002Vb79","","Html.Layouts.TableLayout","","","","42671035164773926"
"a0bWD0000011TPcYAM","005al00000RVcKvAAL","false","TableLayout","","Html.Layouts.TableLayout","","","","42671585438096495"
"a0bWD0000011TlnYAE","005al00000RVcKvAAL","false","NoLayout","","Html.Layouts.NoLayout","","","","42671836900683948"
"a0bWD0000011TloYAE","005al00000RVcKvAAL","false","TwoColumnGrid","","Html.Layouts.TwoColumnGrid","","","","42672137502153612"
"a0bWD0000011UICYA2","005al00000RVcKvAAL","false","NoLayout","","Html.Layouts.NoLayout","","","","42673310533508381"
"a0bWD0000011WH2YAM","005al00000RVcKvAAL","false","TableLayout","","Html.Layouts.TableLayout","","","","42675137442311214"
"a0bWD0000011TlpYAE","005al00000RVcKvAAL","false","NoLayout","","Html.Layouts.NoLayout","","","","42675284840475482"
"a0bWD0000011TlqYAE","005al00000RVcKvAAL","false","TableLayout","","Html.Layouts.TableLayout","","","","42676213382717576"
"a0bWD0000011WH3YAM","005al00000RVcKvAAL","false","TableLayout","","Html.Layouts.TableLayout","","","","42676473614025145"
"a0bWD0000011TUKYA2","005al00000RVcKvAAL","false","NoLayout","","Html.Layouts.NoLayout","","","","42678061634688011"
"a0bWD0000011WH4YAM","005al00000RVcKvAAL","false","NoLayout","","Html.Layouts.NoLayout","","","","42678828326803165"
"a0bWD0000011TN3YAM","005al00000RVcKvAAL","false","NoLayout","","Html.Layouts.NoLayout","","","","42679174535459897"
"a0bWD0000011TPdYAM","005al00000RVcKvAAL","false","TwoColumnGrid","","Html.Layouts.TwoColumnGrid","","","","42679703050104280"
"a0bWD0000011TlrYAE","005al00000RVcKvAAL","false","TwoColumnGrid","","Html.Layouts.TwoColumnGrid","","","","42679873274013283"
"a0bWD0000011TlsYAE","005al00000RVcKvAAL","false","a2Cbn000002Vb6m","","Html.Layouts.NoLayout","","","","42680006310739781"
"a0bWD0000011TN4YAM","005al00000RVcKvAAL","false","TwoColumnGrid","","Html.Layouts.TwoColumnGrid","","","","42680237611365754"
"a0bWD0000011TSNYA2","005al00000RVcKvAAL","false","TwoColumnGrid","","Html.Layouts.TwoColumnGrid","","","","42680572717883704"
"a0bWD0000011WH5YAM","005al00000RVcKvAAL","false","TableLayout","","Html.Layouts.TableLayout","","","","42681153805804257"
"a0bWD0000011UF3YAM","005al00000RVcKvAAL","false","TwoColumnGrid","","Html.Layouts.TwoColumnGrid","","","","42681598886665618"
"a0bWD0000011WH6YAM","005al00000RVcKvAAL","false","TableLayout","","Html.Layouts.TableLayout","","","","42681737284319718"
"a0bWD0000011TltYAE","005al00000RVcKvAAL","false","a314T000000Xm5M","","Html.Layouts.NoLayout","","","","42681885784131853"
"a0bWD0000011TPeYAM","005al00000RVcKvAAL","false","TwoColumnGrid","","Html.Layouts.TwoColumnGrid","","","","42683185734151218"
"a0bWD0000011TPfYAM","005al00000RVcKvAAL","false","TwoColumnGrid","","Html.Layouts.TwoColumnGrid","","","","42683306127303134"
"a0bWD0000011TSOYA2","005al00000RVcKvAAL","false","TwoColumnGrid","","Html.Layouts.TwoColumnGrid","","","","42684014273087596"
"a0bWD0000011TluYAE","005al00000RVcKvAAL","false","TwoColumnGrid","","Html.Layouts.TwoColumnGrid","","","","42684452562642914"
"a0bWD0000011TlvYAE","005al00000RVcKvAAL","false","NoLayout","","Html.Layouts.NoLayout","","","","42684627645740366"
"a0bWD0000011TPgYAM","005al00000RVcKvAAL","false","TwoColumnGrid","","Html.Layouts.TwoColumnGrid","","","","42685664308372865"
"a0bWD0000011TY4YAM","005al00000RVcKvAAL","false","TwoColumnGrid","","Html.Layouts.TwoColumnGrid","","","","42685706085544444"
"a0bWD0000011WH7YAM","005al00000RVcKvAAL","false","NoLayout","","Html.Layouts.NoLayout","","","","42686564135532262"
"a0bWD0000011TPhYAM","005al00000RVcKvAAL","false","TwoColumnGrid","","Html.Layouts.TwoColumnGrid","","","","42687222383469974"
"a0bWD0000011WH8YAM","005al00000RVcKvAAL","false","TableLayout","","Html.Layouts.TableLayout","","","","42687827321938840"
"a0bWD0000011WH9YAM","005al00000RVcKvAAL","false","TableLayout","","Html.Layouts.TableLayout","","","","42688448573692664"
"a0bWD0000011WHAYA2","005al00000RVcKvAAL","false","TableLayout","","Html.Layouts.TableLayout","","","","42688486755024510"
"a0bWD0000011TSPYA2","005al00000RVcKvAAL","false","NoLayout","","Html.Layouts.NoLayout","","","","42688637338848350"
"a0bWD0000011TPiYAM","005al00000RVcKvAAL","false","TwoColumnGrid","","Html.Layouts.TwoColumnGrid","","","","42689049596538731"
"a0bWD0000011TlwYAE","005al00000RVcKvAAL","false","TwoColumnGrid","","Html.Layouts.TwoColumnGrid","","","","42689326723108132"
"a0bWD0000011TPjYAM","005al00000RVcKvAAL","false","SingleColumnGrid","","Html.Layouts.SingleColumnGrid","","","","42689370478466807"
"a0bWD0000011TlxYAE","005al00000RVcKvAAL","false","a2Cbn000002Vb5p","","Html.Layouts.NoLayout","","","","42689787918433668"
"a0bWD0000011TlyYAE","005al00000RVcKvAAL","false","a2Cbn000002Vb77","","Html.Layouts.TableLayout","","","","42689901580462713"
"a0bWD0000011TlzYAE","005al00000RVcKvAAL","false","NoLayout","","Html.Layouts.NoLayout","","","","42690008547840206"
"a0bWD0000011Tm0YAE","005al00000RVcKvAAL","false","TwoColumnGrid","","Html.Layouts.TwoColumnGrid","","","","42690277926572598"
"a0bWD0000011WHBYA2","005al00000RVcKvAAL","false","SingleColumnGrid","","Html.Layouts.SingleColumnGrid","","","","42690637074220661"
"a0bWD0000011WHCYA2","005al00000RVcKvAAL","false","TableLayout","","Html.Layouts.TableLayout","","","","42690947961828133"
"a0bWD0000011WHDYA2","005al00000RVcKvAAL","false","TableLayout","","Html.Layouts.TableLayout","","","","42691201560315504"
"a0bWD0000011Tm1YAE","005al00000RVcKvAAL","false","NoLayout","","Html.Layouts.NoLayout","","","","42691677233958226"
"a0bWD0000011TSQYA2","005al00000RVcKvAAL","false","TwoColumnGrid","","Html.Layouts.TwoColumnGrid","","","","42691860923266026"
"a0bWD0000011YH1YAM","005al00000RVcKvAAL","false","TableLayout","","Html.Layouts.TableLayout","","","","42692567204082517"
"a0bWD0000011Tm2YAE","005al00000RVcKvAAL","false","TwoColumnGrid","","Html.Layouts.TwoColumnGrid","","","","42692812144895021"
"a0bWD0000011Tm3YAE","005al00000RVcKvAAL","false","a2Cbn000002Vb6n","","Html.Layouts.TwoColumnGrid","","","","42692930120806534"
"a0bWD0000011TULYA2","005al00000RVcKvAAL","false","TwoColumnGrid","","Html.Layouts.TwoColumnGrid","","","","42693364340854134"
"a0bWD0000011WHEYA2","005al00000RVcKvAAL","false","NoLayout","","Html.Layouts.NoLayout","","","","42693477507543367"
"a0bWD0000011Tm4YAE","005al00000RVcKvAAL","false","TwoColumnGrid","","Html.Layouts.TwoColumnGrid","","","","42693866393778297"
"a0bWD0000011Tm5YAE","005al00000RVcKvAAL","false","TwoColumnGrid","","Html.Layouts.TwoColumnGrid","","","","42693920470501471"
"a0bWD0000011Tm6YAE","005al00000RVcKvAAL","false","TableLayout","","Html.Layouts.TableLayout","","","","42693930941163697"
"a0bWD0000011WHFYA2","005al00000RVcKvAAL","false","TwoColumnGrid","","Html.Layouts.TwoColumnGrid","","","","42694604069632302"
"a0bWD0000011Tm7YAE","005al00000RVcKvAAL","false","a2Cbn000002Vb6h","","Html.Layouts.NoLayout","","","","42694946405534572"
"a0bWD0000011TPkYAM","005al00000RVcKvAAL","false","TableLayout","","Html.Layouts.TableLayout","","","","42695468799463441"
"a0bWD0000011Tm8YAE","005al00000RVcKvAAL","false","a2Cbn000002Vb75","","Html.Layouts.NoLayout","","","","42695500809513749"
"a0bWD0000011Tm9YAE","005al00000RVcKvAAL","false","NoLayout","","Html.Layouts.NoLayout","","","","42695656893731332"
"a0bWD0000011TPlYAM","005al00000RVcKvAAL","false","TwoColumnGrid","","Html.Layouts.TwoColumnGrid","","","","42696353869013453"
"a0bWD0000011TmAYAU","005al00000RVcKvAAL","false","NoLayout","","Html.Layouts.NoLayout","","","","42696768975547490"
"a0bWD0000011TmBYAU","005al00000RVcKvAAL","false","TableLayout","","Html.Layouts.TableLayout","","","","42696797946469274"
"a0bWD0000011TN5YAM","005al00000RVcKvAAL","false","TwoColumnGrid","","Html.Layouts.TwoColumnGrid","","","","42696982467804795"
"a0bWD0000011WHGYA2","005al00000RVcKvAAL","false","a314T000000Xm5R","","Html.Layouts.TableLayout","","","","42698454555792838"
"a0bWD0000011UF4YAM","005al00000RVcKvAAL","false","TwoColumnGrid","","Html.Layouts.TwoColumnGrid","","","","42700006605313833"
"a0bWD0000011TN6YAM","005al00000RVcKvAAL","false","TwoColumnGrid","","Html.Layouts.TwoColumnGrid","","","","42700378412662271"
"a0bWD0000011WHHYA2","005al00000RVcKvAAL","false","NoLayout","","Html.Layouts.NoLayout","","","","42700987219415668"
"a0bWD0000011WHIYA2","005al00000RVcKvAAL","false","TableLayout","","Html.Layouts.TableLayout","","","","42700991052327848"
"a0bWD0000011TmCYAU","005al00000RVcKvAAL","false","TableLayout","","Html.Layouts.TableLayout","","","","42701303584376706"
"a0bWD0000011TmDYAU","005al00000RVcKvAAL","false","TableLayout","","Html.Layouts.TableLayout","","","","42701663700626754"
"a0bWD0000011TmEYAU","005al00000RVcKvAAL","false","TwoColumnGrid","","Html.Layouts.TwoColumnGrid","","","","42702011840322064"
"a0bWD0000011TPmYAM","005al00000RVcKvAAL","false","TwoColumnGrid","","Html.Layouts.TwoColumnGrid","","","","42702157408793314"
"a0bWD0000011WHJYA2","005al00000RVcKvAAL","false","NoLayout","","Html.Layouts.NoLayout","","","","42702377063237411"
"a0bWD0000011TPnYAM","005al00000RVcKvAAL","false","TableLayout","","Html.Layouts.TableLayout","","","","42702379892978422"
"a0bWD0000011TmFYAU","005al00000RVcKvAAL","false","TableLayout","","Html.Layouts.TableLayout","","","","42702506328253207"
"a0bWD0000011TmGYAU","005al00000RVcKvAAL","false","TwoColumnGrid","","Html.Layouts.TwoColumnGrid","","","","42702587653843304"
"a0bWD0000011WHKYA2","005al00000RVcKvAAL","false","TwoColumnGrid","","Html.Layouts.TwoColumnGrid","","","","42702899624216039"
"a0bWD0000011TmHYAU","005al00000RVcKvAAL","false","NoLayout","","Html.Layouts.NoLayout","","","","42703179724077100"
"a0bWD0000011TSRYA2","005al00000RVcKvAAL","false","TwoColumnGrid","","Html.Layouts.TwoColumnGrid","","","","42703183091751622"
"a0bWD0000011TN7YAM","005al00000RVcKvAAL","false","TableLayout","","Html.Layouts.TableLayout","","","","42703925217393977"
"a0bWD0000011TmIYAU","005al00000RVcKvAAL","false","a313g0000008Q0K","","Html.Layouts.NoLayout","","","","42704518729053626"
"a0bWD0000011WHLYA2","005al00000RVcKvAAL","false","TableLayout","","Html.Layouts.TableLayout","","","","42705081840033288"
"a0bWD0000011TmJYAU","005al00000RVcKvAAL","false","TwoColumnGrid","","Html.Layouts.TwoColumnGrid","","","","42705971696268481"
"a0bWD0000011WHMYA2","005al00000RVcKvAAL","false","TableLayout","","Html.Layouts.TableLayout","","","","42706778075265301"
"a0bWD0000011WHNYA2","005al00000RVcKvAAL","false","TwoColumnGrid","","Html.Layouts.TwoColumnGrid","","","","42706974803083561"
"a0bWD0000011TmKYAU","005al00000RVcKvAAL","false","SingleColumnGrid","","Html.Layouts.SingleColumnGrid","","","","42707221562462451"
"a0bWD0000011TN8YAM","005al00000RVcKvAAL","false","TwoColumnGrid","","Html.Layouts.TwoColumnGrid","","","","42707886346588949"
"a0bWD0000011TmLYAU","005al00000RVcKvAAL","false","TableLayout","","Html.Layouts.TableLayout","","","","42708144301697226"
"a0bWD0000011TmMYAU","005al00000RVcKvAAL","false","TwoColumnGrid","","Html.Layouts.TwoColumnGrid","","","","42708231880451256"
"a0bWD0000011TmNYAU","005al00000RVcKvAAL","false","NoLayout","","Html.Layouts.NoLayout","","","","42709178114814619"
"a0bWD0000011TPoYAM","005al00000RVcKvAAL","false","TwoColumnGrid","","Html.Layouts.TwoColumnGrid","","","","42709257588867615"
"a0bWD0000011TmOYAU","005al00000RVcKvAAL","false","a2Cbn000002Vb5o","","Html.Layouts.TwoColumnGrid","","","","42709375925035346"
"a0bWD0000011TY5YAM","005al00000RVcKvAAL","false","TwoColumnGrid","","Html.Layouts.TwoColumnGrid","","","","42710240661104441"
"a0bWD0000011TPpYAM","005al00000RVcKvAAL","false","TwoColumnGrid","","Html.Layouts.TwoColumnGrid","","","","42710431656676664"
"a0bWD0000011TmPYAU","005al00000RVcKvAAL","false","NoLayout","","Html.Layouts.NoLayout","","","","42710508185190770"
"a0bWD0000011WHOYA2","005al00000RVcKvAAL","false","TwoColumnGrid","","Html.Layouts.TwoColumnGrid","","","","42710518214850852"
"a0bWD0000011UF5YAM","005al00000RVcKvAAL","false","TwoColumnGrid","","Html.Layouts.TwoColumnGrid","","","","42710565503603451"
"a0bWD0000011TmQYAU","005al00000RVcKvAAL","false","SingleColumnGrid","","Html.Layouts.SingleColumnGrid","","","","42712070717753875"
"a0bWD0000011TmRYAU","005al00000RVcKvAAL","false","TableLayout","","Html.Layouts.TableLayout","","","","4271236621636419"
"a0bWD0000011TmSYAU","005al00000RVcKvAAL","false","TwoColumnGrid","","Html.Layouts.TwoColumnGrid","","","","42712649228412072"
"a0bWD0000011TSSYA2","005al00000RVcKvAAL","false","NoLayout","","Html.Layouts.NoLayout","","","","42712916371095441"
"a0bWD0000011WHPYA2","005al00000RVcKvAAL","false","TableLayout","","Html.Layouts.TableLayout","","","","42713843941574919"
"a0bWD0000011TmTYAU","005al00000RVcKvAAL","false","TableLayout","","Html.Layouts.TableLayout","","","","42713928010572465"
"a0bWD0000011TmUYAU","005al00000RVcKvAAL","false","NoLayout","","Html.Layouts.NoLayout","","","","42714135281062849"
"a0bWD0000011TmVYAU","005al00000RVcKvAAL","false","a313g0000008Q0F","","Html.Layouts.NoLayout","","","","42714812520403879"
"a0bWD0000011TSTYA2","005al00000RVcKvAAL","false","NoLayout","","Html.Layouts.NoLayout","","","","42715213392898326"
"a0bWD0000011TPqYAM","005al00000RVcKvAAL","false","NoLayout","","Html.Layouts.NoLayout","","","","42715468597152063"
"a0bWD0000011WHQYA2","005al00000RVcKvAAL","false","SingleColumnGrid","","Html.Layouts.SingleColumnGrid","","","","42715674480063103"
"a0bWD0000011TSUYA2","005al00000RVcKvAAL","false","TwoColumnGrid","","Html.Layouts.TwoColumnGrid","","","","42715872436599598"
"a0bWD0000011TmWYAU","005al00000RVcKvAAL","false","NoLayout","","Html.Layouts.NoLayout","","","","42716389162595091"
"a0bWD0000011TmXYAU","005al00000RVcKvAAL","false","a313g0000008Q0G","","Html.Layouts.NoLayout","","","","42716403542905923"
"a0bWD0000011TSVYA2","005al00000RVcKvAAL","false","TwoColumnGrid","","Html.Layouts.TwoColumnGrid","","","","42716484944570322"
"a0bWD0000011WHRYA2","005al00000RVcKvAAL","false","TableLayout","","Html.Layouts.TableLayout","","","","42716507679416127"
"a0bWD0000011TPrYAM","005al00000RVcKvAAL","false","NoLayout","","Html.Layouts.NoLayout","","","","42717095303370827"
"a0bWD0000011TmYYAU","005al00000RVcKvAAL","false","SingleColumnGrid","","Html.Layouts.SingleColumnGrid","","","","42717125672979691"
"a0bWD0000011WHSYA2","005al00000RVcKvAAL","false","NoLayout","","Html.Layouts.NoLayout","","","","42717138992808017"
"a0bWD0000011TmZYAU","005al00000RVcKvAAL","false","NoLayout","","Html.Layouts.NoLayout","","","","42717294650510147"
"a0bWD0000011TSWYA2","005al00000RVcKvAAL","false","NoLayout","","Html.Layouts.NoLayout","","","","42717492938306561"
"a0bWD0000011WHTYA2","005al00000RVcKvAAL","false","a2Cbn000002VbCm","","Html.Layouts.NoLayout","","","","42717623073772946"
"a0bWD0000011TmaYAE","005al00000RVcKvAAL","false","NoLayout","","Html.Layouts.NoLayout","","","","42717921231564486"
"a0bWD0000011TmbYAE","005al00000RVcKvAAL","false","TwoColumnGrid","","Html.Layouts.TwoColumnGrid","","","","42719004133719861"
"a0bWD0000011WHUYA2","005al00000RVcKvAAL","false","TableLayout","","Html.Layouts.TableLayout","","","","42719055955519240"
"a0bWD0000011TmcYAE","005al00000RVcKvAAL","false","NoLayout","","Html.Layouts.NoLayout","","","","42719475388717115"
"a0bWD0000011TmdYAE","005al00000RVcKvAAL","false","a2Cbn000002Vb5r","","Html.Layouts.NoLayout","","","","42719501847212521"
"a0bWD0000011TmeYAE","005al00000RVcKvAAL","false","TwoColumnGrid","","Html.Layouts.TwoColumnGrid","","","","42719657294505839"
"a0bWD0000011TmfYAE","005al00000RVcKvAAL","false","NoLayout","","Html.Layouts.NoLayout","","","","42719890360951734"
"a0bWD0000011TmgYAE","005al00000RVcKvAAL","false","TableLayout","","Html.Layouts.TableLayout","","","","42720353832562727"
"a0bWD0000011TmhYAE","005al00000RVcKvAAL","false","TwoColumnGrid","","Html.Layouts.TwoColumnGrid","","","","42720450031361360"
"a0bWD0000011TmiYAE","005al00000RVcKvAAL","false","TwoColumnGrid","","Html.Layouts.TwoColumnGrid","","","","42721140055073453"
"a0bWD0000011TmjYAE","005al00000RVcKvAAL","false","a2Cbn000002Vb78","","Html.Layouts.TableLayout","","","","42722673868164026"
"a0bWD0000011TSXYA2","005al00000RVcKvAAL","false","TwoColumnGrid","","Html.Layouts.TwoColumnGrid","","","","42722871145332789"
"a0bWD0000011WHVYA2","005al00000RVcKvAAL","false","TableLayout","","Html.Layouts.TableLayout","","","","42722940305699314"
"a0bWD0000011TmkYAE","005al00000RVcKvAAL","false","TableLayout","","Html.Layouts.TableLayout","","","","42723245266854762"
"a0bWD0000011TmlYAE","005al00000RVcKvAAL","false","NoLayout","","Html.Layouts.NoLayout","","","","42723597897851173"
"a0bWD0000011WHWYA2","005al00000RVcKvAAL","false","TableLayout","","Html.Layouts.TableLayout","","","","42724277181887016"
"a0bWD0000011TmmYAE","005al00000RVcKvAAL","false","SingleColumnGrid","","Html.Layouts.SingleColumnGrid","","","","42724904033443594"
"a0bWD0000011TmnYAE","005al00000RVcKvAAL","false","a2Cbn000002Vb7A","","Html.Layouts.TableLayout","","","","42725813234220383"
"a0bWD0000011TmoYAE","005al00000RVcKvAAL","false","TwoColumnGrid","","Html.Layouts.TwoColumnGrid","","","","42726259603471147"
"a0bWD0000011WHXYA2","005al00000RVcKvAAL","false","TableLayout","","Html.Layouts.TableLayout","","","","42726284596053654"
"a0bWD0000011TmpYAE","005al00000RVcKvAAL","false","NoLayout","","Html.Layouts.NoLayout","","","","42726410506632690"
"a0bWD0000011TmqYAE","005al00000RVcKvAAL","false","a2Cbn000002Vb5o","","Html.Layouts.TwoColumnGrid","","","","42726656564228274"
"a0bWD0000011YH2YAM","005al00000RVcKvAAL","false","TableLayout","","Html.Layouts.TableLayout","","","","42726887264487505"
"a0bWD0000011TmrYAE","005al00000RVcKvAAL","false","TableLayout","","Html.Layouts.TableLayout","","","","42726913037698412"
"a0bWD0000011WHYYA2","005al00000RVcKvAAL","false","SingleColumnGrid","","Html.Layouts.SingleColumnGrid","","","","42727143296906292"
"a0bWD0000011WHZYA2","005al00000RVcKvAAL","false","TableLayout","","Html.Layouts.TableLayout","","","","42727254332336081"
"a0bWD0000011TSYYA2","005al00000RVcKvAAL","false","NoLayout","","Html.Layouts.NoLayout","","","","42727700409224699"
"a0bWD0000011TmsYAE","005al00000RVcKvAAL","false","NoLayout","","Html.Layouts.NoLayout","","","","42727950125384626"
"a0bWD0000011TmtYAE","005al00000RVcKvAAL","false","NoLayout","","Html.Layouts.NoLayout","","","","4272829662524133"
"a0bWD0000011TmuYAE","005al00000RVcKvAAL","false","TwoColumnGrid","","Html.Layouts.TwoColumnGrid","","","","42728752814165750"
"a0bWD0000011TmvYAE","005al00000RVcKvAAL","false","TwoColumnGrid","","Html.Layouts.TwoColumnGrid","","","","42729119704752393"
"a0bWD0000011UF6YAM","005al00000RVcKvAAL","false","TwoColumnGrid","","Html.Layouts.TwoColumnGrid","","","","42729598355032236"
"a0bWD0000011WHaYAM","005al00000RVcKvAAL","false","a2Cbn000002Vb7P","","Html.Layouts.TableLayout","","","","42729904140850920"
"a0bWD0000011TmwYAE","005al00000RVcKvAAL","false","a2Cbn000002Vb7A","","Html.Layouts.TableLayout","","","","42730356332389994"
"a0bWD0000011TmxYAE","005al00000RVcKvAAL","false","a313g0000008Q1X","","Html.Layouts.NoLayout","","","","42730391379915773"
"a0bWD0000011TmyYAE","005al00000RVcKvAAL","false","NoLayout","","Html.Layouts.NoLayout","","","","42730401370428839"
"a0bWD0000011TmzYAE","005al00000RVcKvAAL","false","a314T000000Xm6J","","Html.Layouts.TwoColumnGrid","","","","42730500186771424"
"a0bWD0000011Tn0YAE","005al00000RVcKvAAL","false","a2Cbn000002Vb78","","Html.Layouts.TableLayout","","","","42730596527372981"
"a0bWD0000011TUMYA2","005al00000RVcKvAAL","false","NoLayout","","Html.Layouts.NoLayout","","","","42731267334142973"
"a0bWD0000011TSZYA2","005al00000RVcKvAAL","false","TableLayout","","Html.Layouts.TableLayout","","","","42731880195346991"
"a0bWD0000011TUNYA2","005al00000RVcKvAAL","false","NoLayout","","Html.Layouts.NoLayout","","","","42732228977389745"
"a0bWD0000011Tn1YAE","005al00000RVcKvAAL","false","NoLayout","","Html.Layouts.NoLayout","","","","42733521800635127"
"a0bWD0000011WHbYAM","005al00000RVcKvAAL","false","TableLayout","","Html.Layouts.TableLayout","","","","42734883749775815"
"a0bWD0000011Tn2YAE","005al00000RVcKvAAL","false","a2Cbn000002Vb6n","","Html.Layouts.TwoColumnGrid","","","","42735326983609796"
"a0bWD0000011WHcYAM","005al00000RVcKvAAL","false","TwoColumnGrid","","Html.Layouts.TwoColumnGrid","","","","42735724291203951"
"a0bWD0000011WHdYAM","005al00000RVcKvAAL","false","NoLayout","","Html.Layouts.NoLayout","","","","42736372755247896"
"a0bWD0000011WHeYAM","005al00000RVcKvAAL","false","TwoColumnGrid","","Html.Layouts.TwoColumnGrid","","","","42737189874843078"
"a0bWD0000011Tn3YAE","005al00000RVcKvAAL","false","TwoColumnGrid","","Html.Layouts.TwoColumnGrid","","","","42737499863323418"
"a0bWD0000011Tn4YAE","005al00000RVcKvAAL","false","TwoColumnGrid","","Html.Layouts.TwoColumnGrid","","","","42738352539184134"
"a0bWD0000011WHfYAM","005al00000RVcKvAAL","false","TableLayout","","Html.Layouts.TableLayout","","","","42738358862780168"
"a0bWD0000011TPsYAM","005al00000RVcKvAAL","false","TwoColumnGrid","","Html.Layouts.TwoColumnGrid","","","","42739137446768966"
"a0bWD0000011Tn5YAE","005al00000RVcKvAAL","false","a313g0000008Q0L","","Html.Layouts.NoLayout","","","","42739966537305767"
"a0bWD0000011Tn6YAE","005al00000RVcKvAAL","false","a313g0000008Q0L","","Html.Layouts.NoLayout","","","","42740090923727479"
"a0bWD0000011Tn7YAE","005al00000RVcKvAAL","false","a2Cbn000002Vb5n","","Html.Layouts.NoLayout","","","","42740216547424496"
"a0bWD0000011Tn8YAE","005al00000RVcKvAAL","false","TwoColumnGrid","","Html.Layouts.TwoColumnGrid","","","","42740687999832694"
"a0bWD0000011TSaYAM","005al00000RVcKvAAL","false","TwoColumnGrid","","Html.Layouts.TwoColumnGrid","","","","42742308753149479"
"a0bWD0000011WHgYAM","005al00000RVcKvAAL","false","TableLayout","","Html.Layouts.TableLayout","","","","42742320339139344"
"a0bWD0000011TPtYAM","005al00000RVcKvAAL","false","TwoColumnGrid","","Html.Layouts.TwoColumnGrid","","","","42742394676791788"
"a0bWD0000011Tn9YAE","005al00000RVcKvAAL","false","TwoColumnGrid","","Html.Layouts.TwoColumnGrid","","","","42742512394472435"
"a0bWD0000011TSbYAM","005al00000RVcKvAAL","false","TwoColumnGrid","","Html.Layouts.TwoColumnGrid","","","","4274339988259053"
"a0bWD0000011UHcYAM","005al00000RVcKvAAL","false","NoLayout","","Html.Layouts.NoLayout","","","","42743414496851443"
"a0bWD0000011WHhYAM","005al00000RVcKvAAL","false","TwoColumnGrid","","Html.Layouts.TwoColumnGrid","","","","42743435885606291"
"a0bWD0000011TY6YAM","005al00000RVcKvAAL","false","TwoColumnGrid","","Html.Layouts.TwoColumnGrid","","","","42743442396290234"
"a0bWD0000011WHiYAM","005al00000RVcKvAAL","false","TableLayout","","Html.Layouts.TableLayout","","","","42744215542659369"
"a0bWD0000011TnAYAU","005al00000RVcKvAAL","false","TwoColumnGrid","","Html.Layouts.TwoColumnGrid","","","","42744381609004561"
"a0bWD0000011UF7YAM","005al00000RVcKvAAL","false","TwoColumnGrid","","Html.Layouts.TwoColumnGrid","","","","42745414464892932"
"a0bWD0000011WHjYAM","005al00000RVcKvAAL","false","TableLayout","","Html.Layouts.TableLayout","","","","42745855553303949"
"a0bWD0000011TnBYAU","005al00000RVcKvAAL","false","TableLayout","","Html.Layouts.TableLayout","","","","42746399629171131"
"a0bWD0000011TnCYAU","005al00000RVcKvAAL","false","TwoColumnGrid","","Html.Layouts.TwoColumnGrid","","","","42746424998160630"
"a0bWD0000011TnDYAU","005al00000RVcKvAAL","false","TableLayout","","Html.Layouts.TableLayout","","","","42746787704787403"
"a0bWD0000011WHkYAM","005al00000RVcKvAAL","false","TableLayout","","Html.Layouts.TableLayout","","","","42748241135923983"
"a0bWD0000011WHlYAM","005al00000RVcKvAAL","false","a313g0000008Q0M","","Html.Layouts.TableLayout","","","","4274849839157793"
"a0bWD0000011TnEYAU","005al00000RVcKvAAL","false","a2Cbn000002Vb76","","Html.Layouts.NoLayout","","","","42749083552257442"
"a0bWD0000011TnFYAU","005al00000RVcKvAAL","false","SingleColumnGrid","","Html.Layouts.SingleColumnGrid","","","","42749220534891558"
"a0bWD0000011WHmYAM","005al00000RVcKvAAL","false","TwoColumnGrid","","Html.Layouts.TwoColumnGrid","","","","42749280334881924"
"a0bWD0000011TnGYAU","005al00000RVcKvAAL","false","a2Cbn000002Vb6g","","Html.Layouts.NoLayout","","","","42749949465289713"
"a0bWD0000011TUOYA2","005al00000RVcKvAAL","false","NoLayout","","Html.Layouts.NoLayout","","","","42750215167293706"
"a0bWD0000011TN9YAM","005al00000RVcKvAAL","false","SingleColumnGrid","","Html.Layouts.SingleColumnGrid","","","","42750473896774202"
"a0bWD0000011TPuYAM","005al00000RVcKvAAL","false","TwoColumnGrid","","Html.Layouts.TwoColumnGrid","","","","42750514561958062"
"a0bWD0000011TnHYAU","005al00000RVcKvAAL","false","a313g0000008Q0H","","Html.Layouts.NoLayout","","","","42750853127110277"
"a0bWD0000011TnIYAU","005al00000RVcKvAAL","false","TwoColumnGrid","","Html.Layouts.TwoColumnGrid","","","","42750871486272097"
"a0bWD0000011WHnYAM","005al00000RVcKvAAL","false","TwoColumnGrid","","Html.Layouts.TwoColumnGrid","","","","42751403340467498"
"a0bWD0000011TnJYAU","005al00000RVcKvAAL","false","NoLayout","","Html.Layouts.NoLayout","","","","42751939649328292"
"a0bWD0000011TY7YAM","005al00000RVcKvAAL","false","TwoColumnGrid","","Html.Layouts.TwoColumnGrid","","","","42752075640822675"
"a0bWD0000011WHoYAM","005al00000RVcKvAAL","false","TableLayout","","Html.Layouts.TableLayout","","","","42752145688094510"
"a0bWD0000011WHpYAM","005al00000RVcKvAAL","false","TableLayout","","Html.Layouts.TableLayout","","","","42752931524542488"
"a0bWD0000011TUPYA2","005al00000RVcKvAAL","false","TableLayout","","Html.Layouts.TableLayout","","","","42752971908378809"
"a0bWD0000011TnKYAU","005al00000RVcKvAAL","false","TableLayout","","Html.Layouts.TableLayout","","","","42754134122763672"
"a0bWD0000011UHdYAM","005al00000RVcKvAAL","false","TwoColumnGrid","","Html.Layouts.TwoColumnGrid","","","","42754516340136803"
"a0bWD0000011UIDYA2","005al00000RVcKvAAL","false","TwoColumnGrid","","Html.Layouts.TwoColumnGrid","","","","42754532458351154"
"a0bWD0000011WHqYAM","005al00000RVcKvAAL","false","NoLayout","","Html.Layouts.NoLayout","","","","42755385343545136"
"a0bWD0000011WHrYAM","005al00000RVcKvAAL","false","TwoColumnGrid","","Html.Layouts.TwoColumnGrid","","","","42756461213342995"
"a0bWD0000011TnLYAU","005al00000RVcKvAAL","false","a2Cbn000002Vb5t","","Html.Layouts.NoLayout","","","","42756552529003606"
"a0bWD0000011TnMYAU","005al00000RVcKvAAL","false","TableLayout","","Html.Layouts.TableLayout","","","","42758461146247363"
"a0bWD0000011TnNYAU","005al00000RVcKvAAL","false","NoLayout","","Html.Layouts.NoLayout","","","","42759252674943606"
"a0bWD0000011TnOYAU","005al00000RVcKvAAL","false","NoLayout","","Html.Layouts.NoLayout","","","","42759877531699366"
"a0bWD0000011WHsYAM","005al00000RVcKvAAL","false","TableLayout","","Html.Layouts.TableLayout","","","","42761441008709590"
"a0bWD0000011TTEYA2","005al00000RVcKvAAL","false","TwoColumnGrid","","Html.Layouts.TwoColumnGrid","","","","42761867190697237"
"a0bWD0000011TnPYAU","005al00000RVcKvAAL","false","TwoColumnGrid","","Html.Layouts.TwoColumnGrid","","","","42762058490754756"
"a0bWD0000011TnQYAU","005al00000RVcKvAAL","false","TableLayout","","Html.Layouts.TableLayout","","","","42762207327956834"
"a0bWD0000011TScYAM","005al00000RVcKvAAL","false","TableLayout","","Html.Layouts.TableLayout","","","","42762230586761070"
"a0bWD0000011TNAYA2","005al00000RVcKvAAL","false","TwoColumnGrid","","Html.Layouts.TwoColumnGrid","","","","42762350616861522"
"a0bWD0000011TnRYAU","005al00000RVcKvAAL","false","TableLayout","","Html.Layouts.TableLayout","","","","42762400781030246"
"a0bWD0000011TnSYAU","005al00000RVcKvAAL","false","NoLayout","","Html.Layouts.NoLayout","","","","42762434149468513"
"a0bWD0000011TNBYA2","005al00000RVcKvAAL","false","TwoColumnGrid","","Html.Layouts.TwoColumnGrid","","","","42764957486897388"
"a0bWD0000011YH3YAM","005al00000RVcKvAAL","false","TableLayout","","Html.Layouts.TableLayout","","","","42764988132043799"
"a0bWD0000011TnTYAU","005al00000RVcKvAAL","false","TableLayout","","Html.Layouts.TableLayout","","","","42765544243074519"
"a0bWD0000011WHtYAM","005al00000RVcKvAAL","false","TableLayout","","Html.Layouts.TableLayout","","","","42766124938336623"
"a0bWD0000011TPvYAM","005al00000RVcKvAAL","false","TwoColumnGrid","","Html.Layouts.TwoColumnGrid","","","","42766487749913794"
"a0bWD0000011TnUYAU","005al00000RVcKvAAL","false","TableLayout","","Html.Layouts.TableLayout","","","","42766935190119541"
"a0bWD0000011WHuYAM","005al00000RVcKvAAL","false","NoLayout","","Html.Layouts.NoLayout","","","","42768021838544375"
"a0bWD0000011TnVYAU","005al00000RVcKvAAL","false","NoLayout","","Html.Layouts.NoLayout","","","","42768835007124120"
"a0bWD0000011WHvYAM","005al00000RVcKvAAL","false","NoLayout","","Html.Layouts.NoLayout","","","","42769023238044682"
"a0bWD0000011WHwYAM","005al00000RVcKvAAL","false","NoLayout","","Html.Layouts.NoLayout","","","","42769978230099149"
"a0bWD0000011TnWYAU","005al00000RVcKvAAL","false","NoLayout","","Html.Layouts.NoLayout","","","","42770326182755992"
"a0bWD0000011TnXYAU","005al00000RVcKvAAL","false","a2Cbn000002Vb77","","Html.Layouts.TableLayout","","","","42771116968601392"
"a0bWD0000011TUQYA2","005al00000RVcKvAAL","false","TwoColumnGrid","","Html.Layouts.TwoColumnGrid","","","","42771303619685748"
"a0bWD0000011WHxYAM","005al00000RVcKvAAL","false","TwoColumnGrid","","Html.Layouts.TwoColumnGrid","","","","42771858084500819"
"a0bWD0000011TnYYAU","005al00000RVcKvAAL","false","TwoColumnGrid","","Html.Layouts.TwoColumnGrid","","","","42771948783806849"
"a0bWD0000011TNCYA2","005al00000RVcKvAAL","false","TwoColumnGrid","","Html.Layouts.TwoColumnGrid","","","","42772122367183117"
"a0bWD0000011TPwYAM","005al00000RVcKvAAL","false","SingleColumnGrid","","Html.Layouts.SingleColumnGrid","","","","42772679992663462"
"a0bWD0000011TnZYAU","005al00000RVcKvAAL","false","NoLayout","","Html.Layouts.NoLayout","","","","42772989287283335"
"a0bWD0000011TSdYAM","005al00000RVcKvAAL","false","TableLayout","","Html.Layouts.TableLayout","","","","42773236314165369"
"a0bWD0000011TY8YAM","005al00000RVcKvAAL","false","SingleColumnGrid","","Html.Layouts.SingleColumnGrid","","","","42773600909659422"
"a0bWD0000011WHyYAM","005al00000RVcKvAAL","false","a2Cbn000002Vb7P","","Html.Layouts.TableLayout","","","","42773712368455154"
"a0bWD0000011TnaYAE","005al00000RVcKvAAL","false","TwoColumnGrid","","Html.Layouts.TwoColumnGrid","","","","42773908896226960"
"a0bWD0000011TPxYAM","005al00000RVcKvAAL","false","TwoColumnGrid","","Html.Layouts.TwoColumnGrid","","","","42773941180182647"
"a0bWD0000011TnbYAE","005al00000RVcKvAAL","false","TwoColumnGrid","","Html.Layouts.TwoColumnGrid","","","","42774033797207919"
"a0bWD0000011TncYAE","005al00000RVcKvAAL","false","TableLayout","","Html.Layouts.TableLayout","","","","42774036025996540"
"a0bWD0000011WHzYAM","005al00000RVcKvAAL","false","TableLayout","","Html.Layouts.TableLayout","","","","42774053819136834"
"a0bWD0000011WI0YAM","005al00000RVcKvAAL","false","TableLayout","","Html.Layouts.TableLayout","","","","42774578388556172"
"a0bWD0000011TndYAE","005al00000RVcKvAAL","false","NoLayout","","Html.Layouts.NoLayout","","","","42774913756005541"
"a0bWD0000011TneYAE","005al00000RVcKvAAL","false","TableLayout","","Html.Layouts.TableLayout","","","","42775101025193087"
"a0bWD0000011TSeYAM","005al00000RVcKvAAL","false","TwoColumnGrid","","Html.Layouts.TwoColumnGrid","","","","42776279063099056"
"a0bWD0000011TnfYAE","005al00000RVcKvAAL","false","a2Cbn000002Vb5o","","Html.Layouts.TwoColumnGrid","","","","42776344805852219"
"a0bWD0000011TngYAE","005al00000RVcKvAAL","false","TableLayout","","Html.Layouts.TableLayout","","","","42776847773365085"
"a0bWD0000011WI1YAM","005al00000RVcKvAAL","false","TableLayout","","Html.Layouts.TableLayout","","","","42777061607866314"
"a0bWD0000011TnhYAE","005al00000RVcKvAAL","false","TableLayout","","Html.Layouts.TableLayout","","","","42777101670904413"
"a0bWD0000011TniYAE","005al00000RVcKvAAL","false","NoLayout","","Html.Layouts.NoLayout","","","","42777596735203878"
"a0bWD0000011TSfYAM","005al00000RVcKvAAL","false","TwoColumnGrid","","Html.Layouts.TwoColumnGrid","","","","42778082840158133"
"a0bWD0000011WI2YAM","005al00000RVcKvAAL","false","a2Cbn000002Vb7P","","Html.Layouts.TableLayout","","","","42778840360732144"
"a0bWD0000011TnjYAE","005al00000RVcKvAAL","false","TwoColumnGrid","","Html.Layouts.TwoColumnGrid","","","","42779294452671994"
"a0bWD0000011TnkYAE","005al00000RVcKvAAL","false","TwoColumnGrid","","Html.Layouts.TwoColumnGrid","","","","42779428494267064"
"a0bWD0000011TnlYAE","005al00000RVcKvAAL","false","NoLayout","","Html.Layouts.NoLayout","","","","42781372654713828"
"a0bWD0000011WI3YAM","005al00000RVcKvAAL","false","TableLayout","","Html.Layouts.TableLayout","","","","42781554932218472"
"a0bWD0000011TURYA2","005al00000RVcKvAAL","false","NoLayout","","Html.Layouts.NoLayout","","","","42781659256906018"
"a0bWD0000011TPyYAM","005al00000RVcKvAAL","false","NoLayout","","Html.Layouts.NoLayout","","","","42782236038153609"
"a0bWD0000011TPzYAM","005al00000RVcKvAAL","false","TwoColumnGrid","","Html.Layouts.TwoColumnGrid","","","","42783155795813097"
"a0bWD0000011TnmYAE","005al00000RVcKvAAL","false","NoLayout","","Html.Layouts.NoLayout","","","","42783636734784117"
"a0bWD0000011WI4YAM","005al00000RVcKvAAL","false","TableLayout","","Html.Layouts.TableLayout","","","","42783882789722527"
"a0bWD0000011TnnYAE","005al00000RVcKvAAL","false","TwoColumnGrid","","Html.Layouts.TwoColumnGrid","","","","42783986403235899"
"a0bWD0000011TnoYAE","005al00000RVcKvAAL","false","NoLayout","","Html.Layouts.NoLayout","","","","42784620194759671"
"a0bWD0000011TY9YAM","005al00000RVcKvAAL","false","TwoColumnGrid","","Html.Layouts.TwoColumnGrid","","","","42785255179169702"
"a0bWD0000011TnpYAE","005al00000RVcKvAAL","false","a313g0000008Q0J","","Html.Layouts.TableLayout","","","","42785457180789988"
"a0bWD0000011TnqYAE","005al00000RVcKvAAL","false","TwoColumnGrid","","Html.Layouts.TwoColumnGrid","","","","4278554396884349"
"a0bWD0000011TnrYAE","005al00000RVcKvAAL","false","NoLayout","","Html.Layouts.NoLayout","","","","42785692683051355"
"a0bWD0000011UF8YAM","005al00000RVcKvAAL","false","TwoColumnGrid","","Html.Layouts.TwoColumnGrid","","","","42786636644272507"
"a0bWD0000011TnsYAE","005al00000RVcKvAAL","false","a313g0000008Q0H","","Html.Layouts.NoLayout","","","","42787024697592277"
"a0bWD0000011TntYAE","005al00000RVcKvAAL","false","NoLayout","","Html.Layouts.NoLayout","","","","42787555585242333"
"a0bWD0000011TnuYAE","005al00000RVcKvAAL","false","NoLayout","","Html.Layouts.NoLayout","","","","42788233475631065"
"a0bWD0000011TQ0YAM","005al00000RVcKvAAL","false","TwoColumnGrid","","Html.Layouts.TwoColumnGrid","","","","42788601700882719"
"a0bWD0000011WI5YAM","005al00000RVcKvAAL","false","TwoColumnGrid","","Html.Layouts.TwoColumnGrid","","","","42789773029766664"
"a0bWD0000011TnvYAE","005al00000RVcKvAAL","false","SingleColumnGrid","","Html.Layouts.SingleColumnGrid","","","","42790530139436347"
"a0bWD0000011WI6YAM","005al00000RVcKvAAL","false","NoLayout","","Html.Layouts.NoLayout","","","","42790561033334021"
"a0bWD0000011TnwYAE","005al00000RVcKvAAL","false","TwoColumnGrid","","Html.Layouts.TwoColumnGrid","","","","42790666199697374"
"a0bWD0000011TnxYAE","005al00000RVcKvAAL","false","a2Cbn000002Vb5m","","Html.Layouts.NoLayout","","","","42790683069314782"
"a0bWD0000011TQ1YAM","005al00000RVcKvAAL","false","TableLayout","","Html.Layouts.TableLayout","","","","42791164248946865"
"a0bWD0000011TnyYAE","005al00000RVcKvAAL","false","TableLayout","","Html.Layouts.TableLayout","","","","42792922761859468"
"a0bWD0000011TQ2YAM","005al00000RVcKvAAL","false","TwoColumnGrid","","Html.Layouts.TwoColumnGrid","","","","42793247990417675"
"a0bWD0000011TnzYAE","005al00000RVcKvAAL","false","TwoColumnGrid","","Html.Layouts.TwoColumnGrid","","","","42793354206011146"
"a0bWD0000011UHeYAM","005al00000RVcKvAAL","false","TwoColumnGrid","","Html.Layouts.TwoColumnGrid","","","","42793820951619084"
"a0bWD0000011WI7YAM","005al00000RVcKvAAL","false","NoLayout","","Html.Layouts.NoLayout","","","","42794141815302401"
"a0bWD0000011UF9YAM","005al00000RVcKvAAL","false","TwoColumnGrid","","Html.Layouts.TwoColumnGrid","","","","42794647862592200"
"a0bWD0000011To0YAE","005al00000RVcKvAAL","false","TwoColumnGrid","","Html.Layouts.TwoColumnGrid","","","","42795558359180652"
"a0bWD0000011WI8YAM","005al00000RVcKvAAL","false","TableLayout","","Html.Layouts.TableLayout","","","","42796231298875917"
"a0bWD0000011TUSYA2","005al00000RVcKvAAL","false","TableLayout","","Html.Layouts.TableLayout","","","","42796358122225080"
"a0bWD0000011UFAYA2","005al00000RVcKvAAL","false","TwoColumnGrid","","Html.Layouts.TwoColumnGrid","","","","42796644132886839"
"a0bWD0000011TQ3YAM","005al00000RVcKvAAL","false","TwoColumnGrid","","Html.Layouts.TwoColumnGrid","","","","42797145882166364"
"a0bWD0000011UHfYAM","005al00000RVcKvAAL","false","TwoColumnGrid","","Html.Layouts.TwoColumnGrid","","","","42797321832608178"
"a0bWD0000011To1YAE","005al00000RVcKvAAL","false","a2Cbn000002Vb7A","","Html.Layouts.TableLayout","","","","42797595141893874"
"a0bWD0000011To2YAE","005al00000RVcKvAAL","false","NoLayout","","Html.Layouts.NoLayout","","","","42797711252878988"
"a0bWD0000011To3YAE","005al00000RVcKvAAL","false","TableLayout","","Html.Layouts.TableLayout","","","","42799988232589417"
"a0bWD0000011WI9YAM","005al00000RVcKvAAL","false","TableLayout","","Html.Layouts.TableLayout","","","","42802177363125257"
"a0bWD0000011TQ4YAM","005al00000RVcKvAAL","false","TwoColumnGrid","","Html.Layouts.TwoColumnGrid","","","","42802205744242393"
"a0bWD0000011TYAYA2","005al00000RVcKvAAL","false","TwoColumnGrid","","Html.Layouts.TwoColumnGrid","","","","42802680201289086"
"a0bWD0000011To4YAE","005al00000RVcKvAAL","false","SingleColumnGrid","","Html.Layouts.SingleColumnGrid","","","","42802860164968255"
"a0bWD0000011UHgYAM","005al00000RVcKvAAL","false","TwoColumnGrid","","Html.Layouts.TwoColumnGrid","","","","42803674115642677"
"a0bWD0000011To5YAE","005al00000RVcKvAAL","false","NoLayout","","Html.Layouts.NoLayout","","","","42805330628763343"
"a0bWD0000011To6YAE","005al00000RVcKvAAL","false","TwoColumnGrid","","Html.Layouts.TwoColumnGrid","","","","42805368938020286"
"a0bWD0000011To7YAE","005al00000RVcKvAAL","false","NoLayout","","Html.Layouts.NoLayout","","","","42805506777796687"
"a0bWD0000011TNDYA2","005al00000RVcKvAAL","false","SingleColumnGrid","","Html.Layouts.SingleColumnGrid","","","","42805621380555865"
"a0bWD0000011WIAYA2","005al00000RVcKvAAL","false","NoLayout","","Html.Layouts.NoLayout","","","","42805892380150806"
"a0bWD0000011WIBYA2","005al00000RVcKvAAL","false","TableLayout","","Html.Layouts.TableLayout","","","","42805908893833548"
"a0bWD0000011WICYA2","005al00000RVcKvAAL","false","SingleColumnGrid","","Html.Layouts.SingleColumnGrid","","","","42806831508832050"
"a0bWD0000011To8YAE","005al00000RVcKvAAL","false","NoLayout","","Html.Layouts.NoLayout","","","","42806962997955003"
"a0bWD0000011WIDYA2","005al00000RVcKvAAL","false","NoLayout","","Html.Layouts.NoLayout","","","","42807065853827737"
"a0bWD0000011TQ5YAM","005al00000RVcKvAAL","false","TableLayout","","Html.Layouts.TableLayout","","","","42807362786314018"
"a0bWD0000011TNEYA2","005al00000RVcKvAAL","false","NoLayout","","Html.Layouts.NoLayout","","","","42807463734572441"
"a0bWD0000011WIEYA2","005al00000RVcKvAAL","false","TableLayout","","Html.Layouts.TableLayout","","","","42807544686150464"
"a0bWD0000011UFBYA2","005al00000RVcKvAAL","false","TwoColumnGrid","","Html.Layouts.TwoColumnGrid","","","","42807757268906990"
"a0bWD0000011TQ6YAM","005al00000RVcKvAAL","false","TwoColumnGrid","","Html.Layouts.TwoColumnGrid","","","","42808771650148973"
"a0bWD0000011UFCYA2","005al00000RVcKvAAL","false","TwoColumnGrid","","Html.Layouts.TwoColumnGrid","","","","42808837381182893"
"a0bWD0000011To9YAE","005al00000RVcKvAAL","false","NoLayout","","Html.Layouts.NoLayout","","","","42809260218578172"
"a0bWD0000011ToAYAU","005al00000RVcKvAAL","false","TableLayout","","Html.Layouts.TableLayout","","","","42809954699036302"
"a0bWD0000011ToBYAU","005al00000RVcKvAAL","false","TableLayout","","Html.Layouts.TableLayout","","","","42810090271811803"
"a0bWD0000011WIFYA2","005al00000RVcKvAAL","false","TableLayout","","Html.Layouts.TableLayout","","","","42810102545878207"
"a0bWD0000011ToCYAU","005al00000RVcKvAAL","false","TwoColumnGrid","","Html.Layouts.TwoColumnGrid","","","","42811202721010501"
"a0bWD0000011ToDYAU","005al00000RVcKvAAL","false","TwoColumnGrid","","Html.Layouts.TwoColumnGrid","","","","42812079157522687"
"a0bWD0000011WIGYA2","005al00000RVcKvAAL","false","TableLayout","","Html.Layouts.TableLayout","","","","42812188521213293"
"a0bWD0000011ToEYAU","005al00000RVcKvAAL","false","TableLayout","","Html.Layouts.TableLayout","","","","42812722379727822"
"a0bWD0000011YH4YAM","005al00000RVcKvAAL","false","TableLayout","","Html.Layouts.TableLayout","","","","42813492735805893"
"a0bWD0000011ToFYAU","005al00000RVcKvAAL","false","TableLayout","","Html.Layouts.TableLayout","","","","42813734850335225"
"a0bWD0000011ToGYAU","005al00000RVcKvAAL","false","a2Cbn000002Vb5l","","Html.Layouts.NoLayout","","","","42813742428244099"
"a0bWD0000011TQ7YAM","005al00000RVcKvAAL","false","TwoColumnGrid","","Html.Layouts.TwoColumnGrid","","","","4281499205227459"
"a0bWD0000011ToHYAU","005al00000RVcKvAAL","false","a2Cbn000002Vb5u","","Html.Layouts.NoLayout","","","","42815288496272972"
"a0bWD0000011ToIYAU","005al00000RVcKvAAL","false","TwoColumnGrid","","Html.Layouts.TwoColumnGrid","","","","42815876847296526"
"a0bWD0000011WIHYA2","005al00000RVcKvAAL","false","TwoColumnGrid","","Html.Layouts.TwoColumnGrid","","","","42816043050364014"
"a0bWD0000011WIIYA2","005al00000RVcKvAAL","false","TwoColumnGrid","","Html.Layouts.TwoColumnGrid","","","","42816233589627254"
"a0bWD0000011WIJYA2","005al00000RVcKvAAL","false","a313g0000008Q0N","","Html.Layouts.TwoColumnGrid","","","","42816608173832425"
"a0bWD0000011TQ8YAM","005al00000RVcKvAAL","false","TableLayout","","Html.Layouts.TableLayout","","","","42816780730608720"
"a0bWD0000011ToJYAU","005al00000RVcKvAAL","false","a313g0000008Q0L","","Html.Layouts.NoLayout","","","","42816868723853785"
"a0bWD0000011TYBYA2","005al00000RVcKvAAL","false","SingleColumnGrid","","Html.Layouts.SingleColumnGrid","","","","42818066921663970"
"a0bWD0000011WIKYA2","005al00000RVcKvAAL","false","TableLayout","","Html.Layouts.TableLayout","","","","42818773416479748"
"a0bWD0000011TYCYA2","005al00000RVcKvAAL","false","TwoColumnGrid","","Html.Layouts.TwoColumnGrid","","","","42818874709914039"
"a0bWD0000011ToKYAU","005al00000RVcKvAAL","false","TwoColumnGrid","","Html.Layouts.TwoColumnGrid","","","","42819915584923364"
"a0bWD0000011TQ9YAM","005al00000RVcKvAAL","false","TwoColumnGrid","","Html.Layouts.TwoColumnGrid","","","","42820923488504421"
"a0bWD0000011TQAYA2","005al00000RVcKvAAL","false","TwoColumnGrid","","Html.Layouts.TwoColumnGrid","","","","42823264691029971"
"a0bWD0000011UFDYA2","005al00000RVcKvAAL","false","TwoColumnGrid","","Html.Layouts.TwoColumnGrid","","","","42823560889945413"
"a0bWD0000011WILYA2","005al00000RVcKvAAL","false","TableLayout","","Html.Layouts.TableLayout","","","","42825433022919320"
"a0bWD0000011TNFYA2","005al00000RVcKvAAL","false","TwoColumnGrid","","Html.Layouts.TwoColumnGrid","","","","42825506986399124"
"a0bWD0000011WIMYA2","005al00000RVcKvAAL","false","TableLayout","","Html.Layouts.TableLayout","","","","42826028970618404"
"a0bWD0000011WINYA2","005al00000RVcKvAAL","false","TableLayout","","Html.Layouts.TableLayout","","","","42826302620147636"
"a0bWD0000011ToLYAU","005al00000RVcKvAAL","false","TableLayout","","Html.Layouts.TableLayout","","","","42826464607378998"
"a0bWD0000011TYDYA2","005al00000RVcKvAAL","false","SingleColumnGrid","","Html.Layouts.SingleColumnGrid","","","","42826464783517386"
"a0bWD0000011TUTYA2","005al00000RVcKvAAL","false","NoLayout","","Html.Layouts.NoLayout","","","","42827050442053982"
"a0bWD0000011TSgYAM","005al00000RVcKvAAL","false","TwoColumnGrid","","Html.Layouts.TwoColumnGrid","","","","42827338753492384"
"a0bWD0000011WIOYA2","005al00000RVcKvAAL","false","TableLayout","","Html.Layouts.TableLayout","","","","42827717903501469"
"a0bWD0000011ToMYAU","005al00000RVcKvAAL","false","TwoColumnGrid","","Html.Layouts.TwoColumnGrid","","","","42828437818143958"
"a0bWD0000011ToNYAU","005al00000RVcKvAAL","false","TwoColumnGrid","","Html.Layouts.TwoColumnGrid","","","","42828659161203247"
"a0bWD0000011TShYAM","005al00000RVcKvAAL","false","TwoColumnGrid","","Html.Layouts.TwoColumnGrid","","","","42828981159744006"
"a0bWD0000011ToOYAU","005al00000RVcKvAAL","false","a2Cbn000002Vb5u","","Html.Layouts.NoLayout","","","","42829957113298229"
"a0bWD0000011ToPYAU","005al00000RVcKvAAL","false","NoLayout","","Html.Layouts.NoLayout","","","","42830481471438207"
"a0bWD0000011YH5YAM","005al00000RVcKvAAL","false","TableLayout","","Html.Layouts.TableLayout","","","","42832099940939976"
"a0bWD0000011TSiYAM","005al00000RVcKvAAL","false","TwoColumnGrid","","Html.Layouts.TwoColumnGrid","","","","42832403900411109"
"a0bWD0000011WIPYA2","005al00000RVcKvAAL","false","NoLayout","","Html.Layouts.NoLayout","","","","42832575289569338"
"a0bWD0000011WIQYA2","005al00000RVcKvAAL","false","TableLayout","","Html.Layouts.TableLayout","","","","42832608908574153"
"a0bWD0000011WIRYA2","005al00000RVcKvAAL","false","a2Cbn000002Vb7P","","Html.Layouts.TableLayout","","","","42832930268140494"
"a0bWD0000011ToQYAU","005al00000RVcKvAAL","false","SingleRowFluidLayout","","Html.Layouts.SingleRowFluidLayout","","","","42833411489674329"
"a0bWD0000011TTGYA2","005al00000RVcKvAAL","false","TwoColumnGrid","","Html.Layouts.TwoColumnGrid","","","","42833603594217218"
"a0bWD0000011ToRYAU","005al00000RVcKvAAL","false","NoLayout","","Html.Layouts.NoLayout","","","","42833651106491246"
"a0bWD0000011WISYA2","005al00000RVcKvAAL","false","TableLayout","","Html.Layouts.TableLayout","","","","42834453228952068"
"a0bWD0000011ToSYAU","005al00000RVcKvAAL","false","a2Cbn000002Vb5s","","Html.Layouts.NoLayout","","","","42834549058094695"
"a0bWD0000011ToTYAU","005al00000RVcKvAAL","false","TableLayout","","Html.Layouts.TableLayout","","","","42834681314880668"
"a0bWD0000011ToUYAU","005al00000RVcKvAAL","false","NoLayout","","Html.Layouts.NoLayout","","","","42834859296899633"
"a0bWD0000011ToVYAU","005al00000RVcKvAAL","false","NoLayout","","Html.Layouts.NoLayout","","","","42836193328886710"
"a0bWD0000011WITYA2","005al00000RVcKvAAL","false","TableLayout","","Html.Layouts.TableLayout","","","","42836243123956893"
"a0bWD0000011TQBYA2","005al00000RVcKvAAL","false","TableLayout","","Html.Layouts.TableLayout","","","","42836318803857563"
"a0bWD0000011UFEYA2","005al00000RVcKvAAL","false","TwoColumnGrid","","Html.Layouts.TwoColumnGrid","","","","42836490899894914"
"a0bWD0000011TSjYAM","005al00000RVcKvAAL","false","NoLayout","","Html.Layouts.NoLayout","","","","42837268606576512"
"a0bWD0000011UFFYA2","005al00000RVcKvAAL","false","TwoColumnGrid","","Html.Layouts.TwoColumnGrid","","","","42837585754635322"
"a0bWD0000011ToWYAU","005al00000RVcKvAAL","false","a2Cbn000002Vb79","","Html.Layouts.TableLayout","","","","42837607656042633"
"a0bWD0000011TYEYA2","005al00000RVcKvAAL","false","TwoColumnGrid","","Html.Layouts.TwoColumnGrid","","","","42837746723569781"
"a0bWD0000011TNGYA2","005al00000RVcKvAAL","false","TableLayout","","Html.Layouts.TableLayout","","","","42837914562026077"
"a0bWD0000011ToXYAU","005al00000RVcKvAAL","false","NoLayout","","Html.Layouts.NoLayout","","","","42838128491821520"
"a0bWD0000011UFGYA2","005al00000RVcKvAAL","false","TwoColumnGrid","","Html.Layouts.TwoColumnGrid","","","","42838149863819915"
"a0bWD0000011WIUYA2","005al00000RVcKvAAL","false","TableLayout","","Html.Layouts.TableLayout","","","","42838444609027135"
"a0bWD0000011WIVYA2","005al00000RVcKvAAL","false","TableLayout","","Html.Layouts.TableLayout","","","","42838554025103082"
"a0bWD0000011WIWYA2","005al00000RVcKvAAL","false","TableLayout","","Html.Layouts.TableLayout","","","","42839586061699892"
"a0bWD0000011WIXYA2","005al00000RVcKvAAL","false","NoLayout","","Html.Layouts.NoLayout","","","","42839667583806303"
"a0bWD0000011ToYYAU","005al00000RVcKvAAL","false","NoLayout","","Html.Layouts.NoLayout","","","","42839678317927903"
"a0bWD0000011WIYYA2","005al00000RVcKvAAL","false","a2Cbn000002Vb7Z","","Html.Layouts.TableLayout","","","","42841029321718662"
"a0bWD0000011ToZYAU","005al00000RVcKvAAL","false","TwoColumnGrid","","Html.Layouts.TwoColumnGrid","","","","42841270832523913"
"a0bWD0000011TYFYA2","005al00000RVcKvAAL","false","SingleColumnGrid","","Html.Layouts.SingleColumnGrid","","","","42841453916810267"
"a0bWD0000011TNHYA2","005al00000RVcKvAAL","false","TwoColumnGrid","","Html.Layouts.TwoColumnGrid","","","","42841921757524418"
"a0bWD0000011ToaYAE","005al00000RVcKvAAL","false","a2Cbn000002Vb26","","Html.Layouts.NoLayout","","","","42842001729574373"
"a0bWD0000011TobYAE","005al00000RVcKvAAL","false","NoLayout","","Html.Layouts.NoLayout","","","","42843236796777481"
"a0bWD0000011TSkYAM","005al00000RVcKvAAL","false","NoLayout","","Html.Layouts.NoLayout","","","","42843332513547360"
"a0bWD0000011TocYAE","005al00000RVcKvAAL","false","NoLayout","","Html.Layouts.NoLayout","","","","42843430795241936"
"a0bWD0000011TQCYA2","005al00000RVcKvAAL","false","NoLayout","","Html.Layouts.NoLayout","","","","42843553946763464"
"a0bWD0000011TQDYA2","005al00000RVcKvAAL","false","TwoColumnGrid","","Html.Layouts.TwoColumnGrid","","","","42844386690098416"
"a0bWD0000011TodYAE","005al00000RVcKvAAL","false","NoLayout","","Html.Layouts.NoLayout","","","","42844785045049955"
"a0bWD0000011ToeYAE","005al00000RVcKvAAL","false","NoLayout","","Html.Layouts.NoLayout","","","","42845868951222267"
"a0bWD0000011WIZYA2","005al00000RVcKvAAL","false","TableLayout","","Html.Layouts.TableLayout","","","","42846731442714582"
"a0bWD0000011TQEYA2","005al00000RVcKvAAL","false","TwoColumnGrid","","Html.Layouts.TwoColumnGrid","","","","42846755086182954"
"a0bWD0000011TofYAE","005al00000RVcKvAAL","false","TableLayout","","Html.Layouts.TableLayout","","","","42846886409779227"
"a0bWD0000011WIaYAM","005al00000RVcKvAAL","false","TableLayout","","Html.Layouts.TableLayout","","","","42846948299635553"
"a0bWD0000011TSlYAM","005al00000RVcKvAAL","false","TwoColumnGrid","","Html.Layouts.TwoColumnGrid","","","","42847059435139660"
"a0bWD0000011TUUYA2","005al00000RVcKvAAL","false","TwoColumnGrid","","Html.Layouts.TwoColumnGrid","","","","42847769287868252"
"a0bWD0000011TogYAE","005al00000RVcKvAAL","false","a313g0000008Q0I","","Html.Layouts.TableLayout","","","","42848056813084455"
"a0bWD0000011TohYAE","005al00000RVcKvAAL","false","NoLayout","","Html.Layouts.NoLayout","","","","42848077913756656"
"a0bWD0000011ToiYAE","005al00000RVcKvAAL","false","NoLayout","","Html.Layouts.NoLayout","","","","42848955612909330"
"a0bWD0000011TojYAE","005al00000RVcKvAAL","false","NoLayout","","Html.Layouts.NoLayout","","","","42849052302210728"
"a0bWD0000011TUVYA2","005al00000RVcKvAAL","false","TwoColumnGrid","","Html.Layouts.TwoColumnGrid","","","","42850165746207169"
"a0bWD0000011TokYAE","005al00000RVcKvAAL","false","NoLayout","","Html.Layouts.NoLayout","","","","42850483069957759"
"a0bWD0000011TolYAE","005al00000RVcKvAAL","false","TableLayout","","Html.Layouts.TableLayout","","","","42850816899906481"
"a0bWD0000011TomYAE","005al00000RVcKvAAL","false","SingleColumnGrid","","Html.Layouts.SingleColumnGrid","","","","42851089992614137"
"a0bWD0000011WIbYAM","005al00000RVcKvAAL","false","TableLayout","","Html.Layouts.TableLayout","","","","42851124714956226"
"a0bWD0000011TSmYAM","005al00000RVcKvAAL","false","TwoColumnGrid","","Html.Layouts.TwoColumnGrid","","","","42851291841149832"
"a0bWD0000011TonYAE","005al00000RVcKvAAL","false","a2Cbn000002Vb6n","","Html.Layouts.TwoColumnGrid","","","","42851729168995621"
"a0bWD0000011TYGYA2","005al00000RVcKvAAL","false","SingleColumnGrid","","Html.Layouts.SingleColumnGrid","","","","42852722537811659"
"a0bWD0000011TooYAE","005al00000RVcKvAAL","false","NoLayout","","Html.Layouts.NoLayout","","","","42852938183372875"
"a0bWD0000011TopYAE","005al00000RVcKvAAL","false","TwoColumnGrid","","Html.Layouts.TwoColumnGrid","","","","42853227166540700"
"a0bWD0000011TSnYAM","005al00000RVcKvAAL","false","TwoColumnGrid","","Html.Layouts.TwoColumnGrid","","","","42854712494086274"
"a0bWD0000011ToqYAE","005al00000RVcKvAAL","false","TwoColumnGrid","","Html.Layouts.TwoColumnGrid","","","","42854738029005065"
"a0bWD0000011TorYAE","005al00000RVcKvAAL","false","NoLayout","","Html.Layouts.NoLayout","","","","42854933304547088"
"a0bWD0000011WIcYAM","005al00000RVcKvAAL","false","TableLayout","","Html.Layouts.TableLayout","","","","42855055461797842"
"a0bWD0000011WIdYAM","005al00000RVcKvAAL","false","SingleColumnGrid","","Html.Layouts.SingleColumnGrid","","","","42856129081593896"
"a0bWD0000011TosYAE","005al00000RVcKvAAL","false","TableLayout","","Html.Layouts.TableLayout","","","","42856902506516798"
"a0bWD0000011TotYAE","005al00000RVcKvAAL","false","a2Cbn000002Vb5s","","Html.Layouts.NoLayout","","","","42857002168467178"
"a0bWD0000011TouYAE","005al00000RVcKvAAL","false","TwoColumnGrid","","Html.Layouts.TwoColumnGrid","","","","42857326017323899"
"a0bWD0000011TQFYA2","005al00000RVcKvAAL","false","TwoColumnGrid","","Html.Layouts.TwoColumnGrid","","","","42857815118318782"
"a0bWD0000011YH6YAM","005al00000RVcKvAAL","false","TableLayout","","Html.Layouts.TableLayout","","","","42858043187261789"
"a0bWD0000011WIeYAM","005al00000RVcKvAAL","false","TwoColumnGrid","","Html.Layouts.TwoColumnGrid","","","","42858287260041640"
"a0bWD0000011TovYAE","005al00000RVcKvAAL","false","NoLayout","","Html.Layouts.NoLayout","","","","42858603106091780"
"a0bWD0000011TSoYAM","005al00000RVcKvAAL","false","NoLayout","","Html.Layouts.NoLayout","","","","42858769455816514"
"a0bWD0000011TYHYA2","005al00000RVcKvAAL","false","SingleColumnGrid","","Html.Layouts.SingleColumnGrid","","","","42858927974030602"
"a0bWD0000011WIfYAM","005al00000RVcKvAAL","false","a2Cbn000002VbD5","","Html.Layouts.NoLayout","","","","42859154023731875"
"a0bWD0000011TowYAE","005al00000RVcKvAAL","false","TableLayout","","Html.Layouts.TableLayout","","","","42859582289454388"
"a0bWD0000011TNIYA2","005al00000RVcKvAAL","false","NoLayout","","Html.Layouts.NoLayout","","","","42860285675441683"
"a0bWD0000011TQGYA2","005al00000RVcKvAAL","false","TwoColumnGrid","","Html.Layouts.TwoColumnGrid","","","","42860378863234536"
"a0bWD0000011UFHYA2","005al00000RVcKvAAL","false","TwoColumnGrid","","Html.Layouts.TwoColumnGrid","","","","42860389092457028"
"a0bWD0000011ToxYAE","005al00000RVcKvAAL","false","a2Cbn000002Vb76","","Html.Layouts.NoLayout","","","","42860719667463592"
"a0bWD0000011TYIYA2","005al00000RVcKvAAL","false","TwoColumnGrid","","Html.Layouts.TwoColumnGrid","","","","42860791774999835"
"a0bWD0000011TSpYAM","005al00000RVcKvAAL","false","NoLayout","","Html.Layouts.NoLayout","","","","42860836455539382"
"a0bWD0000011WIgYAM","005al00000RVcKvAAL","false","TwoColumnGrid","","Html.Layouts.TwoColumnGrid","","","","42861241731157722"
"a0bWD0000011WIhYAM","005al00000RVcKvAAL","false","TableLayout","","Html.Layouts.TableLayout","","","","42861719333012248"
"a0bWD0000011ToyYAE","005al00000RVcKvAAL","false","NoLayout","","Html.Layouts.NoLayout","","","","42861750157784201"
"a0bWD0000011TozYAE","005al00000RVcKvAAL","false","NoLayout","","Html.Layouts.NoLayout","","","","42862008755055815"
"a0bWD0000011TNJYA2","005al00000RVcKvAAL","false","NoLayout","","Html.Layouts.NoLayout","","","","42862234882196379"
"a0bWD0000011WIiYAM","005al00000RVcKvAAL","false","TableLayout","","Html.Layouts.TableLayout","","","","42862727158668746"
"a0bWD0000011WIjYAM","005al00000RVcKvAAL","false","a2Cbn000002VbCr","","Html.Layouts.NoLayout","","","","42863171322513561"
"a0bWD0000011WIkYAM","005al00000RVcKvAAL","false","TableLayout","","Html.Layouts.TableLayout","","","","42863945725558079"
"a0bWD0000011WIlYAM","005al00000RVcKvAAL","false","a2Cbn000002Vb7Z","","Html.Layouts.TableLayout","","","","42864178848995160"
"a0bWD0000011TSqYAM","005al00000RVcKvAAL","false","NoLayout","","Html.Layouts.NoLayout","","","","42864758488112087"
"a0bWD0000011TQHYA2","005al00000RVcKvAAL","false","TwoColumnGrid","","Html.Layouts.TwoColumnGrid","","","","42864778645499593"
"a0bWD0000011WImYAM","005al00000RVcKvAAL","false","TableLayout","","Html.Layouts.TableLayout","","","","42864839105325659"
"a0bWD0000011Tp0YAE","005al00000RVcKvAAL","false","NoLayout","","Html.Layouts.NoLayout","","","","42865448868189114"
"a0bWD0000011TSrYAM","005al00000RVcKvAAL","false","TwoColumnGrid","","Html.Layouts.TwoColumnGrid","","","","42866153892515362"
"a0bWD0000011Tp1YAE","005al00000RVcKvAAL","false","TwoColumnGrid","","Html.Layouts.TwoColumnGrid","","","","42866179369330632"
"a0bWD0000011WInYAM","005al00000RVcKvAAL","false","TableLayout","","Html.Layouts.TableLayout","","","","42866301285648472"
"a0bWD0000011WIoYAM","005al00000RVcKvAAL","false","NoLayout","","Html.Layouts.NoLayout","","","","42866404618920943"
"a0bWD0000011Tp2YAE","005al00000RVcKvAAL","false","SingleRowFluidLayout","","Html.Layouts.SingleRowFluidLayout","","","","42866703417243531"
"a0bWD0000011WIpYAM","005al00000RVcKvAAL","false","TableLayout","","Html.Layouts.TableLayout","","","","42866959151545956"
"a0bWD0000011TSsYAM","005al00000RVcKvAAL","false","TwoColumnGrid","","Html.Layouts.TwoColumnGrid","","","","42867819112583214"
"a0bWD0000011Tp3YAE","005al00000RVcKvAAL","false","NoLayout","","Html.Layouts.NoLayout","","","","42868358352770756"
"a0bWD0000011TYJYA2","005al00000RVcKvAAL","false","TwoColumnGrid","","Html.Layouts.TwoColumnGrid","","","","42868539556742381"
"a0bWD0000011TYKYA2","005al00000RVcKvAAL","false","SingleColumnGrid","","Html.Layouts.SingleColumnGrid","","","","42868636569610289"
"a0bWD0000011TQIYA2","005al00000RVcKvAAL","false","TwoColumnGrid","","Html.Layouts.TwoColumnGrid","","","","42868723716104292"
"a0bWD0000011WIqYAM","005al00000RVcKvAAL","false","a2Cbn000002VbD6","","Html.Layouts.NoLayout","","","","42868730319412459"
"a0bWD0000011Tp4YAE","005al00000RVcKvAAL","false","TableLayout","","Html.Layouts.TableLayout","","","","42868802649768686"
"a0bWD0000011Tp5YAE","005al00000RVcKvAAL","false","TwoColumnGrid","","Html.Layouts.TwoColumnGrid","","","","42868956387704717"
"a0bWD0000011Tp6YAE","005al00000RVcKvAAL","false","NoLayout","","Html.Layouts.NoLayout","","","","42869124256888646"
"a0bWD0000011Tp7YAE","005al00000RVcKvAAL","false","NoLayout","","Html.Layouts.NoLayout","","","","42869710324564173"
"a0bWD0000011TTFYA2","005al00000RVcKvAAL","false","TwoColumnGrid","","Html.Layouts.TwoColumnGrid","","","","42871113006623488"
"a0bWD0000011Tp8YAE","005al00000RVcKvAAL","false","NoLayout","","Html.Layouts.NoLayout","","","","42871275880227202"
"a0bWD0000011TQJYA2","005al00000RVcKvAAL","false","TwoColumnGrid","","Html.Layouts.TwoColumnGrid","","","","42871331299078687"
"a0bWD0000011TQKYA2","005al00000RVcKvAAL","false","TwoColumnGrid","","Html.Layouts.TwoColumnGrid","","","","42871499923342524"
"a0bWD0000011TQLYA2","005al00000RVcKvAAL","false","SingleColumnGrid","","Html.Layouts.SingleColumnGrid","","","","42871516170196910"
"a0bWD0000011Tp9YAE","005al00000RVcKvAAL","false","NoLayout","","Html.Layouts.NoLayout","","","","42871547169164402"
"a0bWD0000011TpAYAU","005al00000RVcKvAAL","false","NoLayout","","Html.Layouts.NoLayout","","","","42872794673692953"
"a0bWD0000011TpBYAU","005al00000RVcKvAAL","false","a2Cbn000002Vb5o","","Html.Layouts.TwoColumnGrid","","","","42872896473101894"
"a0bWD0000011TpCYAU","005al00000RVcKvAAL","false","TableLayout","","Html.Layouts.TableLayout","","","","42873327690230730"
"a0bWD0000011WIrYAM","005al00000RVcKvAAL","false","TwoColumnGrid","","Html.Layouts.TwoColumnGrid","","","","42873574778930812"
"a0bWD0000011TpDYAU","005al00000RVcKvAAL","false","NoLayout","","Html.Layouts.NoLayout","","","","42873627957538810"
"a0bWD0000011WIsYAM","005al00000RVcKvAAL","false","TableLayout","","Html.Layouts.TableLayout","","","","42873894263397258"
"a0bWD0000011WItYAM","005al00000RVcKvAAL","false","a314T000000Xm5S","","Html.Layouts.TwoColumnGrid","","","","42875005313423437"
"a0bWD0000011TpEYAU","005al00000RVcKvAAL","false","TableLayout","","Html.Layouts.TableLayout","","","","42876087339305387"
"a0bWD0000011TpFYAU","005al00000RVcKvAAL","false","TwoColumnGrid","","Html.Layouts.TwoColumnGrid","","","","42876166751391060"
"a0bWD0000011TStYAM","005al00000RVcKvAAL","false","NoLayout","","Html.Layouts.NoLayout","","","","42876863115958211"
"a0bWD0000011TpGYAU","005al00000RVcKvAAL","false","a2Cbn000002Vb6m","","Html.Layouts.NoLayout","","","","42876887410370529"
"a0bWD0000011TpHYAU","005al00000RVcKvAAL","false","NoLayout","","Html.Layouts.NoLayout","","","","42877071154692794"
"a0bWD0000011WIuYAM","005al00000RVcKvAAL","false","TableLayout","","Html.Layouts.TableLayout","","","","42877429379783892"
"a0bWD0000011WIvYAM","005al00000RVcKvAAL","false","TableLayout","","Html.Layouts.TableLayout","","","","42877662988483812"
"a0bWD0000011TpIYAU","005al00000RVcKvAAL","false","NoLayout","","Html.Layouts.NoLayout","","","","42877909858840479"
"a0bWD0000011WIwYAM","005al00000RVcKvAAL","false","TableLayout","","Html.Layouts.TableLayout","","","","42878141684776297"
"a0bWD0000011WIxYAM","005al00000RVcKvAAL","false","TableLayout","","Html.Layouts.TableLayout","","","","42878458080011957"
"a0bWD0000011TQMYA2","005al00000RVcKvAAL","false","TwoColumnGrid","","Html.Layouts.TwoColumnGrid","","","","42880369423836814"
"a0bWD0000011TpJYAU","005al00000RVcKvAAL","false","NoLayout","","Html.Layouts.NoLayout","","","","42880822712584458"
"a0bWD0000011TSuYAM","005al00000RVcKvAAL","false","TableLayout","","Html.Layouts.TableLayout","","","","42881755964319340"
"a0bWD0000011WIyYAM","005al00000RVcKvAAL","false","NoLayout","","Html.Layouts.NoLayout","","","","42882188083561938"
"a0bWD0000011TpKYAU","005al00000RVcKvAAL","false","NoLayout","","Html.Layouts.NoLayout","","","","42882271185891802"
"a0bWD0000011TNKYA2","005al00000RVcKvAAL","false","TwoColumnGrid","","Html.Layouts.TwoColumnGrid","","","","42882313675641289"
"a0bWD0000011TUWYA2","005al00000RVcKvAAL","false","TwoColumnGrid","","Html.Layouts.TwoColumnGrid","","","","42883254986396194"
"a0bWD0000011WIzYAM","005al00000RVcKvAAL","false","a2Cbn000002VbCt","","Html.Layouts.NoLayout","","","","42883672711583993"
"a0bWD0000011WJ0YAM","005al00000RVcKvAAL","false","TwoColumnGrid","","Html.Layouts.TwoColumnGrid","","","","42883978366877373"
"a0bWD0000011TpLYAU","005al00000RVcKvAAL","false","TwoColumnGrid","","Html.Layouts.TwoColumnGrid","","","","42884375709305986"
"a0bWD0000011TQNYA2","005al00000RVcKvAAL","false","NoLayout","","Html.Layouts.NoLayout","","","","42884541604776899"
"a0bWD0000011TpMYAU","005al00000RVcKvAAL","false","a313g0000008Q1C","","Html.Layouts.TwoColumnGrid","","","","42884589971170907"
"a0bWD0000011TpNYAU","005al00000RVcKvAAL","false","NoLayout","","Html.Layouts.NoLayout","","","","42884634731474842"
"a0bWD0000011WJ1YAM","005al00000RVcKvAAL","false","TableLayout","","Html.Layouts.TableLayout","","","","42884662670993386"
"a0bWD0000011WJ2YAM","005al00000RVcKvAAL","false","TableLayout","","Html.Layouts.TableLayout","","","","42884824653565767"
"a0bWD0000011WJ3YAM","005al00000RVcKvAAL","false","NoLayout","","Html.Layouts.NoLayout","","","","42885210343480643"
"a0bWD0000011WJ4YAM","005al00000RVcKvAAL","false","NoLayout","","Html.Layouts.NoLayout","","","","42885290191961931"
"a0bWD0000011WJ5YAM","005al00000RVcKvAAL","false","a2Cbn000002VbCq","","Html.Layouts.NoLayout","","","","42886480986114377"
"a0bWD0000011TSvYAM","005al00000RVcKvAAL","false","NoLayout","","Html.Layouts.NoLayout","","","","42887564034341035"
"a0bWD0000011TpOYAU","005al00000RVcKvAAL","false","a2Cbn000002Vb5v","","Html.Layouts.TwoColumnGrid","","","","42887624794924702"
"a0bWD0000011TpPYAU","005al00000RVcKvAAL","false","NoLayout","","Html.Layouts.NoLayout","","","","42889109582453958"
"a0bWD0000011WJ6YAM","005al00000RVcKvAAL","false","a2Cbn000002VbCy","","Html.Layouts.TableLayout","","","","42890329870952952"
"a0bWD0000011TpQYAU","005al00000RVcKvAAL","false","TableLayout","","Html.Layouts.TableLayout","","","","42890504640599747"
"a0bWD0000011TpRYAU","005al00000RVcKvAAL","false","a2Cbn000002Vb6n","","Html.Layouts.TwoColumnGrid","","","","42891292534739510"
"a0bWD0000011TUXYA2","005al00000RVcKvAAL","false","NoLayout","","Html.Layouts.NoLayout","","","","42892781429225809"
"a0bWD0000011TpSYAU","005al00000RVcKvAAL","false","a2Cbn000002Vb5q","","Html.Layouts.NoLayout","","","","42892929422678483"
"a0bWD0000011TQOYA2","005al00000RVcKvAAL","false","NoLayout","","Html.Layouts.NoLayout","","","","428931051611627"
"a0bWD0000011TpTYAU","005al00000RVcKvAAL","false","NoLayout","","Html.Layouts.NoLayout","","","","42894725889574050"
"a0bWD0000011TUYYA2","005al00000RVcKvAAL","false","SingleColumnGrid","","Html.Layouts.SingleColumnGrid","","","","42894784152785565"
"a0bWD0000011TpUYAU","005al00000RVcKvAAL","false","TwoColumnGrid","","Html.Layouts.TwoColumnGrid","","","","42896074965410208"
"a0bWD0000011TpVYAU","005al00000RVcKvAAL","false","a313g0000008Q0H","","Html.Layouts.NoLayout","","","","42896339131824327"
"a0bWD0000011TpWYAU","005al00000RVcKvAAL","false","NoLayout","","Html.Layouts.NoLayout","","","","42897310663482211"
"a0bWD0000011TpXYAU","005al00000RVcKvAAL","false","a313g0000008Q0G","","Html.Layouts.NoLayout","","","","42897433864153084"
"a0bWD0000011WJ7YAM","005al00000RVcKvAAL","false","TableLayout","","Html.Layouts.TableLayout","","","","42898103886942841"
"a0bWD0000011WJ8YAM","005al00000RVcKvAAL","false","NoLayout","","Html.Layouts.NoLayout","","","","42898470991624908"
"a0bWD0000011TpYYAU","005al00000RVcKvAAL","false","TableLayout","","Html.Layouts.TableLayout","","","","42899078770931843"
"a0bWD0000011WJ9YAM","005al00000RVcKvAAL","false","TableLayout","","Html.Layouts.TableLayout","","","","42899746772603805"
"a0bWD0000011TQPYA2","005al00000RVcKvAAL","false","TwoColumnGrid","","Html.Layouts.TwoColumnGrid","","","","42899846673192300"
"a0bWD0000011WJAYA2","005al00000RVcKvAAL","false","TableLayout","","Html.Layouts.TableLayout","","","","42900059968218662"
"a0bWD0000011TYLYA2","005al00000RVcKvAAL","false","NoLayout","","Html.Layouts.NoLayout","","","","42900487318490724"
"a0bWD0000011TSwYAM","005al00000RVcKvAAL","false","NoLayout","","Html.Layouts.NoLayout","","","","42900665736638794"
"a0bWD0000011UIEYA2","005al00000RVcKvAAL","false","TwoColumnGrid","","Html.Layouts.TwoColumnGrid","","","","42900817578682316"
"a0bWD0000011TpZYAU","005al00000RVcKvAAL","false","TableLayout","","Html.Layouts.TableLayout","","","","42900844748017898"
"a0bWD0000011TSxYAM","005al00000RVcKvAAL","false","TwoColumnGrid","","Html.Layouts.TwoColumnGrid","","","","42901124127527281"
"a0bWD0000011TpaYAE","005al00000RVcKvAAL","false","TwoColumnGrid","","Html.Layouts.TwoColumnGrid","","","","42901619713161978"
"a0bWD0000011WJBYA2","005al00000RVcKvAAL","false","TableLayout","","Html.Layouts.TableLayout","","","","42901986137461213"
"a0bWD0000011TYMYA2","005al00000RVcKvAAL","false","SingleColumnGrid","","Html.Layouts.SingleColumnGrid","","","","42903320075420481"
"a0bWD0000011TpbYAE","005al00000RVcKvAAL","false","NoLayout","","Html.Layouts.NoLayout","","","","42903400604244784"
"a0bWD0000011TpcYAE","005al00000RVcKvAAL","false","TableLayout","","Html.Layouts.TableLayout","","","","42903640771886314"
"a0bWD0000011TpdYAE","005al00000RVcKvAAL","false","a2Cbn000002Vb75","","Html.Layouts.NoLayout","","","","42903770104113969"
"a0bWD0000011TpeYAE","005al00000RVcKvAAL","false","TwoColumnGrid","","Html.Layouts.TwoColumnGrid","","","","42903959460710059"
"a0bWD0000011TpfYAE","005al00000RVcKvAAL","false","a2Cbn000002Vb6h","","Html.Layouts.NoLayout","","","","42903999405421198"
"a0bWD0000011TpgYAE","005al00000RVcKvAAL","false","NoLayout","","Html.Layouts.NoLayout","","","","42904840371635291"
"a0bWD0000011TYNYA2","005al00000RVcKvAAL","false","NoLayout","","Html.Layouts.NoLayout","","","","42905875442041702"
"a0bWD0000011TNLYA2","005al00000RVcKvAAL","false","TwoColumnGrid","","Html.Layouts.TwoColumnGrid","","","","42906196989033914"
"a0bWD0000011TQQYA2","005al00000RVcKvAAL","false","TwoColumnGrid","","Html.Layouts.TwoColumnGrid","","","","42906476896085874"
"a0bWD0000011TphYAE","005al00000RVcKvAAL","false","TwoColumnGrid","","Html.Layouts.TwoColumnGrid","","","","42906589638421374"
"a0bWD0000011TpiYAE","005al00000RVcKvAAL","false","a314T000000Xm5K","","Html.Layouts.NoLayout","","","","42906614560262439"
"a0bWD0000011WJCYA2","005al00000RVcKvAAL","false","TableLayout","","Html.Layouts.TableLayout","","","","42906730286433526"
"a0bWD0000011WJDYA2","005al00000RVcKvAAL","false","TableLayout","","Html.Layouts.TableLayout","","","","42908209248973724"
"a0bWD0000011TpjYAE","005al00000RVcKvAAL","false","TableLayout","","Html.Layouts.TableLayout","","","","42908284064214830"
"a0bWD0000011TYOYA2","005al00000RVcKvAAL","false","TwoColumnGrid","","Html.Layouts.TwoColumnGrid","","","","42908510800771794"
"a0bWD0000011TSyYAM","005al00000RVcKvAAL","false","TwoColumnGrid","","Html.Layouts.TwoColumnGrid","","","","42908539085592788"
"a0bWD0000011TQRYA2","005al00000RVcKvAAL","false","NoLayout","","Html.Layouts.NoLayout","","","","42908606774168439"
"a0bWD0000011TpkYAE","005al00000RVcKvAAL","false","NoLayout","","Html.Layouts.NoLayout","","","","42908791106244528"
"a0bWD0000011WJEYA2","005al00000RVcKvAAL","false","TwoColumnGrid","","Html.Layouts.TwoColumnGrid","","","","42908826202341498"
"a0bWD0000011TUZYA2","005al00000RVcKvAAL","false","NoLayout","","Html.Layouts.NoLayout","","","","42908910678340000"
"a0bWD0000011TplYAE","005al00000RVcKvAAL","false","a2Cbn000002Vb74","","Html.Layouts.TableLayout","","","","42909116987479437"
"a0bWD0000011TQSYA2","005al00000RVcKvAAL","false","TwoColumnGrid","","Html.Layouts.TwoColumnGrid","","","","42909293342217197"
"a0bWD0000011TQTYA2","005al00000RVcKvAAL","false","TwoColumnGrid","","Html.Layouts.TwoColumnGrid","","","","42909734946970802"
"a0bWD0000011TpmYAE","005al00000RVcKvAAL","false","a2Cbn000002Vb76","","Html.Layouts.NoLayout","","","","42910195145683791"
"a0bWD0000011TNMYA2","005al00000RVcKvAAL","false","SingleColumnGrid","","Html.Layouts.SingleColumnGrid","","","","42910310786407396"
"a0bWD0000011YH7YAM","005al00000RVcKvAAL","false","TwoColumnGrid","","Html.Layouts.TwoColumnGrid","","","","42910999854768465"
"a0bWD0000011TQUYA2","005al00000RVcKvAAL","false","TwoColumnGrid","","Html.Layouts.TwoColumnGrid","","","","42912185252400329"
"a0bWD0000011WJFYA2","005al00000RVcKvAAL","false","TableLayout","","Html.Layouts.TableLayout","","","","42912195850944034"
"a0bWD0000011WJGYA2","005al00000RVcKvAAL","false","TableLayout","","Html.Layouts.TableLayout","","","","42912514209331510"
"a0bWD0000011WJHYA2","005al00000RVcKvAAL","false","TableLayout","","Html.Layouts.TableLayout","","","","42912620358179491"
"a0bWD0000011TpnYAE","005al00000RVcKvAAL","false","TableLayout","","Html.Layouts.TableLayout","","","","42912715994208620"
"a0bWD0000011TSzYAM","005al00000RVcKvAAL","false","NoLayout","","Html.Layouts.NoLayout","","","","42913098750341717"
"a0bWD0000011TUaYAM","005al00000RVcKvAAL","false","TableLayout","","Html.Layouts.TableLayout","","","","42914029967103415"
"a0bWD0000011WJIYA2","005al00000RVcKvAAL","false","TableLayout","","Html.Layouts.TableLayout","","","","42914326230669034"
"a0bWD0000011TpoYAE","005al00000RVcKvAAL","false","a2Cbn000002Vb27","","Html.Layouts.TwoColumnGrid","","","","42914370872735846"
"a0bWD0000011TppYAE","005al00000RVcKvAAL","false","TableLayout","","Html.Layouts.TableLayout","","","","42914399648120019"
"a0bWD0000011TpqYAE","005al00000RVcKvAAL","false","NoLayout","","Html.Layouts.NoLayout","","","","42914400425323230"
"a0bWD0000011TYPYA2","005al00000RVcKvAAL","false","a2Cbn000002VbD4","","Html.Layouts.NoLayout","","","","42914555629199026"
"a0bWD0000011TT0YAM","005al00000RVcKvAAL","false","TableLayout","","Html.Layouts.TableLayout","","","","42916300951967055"
"a0bWD0000011TQVYA2","005al00000RVcKvAAL","false","TwoColumnGrid","","Html.Layouts.TwoColumnGrid","","","","42916548357494910"
"a0bWD0000011TYQYA2","005al00000RVcKvAAL","false","NoLayout","","Html.Layouts.NoLayout","","","","42916639960489679"
"a0bWD0000011TprYAE","005al00000RVcKvAAL","false","NoLayout","","Html.Layouts.NoLayout","","","","42916827350459778"
"a0bWD0000011WJJYA2","005al00000RVcKvAAL","false","TableLayout","","Html.Layouts.TableLayout","","","","42917271902211751"
"a0bWD0000011TpsYAE","005al00000RVcKvAAL","false","NoLayout","","Html.Layouts.NoLayout","","","","42917655803915758"
"a0bWD0000011TptYAE","005al00000RVcKvAAL","false","TwoColumnGrid","","Html.Layouts.TwoColumnGrid","","","","42918043693980680"
"a0bWD0000011WJKYA2","005al00000RVcKvAAL","false","TwoColumnGrid","","Html.Layouts.TwoColumnGrid","","","","42918547955965319"
"a0bWD0000011WJLYA2","005al00000RVcKvAAL","false","NoLayout","","Html.Layouts.NoLayout","","","","42919046928169907"
"a0bWD0000011TpuYAE","005al00000RVcKvAAL","false","TwoColumnGrid","","Html.Layouts.TwoColumnGrid","","","","42919543024331455"
"a0bWD0000011TT1YAM","005al00000RVcKvAAL","false","NoLayout","","Html.Layouts.NoLayout","","","","42919617311217925"
"a0bWD0000011TpvYAE","005al00000RVcKvAAL","false","TwoColumnGrid","","Html.Layouts.TwoColumnGrid","","","","42920610539295207"
"a0bWD0000011TpwYAE","005al00000RVcKvAAL","false","NoLayout","","Html.Layouts.NoLayout","","","","42921269609715327"
"a0bWD0000011WJMYA2","005al00000RVcKvAAL","false","NoLayout","","Html.Layouts.NoLayout","","","","42921888575501295"
"a0bWD0000011WJNYA2","005al00000RVcKvAAL","false","TableLayout","","Html.Layouts.TableLayout","","","","42922136478235953"
"a0bWD0000011WJOYA2","005al00000RVcKvAAL","false","TableLayout","","Html.Layouts.TableLayout","","","","42922273483831512"
"a0bWD0000011TpxYAE","005al00000RVcKvAAL","false","NoLayout","","Html.Layouts.NoLayout","","","","42922639829200741"
"a0bWD0000011TQWYA2","005al00000RVcKvAAL","false","TwoColumnGrid","","Html.Layouts.TwoColumnGrid","","","","42922899055967664"
"a0bWD0000011WJPYA2","005al00000RVcKvAAL","false","NoLayout","","Html.Layouts.NoLayout","","","","42923394700454421"
"a0bWD0000011TpyYAE","005al00000RVcKvAAL","false","a313g0000008Q0K","","Html.Layouts.NoLayout","","","","42923524980851661"
"a0bWD0000011TYRYA2","005al00000RVcKvAAL","false","SingleColumnGrid","","Html.Layouts.SingleColumnGrid","","","","4292352711361233"
"a0bWD0000011TpzYAE","005al00000RVcKvAAL","false","NoLayout","","Html.Layouts.NoLayout","","","","42924176624992142"
"a0bWD0000011UIFYA2","005al00000RVcKvAAL","false","TableLayout","","Html.Layouts.TableLayout","","","","42924366715229851"
"a0bWD0000011Tq0YAE","005al00000RVcKvAAL","false","TwoColumnGrid","","Html.Layouts.TwoColumnGrid","","","","42925465873369344"
"a0bWD0000011Tq1YAE","005al00000RVcKvAAL","false","a314T000000Xm6c","","Html.Layouts.NoLayout","","","","42926273320262844"
"a0bWD0000011Tq2YAE","005al00000RVcKvAAL","false","a2Cbn000002Vb77","","Html.Layouts.TableLayout","","","","42926472522902043"
"a0bWD0000011WJQYA2","005al00000RVcKvAAL","false","TwoColumnGrid","","Html.Layouts.TwoColumnGrid","","","","42926538600870631"
"a0bWD0000011Tq3YAE","005al00000RVcKvAAL","false","a2Cbn000002Vb6o","","Html.Layouts.NoLayout","","","","42927000085613098"
"a0bWD0000011WJRYA2","005al00000RVcKvAAL","false","TableLayout","","Html.Layouts.TableLayout","","","","42927118403376901"
"a0bWD0000011Tq4YAE","005al00000RVcKvAAL","false","a2Cbn000002Vb6i","","Html.Layouts.NoLayout","","","","42927161504177566"
"a0bWD0000011WJSYA2","005al00000RVcKvAAL","false","TwoColumnGrid","","Html.Layouts.TwoColumnGrid","","","","42927269250423828"
"a0bWD0000011WJTYA2","005al00000RVcKvAAL","false","a2Cbn000002Vb7Z","","Html.Layouts.TableLayout","","","","42927668698820696"
"a0bWD0000011TQXYA2","005al00000RVcKvAAL","false","TwoColumnGrid","","Html.Layouts.TwoColumnGrid","","","","42927856249125634"
"a0bWD0000011Tq5YAE","005al00000RVcKvAAL","false","NoLayout","","Html.Layouts.NoLayout","","","","4292810380827251"
"a0bWD0000011Tq6YAE","005al00000RVcKvAAL","false","TwoColumnGrid","","Html.Layouts.TwoColumnGrid","","","","42929513189774235"
"a0bWD0000011UFIYA2","005al00000RVcKvAAL","false","TwoColumnGrid","","Html.Layouts.TwoColumnGrid","","","","42930467960498511"
"a0bWD0000011WJUYA2","005al00000RVcKvAAL","false","NoLayout","","Html.Layouts.NoLayout","","","","42931601607828007"
"a0bWD0000011TQYYA2","005al00000RVcKvAAL","false","TwoColumnGrid","","Html.Layouts.TwoColumnGrid","","","","42932261732610895"
"a0bWD0000011Tq7YAE","005al00000RVcKvAAL","false","NoLayout","","Html.Layouts.NoLayout","","","","42932323036510180"
"a0bWD0000011Tq8YAE","005al00000RVcKvAAL","false","TwoColumnGrid","","Html.Layouts.TwoColumnGrid","","","","42932363758674597"
"a0bWD0000011Tq9YAE","005al00000RVcKvAAL","false","NoLayout","","Html.Layouts.NoLayout","","","","42933276515663298"
"a0bWD0000011TqAYAU","005al00000RVcKvAAL","false","TableLayout","","Html.Layouts.TableLayout","","","","42933533655216014"
"a0bWD0000011TqBYAU","005al00000RVcKvAAL","false","a2Cbn000002Vb5v","","Html.Layouts.TwoColumnGrid","","","","42933880352615287"
"a0bWD0000011TqCYAU","005al00000RVcKvAAL","false","NoLayout","","Html.Layouts.NoLayout","","","","42934048187540669"
"a0bWD0000011TqDYAU","005al00000RVcKvAAL","false","SingleColumnGrid","","Html.Layouts.SingleColumnGrid","","","","42934505113323367"
"a0bWD0000011TqEYAU","005al00000RVcKvAAL","false","TableLayout","","Html.Layouts.TableLayout","","","","42934575140831369"
"a0bWD0000011TqFYAU","005al00000RVcKvAAL","false","NoLayout","","Html.Layouts.NoLayout","","","","42935102370994140"
"a0bWD0000011TqGYAU","005al00000RVcKvAAL","false","NoLayout","","Html.Layouts.NoLayout","","","","42935912644921794"
"a0bWD0000011WJVYA2","005al00000RVcKvAAL","false","TableLayout","","Html.Layouts.TableLayout","","","","42936174602103484"
"a0bWD0000011WJWYA2","005al00000RVcKvAAL","false","TableLayout","","Html.Layouts.TableLayout","","","","42936325539440300"
"a0bWD0000011WJXYA2","005al00000RVcKvAAL","false","TableLayout","","Html.Layouts.TableLayout","","","","42937496039419828"
"a0bWD0000011WJYYA2","005al00000RVcKvAAL","false","SingleColumnGrid","","Html.Layouts.SingleColumnGrid","","","","42937575843003941"
"a0bWD0000011WJZYA2","005al00000RVcKvAAL","false","TwoColumnGrid","","Html.Layouts.TwoColumnGrid","","","","42937827289511412"
"a0bWD0000011TqHYAU","005al00000RVcKvAAL","false","TwoColumnGrid","","Html.Layouts.TwoColumnGrid","","","","42939219187694502"
"a0bWD0000011TqIYAU","005al00000RVcKvAAL","false","NoLayout","","Html.Layouts.NoLayout","","","","42939272523756497"
"a0bWD0000011TqJYAU","005al00000RVcKvAAL","false","NoLayout","","Html.Layouts.NoLayout","","","","42941334084773934"
"a0bWD0000011TqKYAU","005al00000RVcKvAAL","false","a2Cbn000002Vb6m","","Html.Layouts.NoLayout","","","","42942421586434070"
"a0bWD0000011TT2YAM","005al00000RVcKvAAL","false","TwoColumnGrid","","Html.Layouts.TwoColumnGrid","","","","42942850237729041"
"a0bWD0000011WJaYAM","005al00000RVcKvAAL","false","a313g0000008Q0N","","Html.Layouts.TwoColumnGrid","","","","42943480398349576"
"a0bWD0000011TNNYA2","005al00000RVcKvAAL","false","TableLayout","","Html.Layouts.TableLayout","","","","42944085438397929"
"a0bWD0000011TqLYAU","005al00000RVcKvAAL","false","NoLayout","","Html.Layouts.NoLayout","","","","42944097889659796"
"a0bWD0000011WJbYAM","005al00000RVcKvAAL","false","TableLayout","","Html.Layouts.TableLayout","","","","42944235555472875"
"a0bWD0000011TqMYAU","005al00000RVcKvAAL","false","NoLayout","","Html.Layouts.NoLayout","","","","42944583226423155"
"a0bWD0000011TQZYA2","005al00000RVcKvAAL","false","TwoColumnGrid","","Html.Layouts.TwoColumnGrid","","","","42944970154505092"
"a0bWD0000011WJcYAM","005al00000RVcKvAAL","false","TableLayout","","Html.Layouts.TableLayout","","","","42946063736537540"
"a0bWD0000011TqNYAU","005al00000RVcKvAAL","false","NoLayout","","Html.Layouts.NoLayout","","","","42947195840900396"
"a0bWD0000011WJdYAM","005al00000RVcKvAAL","false","TwoColumnGrid","","Html.Layouts.TwoColumnGrid","","","","42947486705233653"
"a0bWD0000011TqOYAU","005al00000RVcKvAAL","false","a2Cbn000002Vb6h","","Html.Layouts.NoLayout","","","","42947545259550130"
"a0bWD0000011TNOYA2","005al00000RVcKvAAL","false","TableLayout","","Html.Layouts.TableLayout","","","","42947786325594547"
"a0bWD0000011TqPYAU","005al00000RVcKvAAL","false","a314T000000Xm5P","","Html.Layouts.NoLayout","","","","42947963288184032"
"a0bWD0000011TQaYAM","005al00000RVcKvAAL","false","TwoColumnGrid","","Html.Layouts.TwoColumnGrid","","","","42948046077008601"
"a0bWD0000011TYSYA2","005al00000RVcKvAAL","false","SingleColumnGrid","","Html.Layouts.SingleColumnGrid","","","","42948440829785454"
"a0bWD0000011WJeYAM","005al00000RVcKvAAL","false","TableLayout","","Html.Layouts.TableLayout","","","","42948758224508129"
"a0bWD0000011TQbYAM","005al00000RVcKvAAL","false","SingleColumnGrid","","Html.Layouts.SingleColumnGrid","","","","42949783560120296"
"a0bWD0000011WJfYAM","005al00000RVcKvAAL","false","TableLayout","","Html.Layouts.TableLayout","","","","42950049736456093"
"a0bWD0000011TqQYAU","005al00000RVcKvAAL","false","NoLayout","","Html.Layouts.NoLayout","","","","42950083626633078"
"a0bWD0000011TT3YAM","005al00000RVcKvAAL","false","TwoColumnGrid","","Html.Layouts.TwoColumnGrid","","","","42950133933257928"
"a0bWD0000011TqRYAU","005al00000RVcKvAAL","false","NoLayout","","Html.Layouts.NoLayout","","","","42950514391418297"
"a0bWD0000011TqSYAU","005al00000RVcKvAAL","false","TwoColumnGrid","","Html.Layouts.TwoColumnGrid","","","","42951611267260633"
"a0bWD0000011TqTYAU","005al00000RVcKvAAL","false","NoLayout","","Html.Layouts.NoLayout","","","","42951732763077366"
"a0bWD0000011TQcYAM","005al00000RVcKvAAL","false","TwoColumnGrid","","Html.Layouts.TwoColumnGrid","","","","42953705509884091"
"a0bWD0000011TqUYAU","005al00000RVcKvAAL","false","NoLayout","","Html.Layouts.NoLayout","","","","42954558033624838"
"a0bWD0000011TqVYAU","005al00000RVcKvAAL","false","TwoColumnGrid","","Html.Layouts.TwoColumnGrid","","","","42954951227819025"
"a0bWD0000011TNPYA2","005al00000RVcKvAAL","false","TwoColumnGrid","","Html.Layouts.TwoColumnGrid","","","","42955881088623983"
"a0bWD0000011TqWYAU","005al00000RVcKvAAL","false","TableLayout","","Html.Layouts.TableLayout","","","","42956181436778645"
"a0bWD0000011TqXYAU","005al00000RVcKvAAL","false","a2Cbn000002Vb6h","","Html.Layouts.NoLayout","","","","42957136996182152"
"a0bWD0000011TYTYA2","005al00000RVcKvAAL","false","SingleColumnGrid","","Html.Layouts.SingleColumnGrid","","","","42957351343121963"
"a0bWD0000011TqYYAU","005al00000RVcKvAAL","false","a2Cbn000002Vb6i","","Html.Layouts.NoLayout","","","","42957479755948024"
"a0bWD0000011UFJYA2","005al00000RVcKvAAL","false","TwoColumnGrid","","Html.Layouts.TwoColumnGrid","","","","42957973854215639"
"a0bWD0000011TqZYAU","005al00000RVcKvAAL","false","TableLayout","","Html.Layouts.TableLayout","","","","42958212476545609"
"a0bWD0000011TqaYAE","005al00000RVcKvAAL","false","a313g0000008Q0F","","Html.Layouts.NoLayout","","","","42958525381092434"
"a0bWD0000011TqbYAE","005al00000RVcKvAAL","false","TableLayout","","Html.Layouts.TableLayout","","","","42958557086414632"
"a0bWD0000011TqcYAE","005al00000RVcKvAAL","false","a2Cbn000002Vb5t","","Html.Layouts.NoLayout","","","","42958990123167127"
"a0bWD0000011WJgYAM","005al00000RVcKvAAL","false","TableLayout","","Html.Layouts.TableLayout","","","","42959406501491040"
"a0bWD0000011WJhYAM","005al00000RVcKvAAL","false","NoLayout","","Html.Layouts.NoLayout","","","","42960749845632798"
"a0bWD0000011TqdYAE","005al00000RVcKvAAL","false","NoLayout","","Html.Layouts.NoLayout","","","","42961209529442768"
"a0bWD0000011WJiYAM","005al00000RVcKvAAL","false","TableLayout","","Html.Layouts.TableLayout","","","","42962325424236851"
"a0bWD0000011TNQYA2","005al00000RVcKvAAL","false","SingleColumnGrid","","Html.Layouts.SingleColumnGrid","","","","42962397835796158"
"a0bWD0000011WJjYAM","005al00000RVcKvAAL","false","TableLayout","","Html.Layouts.TableLayout","","","","42963106925823014"
"a0bWD0000011TqeYAE","005al00000RVcKvAAL","false","a2Cbn000002Vb26","","Html.Layouts.NoLayout","","","","42964585537221837"
"a0bWD0000011TqfYAE","005al00000RVcKvAAL","false","TwoColumnGrid","","Html.Layouts.TwoColumnGrid","","","","42964604327297555"
"a0bWD0000011TqgYAE","005al00000RVcKvAAL","false","TwoColumnGrid","","Html.Layouts.TwoColumnGrid","","","","42964636798398516"
"a0bWD0000011UFKYA2","005al00000RVcKvAAL","false","TwoColumnGrid","","Html.Layouts.TwoColumnGrid","","","","42965344564594786"
"a0bWD0000011WJkYAM","005al00000RVcKvAAL","false","TwoColumnGrid","","Html.Layouts.TwoColumnGrid","","","","42965423220848644"
"a0bWD0000011TYUYA2","005al00000RVcKvAAL","false","SingleColumnGrid","","Html.Layouts.SingleColumnGrid","","","","42965468274051892"
"a0bWD0000011UFLYA2","005al00000RVcKvAAL","false","TwoColumnGrid","","Html.Layouts.TwoColumnGrid","","","","42965799686458479"
"a0bWD0000011TNRYA2","005al00000RVcKvAAL","false","SingleColumnGrid","","Html.Layouts.SingleColumnGrid","","","","42966229249038918"
"a0bWD0000011TqhYAE","005al00000RVcKvAAL","false","a313g0000008Q0J","","Html.Layouts.TableLayout","","","","42966334147662255"
"a0bWD0000011TqiYAE","005al00000RVcKvAAL","false","TwoColumnGrid","","Html.Layouts.TwoColumnGrid","","","","42966796198681397"
"a0bWD0000011TqjYAE","005al00000RVcKvAAL","false","a2Cbn000002Vb74","","Html.Layouts.TableLayout","","","","42966846569913923"
"a0bWD0000011TYVYA2","005al00000RVcKvAAL","false","NoLayout","","Html.Layouts.NoLayout","","","","42967258945571265"
"a0bWD0000011TqkYAE","005al00000RVcKvAAL","false","TableLayout","","Html.Layouts.TableLayout","","","","42967733393527175"
"a0bWD0000011TqlYAE","005al00000RVcKvAAL","false","a2Cbn000002Vb6h","","Html.Layouts.NoLayout","","","","42969386912705880"
"a0bWD0000011TqmYAE","005al00000RVcKvAAL","false","TwoColumnGrid","","Html.Layouts.TwoColumnGrid","","","","42969492495525335"
"a0bWD0000011WJlYAM","005al00000RVcKvAAL","false","SingleColumnGrid","","Html.Layouts.SingleColumnGrid","","","","42969533582743707"
"a0bWD0000011TQdYAM","005al00000RVcKvAAL","false","TwoColumnGrid","","Html.Layouts.TwoColumnGrid","","","","42969627795812127"
"a0bWD0000011TqnYAE","005al00000RVcKvAAL","false","a2Cbn000002Vb5k","","Html.Layouts.NoLayout","","","","42969634741445195"
"a0bWD0000011WJmYAM","005al00000RVcKvAAL","false","a313g0000008Q0O","","Html.Layouts.TableLayout","","","","42970432209138197"
"a0bWD0000011TqoYAE","005al00000RVcKvAAL","false","a2Cbn000002Vb6m","","Html.Layouts.NoLayout","","","","42970783152555165"
"a0bWD0000011TqpYAE","005al00000RVcKvAAL","false","NoLayout","","Html.Layouts.NoLayout","","","","42971093879454672"
"a0bWD0000011TqqYAE","005al00000RVcKvAAL","false","a314T000000Xm5O","","Html.Layouts.TableLayout","","","","42971527726417218"
"a0bWD0000011TqrYAE","005al00000RVcKvAAL","false","NoLayout","","Html.Layouts.NoLayout","","","","42971704405748197"
"a0bWD0000011TQeYAM","005al00000RVcKvAAL","false","TwoColumnGrid","","Html.Layouts.TwoColumnGrid","","","","42972754583232152"
"a0bWD0000011TNSYA2","005al00000RVcKvAAL","false","TwoColumnGrid","","Html.Layouts.TwoColumnGrid","","","","42973111114595046"
"a0bWD0000011TqsYAE","005al00000RVcKvAAL","false","NoLayout","","Html.Layouts.NoLayout","","","","42973731400788743"
"a0bWD0000011TqtYAE","005al00000RVcKvAAL","false","TableLayout","","Html.Layouts.TableLayout","","","","42975939752895388"
"a0bWD0000011TquYAE","005al00000RVcKvAAL","false","SingleColumnGrid","","Html.Layouts.SingleColumnGrid","","","","42976482319496141"
"a0bWD0000011WJnYAM","005al00000RVcKvAAL","false","TableLayout","","Html.Layouts.TableLayout","","","","42976508627306786"
"a0bWD0000011TqvYAE","005al00000RVcKvAAL","false","a2Cbn000002Vb5v","","Html.Layouts.TwoColumnGrid","","","","42976964002167382"
"a0bWD0000011TqwYAE","005al00000RVcKvAAL","false","TwoColumnGrid","","Html.Layouts.TwoColumnGrid","","","","42978284217341959"
"a0bWD0000011TqxYAE","005al00000RVcKvAAL","false","TwoColumnGrid","","Html.Layouts.TwoColumnGrid","","","","42978692652965025"
"a0bWD0000011TQfYAM","005al00000RVcKvAAL","false","NoLayout","","Html.Layouts.NoLayout","","","","42979654886778794"
"a0bWD0000011TqyYAE","005al00000RVcKvAAL","false","TableLayout","","Html.Layouts.TableLayout","","","","42979696357196795"
"a0bWD0000011TT4YAM","005al00000RVcKvAAL","false","TwoColumnGrid","","Html.Layouts.TwoColumnGrid","","","","42980217845600032"
"a0bWD0000011UIGYA2","005al00000RVcKvAAL","false","NoLayout","","Html.Layouts.NoLayout","","","","42981239309101448"
"a0bWD0000011WJoYAM","005al00000RVcKvAAL","false","TableLayout","","Html.Layouts.TableLayout","","","","42981306391842190"
"a0bWD0000011TqzYAE","005al00000RVcKvAAL","false","a2Cbn000002Vb25","","Html.Layouts.TwoColumnGrid","","","","42981672396128198"
"a0bWD0000011Tr0YAE","005al00000RVcKvAAL","false","TwoColumnGrid","","Html.Layouts.TwoColumnGrid","","","","4298199687374121"
"a0bWD0000011TYWYA2","005al00000RVcKvAAL","false","a2Cbn000002VbD2","","Html.Layouts.NoLayout","","","","42983990818270716"
"a0bWD0000011WJpYAM","005al00000RVcKvAAL","false","TableLayout","","Html.Layouts.TableLayout","","","","42984926615034192"
"a0bWD0000011Tr1YAE","005al00000RVcKvAAL","false","a2Cbn000002Vb5p","","Html.Layouts.NoLayout","","","","42985200184119899"
"a0bWD0000011WJqYAM","005al00000RVcKvAAL","false","a2Cbn000002VbD1","","Html.Layouts.TableLayout","","","","42985383906581384"
"a0bWD0000011WJrYAM","005al00000RVcKvAAL","false","TableLayout","","Html.Layouts.TableLayout","","","","42985687760534536"
"a0bWD0000011WJsYAM","005al00000RVcKvAAL","false","TableLayout","","Html.Layouts.TableLayout","","","","42987205970382699"
"a0bWD0000011Tr2YAE","005al00000RVcKvAAL","false","TwoColumnGrid","","Html.Layouts.TwoColumnGrid","","","","42987326483907551"
"a0bWD0000011Tr3YAE","005al00000RVcKvAAL","false","a2Cbn000002Vb5u","","Html.Layouts.NoLayout","","","","42988329077586649"
"a0bWD0000011Tr4YAE","005al00000RVcKvAAL","false","NoLayout","","Html.Layouts.NoLayout","","","","42988515654643024"
"a0bWD0000011WJtYAM","005al00000RVcKvAAL","false","TableLayout","","Html.Layouts.TableLayout","","","","42988523993045156"
"a0bWD0000011WJuYAM","005al00000RVcKvAAL","false","TableLayout","","Html.Layouts.TableLayout","","","","42989330865645377"
"a0bWD0000011Tr5YAE","005al00000RVcKvAAL","false","a2Cbn000002Vb5q","","Html.Layouts.NoLayout","","","","42989815336180907"
"a0bWD0000011Tr6YAE","005al00000RVcKvAAL","false","TwoColumnGrid","","Html.Layouts.TwoColumnGrid","","","","42990532480797746"
"a0bWD0000011Tr7YAE","005al00000RVcKvAAL","false","NoLayout","","Html.Layouts.NoLayout","","","","42990651759575759"
"a0bWD0000011Tr8YAE","005al00000RVcKvAAL","false","TwoColumnGrid","","Html.Layouts.TwoColumnGrid","","","","42990816839993058"
"a0bWD0000011WJvYAM","005al00000RVcKvAAL","false","a2Cbn000002Vb7Z","","Html.Layouts.TableLayout","","","","42991079065622312"
"a0bWD0000011WJwYAM","005al00000RVcKvAAL","false","TableLayout","","Html.Layouts.TableLayout","","","","42991159464469229"
"a0bWD0000011UFMYA2","005al00000RVcKvAAL","false","NoLayout","","Html.Layouts.NoLayout","","","","42991179065169084"
"a0bWD0000011Tr9YAE","005al00000RVcKvAAL","false","NoLayout","","Html.Layouts.NoLayout","","","","42992001616815338"
"a0bWD0000011TrAYAU","005al00000RVcKvAAL","false","a2Cbn000002Vb2Q","","Html.Layouts.NoLayout","","","","42993010170056470"
"a0bWD0000011TrBYAU","005al00000RVcKvAAL","false","NoLayout","","Html.Layouts.NoLayout","","","","42994102477307762"
"a0bWD0000011WJxYAM","005al00000RVcKvAAL","false","TableLayout","","Html.Layouts.TableLayout","","","","42994135370306941"
"a0bWD0000011TQgYAM","005al00000RVcKvAAL","false","TwoColumnGrid","","Html.Layouts.TwoColumnGrid","","","","42994333242495687"
"a0bWD0000011TrCYAU","005al00000RVcKvAAL","false","SingleColumnGrid","","Html.Layouts.SingleColumnGrid","","","","42994925524539932"
"a0bWD0000011TrDYAU","005al00000RVcKvAAL","false","NoLayout","","Html.Layouts.NoLayout","","","","42995526565077349"
"a0bWD0000011TT5YAM","005al00000RVcKvAAL","false","TwoColumnGrid","","Html.Layouts.TwoColumnGrid","","","","42995554297442658"
"a0bWD0000011UFNYA2","005al00000RVcKvAAL","false","TwoColumnGrid","","Html.Layouts.TwoColumnGrid","","","","42996176254959111"
"a0bWD0000011TrEYAU","005al00000RVcKvAAL","false","a2Cbn000002Vb6g","","Html.Layouts.NoLayout","","","","42997019817491159"
"a0bWD0000011TNTYA2","005al00000RVcKvAAL","false","SingleColumnGrid","","Html.Layouts.SingleColumnGrid","","","","42997312723798389"
"a0bWD0000011UIHYA2","005al00000RVcKvAAL","false","NoLayout","","Html.Layouts.NoLayout","","","","42997570508568923"
"a0bWD0000011WJyYAM","005al00000RVcKvAAL","false","a2Cbn000002Vb28","","Html.Layouts.TableLayout","","","","42997724854681455"
"a0bWD0000011TrFYAU","005al00000RVcKvAAL","false","a2Cbn000002Vb27","","Html.Layouts.TwoColumnGrid","","","","42997956297514313"
"a0bWD0000011TT6YAM","005al00000RVcKvAAL","false","TwoColumnGrid","","Html.Layouts.TwoColumnGrid","","","","42998075051691851"
"a0bWD0000011WJzYAM","005al00000RVcKvAAL","false","TableLayout","","Html.Layouts.TableLayout","","","","42998540837092807"
"a0bWD0000011TQhYAM","005al00000RVcKvAAL","false","TwoColumnGrid","","Html.Layouts.TwoColumnGrid","","","","42998730867981084"
"a0bWD0000011TrGYAU","005al00000RVcKvAAL","false","a314T000000Xm5N","","Html.Layouts.TableLayout","","","","42998756783980469"
"a0bWD0000011WK0YAM","005al00000RVcKvAAL","false","NoLayout","","Html.Layouts.NoLayout","","","","42999642927050596"
"a0bWD0000011TUbYAM","005al00000RVcKvAAL","false","TableLayout","","Html.Layouts.TableLayout","","","","43191619447516421"
"a0bWD0000011UFOYA2","005al00000RVcKvAAL","false","SingleColumnGrid","","Html.Layouts.SingleColumnGrid","","","","43621641831942811"
"a0bWD0000011TT7YAM","005al00000RVcKvAAL","false","TwoColumnGrid","","Html.Layouts.TwoColumnGrid","","","","436C237B01734B2D9768645E5622266C"
"a0bWD0000011TUcYAM","005al00000RVcKvAAL","false","SingleColumnGrid","","Html.Layouts.SingleColumnGrid","","","","43881560278867960"
"a0bWD0000011TrHYAU","005al00000RVcKvAAL","false","TwoColumnGrid","","Html.Layouts.TwoColumnGrid","","","","43961663700626748"
"a0bWD0000011TUdYAM","005al00000RVcKvAAL","false","TableLayout","","Html.Layouts.TableLayout","","","","45681620937673260"
"a0bWD0000011TUeYAM","005al00000RVcKvAAL","false","TwoColumnGrid","","Html.Layouts.TwoColumnGrid","","","","46671615577847595"
"a0bWD0000011TNUYA2","005al00000RVcKvAAL","false","TwoColumnGrid","","Html.Layouts.TwoColumnGrid","","","","46701663700626751"
"a0bWD0000011UFPYA2","005al00000RVcKvAAL","false","TwoColumnGrid","","Html.Layouts.TwoColumnGrid","","","","46981641354326567"
"a0bWD0000011TNVYA2","005al00000RVcKvAAL","false","TwoColumnGrid","","Html.Layouts.TwoColumnGrid","","","","47571598381728202"
"a0bWD0000011TNWYA2","005al00000RVcKvAAL","false","SingleColumnGrid","","Html.Layouts.SingleColumnGrid","","","","47641663700626752"
"a0bWD0000011UFQYA2","005al00000RVcKvAAL","false","TwoColumnGrid","","Html.Layouts.TwoColumnGrid","","","","48781641354326564"
"a0bWD0000011TQiYAM","005al00000RVcKvAAL","false","NoLayout","","Html.Layouts.NoLayout","","","","48921701790672165"
"a0bWD0000011UFRYA2","005al00000RVcKvAAL","false","TwoColumnGrid","","Html.Layouts.TwoColumnGrid","","","","48991641354326564"
"a0bWD0000011TUfYAM","005al00000RVcKvAAL","false","NoLayout","","Html.Layouts.NoLayout","","","","50541620937673259"
"a0bWD0000011TNXYA2","005al00000RVcKvAAL","false","TwoColumnGrid","","Html.Layouts.TwoColumnGrid","","","","50641602764632750"
"a0bWD0000011TUgYAM","005al00000RVcKvAAL","false","TwoColumnGrid","","Html.Layouts.TwoColumnGrid","","","","51131620937673261"
"a0bWD0000011TrIYAU","005al00000RVcKvAAL","false","TwoColumnGrid","","Html.Layouts.TwoColumnGrid","","","","51161602764632750"
"a0bWD0000011TNYYA2","005al00000RVcKvAAL","false","TwoColumnGrid","","Html.Layouts.TwoColumnGrid","","","","52611663700626750"
"a0bWD0000011TUhYAM","005al00000RVcKvAAL","false","TwoColumnGrid","","Html.Layouts.TwoColumnGrid","","","","53551562008947708"
"a0bWD0000011TNZYA2","005al00000RVcKvAAL","false","TwoColumnGrid","","Html.Layouts.TwoColumnGrid","","","","53931602764632750"
"a0bWD0000011TNaYAM","005al00000RVcKvAAL","false","TwoColumnGrid","","Html.Layouts.TwoColumnGrid","","","","54351598553324419"
"a0bWD0000011TrJYAU","005al00000RVcKvAAL","false","NoLayout","","Html.Layouts.NoLayout","","","","55571640791249091"
"a0bWD0000011TUiYAM","005al00000RVcKvAAL","false","TwoColumnGrid","","Html.Layouts.TwoColumnGrid","","","","56231620937673261"
"a0bWD0000011TNbYAM","005al00000RVcKvAAL","false","SingleColumnGrid","","Html.Layouts.SingleColumnGrid","","","","56751598553324419"
"a0bWD0000011TUjYAM","005al00000RVcKvAAL","false","NoLayout","","Html.Layouts.NoLayout","","","","56941620937673262"
"a0bWD0000011UFSYA2","005al00000RVcKvAAL","false","TwoColumnGrid","","Html.Layouts.TwoColumnGrid","","","","57241641831942813"
"a0bWD0000011UFTYA2","005al00000RVcKvAAL","false","TwoColumnGrid","","Html.Layouts.TwoColumnGrid","","","","57381641831942815"
"a0bWD0000011TNcYAM","005al00000RVcKvAAL","false","SingleColumnGrid","","Html.Layouts.SingleColumnGrid","","","","57771666029078577"
"a0bWD0000011TrKYAU","005al00000RVcKvAAL","false","TwoColumnGrid","","Html.Layouts.TwoColumnGrid","","","","59271640791249090"
"a0bWD0000011TNdYAM","005al00000RVcKvAAL","false","TableLayout","","Html.Layouts.TableLayout","","","","59501602764632749"
"a0bWD0000011TUkYAM","005al00000RVcKvAAL","false","TwoColumnGrid","","Html.Layouts.TwoColumnGrid","","","","60481620937673261"
"a0bWD0000011TNeYAM","005al00000RVcKvAAL","false","NoLayout","","Html.Layouts.NoLayout","","","","60531663700626751"
"a0bWD0000011UFUYA2","005al00000RVcKvAAL","false","TwoColumnGrid","","Html.Layouts.TwoColumnGrid","","","","60611640206780121"
"a0bWD0000011TUlYAM","005al00000RVcKvAAL","false","TwoColumnGrid","","Html.Layouts.TwoColumnGrid","","","","60691619447516420"
"a0bWD0000011TT8YAM","005al00000RVcKvAAL","false","TableLayout","","Html.Layouts.TableLayout","","","","614A71687172420BB76B740C543E5F58"
"a0bWD0000011TNfYAM","005al00000RVcKvAAL","false","TwoColumnGrid","","Html.Layouts.TwoColumnGrid","","","","62191666029078576"
"a0bWD0000011TT9YAM","005al00000RVcKvAAL","false","TableLayout","","Html.Layouts.TableLayout","","","","62192C7C6C594F34B74E097F0260294D"
"a0bWD0000011TQjYAM","005al00000RVcKvAAL","false","TwoColumnGrid","","Html.Layouts.TwoColumnGrid","","","","62561701790672166"
"a0bWD0000011UFVYA2","005al00000RVcKvAAL","false","TwoColumnGrid","","Html.Layouts.TwoColumnGrid","","","","63191641831942813"
"a0bWD0000011UFWYA2","005al00000RVcKvAAL","false","TwoColumnGrid","","Html.Layouts.TwoColumnGrid","","","","64001640206780117"
"a0bWD0000011TrLYAU","005al00000RVcKvAAL","false","TableLayout","","Html.Layouts.TableLayout","","","","65151663700626749"
"a0bWD0000011UFXYA2","005al00000RVcKvAAL","false","TwoColumnGrid","","Html.Layouts.TwoColumnGrid","","","","65601641354326565"
"a0bWD0000011TNgYAM","005al00000RVcKvAAL","false","TableLayout","","Html.Layouts.TableLayout","","","","68261663700626753"
"a0bWD0000011TNhYAM","005al00000RVcKvAAL","false","SingleColumnGrid","","Html.Layouts.SingleColumnGrid","","","","68961666029078574"
"a0bWD0000011UFYYA2","005al00000RVcKvAAL","false","TwoColumnGrid","","Html.Layouts.TwoColumnGrid","","","","69231641831942812"
"a0bWD0000011TQkYAM","005al00000RVcKvAAL","false","TwoColumnGrid","","Html.Layouts.TwoColumnGrid","","","","70181701790672165"
"a0bWD0000011TUmYAM","005al00000RVcKvAAL","false","NoLayout","","Html.Layouts.NoLayout","","","","70831619447516421"
"a0bWD0000011TUnYAM","005al00000RVcKvAAL","false","NoLayout","","Html.Layouts.NoLayout","","","","71571620937673264"
"a0bWD0000011UFZYA2","005al00000RVcKvAAL","false","TwoColumnGrid","","Html.Layouts.TwoColumnGrid","","","","71691641354326566"
"a0bWD0000011TUoYAM","005al00000RVcKvAAL","false","NoLayout","","Html.Layouts.NoLayout","","","","72061562008947708"
"a0bWD0000011TUpYAM","005al00000RVcKvAAL","false","NoLayout","","Html.Layouts.NoLayout","","","","73031619447516419"
"a0bWD0000011TrMYAU","005al00000RVcKvAAL","false","TwoColumnGrid","","Html.Layouts.TwoColumnGrid","","","","75851640791249090"
"a0bWD0000011TTAYA2","005al00000RVcKvAAL","false","TableLayout","","Html.Layouts.TableLayout","","","","761F127A0E664120A9512D1E2008084D"
"a0bWD0000011TUqYAM","005al00000RVcKvAAL","false","NoLayout","","Html.Layouts.NoLayout","","","","76911619447516419"
"a0bWD0000011TUrYAM","005al00000RVcKvAAL","false","NoLayout","","Html.Layouts.NoLayout","","","","77701620937673263"
"a0bWD0000011TUsYAM","005al00000RVcKvAAL","false","TableLayout","","Html.Layouts.TableLayout","","","","78041620937673263"
"a0bWD0000011UFaYAM","005al00000RVcKvAAL","false","TwoColumnGrid","","Html.Layouts.TwoColumnGrid","","","","78251641831942811"
"a0bWD0000011TrNYAU","005al00000RVcKvAAL","false","TwoColumnGrid","","Html.Layouts.TwoColumnGrid","","","","79131640791249089"
"a0bWD0000011TUtYAM","005al00000RVcKvAAL","false","TableLayout","","Html.Layouts.TableLayout","","","","80081567002572493"
"a0bWD0000011TUuYAM","005al00000RVcKvAAL","false","TableLayout","","Html.Layouts.TableLayout","","","","80361619447516421"
"a0bWD0000011TrOYAU","005al00000RVcKvAAL","false","NoLayout","","Html.Layouts.NoLayout","","","","80631640791249089"
"a0bWD0000011UFbYAM","005al00000RVcKvAAL","false","TwoColumnGrid","","Html.Layouts.TwoColumnGrid","","","","81501640206780125"
"a0bWD0000011TUvYAM","005al00000RVcKvAAL","false","NoLayout","","Html.Layouts.NoLayout","","","","82941619447516421"
"a0bWD0000011TUwYAM","005al00000RVcKvAAL","false","TwoColumnGrid","","Html.Layouts.TwoColumnGrid","","","","83621620937673260"
"a0bWD0000011TUxYAM","005al00000RVcKvAAL","false","TableLayout","","Html.Layouts.TableLayout","","","","85131620937673262"
"a0bWD0000011TNiYAM","005al00000RVcKvAAL","false","TwoColumnGrid","","Html.Layouts.TwoColumnGrid","","","","87661602764632750"
"a0bWD0000011TUyYAM","005al00000RVcKvAAL","false","TableLayout","","Html.Layouts.TableLayout","","","","87851567002572493"
"a0bWD0000011TUzYAM","005al00000RVcKvAAL","false","TwoColumnGrid","","Html.Layouts.TwoColumnGrid","","","","87991619447516422"
"a0bWD0000011TV0YAM","005al00000RVcKvAAL","false","NoLayout","","Html.Layouts.NoLayout","","","","88191560278867959"
"a0bWD0000011TV1YAM","005al00000RVcKvAAL","false","TwoColumnGrid","","Html.Layouts.TwoColumnGrid","","","","88281619447516420"
"a0bWD0000011TQlYAM","005al00000RVcKvAAL","false","TableLayout","","Html.Layouts.TableLayout","","","","89521701790672165"
"a0bWD0000011UFcYAM","005al00000RVcKvAAL","false","SingleColumnGrid","","Html.Layouts.SingleColumnGrid","","","","89811640206780116"
"a0bWD0000011UFdYAM","005al00000RVcKvAAL","false","TwoColumnGrid","","Html.Layouts.TwoColumnGrid","","","","90241641831942813"
"a0bWD0000011UFeYAM","005al00000RVcKvAAL","false","TwoColumnGrid","","Html.Layouts.TwoColumnGrid","","","","90701640206780126"
"a0bWD0000011TrPYAU","005al00000RVcKvAAL","false","NoLayout","","Html.Layouts.NoLayout","","","","92071640791249091"
"a0bWD0000011TNjYAM","005al00000RVcKvAAL","false","TwoColumnGrid","","Html.Layouts.TwoColumnGrid","","","","92691663700626750"
"a0bWD0000011UFfYAM","005al00000RVcKvAAL","false","TwoColumnGrid","","Html.Layouts.TwoColumnGrid","","","","94161641831942812"
"a0bWD0000011TV2YAM","005al00000RVcKvAAL","false","TwoColumnGrid","","Html.Layouts.TwoColumnGrid","","","","97211619447516420"
"a0bWD0000011UFgYAM","005al00000RVcKvAAL","false","TwoColumnGrid","","Html.Layouts.TwoColumnGrid","","","","97421641354326563"
"a0bWD0000011UFhYAM","005al00000RVcKvAAL","false","TwoColumnGrid","","Html.Layouts.TwoColumnGrid","","","","98231640206780124"
"a0bWD0000011TV3YAM","005al00000RVcKvAAL","false","NoLayout","","Html.Layouts.NoLayout","","","","98341620937673262"
"a0bWD0000011TrQYAU","005al00000RVcKvAAL","false","NoLayout","","Html.Layouts.NoLayout","","","","99561663700626749"
"a0bWD0000011UIIYA2","005al00000RVcKvAAL","false","TableLayout","","Html.Layouts.TableLayout","","","","I"
"a0bWD0000011TrRYAU","005al00000RVcKvAAL","false","a2C3h000000U8Up","","Html.Layouts.NoLayout","","","","a003h000002wMydAAE"
"a0bWD0000011TrSYAU","005al00000RVcKvAAL","false","a2C3h000000U8Uq","","Html.Layouts.NoLayout","","","","a003h000002wMyeAAE"
"a0bWD0000011TrTYAU","005al00000RVcKvAAL","false","a2C3h000000U8Ur","","Html.Layouts.NoLayout","","","","a003h000002wMyfAAE"
"a0bWD0000011TrUYAU","005al00000RVcKvAAL","false","NoLayout","","Html.Layouts.NoLayout","","","","a003h000002wMygAAE"
"a0bWD0000011TrVYAU","005al00000RVcKvAAL","false","a2C3h000000U8Ut","","Html.Layouts.NoLayout","","","","a003h000002wMyhAAE"
"a0bWD0000011TrWYAU","005al00000RVcKvAAL","false","a2C3h000000U8Uu","","Html.Layouts.TwoColumnGrid","","","","a003h000002wMyiAAE"
"a0bWD0000011TrXYAU","005al00000RVcKvAAL","false","a2C3h000000U8Uv","","Html.Layouts.NoLayout","","","","a003h000002wMyjAAE"
"a0bWD0000011TrYYAU","005al00000RVcKvAAL","false","a2C3h000000U8Uw","","Html.Layouts.NoLayout","","","","a003h000002wMykAAE"
"a0bWD0000011TrZYAU","005al00000RVcKvAAL","false","a2C3h000000U8Ux","","Html.Layouts.NoLayout","","","","a003h000002wMylAAE"
"a0bWD0000011TraYAE","005al00000RVcKvAAL","false","a2C3h000000U8Uy","","Html.Layouts.NoLayout","","","","a003h000002wMymAAE"
"a0bWD0000011TrbYAE","005al00000RVcKvAAL","false","a2C3h000000U8Uz","","Html.Layouts.NoLayout","","","","a003h000002wMynAAE"
"a0bWD0000011TrcYAE","005al00000RVcKvAAL","false","a2C3h000000U8V0","","Html.Layouts.NoLayout","","","","a003h000002wMyoAAE"
"a0bWD0000011TrdYAE","005al00000RVcKvAAL","false","TwoColumnGrid","","Html.Layouts.TwoColumnGrid","","","","a003h000002wMypAAE"
"a0bWD0000011TreYAE","005al00000RVcKvAAL","false","a2C3h000000U8V2","","Html.Layouts.TwoColumnGrid","","","","a003h000002wMyqAAE"
"a0bWD0000011TrfYAE","005al00000RVcKvAAL","false","a2C3h000000U8V3","","Html.Layouts.NoLayout","","","","a003h000002wMyrAAE"
"a0bWD0000011TrgYAE","005al00000RVcKvAAL","false","a2C3h000000U8V4","","Html.Layouts.TwoColumnGrid","","","","a003h000002wMysAAE"
"a0bWD0000011TrhYAE","005al00000RVcKvAAL","false","a2C3h000000U8V5","","Html.Layouts.NoLayout","","","","a003h000002wMytAAE"
"a0bWD0000011TriYAE","005al00000RVcKvAAL","false","a2C3h000000U8V6","","Html.Layouts.NoLayout","","","","a003h000002wMyuAAE"
"a0bWD0000011TrjYAE","005al00000RVcKvAAL","false","a2C3h000000U8V7","","Html.Layouts.NoLayout","","","","a003h000002wMyvAAE"
"a0bWD0000011TrkYAE","005al00000RVcKvAAL","false","a2C3h000000U8V8","","Html.Layouts.NoLayout","","","","a003h000002wMywAAE"
"a0bWD0000011TrlYAE","005al00000RVcKvAAL","false","a2C3h000000U8V9","","Html.Layouts.NoLayout","","","","a003h000002wMyxAAE"
"a0bWD0000011TrmYAE","005al00000RVcKvAAL","false","a2C3h000000U8VA","","Html.Layouts.TableLayout","","","","a003h000002wMyyAAE"
"a0bWD0000011TrnYAE","005al00000RVcKvAAL","false","a2C3h000000U8VB","","Html.Layouts.NoLayout","","","","a003h000002wMyzAAE"
"a0bWD0000011TroYAE","005al00000RVcKvAAL","false","a2C3h000000U8VC","","Html.Layouts.TwoColumnGrid","","","","a003h000002wMz0AAE"
"a0bWD0000011TrpYAE","005al00000RVcKvAAL","false","a2C3h000000U8VD","","Html.Layouts.NoLayout","","","","a003h000002wMz1AAE"
"a0bWD0000011TrqYAE","005al00000RVcKvAAL","false","a2C3h000000U8VE","","Html.Layouts.NoLayout","","","","a003h000002wMz2AAE"
"a0bWD0000011TrrYAE","005al00000RVcKvAAL","false","a2C3h000000U8VF","","Html.Layouts.NoLayout","","","","a003h000002wMz3AAE"
"a0bWD0000011TrsYAE","005al00000RVcKvAAL","false","a2C3h000000U8VG","","Html.Layouts.TwoColumnGrid","","","","a003h000002wMz4AAE"
"a0bWD0000011TrtYAE","005al00000RVcKvAAL","false","a2C3h000000U8VH","","Html.Layouts.NoLayout","","","","a003h000002wMz5AAE"
"a0bWD0000011TruYAE","005al00000RVcKvAAL","false","a2C3h000000U8VI","","Html.Layouts.NoLayout","","","","a003h000002wMz6AAE"
"a0bWD0000011TrvYAE","005al00000RVcKvAAL","false","a2C3h000000U8VJ","","Html.Layouts.NoLayout","","","","a003h000002wMz7AAE"
"a0bWD0000011TrwYAE","005al00000RVcKvAAL","false","a2C3h000000U8VK","","Html.Layouts.TwoColumnGrid","","","","a003h000002wMz8AAE"
"a0bWD0000011TrxYAE","005al00000RVcKvAAL","false","a2C3h000000U8VL","","Html.Layouts.NoLayout","","","","a003h000002wMz9AAE"
"a0bWD0000011TryYAE","005al00000RVcKvAAL","false","a2C3h000000U8VM","","Html.Layouts.NoLayout","","","","a003h000002wMzAAAU"
"a0bWD0000011TrzYAE","005al00000RVcKvAAL","false","a2C3h000000U8VN","","Html.Layouts.TwoColumnGrid","","","","a003h000002wMzBAAU"
"a0bWD0000011Ts0YAE","005al00000RVcKvAAL","false","a2C3h000000U8VO","","Html.Layouts.NoLayout","","","","a003h000002wMzCAAU"
"a0bWD0000011Ts1YAE","005al00000RVcKvAAL","false","a2C3h000000U8VP","","Html.Layouts.NoLayout","","","","a003h000002wMzDAAU"
"a0bWD0000011Ts2YAE","005al00000RVcKvAAL","false","a2C3h000000U8VQ","","Html.Layouts.NoLayout","","","","a003h000002wMzEAAU"
"a0bWD0000011Ts3YAE","005al00000RVcKvAAL","false","a2C3h000000U8VR","","Html.Layouts.NoLayout","","","","a003h000002wMzFAAU"
"a0bWD0000011Ts4YAE","005al00000RVcKvAAL","false","a2C3h000000U8VS","","Html.Layouts.NoLayout","","","","a003h000002wMzGAAU"
"a0bWD0000011Ts5YAE","005al00000RVcKvAAL","false","a2C3h000000U8VT","","Html.Layouts.TableLayout","","","","a003h000002wMzHAAU"
"a0bWD0000011Ts6YAE","005al00000RVcKvAAL","false","a2C3h000000U8VU","","Html.Layouts.NoLayout","","","","a003h000002wMzIAAU"
"a0bWD0000011Ts7YAE","005al00000RVcKvAAL","false","a2C3h000000U8VV","","Html.Layouts.TwoColumnGrid","","","","a003h000002wMzJAAU"
"a0bWD0000011Ts8YAE","005al00000RVcKvAAL","false","a2C3h000000U8VW","","Html.Layouts.NoLayout","","","","a003h000002wMzKAAU"
"a0bWD0000011Ts9YAE","005al00000RVcKvAAL","false","a2C3h000000U8VX","","Html.Layouts.NoLayout","","","","a003h000002wMzLAAU"
"a0bWD0000011TsAYAU","005al00000RVcKvAAL","false","a2C3h000000U8VY","","Html.Layouts.TwoColumnGrid","","","","a003h000002wMzMAAU"
"a0bWD0000011TsBYAU","005al00000RVcKvAAL","false","a2C3h000000U8VZ","","Html.Layouts.NoLayout","","","","a003h000002wMzNAAU"
"a0bWD0000011TsCYAU","005al00000RVcKvAAL","false","a2C3h000000U8Va","","Html.Layouts.NoLayout","","","","a003h000002wMzOAAU"
"a0bWD0000011TsDYAU","005al00000RVcKvAAL","false","a2C3h000000U8Vb","","Html.Layouts.NoLayout","","","","a003h000002wMzPAAU"
"a0bWD0000011TsEYAU","005al00000RVcKvAAL","false","a2C3h000000U8Vc","","Html.Layouts.NoLayout","","","","a003h000002wMzQAAU"
"a0bWD0000011TsFYAU","005al00000RVcKvAAL","false","a2C3h000000U8Vd","","Html.Layouts.NoLayout","","","","a003h000002wMzRAAU"
"a0bWD0000011TsGYAU","005al00000RVcKvAAL","false","a2C3h000000U8Ve","","Html.Layouts.TableLayout","","","","a003h000002wMzSAAU"
"a0bWD0000011TsHYAU","005al00000RVcKvAAL","false","a2C3h000000U8Vf","","Html.Layouts.NoLayout","","","","a003h000002wMzTAAU"
"a0bWD0000011TsIYAU","005al00000RVcKvAAL","false","a2C3h000000U8Vg","","Html.Layouts.TwoColumnGrid","","","","a003h000002wMzUAAU"
"a0bWD0000011TsJYAU","005al00000RVcKvAAL","false","a2C3h000000U8Vh","","Html.Layouts.NoLayout","","","","a003h000002wMzVAAU"
"a0bWD0000011TsKYAU","005al00000RVcKvAAL","false","a2C3h000000U8Vi","","Html.Layouts.NoLayout","","","","a003h000002wMzWAAU"
"a0bWD0000011TsLYAU","005al00000RVcKvAAL","false","a2C3h000000U8Vj","","Html.Layouts.NoLayout","","","","a003h000002wMzXAAU"
"a0bWD0000011TsMYAU","005al00000RVcKvAAL","false","a2C3h000000U8Vk","","Html.Layouts.TwoColumnGrid","","","","a003h000002wMzYAAU"
"a0bWD0000011TsNYAU","005al00000RVcKvAAL","false","a2C3h000000U8Vl","","Html.Layouts.NoLayout","","","","a003h000002wMzZAAU"
"a0bWD0000011TsOYAU","005al00000RVcKvAAL","false","a2C3h000000U8Vm","","Html.Layouts.NoLayout","","","","a003h000002wMzaAAE"
"a0bWD0000011TsPYAU","005al00000RVcKvAAL","false","a2C3h000000U8Vn","","Html.Layouts.NoLayout","","","","a003h000002wMzbAAE"
"a0bWD0000011TsQYAU","005al00000RVcKvAAL","false","a2C3h000000U8Vo","","Html.Layouts.NoLayout","","","","a003h000002wMzcAAE"
"a0bWD0000011TsRYAU","005al00000RVcKvAAL","false","a2C3h000000U8Vp","","Html.Layouts.NoLayout","","","","a003h000002wMzdAAE"
"a0bWD0000011TsSYAU","005al00000RVcKvAAL","false","a2C3h000000U8Vq","","Html.Layouts.NoLayout","","","","a003h000002wMzeAAE"
"a0bWD0000011TsTYAU","005al00000RVcKvAAL","false","a2C3h000000U8Vr","","Html.Layouts.TableLayout","","","","a003h000002wMzfAAE"
"a0bWD0000011TsUYAU","005al00000RVcKvAAL","false","a2C3h000000U8Vs","","Html.Layouts.NoLayout","","","","a003h000002wMzgAAE"
"a0bWD0000011TsVYAU","005al00000RVcKvAAL","false","a2C3h000000U8Vt","","Html.Layouts.TwoColumnGrid","","","","a003h000002wMzhAAE"
"a0bWD0000011TsWYAU","005al00000RVcKvAAL","false","NoLayout","","Html.Layouts.NoLayout","","","","a003h000002wMziAAE"
"a0bWD0000011TsXYAU","005al00000RVcKvAAL","false","a2C3h000000U8Vv","","Html.Layouts.TableLayout","","","","a003h000002wMzjAAE"
"a0bWD0000011TsYYAU","005al00000RVcKvAAL","false","a2C3h000000U8Vw","","Html.Layouts.NoLayout","","","","a003h000002wMzkAAE"
"a0bWD0000011TsZYAU","005al00000RVcKvAAL","false","a2C3h000000U8Vx","","Html.Layouts.NoLayout","","","","a003h000002wMzlAAE"
"a0bWD0000011TsaYAE","005al00000RVcKvAAL","false","a2C3h000000U8Vy","","Html.Layouts.TableLayout","","","","a003h000002wMzmAAE"
"a0bWD0000011TsbYAE","005al00000RVcKvAAL","false","a2C3h000000U8Vz","","Html.Layouts.NoLayout","","","","a003h000002wMznAAE"
"a0bWD0000011TscYAE","005al00000RVcKvAAL","false","a2C3h000000U8W0","","Html.Layouts.NoLayout","","","","a003h000002wMzoAAE"
"a0bWD0000011TsdYAE","005al00000RVcKvAAL","false","a2C3h000000U8W1","","Html.Layouts.NoLayout","","","","a003h000002wMzpAAE"
"a0bWD0000011TseYAE","005al00000RVcKvAAL","false","a2C3h000000U8W2","","Html.Layouts.TableLayout","","","","a003h000002wMzqAAE"
"a0bWD0000011TsfYAE","005al00000RVcKvAAL","false","a2C3h000000U8W3","","Html.Layouts.NoLayout","","","","a003h000002wMzrAAE"
"a0bWD0000011TsgYAE","005al00000RVcKvAAL","false","a2C3h000000U8W4","","Html.Layouts.TableLayout","","","","a003h000002wMzsAAE"
"a0bWD0000011TshYAE","005al00000RVcKvAAL","false","a2C3h000000U8W5","","Html.Layouts.TableLayout","","","","a003h000002wMztAAE"
"a0bWD0000011TsiYAE","005al00000RVcKvAAL","false","a2C3h000000U8W6","","Html.Layouts.TableLayout","","","","a003h000002wMzuAAE"
"a0bWD0000011TsjYAE","005al00000RVcKvAAL","false","a2C3h000000U8W7","","Html.Layouts.TableLayout","","","","a003h000002wMzvAAE"
"a0bWD0000011TskYAE","005al00000RVcKvAAL","false","a2C3h000000U8W8","","Html.Layouts.NoLayout","","","","a003h000002wMzwAAE"
"a0bWD0000011TslYAE","005al00000RVcKvAAL","false","a2C3h000000U8W9","","Html.Layouts.NoLayout","","","","a003h000002wMzxAAE"
"a0bWD0000011TsmYAE","005al00000RVcKvAAL","false","a2C3h000000U8WA","","Html.Layouts.TableLayout","","","","a003h000002wMzyAAE"
"a0bWD0000011TsnYAE","005al00000RVcKvAAL","false","a2C3h000000U8WB","","Html.Layouts.NoLayout","","","","a003h000002wMzzAAE"
"a0bWD0000011TsoYAE","005al00000RVcKvAAL","false","a2C3h000000U8WC","","Html.Layouts.NoLayout","","","","a003h000002wN00AAE"
"a0bWD0000011TspYAE","005al00000RVcKvAAL","false","a2C3h000000U8WD","","Html.Layouts.TableLayout","","","","a003h000002wN01AAE"
"a0bWD0000011TsqYAE","005al00000RVcKvAAL","false","a2C3h000000U8WE","","Html.Layouts.TableLayout","","","","a003h000002wN02AAE"
"a0bWD0000011TsrYAE","005al00000RVcKvAAL","false","a2C3h000000U8WF","","Html.Layouts.TableLayout","","","","a003h000002wN03AAE"
"a0bWD0000011TssYAE","005al00000RVcKvAAL","false","a2C3h000000U8WG","","Html.Layouts.TableLayout","","","","a003h000002wN04AAE"
"a0bWD0000011TstYAE","005al00000RVcKvAAL","false","a2C3h000000U8WH","","Html.Layouts.TwoColumnGrid","","","","a003h000002wN05AAE"
"a0bWD0000011TsuYAE","005al00000RVcKvAAL","false","a2C3h000000U8WI","","Html.Layouts.NoLayout","","","","a003h000002wN06AAE"
"a0bWD0000011TsvYAE","005al00000RVcKvAAL","false","a2C3h000000U8WJ","","Html.Layouts.NoLayout","","","","a003h000002wN07AAE"
"a0bWD0000011TswYAE","005al00000RVcKvAAL","false","a2C3h000000U8WK","","Html.Layouts.TableLayout","","","","a003h000002wN08AAE"
"a0bWD0000011TsxYAE","005al00000RVcKvAAL","false","a2C3h000000U8WL","","Html.Layouts.NoLayout","","","","a003h000002wN09AAE"
"a0bWD0000011TsyYAE","005al00000RVcKvAAL","false","a2C3h000000U8WM","","Html.Layouts.NoLayout","","","","a003h000002wN0AAAU"
"a0bWD0000011TszYAE","005al00000RVcKvAAL","false","a2C3h000000U8WN","","Html.Layouts.NoLayout","","","","a003h000002wN0BAAU"
"a0bWD0000011Tt0YAE","005al00000RVcKvAAL","false","a2C3h000000U8WO","","Html.Layouts.TableLayout","","","","a003h000002wN0CAAU"
"a0bWD0000011Tt1YAE","005al00000RVcKvAAL","false","a2C3h000000U8WP","","Html.Layouts.NoLayout","","","","a003h000002wN0DAAU"
"a0bWD0000011Tt2YAE","005al00000RVcKvAAL","false","a2C3h000000U8WQ","","Html.Layouts.TableLayout","","","","a003h000002wN0EAAU"
"a0bWD0000011Tt3YAE","005al00000RVcKvAAL","false","a2C3h000000U8WR","","Html.Layouts.TableLayout","","","","a003h000002wN0FAAU"
"a0bWD0000011Tt4YAE","005al00000RVcKvAAL","false","a2C3h000000U8WS","","Html.Layouts.TableLayout","","","","a003h000002wN0GAAU"
"a0bWD0000011Tt5YAE","005al00000RVcKvAAL","false","a2C3h000000U8WT","","Html.Layouts.TwoColumnGrid","","","","a003h000002wN0HAAU"
"a0bWD0000011WK1YAM","005al00000RVcKvAAL","false","TwoColumnGrid","","Html.Layouts.TwoColumnGrid","","","","a003h000002wN0IAAU"
"a0bWD0000011WK2YAM","005al00000RVcKvAAL","false","a2C3h000000U8WV","","Html.Layouts.TableLayout","","","","a003h000002wN0JAAU"
"a0bWD0000011WK3YAM","005al00000RVcKvAAL","false","SingleColumnGrid","","Html.Layouts.SingleColumnGrid","","","","a003h000002wN0KAAU"
"a0bWD0000011WK4YAM","005al00000RVcKvAAL","false","a2C3h000000U8WX","","Html.Layouts.NoLayout","","","","a003h000002wN0LAAU"
"a0bWD0000011WK5YAM","005al00000RVcKvAAL","false","a2C3h000000U8WY","","Html.Layouts.TableLayout","","","","a003h000002wN0MAAU"
"a0bWD0000011WK6YAM","005al00000RVcKvAAL","false","a2C3h000000U8WZ","","Html.Layouts.NoLayout","","","","a003h000002wN0NAAU"
"a0bWD0000011WK7YAM","005al00000RVcKvAAL","false","a2C3h000000U8Wa","","Html.Layouts.TableLayout","","","","a003h000002wN0OAAU"
"a0bWD0000011WK8YAM","005al00000RVcKvAAL","false","a2C3h000000U8Wb","","Html.Layouts.TwoColumnGrid","","","","a003h000002wN0PAAU"
"a0bWD0000011WK9YAM","005al00000RVcKvAAL","false","a2C3h000000U8Wc","","Html.Layouts.TableLayout","","","","a003h000002wN0QAAU"
"a0bWD0000011WKAYA2","005al00000RVcKvAAL","false","a2C3h000000U8Wd","","Html.Layouts.TableLayout","","","","a003h000002wN0RAAU"
"a0bWD0000011WKBYA2","005al00000RVcKvAAL","false","a2C3h000000U8We","","Html.Layouts.TwoColumnGrid","","","","a003h000002wN0SAAU"
"a0bWD0000011WKCYA2","005al00000RVcKvAAL","false","a2C3h000000U8Wf","","Html.Layouts.TableLayout","","","","a003h000002wN0TAAU"
"a0bWD0000011WKDYA2","005al00000RVcKvAAL","false","a2C3h000000U8Wg","","Html.Layouts.NoLayout","","","","a003h000002wN0UAAU"
"a0bWD0000011WKEYA2","005al00000RVcKvAAL","false","a2C3h000000U8Wh","","Html.Layouts.TableLayout","","","","a003h000002wN0VAAU"
"a0bWD0000011WKFYA2","005al00000RVcKvAAL","false","a2C3h000000U8Wi","","Html.Layouts.NoLayout","","","","a003h000002wN0WAAU"
"a0bWD0000011WKGYA2","005al00000RVcKvAAL","false","a2C3h000000U8Wj","","Html.Layouts.TableLayout","","","","a003h000002wN0XAAU"
"a0bWD0000011WKHYA2","005al00000RVcKvAAL","false","a2C3h000000U8Wk","","Html.Layouts.TwoColumnGrid","","","","a003h000002wN0YAAU"
"a0bWD0000011WKIYA2","005al00000RVcKvAAL","false","a2C3h000000U8Wl","","Html.Layouts.TableLayout","","","","a003h000002wN0ZAAU"
"a0bWD0000011WKJYA2","005al00000RVcKvAAL","false","TableLayout","","Html.Layouts.TableLayout","","","","a003h000002wN0aAAE"
"a0bWD0000011WKKYA2","005al00000RVcKvAAL","false","a2C3h000000U8Wn","","Html.Layouts.TableLayout","","","","a003h000002wN0bAAE"
"a0bWD0000011WKLYA2","005al00000RVcKvAAL","false","a2C3h000000U8Wo","","Html.Layouts.TableLayout","","","","a003h000002wN0cAAE"
"a0bWD0000011WKMYA2","005al00000RVcKvAAL","false","a2C3h000000U8Wp","","Html.Layouts.TableLayout","","","","a003h000002wN0dAAE"
"a0bWD0000011WKNYA2","005al00000RVcKvAAL","false","a2C3h000000U8Wq","","Html.Layouts.TableLayout","","","","a003h000002wN0eAAE"
"a0bWD0000011WKOYA2","005al00000RVcKvAAL","false","a2C3h000000U8Wr","","Html.Layouts.TableLayout","","","","a003h000002wN0fAAE"
"a0bWD0000011WKPYA2","005al00000RVcKvAAL","false","a2C3h000000U8Ws","","Html.Layouts.TableLayout","","","","a003h000002wN0gAAE"
"a0bWD0000011WKQYA2","005al00000RVcKvAAL","false","a2C3h000000U8Wt","","Html.Layouts.TableLayout","","","","a003h000002wN0hAAE"
"a0bWD0000011WKRYA2","005al00000RVcKvAAL","false","a2C3h000000U8Wu","","Html.Layouts.TableLayout","","","","a003h000002wN0iAAE"
"a0bWD0000011WKSYA2","005al00000RVcKvAAL","false","a2C3h000000U8Wv","","Html.Layouts.TableLayout","","","","a003h000002wN0jAAE"
"a0bWD0000011WKTYA2","005al00000RVcKvAAL","false","a2C3h000000U8Ww","","Html.Layouts.TableLayout","","","","a003h000002wN0kAAE"
"a0bWD0000011Tt6YAE","005al00000RVcKvAAL","false","a2C3h000000U8Wx","","Html.Layouts.NoLayout","","","","a003h000002wN0lAAE"
"a0bWD0000011Tt7YAE","005al00000RVcKvAAL","false","a2C3h000000U8Wy","","Html.Layouts.NoLayout","","","","a003h000002wN0mAAE"
"a0bWD0000011Tt8YAE","005al00000RVcKvAAL","false","a2C3h000000U8Wz","","Html.Layouts.TableLayout","","","","a003h000002wN0nAAE"
"a0bWD0000011Tt9YAE","005al00000RVcKvAAL","false","a2C3h000000U8X0","","Html.Layouts.NoLayout","","","","a003h000002wN0oAAE"
"a0bWD0000011TtAYAU","005al00000RVcKvAAL","false","a2C3h000000U8X1","","Html.Layouts.NoLayout","","","","a003h000002wN0pAAE"
"a0bWD0000011TtBYAU","005al00000RVcKvAAL","false","a2C3h000000U8X2","","Html.Layouts.NoLayout","","","","a003h000002wN0qAAE"
"a0bWD0000011TtCYAU","005al00000RVcKvAAL","false","a2C3h000000U8X3","","Html.Layouts.TableLayout","","","","a003h000002wN0rAAE"
"a0bWD0000011TtDYAU","005al00000RVcKvAAL","false","a2C3h000000U8X4","","Html.Layouts.NoLayout","","","","a003h000002wN0sAAE"
"a0bWD0000011TtEYAU","005al00000RVcKvAAL","false","a2C3h000000U8X5","","Html.Layouts.TableLayout","","","","a003h000002wN0tAAE"
"a0bWD0000011TtFYAU","005al00000RVcKvAAL","false","a2C3h000000U8X6","","Html.Layouts.TableLayout","","","","a003h000002wN0uAAE"
"a0bWD0000011TtGYAU","005al00000RVcKvAAL","false","a2C3h000000U8X7","","Html.Layouts.TableLayout","","","","a003h000002wN0vAAE"
"a0bWD0000011WKUYA2","005al00000RVcKvAAL","false","a2C3h000000U8X8","","Html.Layouts.NoLayout","","","","a003h000002wN0wAAE"
"a0bWD0000011WKVYA2","005al00000RVcKvAAL","false","a2C3h000000U8X9","","Html.Layouts.TableLayout","","","","a003h000002wN0xAAE"
"a0bWD0000011WKWYA2","005al00000RVcKvAAL","false","a2C3h000000U8XA","","Html.Layouts.NoLayout","","","","a003h000002wN0yAAE"
"a0bWD0000011WKXYA2","005al00000RVcKvAAL","false","a2C3h000000U8XB","","Html.Layouts.TableLayout","","","","a003h000002wN0zAAE"
"a0bWD0000011WKYYA2","005al00000RVcKvAAL","false","a2C3h000000U8XC","","Html.Layouts.TwoColumnGrid","","","","a003h000002wN10AAE"
"a0bWD0000011WKZYA2","005al00000RVcKvAAL","false","a2C3h000000U8XD","","Html.Layouts.TableLayout","","","","a003h000002wN11AAE"
"a0bWD0000011WKaYAM","005al00000RVcKvAAL","false","a2C3h000000U8XE","","Html.Layouts.TableLayout","","","","a003h000002wN12AAE"
"a0bWD0000011WKbYAM","005al00000RVcKvAAL","false","a2C3h000000U8XF","","Html.Layouts.TableLayout","","","","a003h000002wN13AAE"
"a0bWD0000011WKcYAM","005al00000RVcKvAAL","false","a2C3h000000U8XG","","Html.Layouts.TableLayout","","","","a003h000002wN14AAE"
"a0bWD0000011WKdYAM","005al00000RVcKvAAL","false","a2C3h000000U8XH","","Html.Layouts.TableLayout","","","","a003h000002wN15AAE"
"a0bWD0000011TtHYAU","005al00000RVcKvAAL","false","a2C4R000008XlDd","","Html.Layouts.NoLayout","","","","a004R00000dQUgcQAG"
"a0bWD0000011TtIYAU","005al00000RVcKvAAL","false","a2C4R000008XlDe","","Html.Layouts.NoLayout","","","","a004R00000dQUgdQAG"
"a0bWD0000011TtJYAU","005al00000RVcKvAAL","false","a2C4R000008XlDf","","Html.Layouts.NoLayout","","","","a004R00000dQUgeQAG"
"a0bWD0000011TtKYAU","005al00000RVcKvAAL","false","NoLayout","","Html.Layouts.NoLayout","","","","a004R00000dQUgfQAG"
"a0bWD0000011TtLYAU","005al00000RVcKvAAL","false","a2C4R000008XlDh","","Html.Layouts.NoLayout","","","","a004R00000dQUggQAG"
"a0bWD0000011TtMYAU","005al00000RVcKvAAL","false","a2C4R000008XlDi","","Html.Layouts.TwoColumnGrid","","","","a004R00000dQUghQAG"
"a0bWD0000011TtNYAU","005al00000RVcKvAAL","false","a2C4R000008XlDj","","Html.Layouts.NoLayout","","","","a004R00000dQUgiQAG"
"a0bWD0000011TtOYAU","005al00000RVcKvAAL","false","a2C4R000008XlDk","","Html.Layouts.NoLayout","","","","a004R00000dQUgjQAG"
"a0bWD0000011TtPYAU","005al00000RVcKvAAL","false","a2C4R000008XlDl","","Html.Layouts.NoLayout","","","","a004R00000dQUgkQAG"
"a0bWD0000011TtQYAU","005al00000RVcKvAAL","false","a2C4R000008XlDm","","Html.Layouts.NoLayout","","","","a004R00000dQUglQAG"
"a0bWD0000011TtRYAU","005al00000RVcKvAAL","false","a2C4R000008XlDn","","Html.Layouts.NoLayout","","","","a004R00000dQUgmQAG"
"a0bWD0000011TtSYAU","005al00000RVcKvAAL","false","a2C4R000008XlDo","","Html.Layouts.NoLayout","","","","a004R00000dQUgnQAG"
"a0bWD0000011TtTYAU","005al00000RVcKvAAL","false","TwoColumnGrid","","Html.Layouts.TwoColumnGrid","","","","a004R00000dQUgoQAG"
"a0bWD0000011TtUYAU","005al00000RVcKvAAL","false","a2C4R000008XlDq","","Html.Layouts.TwoColumnGrid","","","","a004R00000dQUgpQAG"
"a0bWD0000011TtVYAU","005al00000RVcKvAAL","false","a2C4R000008XlDr","","Html.Layouts.NoLayout","","","","a004R00000dQUgqQAG"
"a0bWD0000011TtWYAU","005al00000RVcKvAAL","false","a2C4R000008XlDs","","Html.Layouts.TwoColumnGrid","","","","a004R00000dQUgrQAG"
"a0bWD0000011TtXYAU","005al00000RVcKvAAL","false","a2C4R000008XlDt","","Html.Layouts.NoLayout","","","","a004R00000dQUgsQAG"
"a0bWD0000011TtYYAU","005al00000RVcKvAAL","false","a2C4R000008XlDu","","Html.Layouts.NoLayout","","","","a004R00000dQUgtQAG"
"a0bWD0000011TtZYAU","005al00000RVcKvAAL","false","a2C4R000008XlDv","","Html.Layouts.NoLayout","","","","a004R00000dQUguQAG"
"a0bWD0000011TtaYAE","005al00000RVcKvAAL","false","a2C4R000008XlDw","","Html.Layouts.NoLayout","","","","a004R00000dQUgvQAG"
"a0bWD0000011TtbYAE","005al00000RVcKvAAL","false","a2C4R000008XlDx","","Html.Layouts.NoLayout","","","","a004R00000dQUgwQAG"
"a0bWD0000011TtcYAE","005al00000RVcKvAAL","false","a2C4R000008XlDy","","Html.Layouts.TableLayout","","","","a004R00000dQUgxQAG"
"a0bWD0000011TtdYAE","005al00000RVcKvAAL","false","a2C4R000008XlDz","","Html.Layouts.NoLayout","","","","a004R00000dQUgyQAG"
"a0bWD0000011TteYAE","005al00000RVcKvAAL","false","a2C4R000008XlE0","","Html.Layouts.TwoColumnGrid","","","","a004R00000dQUgzQAG"
"a0bWD0000011TtfYAE","005al00000RVcKvAAL","false","a2C4R000008XlE1","","Html.Layouts.NoLayout","","","","a004R00000dQUh0QAG"
"a0bWD0000011TtgYAE","005al00000RVcKvAAL","false","a2C4R000008XlE2","","Html.Layouts.NoLayout","","","","a004R00000dQUh1QAG"
"a0bWD0000011TthYAE","005al00000RVcKvAAL","false","a2C4R000008XlE3","","Html.Layouts.NoLayout","","","","a004R00000dQUh2QAG"
"a0bWD0000011TtiYAE","005al00000RVcKvAAL","false","a2C4R000008XlE4","","Html.Layouts.TwoColumnGrid","","","","a004R00000dQUh3QAG"
"a0bWD0000011TtjYAE","005al00000RVcKvAAL","false","a2C4R000008XlE5","","Html.Layouts.NoLayout","","","","a004R00000dQUh4QAG"
"a0bWD0000011TtkYAE","005al00000RVcKvAAL","false","a2C4R000008XlE6","","Html.Layouts.NoLayout","","","","a004R00000dQUh5QAG"
"a0bWD0000011TtlYAE","005al00000RVcKvAAL","false","a2C4R000008XlE7","","Html.Layouts.NoLayout","","","","a004R00000dQUh6QAG"
"a0bWD0000011TtmYAE","005al00000RVcKvAAL","false","a2C4R000008XlE8","","Html.Layouts.TwoColumnGrid","","","","a004R00000dQUh7QAG"
"a0bWD0000011TtnYAE","005al00000RVcKvAAL","false","a2C4R000008XlE9","","Html.Layouts.NoLayout","","","","a004R00000dQUh8QAG"
"a0bWD0000011TtoYAE","005al00000RVcKvAAL","false","a2C4R000008XlEA","","Html.Layouts.NoLayout","","","","a004R00000dQUh9QAG"
"a0bWD0000011TtpYAE","005al00000RVcKvAAL","false","a2C4R000008XlEB","","Html.Layouts.TwoColumnGrid","","","","a004R00000dQUhAQAW"
"a0bWD0000011TtqYAE","005al00000RVcKvAAL","false","a2C4R000008XlEC","","Html.Layouts.NoLayout","","","","a004R00000dQUhBQAW"
"a0bWD0000011TtrYAE","005al00000RVcKvAAL","false","a2C4R000008XlED","","Html.Layouts.NoLayout","","","","a004R00000dQUhCQAW"
"a0bWD0000011TtsYAE","005al00000RVcKvAAL","false","a2C4R000008XlEE","","Html.Layouts.NoLayout","","","","a004R00000dQUhDQAW"
"a0bWD0000011TttYAE","005al00000RVcKvAAL","false","a2C4R000008XlEF","","Html.Layouts.NoLayout","","","","a004R00000dQUhEQAW"
"a0bWD0000011TtuYAE","005al00000RVcKvAAL","false","a2C4R000008XlEG","","Html.Layouts.NoLayout","","","","a004R00000dQUhFQAW"
"a0bWD0000011TtvYAE","005al00000RVcKvAAL","false","a2C4R000008XlEH","","Html.Layouts.TableLayout","","","","a004R00000dQUhGQAW"
"a0bWD0000011TtwYAE","005al00000RVcKvAAL","false","a2C4R000008XlEI","","Html.Layouts.NoLayout","","","","a004R00000dQUhHQAW"
"a0bWD0000011TtxYAE","005al00000RVcKvAAL","false","a2C4R000008XlEJ","","Html.Layouts.TwoColumnGrid","","","","a004R00000dQUhIQAW"
"a0bWD0000011TtyYAE","005al00000RVcKvAAL","false","a2C4R000008XlEK","","Html.Layouts.NoLayout","","","","a004R00000dQUhJQAW"
"a0bWD0000011TtzYAE","005al00000RVcKvAAL","false","a2C4R000008XlEL","","Html.Layouts.NoLayout","","","","a004R00000dQUhKQAW"
"a0bWD0000011Tu0YAE","005al00000RVcKvAAL","false","a2C4R000008XlEM","","Html.Layouts.TwoColumnGrid","","","","a004R00000dQUhLQAW"
"a0bWD0000011Tu1YAE","005al00000RVcKvAAL","false","a2C4R000008XlEN","","Html.Layouts.NoLayout","","","","a004R00000dQUhMQAW"
"a0bWD0000011Tu2YAE","005al00000RVcKvAAL","false","a2C4R000008XlEO","","Html.Layouts.NoLayout","","","","a004R00000dQUhNQAW"
"a0bWD0000011Tu3YAE","005al00000RVcKvAAL","false","a2C4R000008XlEP","","Html.Layouts.NoLayout","","","","a004R00000dQUhOQAW"
"a0bWD0000011Tu4YAE","005al00000RVcKvAAL","false","a2C4R000008XlEQ","","Html.Layouts.NoLayout","","","","a004R00000dQUhPQAW"
"a0bWD0000011Tu5YAE","005al00000RVcKvAAL","false","a2C4R000008XlER","","Html.Layouts.NoLayout","","","","a004R00000dQUhQQAW"
"a0bWD0000011Tu6YAE","005al00000RVcKvAAL","false","a2C4R000008XlES","","Html.Layouts.TableLayout","","","","a004R00000dQUhRQAW"
"a0bWD0000011Tu7YAE","005al00000RVcKvAAL","false","a2C4R000008XlET","","Html.Layouts.NoLayout","","","","a004R00000dQUhSQAW"
"a0bWD0000011Tu8YAE","005al00000RVcKvAAL","false","a2C4R000008XlEU","","Html.Layouts.TwoColumnGrid","","","","a004R00000dQUhTQAW"
"a0bWD0000011Tu9YAE","005al00000RVcKvAAL","false","a2C4R000008XlEV","","Html.Layouts.NoLayout","","","","a004R00000dQUhUQAW"
"a0bWD0000011TuAYAU","005al00000RVcKvAAL","false","a2C4R000008XlEW","","Html.Layouts.NoLayout","","","","a004R00000dQUhVQAW"
"a0bWD0000011TuBYAU","005al00000RVcKvAAL","false","a2C4R000008XlEX","","Html.Layouts.NoLayout","","","","a004R00000dQUhWQAW"
"a0bWD0000011TuCYAU","005al00000RVcKvAAL","false","a2C4R000008XlEY","","Html.Layouts.TwoColumnGrid","","","","a004R00000dQUhXQAW"
"a0bWD0000011TuDYAU","005al00000RVcKvAAL","false","a2C4R000008XlEZ","","Html.Layouts.NoLayout","","","","a004R00000dQUhYQAW"
"a0bWD0000011TuEYAU","005al00000RVcKvAAL","false","a2C4R000008XlEa","","Html.Layouts.NoLayout","","","","a004R00000dQUhZQAW"
"a0bWD0000011TuFYAU","005al00000RVcKvAAL","false","a2C4R000008XlEb","","Html.Layouts.NoLayout","","","","a004R00000dQUhaQAG"
"a0bWD0000011TuGYAU","005al00000RVcKvAAL","false","a2C4R000008XlEc","","Html.Layouts.NoLayout","","","","a004R00000dQUhbQAG"
"a0bWD0000011TuHYAU","005al00000RVcKvAAL","false","a2C4R000008XlEd","","Html.Layouts.NoLayout","","","","a004R00000dQUhcQAG"
"a0bWD0000011TuIYAU","005al00000RVcKvAAL","false","a2C4R000008XlEe","","Html.Layouts.NoLayout","","","","a004R00000dQUhdQAG"
"a0bWD0000011TuJYAU","005al00000RVcKvAAL","false","a2C4R000008XlEf","","Html.Layouts.TableLayout","","","","a004R00000dQUheQAG"
"a0bWD0000011TuKYAU","005al00000RVcKvAAL","false","a2C4R000008XlEg","","Html.Layouts.NoLayout","","","","a004R00000dQUhfQAG"
"a0bWD0000011TuLYAU","005al00000RVcKvAAL","false","a2C4R000008XlEh","","Html.Layouts.TwoColumnGrid","","","","a004R00000dQUhgQAG"
"a0bWD0000011TuMYAU","005al00000RVcKvAAL","false","NoLayout","","Html.Layouts.NoLayout","","","","a004R00000dQUhhQAG"
"a0bWD0000011TuNYAU","005al00000RVcKvAAL","false","a2C4R000008XlEj","","Html.Layouts.TableLayout","","","","a004R00000dQUhiQAG"
"a0bWD0000011TuOYAU","005al00000RVcKvAAL","false","a2C4R000008XlEk","","Html.Layouts.NoLayout","","","","a004R00000dQUhjQAG"
"a0bWD0000011TuPYAU","005al00000RVcKvAAL","false","a2C4R000008XlEl","","Html.Layouts.NoLayout","","","","a004R00000dQUhkQAG"
"a0bWD0000011TuQYAU","005al00000RVcKvAAL","false","a2C4R000008XlEm","","Html.Layouts.TableLayout","","","","a004R00000dQUhlQAG"
"a0bWD0000011TuRYAU","005al00000RVcKvAAL","false","a2C4R000008XlEn","","Html.Layouts.NoLayout","","","","a004R00000dQUhmQAG"
"a0bWD0000011TuSYAU","005al00000RVcKvAAL","false","a2C4R000008XlEo","","Html.Layouts.NoLayout","","","","a004R00000dQUhnQAG"
"a0bWD0000011TuTYAU","005al00000RVcKvAAL","false","a2C4R000008XlEp","","Html.Layouts.NoLayout","","","","a004R00000dQUhoQAG"
"a0bWD0000011TuUYAU","005al00000RVcKvAAL","false","a2C4R000008XlEq","","Html.Layouts.TableLayout","","","","a004R00000dQUhpQAG"
"a0bWD0000011TuVYAU","005al00000RVcKvAAL","false","a2C4R000008XlEr","","Html.Layouts.NoLayout","","","","a004R00000dQUhqQAG"
"a0bWD0000011TuWYAU","005al00000RVcKvAAL","false","a2C4R000008XlEs","","Html.Layouts.TableLayout","","","","a004R00000dQUhrQAG"
"a0bWD0000011TuXYAU","005al00000RVcKvAAL","false","a2C4R000008XlEt","","Html.Layouts.TableLayout","","","","a004R00000dQUhsQAG"
"a0bWD0000011TuYYAU","005al00000RVcKvAAL","false","a2C4R000008XlEu","","Html.Layouts.TableLayout","","","","a004R00000dQUhtQAG"
"a0bWD0000011TuZYAU","005al00000RVcKvAAL","false","a2C4R000008XlEv","","Html.Layouts.TableLayout","","","","a004R00000dQUhuQAG"
"a0bWD0000011TuaYAE","005al00000RVcKvAAL","false","a2C4R000008XlEw","","Html.Layouts.NoLayout","","","","a004R00000dQUhvQAG"
"a0bWD0000011TubYAE","005al00000RVcKvAAL","false","a2C4R000008XlEx","","Html.Layouts.NoLayout","","","","a004R00000dQUhwQAG"
"a0bWD0000011TucYAE","005al00000RVcKvAAL","false","a2C4R000008XlEy","","Html.Layouts.TableLayout","","","","a004R00000dQUhxQAG"
"a0bWD0000011TudYAE","005al00000RVcKvAAL","false","a2C4R000008XlEz","","Html.Layouts.NoLayout","","","","a004R00000dQUhyQAG"
"a0bWD0000011TueYAE","005al00000RVcKvAAL","false","a2C4R000008XlF0","","Html.Layouts.NoLayout","","","","a004R00000dQUhzQAG"
"a0bWD0000011TufYAE","005al00000RVcKvAAL","false","a2C4R000008XlF1","","Html.Layouts.TableLayout","","","","a004R00000dQUi0QAG"
"a0bWD0000011TugYAE","005al00000RVcKvAAL","false","a2C4R000008XlF2","","Html.Layouts.TableLayout","","","","a004R00000dQUi1QAG"
"a0bWD0000011TuhYAE","005al00000RVcKvAAL","false","a2C4R000008XlF3","","Html.Layouts.TableLayout","","","","a004R00000dQUi2QAG"
"a0bWD0000011TuiYAE","005al00000RVcKvAAL","false","a2C4R000008XlF4","","Html.Layouts.TableLayout","","","","a004R00000dQUi3QAG"
"a0bWD0000011TujYAE","005al00000RVcKvAAL","false","a2C4R000008XlF5","","Html.Layouts.TwoColumnGrid","","","","a004R00000dQUi4QAG"
"a0bWD0000011TukYAE","005al00000RVcKvAAL","false","a2C4R000008XlF6","","Html.Layouts.NoLayout","","","","a004R00000dQUi5QAG"
"a0bWD0000011TulYAE","005al00000RVcKvAAL","false","a2C4R000008XlF7","","Html.Layouts.NoLayout","","","","a004R00000dQUi6QAG"
"a0bWD0000011TumYAE","005al00000RVcKvAAL","false","a2C4R000008XlF8","","Html.Layouts.TableLayout","","","","a004R00000dQUi7QAG"
"a0bWD0000011TunYAE","005al00000RVcKvAAL","false","a2C4R000008XlF9","","Html.Layouts.NoLayout","","","","a004R00000dQUi8QAG"
"a0bWD0000011TuoYAE","005al00000RVcKvAAL","false","a2C4R000008XlFA","","Html.Layouts.NoLayout","","","","a004R00000dQUi9QAG"
"a0bWD0000011TupYAE","005al00000RVcKvAAL","false","a2C4R000008XlFB","","Html.Layouts.NoLayout","","","","a004R00000dQUiAQAW"
"a0bWD0000011TuqYAE","005al00000RVcKvAAL","false","a2C4R000008XlFC","","Html.Layouts.TableLayout","","","","a004R00000dQUiBQAW"
"a0bWD0000011TurYAE","005al00000RVcKvAAL","false","a2C4R000008XlFD","","Html.Layouts.NoLayout","","","","a004R00000dQUiCQAW"
"a0bWD0000011TusYAE","005al00000RVcKvAAL","false","a2C4R000008XlFE","","Html.Layouts.TableLayout","","","","a004R00000dQUiDQAW"
"a0bWD0000011TutYAE","005al00000RVcKvAAL","false","a2C4R000008XlFF","","Html.Layouts.TableLayout","","","","a004R00000dQUiEQAW"
"a0bWD0000011TuuYAE","005al00000RVcKvAAL","false","a2C4R000008XlFG","","Html.Layouts.TableLayout","","","","a004R00000dQUiFQAW"
"a0bWD0000011TuvYAE","005al00000RVcKvAAL","false","a2C4R000008XlFH","","Html.Layouts.TwoColumnGrid","","","","a004R00000dQUiGQAW"
"a0bWD0000011WKeYAM","005al00000RVcKvAAL","false","TwoColumnGrid","","Html.Layouts.TwoColumnGrid","","","","a004R00000dQUiHQAW"
"a0bWD0000011WKfYAM","005al00000RVcKvAAL","false","a2C4R000008XlFJ","","Html.Layouts.TableLayout","","","","a004R00000dQUiIQAW"
"a0bWD0000011WKgYAM","005al00000RVcKvAAL","false","SingleColumnGrid","","Html.Layouts.SingleColumnGrid","","","","a004R00000dQUiJQAW"
"a0bWD0000011WKhYAM","005al00000RVcKvAAL","false","a2C4R000008XlFL","","Html.Layouts.NoLayout","","","","a004R00000dQUiKQAW"
"a0bWD0000011WKiYAM","005al00000RVcKvAAL","false","a2C4R000008XlFM","","Html.Layouts.TableLayout","","","","a004R00000dQUiLQAW"
"a0bWD0000011WKjYAM","005al00000RVcKvAAL","false","a2C4R000008XlFN","","Html.Layouts.NoLayout","","","","a004R00000dQUiMQAW"
"a0bWD0000011WKkYAM","005al00000RVcKvAAL","false","a2C4R000008XlFO","","Html.Layouts.TableLayout","","","","a004R00000dQUiNQAW"
"a0bWD0000011WKlYAM","005al00000RVcKvAAL","false","a2C4R000008XlFP","","Html.Layouts.TwoColumnGrid","","","","a004R00000dQUiOQAW"
"a0bWD0000011WKmYAM","005al00000RVcKvAAL","false","a2C4R000008XlFQ","","Html.Layouts.TableLayout","","","","a004R00000dQUiPQAW"
"a0bWD0000011WKnYAM","005al00000RVcKvAAL","false","a2C4R000008XlFR","","Html.Layouts.TableLayout","","","","a004R00000dQUiQQAW"
"a0bWD0000011WKoYAM","005al00000RVcKvAAL","false","a2C4R000008XlFS","","Html.Layouts.TwoColumnGrid","","","","a004R00000dQUiRQAW"
"a0bWD0000011WKpYAM","005al00000RVcKvAAL","false","a2C4R000008XlFT","","Html.Layouts.TableLayout","","","","a004R00000dQUiSQAW"
"a0bWD0000011WKqYAM","005al00000RVcKvAAL","false","a2C4R000008XlFU","","Html.Layouts.NoLayout","","","","a004R00000dQUiTQAW"
"a0bWD0000011WKrYAM","005al00000RVcKvAAL","false","a2C4R000008XlFV","","Html.Layouts.TableLayout","","","","a004R00000dQUiUQAW"
"a0bWD0000011WKsYAM","005al00000RVcKvAAL","false","a2C4R000008XlFW","","Html.Layouts.NoLayout","","","","a004R00000dQUiVQAW"
"a0bWD0000011WKtYAM","005al00000RVcKvAAL","false","a2C4R000008XlFX","","Html.Layouts.TableLayout","","","","a004R00000dQUiWQAW"
"a0bWD0000011WKuYAM","005al00000RVcKvAAL","false","a2C4R000008XlFY","","Html.Layouts.TwoColumnGrid","","","","a004R00000dQUiXQAW"
"a0bWD0000011WKvYAM","005al00000RVcKvAAL","false","a2C4R000008XlFZ","","Html.Layouts.TableLayout","","","","a004R00000dQUiYQAW"
"a0bWD0000011WKwYAM","005al00000RVcKvAAL","false","TableLayout","","Html.Layouts.TableLayout","","","","a004R00000dQUiZQAW"
"a0bWD0000011WKxYAM","005al00000RVcKvAAL","false","a2C4R000008XlFb","","Html.Layouts.TableLayout","","","","a004R00000dQUiaQAG"
"a0bWD0000011WKyYAM","005al00000RVcKvAAL","false","a2C4R000008XlFc","","Html.Layouts.TableLayout","","","","a004R00000dQUibQAG"
"a0bWD0000011WKzYAM","005al00000RVcKvAAL","false","a2C4R000008XlFd","","Html.Layouts.TableLayout","","","","a004R00000dQUicQAG"
"a0bWD0000011WL0YAM","005al00000RVcKvAAL","false","a2C4R000008XlFe","","Html.Layouts.TableLayout","","","","a004R00000dQUidQAG"
"a0bWD0000011WL1YAM","005al00000RVcKvAAL","false","a2C4R000008XlFf","","Html.Layouts.TableLayout","","","","a004R00000dQUieQAG"
"a0bWD0000011WL2YAM","005al00000RVcKvAAL","false","a2C4R000008XlFg","","Html.Layouts.TableLayout","","","","a004R00000dQUifQAG"
"a0bWD0000011WL3YAM","005al00000RVcKvAAL","false","a2C4R000008XlFh","","Html.Layouts.TableLayout","","","","a004R00000dQUigQAG"
"a0bWD0000011WL4YAM","005al00000RVcKvAAL","false","a2C4R000008XlFi","","Html.Layouts.TableLayout","","","","a004R00000dQUihQAG"
"a0bWD0000011WL5YAM","005al00000RVcKvAAL","false","a2C4R000008XlFj","","Html.Layouts.TableLayout","","","","a004R00000dQUiiQAG"
"a0bWD0000011WL6YAM","005al00000RVcKvAAL","false","a2C4R000008XlFk","","Html.Layouts.TableLayout","","","","a004R00000dQUijQAG"
"a0bWD0000011TuwYAE","005al00000RVcKvAAL","false","a2C4R000008XlFl","","Html.Layouts.NoLayout","","","","a004R00000dQUikQAG"
"a0bWD0000011TuxYAE","005al00000RVcKvAAL","false","a2C4R000008XlFm","","Html.Layouts.NoLayout","","","","a004R00000dQUilQAG"
"a0bWD0000011TuyYAE","005al00000RVcKvAAL","false","a2C4R000008XlFn","","Html.Layouts.TableLayout","","","","a004R00000dQUimQAG"
"a0bWD0000011TuzYAE","005al00000RVcKvAAL","false","a2C4R000008XlFo","","Html.Layouts.NoLayout","","","","a004R00000dQUinQAG"
"a0bWD0000011Tv0YAE","005al00000RVcKvAAL","false","a2C4R000008XlFp","","Html.Layouts.NoLayout","","","","a004R00000dQUioQAG"
"a0bWD0000011Tv1YAE","005al00000RVcKvAAL","false","a2C4R000008XlFq","","Html.Layouts.NoLayout","","","","a004R00000dQUipQAG"
"a0bWD0000011Tv2YAE","005al00000RVcKvAAL","false","a2C4R000008XlFr","","Html.Layouts.TableLayout","","","","a004R00000dQUiqQAG"
"a0bWD0000011Tv3YAE","005al00000RVcKvAAL","false","a2C4R000008XlFs","","Html.Layouts.NoLayout","","","","a004R00000dQUirQAG"
"a0bWD0000011Tv4YAE","005al00000RVcKvAAL","false","a2C4R000008XlFt","","Html.Layouts.TableLayout","","","","a004R00000dQUisQAG"
"a0bWD0000011Tv5YAE","005al00000RVcKvAAL","false","a2C4R000008XlFu","","Html.Layouts.TableLayout","","","","a004R00000dQUitQAG"
"a0bWD0000011Tv6YAE","005al00000RVcKvAAL","false","a2C4R000008XlFv","","Html.Layouts.TableLayout","","","","a004R00000dQUiuQAG"
"a0bWD0000011WL7YAM","005al00000RVcKvAAL","false","a2C4R000008XlFw","","Html.Layouts.NoLayout","","","","a004R00000dQUivQAG"
"a0bWD0000011WL8YAM","005al00000RVcKvAAL","false","a2C4R000008XlFx","","Html.Layouts.TableLayout","","","","a004R00000dQUiwQAG"
"a0bWD0000011WL9YAM","005al00000RVcKvAAL","false","a2C4R000008XlFy","","Html.Layouts.NoLayout","","","","a004R00000dQUixQAG"
"a0bWD0000011WLAYA2","005al00000RVcKvAAL","false","a2C4R000008XlFz","","Html.Layouts.TableLayout","","","","a004R00000dQUiyQAG"
"a0bWD0000011WLBYA2","005al00000RVcKvAAL","false","a2C4R000008XlG0","","Html.Layouts.TwoColumnGrid","","","","a004R00000dQUizQAG"
"a0bWD0000011WLCYA2","005al00000RVcKvAAL","false","a2C4R000008XlG1","","Html.Layouts.TableLayout","","","","a004R00000dQUj0QAG"
"a0bWD0000011WLDYA2","005al00000RVcKvAAL","false","a2C4R000008XlG2","","Html.Layouts.TableLayout","","","","a004R00000dQUj1QAG"
"a0bWD0000011WLEYA2","005al00000RVcKvAAL","false","a2C4R000008XlG3","","Html.Layouts.TableLayout","","","","a004R00000dQUj2QAG"
"a0bWD0000011WLFYA2","005al00000RVcKvAAL","false","a2C4R000008XlG4","","Html.Layouts.TableLayout","","","","a004R00000dQUj3QAG"
"a0bWD0000011WLGYA2","005al00000RVcKvAAL","false","a2C4R000008XlG5","","Html.Layouts.TableLayout","","","","a004R00000dQUj4QAG"
"a0bWD0000011Tv7YAE","005al00000RVcKvAAL","false","a2C4S0000008SoW","","Html.Layouts.NoLayout","","","","a004S000000qb6NQAQ"
"a0bWD0000011Tv8YAE","005al00000RVcKvAAL","false","a2C4S0000008Soc","","Html.Layouts.NoLayout","","","","a004S000000qb6OQAQ"
"a0bWD0000011Tv9YAE","005al00000RVcKvAAL","false","a2C4S0000008Sow","","Html.Layouts.NoLayout","","","","a004S000000qb6SQAQ"
"a0bWD0000011WLHYA2","005al00000RVcKvAAL","false","TwoColumnGrid","","Html.Layouts.TwoColumnGrid","","","","a004S000000qb6TQAQ"
"a0bWD0000011WLIYA2","005al00000RVcKvAAL","false","a2C4S0000008SpP","","Html.Layouts.TableLayout","","","","a004S000000qb6UQAQ"
"a0bWD0000011TvAYAU","005al00000RVcKvAAL","false","a2C4S0000008SoX","","Html.Layouts.NoLayout","","","","a004S000000qb78QAA"
"a0bWD0000011TvBYAU","005al00000RVcKvAAL","false","a2C4S0000008Sod","","Html.Layouts.TwoColumnGrid","","","","a004S000000qb79QAA"
"a0bWD0000011WLJYA2","005al00000RVcKvAAL","false","a2C4S0000008SpF","","Html.Layouts.TableLayout","","","","a004S000000qb7AQAQ"
"a0bWD0000011TvCYAU","005al00000RVcKvAAL","false","a2C4S0000008SoY","","Html.Layouts.NoLayout","","","","a004S000000qb7fQAA"
"a0bWD0000011TvDYAU","005al00000RVcKvAAL","false","NoLayout","","Html.Layouts.NoLayout","","","","a004S000000qb8LQAQ"
"a0bWD0000011TvEYAU","005al00000RVcKvAAL","false","NoLayout","","Html.Layouts.NoLayout","","","","a004S000000qb8MQAQ"
"a0bWD0000011WLKYA2","005al00000RVcKvAAL","false","SingleColumnGrid","","Html.Layouts.SingleColumnGrid","","","","a004S000000qb8NQAQ"
"a0bWD0000011WLLYA2","005al00000RVcKvAAL","false","TableLayout","","Html.Layouts.TableLayout","","","","a004S000000qb8OQAQ"
"a0bWD0000011TvFYAU","005al00000RVcKvAAL","false","a2C4S0000008Snb","","Html.Layouts.NoLayout","","","","a004S000000qb8SQAQ"
"a0bWD0000011TvGYAU","005al00000RVcKvAAL","false","a2C4S0000008Sna","","Html.Layouts.NoLayout","","","","a004S000000qb8VQAQ"
"a0bWD0000011TvHYAU","005al00000RVcKvAAL","false","a2C4S0000008SnZ","","Html.Layouts.NoLayout","","","","a004S000000qb8hQAA"
"a0bWD0000011TvIYAU","005al00000RVcKvAAL","false","a2C4S0000008Sor","","Html.Layouts.TableLayout","","","","a004S000000qb8iQAA"
"a0bWD0000011TvJYAU","005al00000RVcKvAAL","false","a2C4S0000008Sos","","Html.Layouts.NoLayout","","","","a004S000000qb8jQAA"
"a0bWD0000011WLMYA2","005al00000RVcKvAAL","false","a2C4S0000008SpN","","Html.Layouts.TableLayout","","","","a004S000000qb8kQAA"
"a0bWD0000011TvKYAU","005al00000RVcKvAAL","false","a2C4S0000008Soa","","Html.Layouts.NoLayout","","","","a004S000000qb8lQAA"
"a0bWD0000011TvLYAU","005al00000RVcKvAAL","false","a2C4S0000008Sot","","Html.Layouts.NoLayout","","","","a004S000000qb8mQAA"
"a0bWD0000011WLNYA2","005al00000RVcKvAAL","false","a2C4S0000008SpO","","Html.Layouts.TwoColumnGrid","","","","a004S000000qb8nQAA"
"a0bWD0000011WLOYA2","005al00000RVcKvAAL","false","a2C4S0000008Spb","","Html.Layouts.TableLayout","","","","a004S000000qb8oQAA"
"a0bWD0000011WLPYA2","005al00000RVcKvAAL","false","a2C4S0000008Spc","","Html.Layouts.TableLayout","","","","a004S000000qb8pQAA"
"a0bWD0000011TvMYAU","005al00000RVcKvAAL","false","a2C4S0000008SoZ","","Html.Layouts.NoLayout","","","","a004S000000qb8vQAA"
"a0bWD0000011TvNYAU","005al00000RVcKvAAL","false","a2C4S0000008Sob","","Html.Layouts.TableLayout","","","","a004S000000qb8wQAA"
"a0bWD0000011TvOYAU","005al00000RVcKvAAL","false","TwoColumnGrid","","Html.Layouts.TwoColumnGrid","","","","a004S000000qbAoQAI"
"a0bWD0000011TvPYAU","005al00000RVcKvAAL","false","a2C4S0000008Snk","","Html.Layouts.NoLayout","","","","a004S000000qbB8QAI"
"a0bWD0000011TvQYAU","005al00000RVcKvAAL","false","a2C4S0000008Sou","","Html.Layouts.TableLayout","","","","a004S000000qbB9QAI"
"a0bWD0000011TvRYAU","005al00000RVcKvAAL","false","a2C4S0000008Snj","","Html.Layouts.NoLayout","","","","a004S000000qbBAQAY"
"a0bWD0000011TvSYAU","005al00000RVcKvAAL","false","a2C4S0000008Sov","","Html.Layouts.NoLayout","","","","a004S000000qbBBQAY"
"a0bWD0000011TvTYAU","005al00000RVcKvAAL","false","a2C4S0000008Snh","","Html.Layouts.NoLayout","","","","a004S000000qbGcQAI"
"a0bWD0000011TvUYAU","005al00000RVcKvAAL","false","a2C4S0000008Sni","","Html.Layouts.NoLayout","","","","a004S000000qbGkQAI"
"a0bWD0000011TvVYAU","005al00000RVcKvAAL","false","a2C4S0000008Sox","","Html.Layouts.TableLayout","","","","a004S000000qbGlQAI"
"a0bWD0000011TvWYAU","005al00000RVcKvAAL","false","a2C4S0000008Snf","","Html.Layouts.NoLayout","","","","a004S000000qbGmQAI"
"a0bWD0000011TvXYAU","005al00000RVcKvAAL","false","a2C4S0000008Soy","","Html.Layouts.TableLayout","","","","a004S000000qbGnQAI"
"a0bWD0000011TvYYAU","005al00000RVcKvAAL","false","a2C4S0000008Sng","","Html.Layouts.NoLayout","","","","a004S000000qbGoQAI"
"a0bWD0000011TvZYAU","005al00000RVcKvAAL","false","a2C4S0000008Soz","","Html.Layouts.TableLayout","","","","a004S000000qbGpQAI"
"a0bWD0000011TvaYAE","005al00000RVcKvAAL","false","a2C4S0000008Snd","","Html.Layouts.NoLayout","","","","a004S000000qbGqQAI"
"a0bWD0000011TvbYAE","005al00000RVcKvAAL","false","a2C4S0000008Sp0","","Html.Layouts.TableLayout","","","","a004S000000qbGrQAI"
"a0bWD0000011TvcYAE","005al00000RVcKvAAL","false","a2C4S0000008Sne","","Html.Layouts.TwoColumnGrid","","","","a004S000000qbN5QAI"
"a0bWD0000011TvdYAE","005al00000RVcKvAAL","false","a2C4S0000008Snm","","Html.Layouts.TwoColumnGrid","","","","a004S000000qbQMQAY"
"a0bWD0000011TveYAE","005al00000RVcKvAAL","false","a2C4S0000008SoV","","Html.Layouts.NoLayout","","","","a004S000000qbZCQAY"
"a0bWD0000011TvfYAE","005al00000RVcKvAAL","false","a2C4S0000008Sof","","Html.Layouts.TableLayout","","","","a004S000000qbZDQAY"
"a0bWD0000011TvgYAE","005al00000RVcKvAAL","false","a2C4S0000008SoU","","Html.Layouts.TwoColumnGrid","","","","a004S000000qbZEQAY"
"a0bWD0000011TvhYAE","005al00000RVcKvAAL","false","a2C4S0000008SoT","","Html.Layouts.NoLayout","","","","a004S000000qbZFQAY"
"a0bWD0000011TviYAE","005al00000RVcKvAAL","false","a2C4S0000008Sog","","Html.Layouts.NoLayout","","","","a004S000000qbZGQAY"
"a0bWD0000011WLQYA2","005al00000RVcKvAAL","false","a2C4S0000008SpH","","Html.Layouts.NoLayout","","","","a004S000000qbZHQAY"
"a0bWD0000011WLRYA2","005al00000RVcKvAAL","false","a2C4S0000008SpX","","Html.Layouts.TableLayout","","","","a004S000000qbZIQAY"
"a0bWD0000011TvjYAE","005al00000RVcKvAAL","false","a2C4S0000008SoS","","Html.Layouts.NoLayout","","","","a004S000000qbZJQAY"
"a0bWD0000011TvkYAE","005al00000RVcKvAAL","false","a2C4S0000008Soh","","Html.Layouts.NoLayout","","","","a004S000000qbZKQAY"
"a0bWD0000011WLSYA2","005al00000RVcKvAAL","false","a2C4S0000008SpI","","Html.Layouts.TableLayout","","","","a004S000000qbZLQAY"
"a0bWD0000011TvlYAE","005al00000RVcKvAAL","false","a2C4S0000008SoR","","Html.Layouts.NoLayout","","","","a004S000000qbZMQAY"
"a0bWD0000011TvmYAE","005al00000RVcKvAAL","false","a2C4S0000008Soi","","Html.Layouts.TableLayout","","","","a004S000000qbZNQAY"
"a0bWD0000011TvnYAE","005al00000RVcKvAAL","false","a2C4S0000008SoQ","","Html.Layouts.TwoColumnGrid","","","","a004S000000qbZOQAY"
"a0bWD0000011TvoYAE","005al00000RVcKvAAL","false","a2C4S0000008SoP","","Html.Layouts.NoLayout","","","","a004S000000qbZPQAY"
"a0bWD0000011TvpYAE","005al00000RVcKvAAL","false","a2C4S0000008Soj","","Html.Layouts.NoLayout","","","","a004S000000qbZQQAY"
"a0bWD0000011WLTYA2","005al00000RVcKvAAL","false","a2C4S0000008SpJ","","Html.Layouts.NoLayout","","","","a004S000000qbZRQAY"
"a0bWD0000011WLUYA2","005al00000RVcKvAAL","false","a2C4S0000008SpY","","Html.Layouts.TableLayout","","","","a004S000000qbZSQAY"
"a0bWD0000011TvqYAE","005al00000RVcKvAAL","false","a2C4S0000008SoO","","Html.Layouts.TableLayout","","","","a004S000000qbZTQAY"
"a0bWD0000011TvrYAE","005al00000RVcKvAAL","false","a2C4S0000008Sok","","Html.Layouts.NoLayout","","","","a004S000000qbZUQAY"
"a0bWD0000011WLVYA2","005al00000RVcKvAAL","false","a2C4S0000008SpK","","Html.Layouts.TableLayout","","","","a004S000000qbZVQAY"
"a0bWD0000011TvsYAE","005al00000RVcKvAAL","false","a2C4S0000008SoN","","Html.Layouts.NoLayout","","","","a004S000000qbZWQAY"
"a0bWD0000011TvtYAE","005al00000RVcKvAAL","false","a2C4S0000008Sol","","Html.Layouts.NoLayout","","","","a004S000000qbZXQAY"
"a0bWD0000011WLWYA2","005al00000RVcKvAAL","false","a2C4S0000008SpL","","Html.Layouts.TwoColumnGrid","","","","a004S000000qbZYQAY"
"a0bWD0000011WLXYA2","005al00000RVcKvAAL","false","a2C4S0000008SpZ","","Html.Layouts.TableLayout","","","","a004S000000qbZZQAY"
"a0bWD0000011WLYYA2","005al00000RVcKvAAL","false","a2C4S0000008Spa","","Html.Layouts.TableLayout","","","","a004S000000qbZaQAI"
"a0bWD0000011TvuYAE","005al00000RVcKvAAL","false","a2C4S0000008SoM","","Html.Layouts.NoLayout","","","","a004S000000qbZbQAI"
"a0bWD0000011TvvYAE","005al00000RVcKvAAL","false","a2C4S0000008Som","","Html.Layouts.TableLayout","","","","a004S000000qbZcQAI"
"a0bWD0000011TvwYAE","005al00000RVcKvAAL","false","a2C4S0000008SoL","","Html.Layouts.NoLayout","","","","a004S000000qbZdQAI"
"a0bWD0000011TvxYAE","005al00000RVcKvAAL","false","a2C4S0000008Son","","Html.Layouts.NoLayout","","","","a004S000000qbZeQAI"
"a0bWD0000011WLZYA2","005al00000RVcKvAAL","false","a2C4S0000008SpM","","Html.Layouts.TableLayout","","","","a004S000000qbZfQAI"
"a0bWD0000011TvyYAE","005al00000RVcKvAAL","false","a2C4S0000008SoK","","Html.Layouts.NoLayout","","","","a004S000000qbZgQAI"
"a0bWD0000011TvzYAE","005al00000RVcKvAAL","false","a2C4S0000008Soo","","Html.Layouts.TableLayout","","","","a004S000000qbZhQAI"
"a0bWD0000011Tw0YAE","005al00000RVcKvAAL","false","a2C4S0000008SoJ","","Html.Layouts.NoLayout","","","","a004S000000qbZiQAI"
"a0bWD0000011Tw1YAE","005al00000RVcKvAAL","false","a2C4S0000008Sop","","Html.Layouts.TableLayout","","","","a004S000000qbZjQAI"
"a0bWD0000011Tw2YAE","005al00000RVcKvAAL","false","a2C4S0000008SoI","","Html.Layouts.TwoColumnGrid","","","","a004S000000qbZkQAI"
"a0bWD0000011Tw3YAE","005al00000RVcKvAAL","false","a2C4S0000008SoH","","Html.Layouts.NoLayout","","","","a004S000000qbZlQAI"
"a0bWD0000011Tw4YAE","005al00000RVcKvAAL","false","a2C4S0000008Soq","","Html.Layouts.TableLayout","","","","a004S000000qbZmQAI"
"a0bWD0000011Tw5YAE","005al00000RVcKvAAL","false","a2C4S0000008So1","","Html.Layouts.NoLayout","","","","a004S000000qbZnQAI"
"a0bWD0000011Tw6YAE","005al00000RVcKvAAL","false","a2C4S0000008Sp1","","Html.Layouts.TwoColumnGrid","","","","a004S000000qbZoQAI"
"a0bWD0000011Tw7YAE","005al00000RVcKvAAL","false","a2C4S0000008So0","","Html.Layouts.TwoColumnGrid","","","","a004S000000qbZpQAI"
"a0bWD0000011Tw8YAE","005al00000RVcKvAAL","false","a2C4S0000008Snz","","Html.Layouts.NoLayout","","","","a004S000000qbZqQAI"
"a0bWD0000011Tw9YAE","005al00000RVcKvAAL","false","a2C4S0000008Sp2","","Html.Layouts.NoLayout","","","","a004S000000qbZrQAI"
"a0bWD0000011WLaYAM","005al00000RVcKvAAL","false","a2C4S0000008SpQ","","Html.Layouts.NoLayout","","","","a004S000000qbZsQAI"
"a0bWD0000011WLbYAM","005al00000RVcKvAAL","false","a2C4S0000008Spd","","Html.Layouts.TableLayout","","","","a004S000000qbZtQAI"
"a0bWD0000011TwAYAU","005al00000RVcKvAAL","false","a2C4S0000008Sny","","Html.Layouts.NoLayout","","","","a004S000000qbZuQAI"
"a0bWD0000011TwBYAU","005al00000RVcKvAAL","false","a2C4S0000008Sp3","","Html.Layouts.NoLayout","","","","a004S000000qbZvQAI"
"a0bWD0000011WLcYAM","005al00000RVcKvAAL","false","a2C4S0000008SpR","","Html.Layouts.TableLayout","","","","a004S000000qbZwQAI"
"a0bWD0000011TwCYAU","005al00000RVcKvAAL","false","a2C4S0000008Snx","","Html.Layouts.NoLayout","","","","a004S000000qbZxQAI"
"a0bWD0000011TwDYAU","005al00000RVcKvAAL","false","a2C4S0000008Sp4","","Html.Layouts.TableLayout","","","","a004S000000qbZyQAI"
"a0bWD0000011TwEYAU","005al00000RVcKvAAL","false","a2C4S0000008Snw","","Html.Layouts.TwoColumnGrid","","","","a004S000000qbZzQAI"
"a0bWD0000011TwFYAU","005al00000RVcKvAAL","false","a2C4S0000008Snv","","Html.Layouts.NoLayout","","","","a004S000000qba0QAA"
"a0bWD0000011TwGYAU","005al00000RVcKvAAL","false","a2C4S0000008Sp5","","Html.Layouts.NoLayout","","","","a004S000000qba1QAA"
"a0bWD0000011WLdYAM","005al00000RVcKvAAL","false","a2C4S0000008SpS","","Html.Layouts.NoLayout","","","","a004S000000qba2QAA"
"a0bWD0000011WLeYAM","005al00000RVcKvAAL","false","a2C4S0000008Spe","","Html.Layouts.TableLayout","","","","a004S000000qba3QAA"
"a0bWD0000011TwHYAU","005al00000RVcKvAAL","false","a2C4S0000008Snu","","Html.Layouts.TableLayout","","","","a004S000000qba4QAA"
"a0bWD0000011TwIYAU","005al00000RVcKvAAL","false","a2C4S0000008Sp6","","Html.Layouts.NoLayout","","","","a004S000000qba5QAA"
"a0bWD0000011WLfYAM","005al00000RVcKvAAL","false","a2C4S0000008SpT","","Html.Layouts.TableLayout","","","","a004S000000qba6QAA"
"a0bWD0000011TwJYAU","005al00000RVcKvAAL","false","a2C4S0000008Snt","","Html.Layouts.NoLayout","","","","a004S000000qba7QAA"
"a0bWD0000011TwKYAU","005al00000RVcKvAAL","false","a2C4S0000008Sp7","","Html.Layouts.NoLayout","","","","a004S000000qba8QAA"
"a0bWD0000011WLgYAM","005al00000RVcKvAAL","false","a2C4S0000008SpU","","Html.Layouts.TwoColumnGrid","","","","a004S000000qba9QAA"
"a0bWD0000011WLhYAM","005al00000RVcKvAAL","false","a2C4S0000008Spf","","Html.Layouts.TableLayout","","","","a004S000000qbaAQAQ"
"a0bWD0000011WLiYAM","005al00000RVcKvAAL","false","a2C4S0000008Spg","","Html.Layouts.TableLayout","","","","a004S000000qbaBQAQ"
"a0bWD0000011TwLYAU","005al00000RVcKvAAL","false","a2C4S0000008Sns","","Html.Layouts.NoLayout","","","","a004S000000qbaCQAQ"
"a0bWD0000011TwMYAU","005al00000RVcKvAAL","false","a2C4S0000008Sp8","","Html.Layouts.TableLayout","","","","a004S000000qbaDQAQ"
"a0bWD0000011TwNYAU","005al00000RVcKvAAL","false","a2C4S0000008Snr","","Html.Layouts.NoLayout","","","","a004S000000qbaEQAQ"
"a0bWD0000011TwOYAU","005al00000RVcKvAAL","false","a2C4S0000008Sp9","","Html.Layouts.NoLayout","","","","a004S000000qbaFQAQ"
"a0bWD0000011WLjYAM","005al00000RVcKvAAL","false","a2C4S0000008SpV","","Html.Layouts.TableLayout","","","","a004S000000qbaGQAQ"
"a0bWD0000011TwPYAU","005al00000RVcKvAAL","false","a2C4S0000008Snq","","Html.Layouts.NoLayout","","","","a004S000000qbaHQAQ"
"a0bWD0000011TwQYAU","005al00000RVcKvAAL","false","a2C4S0000008SpA","","Html.Layouts.TableLayout","","","","a004S000000qbaIQAQ"
"a0bWD0000011TwRYAU","005al00000RVcKvAAL","false","a2C4S0000008Snp","","Html.Layouts.NoLayout","","","","a004S000000qbaJQAQ"
"a0bWD0000011TwSYAU","005al00000RVcKvAAL","false","a2C4S0000008SpB","","Html.Layouts.TableLayout","","","","a004S000000qbaKQAQ"
"a0bWD0000011TwTYAU","005al00000RVcKvAAL","false","a2C4S0000008Sno","","Html.Layouts.TwoColumnGrid","","","","a004S000000qbaLQAQ"
"a0bWD0000011TwUYAU","005al00000RVcKvAAL","false","a2C4S0000008Snn","","Html.Layouts.NoLayout","","","","a004S000000qbaMQAQ"
"a0bWD0000011TwVYAU","005al00000RVcKvAAL","false","a2C4S0000008SpC","","Html.Layouts.TableLayout","","","","a004S000000qbaNQAQ"
"a0bWD0000011TwWYAU","005al00000RVcKvAAL","false","a2C4S0000008So5","","Html.Layouts.NoLayout","","","","a004S000000qbaOQAQ"
"a0bWD0000011TwXYAU","005al00000RVcKvAAL","false","a2C4S0000008SpD","","Html.Layouts.TwoColumnGrid","","","","a004S000000qbaPQAQ"
"a0bWD0000011TwYYAU","005al00000RVcKvAAL","false","a2C4S0000008So4","","Html.Layouts.TwoColumnGrid","","","","a004S000000qbaQQAQ"
"a0bWD0000011TwZYAU","005al00000RVcKvAAL","false","a2C4S0000008So3","","Html.Layouts.NoLayout","","","","a004S000000qbaRQAQ"
"a0bWD0000011TwaYAE","005al00000RVcKvAAL","false","a2C4S0000008Sph","","Html.Layouts.NoLayout","","","","a004S000000qbaSQAQ"
"a0bWD0000011WLkYAM","005al00000RVcKvAAL","false","a2C4S0000008Sps","","Html.Layouts.NoLayout","","","","a004S000000qbaTQAQ"
"a0bWD0000011WLlYAM","005al00000RVcKvAAL","false","a2C4S0000008Spy","","Html.Layouts.TableLayout","","","","a004S000000qbaUQAQ"
"a0bWD0000011TwbYAE","005al00000RVcKvAAL","false","a2C4S0000008So2","","Html.Layouts.NoLayout","","","","a004S000000qbaVQAQ"
"a0bWD0000011TwcYAE","005al00000RVcKvAAL","false","a2C4S0000008Spi","","Html.Layouts.NoLayout","","","","a004S000000qbaWQAQ"
"a0bWD0000011WLmYAM","005al00000RVcKvAAL","false","a2C4S0000008Spt","","Html.Layouts.TableLayout","","","","a004S000000qbaXQAQ"
"a0bWD0000011TwdYAE","005al00000RVcKvAAL","false","a2C4S0000008SoG","","Html.Layouts.NoLayout","","","","a004S000000qbaYQAQ"
"a0bWD0000011TweYAE","005al00000RVcKvAAL","false","a2C4S0000008Spj","","Html.Layouts.TableLayout","","","","a004S000000qbaZQAQ"
"a0bWD0000011TwfYAE","005al00000RVcKvAAL","false","a2C4S0000008SoF","","Html.Layouts.TwoColumnGrid","","","","a004S000000qbaaQAA"
"a0bWD0000011TwgYAE","005al00000RVcKvAAL","false","a2C4S0000008SoE","","Html.Layouts.NoLayout","","","","a004S000000qbabQAA"
"a0bWD0000011TwhYAE","005al00000RVcKvAAL","false","a2C4S0000008Spk","","Html.Layouts.NoLayout","","","","a004S000000qbacQAA"
"a0bWD0000011WLnYAM","005al00000RVcKvAAL","false","a2C4S0000008Spu","","Html.Layouts.NoLayout","","","","a004S000000qbadQAA"
"a0bWD0000011WLoYAM","005al00000RVcKvAAL","false","a2C4S0000008Spz","","Html.Layouts.TableLayout","","","","a004S000000qbaeQAA"
"a0bWD0000011TwiYAE","005al00000RVcKvAAL","false","a2C4S0000008SoD","","Html.Layouts.TableLayout","","","","a004S000000qbafQAA"
"a0bWD0000011TwjYAE","005al00000RVcKvAAL","false","a2C4S0000008Spl","","Html.Layouts.NoLayout","","","","a004S000000qbagQAA"
"a0bWD0000011WLpYAM","005al00000RVcKvAAL","false","a2C4S0000008Spv","","Html.Layouts.TableLayout","","","","a004S000000qbahQAA"
"a0bWD0000011TwkYAE","005al00000RVcKvAAL","false","a2C4S0000008SoC","","Html.Layouts.NoLayout","","","","a004S000000qbaiQAA"
"a0bWD0000011TwlYAE","005al00000RVcKvAAL","false","a2C4S0000008Spm","","Html.Layouts.NoLayout","","","","a004S000000qbajQAA"
"a0bWD0000011WLqYAM","005al00000RVcKvAAL","false","a2C4S0000008Spw","","Html.Layouts.TwoColumnGrid","","","","a004S000000qbakQAA"
"a0bWD0000011WLrYAM","005al00000RVcKvAAL","false","a2C4S0000008Sq0","","Html.Layouts.TableLayout","","","","a004S000000qbalQAA"
"a0bWD0000011WLsYAM","005al00000RVcKvAAL","false","a2C4S0000008Sq1","","Html.Layouts.TableLayout","","","","a004S000000qbamQAA"
"a0bWD0000011TwmYAE","005al00000RVcKvAAL","false","a2C4S0000008SoB","","Html.Layouts.NoLayout","","","","a004S000000qbanQAA"
"a0bWD0000011TwnYAE","005al00000RVcKvAAL","false","a2C4S0000008Spn","","Html.Layouts.TableLayout","","","","a004S000000qbaoQAA"
"a0bWD0000011TwoYAE","005al00000RVcKvAAL","false","a2C4S0000008SoA","","Html.Layouts.NoLayout","","","","a004S000000qbapQAA"
"a0bWD0000011TwpYAE","005al00000RVcKvAAL","false","a2C4S0000008Spo","","Html.Layouts.NoLayout","","","","a004S000000qbaqQAA"
"a0bWD0000011WLtYAM","005al00000RVcKvAAL","false","a2C4S0000008Spx","","Html.Layouts.TableLayout","","","","a004S000000qbarQAA"
"a0bWD0000011TwqYAE","005al00000RVcKvAAL","false","a2C4S0000008So9","","Html.Layouts.NoLayout","","","","a004S000000qbasQAA"
"a0bWD0000011TwrYAE","005al00000RVcKvAAL","false","a2C4S0000008Spp","","Html.Layouts.TableLayout","","","","a004S000000qbatQAA"
"a0bWD0000011TwsYAE","005al00000RVcKvAAL","false","a2C4S0000008So8","","Html.Layouts.NoLayout","","","","a004S000000qbauQAA"
"a0bWD0000011TwtYAE","005al00000RVcKvAAL","false","a2C4S0000008Spq","","Html.Layouts.TableLayout","","","","a004S000000qbavQAA"
"a0bWD0000011TwuYAE","005al00000RVcKvAAL","false","a2C4S0000008So7","","Html.Layouts.TwoColumnGrid","","","","a004S000000qbawQAA"
"a0bWD0000011TwvYAE","005al00000RVcKvAAL","false","a2C4S0000008So6","","Html.Layouts.NoLayout","","","","a004S000000qbaxQAA"
"a0bWD0000011TwwYAE","005al00000RVcKvAAL","false","a2C4S0000008Spr","","Html.Layouts.TableLayout","","","","a004S000000qbayQAA"
"a0bWD0000011TwxYAE","005al00000RVcKvAAL","false","a2C4W000001WUzf","","Html.Layouts.NoLayout","","","","a004W00000aJYCRQA4"
"a0bWD0000011TwyYAE","005al00000RVcKvAAL","false","a2C4W000001WUzl","","Html.Layouts.NoLayout","","","","a004W00000aJYCSQA4"
"a0bWD0000011TwzYAE","005al00000RVcKvAAL","false","a2C4W000001WV05","","Html.Layouts.NoLayout","","","","a004W00000aJYCWQA4"
"a0bWD0000011WLuYAM","005al00000RVcKvAAL","false","TwoColumnGrid","","Html.Layouts.TwoColumnGrid","","","","a004W00000aJYCXQA4"
"a0bWD0000011WLvYAM","005al00000RVcKvAAL","false","a2C4W000001WV0Y","","Html.Layouts.TableLayout","","","","a004W00000aJYCYQA4"
"a0bWD0000011Tx0YAE","005al00000RVcKvAAL","false","a2C4W000001WUzg","","Html.Layouts.NoLayout","","","","a004W00000aJYDCQA4"
"a0bWD0000011Tx1YAE","005al00000RVcKvAAL","false","a2C4W000001WUzm","","Html.Layouts.TwoColumnGrid","","","","a004W00000aJYDDQA4"
"a0bWD0000011WLwYAM","005al00000RVcKvAAL","false","a2C4W000001WV0O","","Html.Layouts.TableLayout","","","","a004W00000aJYDEQA4"
"a0bWD0000011Tx2YAE","005al00000RVcKvAAL","false","a2C4W000001WUzh","","Html.Layouts.NoLayout","","","","a004W00000aJYDjQAO"
"a0bWD0000011Tx3YAE","005al00000RVcKvAAL","false","NoLayout","","Html.Layouts.NoLayout","","","","a004W00000aJYEPQA4"
"a0bWD0000011Tx4YAE","005al00000RVcKvAAL","false","NoLayout","","Html.Layouts.NoLayout","","","","a004W00000aJYEQQA4"
"a0bWD0000011WLxYAM","005al00000RVcKvAAL","false","SingleColumnGrid","","Html.Layouts.SingleColumnGrid","","","","a004W00000aJYERQA4"
"a0bWD0000011WLyYAM","005al00000RVcKvAAL","false","TableLayout","","Html.Layouts.TableLayout","","","","a004W00000aJYESQA4"
"a0bWD0000011Tx5YAE","005al00000RVcKvAAL","false","a2C4W000001WUyk","","Html.Layouts.NoLayout","","","","a004W00000aJYEWQA4"
"a0bWD0000011Tx6YAE","005al00000RVcKvAAL","false","a2C4W000001WUyj","","Html.Layouts.NoLayout","","","","a004W00000aJYEZQA4"
"a0bWD0000011Tx7YAE","005al00000RVcKvAAL","false","a2C4W000001WUyi","","Html.Layouts.NoLayout","","","","a004W00000aJYElQAO"
"a0bWD0000011Tx8YAE","005al00000RVcKvAAL","false","a2C4W000001WV00","","Html.Layouts.TableLayout","","","","a004W00000aJYEmQAO"
"a0bWD0000011Tx9YAE","005al00000RVcKvAAL","false","a2C4W000001WV01","","Html.Layouts.NoLayout","","","","a004W00000aJYEnQAO"
"a0bWD0000011WLzYAM","005al00000RVcKvAAL","false","a2C4W000001WV0W","","Html.Layouts.TableLayout","","","","a004W00000aJYEoQAO"
"a0bWD0000011TxAYAU","005al00000RVcKvAAL","false","a2C4W000001WUzj","","Html.Layouts.NoLayout","","","","a004W00000aJYEpQAO"
"a0bWD0000011TxBYAU","005al00000RVcKvAAL","false","a2C4W000001WV02","","Html.Layouts.NoLayout","","","","a004W00000aJYEqQAO"
"a0bWD0000011WM0YAM","005al00000RVcKvAAL","false","a2C4W000001WV0X","","Html.Layouts.TwoColumnGrid","","","","a004W00000aJYErQAO"
"a0bWD0000011WM1YAM","005al00000RVcKvAAL","false","a2C4W000001WV0k","","Html.Layouts.TableLayout","","","","a004W00000aJYEsQAO"
"a0bWD0000011WM2YAM","005al00000RVcKvAAL","false","a2C4W000001WV0l","","Html.Layouts.TableLayout","","","","a004W00000aJYEtQAO"
"a0bWD0000011TxCYAU","005al00000RVcKvAAL","false","a2C4W000001WUzi","","Html.Layouts.NoLayout","","","","a004W00000aJYEzQAO"
"a0bWD0000011TxDYAU","005al00000RVcKvAAL","false","a2C4W000001WUzk","","Html.Layouts.TableLayout","","","","a004W00000aJYF0QAO"
"a0bWD0000011TxEYAU","005al00000RVcKvAAL","false","TwoColumnGrid","","Html.Layouts.TwoColumnGrid","","","","a004W00000aJYGsQAO"
"a0bWD0000011TxFYAU","005al00000RVcKvAAL","false","a2C4W000001WUyt","","Html.Layouts.NoLayout","","","","a004W00000aJYHCQA4"
"a0bWD0000011TxGYAU","005al00000RVcKvAAL","false","a2C4W000001WV03","","Html.Layouts.TableLayout","","","","a004W00000aJYHDQA4"
"a0bWD0000011TxHYAU","005al00000RVcKvAAL","false","a2C4W000001WUys","","Html.Layouts.NoLayout","","","","a004W00000aJYHEQA4"
"a0bWD0000011TxIYAU","005al00000RVcKvAAL","false","a2C4W000001WV04","","Html.Layouts.NoLayout","","","","a004W00000aJYHFQA4"
"a0bWD0000011TxJYAU","005al00000RVcKvAAL","false","a2C4W000001WUyq","","Html.Layouts.NoLayout","","","","a004W00000aJYMgQAO"
"a0bWD0000011TxKYAU","005al00000RVcKvAAL","false","a2C4W000001WUyr","","Html.Layouts.NoLayout","","","","a004W00000aJYMoQAO"
"a0bWD0000011TxLYAU","005al00000RVcKvAAL","false","a2C4W000001WV06","","Html.Layouts.TableLayout","","","","a004W00000aJYMpQAO"
"a0bWD0000011TxMYAU","005al00000RVcKvAAL","false","a2C4W000001WUyo","","Html.Layouts.NoLayout","","","","a004W00000aJYMqQAO"
"a0bWD0000011TxNYAU","005al00000RVcKvAAL","false","a2C4W000001WV07","","Html.Layouts.TableLayout","","","","a004W00000aJYMrQAO"
"a0bWD0000011TxOYAU","005al00000RVcKvAAL","false","a2C4W000001WUyp","","Html.Layouts.NoLayout","","","","a004W00000aJYMsQAO"
"a0bWD0000011TxPYAU","005al00000RVcKvAAL","false","a2C4W000001WV08","","Html.Layouts.TableLayout","","","","a004W00000aJYMtQAO"
"a0bWD0000011TxQYAU","005al00000RVcKvAAL","false","a2C4W000001WUym","","Html.Layouts.NoLayout","","","","a004W00000aJYMuQAO"
"a0bWD0000011TxRYAU","005al00000RVcKvAAL","false","a2C4W000001WV09","","Html.Layouts.TableLayout","","","","a004W00000aJYMvQAO"
"a0bWD0000011TxSYAU","005al00000RVcKvAAL","false","a2C4W000001WUyn","","Html.Layouts.TwoColumnGrid","","","","a004W00000aJYT9QAO"
"a0bWD0000011TxTYAU","005al00000RVcKvAAL","false","a2C4W000001WUyv","","Html.Layouts.TwoColumnGrid","","","","a004W00000aJYWQQA4"
"a0bWD0000011TxUYAU","005al00000RVcKvAAL","false","a2C4W000001WUze","","Html.Layouts.NoLayout","","","","a004W00000aJYfGQAW"
"a0bWD0000011TxVYAU","005al00000RVcKvAAL","false","a2C4W000001WUzo","","Html.Layouts.TableLayout","","","","a004W00000aJYfHQAW"
"a0bWD0000011TxWYAU","005al00000RVcKvAAL","false","a2C4W000001WUzd","","Html.Layouts.TwoColumnGrid","","","","a004W00000aJYfIQAW"
"a0bWD0000011TxXYAU","005al00000RVcKvAAL","false","a2C4W000001WUzc","","Html.Layouts.NoLayout","","","","a004W00000aJYfJQAW"
"a0bWD0000011TxYYAU","005al00000RVcKvAAL","false","a2C4W000001WUzp","","Html.Layouts.NoLayout","","","","a004W00000aJYfKQAW"
"a0bWD0000011WM3YAM","005al00000RVcKvAAL","false","a2C4W000001WV0Q","","Html.Layouts.NoLayout","","","","a004W00000aJYfLQAW"
"a0bWD0000011WM4YAM","005al00000RVcKvAAL","false","a2C4W000001WV0g","","Html.Layouts.TableLayout","","","","a004W00000aJYfMQAW"
"a0bWD0000011TxZYAU","005al00000RVcKvAAL","false","a2C4W000001WUzb","","Html.Layouts.NoLayout","","","","a004W00000aJYfNQAW"
"a0bWD0000011TxaYAE","005al00000RVcKvAAL","false","a2C4W000001WUzq","","Html.Layouts.NoLayout","","","","a004W00000aJYfOQAW"
"a0bWD0000011WM5YAM","005al00000RVcKvAAL","false","a2C4W000001WV0R","","Html.Layouts.TableLayout","","","","a004W00000aJYfPQAW"
"a0bWD0000011TxbYAE","005al00000RVcKvAAL","false","a2C4W000001WUza","","Html.Layouts.NoLayout","","","","a004W00000aJYfQQAW"
"a0bWD0000011TxcYAE","005al00000RVcKvAAL","false","a2C4W000001WUzr","","Html.Layouts.TableLayout","","","","a004W00000aJYfRQAW"
"a0bWD0000011TxdYAE","005al00000RVcKvAAL","false","a2C4W000001WUzZ","","Html.Layouts.TwoColumnGrid","","","","a004W00000aJYfSQAW"
"a0bWD0000011TxeYAE","005al00000RVcKvAAL","false","a2C4W000001WUzY","","Html.Layouts.NoLayout","","","","a004W00000aJYfTQAW"
"a0bWD0000011TxfYAE","005al00000RVcKvAAL","false","a2C4W000001WUzs","","Html.Layouts.NoLayout","","","","a004W00000aJYfUQAW"
"a0bWD0000011WM6YAM","005al00000RVcKvAAL","false","a2C4W000001WV0S","","Html.Layouts.NoLayout","","","","a004W00000aJYfVQAW"
"a0bWD0000011WM7YAM","005al00000RVcKvAAL","false","a2C4W000001WV0h","","Html.Layouts.TableLayout","","","","a004W00000aJYfWQAW"
"a0bWD0000011TxgYAE","005al00000RVcKvAAL","false","a2C4W000001WUzX","","Html.Layouts.TableLayout","","","","a004W00000aJYfXQAW"
"a0bWD0000011TxhYAE","005al00000RVcKvAAL","false","a2C4W000001WUzt","","Html.Layouts.NoLayout","","","","a004W00000aJYfYQAW"
"a0bWD0000011WM8YAM","005al00000RVcKvAAL","false","a2C4W000001WV0T","","Html.Layouts.TableLayout","","","","a004W00000aJYfZQAW"
"a0bWD0000011TxiYAE","005al00000RVcKvAAL","false","a2C4W000001WUzW","","Html.Layouts.NoLayout","","","","a004W00000aJYfaQAG"
"a0bWD0000011TxjYAE","005al00000RVcKvAAL","false","a2C4W000001WUzu","","Html.Layouts.NoLayout","","","","a004W00000aJYfbQAG"
"a0bWD0000011WM9YAM","005al00000RVcKvAAL","false","a2C4W000001WV0U","","Html.Layouts.TwoColumnGrid","","","","a004W00000aJYfcQAG"
"a0bWD0000011WMAYA2","005al00000RVcKvAAL","false","a2C4W000001WV0i","","Html.Layouts.TableLayout","","","","a004W00000aJYfdQAG"
"a0bWD0000011WMBYA2","005al00000RVcKvAAL","false","a2C4W000001WV0j","","Html.Layouts.TableLayout","","","","a004W00000aJYfeQAG"
"a0bWD0000011TxkYAE","005al00000RVcKvAAL","false","a2C4W000001WUzV","","Html.Layouts.NoLayout","","","","a004W00000aJYffQAG"
"a0bWD0000011TxlYAE","005al00000RVcKvAAL","false","a2C4W000001WUzv","","Html.Layouts.TableLayout","","","","a004W00000aJYfgQAG"
"a0bWD0000011TxmYAE","005al00000RVcKvAAL","false","a2C4W000001WUzU","","Html.Layouts.NoLayout","","","","a004W00000aJYfhQAG"
"a0bWD0000011TxnYAE","005al00000RVcKvAAL","false","a2C4W000001WUzw","","Html.Layouts.NoLayout","","","","a004W00000aJYfiQAG"
"a0bWD0000011WMCYA2","005al00000RVcKvAAL","false","a2C4W000001WV0V","","Html.Layouts.TableLayout","","","","a004W00000aJYfjQAG"
"a0bWD0000011TxoYAE","005al00000RVcKvAAL","false","a2C4W000001WUzT","","Html.Layouts.NoLayout","","","","a004W00000aJYfkQAG"
"a0bWD0000011TxpYAE","005al00000RVcKvAAL","false","a2C4W000001WUzx","","Html.Layouts.TableLayout","","","","a004W00000aJYflQAG"
"a0bWD0000011TxqYAE","005al00000RVcKvAAL","false","a2C4W000001WUzS","","Html.Layouts.NoLayout","","","","a004W00000aJYfmQAG"
"a0bWD0000011TxrYAE","005al00000RVcKvAAL","false","a2C4W000001WUzy","","Html.Layouts.TableLayout","","","","a004W00000aJYfnQAG"
"a0bWD0000011TxsYAE","005al00000RVcKvAAL","false","a2C4W000001WUzR","","Html.Layouts.TwoColumnGrid","","","","a004W00000aJYfoQAG"
"a0bWD0000011TxtYAE","005al00000RVcKvAAL","false","a2C4W000001WUzQ","","Html.Layouts.NoLayout","","","","a004W00000aJYfpQAG"
"a0bWD0000011TxuYAE","005al00000RVcKvAAL","false","a2C4W000001WUzz","","Html.Layouts.TableLayout","","","","a004W00000aJYfqQAG"
"a0bWD0000011TxvYAE","005al00000RVcKvAAL","false","a2C4W000001WUzA","","Html.Layouts.NoLayout","","","","a004W00000aJYfrQAG"
"a0bWD0000011TxwYAE","005al00000RVcKvAAL","false","a2C4W000001WV0A","","Html.Layouts.TwoColumnGrid","","","","a004W00000aJYfsQAG"
"a0bWD0000011TxxYAE","005al00000RVcKvAAL","false","a2C4W000001WUz9","","Html.Layouts.TwoColumnGrid","","","","a004W00000aJYftQAG"
"a0bWD0000011TxyYAE","005al00000RVcKvAAL","false","a2C4W000001WUz8","","Html.Layouts.NoLayout","","","","a004W00000aJYfuQAG"
"a0bWD0000011TxzYAE","005al00000RVcKvAAL","false","a2C4W000001WV0B","","Html.Layouts.NoLayout","","","","a004W00000aJYfvQAG"
"a0bWD0000011WMDYA2","005al00000RVcKvAAL","false","a2C4W000001WV0Z","","Html.Layouts.NoLayout","","","","a004W00000aJYfwQAG"
"a0bWD0000011WMEYA2","005al00000RVcKvAAL","false","a2C4W000001WV0m","","Html.Layouts.TableLayout","","","","a004W00000aJYfxQAG"
"a0bWD0000011Ty0YAE","005al00000RVcKvAAL","false","a2C4W000001WUz7","","Html.Layouts.NoLayout","","","","a004W00000aJYfyQAG"
"a0bWD0000011Ty1YAE","005al00000RVcKvAAL","false","a2C4W000001WV0C","","Html.Layouts.NoLayout","","","","a004W00000aJYfzQAG"
"a0bWD0000011WMFYA2","005al00000RVcKvAAL","false","a2C4W000001WV0a","","Html.Layouts.TableLayout","","","","a004W00000aJYg0QAG"
"a0bWD0000011Ty2YAE","005al00000RVcKvAAL","false","a2C4W000001WUz6","","Html.Layouts.NoLayout","","","","a004W00000aJYg1QAG"
"a0bWD0000011Ty3YAE","005al00000RVcKvAAL","false","a2C4W000001WV0D","","Html.Layouts.TableLayout","","","","a004W00000aJYg2QAG"
"a0bWD0000011Ty4YAE","005al00000RVcKvAAL","false","a2C4W000001WUz5","","Html.Layouts.TwoColumnGrid","","","","a004W00000aJYg3QAG"
"a0bWD0000011Ty5YAE","005al00000RVcKvAAL","false","a2C4W000001WUz4","","Html.Layouts.NoLayout","","","","a004W00000aJYg4QAG"
"a0bWD0000011Ty6YAE","005al00000RVcKvAAL","false","a2C4W000001WV0E","","Html.Layouts.NoLayout","","","","a004W00000aJYg5QAG"
"a0bWD0000011WMGYA2","005al00000RVcKvAAL","false","a2C4W000001WV0b","","Html.Layouts.NoLayout","","","","a004W00000aJYg6QAG"
"a0bWD0000011WMHYA2","005al00000RVcKvAAL","false","a2C4W000001WV0n","","Html.Layouts.TableLayout","","","","a004W00000aJYg7QAG"
"a0bWD0000011Ty7YAE","005al00000RVcKvAAL","false","a2C4W000001WUz3","","Html.Layouts.TableLayout","","","","a004W00000aJYg8QAG"
"a0bWD0000011Ty8YAE","005al00000RVcKvAAL","false","a2C4W000001WV0F","","Html.Layouts.NoLayout","","","","a004W00000aJYg9QAG"
"a0bWD0000011WMIYA2","005al00000RVcKvAAL","false","a2C4W000001WV0c","","Html.Layouts.TableLayout","","","","a004W00000aJYgAQAW"
"a0bWD0000011Ty9YAE","005al00000RVcKvAAL","false","a2C4W000001WUz2","","Html.Layouts.NoLayout","","","","a004W00000aJYgBQAW"
"a0bWD0000011TyAYAU","005al00000RVcKvAAL","false","a2C4W000001WV0G","","Html.Layouts.NoLayout","","","","a004W00000aJYgCQAW"
"a0bWD0000011WMJYA2","005al00000RVcKvAAL","false","a2C4W000001WV0d","","Html.Layouts.TwoColumnGrid","","","","a004W00000aJYgDQAW"
"a0bWD0000011WMKYA2","005al00000RVcKvAAL","false","a2C4W000001WV0o","","Html.Layouts.TableLayout","","","","a004W00000aJYgEQAW"
"a0bWD0000011WMLYA2","005al00000RVcKvAAL","false","a2C4W000001WV0p","","Html.Layouts.TableLayout","","","","a004W00000aJYgFQAW"
"a0bWD0000011TyBYAU","005al00000RVcKvAAL","false","a2C4W000001WUz1","","Html.Layouts.NoLayout","","","","a004W00000aJYgGQAW"
"a0bWD0000011TyCYAU","005al00000RVcKvAAL","false","a2C4W000001WV0H","","Html.Layouts.TableLayout","","","","a004W00000aJYgHQAW"
"a0bWD0000011TyDYAU","005al00000RVcKvAAL","false","a2C4W000001WUz0","","Html.Layouts.NoLayout","","","","a004W00000aJYgIQAW"
"a0bWD0000011TyEYAU","005al00000RVcKvAAL","false","a2C4W000001WV0I","","Html.Layouts.NoLayout","","","","a004W00000aJYgJQAW"
"a0bWD0000011WMMYA2","005al00000RVcKvAAL","false","a2C4W000001WV0e","","Html.Layouts.TableLayout","","","","a004W00000aJYgKQAW"
"a0bWD0000011TyFYAU","005al00000RVcKvAAL","false","a2C4W000001WUyz","","Html.Layouts.NoLayout","","","","a004W00000aJYgLQAW"
"a0bWD0000011TyGYAU","005al00000RVcKvAAL","false","a2C4W000001WV0J","","Html.Layouts.TableLayout","","","","a004W00000aJYgMQAW"
"a0bWD0000011TyHYAU","005al00000RVcKvAAL","false","a2C4W000001WUyy","","Html.Layouts.NoLayout","","","","a004W00000aJYgNQAW"
"a0bWD0000011TyIYAU","005al00000RVcKvAAL","false","a2C4W000001WV0K","","Html.Layouts.TableLayout","","","","a004W00000aJYgOQAW"
"a0bWD0000011TyJYAU","005al00000RVcKvAAL","false","a2C4W000001WUyx","","Html.Layouts.TwoColumnGrid","","","","a004W00000aJYgPQAW"
"a0bWD0000011TyKYAU","005al00000RVcKvAAL","false","a2C4W000001WUyw","","Html.Layouts.NoLayout","","","","a004W00000aJYgQQAW"
"a0bWD0000011TyLYAU","005al00000RVcKvAAL","false","a2C4W000001WV0L","","Html.Layouts.TableLayout","","","","a004W00000aJYgRQAW"
"a0bWD0000011TyMYAU","005al00000RVcKvAAL","false","a2C4W000001WUzE","","Html.Layouts.NoLayout","","","","a004W00000aJYgSQAW"
"a0bWD0000011TyNYAU","005al00000RVcKvAAL","false","a2C4W000001WV0M","","Html.Layouts.TwoColumnGrid","","","","a004W00000aJYgTQAW"
"a0bWD0000011TyOYAU","005al00000RVcKvAAL","false","a2C4W000001WUzD","","Html.Layouts.TwoColumnGrid","","","","a004W00000aJYgUQAW"
"a0bWD0000011TyPYAU","005al00000RVcKvAAL","false","a2C4W000001WUzC","","Html.Layouts.NoLayout","","","","a004W00000aJYgVQAW"
"a0bWD0000011TyQYAU","005al00000RVcKvAAL","false","a2C4W000001WV0q","","Html.Layouts.NoLayout","","","","a004W00000aJYgWQAW"
"a0bWD0000011WMNYA2","005al00000RVcKvAAL","false","a2C4W000001WV11","","Html.Layouts.NoLayout","","","","a004W00000aJYgXQAW"
"a0bWD0000011WMOYA2","005al00000RVcKvAAL","false","a2C4W000001WV17","","Html.Layouts.TableLayout","","","","a004W00000aJYgYQAW"
"a0bWD0000011TyRYAU","005al00000RVcKvAAL","false","a2C4W000001WUzB","","Html.Layouts.NoLayout","","","","a004W00000aJYgZQAW"
"a0bWD0000011TySYAU","005al00000RVcKvAAL","false","a2C4W000001WV0r","","Html.Layouts.NoLayout","","","","a004W00000aJYgaQAG"
"a0bWD0000011WMPYA2","005al00000RVcKvAAL","false","a2C4W000001WV12","","Html.Layouts.TableLayout","","","","a004W00000aJYgbQAG"
"a0bWD0000011TyTYAU","005al00000RVcKvAAL","false","a2C4W000001WUzP","","Html.Layouts.NoLayout","","","","a004W00000aJYgcQAG"
"a0bWD0000011TyUYAU","005al00000RVcKvAAL","false","a2C4W000001WV0s","","Html.Layouts.TableLayout","","","","a004W00000aJYgdQAG"
"a0bWD0000011TyVYAU","005al00000RVcKvAAL","false","a2C4W000001WUzO","","Html.Layouts.TwoColumnGrid","","","","a004W00000aJYgeQAG"
"a0bWD0000011TyWYAU","005al00000RVcKvAAL","false","a2C4W000001WUzN","","Html.Layouts.NoLayout","","","","a004W00000aJYgfQAG"
"a0bWD0000011TyXYAU","005al00000RVcKvAAL","false","a2C4W000001WV0t","","Html.Layouts.NoLayout","","","","a004W00000aJYggQAG"
"a0bWD0000011WMQYA2","005al00000RVcKvAAL","false","a2C4W000001WV13","","Html.Layouts.NoLayout","","","","a004W00000aJYghQAG"
"a0bWD0000011WMRYA2","005al00000RVcKvAAL","false","a2C4W000001WV18","","Html.Layouts.TableLayout","","","","a004W00000aJYgiQAG"
"a0bWD0000011TyYYAU","005al00000RVcKvAAL","false","a2C4W000001WUzM","","Html.Layouts.TableLayout","","","","a004W00000aJYgjQAG"
"a0bWD0000011TyZYAU","005al00000RVcKvAAL","false","a2C4W000001WV0u","","Html.Layouts.NoLayout","","","","a004W00000aJYgkQAG"
"a0bWD0000011WMSYA2","005al00000RVcKvAAL","false","a2C4W000001WV14","","Html.Layouts.TableLayout","","","","a004W00000aJYglQAG"
"a0bWD0000011TyaYAE","005al00000RVcKvAAL","false","a2C4W000001WUzL","","Html.Layouts.NoLayout","","","","a004W00000aJYgmQAG"
"a0bWD0000011TybYAE","005al00000RVcKvAAL","false","a2C4W000001WV0v","","Html.Layouts.NoLayout","","","","a004W00000aJYgnQAG"
"a0bWD0000011WMTYA2","005al00000RVcKvAAL","false","a2C4W000001WV15","","Html.Layouts.TwoColumnGrid","","","","a004W00000aJYgoQAG"
"a0bWD0000011WMUYA2","005al00000RVcKvAAL","false","a2C4W000001WV19","","Html.Layouts.TableLayout","","","","a004W00000aJYgpQAG"
"a0bWD0000011WMVYA2","005al00000RVcKvAAL","false","a2C4W000001WV1A","","Html.Layouts.TableLayout","","","","a004W00000aJYgqQAG"
"a0bWD0000011TycYAE","005al00000RVcKvAAL","false","a2C4W000001WUzK","","Html.Layouts.NoLayout","","","","a004W00000aJYgrQAG"
"a0bWD0000011TydYAE","005al00000RVcKvAAL","false","a2C4W000001WV0w","","Html.Layouts.TableLayout","","","","a004W00000aJYgsQAG"
"a0bWD0000011TyeYAE","005al00000RVcKvAAL","false","a2C4W000001WUzJ","","Html.Layouts.NoLayout","","","","a004W00000aJYgtQAG"
"a0bWD0000011TyfYAE","005al00000RVcKvAAL","false","a2C4W000001WV0x","","Html.Layouts.NoLayout","","","","a004W00000aJYguQAG"
"a0bWD0000011WMWYA2","005al00000RVcKvAAL","false","a2C4W000001WV16","","Html.Layouts.TableLayout","","","","a004W00000aJYgvQAG"
"a0bWD0000011TygYAE","005al00000RVcKvAAL","false","a2C4W000001WUzI","","Html.Layouts.NoLayout","","","","a004W00000aJYgwQAG"
"a0bWD0000011TyhYAE","005al00000RVcKvAAL","false","a2C4W000001WV0y","","Html.Layouts.TableLayout","","","","a004W00000aJYgxQAG"
"a0bWD0000011TyiYAE","005al00000RVcKvAAL","false","a2C4W000001WUzH","","Html.Layouts.NoLayout","","","","a004W00000aJYgyQAG"
"a0bWD0000011TyjYAE","005al00000RVcKvAAL","false","a2C4W000001WV0z","","Html.Layouts.TableLayout","","","","a004W00000aJYgzQAG"
"a0bWD0000011TykYAE","005al00000RVcKvAAL","false","a2C4W000001WUzG","","Html.Layouts.TwoColumnGrid","","","","a004W00000aJYh0QAG"
"a0bWD0000011TylYAE","005al00000RVcKvAAL","false","a2C4W000001WUzF","","Html.Layouts.NoLayout","","","","a004W00000aJYh1QAG"
"a0bWD0000011TymYAE","005al00000RVcKvAAL","false","a2C4W000001WV10","","Html.Layouts.TableLayout","","","","a004W00000aJYh2QAG"
"a0bWD0000011TynYAE","005al00000RVcKvAAL","false","a2C4W000001aGGM","","Html.Layouts.NoLayout","","","","a004W00000bF4vuQAC"
"a0bWD0000011TyoYAE","005al00000RVcKvAAL","false","a2C4W000001aGGS","","Html.Layouts.NoLayout","","","","a004W00000bF4vvQAC"
"a0bWD0000011TypYAE","005al00000RVcKvAAL","false","a2C4W000001aGGm","","Html.Layouts.NoLayout","","","","a004W00000bF4vzQAC"
"a0bWD0000011WMXYA2","005al00000RVcKvAAL","false","TwoColumnGrid","","Html.Layouts.TwoColumnGrid","","","","a004W00000bF4w0QAC"
"a0bWD0000011WMYYA2","005al00000RVcKvAAL","false","a2C4W000001aGHF","","Html.Layouts.TableLayout","","","","a004W00000bF4w1QAC"
"a0bWD0000011TyqYAE","005al00000RVcKvAAL","false","a2C4W000001aGGN","","Html.Layouts.NoLayout","","","","a004W00000bF4wfQAC"
"a0bWD0000011TyrYAE","005al00000RVcKvAAL","false","a2C4W000001aGGT","","Html.Layouts.TwoColumnGrid","","","","a004W00000bF4wgQAC"
"a0bWD0000011WMZYA2","005al00000RVcKvAAL","false","a2C4W000001aGH5","","Html.Layouts.TableLayout","","","","a004W00000bF4whQAC"
"a0bWD0000011TysYAE","005al00000RVcKvAAL","false","a2C4W000001aGGO","","Html.Layouts.NoLayout","","","","a004W00000bF4xCQAS"
"a0bWD0000011TytYAE","005al00000RVcKvAAL","false","NoLayout","","Html.Layouts.NoLayout","","","","a004W00000bF4xsQAC"
"a0bWD0000011TyuYAE","005al00000RVcKvAAL","false","NoLayout","","Html.Layouts.NoLayout","","","","a004W00000bF4xtQAC"
"a0bWD0000011WMaYAM","005al00000RVcKvAAL","false","SingleColumnGrid","","Html.Layouts.SingleColumnGrid","","","","a004W00000bF4xuQAC"
"a0bWD0000011WMbYAM","005al00000RVcKvAAL","false","TableLayout","","Html.Layouts.TableLayout","","","","a004W00000bF4xvQAC"
"a0bWD0000011TyvYAE","005al00000RVcKvAAL","false","a2C4W000001aGFR","","Html.Layouts.NoLayout","","","","a004W00000bF4xzQAC"
"a0bWD0000011TywYAE","005al00000RVcKvAAL","false","a2C4W000001aGFQ","","Html.Layouts.NoLayout","","","","a004W00000bF4y2QAC"
"a0bWD0000011TyxYAE","005al00000RVcKvAAL","false","a2C4W000001aGFP","","Html.Layouts.NoLayout","","","","a004W00000bF4yEQAS"
"a0bWD0000011TyyYAE","005al00000RVcKvAAL","false","a2C4W000001aGGh","","Html.Layouts.TableLayout","","","","a004W00000bF4yFQAS"
"a0bWD0000011TyzYAE","005al00000RVcKvAAL","false","a2C4W000001aGGi","","Html.Layouts.NoLayout","","","","a004W00000bF4yGQAS"
"a0bWD0000011WMcYAM","005al00000RVcKvAAL","false","a2C4W000001aGHD","","Html.Layouts.TableLayout","","","","a004W00000bF4yHQAS"
"a0bWD0000011Tz0YAE","005al00000RVcKvAAL","false","a2C4W000001aGGQ","","Html.Layouts.NoLayout","","","","a004W00000bF4yIQAS"
"a0bWD0000011Tz1YAE","005al00000RVcKvAAL","false","a2C4W000001aGGj","","Html.Layouts.NoLayout","","","","a004W00000bF4yJQAS"
"a0bWD0000011WMdYAM","005al00000RVcKvAAL","false","a2C4W000001aGHE","","Html.Layouts.TwoColumnGrid","","","","a004W00000bF4yKQAS"
"a0bWD0000011WMeYAM","005al00000RVcKvAAL","false","a2C4W000001aGHR","","Html.Layouts.TableLayout","","","","a004W00000bF4yLQAS"
"a0bWD0000011WMfYAM","005al00000RVcKvAAL","false","a2C4W000001aGHS","","Html.Layouts.TableLayout","","","","a004W00000bF4yMQAS"
"a0bWD0000011Tz2YAE","005al00000RVcKvAAL","false","a2C4W000001aGGP","","Html.Layouts.NoLayout","","","","a004W00000bF4ySQAS"
"a0bWD0000011Tz3YAE","005al00000RVcKvAAL","false","a2C4W000001aGGR","","Html.Layouts.TableLayout","","","","a004W00000bF4yTQAS"
"a0bWD0000011Tz4YAE","005al00000RVcKvAAL","false","TwoColumnGrid","","Html.Layouts.TwoColumnGrid","","","","a004W00000bF50LQAS"
"a0bWD0000011Tz5YAE","005al00000RVcKvAAL","false","a2C4W000001aGFa","","Html.Layouts.NoLayout","","","","a004W00000bF50fQAC"
"a0bWD0000011Tz6YAE","005al00000RVcKvAAL","false","a2C4W000001aGGk","","Html.Layouts.TableLayout","","","","a004W00000bF50gQAC"
"a0bWD0000011Tz7YAE","005al00000RVcKvAAL","false","a2C4W000001aGFZ","","Html.Layouts.NoLayout","","","","a004W00000bF50hQAC"
"a0bWD0000011Tz8YAE","005al00000RVcKvAAL","false","a2C4W000001aGGl","","Html.Layouts.NoLayout","","","","a004W00000bF50iQAC"
"a0bWD0000011Tz9YAE","005al00000RVcKvAAL","false","a2C4W000001aGFX","","Html.Layouts.NoLayout","","","","a004W00000bF569QAC"
"a0bWD0000011TzAYAU","005al00000RVcKvAAL","false","a2C4W000001aGFY","","Html.Layouts.NoLayout","","","","a004W00000bF56HQAS"
"a0bWD0000011TzBYAU","005al00000RVcKvAAL","false","a2C4W000001aGGn","","Html.Layouts.TableLayout","","","","a004W00000bF56IQAS"
"a0bWD0000011TzCYAU","005al00000RVcKvAAL","false","a2C4W000001aGFV","","Html.Layouts.NoLayout","","","","a004W00000bF56JQAS"
"a0bWD0000011TzDYAU","005al00000RVcKvAAL","false","a2C4W000001aGGo","","Html.Layouts.TableLayout","","","","a004W00000bF56KQAS"
"a0bWD0000011TzEYAU","005al00000RVcKvAAL","false","a2C4W000001aGFW","","Html.Layouts.NoLayout","","","","a004W00000bF56LQAS"
"a0bWD0000011TzFYAU","005al00000RVcKvAAL","false","a2C4W000001aGGp","","Html.Layouts.TableLayout","","","","a004W00000bF56MQAS"
"a0bWD0000011TzGYAU","005al00000RVcKvAAL","false","a2C4W000001aGFT","","Html.Layouts.NoLayout","","","","a004W00000bF56NQAS"
"a0bWD0000011TzHYAU","005al00000RVcKvAAL","false","a2C4W000001aGGq","","Html.Layouts.TableLayout","","","","a004W00000bF56OQAS"
"a0bWD0000011TzIYAU","005al00000RVcKvAAL","false","a2C4W000001aGFU","","Html.Layouts.TwoColumnGrid","","","","a004W00000bF5CcQAK"
"a0bWD0000011TzJYAU","005al00000RVcKvAAL","false","a2C4W000001aGFc","","Html.Layouts.TwoColumnGrid","","","","a004W00000bF5FtQAK"
"a0bWD0000011TzKYAU","005al00000RVcKvAAL","false","a2C4W000001aGGL","","Html.Layouts.NoLayout","","","","a004W00000bF5OjQAK"
"a0bWD0000011TzLYAU","005al00000RVcKvAAL","false","a2C4W000001aGGV","","Html.Layouts.TableLayout","","","","a004W00000bF5OkQAK"
"a0bWD0000011TzMYAU","005al00000RVcKvAAL","false","a2C4W000001aGGK","","Html.Layouts.TwoColumnGrid","","","","a004W00000bF5OlQAK"
"a0bWD0000011TzNYAU","005al00000RVcKvAAL","false","a2C4W000001aGGJ","","Html.Layouts.NoLayout","","","","a004W00000bF5OmQAK"
"a0bWD0000011TzOYAU","005al00000RVcKvAAL","false","a2C4W000001aGGW","","Html.Layouts.NoLayout","","","","a004W00000bF5OnQAK"
"a0bWD0000011WMgYAM","005al00000RVcKvAAL","false","a2C4W000001aGH7","","Html.Layouts.NoLayout","","","","a004W00000bF5OoQAK"
"a0bWD0000011WMhYAM","005al00000RVcKvAAL","false","a2C4W000001aGHN","","Html.Layouts.TableLayout","","","","a004W00000bF5OpQAK"
"a0bWD0000011TzPYAU","005al00000RVcKvAAL","false","a2C4W000001aGGI","","Html.Layouts.NoLayout","","","","a004W00000bF5OqQAK"
"a0bWD0000011TzQYAU","005al00000RVcKvAAL","false","a2C4W000001aGGX","","Html.Layouts.NoLayout","","","","a004W00000bF5OrQAK"
"a0bWD0000011WMiYAM","005al00000RVcKvAAL","false","a2C4W000001aGH8","","Html.Layouts.TableLayout","","","","a004W00000bF5OsQAK"
"a0bWD0000011TzRYAU","005al00000RVcKvAAL","false","a2C4W000001aGGH","","Html.Layouts.NoLayout","","","","a004W00000bF5OtQAK"
"a0bWD0000011TzSYAU","005al00000RVcKvAAL","false","a2C4W000001aGGY","","Html.Layouts.TableLayout","","","","a004W00000bF5OuQAK"
"a0bWD0000011TzTYAU","005al00000RVcKvAAL","false","a2C4W000001aGGG","","Html.Layouts.TwoColumnGrid","","","","a004W00000bF5OvQAK"
"a0bWD0000011TzUYAU","005al00000RVcKvAAL","false","a2C4W000001aGGF","","Html.Layouts.NoLayout","","","","a004W00000bF5OwQAK"
"a0bWD0000011TzVYAU","005al00000RVcKvAAL","false","a2C4W000001aGGZ","","Html.Layouts.NoLayout","","","","a004W00000bF5OxQAK"
"a0bWD0000011WMjYAM","005al00000RVcKvAAL","false","a2C4W000001aGH9","","Html.Layouts.NoLayout","","","","a004W00000bF5OyQAK"
"a0bWD0000011WMkYAM","005al00000RVcKvAAL","false","a2C4W000001aGHO","","Html.Layouts.TableLayout","","","","a004W00000bF5OzQAK"
"a0bWD0000011TzWYAU","005al00000RVcKvAAL","false","a2C4W000001aGGE","","Html.Layouts.TableLayout","","","","a004W00000bF5P0QAK"
"a0bWD0000011TzXYAU","005al00000RVcKvAAL","false","a2C4W000001aGGa","","Html.Layouts.NoLayout","","","","a004W00000bF5P1QAK"
"a0bWD0000011WMlYAM","005al00000RVcKvAAL","false","a2C4W000001aGHA","","Html.Layouts.TableLayout","","","","a004W00000bF5P2QAK"
"a0bWD0000011TzYYAU","005al00000RVcKvAAL","false","a2C4W000001aGGD","","Html.Layouts.NoLayout","","","","a004W00000bF5P3QAK"
"a0bWD0000011TzZYAU","005al00000RVcKvAAL","false","a2C4W000001aGGb","","Html.Layouts.NoLayout","","","","a004W00000bF5P4QAK"
"a0bWD0000011WMmYAM","005al00000RVcKvAAL","false","a2C4W000001aGHB","","Html.Layouts.TwoColumnGrid","","","","a004W00000bF5P5QAK"
"a0bWD0000011WMnYAM","005al00000RVcKvAAL","false","a2C4W000001aGHP","","Html.Layouts.TableLayout","","","","a004W00000bF5P6QAK"
"a0bWD0000011WMoYAM","005al00000RVcKvAAL","false","a2C4W000001aGHQ","","Html.Layouts.TableLayout","","","","a004W00000bF5P7QAK"
"a0bWD0000011TzaYAE","005al00000RVcKvAAL","false","a2C4W000001aGGC","","Html.Layouts.NoLayout","","","","a004W00000bF5P8QAK"
"a0bWD0000011TzbYAE","005al00000RVcKvAAL","false","a2C4W000001aGGc","","Html.Layouts.TableLayout","","","","a004W00000bF5P9QAK"
"a0bWD0000011TzcYAE","005al00000RVcKvAAL","false","a2C4W000001aGGB","","Html.Layouts.NoLayout","","","","a004W00000bF5PAQA0"
"a0bWD0000011TzdYAE","005al00000RVcKvAAL","false","a2C4W000001aGGd","","Html.Layouts.NoLayout","","","","a004W00000bF5PBQA0"
"a0bWD0000011WMpYAM","005al00000RVcKvAAL","false","a2C4W000001aGHC","","Html.Layouts.TableLayout","","","","a004W00000bF5PCQA0"
"a0bWD0000011TzeYAE","005al00000RVcKvAAL","false","a2C4W000001aGGA","","Html.Layouts.NoLayout","","","","a004W00000bF5PDQA0"
"a0bWD0000011TzfYAE","005al00000RVcKvAAL","false","a2C4W000001aGGe","","Html.Layouts.TableLayout","","","","a004W00000bF5PEQA0"
"a0bWD0000011TzgYAE","005al00000RVcKvAAL","false","a2C4W000001aGG9","","Html.Layouts.NoLayout","","","","a004W00000bF5PFQA0"
"a0bWD0000011TzhYAE","005al00000RVcKvAAL","false","a2C4W000001aGGf","","Html.Layouts.TableLayout","","","","a004W00000bF5PGQA0"
"a0bWD0000011TziYAE","005al00000RVcKvAAL","false","a2C4W000001aGG8","","Html.Layouts.TwoColumnGrid","","","","a004W00000bF5PHQA0"
"a0bWD0000011TzjYAE","005al00000RVcKvAAL","false","a2C4W000001aGG7","","Html.Layouts.NoLayout","","","","a004W00000bF5PIQA0"
"a0bWD0000011TzkYAE","005al00000RVcKvAAL","false","a2C4W000001aGGg","","Html.Layouts.TableLayout","","","","a004W00000bF5PJQA0"
"a0bWD0000011TzlYAE","005al00000RVcKvAAL","false","a2C4W000001aGFr","","Html.Layouts.NoLayout","","","","a004W00000bF5PKQA0"
"a0bWD0000011TzmYAE","005al00000RVcKvAAL","false","a2C4W000001aGGr","","Html.Layouts.TwoColumnGrid","","","","a004W00000bF5PLQA0"
"a0bWD0000011TznYAE","005al00000RVcKvAAL","false","a2C4W000001aGFq","","Html.Layouts.TwoColumnGrid","","","","a004W00000bF5PMQA0"
"a0bWD0000011TzoYAE","005al00000RVcKvAAL","false","a2C4W000001aGFp","","Html.Layouts.NoLayout","","","","a004W00000bF5PNQA0"
"a0bWD0000011TzpYAE","005al00000RVcKvAAL","false","a2C4W000001aGGs","","Html.Layouts.NoLayout","","","","a004W00000bF5POQA0"
"a0bWD0000011WMqYAM","005al00000RVcKvAAL","false","a2C4W000001aGHG","","Html.Layouts.NoLayout","","","","a004W00000bF5PPQA0"
"a0bWD0000011WMrYAM","005al00000RVcKvAAL","false","a2C4W000001aGHT","","Html.Layouts.TableLayout","","","","a004W00000bF5PQQA0"
"a0bWD0000011TzqYAE","005al00000RVcKvAAL","false","a2C4W000001aGFo","","Html.Layouts.NoLayout","","","","a004W00000bF5PRQA0"
"a0bWD0000011TzrYAE","005al00000RVcKvAAL","false","a2C4W000001aGGt","","Html.Layouts.NoLayout","","","","a004W00000bF5PSQA0"
"a0bWD0000011WMsYAM","005al00000RVcKvAAL","false","a2C4W000001aGHH","","Html.Layouts.TableLayout","","","","a004W00000bF5PTQA0"
"a0bWD0000011TzsYAE","005al00000RVcKvAAL","false","a2C4W000001aGFn","","Html.Layouts.NoLayout","","","","a004W00000bF5PUQA0"
"a0bWD0000011TztYAE","005al00000RVcKvAAL","false","a2C4W000001aGGu","","Html.Layouts.TableLayout","","","","a004W00000bF5PVQA0"
"a0bWD0000011TzuYAE","005al00000RVcKvAAL","false","a2C4W000001aGFm","","Html.Layouts.TwoColumnGrid","","","","a004W00000bF5PWQA0"
"a0bWD0000011TzvYAE","005al00000RVcKvAAL","false","a2C4W000001aGFl","","Html.Layouts.NoLayout","","","","a004W00000bF5PXQA0"
"a0bWD0000011TzwYAE","005al00000RVcKvAAL","false","a2C4W000001aGGv","","Html.Layouts.NoLayout","","","","a004W00000bF5PYQA0"
"a0bWD0000011WMtYAM","005al00000RVcKvAAL","false","a2C4W000001aGHI","","Html.Layouts.NoLayout","","","","a004W00000bF5PZQA0"
"a0bWD0000011WMuYAM","005al00000RVcKvAAL","false","a2C4W000001aGHU","","Html.Layouts.TableLayout","","","","a004W00000bF5PaQAK"
"a0bWD0000011TzxYAE","005al00000RVcKvAAL","false","a2C4W000001aGFk","","Html.Layouts.TableLayout","","","","a004W00000bF5PbQAK"
"a0bWD0000011TzyYAE","005al00000RVcKvAAL","false","a2C4W000001aGGw","","Html.Layouts.NoLayout","","","","a004W00000bF5PcQAK"
"a0bWD0000011WMvYAM","005al00000RVcKvAAL","false","a2C4W000001aGHJ","","Html.Layouts.TableLayout","","","","a004W00000bF5PdQAK"
"a0bWD0000011TzzYAE","005al00000RVcKvAAL","false","a2C4W000001aGFj","","Html.Layouts.NoLayout","","","","a004W00000bF5PeQAK"
"a0bWD0000011U00YAE","005al00000RVcKvAAL","false","a2C4W000001aGGx","","Html.Layouts.NoLayout","","","","a004W00000bF5PfQAK"
"a0bWD0000011WMwYAM","005al00000RVcKvAAL","false","a2C4W000001aGHK","","Html.Layouts.TwoColumnGrid","","","","a004W00000bF5PgQAK"
"a0bWD0000011WMxYAM","005al00000RVcKvAAL","false","a2C4W000001aGHV","","Html.Layouts.TableLayout","","","","a004W00000bF5PhQAK"
"a0bWD0000011WMyYAM","005al00000RVcKvAAL","false","a2C4W000001aGHW","","Html.Layouts.TableLayout","","","","a004W00000bF5PiQAK"
"a0bWD0000011U01YAE","005al00000RVcKvAAL","false","a2C4W000001aGFi","","Html.Layouts.NoLayout","","","","a004W00000bF5PjQAK"
"a0bWD0000011U02YAE","005al00000RVcKvAAL","false","a2C4W000001aGGy","","Html.Layouts.TableLayout","","","","a004W00000bF5PkQAK"
"a0bWD0000011U03YAE","005al00000RVcKvAAL","false","a2C4W000001aGFh","","Html.Layouts.NoLayout","","","","a004W00000bF5PlQAK"
"a0bWD0000011U04YAE","005al00000RVcKvAAL","false","a2C4W000001aGGz","","Html.Layouts.NoLayout","","","","a004W00000bF5PmQAK"
"a0bWD0000011WMzYAM","005al00000RVcKvAAL","false","a2C4W000001aGHL","","Html.Layouts.TableLayout","","","","a004W00000bF5PnQAK"
"a0bWD0000011U05YAE","005al00000RVcKvAAL","false","a2C4W000001aGFg","","Html.Layouts.NoLayout","","","","a004W00000bF5PoQAK"
"a0bWD0000011U06YAE","005al00000RVcKvAAL","false","a2C4W000001aGH0","","Html.Layouts.TableLayout","","","","a004W00000bF5PpQAK"
"a0bWD0000011U07YAE","005al00000RVcKvAAL","false","a2C4W000001aGFf","","Html.Layouts.NoLayout","","","","a004W00000bF5PqQAK"
"a0bWD0000011U08YAE","005al00000RVcKvAAL","false","a2C4W000001aGH1","","Html.Layouts.TableLayout","","","","a004W00000bF5PrQAK"
"a0bWD0000011U09YAE","005al00000RVcKvAAL","false","a2C4W000001aGFe","","Html.Layouts.TwoColumnGrid","","","","a004W00000bF5PsQAK"
"a0bWD0000011U0AYAU","005al00000RVcKvAAL","false","a2C4W000001aGFd","","Html.Layouts.NoLayout","","","","a004W00000bF5PtQAK"
"a0bWD0000011U0BYAU","005al00000RVcKvAAL","false","a2C4W000001aGH2","","Html.Layouts.TableLayout","","","","a004W00000bF5PuQAK"
"a0bWD0000011U0CYAU","005al00000RVcKvAAL","false","a2C4W000001aGFv","","Html.Layouts.NoLayout","","","","a004W00000bF5PvQAK"
"a0bWD0000011U0DYAU","005al00000RVcKvAAL","false","a2C4W000001aGH3","","Html.Layouts.TwoColumnGrid","","","","a004W00000bF5PwQAK"
"a0bWD0000011U0EYAU","005al00000RVcKvAAL","false","a2C4W000001aGFu","","Html.Layouts.TwoColumnGrid","","","","a004W00000bF5PxQAK"
"a0bWD0000011U0FYAU","005al00000RVcKvAAL","false","a2C4W000001aGFt","","Html.Layouts.NoLayout","","","","a004W00000bF5PyQAK"
"a0bWD0000011U0GYAU","005al00000RVcKvAAL","false","a2C4W000001aGHX","","Html.Layouts.NoLayout","","","","a004W00000bF5PzQAK"
"a0bWD0000011WN0YAM","005al00000RVcKvAAL","false","a2C4W000001aGHi","","Html.Layouts.NoLayout","","","","a004W00000bF5Q0QAK"
"a0bWD0000011WN1YAM","005al00000RVcKvAAL","false","a2C4W000001aGHo","","Html.Layouts.TableLayout","","","","a004W00000bF5Q1QAK"
"a0bWD0000011U0HYAU","005al00000RVcKvAAL","false","a2C4W000001aGFs","","Html.Layouts.NoLayout","","","","a004W00000bF5Q2QAK"
"a0bWD0000011U0IYAU","005al00000RVcKvAAL","false","a2C4W000001aGHY","","Html.Layouts.NoLayout","","","","a004W00000bF5Q3QAK"
"a0bWD0000011WN2YAM","005al00000RVcKvAAL","false","a2C4W000001aGHj","","Html.Layouts.TableLayout","","","","a004W00000bF5Q4QAK"
"a0bWD0000011U0JYAU","005al00000RVcKvAAL","false","a2C4W000001aGG6","","Html.Layouts.NoLayout","","","","a004W00000bF5Q5QAK"
"a0bWD0000011U0KYAU","005al00000RVcKvAAL","false","a2C4W000001aGHZ","","Html.Layouts.TableLayout","","","","a004W00000bF5Q6QAK"
"a0bWD0000011U0LYAU","005al00000RVcKvAAL","false","a2C4W000001aGG5","","Html.Layouts.TwoColumnGrid","","","","a004W00000bF5Q7QAK"
"a0bWD0000011U0MYAU","005al00000RVcKvAAL","false","a2C4W000001aGG4","","Html.Layouts.NoLayout","","","","a004W00000bF5Q8QAK"
"a0bWD0000011U0NYAU","005al00000RVcKvAAL","false","a2C4W000001aGHa","","Html.Layouts.NoLayout","","","","a004W00000bF5Q9QAK"
"a0bWD0000011WN3YAM","005al00000RVcKvAAL","false","a2C4W000001aGHk","","Html.Layouts.NoLayout","","","","a004W00000bF5QAQA0"
"a0bWD0000011WN4YAM","005al00000RVcKvAAL","false","a2C4W000001aGHp","","Html.Layouts.TableLayout","","","","a004W00000bF5QBQA0"
"a0bWD0000011U0OYAU","005al00000RVcKvAAL","false","a2C4W000001aGG3","","Html.Layouts.TableLayout","","","","a004W00000bF5QCQA0"
"a0bWD0000011U0PYAU","005al00000RVcKvAAL","false","a2C4W000001aGHb","","Html.Layouts.NoLayout","","","","a004W00000bF5QDQA0"
"a0bWD0000011WN5YAM","005al00000RVcKvAAL","false","a2C4W000001aGHl","","Html.Layouts.TableLayout","","","","a004W00000bF5QEQA0"
"a0bWD0000011U0QYAU","005al00000RVcKvAAL","false","a2C4W000001aGG2","","Html.Layouts.NoLayout","","","","a004W00000bF5QFQA0"
"a0bWD0000011U0RYAU","005al00000RVcKvAAL","false","a2C4W000001aGHc","","Html.Layouts.NoLayout","","","","a004W00000bF5QGQA0"
"a0bWD0000011WN6YAM","005al00000RVcKvAAL","false","a2C4W000001aGHm","","Html.Layouts.TwoColumnGrid","","","","a004W00000bF5QHQA0"
"a0bWD0000011WN7YAM","005al00000RVcKvAAL","false","a2C4W000001aGHq","","Html.Layouts.TableLayout","","","","a004W00000bF5QIQA0"
"a0bWD0000011WN8YAM","005al00000RVcKvAAL","false","a2C4W000001aGHr","","Html.Layouts.TableLayout","","","","a004W00000bF5QJQA0"
"a0bWD0000011U0SYAU","005al00000RVcKvAAL","false","a2C4W000001aGG1","","Html.Layouts.NoLayout","","","","a004W00000bF5QKQA0"
"a0bWD0000011U0TYAU","005al00000RVcKvAAL","false","a2C4W000001aGHd","","Html.Layouts.TableLayout","","","","a004W00000bF5QLQA0"
"a0bWD0000011U0UYAU","005al00000RVcKvAAL","false","a2C4W000001aGG0","","Html.Layouts.NoLayout","","","","a004W00000bF5QMQA0"
"a0bWD0000011U0VYAU","005al00000RVcKvAAL","false","a2C4W000001aGHe","","Html.Layouts.NoLayout","","","","a004W00000bF5QNQA0"
"a0bWD0000011WN9YAM","005al00000RVcKvAAL","false","a2C4W000001aGHn","","Html.Layouts.TableLayout","","","","a004W00000bF5QOQA0"
"a0bWD0000011U0WYAU","005al00000RVcKvAAL","false","a2C4W000001aGFz","","Html.Layouts.NoLayout","","","","a004W00000bF5QPQA0"
"a0bWD0000011U0XYAU","005al00000RVcKvAAL","false","a2C4W000001aGHf","","Html.Layouts.TableLayout","","","","a004W00000bF5QQQA0"
"a0bWD0000011U0YYAU","005al00000RVcKvAAL","false","a2C4W000001aGFy","","Html.Layouts.NoLayout","","","","a004W00000bF5QRQA0"
"a0bWD0000011U0ZYAU","005al00000RVcKvAAL","false","a2C4W000001aGHg","","Html.Layouts.TableLayout","","","","a004W00000bF5QSQA0"
"a0bWD0000011U0aYAE","005al00000RVcKvAAL","false","a2C4W000001aGFx","","Html.Layouts.TwoColumnGrid","","","","a004W00000bF5QTQA0"
"a0bWD0000011U0bYAE","005al00000RVcKvAAL","false","a2C4W000001aGFw","","Html.Layouts.NoLayout","","","","a004W00000bF5QUQA0"
"a0bWD0000011U0cYAE","005al00000RVcKvAAL","false","a2C4W000001aGHh","","Html.Layouts.TableLayout","","","","a004W00000bF5QVQA0"
"a0bWD0000011U0dYAE","005al00000RVcKvAAL","false","a2C5g000000LHA2","","Html.Layouts.NoLayout","","","","a005g00002t641KAAQ"
"a0bWD0000011U0eYAE","005al00000RVcKvAAL","false","a2C5g000000LHA3","","Html.Layouts.NoLayout","","","","a005g00002t641LAAQ"
"a0bWD0000011U0fYAE","005al00000RVcKvAAL","false","a2C5g000000LHA4","","Html.Layouts.NoLayout","","","","a005g00002t641MAAQ"
"a0bWD0000011U0gYAE","005al00000RVcKvAAL","false","NoLayout","","Html.Layouts.NoLayout","","","","a005g00002t641NAAQ"
"a0bWD0000011U0hYAE","005al00000RVcKvAAL","false","a2C5g000000LHA6","","Html.Layouts.NoLayout","","","","a005g00002t641OAAQ"
"a0bWD0000011U0iYAE","005al00000RVcKvAAL","false","a2C5g000000LHA7","","Html.Layouts.TwoColumnGrid","","","","a005g00002t641PAAQ"
"a0bWD0000011U0jYAE","005al00000RVcKvAAL","false","a2C5g000000LHA8","","Html.Layouts.NoLayout","","","","a005g00002t641QAAQ"
"a0bWD0000011U0kYAE","005al00000RVcKvAAL","false","a2C5g000000LHA9","","Html.Layouts.NoLayout","","","","a005g00002t641RAAQ"
"a0bWD0000011U0lYAE","005al00000RVcKvAAL","false","a2C5g000000LHAA","","Html.Layouts.NoLayout","","","","a005g00002t641SAAQ"
"a0bWD0000011U0mYAE","005al00000RVcKvAAL","false","a2C5g000000LHAB","","Html.Layouts.NoLayout","","","","a005g00002t641TAAQ"
"a0bWD0000011U0nYAE","005al00000RVcKvAAL","false","a2C5g000000LHAC","","Html.Layouts.NoLayout","","","","a005g00002t641UAAQ"
"a0bWD0000011U0oYAE","005al00000RVcKvAAL","false","a2C5g000000LHAD","","Html.Layouts.NoLayout","","","","a005g00002t641VAAQ"
"a0bWD0000011U0pYAE","005al00000RVcKvAAL","false","TwoColumnGrid","","Html.Layouts.TwoColumnGrid","","","","a005g00002t641WAAQ"
"a0bWD0000011U0qYAE","005al00000RVcKvAAL","false","a2C5g000000LHAF","","Html.Layouts.TwoColumnGrid","","","","a005g00002t641XAAQ"
"a0bWD0000011U0rYAE","005al00000RVcKvAAL","false","a2C5g000000LHAG","","Html.Layouts.NoLayout","","","","a005g00002t641YAAQ"
"a0bWD0000011U0sYAE","005al00000RVcKvAAL","false","a2C5g000000LHAH","","Html.Layouts.TwoColumnGrid","","","","a005g00002t641ZAAQ"
"a0bWD0000011U0tYAE","005al00000RVcKvAAL","false","a2C5g000000LHAI","","Html.Layouts.NoLayout","","","","a005g00002t641aAAA"
"a0bWD0000011U0uYAE","005al00000RVcKvAAL","false","a2C5g000000LHAJ","","Html.Layouts.NoLayout","","","","a005g00002t641bAAA"
"a0bWD0000011U0vYAE","005al00000RVcKvAAL","false","a2C5g000000LHAK","","Html.Layouts.NoLayout","","","","a005g00002t641cAAA"
"a0bWD0000011U0wYAE","005al00000RVcKvAAL","false","a2C5g000000LHAL","","Html.Layouts.NoLayout","","","","a005g00002t641dAAA"
"a0bWD0000011U0xYAE","005al00000RVcKvAAL","false","a2C5g000000LHAM","","Html.Layouts.NoLayout","","","","a005g00002t641eAAA"
"a0bWD0000011U0yYAE","005al00000RVcKvAAL","false","a2C5g000000LHAN","","Html.Layouts.TableLayout","","","","a005g00002t641fAAA"
"a0bWD0000011U0zYAE","005al00000RVcKvAAL","false","a2C5g000000LHAO","","Html.Layouts.NoLayout","","","","a005g00002t641gAAA"
"a0bWD0000011U10YAE","005al00000RVcKvAAL","false","a2C5g000000LHAP","","Html.Layouts.TwoColumnGrid","","","","a005g00002t641hAAA"
"a0bWD0000011U11YAE","005al00000RVcKvAAL","false","a2C5g000000LHAQ","","Html.Layouts.NoLayout","","","","a005g00002t641iAAA"
"a0bWD0000011U12YAE","005al00000RVcKvAAL","false","a2C5g000000LHAR","","Html.Layouts.NoLayout","","","","a005g00002t641jAAA"
"a0bWD0000011U13YAE","005al00000RVcKvAAL","false","a2C5g000000LHAS","","Html.Layouts.NoLayout","","","","a005g00002t641kAAA"
"a0bWD0000011U14YAE","005al00000RVcKvAAL","false","a2C5g000000LHAT","","Html.Layouts.TwoColumnGrid","","","","a005g00002t641lAAA"
"a0bWD0000011U15YAE","005al00000RVcKvAAL","false","a2C5g000000LHAU","","Html.Layouts.NoLayout","","","","a005g00002t641mAAA"
"a0bWD0000011U16YAE","005al00000RVcKvAAL","false","a2C5g000000LHAV","","Html.Layouts.NoLayout","","","","a005g00002t641nAAA"
"a0bWD0000011U17YAE","005al00000RVcKvAAL","false","a2C5g000000LHAW","","Html.Layouts.NoLayout","","","","a005g00002t641oAAA"
"a0bWD0000011U18YAE","005al00000RVcKvAAL","false","a2C5g000000LHAX","","Html.Layouts.TwoColumnGrid","","","","a005g00002t641pAAA"
"a0bWD0000011U19YAE","005al00000RVcKvAAL","false","a2C5g000000LHAY","","Html.Layouts.NoLayout","","","","a005g00002t641qAAA"
"a0bWD0000011U1AYAU","005al00000RVcKvAAL","false","a2C5g000000LHAZ","","Html.Layouts.NoLayout","","","","a005g00002t641rAAA"
"a0bWD0000011U1BYAU","005al00000RVcKvAAL","false","a2C5g000000LHAa","","Html.Layouts.TwoColumnGrid","","","","a005g00002t641sAAA"
"a0bWD0000011U1CYAU","005al00000RVcKvAAL","false","a2C5g000000LHAb","","Html.Layouts.NoLayout","","","","a005g00002t641tAAA"
"a0bWD0000011U1DYAU","005al00000RVcKvAAL","false","a2C5g000000LHAc","","Html.Layouts.NoLayout","","","","a005g00002t641uAAA"
"a0bWD0000011U1EYAU","005al00000RVcKvAAL","false","a2C5g000000LHAd","","Html.Layouts.NoLayout","","","","a005g00002t641vAAA"
"a0bWD0000011U1FYAU","005al00000RVcKvAAL","false","a2C5g000000LHAe","","Html.Layouts.NoLayout","","","","a005g00002t641wAAA"
"a0bWD0000011U1GYAU","005al00000RVcKvAAL","false","a2C5g000000LHAf","","Html.Layouts.NoLayout","","","","a005g00002t641xAAA"
"a0bWD0000011U1HYAU","005al00000RVcKvAAL","false","a2C5g000000LHAg","","Html.Layouts.TableLayout","","","","a005g00002t641yAAA"
"a0bWD0000011U1IYAU","005al00000RVcKvAAL","false","a2C5g000000LHAh","","Html.Layouts.NoLayout","","","","a005g00002t641zAAA"
"a0bWD0000011U1JYAU","005al00000RVcKvAAL","false","a2C5g000000LHAi","","Html.Layouts.TwoColumnGrid","","","","a005g00002t6420AAA"
"a0bWD0000011U1KYAU","005al00000RVcKvAAL","false","a2C5g000000LHAj","","Html.Layouts.NoLayout","","","","a005g00002t6421AAA"
"a0bWD0000011U1LYAU","005al00000RVcKvAAL","false","a2C5g000000LHAk","","Html.Layouts.NoLayout","","","","a005g00002t6422AAA"
"a0bWD0000011U1MYAU","005al00000RVcKvAAL","false","a2C5g000000LHAl","","Html.Layouts.TwoColumnGrid","","","","a005g00002t6423AAA"
"a0bWD0000011U1NYAU","005al00000RVcKvAAL","false","a2C5g000000LHAm","","Html.Layouts.NoLayout","","","","a005g00002t6424AAA"
"a0bWD0000011U1OYAU","005al00000RVcKvAAL","false","a2C5g000000LHAn","","Html.Layouts.NoLayout","","","","a005g00002t6425AAA"
"a0bWD0000011U1PYAU","005al00000RVcKvAAL","false","a2C5g000000LHAo","","Html.Layouts.NoLayout","","","","a005g00002t6426AAA"
"a0bWD0000011U1QYAU","005al00000RVcKvAAL","false","a2C5g000000LHAp","","Html.Layouts.NoLayout","","","","a005g00002t6427AAA"
"a0bWD0000011U1RYAU","005al00000RVcKvAAL","false","a2C5g000000LHAq","","Html.Layouts.NoLayout","","","","a005g00002t6428AAA"
"a0bWD0000011U1SYAU","005al00000RVcKvAAL","false","a2C5g000000LHAr","","Html.Layouts.TableLayout","","","","a005g00002t6429AAA"
"a0bWD0000011U1TYAU","005al00000RVcKvAAL","false","a2C5g000000LHAs","","Html.Layouts.NoLayout","","","","a005g00002t642AAAQ"
"a0bWD0000011U1UYAU","005al00000RVcKvAAL","false","a2C5g000000LHAt","","Html.Layouts.TwoColumnGrid","","","","a005g00002t642BAAQ"
"a0bWD0000011U1VYAU","005al00000RVcKvAAL","false","a2C5g000000LHAu","","Html.Layouts.NoLayout","","","","a005g00002t642CAAQ"
"a0bWD0000011U1WYAU","005al00000RVcKvAAL","false","a2C5g000000LHAv","","Html.Layouts.NoLayout","","","","a005g00002t642DAAQ"
"a0bWD0000011U1XYAU","005al00000RVcKvAAL","false","a2C5g000000LHAw","","Html.Layouts.NoLayout","","","","a005g00002t642EAAQ"
"a0bWD0000011U1YYAU","005al00000RVcKvAAL","false","a2C5g000000LHAx","","Html.Layouts.TwoColumnGrid","","","","a005g00002t642FAAQ"
"a0bWD0000011U1ZYAU","005al00000RVcKvAAL","false","a2C5g000000LHAy","","Html.Layouts.NoLayout","","","","a005g00002t642GAAQ"
"a0bWD0000011U1aYAE","005al00000RVcKvAAL","false","a2C5g000000LHAz","","Html.Layouts.NoLayout","","","","a005g00002t642HAAQ"
"a0bWD0000011U1bYAE","005al00000RVcKvAAL","false","a2C5g000000LHB0","","Html.Layouts.NoLayout","","","","a005g00002t642IAAQ"
"a0bWD0000011U1cYAE","005al00000RVcKvAAL","false","a2C5g000000LHB1","","Html.Layouts.NoLayout","","","","a005g00002t642JAAQ"
"a0bWD0000011U1dYAE","005al00000RVcKvAAL","false","a2C5g000000LHB2","","Html.Layouts.NoLayout","","","","a005g00002t642KAAQ"
"a0bWD0000011U1eYAE","005al00000RVcKvAAL","false","a2C5g000000LHB3","","Html.Layouts.NoLayout","","","","a005g00002t642LAAQ"
"a0bWD0000011U1fYAE","005al00000RVcKvAAL","false","a2C5g000000LHB4","","Html.Layouts.TableLayout","","","","a005g00002t642MAAQ"
"a0bWD0000011U1gYAE","005al00000RVcKvAAL","false","a2C5g000000LHB5","","Html.Layouts.NoLayout","","","","a005g00002t642NAAQ"
"a0bWD0000011U1hYAE","005al00000RVcKvAAL","false","a2C5g000000LHB6","","Html.Layouts.TwoColumnGrid","","","","a005g00002t642OAAQ"
"a0bWD0000011U1iYAE","005al00000RVcKvAAL","false","NoLayout","","Html.Layouts.NoLayout","","","","a005g00002t642PAAQ"
"a0bWD0000011U1jYAE","005al00000RVcKvAAL","false","a2C5g000000LHB8","","Html.Layouts.TableLayout","","","","a005g00002t642QAAQ"
"a0bWD0000011U1kYAE","005al00000RVcKvAAL","false","a2C5g000000LHB9","","Html.Layouts.NoLayout","","","","a005g00002t642RAAQ"
"a0bWD0000011U1lYAE","005al00000RVcKvAAL","false","a2C5g000000LHBA","","Html.Layouts.NoLayout","","","","a005g00002t642SAAQ"
"a0bWD0000011U1mYAE","005al00000RVcKvAAL","false","a2C5g000000LHBB","","Html.Layouts.TableLayout","","","","a005g00002t642TAAQ"
"a0bWD0000011U1nYAE","005al00000RVcKvAAL","false","a2C5g000000LHBC","","Html.Layouts.NoLayout","","","","a005g00002t642UAAQ"
"a0bWD0000011U1oYAE","005al00000RVcKvAAL","false","a2C5g000000LHBD","","Html.Layouts.NoLayout","","","","a005g00002t642VAAQ"
"a0bWD0000011U1pYAE","005al00000RVcKvAAL","false","a2C5g000000LHBE","","Html.Layouts.NoLayout","","","","a005g00002t642WAAQ"
"a0bWD0000011U1qYAE","005al00000RVcKvAAL","false","a2C5g000000LHBF","","Html.Layouts.TableLayout","","","","a005g00002t642XAAQ"
"a0bWD0000011U1rYAE","005al00000RVcKvAAL","false","a2C5g000000LHBG","","Html.Layouts.NoLayout","","","","a005g00002t642YAAQ"
"a0bWD0000011U1sYAE","005al00000RVcKvAAL","false","a2C5g000000LHBH","","Html.Layouts.TableLayout","","","","a005g00002t642ZAAQ"
"a0bWD0000011U1tYAE","005al00000RVcKvAAL","false","a2C5g000000LHBI","","Html.Layouts.TableLayout","","","","a005g00002t642aAAA"
"a0bWD0000011U1uYAE","005al00000RVcKvAAL","false","a2C5g000000LHBJ","","Html.Layouts.TableLayout","","","","a005g00002t642bAAA"
"a0bWD0000011U1vYAE","005al00000RVcKvAAL","false","a2C5g000000LHBK","","Html.Layouts.TableLayout","","","","a005g00002t642cAAA"
"a0bWD0000011U1wYAE","005al00000RVcKvAAL","false","a2C5g000000LHBL","","Html.Layouts.NoLayout","","","","a005g00002t642dAAA"
"a0bWD0000011U1xYAE","005al00000RVcKvAAL","false","a2C5g000000LHBM","","Html.Layouts.NoLayout","","","","a005g00002t642eAAA"
"a0bWD0000011U1yYAE","005al00000RVcKvAAL","false","a2C5g000000LHBN","","Html.Layouts.TableLayout","","","","a005g00002t642fAAA"
"a0bWD0000011U1zYAE","005al00000RVcKvAAL","false","a2C5g000000LHBO","","Html.Layouts.NoLayout","","","","a005g00002t642gAAA"
"a0bWD0000011U20YAE","005al00000RVcKvAAL","false","a2C5g000000LHBP","","Html.Layouts.NoLayout","","","","a005g00002t642hAAA"
"a0bWD0000011U21YAE","005al00000RVcKvAAL","false","a2C5g000000LHBQ","","Html.Layouts.TableLayout","","","","a005g00002t642iAAA"
"a0bWD0000011U22YAE","005al00000RVcKvAAL","false","a2C5g000000LHBR","","Html.Layouts.TableLayout","","","","a005g00002t642jAAA"
"a0bWD0000011U23YAE","005al00000RVcKvAAL","false","a2C5g000000LHBS","","Html.Layouts.TableLayout","","","","a005g00002t642kAAA"
"a0bWD0000011U24YAE","005al00000RVcKvAAL","false","a2C5g000000LHBT","","Html.Layouts.TableLayout","","","","a005g00002t642lAAA"
"a0bWD0000011U25YAE","005al00000RVcKvAAL","false","a2C5g000000LHBU","","Html.Layouts.TwoColumnGrid","","","","a005g00002t642mAAA"
"a0bWD0000011U26YAE","005al00000RVcKvAAL","false","a2C5g000000LHBV","","Html.Layouts.NoLayout","","","","a005g00002t642nAAA"
"a0bWD0000011U27YAE","005al00000RVcKvAAL","false","a2C5g000000LHBW","","Html.Layouts.NoLayout","","","","a005g00002t642oAAA"
"a0bWD0000011U28YAE","005al00000RVcKvAAL","false","a2C5g000000LHBX","","Html.Layouts.TableLayout","","","","a005g00002t642pAAA"
"a0bWD0000011U29YAE","005al00000RVcKvAAL","false","a2C5g000000LHBY","","Html.Layouts.NoLayout","","","","a005g00002t642qAAA"
"a0bWD0000011U2AYAU","005al00000RVcKvAAL","false","a2C5g000000LHBZ","","Html.Layouts.NoLayout","","","","a005g00002t642rAAA"
"a0bWD0000011U2BYAU","005al00000RVcKvAAL","false","a2C5g000000LHBa","","Html.Layouts.NoLayout","","","","a005g00002t642sAAA"
"a0bWD0000011U2CYAU","005al00000RVcKvAAL","false","a2C5g000000LHBb","","Html.Layouts.TableLayout","","","","a005g00002t642tAAA"
"a0bWD0000011U2DYAU","005al00000RVcKvAAL","false","a2C5g000000LHBc","","Html.Layouts.NoLayout","","","","a005g00002t642uAAA"
"a0bWD0000011U2EYAU","005al00000RVcKvAAL","false","a2C5g000000LHBd","","Html.Layouts.TableLayout","","","","a005g00002t642vAAA"
"a0bWD0000011U2FYAU","005al00000RVcKvAAL","false","a2C5g000000LHBe","","Html.Layouts.TableLayout","","","","a005g00002t642wAAA"
"a0bWD0000011U2GYAU","005al00000RVcKvAAL","false","a2C5g000000LHBf","","Html.Layouts.TableLayout","","","","a005g00002t642xAAA"
"a0bWD0000011U2HYAU","005al00000RVcKvAAL","false","a2C5g000000LHBg","","Html.Layouts.TwoColumnGrid","","","","a005g00002t642yAAA"
"a0bWD0000011WNAYA2","005al00000RVcKvAAL","false","TwoColumnGrid","","Html.Layouts.TwoColumnGrid","","","","a005g00002t642zAAA"
"a0bWD0000011WNBYA2","005al00000RVcKvAAL","false","a2C5g000000LHBi","","Html.Layouts.TableLayout","","","","a005g00002t6430AAA"
"a0bWD0000011WNCYA2","005al00000RVcKvAAL","false","SingleColumnGrid","","Html.Layouts.SingleColumnGrid","","","","a005g00002t6431AAA"
"a0bWD0000011WNDYA2","005al00000RVcKvAAL","false","a2C5g000000LHBk","","Html.Layouts.NoLayout","","","","a005g00002t6432AAA"
"a0bWD0000011WNEYA2","005al00000RVcKvAAL","false","a2C5g000000LHBl","","Html.Layouts.TableLayout","","","","a005g00002t6433AAA"
"a0bWD0000011WNFYA2","005al00000RVcKvAAL","false","a2C5g000000LHBm","","Html.Layouts.NoLayout","","","","a005g00002t6434AAA"
"a0bWD0000011WNGYA2","005al00000RVcKvAAL","false","a2C5g000000LHBn","","Html.Layouts.TableLayout","","","","a005g00002t6435AAA"
"a0bWD0000011WNHYA2","005al00000RVcKvAAL","false","a2C5g000000LHBo","","Html.Layouts.TwoColumnGrid","","","","a005g00002t6436AAA"
"a0bWD0000011WNIYA2","005al00000RVcKvAAL","false","a2C5g000000LHBp","","Html.Layouts.TableLayout","","","","a005g00002t6437AAA"
"a0bWD0000011WNJYA2","005al00000RVcKvAAL","false","a2C5g000000LHBq","","Html.Layouts.TableLayout","","","","a005g00002t6438AAA"
"a0bWD0000011WNKYA2","005al00000RVcKvAAL","false","a2C5g000000LHBr","","Html.Layouts.TwoColumnGrid","","","","a005g00002t6439AAA"
"a0bWD0000011WNLYA2","005al00000RVcKvAAL","false","a2C5g000000LHBs","","Html.Layouts.TableLayout","","","","a005g00002t643AAAQ"
"a0bWD0000011WNMYA2","005al00000RVcKvAAL","false","a2C5g000000LHBt","","Html.Layouts.NoLayout","","","","a005g00002t643BAAQ"
"a0bWD0000011WNNYA2","005al00000RVcKvAAL","false","a2C5g000000LHBu","","Html.Layouts.TableLayout","","","","a005g00002t643CAAQ"
"a0bWD0000011WNOYA2","005al00000RVcKvAAL","false","a2C5g000000LHBv","","Html.Layouts.NoLayout","","","","a005g00002t643DAAQ"
"a0bWD0000011WNPYA2","005al00000RVcKvAAL","false","a2C5g000000LHBw","","Html.Layouts.TableLayout","","","","a005g00002t643EAAQ"
"a0bWD0000011WNQYA2","005al00000RVcKvAAL","false","a2C5g000000LHBx","","Html.Layouts.TwoColumnGrid","","","","a005g00002t643FAAQ"
"a0bWD0000011WNRYA2","005al00000RVcKvAAL","false","a2C5g000000LHBy","","Html.Layouts.TableLayout","","","","a005g00002t643GAAQ"
"a0bWD0000011U2IYAU","005al00000RVcKvAAL","false","a2C5g000000LHCA","","Html.Layouts.NoLayout","","","","a005g00002t643SAAQ"
"a0bWD0000011U2JYAU","005al00000RVcKvAAL","false","a2C5g000000LHCB","","Html.Layouts.NoLayout","","","","a005g00002t643TAAQ"
"a0bWD0000011U2KYAU","005al00000RVcKvAAL","false","a2C5g000000LHCC","","Html.Layouts.TableLayout","","","","a005g00002t643UAAQ"
"a0bWD0000011U2LYAU","005al00000RVcKvAAL","false","a2C5g000000LHCD","","Html.Layouts.NoLayout","","","","a005g00002t643VAAQ"
"a0bWD0000011U2MYAU","005al00000RVcKvAAL","false","a2C5g000000LHCE","","Html.Layouts.NoLayout","","","","a005g00002t643WAAQ"
"a0bWD0000011U2NYAU","005al00000RVcKvAAL","false","a2C5g000000LHCF","","Html.Layouts.NoLayout","","","","a005g00002t643XAAQ"
"a0bWD0000011U2OYAU","005al00000RVcKvAAL","false","a2C5g000000LHCG","","Html.Layouts.TableLayout","","","","a005g00002t643YAAQ"
"a0bWD0000011U2PYAU","005al00000RVcKvAAL","false","a2C5g000000LHCH","","Html.Layouts.NoLayout","","","","a005g00002t643ZAAQ"
"a0bWD0000011U2QYAU","005al00000RVcKvAAL","false","a2C5g000000LHCI","","Html.Layouts.TableLayout","","","","a005g00002t643aAAA"
"a0bWD0000011U2RYAU","005al00000RVcKvAAL","false","a2C5g000000LHCJ","","Html.Layouts.TableLayout","","","","a005g00002t643bAAA"
"a0bWD0000011U2SYAU","005al00000RVcKvAAL","false","a2C5g000000LHCK","","Html.Layouts.TableLayout","","","","a005g00002t643cAAA"
"a0bWD0000011WNSYA2","005al00000RVcKvAAL","false","a2C5g000000LHCL","","Html.Layouts.NoLayout","","","","a005g00002t643dAAA"
"a0bWD0000011WNTYA2","005al00000RVcKvAAL","false","a2C5g000000LHCM","","Html.Layouts.TableLayout","","","","a005g00002t643eAAA"
"a0bWD0000011WNUYA2","005al00000RVcKvAAL","false","a2C5g000000LHCN","","Html.Layouts.NoLayout","","","","a005g00002t643fAAA"
"a0bWD0000011WNVYA2","005al00000RVcKvAAL","false","a2C5g000000LHCO","","Html.Layouts.TableLayout","","","","a005g00002t643gAAA"
"a0bWD0000011WNWYA2","005al00000RVcKvAAL","false","a2C5g000000LHCP","","Html.Layouts.TwoColumnGrid","","","","a005g00002t643hAAA"
"a0bWD0000011WNXYA2","005al00000RVcKvAAL","false","a2C5g000000LHCQ","","Html.Layouts.TableLayout","","","","a005g00002t643iAAA"
"a0bWD0000011U2TYAU","005al00000RVcKvAAL","false","a2C5i00000114NT","","Html.Layouts.NoLayout","","","","a005i000003swZ8AAI"
"a0bWD0000011U2UYAU","005al00000RVcKvAAL","false","a2C5i00000114NU","","Html.Layouts.NoLayout","","","","a005i000003swZ9AAI"
"a0bWD0000011U2VYAU","005al00000RVcKvAAL","false","a2C5i00000114NV","","Html.Layouts.NoLayout","","","","a005i000003swZAAAY"
"a0bWD0000011U2WYAU","005al00000RVcKvAAL","false","NoLayout","","Html.Layouts.NoLayout","","","","a005i000003swZBAAY"
"a0bWD0000011U2XYAU","005al00000RVcKvAAL","false","a2C5i00000114NX","","Html.Layouts.NoLayout","","","","a005i000003swZCAAY"
"a0bWD0000011U2YYAU","005al00000RVcKvAAL","false","a2C5i00000114NY","","Html.Layouts.TwoColumnGrid","","","","a005i000003swZDAAY"
"a0bWD0000011U2ZYAU","005al00000RVcKvAAL","false","a2C5i00000114NZ","","Html.Layouts.NoLayout","","","","a005i000003swZEAAY"
"a0bWD0000011U2aYAE","005al00000RVcKvAAL","false","a2C5i00000114Na","","Html.Layouts.NoLayout","","","","a005i000003swZFAAY"
"a0bWD0000011U2bYAE","005al00000RVcKvAAL","false","a2C5i00000114Nb","","Html.Layouts.NoLayout","","","","a005i000003swZGAAY"
"a0bWD0000011U2cYAE","005al00000RVcKvAAL","false","a2C5i00000114Nc","","Html.Layouts.NoLayout","","","","a005i000003swZHAAY"
"a0bWD0000011U2dYAE","005al00000RVcKvAAL","false","a2C5i00000114Nd","","Html.Layouts.NoLayout","","","","a005i000003swZIAAY"
"a0bWD0000011U2eYAE","005al00000RVcKvAAL","false","a2C5i00000114Ne","","Html.Layouts.NoLayout","","","","a005i000003swZJAAY"
"a0bWD0000011U2fYAE","005al00000RVcKvAAL","false","TwoColumnGrid","","Html.Layouts.TwoColumnGrid","","","","a005i000003swZKAAY"
"a0bWD0000011U2gYAE","005al00000RVcKvAAL","false","a2C5i00000114Ng","","Html.Layouts.TwoColumnGrid","","","","a005i000003swZLAAY"
"a0bWD0000011U2hYAE","005al00000RVcKvAAL","false","a2C5i00000114Nh","","Html.Layouts.NoLayout","","","","a005i000003swZMAAY"
"a0bWD0000011U2iYAE","005al00000RVcKvAAL","false","a2C5i00000114Ni","","Html.Layouts.TwoColumnGrid","","","","a005i000003swZNAAY"
"a0bWD0000011U2jYAE","005al00000RVcKvAAL","false","a2C5i00000114Nj","","Html.Layouts.NoLayout","","","","a005i000003swZOAAY"
"a0bWD0000011U2kYAE","005al00000RVcKvAAL","false","a2C5i00000114Nk","","Html.Layouts.NoLayout","","","","a005i000003swZPAAY"
"a0bWD0000011U2lYAE","005al00000RVcKvAAL","false","a2C5i00000114Nl","","Html.Layouts.NoLayout","","","","a005i000003swZQAAY"
"a0bWD0000011U2mYAE","005al00000RVcKvAAL","false","a2C5i00000114Nm","","Html.Layouts.NoLayout","","","","a005i000003swZRAAY"
"a0bWD0000011U2nYAE","005al00000RVcKvAAL","false","a2C5i00000114Nn","","Html.Layouts.NoLayout","","","","a005i000003swZSAAY"
"a0bWD0000011U2oYAE","005al00000RVcKvAAL","false","a2C5i00000114No","","Html.Layouts.TableLayout","","","","a005i000003swZTAAY"
"a0bWD0000011U2pYAE","005al00000RVcKvAAL","false","a2C5i00000114Np","","Html.Layouts.NoLayout","","","","a005i000003swZUAAY"
"a0bWD0000011U2qYAE","005al00000RVcKvAAL","false","a2C5i00000114Nq","","Html.Layouts.TwoColumnGrid","","","","a005i000003swZVAAY"
"a0bWD0000011U2rYAE","005al00000RVcKvAAL","false","a2C5i00000114Nr","","Html.Layouts.NoLayout","","","","a005i000003swZWAAY"
"a0bWD0000011U2sYAE","005al00000RVcKvAAL","false","a2C5i00000114Ns","","Html.Layouts.NoLayout","","","","a005i000003swZXAAY"
"a0bWD0000011U2tYAE","005al00000RVcKvAAL","false","a2C5i00000114Nt","","Html.Layouts.NoLayout","","","","a005i000003swZYAAY"
"a0bWD0000011U2uYAE","005al00000RVcKvAAL","false","a2C5i00000114Nu","","Html.Layouts.TwoColumnGrid","","","","a005i000003swZZAAY"
"a0bWD0000011U2vYAE","005al00000RVcKvAAL","false","a2C5i00000114Nv","","Html.Layouts.NoLayout","","","","a005i000003swZaAAI"
"a0bWD0000011U2wYAE","005al00000RVcKvAAL","false","a2C5i00000114Nw","","Html.Layouts.NoLayout","","","","a005i000003swZbAAI"
"a0bWD0000011U2xYAE","005al00000RVcKvAAL","false","a2C5i00000114Nx","","Html.Layouts.NoLayout","","","","a005i000003swZcAAI"
"a0bWD0000011U2yYAE","005al00000RVcKvAAL","false","a2C5i00000114Ny","","Html.Layouts.TwoColumnGrid","","","","a005i000003swZdAAI"
"a0bWD0000011U2zYAE","005al00000RVcKvAAL","false","a2C5i00000114Nz","","Html.Layouts.NoLayout","","","","a005i000003swZeAAI"
"a0bWD0000011U30YAE","005al00000RVcKvAAL","false","a2C5i00000114O0","","Html.Layouts.NoLayout","","","","a005i000003swZfAAI"
"a0bWD0000011U31YAE","005al00000RVcKvAAL","false","a2C5i00000114O1","","Html.Layouts.TwoColumnGrid","","","","a005i000003swZgAAI"
"a0bWD0000011U32YAE","005al00000RVcKvAAL","false","a2C5i00000114O2","","Html.Layouts.NoLayout","","","","a005i000003swZhAAI"
"a0bWD0000011U33YAE","005al00000RVcKvAAL","false","a2C5i00000114O3","","Html.Layouts.NoLayout","","","","a005i000003swZiAAI"
"a0bWD0000011U34YAE","005al00000RVcKvAAL","false","a2C5i00000114O4","","Html.Layouts.NoLayout","","","","a005i000003swZjAAI"
"a0bWD0000011U35YAE","005al00000RVcKvAAL","false","a2C5i00000114O5","","Html.Layouts.NoLayout","","","","a005i000003swZkAAI"
"a0bWD0000011U36YAE","005al00000RVcKvAAL","false","a2C5i00000114O6","","Html.Layouts.NoLayout","","","","a005i000003swZlAAI"
"a0bWD0000011U37YAE","005al00000RVcKvAAL","false","a2C5i00000114O7","","Html.Layouts.TableLayout","","","","a005i000003swZmAAI"
"a0bWD0000011U38YAE","005al00000RVcKvAAL","false","a2C5i00000114O8","","Html.Layouts.NoLayout","","","","a005i000003swZnAAI"
"a0bWD0000011U39YAE","005al00000RVcKvAAL","false","a2C5i00000114O9","","Html.Layouts.TwoColumnGrid","","","","a005i000003swZoAAI"
"a0bWD0000011U3AYAU","005al00000RVcKvAAL","false","a2C5i00000114OA","","Html.Layouts.NoLayout","","","","a005i000003swZpAAI"
"a0bWD0000011U3BYAU","005al00000RVcKvAAL","false","a2C5i00000114OB","","Html.Layouts.NoLayout","","","","a005i000003swZqAAI"
"a0bWD0000011U3CYAU","005al00000RVcKvAAL","false","a2C5i00000114OC","","Html.Layouts.TwoColumnGrid","","","","a005i000003swZrAAI"
"a0bWD0000011U3DYAU","005al00000RVcKvAAL","false","a2C5i00000114OD","","Html.Layouts.NoLayout","","","","a005i000003swZsAAI"
"a0bWD0000011U3EYAU","005al00000RVcKvAAL","false","a2C5i00000114OE","","Html.Layouts.NoLayout","","","","a005i000003swZtAAI"
"a0bWD0000011U3FYAU","005al00000RVcKvAAL","false","a2C5i00000114OF","","Html.Layouts.NoLayout","","","","a005i000003swZuAAI"
"a0bWD0000011U3GYAU","005al00000RVcKvAAL","false","a2C5i00000114OG","","Html.Layouts.NoLayout","","","","a005i000003swZvAAI"
"a0bWD0000011U3HYAU","005al00000RVcKvAAL","false","a2C5i00000114OH","","Html.Layouts.NoLayout","","","","a005i000003swZwAAI"
"a0bWD0000011U3IYAU","005al00000RVcKvAAL","false","a2C5i00000114OI","","Html.Layouts.TableLayout","","","","a005i000003swZxAAI"
"a0bWD0000011U3JYAU","005al00000RVcKvAAL","false","a2C5i00000114OJ","","Html.Layouts.NoLayout","","","","a005i000003swZyAAI"
"a0bWD0000011U3KYAU","005al00000RVcKvAAL","false","a2C5i00000114OK","","Html.Layouts.TwoColumnGrid","","","","a005i000003swZzAAI"
"a0bWD0000011U3LYAU","005al00000RVcKvAAL","false","a2C5i00000114OL","","Html.Layouts.NoLayout","","","","a005i000003swa0AAA"
"a0bWD0000011U3MYAU","005al00000RVcKvAAL","false","a2C5i00000114OM","","Html.Layouts.NoLayout","","","","a005i000003swa1AAA"
"a0bWD0000011U3NYAU","005al00000RVcKvAAL","false","a2C5i00000114ON","","Html.Layouts.NoLayout","","","","a005i000003swa2AAA"
"a0bWD0000011U3OYAU","005al00000RVcKvAAL","false","a2C5i00000114OO","","Html.Layouts.TwoColumnGrid","","","","a005i000003swa3AAA"
"a0bWD0000011U3PYAU","005al00000RVcKvAAL","false","a2C5i00000114OP","","Html.Layouts.NoLayout","","","","a005i000003swa4AAA"
"a0bWD0000011U3QYAU","005al00000RVcKvAAL","false","a2C5i00000114OQ","","Html.Layouts.NoLayout","","","","a005i000003swa5AAA"
"a0bWD0000011U3RYAU","005al00000RVcKvAAL","false","a2C5i00000114OR","","Html.Layouts.NoLayout","","","","a005i000003swa6AAA"
"a0bWD0000011U3SYAU","005al00000RVcKvAAL","false","a2C5i00000114OS","","Html.Layouts.NoLayout","","","","a005i000003swa7AAA"
"a0bWD0000011U3TYAU","005al00000RVcKvAAL","false","a2C5i00000114OT","","Html.Layouts.NoLayout","","","","a005i000003swa8AAA"
"a0bWD0000011U3UYAU","005al00000RVcKvAAL","false","a2C5i00000114OU","","Html.Layouts.NoLayout","","","","a005i000003swa9AAA"
"a0bWD0000011U3VYAU","005al00000RVcKvAAL","false","a2C5i00000114OV","","Html.Layouts.TableLayout","","","","a005i000003swaAAAQ"
"a0bWD0000011U3WYAU","005al00000RVcKvAAL","false","a2C5i00000114OW","","Html.Layouts.NoLayout","","","","a005i000003swaBAAQ"
"a0bWD0000011U3XYAU","005al00000RVcKvAAL","false","a2C5i00000114OX","","Html.Layouts.TwoColumnGrid","","","","a005i000003swaCAAQ"
"a0bWD0000011U3YYAU","005al00000RVcKvAAL","false","NoLayout","","Html.Layouts.NoLayout","","","","a005i000003swaDAAQ"
"a0bWD0000011U3ZYAU","005al00000RVcKvAAL","false","a2C5i00000114OZ","","Html.Layouts.TableLayout","","","","a005i000003swaEAAQ"
"a0bWD0000011U3aYAE","005al00000RVcKvAAL","false","a2C5i00000114Oa","","Html.Layouts.NoLayout","","","","a005i000003swaFAAQ"
"a0bWD0000011U3bYAE","005al00000RVcKvAAL","false","a2C5i00000114Ob","","Html.Layouts.NoLayout","","","","a005i000003swaGAAQ"
"a0bWD0000011U3cYAE","005al00000RVcKvAAL","false","a2C5i00000114Oc","","Html.Layouts.TableLayout","","","","a005i000003swaHAAQ"
"a0bWD0000011U3dYAE","005al00000RVcKvAAL","false","a2C5i00000114Od","","Html.Layouts.NoLayout","","","","a005i000003swaIAAQ"
"a0bWD0000011U3eYAE","005al00000RVcKvAAL","false","a2C5i00000114Oe","","Html.Layouts.NoLayout","","","","a005i000003swaJAAQ"
"a0bWD0000011U3fYAE","005al00000RVcKvAAL","false","a2C5i00000114Of","","Html.Layouts.NoLayout","","","","a005i000003swaKAAQ"
"a0bWD0000011U3gYAE","005al00000RVcKvAAL","false","a2C5i00000114Og","","Html.Layouts.TableLayout","","","","a005i000003swaLAAQ"
"a0bWD0000011U3hYAE","005al00000RVcKvAAL","false","a2C5i00000114Oh","","Html.Layouts.NoLayout","","","","a005i000003swaMAAQ"
"a0bWD0000011U3iYAE","005al00000RVcKvAAL","false","a2C5i00000114Oi","","Html.Layouts.TableLayout","","","","a005i000003swaNAAQ"
"a0bWD0000011U3jYAE","005al00000RVcKvAAL","false","a2C5i00000114Oj","","Html.Layouts.TableLayout","","","","a005i000003swaOAAQ"
"a0bWD0000011U3kYAE","005al00000RVcKvAAL","false","a2C5i00000114Ok","","Html.Layouts.TableLayout","","","","a005i000003swaPAAQ"
"a0bWD0000011U3lYAE","005al00000RVcKvAAL","false","a2C5i00000114Ol","","Html.Layouts.TableLayout","","","","a005i000003swaQAAQ"
"a0bWD0000011U3mYAE","005al00000RVcKvAAL","false","a2C5i00000114Om","","Html.Layouts.NoLayout","","","","a005i000003swaRAAQ"
"a0bWD0000011U3nYAE","005al00000RVcKvAAL","false","a2C5i00000114On","","Html.Layouts.NoLayout","","","","a005i000003swaSAAQ"
"a0bWD0000011U3oYAE","005al00000RVcKvAAL","false","a2C5i00000114Oo","","Html.Layouts.TableLayout","","","","a005i000003swaTAAQ"
"a0bWD0000011U3pYAE","005al00000RVcKvAAL","false","a2C5i00000114Op","","Html.Layouts.NoLayout","","","","a005i000003swaUAAQ"
"a0bWD0000011U3qYAE","005al00000RVcKvAAL","false","a2C5i00000114Oq","","Html.Layouts.NoLayout","","","","a005i000003swaVAAQ"
"a0bWD0000011U3rYAE","005al00000RVcKvAAL","false","a2C5i00000114Or","","Html.Layouts.TableLayout","","","","a005i000003swaWAAQ"
"a0bWD0000011U3sYAE","005al00000RVcKvAAL","false","a2C5i00000114Os","","Html.Layouts.TableLayout","","","","a005i000003swaXAAQ"
"a0bWD0000011U3tYAE","005al00000RVcKvAAL","false","a2C5i00000114Ot","","Html.Layouts.TableLayout","","","","a005i000003swaYAAQ"
"a0bWD0000011U3uYAE","005al00000RVcKvAAL","false","a2C5i00000114Ou","","Html.Layouts.TableLayout","","","","a005i000003swaZAAQ"
"a0bWD0000011U3vYAE","005al00000RVcKvAAL","false","a2C5i00000114Ov","","Html.Layouts.TwoColumnGrid","","","","a005i000003swaaAAA"
"a0bWD0000011U3wYAE","005al00000RVcKvAAL","false","a2C5i00000114Ow","","Html.Layouts.NoLayout","","","","a005i000003swabAAA"
"a0bWD0000011U3xYAE","005al00000RVcKvAAL","false","a2C5i00000114Ox","","Html.Layouts.NoLayout","","","","a005i000003swacAAA"
"a0bWD0000011U3yYAE","005al00000RVcKvAAL","false","a2C5i00000114Oy","","Html.Layouts.TableLayout","","","","a005i000003swadAAA"
"a0bWD0000011U3zYAE","005al00000RVcKvAAL","false","a2C5i00000114Oz","","Html.Layouts.NoLayout","","","","a005i000003swaeAAA"
"a0bWD0000011U40YAE","005al00000RVcKvAAL","false","a2C5i00000114P0","","Html.Layouts.NoLayout","","","","a005i000003swafAAA"
"a0bWD0000011U41YAE","005al00000RVcKvAAL","false","a2C5i00000114P1","","Html.Layouts.NoLayout","","","","a005i000003swagAAA"
"a0bWD0000011U42YAE","005al00000RVcKvAAL","false","a2C5i00000114P2","","Html.Layouts.TableLayout","","","","a005i000003swahAAA"
"a0bWD0000011U43YAE","005al00000RVcKvAAL","false","a2C5i00000114P3","","Html.Layouts.NoLayout","","","","a005i000003swaiAAA"
"a0bWD0000011U44YAE","005al00000RVcKvAAL","false","a2C5i00000114P4","","Html.Layouts.TableLayout","","","","a005i000003swajAAA"
"a0bWD0000011U45YAE","005al00000RVcKvAAL","false","a2C5i00000114P5","","Html.Layouts.TableLayout","","","","a005i000003swakAAA"
"a0bWD0000011U46YAE","005al00000RVcKvAAL","false","a2C5i00000114P6","","Html.Layouts.TableLayout","","","","a005i000003swalAAA"
"a0bWD0000011U47YAE","005al00000RVcKvAAL","false","a2C5i00000114P7","","Html.Layouts.TwoColumnGrid","","","","a005i000003swamAAA"
"a0bWD0000011WNYYA2","005al00000RVcKvAAL","false","TwoColumnGrid","","Html.Layouts.TwoColumnGrid","","","","a005i000003swanAAA"
"a0bWD0000011WNZYA2","005al00000RVcKvAAL","false","a2C5i00000114P9","","Html.Layouts.TableLayout","","","","a005i000003swaoAAA"
"a0bWD0000011WNaYAM","005al00000RVcKvAAL","false","SingleColumnGrid","","Html.Layouts.SingleColumnGrid","","","","a005i000003swapAAA"
"a0bWD0000011WNbYAM","005al00000RVcKvAAL","false","a2C5i00000114PB","","Html.Layouts.NoLayout","","","","a005i000003swaqAAA"
"a0bWD0000011WNcYAM","005al00000RVcKvAAL","false","a2C5i00000114PC","","Html.Layouts.TableLayout","","","","a005i000003swarAAA"
"a0bWD0000011WNdYAM","005al00000RVcKvAAL","false","a2C5i00000114PD","","Html.Layouts.NoLayout","","","","a005i000003swasAAA"
"a0bWD0000011WNeYAM","005al00000RVcKvAAL","false","a2C5i00000114PE","","Html.Layouts.TableLayout","","","","a005i000003swatAAA"
"a0bWD0000011WNfYAM","005al00000RVcKvAAL","false","a2C5i00000114PF","","Html.Layouts.TwoColumnGrid","","","","a005i000003swauAAA"
"a0bWD0000011WNgYAM","005al00000RVcKvAAL","false","a2C5i00000114PG","","Html.Layouts.TableLayout","","","","a005i000003swavAAA"
"a0bWD0000011WNhYAM","005al00000RVcKvAAL","false","a2C5i00000114PH","","Html.Layouts.TableLayout","","","","a005i000003swawAAA"
"a0bWD0000011WNiYAM","005al00000RVcKvAAL","false","a2C5i00000114PI","","Html.Layouts.TwoColumnGrid","","","","a005i000003swaxAAA"
"a0bWD0000011WNjYAM","005al00000RVcKvAAL","false","a2C5i00000114PJ","","Html.Layouts.TableLayout","","","","a005i000003swayAAA"
"a0bWD0000011WNkYAM","005al00000RVcKvAAL","false","a2C5i00000114PK","","Html.Layouts.NoLayout","","","","a005i000003swazAAA"
"a0bWD0000011WNlYAM","005al00000RVcKvAAL","false","a2C5i00000114PL","","Html.Layouts.TableLayout","","","","a005i000003swb0AAA"
"a0bWD0000011WNmYAM","005al00000RVcKvAAL","false","a2C5i00000114PM","","Html.Layouts.NoLayout","","","","a005i000003swb1AAA"
"a0bWD0000011WNnYAM","005al00000RVcKvAAL","false","a2C5i00000114PN","","Html.Layouts.TableLayout","","","","a005i000003swb2AAA"
"a0bWD0000011WNoYAM","005al00000RVcKvAAL","false","a2C5i00000114PO","","Html.Layouts.TwoColumnGrid","","","","a005i000003swb3AAA"
"a0bWD0000011WNpYAM","005al00000RVcKvAAL","false","a2C5i00000114PP","","Html.Layouts.TableLayout","","","","a005i000003swb4AAA"
"a0bWD0000011WNqYAM","005al00000RVcKvAAL","false","TableLayout","","Html.Layouts.TableLayout","","","","a005i000003swb5AAA"
"a0bWD0000011WNrYAM","005al00000RVcKvAAL","false","a2C5i00000114PR","","Html.Layouts.TableLayout","","","","a005i000003swb6AAA"
"a0bWD0000011WNsYAM","005al00000RVcKvAAL","false","a2C5i00000114PS","","Html.Layouts.TableLayout","","","","a005i000003swb7AAA"
"a0bWD0000011WNtYAM","005al00000RVcKvAAL","false","a2C5i00000114PT","","Html.Layouts.TableLayout","","","","a005i000003swb8AAA"
"a0bWD0000011WNuYAM","005al00000RVcKvAAL","false","a2C5i00000114PU","","Html.Layouts.TableLayout","","","","a005i000003swb9AAA"
"a0bWD0000011WNvYAM","005al00000RVcKvAAL","false","a2C5i00000114PV","","Html.Layouts.TableLayout","","","","a005i000003swbAAAQ"
"a0bWD0000011WNwYAM","005al00000RVcKvAAL","false","a2C5i00000114PW","","Html.Layouts.TableLayout","","","","a005i000003swbBAAQ"
"a0bWD0000011WNxYAM","005al00000RVcKvAAL","false","a2C5i00000114PX","","Html.Layouts.TableLayout","","","","a005i000003swbCAAQ"
"a0bWD0000011WNyYAM","005al00000RVcKvAAL","false","a2C5i00000114PY","","Html.Layouts.TableLayout","","","","a005i000003swbDAAQ"
"a0bWD0000011WNzYAM","005al00000RVcKvAAL","false","a2C5i00000114PZ","","Html.Layouts.TableLayout","","","","a005i000003swbEAAQ"
"a0bWD0000011WO0YAM","005al00000RVcKvAAL","false","a2C5i00000114Pa","","Html.Layouts.TableLayout","","","","a005i000003swbFAAQ"
"a0bWD0000011U48YAE","005al00000RVcKvAAL","false","a2C5i00000114Pb","","Html.Layouts.NoLayout","","","","a005i000003swbGAAQ"
"a0bWD0000011U49YAE","005al00000RVcKvAAL","false","a2C5i00000114Pc","","Html.Layouts.NoLayout","","","","a005i000003swbHAAQ"
"a0bWD0000011U4AYAU","005al00000RVcKvAAL","false","a2C5i00000114Pd","","Html.Layouts.TableLayout","","","","a005i000003swbIAAQ"
"a0bWD0000011U4BYAU","005al00000RVcKvAAL","false","a2C5i00000114Pe","","Html.Layouts.NoLayout","","","","a005i000003swbJAAQ"
"a0bWD0000011U4CYAU","005al00000RVcKvAAL","false","a2C5i00000114Pf","","Html.Layouts.NoLayout","","","","a005i000003swbKAAQ"
"a0bWD0000011U4DYAU","005al00000RVcKvAAL","false","a2C5i00000114Pg","","Html.Layouts.NoLayout","","","","a005i000003swbLAAQ"
"a0bWD0000011U4EYAU","005al00000RVcKvAAL","false","a2C5i00000114Ph","","Html.Layouts.TableLayout","","","","a005i000003swbMAAQ"
"a0bWD0000011U4FYAU","005al00000RVcKvAAL","false","a2C5i00000114Pi","","Html.Layouts.NoLayout","","","","a005i000003swbNAAQ"
"a0bWD0000011U4GYAU","005al00000RVcKvAAL","false","a2C5i00000114Pj","","Html.Layouts.TableLayout","","","","a005i000003swbOAAQ"
"a0bWD0000011U4HYAU","005al00000RVcKvAAL","false","a2C5i00000114Pk","","Html.Layouts.TableLayout","","","","a005i000003swbPAAQ"
"a0bWD0000011U4IYAU","005al00000RVcKvAAL","false","a2C5i00000114Pl","","Html.Layouts.TableLayout","","","","a005i000003swbQAAQ"
"a0bWD0000011WO1YAM","005al00000RVcKvAAL","false","a2C5i00000114Pm","","Html.Layouts.NoLayout","","","","a005i000003swbRAAQ"
"a0bWD0000011WO2YAM","005al00000RVcKvAAL","false","a2C5i00000114Pn","","Html.Layouts.TableLayout","","","","a005i000003swbSAAQ"
"a0bWD0000011WO3YAM","005al00000RVcKvAAL","false","a2C5i00000114Po","","Html.Layouts.NoLayout","","","","a005i000003swbTAAQ"
"a0bWD0000011WO4YAM","005al00000RVcKvAAL","false","a2C5i00000114Pp","","Html.Layouts.TableLayout","","","","a005i000003swbUAAQ"
"a0bWD0000011WO5YAM","005al00000RVcKvAAL","false","a2C5i00000114Pq","","Html.Layouts.TwoColumnGrid","","","","a005i000003swbVAAQ"
"a0bWD0000011WO6YAM","005al00000RVcKvAAL","false","a2C5i00000114Pr","","Html.Layouts.TableLayout","","","","a005i000003swbWAAQ"
"a0bWD0000011WO7YAM","005al00000RVcKvAAL","false","a2C5i00000114Ps","","Html.Layouts.TableLayout","","","","a005i000003swbXAAQ"
"a0bWD0000011WO8YAM","005al00000RVcKvAAL","false","a2C5i00000114Pt","","Html.Layouts.TableLayout","","","","a005i000003swbYAAQ"
"a0bWD0000011WO9YAM","005al00000RVcKvAAL","false","a2C5i00000114Pu","","Html.Layouts.TableLayout","","","","a005i000003swbZAAQ"
"a0bWD0000011WOAYA2","005al00000RVcKvAAL","false","a2C5i00000114Pv","","Html.Layouts.TableLayout","","","","a005i000003swbaAAA"
"a0bWD0000011U4JYAU","005al00000RVcKvAAL","false","a2C5w000003ZBhb","","Html.Layouts.NoLayout","","","","a005w00000aVQ3eAAG"
"a0bWD0000011U4KYAU","005al00000RVcKvAAL","false","a2C5w000003ZBhc","","Html.Layouts.NoLayout","","","","a005w00000aVQ3fAAG"
"a0bWD0000011U4LYAU","005al00000RVcKvAAL","false","a2C5w000003ZBhd","","Html.Layouts.NoLayout","","","","a005w00000aVQ3gAAG"
"a0bWD0000011U4MYAU","005al00000RVcKvAAL","false","NoLayout","","Html.Layouts.NoLayout","","","","a005w00000aVQ3hAAG"
"a0bWD0000011U4NYAU","005al00000RVcKvAAL","false","a2C5w000003ZBhf","","Html.Layouts.NoLayout","","","","a005w00000aVQ3iAAG"
"a0bWD0000011U4OYAU","005al00000RVcKvAAL","false","a2C5w000003ZBhg","","Html.Layouts.TwoColumnGrid","","","","a005w00000aVQ3jAAG"
"a0bWD0000011U4PYAU","005al00000RVcKvAAL","false","a2C5w000003ZBhh","","Html.Layouts.NoLayout","","","","a005w00000aVQ3kAAG"
"a0bWD0000011U4QYAU","005al00000RVcKvAAL","false","a2C5w000003ZBhi","","Html.Layouts.NoLayout","","","","a005w00000aVQ3lAAG"
"a0bWD0000011U4RYAU","005al00000RVcKvAAL","false","a2C5w000003ZBhj","","Html.Layouts.NoLayout","","","","a005w00000aVQ3mAAG"
"a0bWD0000011U4SYAU","005al00000RVcKvAAL","false","a2C5w000003ZBhk","","Html.Layouts.NoLayout","","","","a005w00000aVQ3nAAG"
"a0bWD0000011U4TYAU","005al00000RVcKvAAL","false","a2C5w000003ZBhl","","Html.Layouts.NoLayout","","","","a005w00000aVQ3oAAG"
"a0bWD0000011U4UYAU","005al00000RVcKvAAL","false","a2C5w000003ZBhm","","Html.Layouts.NoLayout","","","","a005w00000aVQ3pAAG"
"a0bWD0000011U4VYAU","005al00000RVcKvAAL","false","TwoColumnGrid","","Html.Layouts.TwoColumnGrid","","","","a005w00000aVQ3qAAG"
"a0bWD0000011U4WYAU","005al00000RVcKvAAL","false","a2C5w000003ZBho","","Html.Layouts.TwoColumnGrid","","","","a005w00000aVQ3rAAG"
"a0bWD0000011U4XYAU","005al00000RVcKvAAL","false","a2C5w000003ZBhp","","Html.Layouts.NoLayout","","","","a005w00000aVQ3sAAG"
"a0bWD0000011U4YYAU","005al00000RVcKvAAL","false","a2C5w000003ZBhq","","Html.Layouts.TwoColumnGrid","","","","a005w00000aVQ3tAAG"
"a0bWD0000011U4ZYAU","005al00000RVcKvAAL","false","a2C5w000003ZBhr","","Html.Layouts.NoLayout","","","","a005w00000aVQ3uAAG"
"a0bWD0000011U4aYAE","005al00000RVcKvAAL","false","a2C5w000003ZBhs","","Html.Layouts.NoLayout","","","","a005w00000aVQ3vAAG"
"a0bWD0000011U4bYAE","005al00000RVcKvAAL","false","a2C5w000003ZBht","","Html.Layouts.NoLayout","","","","a005w00000aVQ3wAAG"
"a0bWD0000011U4cYAE","005al00000RVcKvAAL","false","a2C5w000003ZBhu","","Html.Layouts.NoLayout","","","","a005w00000aVQ3xAAG"
"a0bWD0000011U4dYAE","005al00000RVcKvAAL","false","a2C5w000003ZBhv","","Html.Layouts.NoLayout","","","","a005w00000aVQ3yAAG"
"a0bWD0000011U4eYAE","005al00000RVcKvAAL","false","a2C5w000003ZBhw","","Html.Layouts.TableLayout","","","","a005w00000aVQ3zAAG"
"a0bWD0000011U4fYAE","005al00000RVcKvAAL","false","a2C5w000003ZBhx","","Html.Layouts.NoLayout","","","","a005w00000aVQ40AAG"
"a0bWD0000011U4gYAE","005al00000RVcKvAAL","false","a2C5w000003ZBhy","","Html.Layouts.TwoColumnGrid","","","","a005w00000aVQ41AAG"
"a0bWD0000011U4hYAE","005al00000RVcKvAAL","false","a2C5w000003ZBhz","","Html.Layouts.NoLayout","","","","a005w00000aVQ42AAG"
"a0bWD0000011U4iYAE","005al00000RVcKvAAL","false","a2C5w000003ZBi0","","Html.Layouts.NoLayout","","","","a005w00000aVQ43AAG"
"a0bWD0000011U4jYAE","005al00000RVcKvAAL","false","a2C5w000003ZBi1","","Html.Layouts.NoLayout","","","","a005w00000aVQ44AAG"
"a0bWD0000011U4kYAE","005al00000RVcKvAAL","false","a2C5w000003ZBi2","","Html.Layouts.TwoColumnGrid","","","","a005w00000aVQ45AAG"
"a0bWD0000011U4lYAE","005al00000RVcKvAAL","false","a2C5w000003ZBi3","","Html.Layouts.NoLayout","","","","a005w00000aVQ46AAG"
"a0bWD0000011U4mYAE","005al00000RVcKvAAL","false","a2C5w000003ZBi4","","Html.Layouts.NoLayout","","","","a005w00000aVQ47AAG"
"a0bWD0000011U4nYAE","005al00000RVcKvAAL","false","a2C5w000003ZBi5","","Html.Layouts.NoLayout","","","","a005w00000aVQ48AAG"
"a0bWD0000011U4oYAE","005al00000RVcKvAAL","false","a2C5w000003ZBi6","","Html.Layouts.TwoColumnGrid","","","","a005w00000aVQ49AAG"
"a0bWD0000011U4pYAE","005al00000RVcKvAAL","false","a2C5w000003ZBi7","","Html.Layouts.NoLayout","","","","a005w00000aVQ4AAAW"
"a0bWD0000011U4qYAE","005al00000RVcKvAAL","false","a2C5w000003ZBi8","","Html.Layouts.NoLayout","","","","a005w00000aVQ4BAAW"
"a0bWD0000011U4rYAE","005al00000RVcKvAAL","false","a2C5w000003ZBi9","","Html.Layouts.TwoColumnGrid","","","","a005w00000aVQ4CAAW"
"a0bWD0000011U4sYAE","005al00000RVcKvAAL","false","a2C5w000003ZBiA","","Html.Layouts.NoLayout","","","","a005w00000aVQ4DAAW"
"a0bWD0000011U4tYAE","005al00000RVcKvAAL","false","a2C5w000003ZBiB","","Html.Layouts.NoLayout","","","","a005w00000aVQ4EAAW"
"a0bWD0000011U4uYAE","005al00000RVcKvAAL","false","a2C5w000003ZBiC","","Html.Layouts.NoLayout","","","","a005w00000aVQ4FAAW"
"a0bWD0000011U4vYAE","005al00000RVcKvAAL","false","a2C5w000003ZBiD","","Html.Layouts.NoLayout","","","","a005w00000aVQ4GAAW"
"a0bWD0000011U4wYAE","005al00000RVcKvAAL","false","a2C5w000003ZBiE","","Html.Layouts.NoLayout","","","","a005w00000aVQ4HAAW"
"a0bWD0000011U4xYAE","005al00000RVcKvAAL","false","a2C5w000003ZBiF","","Html.Layouts.TableLayout","","","","a005w00000aVQ4IAAW"
"a0bWD0000011U4yYAE","005al00000RVcKvAAL","false","a2C5w000003ZBiG","","Html.Layouts.NoLayout","","","","a005w00000aVQ4JAAW"
"a0bWD0000011U4zYAE","005al00000RVcKvAAL","false","a2C5w000003ZBiH","","Html.Layouts.TwoColumnGrid","","","","a005w00000aVQ4KAAW"
"a0bWD0000011U50YAE","005al00000RVcKvAAL","false","a2C5w000003ZBiI","","Html.Layouts.NoLayout","","","","a005w00000aVQ4LAAW"
"a0bWD0000011U51YAE","005al00000RVcKvAAL","false","a2C5w000003ZBiJ","","Html.Layouts.NoLayout","","","","a005w00000aVQ4MAAW"
"a0bWD0000011U52YAE","005al00000RVcKvAAL","false","a2C5w000003ZBiK","","Html.Layouts.TwoColumnGrid","","","","a005w00000aVQ4NAAW"
"a0bWD0000011U53YAE","005al00000RVcKvAAL","false","a2C5w000003ZBiL","","Html.Layouts.NoLayout","","","","a005w00000aVQ4OAAW"
"a0bWD0000011U54YAE","005al00000RVcKvAAL","false","a2C5w000003ZBiM","","Html.Layouts.NoLayout","","","","a005w00000aVQ4PAAW"
"a0bWD0000011U55YAE","005al00000RVcKvAAL","false","a2C5w000003ZBiN","","Html.Layouts.NoLayout","","","","a005w00000aVQ4QAAW"
"a0bWD0000011U56YAE","005al00000RVcKvAAL","false","a2C5w000003ZBiO","","Html.Layouts.NoLayout","","","","a005w00000aVQ4RAAW"
"a0bWD0000011U57YAE","005al00000RVcKvAAL","false","a2C5w000003ZBiP","","Html.Layouts.NoLayout","","","","a005w00000aVQ4SAAW"
"a0bWD0000011U58YAE","005al00000RVcKvAAL","false","a2C5w000003ZBiQ","","Html.Layouts.TableLayout","","","","a005w00000aVQ4TAAW"
"a0bWD0000011U59YAE","005al00000RVcKvAAL","false","a2C5w000003ZBiR","","Html.Layouts.NoLayout","","","","a005w00000aVQ4UAAW"
"a0bWD0000011U5AYAU","005al00000RVcKvAAL","false","a2C5w000003ZBiS","","Html.Layouts.TwoColumnGrid","","","","a005w00000aVQ4VAAW"
"a0bWD0000011U5BYAU","005al00000RVcKvAAL","false","a2C5w000003ZBiT","","Html.Layouts.NoLayout","","","","a005w00000aVQ4WAAW"
"a0bWD0000011U5CYAU","005al00000RVcKvAAL","false","a2C5w000003ZBiU","","Html.Layouts.NoLayout","","","","a005w00000aVQ4XAAW"
"a0bWD0000011U5DYAU","005al00000RVcKvAAL","false","a2C5w000003ZBiV","","Html.Layouts.NoLayout","","","","a005w00000aVQ4YAAW"
"a0bWD0000011U5EYAU","005al00000RVcKvAAL","false","a2C5w000003ZBiW","","Html.Layouts.TwoColumnGrid","","","","a005w00000aVQ4ZAAW"
"a0bWD0000011U5FYAU","005al00000RVcKvAAL","false","a2C5w000003ZBiX","","Html.Layouts.NoLayout","","","","a005w00000aVQ4aAAG"
"a0bWD0000011U5GYAU","005al00000RVcKvAAL","false","a2C5w000003ZBiY","","Html.Layouts.NoLayout","","","","a005w00000aVQ4bAAG"
"a0bWD0000011U5HYAU","005al00000RVcKvAAL","false","a2C5w000003ZBiZ","","Html.Layouts.NoLayout","","","","a005w00000aVQ4cAAG"
"a0bWD0000011U5IYAU","005al00000RVcKvAAL","false","a2C5w000003ZBia","","Html.Layouts.NoLayout","","","","a005w00000aVQ4dAAG"
"a0bWD0000011U5JYAU","005al00000RVcKvAAL","false","a2C5w000003ZBib","","Html.Layouts.NoLayout","","","","a005w00000aVQ4eAAG"
"a0bWD0000011U5KYAU","005al00000RVcKvAAL","false","a2C5w000003ZBic","","Html.Layouts.NoLayout","","","","a005w00000aVQ4fAAG"
"a0bWD0000011U5LYAU","005al00000RVcKvAAL","false","a2C5w000003ZBid","","Html.Layouts.TableLayout","","","","a005w00000aVQ4gAAG"
"a0bWD0000011U5MYAU","005al00000RVcKvAAL","false","a2C5w000003ZBie","","Html.Layouts.NoLayout","","","","a005w00000aVQ4hAAG"
"a0bWD0000011U5NYAU","005al00000RVcKvAAL","false","a2C5w000003ZBif","","Html.Layouts.TwoColumnGrid","","","","a005w00000aVQ4iAAG"
"a0bWD0000011U5OYAU","005al00000RVcKvAAL","false","NoLayout","","Html.Layouts.NoLayout","","","","a005w00000aVQ4jAAG"
"a0bWD0000011U5PYAU","005al00000RVcKvAAL","false","a2C5w000003ZBih","","Html.Layouts.TableLayout","","","","a005w00000aVQ4kAAG"
"a0bWD0000011U5QYAU","005al00000RVcKvAAL","false","a2C5w000003ZBii","","Html.Layouts.NoLayout","","","","a005w00000aVQ4lAAG"
"a0bWD0000011U5RYAU","005al00000RVcKvAAL","false","a2C5w000003ZBij","","Html.Layouts.NoLayout","","","","a005w00000aVQ4mAAG"
"a0bWD0000011U5SYAU","005al00000RVcKvAAL","false","a2C5w000003ZBik","","Html.Layouts.TableLayout","","","","a005w00000aVQ4nAAG"
"a0bWD0000011U5TYAU","005al00000RVcKvAAL","false","a2C5w000003ZBil","","Html.Layouts.NoLayout","","","","a005w00000aVQ4oAAG"
"a0bWD0000011U5UYAU","005al00000RVcKvAAL","false","a2C5w000003ZBim","","Html.Layouts.NoLayout","","","","a005w00000aVQ4pAAG"
"a0bWD0000011U5VYAU","005al00000RVcKvAAL","false","a2C5w000003ZBin","","Html.Layouts.NoLayout","","","","a005w00000aVQ4qAAG"
"a0bWD0000011U5WYAU","005al00000RVcKvAAL","false","a2C5w000003ZBio","","Html.Layouts.TableLayout","","","","a005w00000aVQ4rAAG"
"a0bWD0000011U5XYAU","005al00000RVcKvAAL","false","a2C5w000003ZBip","","Html.Layouts.NoLayout","","","","a005w00000aVQ4sAAG"
"a0bWD0000011U5YYAU","005al00000RVcKvAAL","false","a2C5w000003ZBiq","","Html.Layouts.TableLayout","","","","a005w00000aVQ4tAAG"
"a0bWD0000011U5ZYAU","005al00000RVcKvAAL","false","a2C5w000003ZBir","","Html.Layouts.TableLayout","","","","a005w00000aVQ4uAAG"
"a0bWD0000011U5aYAE","005al00000RVcKvAAL","false","a2C5w000003ZBis","","Html.Layouts.TableLayout","","","","a005w00000aVQ4vAAG"
"a0bWD0000011U5bYAE","005al00000RVcKvAAL","false","a2C5w000003ZBit","","Html.Layouts.TableLayout","","","","a005w00000aVQ4wAAG"
"a0bWD0000011U5cYAE","005al00000RVcKvAAL","false","a2C5w000003ZBiu","","Html.Layouts.NoLayout","","","","a005w00000aVQ4xAAG"
"a0bWD0000011U5dYAE","005al00000RVcKvAAL","false","a2C5w000003ZBiv","","Html.Layouts.NoLayout","","","","a005w00000aVQ4yAAG"
"a0bWD0000011U5eYAE","005al00000RVcKvAAL","false","a2C5w000003ZBiw","","Html.Layouts.TableLayout","","","","a005w00000aVQ4zAAG"
"a0bWD0000011U5fYAE","005al00000RVcKvAAL","false","a2C5w000003ZBix","","Html.Layouts.NoLayout","","","","a005w00000aVQ50AAG"
"a0bWD0000011U5gYAE","005al00000RVcKvAAL","false","a2C5w000003ZBiy","","Html.Layouts.NoLayout","","","","a005w00000aVQ51AAG"
"a0bWD0000011U5hYAE","005al00000RVcKvAAL","false","a2C5w000003ZBiz","","Html.Layouts.TableLayout","","","","a005w00000aVQ52AAG"
"a0bWD0000011U5iYAE","005al00000RVcKvAAL","false","a2C5w000003ZBj0","","Html.Layouts.TableLayout","","","","a005w00000aVQ53AAG"
"a0bWD0000011U5jYAE","005al00000RVcKvAAL","false","a2C5w000003ZBj1","","Html.Layouts.TableLayout","","","","a005w00000aVQ54AAG"
"a0bWD0000011U5kYAE","005al00000RVcKvAAL","false","a2C5w000003ZBj2","","Html.Layouts.TableLayout","","","","a005w00000aVQ55AAG"
"a0bWD0000011U5lYAE","005al00000RVcKvAAL","false","a2C5w000003ZBj3","","Html.Layouts.TwoColumnGrid","","","","a005w00000aVQ56AAG"
"a0bWD0000011U5mYAE","005al00000RVcKvAAL","false","a2C5w000003ZBj4","","Html.Layouts.NoLayout","","","","a005w00000aVQ57AAG"
"a0bWD0000011U5nYAE","005al00000RVcKvAAL","false","a2C5w000003ZBj5","","Html.Layouts.NoLayout","","","","a005w00000aVQ58AAG"
"a0bWD0000011U5oYAE","005al00000RVcKvAAL","false","a2C5w000003ZBj6","","Html.Layouts.TableLayout","","","","a005w00000aVQ59AAG"
"a0bWD0000011U5pYAE","005al00000RVcKvAAL","false","a2C5w000003ZBj7","","Html.Layouts.NoLayout","","","","a005w00000aVQ5AAAW"
"a0bWD0000011U5qYAE","005al00000RVcKvAAL","false","a2C5w000003ZBj8","","Html.Layouts.NoLayout","","","","a005w00000aVQ5BAAW"
"a0bWD0000011U5rYAE","005al00000RVcKvAAL","false","a2C5w000003ZBj9","","Html.Layouts.NoLayout","","","","a005w00000aVQ5CAAW"
"a0bWD0000011U5sYAE","005al00000RVcKvAAL","false","a2C5w000003ZBjA","","Html.Layouts.TableLayout","","","","a005w00000aVQ5DAAW"
"a0bWD0000011U5tYAE","005al00000RVcKvAAL","false","a2C5w000003ZBjB","","Html.Layouts.NoLayout","","","","a005w00000aVQ5EAAW"
"a0bWD0000011U5uYAE","005al00000RVcKvAAL","false","a2C5w000003ZBjC","","Html.Layouts.TableLayout","","","","a005w00000aVQ5FAAW"
"a0bWD0000011U5vYAE","005al00000RVcKvAAL","false","a2C5w000003ZBjD","","Html.Layouts.TableLayout","","","","a005w00000aVQ5GAAW"
"a0bWD0000011U5wYAE","005al00000RVcKvAAL","false","a2C5w000003ZBjE","","Html.Layouts.TableLayout","","","","a005w00000aVQ5HAAW"
"a0bWD0000011U5xYAE","005al00000RVcKvAAL","false","a2C5w000003ZBjF","","Html.Layouts.TwoColumnGrid","","","","a005w00000aVQ5IAAW"
"a0bWD0000011WOBYA2","005al00000RVcKvAAL","false","TwoColumnGrid","","Html.Layouts.TwoColumnGrid","","","","a005w00000aVQ5JAAW"
"a0bWD0000011WOCYA2","005al00000RVcKvAAL","false","a2C5w000003ZBjH","","Html.Layouts.TableLayout","","","","a005w00000aVQ5KAAW"
"a0bWD0000011WODYA2","005al00000RVcKvAAL","false","SingleColumnGrid","","Html.Layouts.SingleColumnGrid","","","","a005w00000aVQ5LAAW"
"a0bWD0000011WOEYA2","005al00000RVcKvAAL","false","a2C5w000003ZBjJ","","Html.Layouts.NoLayout","","","","a005w00000aVQ5MAAW"
"a0bWD0000011WOFYA2","005al00000RVcKvAAL","false","a2C5w000003ZBjK","","Html.Layouts.TableLayout","","","","a005w00000aVQ5NAAW"
"a0bWD0000011WOGYA2","005al00000RVcKvAAL","false","a2C5w000003ZBjL","","Html.Layouts.NoLayout","","","","a005w00000aVQ5OAAW"
"a0bWD0000011WOHYA2","005al00000RVcKvAAL","false","a2C5w000003ZBjM","","Html.Layouts.TableLayout","","","","a005w00000aVQ5PAAW"
"a0bWD0000011WOIYA2","005al00000RVcKvAAL","false","a2C5w000003ZBjN","","Html.Layouts.TwoColumnGrid","","","","a005w00000aVQ5QAAW"
"a0bWD0000011WOJYA2","005al00000RVcKvAAL","false","a2C5w000003ZBjO","","Html.Layouts.TableLayout","","","","a005w00000aVQ5RAAW"
"a0bWD0000011WOKYA2","005al00000RVcKvAAL","false","a2C5w000003ZBjP","","Html.Layouts.TableLayout","","","","a005w00000aVQ5SAAW"
"a0bWD0000011WOLYA2","005al00000RVcKvAAL","false","a2C5w000003ZBjQ","","Html.Layouts.TwoColumnGrid","","","","a005w00000aVQ5TAAW"
"a0bWD0000011WOMYA2","005al00000RVcKvAAL","false","a2C5w000003ZBjR","","Html.Layouts.TableLayout","","","","a005w00000aVQ5UAAW"
"a0bWD0000011WONYA2","005al00000RVcKvAAL","false","a2C5w000003ZBjS","","Html.Layouts.NoLayout","","","","a005w00000aVQ5VAAW"
"a0bWD0000011WOOYA2","005al00000RVcKvAAL","false","a2C5w000003ZBjT","","Html.Layouts.TableLayout","","","","a005w00000aVQ5WAAW"
"a0bWD0000011WOPYA2","005al00000RVcKvAAL","false","a2C5w000003ZBjU","","Html.Layouts.NoLayout","","","","a005w00000aVQ5XAAW"
"a0bWD0000011WOQYA2","005al00000RVcKvAAL","false","a2C5w000003ZBjV","","Html.Layouts.TableLayout","","","","a005w00000aVQ5YAAW"
"a0bWD0000011WORYA2","005al00000RVcKvAAL","false","a2C5w000003ZBjW","","Html.Layouts.TwoColumnGrid","","","","a005w00000aVQ5ZAAW"
"a0bWD0000011WOSYA2","005al00000RVcKvAAL","false","a2C5w000003ZBjX","","Html.Layouts.TableLayout","","","","a005w00000aVQ5aAAG"
"a0bWD0000011WOTYA2","005al00000RVcKvAAL","false","TableLayout","","Html.Layouts.TableLayout","","","","a005w00000aVQ5bAAG"
"a0bWD0000011WOUYA2","005al00000RVcKvAAL","false","a2C5w000003ZBjZ","","Html.Layouts.TableLayout","","","","a005w00000aVQ5cAAG"
"a0bWD0000011WOVYA2","005al00000RVcKvAAL","false","a2C5w000003ZBja","","Html.Layouts.TableLayout","","","","a005w00000aVQ5dAAG"
"a0bWD0000011WOWYA2","005al00000RVcKvAAL","false","a2C5w000003ZBjb","","Html.Layouts.TableLayout","","","","a005w00000aVQ5eAAG"
"a0bWD0000011WOXYA2","005al00000RVcKvAAL","false","a2C5w000003ZBjc","","Html.Layouts.TableLayout","","","","a005w00000aVQ5fAAG"
"a0bWD0000011WOYYA2","005al00000RVcKvAAL","false","a2C5w000003ZBjd","","Html.Layouts.TableLayout","","","","a005w00000aVQ5gAAG"
"a0bWD0000011WOZYA2","005al00000RVcKvAAL","false","a2C5w000003ZBje","","Html.Layouts.TableLayout","","","","a005w00000aVQ5hAAG"
"a0bWD0000011WOaYAM","005al00000RVcKvAAL","false","a2C5w000003ZBjf","","Html.Layouts.TableLayout","","","","a005w00000aVQ5iAAG"
"a0bWD0000011WObYAM","005al00000RVcKvAAL","false","a2C5w000003ZBjg","","Html.Layouts.TableLayout","","","","a005w00000aVQ5jAAG"
"a0bWD0000011WOcYAM","005al00000RVcKvAAL","false","a2C5w000003ZBjh","","Html.Layouts.TableLayout","","","","a005w00000aVQ5kAAG"
"a0bWD0000011WOdYAM","005al00000RVcKvAAL","false","a2C5w000003ZBji","","Html.Layouts.TableLayout","","","","a005w00000aVQ5lAAG"
"a0bWD0000011U5yYAE","005al00000RVcKvAAL","false","a2C5w000003ZBjj","","Html.Layouts.NoLayout","","","","a005w00000aVQ5mAAG"
"a0bWD0000011U5zYAE","005al00000RVcKvAAL","false","a2C5w000003ZBjk","","Html.Layouts.NoLayout","","","","a005w00000aVQ5nAAG"
"a0bWD0000011U60YAE","005al00000RVcKvAAL","false","a2C5w000003ZBjl","","Html.Layouts.TableLayout","","","","a005w00000aVQ5oAAG"
"a0bWD0000011U61YAE","005al00000RVcKvAAL","false","a2C5w000003ZBjm","","Html.Layouts.NoLayout","","","","a005w00000aVQ5pAAG"
"a0bWD0000011U62YAE","005al00000RVcKvAAL","false","a2C5w000003ZBjn","","Html.Layouts.NoLayout","","","","a005w00000aVQ5qAAG"
"a0bWD0000011U63YAE","005al00000RVcKvAAL","false","a2C5w000003ZBjo","","Html.Layouts.NoLayout","","","","a005w00000aVQ5rAAG"
"a0bWD0000011U64YAE","005al00000RVcKvAAL","false","a2C5w000003ZBjp","","Html.Layouts.TableLayout","","","","a005w00000aVQ5sAAG"
"a0bWD0000011U65YAE","005al00000RVcKvAAL","false","a2C5w000003ZBjq","","Html.Layouts.NoLayout","","","","a005w00000aVQ5tAAG"
"a0bWD0000011U66YAE","005al00000RVcKvAAL","false","a2C5w000003ZBjr","","Html.Layouts.TableLayout","","","","a005w00000aVQ5uAAG"
"a0bWD0000011U67YAE","005al00000RVcKvAAL","false","a2C5w000003ZBjs","","Html.Layouts.TableLayout","","","","a005w00000aVQ5vAAG"
"a0bWD0000011U68YAE","005al00000RVcKvAAL","false","a2C5w000003ZBjt","","Html.Layouts.TableLayout","","","","a005w00000aVQ5wAAG"
"a0bWD0000011WOeYAM","005al00000RVcKvAAL","false","a2C5w000003ZBju","","Html.Layouts.NoLayout","","","","a005w00000aVQ5xAAG"
"a0bWD0000011WOfYAM","005al00000RVcKvAAL","false","a2C5w000003ZBjv","","Html.Layouts.TableLayout","","","","a005w00000aVQ5yAAG"
"a0bWD0000011WOgYAM","005al00000RVcKvAAL","false","a2C5w000003ZBjw","","Html.Layouts.NoLayout","","","","a005w00000aVQ5zAAG"
"a0bWD0000011WOhYAM","005al00000RVcKvAAL","false","a2C5w000003ZBjx","","Html.Layouts.TableLayout","","","","a005w00000aVQ60AAG"
"a0bWD0000011WOiYAM","005al00000RVcKvAAL","false","a2C5w000003ZBjy","","Html.Layouts.TwoColumnGrid","","","","a005w00000aVQ61AAG"
"a0bWD0000011WOjYAM","005al00000RVcKvAAL","false","a2C5w000003ZBjz","","Html.Layouts.TableLayout","","","","a005w00000aVQ62AAG"
"a0bWD0000011WOkYAM","005al00000RVcKvAAL","false","a2C5w000003ZBk0","","Html.Layouts.TableLayout","","","","a005w00000aVQ63AAG"
"a0bWD0000011WOlYAM","005al00000RVcKvAAL","false","a2C5w000003ZBk1","","Html.Layouts.TableLayout","","","","a005w00000aVQ64AAG"
"a0bWD0000011WOmYAM","005al00000RVcKvAAL","false","a2C5w000003ZBk2","","Html.Layouts.TableLayout","","","","a005w00000aVQ65AAG"
"a0bWD0000011WOnYAM","005al00000RVcKvAAL","false","a2C5w000003ZBk3","","Html.Layouts.TableLayout","","","","a005w00000aVQ66AAG"
"a0bWD0000011U69YAE","005al00000RVcKvAAL","false","a2C8c000001cPKm","","Html.Layouts.NoLayout","","","","a008c00000ZwhjJAAR"
"a0bWD0000011U6AYAU","005al00000RVcKvAAL","false","a2C8c000001cPKn","","Html.Layouts.NoLayout","","","","a008c00000ZwhjKAAR"
"a0bWD0000011U6BYAU","005al00000RVcKvAAL","false","a2C8c000001cPKo","","Html.Layouts.NoLayout","","","","a008c00000ZwhjLAAR"
"a0bWD0000011U6CYAU","005al00000RVcKvAAL","false","NoLayout","","Html.Layouts.NoLayout","","","","a008c00000ZwhjMAAR"
"a0bWD0000011U6DYAU","005al00000RVcKvAAL","false","a2C8c000001cPKq","","Html.Layouts.NoLayout","","","","a008c00000ZwhjNAAR"
"a0bWD0000011U6EYAU","005al00000RVcKvAAL","false","a2C8c000001cPKr","","Html.Layouts.TwoColumnGrid","","","","a008c00000ZwhjOAAR"
"a0bWD0000011U6FYAU","005al00000RVcKvAAL","false","a2C8c000001cPKs","","Html.Layouts.NoLayout","","","","a008c00000ZwhjPAAR"
"a0bWD0000011U6GYAU","005al00000RVcKvAAL","false","a2C8c000001cPKt","","Html.Layouts.NoLayout","","","","a008c00000ZwhjQAAR"
"a0bWD0000011U6HYAU","005al00000RVcKvAAL","false","a2C8c000001cPKu","","Html.Layouts.NoLayout","","","","a008c00000ZwhjRAAR"
"a0bWD0000011U6IYAU","005al00000RVcKvAAL","false","a2C8c000001cPKv","","Html.Layouts.NoLayout","","","","a008c00000ZwhjSAAR"
"a0bWD0000011U6JYAU","005al00000RVcKvAAL","false","a2C8c000001cPKw","","Html.Layouts.NoLayout","","","","a008c00000ZwhjTAAR"
"a0bWD0000011U6KYAU","005al00000RVcKvAAL","false","a2C8c000001cPKx","","Html.Layouts.NoLayout","","","","a008c00000ZwhjUAAR"
"a0bWD0000011U6LYAU","005al00000RVcKvAAL","false","TwoColumnGrid","","Html.Layouts.TwoColumnGrid","","","","a008c00000ZwhjVAAR"
"a0bWD0000011U6MYAU","005al00000RVcKvAAL","false","a2C8c000001cPKz","","Html.Layouts.TwoColumnGrid","","","","a008c00000ZwhjWAAR"
"a0bWD0000011U6NYAU","005al00000RVcKvAAL","false","a2C8c000001cPL0","","Html.Layouts.NoLayout","","","","a008c00000ZwhjXAAR"
"a0bWD0000011U6OYAU","005al00000RVcKvAAL","false","a2C8c000001cPL1","","Html.Layouts.TwoColumnGrid","","","","a008c00000ZwhjYAAR"
"a0bWD0000011U6PYAU","005al00000RVcKvAAL","false","a2C8c000001cPL2","","Html.Layouts.NoLayout","","","","a008c00000ZwhjZAAR"
"a0bWD0000011U6QYAU","005al00000RVcKvAAL","false","a2C8c000001cPL3","","Html.Layouts.NoLayout","","","","a008c00000ZwhjaAAB"
"a0bWD0000011U6RYAU","005al00000RVcKvAAL","false","a2C8c000001cPL4","","Html.Layouts.NoLayout","","","","a008c00000ZwhjbAAB"
"a0bWD0000011U6SYAU","005al00000RVcKvAAL","false","a2C8c000001cPL5","","Html.Layouts.NoLayout","","","","a008c00000ZwhjcAAB"
"a0bWD0000011U6TYAU","005al00000RVcKvAAL","false","a2C8c000001cPL6","","Html.Layouts.NoLayout","","","","a008c00000ZwhjdAAB"
"a0bWD0000011U6UYAU","005al00000RVcKvAAL","false","a2C8c000001cPL7","","Html.Layouts.TableLayout","","","","a008c00000ZwhjeAAB"
"a0bWD0000011U6VYAU","005al00000RVcKvAAL","false","a2C8c000001cPL8","","Html.Layouts.NoLayout","","","","a008c00000ZwhjfAAB"
"a0bWD0000011U6WYAU","005al00000RVcKvAAL","false","a2C8c000001cPL9","","Html.Layouts.TwoColumnGrid","","","","a008c00000ZwhjgAAB"
"a0bWD0000011U6XYAU","005al00000RVcKvAAL","false","a2C8c000001cPLA","","Html.Layouts.NoLayout","","","","a008c00000ZwhjhAAB"
"a0bWD0000011U6YYAU","005al00000RVcKvAAL","false","a2C8c000001cPLB","","Html.Layouts.NoLayout","","","","a008c00000ZwhjiAAB"
"a0bWD0000011U6ZYAU","005al00000RVcKvAAL","false","a2C8c000001cPLC","","Html.Layouts.NoLayout","","","","a008c00000ZwhjjAAB"
"a0bWD0000011U6aYAE","005al00000RVcKvAAL","false","a2C8c000001cPLD","","Html.Layouts.TwoColumnGrid","","","","a008c00000ZwhjkAAB"
"a0bWD0000011U6bYAE","005al00000RVcKvAAL","false","a2C8c000001cPLE","","Html.Layouts.NoLayout","","","","a008c00000ZwhjlAAB"
"a0bWD0000011U6cYAE","005al00000RVcKvAAL","false","a2C8c000001cPLF","","Html.Layouts.NoLayout","","","","a008c00000ZwhjmAAB"
"a0bWD0000011U6dYAE","005al00000RVcKvAAL","false","a2C8c000001cPLG","","Html.Layouts.NoLayout","","","","a008c00000ZwhjnAAB"
"a0bWD0000011U6eYAE","005al00000RVcKvAAL","false","a2C8c000001cPLH","","Html.Layouts.TwoColumnGrid","","","","a008c00000ZwhjoAAB"
"a0bWD0000011U6fYAE","005al00000RVcKvAAL","false","a2C8c000001cPLI","","Html.Layouts.NoLayout","","","","a008c00000ZwhjpAAB"
"a0bWD0000011U6gYAE","005al00000RVcKvAAL","false","a2C8c000001cPLJ","","Html.Layouts.NoLayout","","","","a008c00000ZwhjqAAB"
"a0bWD0000011U6hYAE","005al00000RVcKvAAL","false","a2C8c000001cPLK","","Html.Layouts.TwoColumnGrid","","","","a008c00000ZwhjrAAB"
"a0bWD0000011U6iYAE","005al00000RVcKvAAL","false","a2C8c000001cPLL","","Html.Layouts.NoLayout","","","","a008c00000ZwhjsAAB"
"a0bWD0000011U6jYAE","005al00000RVcKvAAL","false","a2C8c000001cPLM","","Html.Layouts.NoLayout","","","","a008c00000ZwhjtAAB"
"a0bWD0000011U6kYAE","005al00000RVcKvAAL","false","a2C8c000001cPLN","","Html.Layouts.NoLayout","","","","a008c00000ZwhjuAAB"
"a0bWD0000011U6lYAE","005al00000RVcKvAAL","false","a2C8c000001cPLO","","Html.Layouts.NoLayout","","","","a008c00000ZwhjvAAB"
"a0bWD0000011U6mYAE","005al00000RVcKvAAL","false","a2C8c000001cPLP","","Html.Layouts.NoLayout","","","","a008c00000ZwhjwAAB"
"a0bWD0000011U6nYAE","005al00000RVcKvAAL","false","a2C8c000001cPLQ","","Html.Layouts.TableLayout","","","","a008c00000ZwhjxAAB"
"a0bWD0000011U6oYAE","005al00000RVcKvAAL","false","a2C8c000001cPLR","","Html.Layouts.NoLayout","","","","a008c00000ZwhjyAAB"
"a0bWD0000011U6pYAE","005al00000RVcKvAAL","false","a2C8c000001cPLS","","Html.Layouts.TwoColumnGrid","","","","a008c00000ZwhjzAAB"
"a0bWD0000011U6qYAE","005al00000RVcKvAAL","false","a2C8c000001cPLT","","Html.Layouts.NoLayout","","","","a008c00000Zwhk0AAB"
"a0bWD0000011U6rYAE","005al00000RVcKvAAL","false","a2C8c000001cPLU","","Html.Layouts.NoLayout","","","","a008c00000Zwhk1AAB"
"a0bWD0000011U6sYAE","005al00000RVcKvAAL","false","a2C8c000001cPLV","","Html.Layouts.TwoColumnGrid","","","","a008c00000Zwhk2AAB"
"a0bWD0000011U6tYAE","005al00000RVcKvAAL","false","a2C8c000001cPLW","","Html.Layouts.NoLayout","","","","a008c00000Zwhk3AAB"
"a0bWD0000011U6uYAE","005al00000RVcKvAAL","false","a2C8c000001cPLX","","Html.Layouts.NoLayout","","","","a008c00000Zwhk4AAB"
"a0bWD0000011U6vYAE","005al00000RVcKvAAL","false","a2C8c000001cPLY","","Html.Layouts.NoLayout","","","","a008c00000Zwhk5AAB"
"a0bWD0000011U6wYAE","005al00000RVcKvAAL","false","a2C8c000001cPLZ","","Html.Layouts.NoLayout","","","","a008c00000Zwhk6AAB"
"a0bWD0000011U6xYAE","005al00000RVcKvAAL","false","a2C8c000001cPLa","","Html.Layouts.NoLayout","","","","a008c00000Zwhk7AAB"
"a0bWD0000011U6yYAE","005al00000RVcKvAAL","false","a2C8c000001cPLb","","Html.Layouts.TableLayout","","","","a008c00000Zwhk8AAB"
"a0bWD0000011U6zYAE","005al00000RVcKvAAL","false","a2C8c000001cPLc","","Html.Layouts.NoLayout","","","","a008c00000Zwhk9AAB"
"a0bWD0000011U70YAE","005al00000RVcKvAAL","false","a2C8c000001cPLd","","Html.Layouts.TwoColumnGrid","","","","a008c00000ZwhkAAAR"
"a0bWD0000011U71YAE","005al00000RVcKvAAL","false","a2C8c000001cPLe","","Html.Layouts.NoLayout","","","","a008c00000ZwhkBAAR"
"a0bWD0000011U72YAE","005al00000RVcKvAAL","false","a2C8c000001cPLf","","Html.Layouts.NoLayout","","","","a008c00000ZwhkCAAR"
"a0bWD0000011U73YAE","005al00000RVcKvAAL","false","a2C8c000001cPLg","","Html.Layouts.NoLayout","","","","a008c00000ZwhkDAAR"
"a0bWD0000011U74YAE","005al00000RVcKvAAL","false","a2C8c000001cPLh","","Html.Layouts.TwoColumnGrid","","","","a008c00000ZwhkEAAR"
"a0bWD0000011U75YAE","005al00000RVcKvAAL","false","a2C8c000001cPLi","","Html.Layouts.NoLayout","","","","a008c00000ZwhkFAAR"
"a0bWD0000011U76YAE","005al00000RVcKvAAL","false","a2C8c000001cPLj","","Html.Layouts.NoLayout","","","","a008c00000ZwhkGAAR"
"a0bWD0000011U77YAE","005al00000RVcKvAAL","false","a2C8c000001cPLk","","Html.Layouts.NoLayout","","","","a008c00000ZwhkHAAR"
"a0bWD0000011U78YAE","005al00000RVcKvAAL","false","a2C8c000001cPLl","","Html.Layouts.NoLayout","","","","a008c00000ZwhkIAAR"
"a0bWD0000011U79YAE","005al00000RVcKvAAL","false","a2C8c000001cPLm","","Html.Layouts.NoLayout","","","","a008c00000ZwhkJAAR"
"a0bWD0000011U7AYAU","005al00000RVcKvAAL","false","a2C8c000001cPLn","","Html.Layouts.NoLayout","","","","a008c00000ZwhkKAAR"
"a0bWD0000011U7BYAU","005al00000RVcKvAAL","false","a2C8c000001cPLo","","Html.Layouts.TableLayout","","","","a008c00000ZwhkLAAR"
"a0bWD0000011U7CYAU","005al00000RVcKvAAL","false","a2C8c000001cPLp","","Html.Layouts.NoLayout","","","","a008c00000ZwhkMAAR"
"a0bWD0000011U7DYAU","005al00000RVcKvAAL","false","a2C8c000001cPLq","","Html.Layouts.TwoColumnGrid","","","","a008c00000ZwhkNAAR"
"a0bWD0000011U7EYAU","005al00000RVcKvAAL","false","NoLayout","","Html.Layouts.NoLayout","","","","a008c00000ZwhkOAAR"
"a0bWD0000011U7FYAU","005al00000RVcKvAAL","false","a2C8c000001cPLs","","Html.Layouts.TableLayout","","","","a008c00000ZwhkPAAR"
"a0bWD0000011U7GYAU","005al00000RVcKvAAL","false","a2C8c000001cPLt","","Html.Layouts.NoLayout","","","","a008c00000ZwhkQAAR"
"a0bWD0000011U7HYAU","005al00000RVcKvAAL","false","a2C8c000001cPLu","","Html.Layouts.NoLayout","","","","a008c00000ZwhkRAAR"
"a0bWD0000011U7IYAU","005al00000RVcKvAAL","false","a2C8c000001cPLv","","Html.Layouts.TableLayout","","","","a008c00000ZwhkSAAR"
"a0bWD0000011U7JYAU","005al00000RVcKvAAL","false","a2C8c000001cPLw","","Html.Layouts.NoLayout","","","","a008c00000ZwhkTAAR"
"a0bWD0000011U7KYAU","005al00000RVcKvAAL","false","a2C8c000001cPLx","","Html.Layouts.NoLayout","","","","a008c00000ZwhkUAAR"
"a0bWD0000011U7LYAU","005al00000RVcKvAAL","false","a2C8c000001cPLy","","Html.Layouts.NoLayout","","","","a008c00000ZwhkVAAR"
"a0bWD0000011U7MYAU","005al00000RVcKvAAL","false","a2C8c000001cPLz","","Html.Layouts.TableLayout","","","","a008c00000ZwhkWAAR"
"a0bWD0000011U7NYAU","005al00000RVcKvAAL","false","a2C8c000001cPM0","","Html.Layouts.NoLayout","","","","a008c00000ZwhkXAAR"
"a0bWD0000011U7OYAU","005al00000RVcKvAAL","false","a2C8c000001cPM1","","Html.Layouts.TableLayout","","","","a008c00000ZwhkYAAR"
"a0bWD0000011U7PYAU","005al00000RVcKvAAL","false","a2C8c000001cPM2","","Html.Layouts.TableLayout","","","","a008c00000ZwhkZAAR"
"a0bWD0000011U7QYAU","005al00000RVcKvAAL","false","a2C8c000001cPM3","","Html.Layouts.TableLayout","","","","a008c00000ZwhkaAAB"
"a0bWD0000011U7RYAU","005al00000RVcKvAAL","false","a2C8c000001cPM4","","Html.Layouts.TableLayout","","","","a008c00000ZwhkbAAB"
"a0bWD0000011U7SYAU","005al00000RVcKvAAL","false","a2C8c000001cPM5","","Html.Layouts.NoLayout","","","","a008c00000ZwhkcAAB"
"a0bWD0000011U7TYAU","005al00000RVcKvAAL","false","a2C8c000001cPM6","","Html.Layouts.NoLayout","","","","a008c00000ZwhkdAAB"
"a0bWD0000011U7UYAU","005al00000RVcKvAAL","false","a2C8c000001cPM7","","Html.Layouts.TableLayout","","","","a008c00000ZwhkeAAB"
"a0bWD0000011U7VYAU","005al00000RVcKvAAL","false","a2C8c000001cPM8","","Html.Layouts.NoLayout","","","","a008c00000ZwhkfAAB"
"a0bWD0000011U7WYAU","005al00000RVcKvAAL","false","a2C8c000001cPM9","","Html.Layouts.NoLayout","","","","a008c00000ZwhkgAAB"
"a0bWD0000011U7XYAU","005al00000RVcKvAAL","false","a2C8c000001cPMA","","Html.Layouts.TableLayout","","","","a008c00000ZwhkhAAB"
"a0bWD0000011U7YYAU","005al00000RVcKvAAL","false","a2C8c000001cPMB","","Html.Layouts.TableLayout","","","","a008c00000ZwhkiAAB"
"a0bWD0000011U7ZYAU","005al00000RVcKvAAL","false","a2C8c000001cPMC","","Html.Layouts.TableLayout","","","","a008c00000ZwhkjAAB"
"a0bWD0000011U7aYAE","005al00000RVcKvAAL","false","a2C8c000001cPMD","","Html.Layouts.TableLayout","","","","a008c00000ZwhkkAAB"
"a0bWD0000011U7bYAE","005al00000RVcKvAAL","false","a2C8c000001cPME","","Html.Layouts.TwoColumnGrid","","","","a008c00000ZwhklAAB"
"a0bWD0000011U7cYAE","005al00000RVcKvAAL","false","a2C8c000001cPMF","","Html.Layouts.NoLayout","","","","a008c00000ZwhkmAAB"
"a0bWD0000011U7dYAE","005al00000RVcKvAAL","false","a2C8c000001cPMG","","Html.Layouts.NoLayout","","","","a008c00000ZwhknAAB"
"a0bWD0000011U7eYAE","005al00000RVcKvAAL","false","a2C8c000001cPMH","","Html.Layouts.TableLayout","","","","a008c00000ZwhkoAAB"
"a0bWD0000011U7fYAE","005al00000RVcKvAAL","false","a2C8c000001cPMI","","Html.Layouts.NoLayout","","","","a008c00000ZwhkpAAB"
"a0bWD0000011U7gYAE","005al00000RVcKvAAL","false","a2C8c000001cPMJ","","Html.Layouts.NoLayout","","","","a008c00000ZwhkqAAB"
"a0bWD0000011U7hYAE","005al00000RVcKvAAL","false","a2C8c000001cPMK","","Html.Layouts.NoLayout","","","","a008c00000ZwhkrAAB"
"a0bWD0000011U7iYAE","005al00000RVcKvAAL","false","a2C8c000001cPML","","Html.Layouts.TableLayout","","","","a008c00000ZwhksAAB"
"a0bWD0000011U7jYAE","005al00000RVcKvAAL","false","a2C8c000001cPMM","","Html.Layouts.NoLayout","","","","a008c00000ZwhktAAB"
"a0bWD0000011U7kYAE","005al00000RVcKvAAL","false","a2C8c000001cPMN","","Html.Layouts.TableLayout","","","","a008c00000ZwhkuAAB"
"a0bWD0000011U7lYAE","005al00000RVcKvAAL","false","a2C8c000001cPMO","","Html.Layouts.TableLayout","","","","a008c00000ZwhkvAAB"
"a0bWD0000011U7mYAE","005al00000RVcKvAAL","false","a2C8c000001cPMP","","Html.Layouts.TableLayout","","","","a008c00000ZwhkwAAB"
"a0bWD0000011U7nYAE","005al00000RVcKvAAL","false","a2C8c000001cPMQ","","Html.Layouts.TwoColumnGrid","","","","a008c00000ZwhkxAAB"
"a0bWD0000011WOoYAM","005al00000RVcKvAAL","false","TwoColumnGrid","","Html.Layouts.TwoColumnGrid","","","","a008c00000ZwhkyAAB"
"a0bWD0000011WOpYAM","005al00000RVcKvAAL","false","a2C8c000001cPMS","","Html.Layouts.TableLayout","","","","a008c00000ZwhkzAAB"
"a0bWD0000011WOqYAM","005al00000RVcKvAAL","false","SingleColumnGrid","","Html.Layouts.SingleColumnGrid","","","","a008c00000Zwhl0AAB"
"a0bWD0000011WOrYAM","005al00000RVcKvAAL","false","a2C8c000001cPMU","","Html.Layouts.NoLayout","","","","a008c00000Zwhl1AAB"
"a0bWD0000011WOsYAM","005al00000RVcKvAAL","false","a2C8c000001cPMV","","Html.Layouts.TableLayout","","","","a008c00000Zwhl2AAB"
"a0bWD0000011WOtYAM","005al00000RVcKvAAL","false","a2C8c000001cPMW","","Html.Layouts.NoLayout","","","","a008c00000Zwhl3AAB"
"a0bWD0000011WOuYAM","005al00000RVcKvAAL","false","a2C8c000001cPMX","","Html.Layouts.TableLayout","","","","a008c00000Zwhl4AAB"
"a0bWD0000011WOvYAM","005al00000RVcKvAAL","false","a2C8c000001cPMY","","Html.Layouts.TwoColumnGrid","","","","a008c00000Zwhl5AAB"
"a0bWD0000011WOwYAM","005al00000RVcKvAAL","false","a2C8c000001cPMZ","","Html.Layouts.TableLayout","","","","a008c00000Zwhl6AAB"
"a0bWD0000011WOxYAM","005al00000RVcKvAAL","false","a2C8c000001cPMa","","Html.Layouts.TableLayout","","","","a008c00000Zwhl7AAB"
"a0bWD0000011WOyYAM","005al00000RVcKvAAL","false","a2C8c000001cPMb","","Html.Layouts.TwoColumnGrid","","","","a008c00000Zwhl8AAB"
"a0bWD0000011WOzYAM","005al00000RVcKvAAL","false","a2C8c000001cPMc","","Html.Layouts.TableLayout","","","","a008c00000Zwhl9AAB"
"a0bWD0000011WP0YAM","005al00000RVcKvAAL","false","a2C8c000001cPMd","","Html.Layouts.NoLayout","","","","a008c00000ZwhlAAAR"
"a0bWD0000011WP1YAM","005al00000RVcKvAAL","false","a2C8c000001cPMe","","Html.Layouts.TableLayout","","","","a008c00000ZwhlBAAR"
"a0bWD0000011WP2YAM","005al00000RVcKvAAL","false","a2C8c000001cPMf","","Html.Layouts.NoLayout","","","","a008c00000ZwhlCAAR"
"a0bWD0000011WP3YAM","005al00000RVcKvAAL","false","a2C8c000001cPMg","","Html.Layouts.TableLayout","","","","a008c00000ZwhlDAAR"
"a0bWD0000011WP4YAM","005al00000RVcKvAAL","false","a2C8c000001cPMh","","Html.Layouts.TwoColumnGrid","","","","a008c00000ZwhlEAAR"
"a0bWD0000011WP5YAM","005al00000RVcKvAAL","false","a2C8c000001cPMi","","Html.Layouts.TableLayout","","","","a008c00000ZwhlFAAR"
"a0bWD0000011WP6YAM","005al00000RVcKvAAL","false","TableLayout","","Html.Layouts.TableLayout","","","","a008c00000ZwhlGAAR"
"a0bWD0000011WP7YAM","005al00000RVcKvAAL","false","a2C8c000001cPMk","","Html.Layouts.TableLayout","","","","a008c00000ZwhlHAAR"
"a0bWD0000011WP8YAM","005al00000RVcKvAAL","false","a2C8c000001cPMl","","Html.Layouts.TableLayout","","","","a008c00000ZwhlIAAR"
"a0bWD0000011WP9YAM","005al00000RVcKvAAL","false","a2C8c000001cPMm","","Html.Layouts.TableLayout","","","","a008c00000ZwhlJAAR"
"a0bWD0000011WPAYA2","005al00000RVcKvAAL","false","a2C8c000001cPMn","","Html.Layouts.TableLayout","","","","a008c00000ZwhlKAAR"
"a0bWD0000011WPBYA2","005al00000RVcKvAAL","false","a2C8c000001cPMo","","Html.Layouts.TableLayout","","","","a008c00000ZwhlLAAR"
"a0bWD0000011WPCYA2","005al00000RVcKvAAL","false","a2C8c000001cPMp","","Html.Layouts.TableLayout","","","","a008c00000ZwhlMAAR"
"a0bWD0000011WPDYA2","005al00000RVcKvAAL","false","a2C8c000001cPMq","","Html.Layouts.TableLayout","","","","a008c00000ZwhlNAAR"
"a0bWD0000011WPEYA2","005al00000RVcKvAAL","false","a2C8c000001cPMr","","Html.Layouts.TableLayout","","","","a008c00000ZwhlOAAR"
"a0bWD0000011WPFYA2","005al00000RVcKvAAL","false","a2C8c000001cPMs","","Html.Layouts.TableLayout","","","","a008c00000ZwhlPAAR"
"a0bWD0000011WPGYA2","005al00000RVcKvAAL","false","a2C8c000001cPMt","","Html.Layouts.TableLayout","","","","a008c00000ZwhlQAAR"
"a0bWD0000011U7oYAE","005al00000RVcKvAAL","false","a2C8c000001cPMu","","Html.Layouts.NoLayout","","","","a008c00000ZwhlRAAR"
"a0bWD0000011U7pYAE","005al00000RVcKvAAL","false","a2C8c000001cPMv","","Html.Layouts.NoLayout","","","","a008c00000ZwhlSAAR"
"a0bWD0000011U7qYAE","005al00000RVcKvAAL","false","a2C8c000001cPMw","","Html.Layouts.TableLayout","","","","a008c00000ZwhlTAAR"
"a0bWD0000011U7rYAE","005al00000RVcKvAAL","false","a2C8c000001cPMx","","Html.Layouts.NoLayout","","","","a008c00000ZwhlUAAR"
"a0bWD0000011U7sYAE","005al00000RVcKvAAL","false","a2C8c000001cPMy","","Html.Layouts.NoLayout","","","","a008c00000ZwhlVAAR"
"a0bWD0000011U7tYAE","005al00000RVcKvAAL","false","a2C8c000001cPMz","","Html.Layouts.NoLayout","","","","a008c00000ZwhlWAAR"
"a0bWD0000011U7uYAE","005al00000RVcKvAAL","false","a2C8c000001cPN0","","Html.Layouts.TableLayout","","","","a008c00000ZwhlXAAR"
"a0bWD0000011U7vYAE","005al00000RVcKvAAL","false","a2C8c000001cPN1","","Html.Layouts.NoLayout","","","","a008c00000ZwhlYAAR"
"a0bWD0000011U7wYAE","005al00000RVcKvAAL","false","a2C8c000001cPN2","","Html.Layouts.TableLayout","","","","a008c00000ZwhlZAAR"
"a0bWD0000011U7xYAE","005al00000RVcKvAAL","false","a2C8c000001cPN3","","Html.Layouts.TableLayout","","","","a008c00000ZwhlaAAB"
"a0bWD0000011U7yYAE","005al00000RVcKvAAL","false","a2C8c000001cPN4","","Html.Layouts.TableLayout","","","","a008c00000ZwhlbAAB"
"a0bWD0000011WPHYA2","005al00000RVcKvAAL","false","a2C8c000001cPN5","","Html.Layouts.NoLayout","","","","a008c00000ZwhlcAAB"
"a0bWD0000011WPIYA2","005al00000RVcKvAAL","false","a2C8c000001cPN6","","Html.Layouts.TableLayout","","","","a008c00000ZwhldAAB"
"a0bWD0000011WPJYA2","005al00000RVcKvAAL","false","a2C8c000001cPN7","","Html.Layouts.NoLayout","","","","a008c00000ZwhleAAB"
"a0bWD0000011WPKYA2","005al00000RVcKvAAL","false","a2C8c000001cPN8","","Html.Layouts.TableLayout","","","","a008c00000ZwhlfAAB"
"a0bWD0000011WPLYA2","005al00000RVcKvAAL","false","a2C8c000001cPN9","","Html.Layouts.TwoColumnGrid","","","","a008c00000ZwhlgAAB"
"a0bWD0000011WPMYA2","005al00000RVcKvAAL","false","a2C8c000001cPNA","","Html.Layouts.TableLayout","","","","a008c00000ZwhlhAAB"
"a0bWD0000011WPNYA2","005al00000RVcKvAAL","false","a2C8c000001cPNB","","Html.Layouts.TableLayout","","","","a008c00000ZwhliAAB"
"a0bWD0000011WPOYA2","005al00000RVcKvAAL","false","a2C8c000001cPNC","","Html.Layouts.TableLayout","","","","a008c00000ZwhljAAB"
"a0bWD0000011WPPYA2","005al00000RVcKvAAL","false","a2C8c000001cPND","","Html.Layouts.TableLayout","","","","a008c00000ZwhlkAAB"
"a0bWD0000011WPQYA2","005al00000RVcKvAAL","false","a2C8c000001cPNE","","Html.Layouts.TableLayout","","","","a008c00000ZwhllAAB"
"a0bWD0000011U7zYAE","005al00000RVcKvAAL","false","a2CDn000000ZCyG","","Html.Layouts.NoLayout","","","","a00Dn0000015JTIIA2"
"a0bWD0000011U80YAE","005al00000RVcKvAAL","false","a2CDn000000ZCyH","","Html.Layouts.NoLayout","","","","a00Dn0000015JTJIA2"
"a0bWD0000011U81YAE","005al00000RVcKvAAL","false","a2CDn000000ZCyI","","Html.Layouts.NoLayout","","","","a00Dn0000015JTKIA2"
"a0bWD0000011U82YAE","005al00000RVcKvAAL","false","NoLayout","","Html.Layouts.NoLayout","","","","a00Dn0000015JTLIA2"
"a0bWD0000011U83YAE","005al00000RVcKvAAL","false","a2CDn000000ZCyK","","Html.Layouts.NoLayout","","","","a00Dn0000015JTMIA2"
"a0bWD0000011U84YAE","005al00000RVcKvAAL","false","a2CDn000000ZCyL","","Html.Layouts.TwoColumnGrid","","","","a00Dn0000015JTNIA2"
"a0bWD0000011U85YAE","005al00000RVcKvAAL","false","a2CDn000000ZCyM","","Html.Layouts.NoLayout","","","","a00Dn0000015JTOIA2"
"a0bWD0000011U86YAE","005al00000RVcKvAAL","false","a2CDn000000ZCyN","","Html.Layouts.NoLayout","","","","a00Dn0000015JTPIA2"
"a0bWD0000011U87YAE","005al00000RVcKvAAL","false","a2CDn000000ZCyO","","Html.Layouts.NoLayout","","","","a00Dn0000015JTQIA2"
"a0bWD0000011U88YAE","005al00000RVcKvAAL","false","a2CDn000000ZCyP","","Html.Layouts.NoLayout","","","","a00Dn0000015JTRIA2"
"a0bWD0000011U89YAE","005al00000RVcKvAAL","false","a2CDn000000ZCyQ","","Html.Layouts.NoLayout","","","","a00Dn0000015JTSIA2"
"a0bWD0000011U8AYAU","005al00000RVcKvAAL","false","a2CDn000000ZCyR","","Html.Layouts.NoLayout","","","","a00Dn0000015JTTIA2"
"a0bWD0000011U8BYAU","005al00000RVcKvAAL","false","TwoColumnGrid","","Html.Layouts.TwoColumnGrid","","","","a00Dn0000015JTUIA2"
"a0bWD0000011U8CYAU","005al00000RVcKvAAL","false","a2CDn000000ZCyT","","Html.Layouts.TwoColumnGrid","","","","a00Dn0000015JTVIA2"
"a0bWD0000011U8DYAU","005al00000RVcKvAAL","false","a2CDn000000ZCyU","","Html.Layouts.NoLayout","","","","a00Dn0000015JTWIA2"
"a0bWD0000011U8EYAU","005al00000RVcKvAAL","false","a2CDn000000ZCyV","","Html.Layouts.TwoColumnGrid","","","","a00Dn0000015JTXIA2"
"a0bWD0000011U8FYAU","005al00000RVcKvAAL","false","a2CDn000000ZCyW","","Html.Layouts.NoLayout","","","","a00Dn0000015JTYIA2"
"a0bWD0000011U8GYAU","005al00000RVcKvAAL","false","a2CDn000000ZCyX","","Html.Layouts.NoLayout","","","","a00Dn0000015JTZIA2"
"a0bWD0000011U8HYAU","005al00000RVcKvAAL","false","a2CDn000000ZCyY","","Html.Layouts.NoLayout","","","","a00Dn0000015JTaIAM"
"a0bWD0000011U8IYAU","005al00000RVcKvAAL","false","a2CDn000000ZCyZ","","Html.Layouts.NoLayout","","","","a00Dn0000015JTbIAM"
"a0bWD0000011U8JYAU","005al00000RVcKvAAL","false","a2CDn000000ZCya","","Html.Layouts.NoLayout","","","","a00Dn0000015JTcIAM"
"a0bWD0000011U8KYAU","005al00000RVcKvAAL","false","a2CDn000000ZCyb","","Html.Layouts.TableLayout","","","","a00Dn0000015JTdIAM"
"a0bWD0000011U8LYAU","005al00000RVcKvAAL","false","a2CDn000000ZCyc","","Html.Layouts.NoLayout","","","","a00Dn0000015JTeIAM"
"a0bWD0000011U8MYAU","005al00000RVcKvAAL","false","a2CDn000000ZCyd","","Html.Layouts.TwoColumnGrid","","","","a00Dn0000015JTfIAM"
"a0bWD0000011U8NYAU","005al00000RVcKvAAL","false","a2CDn000000ZCye","","Html.Layouts.NoLayout","","","","a00Dn0000015JTgIAM"
"a0bWD0000011U8OYAU","005al00000RVcKvAAL","false","a2CDn000000ZCyf","","Html.Layouts.NoLayout","","","","a00Dn0000015JThIAM"
"a0bWD0000011U8PYAU","005al00000RVcKvAAL","false","a2CDn000000ZCyg","","Html.Layouts.NoLayout","","","","a00Dn0000015JTiIAM"
"a0bWD0000011U8QYAU","005al00000RVcKvAAL","false","a2CDn000000ZCyh","","Html.Layouts.TwoColumnGrid","","","","a00Dn0000015JTjIAM"
"a0bWD0000011U8RYAU","005al00000RVcKvAAL","false","a2CDn000000ZCyi","","Html.Layouts.NoLayout","","","","a00Dn0000015JTkIAM"
"a0bWD0000011U8SYAU","005al00000RVcKvAAL","false","a2CDn000000ZCyj","","Html.Layouts.NoLayout","","","","a00Dn0000015JTlIAM"
"a0bWD0000011U8TYAU","005al00000RVcKvAAL","false","a2CDn000000ZCyk","","Html.Layouts.NoLayout","","","","a00Dn0000015JTmIAM"
"a0bWD0000011U8UYAU","005al00000RVcKvAAL","false","a2CDn000000ZCyl","","Html.Layouts.TwoColumnGrid","","","","a00Dn0000015JTnIAM"
"a0bWD0000011U8VYAU","005al00000RVcKvAAL","false","a2CDn000000ZCym","","Html.Layouts.NoLayout","","","","a00Dn0000015JToIAM"
"a0bWD0000011U8WYAU","005al00000RVcKvAAL","false","a2CDn000000ZCyn","","Html.Layouts.NoLayout","","","","a00Dn0000015JTpIAM"
"a0bWD0000011U8XYAU","005al00000RVcKvAAL","false","a2CDn000000ZCyo","","Html.Layouts.TwoColumnGrid","","","","a00Dn0000015JTqIAM"
"a0bWD0000011U8YYAU","005al00000RVcKvAAL","false","a2CDn000000ZCyp","","Html.Layouts.NoLayout","","","","a00Dn0000015JTrIAM"
"a0bWD0000011U8ZYAU","005al00000RVcKvAAL","false","a2CDn000000ZCyq","","Html.Layouts.NoLayout","","","","a00Dn0000015JTsIAM"
"a0bWD0000011U8aYAE","005al00000RVcKvAAL","false","a2CDn000000ZCyr","","Html.Layouts.NoLayout","","","","a00Dn0000015JTtIAM"
"a0bWD0000011U8bYAE","005al00000RVcKvAAL","false","a2CDn000000ZCys","","Html.Layouts.NoLayout","","","","a00Dn0000015JTuIAM"
"a0bWD0000011U8cYAE","005al00000RVcKvAAL","false","a2CDn000000ZCyt","","Html.Layouts.NoLayout","","","","a00Dn0000015JTvIAM"
"a0bWD0000011U8dYAE","005al00000RVcKvAAL","false","a2CDn000000ZCyu","","Html.Layouts.TableLayout","","","","a00Dn0000015JTwIAM"
"a0bWD0000011U8eYAE","005al00000RVcKvAAL","false","a2CDn000000ZCyv","","Html.Layouts.NoLayout","","","","a00Dn0000015JTxIAM"
"a0bWD0000011U8fYAE","005al00000RVcKvAAL","false","a2CDn000000ZCyw","","Html.Layouts.TwoColumnGrid","","","","a00Dn0000015JTyIAM"
"a0bWD0000011U8gYAE","005al00000RVcKvAAL","false","a2CDn000000ZCyx","","Html.Layouts.NoLayout","","","","a00Dn0000015JTzIAM"
"a0bWD0000011U8hYAE","005al00000RVcKvAAL","false","a2CDn000000ZCyy","","Html.Layouts.NoLayout","","","","a00Dn0000015JU0IAM"
"a0bWD0000011U8iYAE","005al00000RVcKvAAL","false","a2CDn000000ZCyz","","Html.Layouts.TwoColumnGrid","","","","a00Dn0000015JU1IAM"
"a0bWD0000011U8jYAE","005al00000RVcKvAAL","false","a2CDn000000ZCz0","","Html.Layouts.NoLayout","","","","a00Dn0000015JU2IAM"
"a0bWD0000011U8kYAE","005al00000RVcKvAAL","false","a2CDn000000ZCz1","","Html.Layouts.NoLayout","","","","a00Dn0000015JU3IAM"
"a0bWD0000011U8lYAE","005al00000RVcKvAAL","false","a2CDn000000ZCz2","","Html.Layouts.NoLayout","","","","a00Dn0000015JU4IAM"
"a0bWD0000011U8mYAE","005al00000RVcKvAAL","false","a2CDn000000ZCz3","","Html.Layouts.NoLayout","","","","a00Dn0000015JU5IAM"
"a0bWD0000011U8nYAE","005al00000RVcKvAAL","false","a2CDn000000ZCz4","","Html.Layouts.NoLayout","","","","a00Dn0000015JU6IAM"
"a0bWD0000011U8oYAE","005al00000RVcKvAAL","false","a2CDn000000ZCz5","","Html.Layouts.TableLayout","","","","a00Dn0000015JU7IAM"
"a0bWD0000011U8pYAE","005al00000RVcKvAAL","false","a2CDn000000ZCz6","","Html.Layouts.NoLayout","","","","a00Dn0000015JU8IAM"
"a0bWD0000011U8qYAE","005al00000RVcKvAAL","false","a2CDn000000ZCz7","","Html.Layouts.TwoColumnGrid","","","","a00Dn0000015JU9IAM"
"a0bWD0000011U8rYAE","005al00000RVcKvAAL","false","a2CDn000000ZCz8","","Html.Layouts.NoLayout","","","","a00Dn0000015JUAIA2"
"a0bWD0000011U8sYAE","005al00000RVcKvAAL","false","a2CDn000000ZCz9","","Html.Layouts.NoLayout","","","","a00Dn0000015JUBIA2"
"a0bWD0000011U8tYAE","005al00000RVcKvAAL","false","a2CDn000000ZCzA","","Html.Layouts.NoLayout","","","","a00Dn0000015JUCIA2"
"a0bWD0000011U8uYAE","005al00000RVcKvAAL","false","a2CDn000000ZCzB","","Html.Layouts.TwoColumnGrid","","","","a00Dn0000015JUDIA2"
"a0bWD0000011U8vYAE","005al00000RVcKvAAL","false","a2CDn000000ZCzC","","Html.Layouts.NoLayout","","","","a00Dn0000015JUEIA2"
"a0bWD0000011U8wYAE","005al00000RVcKvAAL","false","a2CDn000000ZCzD","","Html.Layouts.NoLayout","","","","a00Dn0000015JUFIA2"
"a0bWD0000011U8xYAE","005al00000RVcKvAAL","false","a2CDn000000ZCzE","","Html.Layouts.NoLayout","","","","a00Dn0000015JUGIA2"
"a0bWD0000011U8yYAE","005al00000RVcKvAAL","false","a2CDn000000ZCzF","","Html.Layouts.NoLayout","","","","a00Dn0000015JUHIA2"
"a0bWD0000011U8zYAE","005al00000RVcKvAAL","false","a2CDn000000ZCzG","","Html.Layouts.NoLayout","","","","a00Dn0000015JUIIA2"
"a0bWD0000011U90YAE","005al00000RVcKvAAL","false","a2CDn000000ZCzH","","Html.Layouts.NoLayout","","","","a00Dn0000015JUJIA2"
"a0bWD0000011U91YAE","005al00000RVcKvAAL","false","a2CDn000000ZCzI","","Html.Layouts.TableLayout","","","","a00Dn0000015JUKIA2"
"a0bWD0000011U92YAE","005al00000RVcKvAAL","false","a2CDn000000ZCzJ","","Html.Layouts.NoLayout","","","","a00Dn0000015JULIA2"
"a0bWD0000011U93YAE","005al00000RVcKvAAL","false","a2CDn000000ZCzK","","Html.Layouts.TwoColumnGrid","","","","a00Dn0000015JUMIA2"
"a0bWD0000011U94YAE","005al00000RVcKvAAL","false","NoLayout","","Html.Layouts.NoLayout","","","","a00Dn0000015JUNIA2"
"a0bWD0000011U95YAE","005al00000RVcKvAAL","false","a2CDn000000ZCzM","","Html.Layouts.TableLayout","","","","a00Dn0000015JUOIA2"
"a0bWD0000011U96YAE","005al00000RVcKvAAL","false","a2CDn000000ZCzN","","Html.Layouts.NoLayout","","","","a00Dn0000015JUPIA2"
"a0bWD0000011U97YAE","005al00000RVcKvAAL","false","a2CDn000000ZCzO","","Html.Layouts.NoLayout","","","","a00Dn0000015JUQIA2"
"a0bWD0000011U98YAE","005al00000RVcKvAAL","false","a2CDn000000ZCzP","","Html.Layouts.TableLayout","","","","a00Dn0000015JURIA2"
"a0bWD0000011U99YAE","005al00000RVcKvAAL","false","a2CDn000000ZCzQ","","Html.Layouts.NoLayout","","","","a00Dn0000015JUSIA2"
"a0bWD0000011U9AYAU","005al00000RVcKvAAL","false","a2CDn000000ZCzR","","Html.Layouts.NoLayout","","","","a00Dn0000015JUTIA2"
"a0bWD0000011U9BYAU","005al00000RVcKvAAL","false","a2CDn000000ZCzS","","Html.Layouts.NoLayout","","","","a00Dn0000015JUUIA2"
"a0bWD0000011U9CYAU","005al00000RVcKvAAL","false","a2CDn000000ZCzT","","Html.Layouts.TableLayout","","","","a00Dn0000015JUVIA2"
"a0bWD0000011U9DYAU","005al00000RVcKvAAL","false","a2CDn000000ZCzU","","Html.Layouts.NoLayout","","","","a00Dn0000015JUWIA2"
"a0bWD0000011U9EYAU","005al00000RVcKvAAL","false","a2CDn000000ZCzV","","Html.Layouts.TableLayout","","","","a00Dn0000015JUXIA2"
"a0bWD0000011U9FYAU","005al00000RVcKvAAL","false","a2CDn000000ZCzW","","Html.Layouts.TableLayout","","","","a00Dn0000015JUYIA2"
"a0bWD0000011U9GYAU","005al00000RVcKvAAL","false","a2CDn000000ZCzX","","Html.Layouts.TableLayout","","","","a00Dn0000015JUZIA2"
"a0bWD0000011U9HYAU","005al00000RVcKvAAL","false","a2CDn000000ZCzY","","Html.Layouts.TableLayout","","","","a00Dn0000015JUaIAM"
"a0bWD0000011U9IYAU","005al00000RVcKvAAL","false","a2CDn000000ZCzZ","","Html.Layouts.NoLayout","","","","a00Dn0000015JUbIAM"
"a0bWD0000011U9JYAU","005al00000RVcKvAAL","false","a2CDn000000ZCza","","Html.Layouts.NoLayout","","","","a00Dn0000015JUcIAM"
"a0bWD0000011U9KYAU","005al00000RVcKvAAL","false","a2CDn000000ZCzb","","Html.Layouts.TableLayout","","","","a00Dn0000015JUdIAM"
"a0bWD0000011U9LYAU","005al00000RVcKvAAL","false","a2CDn000000ZCzc","","Html.Layouts.NoLayout","","","","a00Dn0000015JUeIAM"
"a0bWD0000011U9MYAU","005al00000RVcKvAAL","false","a2CDn000000ZCzd","","Html.Layouts.NoLayout","","","","a00Dn0000015JUfIAM"
"a0bWD0000011U9NYAU","005al00000RVcKvAAL","false","a2CDn000000ZCze","","Html.Layouts.TableLayout","","","","a00Dn0000015JUgIAM"
"a0bWD0000011U9OYAU","005al00000RVcKvAAL","false","a2CDn000000ZCzf","","Html.Layouts.TableLayout","","","","a00Dn0000015JUhIAM"
"a0bWD0000011U9PYAU","005al00000RVcKvAAL","false","a2CDn000000ZCzg","","Html.Layouts.TableLayout","","","","a00Dn0000015JUiIAM"
"a0bWD0000011U9QYAU","005al00000RVcKvAAL","false","a2CDn000000ZCzh","","Html.Layouts.TableLayout","","","","a00Dn0000015JUjIAM"
"a0bWD0000011U9RYAU","005al00000RVcKvAAL","false","a2CDn000000ZCzi","","Html.Layouts.TwoColumnGrid","","","","a00Dn0000015JUkIAM"
"a0bWD0000011U9SYAU","005al00000RVcKvAAL","false","a2CDn000000ZCzj","","Html.Layouts.NoLayout","","","","a00Dn0000015JUlIAM"
"a0bWD0000011U9TYAU","005al00000RVcKvAAL","false","a2CDn000000ZCzk","","Html.Layouts.NoLayout","","","","a00Dn0000015JUmIAM"
"a0bWD0000011U9UYAU","005al00000RVcKvAAL","false","a2CDn000000ZCzl","","Html.Layouts.TableLayout","","","","a00Dn0000015JUnIAM"
"a0bWD0000011U9VYAU","005al00000RVcKvAAL","false","a2CDn000000ZCzm","","Html.Layouts.NoLayout","","","","a00Dn0000015JUoIAM"
"a0bWD0000011U9WYAU","005al00000RVcKvAAL","false","a2CDn000000ZCzn","","Html.Layouts.NoLayout","","","","a00Dn0000015JUpIAM"
"a0bWD0000011U9XYAU","005al00000RVcKvAAL","false","a2CDn000000ZCzo","","Html.Layouts.NoLayout","","","","a00Dn0000015JUqIAM"
"a0bWD0000011U9YYAU","005al00000RVcKvAAL","false","a2CDn000000ZCzp","","Html.Layouts.TableLayout","","","","a00Dn0000015JUrIAM"
"a0bWD0000011U9ZYAU","005al00000RVcKvAAL","false","a2CDn000000ZCzq","","Html.Layouts.NoLayout","","","","a00Dn0000015JUsIAM"
"a0bWD0000011U9aYAE","005al00000RVcKvAAL","false","a2CDn000000ZCzr","","Html.Layouts.TableLayout","","","","a00Dn0000015JUtIAM"
"a0bWD0000011U9bYAE","005al00000RVcKvAAL","false","a2CDn000000ZCzs","","Html.Layouts.TableLayout","","","","a00Dn0000015JUuIAM"
"a0bWD0000011U9cYAE","005al00000RVcKvAAL","false","a2CDn000000ZCzt","","Html.Layouts.TableLayout","","","","a00Dn0000015JUvIAM"
"a0bWD0000011U9dYAE","005al00000RVcKvAAL","false","a2CDn000000ZCzu","","Html.Layouts.TwoColumnGrid","","","","a00Dn0000015JUwIAM"
"a0bWD0000011WPRYA2","005al00000RVcKvAAL","false","TwoColumnGrid","","Html.Layouts.TwoColumnGrid","","","","a00Dn0000015JUxIAM"
"a0bWD0000011WPSYA2","005al00000RVcKvAAL","false","a2CDn000000ZCzw","","Html.Layouts.TableLayout","","","","a00Dn0000015JUyIAM"
"a0bWD0000011WPTYA2","005al00000RVcKvAAL","false","SingleColumnGrid","","Html.Layouts.SingleColumnGrid","","","","a00Dn0000015JUzIAM"
"a0bWD0000011WPUYA2","005al00000RVcKvAAL","false","a2CDn000000ZCzy","","Html.Layouts.NoLayout","","","","a00Dn0000015JV0IAM"
"a0bWD0000011WPVYA2","005al00000RVcKvAAL","false","a2CDn000000ZCzz","","Html.Layouts.TableLayout","","","","a00Dn0000015JV1IAM"
"a0bWD0000011WPWYA2","005al00000RVcKvAAL","false","a2CDn000000ZD00","","Html.Layouts.NoLayout","","","","a00Dn0000015JV2IAM"
"a0bWD0000011WPXYA2","005al00000RVcKvAAL","false","a2CDn000000ZD01","","Html.Layouts.TableLayout","","","","a00Dn0000015JV3IAM"
"a0bWD0000011WPYYA2","005al00000RVcKvAAL","false","a2CDn000000ZD02","","Html.Layouts.TwoColumnGrid","","","","a00Dn0000015JV4IAM"
"a0bWD0000011WPZYA2","005al00000RVcKvAAL","false","a2CDn000000ZD03","","Html.Layouts.TableLayout","","","","a00Dn0000015JV5IAM"
"a0bWD0000011WPaYAM","005al00000RVcKvAAL","false","a2CDn000000ZD04","","Html.Layouts.TableLayout","","","","a00Dn0000015JV6IAM"
"a0bWD0000011WPbYAM","005al00000RVcKvAAL","false","a2CDn000000ZD05","","Html.Layouts.TwoColumnGrid","","","","a00Dn0000015JV7IAM"
"a0bWD0000011WPcYAM","005al00000RVcKvAAL","false","a2CDn000000ZD06","","Html.Layouts.TableLayout","","","","a00Dn0000015JV8IAM"
"a0bWD0000011WPdYAM","005al00000RVcKvAAL","false","a2CDn000000ZD07","","Html.Layouts.NoLayout","","","","a00Dn0000015JV9IAM"
"a0bWD0000011WPeYAM","005al00000RVcKvAAL","false","a2CDn000000ZD08","","Html.Layouts.TableLayout","","","","a00Dn0000015JVAIA2"
"a0bWD0000011WPfYAM","005al00000RVcKvAAL","false","a2CDn000000ZD09","","Html.Layouts.NoLayout","","","","a00Dn0000015JVBIA2"
"a0bWD0000011WPgYAM","005al00000RVcKvAAL","false","a2CDn000000ZD0A","","Html.Layouts.TableLayout","","","","a00Dn0000015JVCIA2"
"a0bWD0000011WPhYAM","005al00000RVcKvAAL","false","a2CDn000000ZD0B","","Html.Layouts.TwoColumnGrid","","","","a00Dn0000015JVDIA2"
"a0bWD0000011WPiYAM","005al00000RVcKvAAL","false","a2CDn000000ZD0C","","Html.Layouts.TableLayout","","","","a00Dn0000015JVEIA2"
"a0bWD0000011WPjYAM","005al00000RVcKvAAL","false","TableLayout","","Html.Layouts.TableLayout","","","","a00Dn0000015JVFIA2"
"a0bWD0000011WPkYAM","005al00000RVcKvAAL","false","a2CDn000000ZD0E","","Html.Layouts.TableLayout","","","","a00Dn0000015JVGIA2"
"a0bWD0000011WPlYAM","005al00000RVcKvAAL","false","a2CDn000000ZD0F","","Html.Layouts.TableLayout","","","","a00Dn0000015JVHIA2"
"a0bWD0000011WPmYAM","005al00000RVcKvAAL","false","a2CDn000000ZD0G","","Html.Layouts.TableLayout","","","","a00Dn0000015JVIIA2"
"a0bWD0000011WPnYAM","005al00000RVcKvAAL","false","a2CDn000000ZD0H","","Html.Layouts.TableLayout","","","","a00Dn0000015JVJIA2"
"a0bWD0000011WPoYAM","005al00000RVcKvAAL","false","a2CDn000000ZD0I","","Html.Layouts.TableLayout","","","","a00Dn0000015JVKIA2"
"a0bWD0000011WPpYAM","005al00000RVcKvAAL","false","a2CDn000000ZD0J","","Html.Layouts.TableLayout","","","","a00Dn0000015JVLIA2"
"a0bWD0000011WPqYAM","005al00000RVcKvAAL","false","a2CDn000000ZD0K","","Html.Layouts.TableLayout","","","","a00Dn0000015JVMIA2"
"a0bWD0000011WPrYAM","005al00000RVcKvAAL","false","a2CDn000000ZD0L","","Html.Layouts.TableLayout","","","","a00Dn0000015JVNIA2"
"a0bWD0000011WPsYAM","005al00000RVcKvAAL","false","a2CDn000000ZD0M","","Html.Layouts.TableLayout","","","","a00Dn0000015JVOIA2"
"a0bWD0000011WPtYAM","005al00000RVcKvAAL","false","a2CDn000000ZD0N","","Html.Layouts.TableLayout","","","","a00Dn0000015JVPIA2"
"a0bWD0000011U9eYAE","005al00000RVcKvAAL","false","a2CDn000000ZD0O","","Html.Layouts.NoLayout","","","","a00Dn0000015JVQIA2"
"a0bWD0000011U9fYAE","005al00000RVcKvAAL","false","a2CDn000000ZD0P","","Html.Layouts.NoLayout","","","","a00Dn0000015JVRIA2"
"a0bWD0000011U9gYAE","005al00000RVcKvAAL","false","a2CDn000000ZD0Q","","Html.Layouts.TableLayout","","","","a00Dn0000015JVSIA2"
"a0bWD0000011U9hYAE","005al00000RVcKvAAL","false","a2CDn000000ZD0R","","Html.Layouts.NoLayout","","","","a00Dn0000015JVTIA2"
"a0bWD0000011U9iYAE","005al00000RVcKvAAL","false","a2CDn000000ZD0S","","Html.Layouts.NoLayout","","","","a00Dn0000015JVUIA2"
"a0bWD0000011U9jYAE","005al00000RVcKvAAL","false","a2CDn000000ZD0T","","Html.Layouts.NoLayout","","","","a00Dn0000015JVVIA2"
"a0bWD0000011U9kYAE","005al00000RVcKvAAL","false","a2CDn000000ZD0U","","Html.Layouts.TableLayout","","","","a00Dn0000015JVWIA2"
"a0bWD0000011U9lYAE","005al00000RVcKvAAL","false","a2CDn000000ZD0V","","Html.Layouts.NoLayout","","","","a00Dn0000015JVXIA2"
"a0bWD0000011U9mYAE","005al00000RVcKvAAL","false","a2CDn000000ZD0W","","Html.Layouts.TableLayout","","","","a00Dn0000015JVYIA2"
"a0bWD0000011U9nYAE","005al00000RVcKvAAL","false","a2CDn000000ZD0X","","Html.Layouts.TableLayout","","","","a00Dn0000015JVZIA2"
"a0bWD0000011U9oYAE","005al00000RVcKvAAL","false","a2CDn000000ZD0Y","","Html.Layouts.TableLayout","","","","a00Dn0000015JVaIAM"
"a0bWD0000011WPuYAM","005al00000RVcKvAAL","false","a2CDn000000ZD0Z","","Html.Layouts.NoLayout","","","","a00Dn0000015JVbIAM"
"a0bWD0000011WPvYAM","005al00000RVcKvAAL","false","a2CDn000000ZD0a","","Html.Layouts.TableLayout","","","","a00Dn0000015JVcIAM"
"a0bWD0000011WPwYAM","005al00000RVcKvAAL","false","a2CDn000000ZD0b","","Html.Layouts.NoLayout","","","","a00Dn0000015JVdIAM"
"a0bWD0000011WPxYAM","005al00000RVcKvAAL","false","a2CDn000000ZD0c","","Html.Layouts.TableLayout","","","","a00Dn0000015JVeIAM"
"a0bWD0000011WPyYAM","005al00000RVcKvAAL","false","a2CDn000000ZD0d","","Html.Layouts.TwoColumnGrid","","","","a00Dn0000015JVfIAM"
"a0bWD0000011WPzYAM","005al00000RVcKvAAL","false","a2CDn000000ZD0e","","Html.Layouts.TableLayout","","","","a00Dn0000015JVgIAM"
"a0bWD0000011WQ0YAM","005al00000RVcKvAAL","false","a2CDn000000ZD0f","","Html.Layouts.TableLayout","","","","a00Dn0000015JVhIAM"
"a0bWD0000011WQ1YAM","005al00000RVcKvAAL","false","a2CDn000000ZD0g","","Html.Layouts.TableLayout","","","","a00Dn0000015JViIAM"
"a0bWD0000011WQ2YAM","005al00000RVcKvAAL","false","a2CDn000000ZD0h","","Html.Layouts.TableLayout","","","","a00Dn0000015JVjIAM"
"a0bWD0000011WQ3YAM","005al00000RVcKvAAL","false","a2CDn000000ZD0i","","Html.Layouts.TableLayout","","","","a00Dn0000015JVkIAM"
"a0bWD0000011U9pYAE","005al00000RVcKvAAL","false","a2CHo000001c3qX","","Html.Layouts.NoLayout","","","","a00Ho00000GxRbXIAV"
"a0bWD0000011U9qYAE","005al00000RVcKvAAL","false","a2CHo000001c3qY","","Html.Layouts.NoLayout","","","","a00Ho00000GxRbYIAV"
"a0bWD0000011U9rYAE","005al00000RVcKvAAL","false","a2CHo000001c3qZ","","Html.Layouts.NoLayout","","","","a00Ho00000GxRbZIAV"
"a0bWD0000011U9sYAE","005al00000RVcKvAAL","false","NoLayout","","Html.Layouts.NoLayout","","","","a00Ho00000GxRbaIAF"
"a0bWD0000011U9tYAE","005al00000RVcKvAAL","false","a2CHo000001c3qb","","Html.Layouts.NoLayout","","","","a00Ho00000GxRbbIAF"
"a0bWD0000011U9uYAE","005al00000RVcKvAAL","false","a2CHo000001c3qd","","Html.Layouts.NoLayout","","","","a00Ho00000GxRbdIAF"
"a0bWD0000011U9vYAE","005al00000RVcKvAAL","false","a2CHo000001c3qe","","Html.Layouts.NoLayout","","","","a00Ho00000GxRbeIAF"
"a0bWD0000011U9wYAE","005al00000RVcKvAAL","false","a2CHo000001c3qf","","Html.Layouts.NoLayout","","","","a00Ho00000GxRbfIAF"
"a0bWD0000011U9xYAE","005al00000RVcKvAAL","false","a2CHo000001c3qg","","Html.Layouts.NoLayout","","","","a00Ho00000GxRbgIAF"
"a0bWD0000011U9yYAE","005al00000RVcKvAAL","false","a2CHo000001c3qh","","Html.Layouts.NoLayout","","","","a00Ho00000GxRbhIAF"
"a0bWD0000011U9zYAE","005al00000RVcKvAAL","false","a2CHo000001c3qi","","Html.Layouts.NoLayout","","","","a00Ho00000GxRbiIAF"
"a0bWD0000011UA0YAM","005al00000RVcKvAAL","false","TwoColumnGrid","","Html.Layouts.TwoColumnGrid","","","","a00Ho00000GxRbjIAF"
"a0bWD0000011UA1YAM","005al00000RVcKvAAL","false","a2CHo000001c3qk","","Html.Layouts.TwoColumnGrid","","","","a00Ho00000GxRbkIAF"
"a0bWD0000011UA2YAM","005al00000RVcKvAAL","false","a2CHo000001c3rT","","Html.Layouts.NoLayout","","","","a00Ho00000GxRcUIAV"
"a0bWD0000011UA3YAM","005al00000RVcKvAAL","false","a2CHo000001c3rX","","Html.Layouts.NoLayout","","","","a00Ho00000GxRcXIAV"
"a0bWD0000011UA4YAM","005al00000RVcKvAAL","false","a2CHo000001c3rY","","Html.Layouts.NoLayout","","","","a00Ho00000GxRcYIAV"
"a0bWD0000011UA5YAM","005al00000RVcKvAAL","false","a2CHo000001c3rZ","","Html.Layouts.TableLayout","","","","a00Ho00000GxRcZIAV"
"a0bWD0000011UA6YAM","005al00000RVcKvAAL","false","a2CHo000001c3ra","","Html.Layouts.NoLayout","","","","a00Ho00000GxRcaIAF"
"a0bWD0000011UA7YAM","005al00000RVcKvAAL","false","NoLayout","","Html.Layouts.NoLayout","","","","a00Ho00000GxRccIAF"
"a0bWD0000011UA8YAM","005al00000RVcKvAAL","false","a2CHo000001c3rp","","Html.Layouts.TableLayout","","","","a00Ho00000GxRcpIAF"
"a0bWD0000011UA9YAM","005al00000RVcKvAAL","false","a2CHo000001c3rq","","Html.Layouts.NoLayout","","","","a00Ho00000GxRcqIAF"
"a0bWD0000011UAAYA2","005al00000RVcKvAAL","false","a2CHo000001c3rr","","Html.Layouts.NoLayout","","","","a00Ho00000GxRcrIAF"
"a0bWD0000011UABYA2","005al00000RVcKvAAL","false","a2CHo000001c3rs","","Html.Layouts.TableLayout","","","","a00Ho00000GxRcsIAF"
"a0bWD0000011UACYA2","005al00000RVcKvAAL","false","a2CHo000001c3rt","","Html.Layouts.NoLayout","","","","a00Ho00000GxRctIAF"
"a0bWD0000011UADYA2","005al00000RVcKvAAL","false","a2CHo000001c3ru","","Html.Layouts.NoLayout","","","","a00Ho00000GxRcuIAF"
"a0bWD0000011UAEYA2","005al00000RVcKvAAL","false","a2CHo000001c3rv","","Html.Layouts.TableLayout","","","","a00Ho00000GxRcvIAF"
"a0bWD0000011UAFYA2","005al00000RVcKvAAL","false","a2CHo000001c3rw","","Html.Layouts.TableLayout","","","","a00Ho00000GxRcwIAF"
"a0bWD0000011UAGYA2","005al00000RVcKvAAL","false","a2CHo000001c3rx","","Html.Layouts.TableLayout","","","","a00Ho00000GxRcxIAF"
"a0bWD0000011UAHYA2","005al00000RVcKvAAL","false","a2CHo000001c3ry","","Html.Layouts.TableLayout","","","","a00Ho00000GxRcyIAF"
"a0bWD0000011WQ4YAM","005al00000RVcKvAAL","false","TwoColumnGrid","","Html.Layouts.TwoColumnGrid","","","","a00Ho00000GxRdCIAV"
"a0bWD0000011WQ5YAM","005al00000RVcKvAAL","false","SingleColumnGrid","","Html.Layouts.SingleColumnGrid","","","","a00Ho00000GxRdEIAV"
"a0bWD0000011WQ6YAM","005al00000RVcKvAAL","false","a2CHo000001c3sL","","Html.Layouts.TableLayout","","","","a00Ho00000GxRdLIAV"
"a0bWD0000011WQ7YAM","005al00000RVcKvAAL","false","a2CHo000001c3sM","","Html.Layouts.TwoColumnGrid","","","","a00Ho00000GxRdMIAV"
"a0bWD0000011WQ8YAM","005al00000RVcKvAAL","false","TableLayout","","Html.Layouts.TableLayout","","","","a00Ho00000GxRdTIAV"
"a0bWD0000011WQ9YAM","005al00000RVcKvAAL","false","a2CHo000001c3sZ","","Html.Layouts.TableLayout","","","","a00Ho00000GxRdYIAV"
"a0bWD0000011WQAYA2","005al00000RVcKvAAL","false","a2CHo000001c3sa","","Html.Layouts.TableLayout","","","","a00Ho00000GxRdZIAV"
"a0bWD0000011WQBYA2","005al00000RVcKvAAL","false","a2CHo000001c3sN","","Html.Layouts.TableLayout","","","","a00Ho00000GxRdwIAF"
"a0bWD0000011UAIYA2","005al00000RVcKvAAL","false","a2CHo000006EEmB","","Html.Layouts.NoLayout","","","","a00Ho00000M6lSzIAJ"
"a0bWD0000011UAJYA2","005al00000RVcKvAAL","false","a2CHo000006EEm3","","Html.Layouts.NoLayout","","","","a00Ho00000M6lT0IAJ"
"a0bWD0000011UAKYA2","005al00000RVcKvAAL","false","a2CHo000006EEm2","","Html.Layouts.NoLayout","","","","a00Ho00000M6lT1IAJ"
"a0bWD0000011UALYA2","005al00000RVcKvAAL","false","a2CHo000006EEm4","","Html.Layouts.NoLayout","","","","a00Ho00000M6lT2IAJ"
"a0bWD0000011UAMYA2","005al00000RVcKvAAL","false","NoLayout","","Html.Layouts.NoLayout","","","","a00Ho00000M6lT3IAJ"
"a0bWD0000011UANYA2","005al00000RVcKvAAL","false","a2CHo000006EEm6","","Html.Layouts.NoLayout","","","","a00Ho00000M6lT4IAJ"
"a0bWD0000011UAOYA2","005al00000RVcKvAAL","false","a2CHo000006EEm8","","Html.Layouts.NoLayout","","","","a00Ho00000M6lT5IAJ"
"a0bWD0000011UAPYA2","005al00000RVcKvAAL","false","a2CHo000006EEm9","","Html.Layouts.NoLayout","","","","a00Ho00000M6lT6IAJ"
"a0bWD0000011UAQYA2","005al00000RVcKvAAL","false","a2CHo000006EEmA","","Html.Layouts.NoLayout","","","","a00Ho00000M6lT7IAJ"
"a0bWD0000011UARYA2","005al00000RVcKvAAL","false","a2CHo000006EEm7","","Html.Layouts.TwoColumnGrid","","","","a00Ho00000M6lT8IAJ"
"a0bWD0000011UASYA2","005al00000RVcKvAAL","false","a2CHo000006EEmL","","Html.Layouts.NoLayout","","","","a00Ho00000M6lT9IAJ"
"a0bWD0000011UATYA2","005al00000RVcKvAAL","false","a2CHo000006EEmC","","Html.Layouts.NoLayout","","","","a00Ho00000M6lTAIAZ"
"a0bWD0000011UAUYA2","005al00000RVcKvAAL","false","a2CHo000006EEmD","","Html.Layouts.NoLayout","","","","a00Ho00000M6lTBIAZ"
"a0bWD0000011UAVYA2","005al00000RVcKvAAL","false","TwoColumnGrid","","Html.Layouts.TwoColumnGrid","","","","a00Ho00000M6lTCIAZ"
"a0bWD0000011UAWYA2","005al00000RVcKvAAL","false","a2CHo000006EEmF","","Html.Layouts.TwoColumnGrid","","","","a00Ho00000M6lTDIAZ"
"a0bWD0000011UAXYA2","005al00000RVcKvAAL","false","a2CHo000006EEmG","","Html.Layouts.NoLayout","","","","a00Ho00000M6lTEIAZ"
"a0bWD0000011UAYYA2","005al00000RVcKvAAL","false","a2CHo000006EEmH","","Html.Layouts.TwoColumnGrid","","","","a00Ho00000M6lTFIAZ"
"a0bWD0000011UAZYA2","005al00000RVcKvAAL","false","a2CHo000006EEmI","","Html.Layouts.NoLayout","","","","a00Ho00000M6lTGIAZ"
"a0bWD0000011UAaYAM","005al00000RVcKvAAL","false","a2CHo000006EEmJ","","Html.Layouts.NoLayout","","","","a00Ho00000M6lTHIAZ"
"a0bWD0000011UAbYAM","005al00000RVcKvAAL","false","a2CHo000006EEmK","","Html.Layouts.NoLayout","","","","a00Ho00000M6lTIIAZ"
"a0bWD0000011UAcYAM","005al00000RVcKvAAL","false","a2CHo000006EEmP","","Html.Layouts.TwoColumnGrid","","","","a00Ho00000M6lTJIAZ"
"a0bWD0000011UAdYAM","005al00000RVcKvAAL","false","a2CHo000006EEmM","","Html.Layouts.NoLayout","","","","a00Ho00000M6lTKIAZ"
"a0bWD0000011UAeYAM","005al00000RVcKvAAL","false","a2CHo000006EEmN","","Html.Layouts.TableLayout","","","","a00Ho00000M6lTLIAZ"
"a0bWD0000011UAfYAM","005al00000RVcKvAAL","false","a2CHo000006EEmO","","Html.Layouts.NoLayout","","","","a00Ho00000M6lTMIAZ"
"a0bWD0000011UAgYAM","005al00000RVcKvAAL","false","a2CHo000006EEmQ","","Html.Layouts.NoLayout","","","","a00Ho00000M6lTNIAZ"
"a0bWD0000011UAhYAM","005al00000RVcKvAAL","false","a2CHo000006EEmR","","Html.Layouts.NoLayout","","","","a00Ho00000M6lTOIAZ"
"a0bWD0000011UAiYAM","005al00000RVcKvAAL","false","a2CHo000006EEmS","","Html.Layouts.NoLayout","","","","a00Ho00000M6lTPIAZ"
"a0bWD0000011UAjYAM","005al00000RVcKvAAL","false","a2CHo000006EEmT","","Html.Layouts.TwoColumnGrid","","","","a00Ho00000M6lTQIAZ"
"a0bWD0000011UAkYAM","005al00000RVcKvAAL","false","a2CHo000006EEmU","","Html.Layouts.NoLayout","","","","a00Ho00000M6lTRIAZ"
"a0bWD0000011UAlYAM","005al00000RVcKvAAL","false","a2CHo000006EEmV","","Html.Layouts.NoLayout","","","","a00Ho00000M6lTSIAZ"
"a0bWD0000011UAmYAM","005al00000RVcKvAAL","false","a2CHo000006EEmW","","Html.Layouts.NoLayout","","","","a00Ho00000M6lTTIAZ"
"a0bWD0000011UAnYAM","005al00000RVcKvAAL","false","a2CHo000006EEmX","","Html.Layouts.TwoColumnGrid","","","","a00Ho00000M6lTUIAZ"
"a0bWD0000011UAoYAM","005al00000RVcKvAAL","false","a2CHo000006EEmY","","Html.Layouts.NoLayout","","","","a00Ho00000M6lTVIAZ"
"a0bWD0000011UApYAM","005al00000RVcKvAAL","false","a2CHo000006EEmc","","Html.Layouts.NoLayout","","","","a00Ho00000M6lTWIAZ"
"a0bWD0000011UAqYAM","005al00000RVcKvAAL","false","a2CHo000006EEmZ","","Html.Layouts.NoLayout","","","","a00Ho00000M6lTXIAZ"
"a0bWD0000011UArYAM","005al00000RVcKvAAL","false","a2CHo000006EEma","","Html.Layouts.TwoColumnGrid","","","","a00Ho00000M6lTYIAZ"
"a0bWD0000011UAsYAM","005al00000RVcKvAAL","false","a2CHo000006EEmb","","Html.Layouts.NoLayout","","","","a00Ho00000M6lTZIAZ"
"a0bWD0000011UAtYAM","005al00000RVcKvAAL","false","a2CHo000006EEmd","","Html.Layouts.NoLayout","","","","a00Ho00000M6lTaIAJ"
"a0bWD0000011UAuYAM","005al00000RVcKvAAL","false","a2CHo000006EEme","","Html.Layouts.NoLayout","","","","a00Ho00000M6lTbIAJ"
"a0bWD0000011UAvYAM","005al00000RVcKvAAL","false","a2CHo000006EEmf","","Html.Layouts.NoLayout","","","","a00Ho00000M6lTcIAJ"
"a0bWD0000011UAwYAM","005al00000RVcKvAAL","false","a2CHo000006EEmg","","Html.Layouts.TableLayout","","","","a00Ho00000M6lTdIAJ"
"a0bWD0000011UAxYAM","005al00000RVcKvAAL","false","a2CHo000006EEmh","","Html.Layouts.NoLayout","","","","a00Ho00000M6lTeIAJ"
"a0bWD0000011UAyYAM","005al00000RVcKvAAL","false","a2CHo000006EEmi","","Html.Layouts.TwoColumnGrid","","","","a00Ho00000M6lTfIAJ"
"a0bWD0000011UAzYAM","005al00000RVcKvAAL","false","a2CHo000006EEmj","","Html.Layouts.NoLayout","","","","a00Ho00000M6lTgIAJ"
"a0bWD0000011UB0YAM","005al00000RVcKvAAL","false","a2CHo000006EEmk","","Html.Layouts.NoLayout","","","","a00Ho00000M6lThIAJ"
"a0bWD0000011UB1YAM","005al00000RVcKvAAL","false","a2CHo000006EEml","","Html.Layouts.TwoColumnGrid","","","","a00Ho00000M6lTiIAJ"
"a0bWD0000011UB2YAM","005al00000RVcKvAAL","false","a2CHo000006EEmm","","Html.Layouts.NoLayout","","","","a00Ho00000M6lTjIAJ"
"a0bWD0000011UB3YAM","005al00000RVcKvAAL","false","a2CHo000006EEmn","","Html.Layouts.NoLayout","","","","a00Ho00000M6lTkIAJ"
"a0bWD0000011UB4YAM","005al00000RVcKvAAL","false","a2CHo000006EEmo","","Html.Layouts.NoLayout","","","","a00Ho00000M6lTlIAJ"
"a0bWD0000011UB5YAM","005al00000RVcKvAAL","false","a2CHo000006EEmp","","Html.Layouts.NoLayout","","","","a00Ho00000M6lTmIAJ"
"a0bWD0000011UB6YAM","005al00000RVcKvAAL","false","a2CHo000006EEmq","","Html.Layouts.NoLayout","","","","a00Ho00000M6lTnIAJ"
"a0bWD0000011UB7YAM","005al00000RVcKvAAL","false","a2CHo000006EEmu","","Html.Layouts.NoLayout","","","","a00Ho00000M6lToIAJ"
"a0bWD0000011UB8YAM","005al00000RVcKvAAL","false","a2CHo000006EEmr","","Html.Layouts.TableLayout","","","","a00Ho00000M6lTpIAJ"
"a0bWD0000011UB9YAM","005al00000RVcKvAAL","false","a2CHo000006EEms","","Html.Layouts.NoLayout","","","","a00Ho00000M6lTqIAJ"
"a0bWD0000011UBAYA2","005al00000RVcKvAAL","false","a2CHo000006EEmt","","Html.Layouts.TwoColumnGrid","","","","a00Ho00000M6lTrIAJ"
"a0bWD0000011UBBYA2","005al00000RVcKvAAL","false","a2CHo000006EEmv","","Html.Layouts.NoLayout","","","","a00Ho00000M6lTsIAJ"
"a0bWD0000011UBCYA2","005al00000RVcKvAAL","false","a2CHo000006EEmw","","Html.Layouts.NoLayout","","","","a00Ho00000M6lTtIAJ"
"a0bWD0000011UBDYA2","005al00000RVcKvAAL","false","a2CHo000006EEmx","","Html.Layouts.TwoColumnGrid","","","","a00Ho00000M6lTuIAJ"
"a0bWD0000011UBEYA2","005al00000RVcKvAAL","false","a2CHo000006EEmy","","Html.Layouts.NoLayout","","","","a00Ho00000M6lTvIAJ"
"a0bWD0000011UBFYA2","005al00000RVcKvAAL","false","a2CHo000006EEmz","","Html.Layouts.NoLayout","","","","a00Ho00000M6lTwIAJ"
"a0bWD0000011UBGYA2","005al00000RVcKvAAL","false","a2CHo000006EEn2","","Html.Layouts.NoLayout","","","","a00Ho00000M6lTxIAJ"
"a0bWD0000011UBHYA2","005al00000RVcKvAAL","false","a2CHo000006EEn3","","Html.Layouts.NoLayout","","","","a00Ho00000M6lTyIAJ"
"a0bWD0000011UBIYA2","005al00000RVcKvAAL","false","a2CHo000006EEn4","","Html.Layouts.TableLayout","","","","a00Ho00000M6lTzIAJ"
"a0bWD0000011UBJYA2","005al00000RVcKvAAL","false","a2CHo000006EEn5","","Html.Layouts.NoLayout","","","","a00Ho00000M6lU0IAJ"
"a0bWD0000011UBKYA2","005al00000RVcKvAAL","false","NoLayout","","Html.Layouts.NoLayout","","","","a00Ho00000M6lU1IAJ"
"a0bWD0000011UBLYA2","005al00000RVcKvAAL","false","a2CHo000006EEn8","","Html.Layouts.TableLayout","","","","a00Ho00000M6lU2IAJ"
"a0bWD0000011UBMYA2","005al00000RVcKvAAL","false","a2CHo000006EEn9","","Html.Layouts.NoLayout","","","","a00Ho00000M6lU3IAJ"
"a0bWD0000011UBNYA2","005al00000RVcKvAAL","false","a2CHo000006EEnA","","Html.Layouts.NoLayout","","","","a00Ho00000M6lU4IAJ"
"a0bWD0000011UBOYA2","005al00000RVcKvAAL","false","a2CHo000006EEnB","","Html.Layouts.TableLayout","","","","a00Ho00000M6lU5IAJ"
"a0bWD0000011UBPYA2","005al00000RVcKvAAL","false","a2CHo000006EEnC","","Html.Layouts.NoLayout","","","","a00Ho00000M6lU6IAJ"
"a0bWD0000011UBQYA2","005al00000RVcKvAAL","false","a2CHo000006EEnD","","Html.Layouts.NoLayout","","","","a00Ho00000M6lU7IAJ"
"a0bWD0000011UBRYA2","005al00000RVcKvAAL","false","a2CHo000006EEnE","","Html.Layouts.NoLayout","","","","a00Ho00000M6lU8IAJ"
"a0bWD0000011UBSYA2","005al00000RVcKvAAL","false","a2CHo000006EEnF","","Html.Layouts.TableLayout","","","","a00Ho00000M6lU9IAJ"
"a0bWD0000011UBTYA2","005al00000RVcKvAAL","false","a2CHo000006EEnG","","Html.Layouts.NoLayout","","","","a00Ho00000M6lUAIAZ"
"a0bWD0000011UBUYA2","005al00000RVcKvAAL","false","a2CHo000006EEnH","","Html.Layouts.TableLayout","","","","a00Ho00000M6lUBIAZ"
"a0bWD0000011UBVYA2","005al00000RVcKvAAL","false","a2CHo000006EEnI","","Html.Layouts.TableLayout","","","","a00Ho00000M6lUCIAZ"
"a0bWD0000011UBWYA2","005al00000RVcKvAAL","false","a2CHo000006EEnJ","","Html.Layouts.TableLayout","","","","a00Ho00000M6lUDIAZ"
"a0bWD0000011UBXYA2","005al00000RVcKvAAL","false","a2CHo000006EEnK","","Html.Layouts.TableLayout","","","","a00Ho00000M6lUEIAZ"
"a0bWD0000011UBYYA2","005al00000RVcKvAAL","false","a2CHo000006EEnL","","Html.Layouts.NoLayout","","","","a00Ho00000M6lUFIAZ"
"a0bWD0000011UBZYA2","005al00000RVcKvAAL","false","a2CHo000006EEnM","","Html.Layouts.NoLayout","","","","a00Ho00000M6lUGIAZ"
"a0bWD0000011UBaYAM","005al00000RVcKvAAL","false","a2CHo000006EEnN","","Html.Layouts.TableLayout","","","","a00Ho00000M6lUHIAZ"
"a0bWD0000011UBbYAM","005al00000RVcKvAAL","false","a2CHo000006EEnO","","Html.Layouts.NoLayout","","","","a00Ho00000M6lUIIAZ"
"a0bWD0000011UBcYAM","005al00000RVcKvAAL","false","a2CHo000006EEnP","","Html.Layouts.NoLayout","","","","a00Ho00000M6lUJIAZ"
"a0bWD0000011UBdYAM","005al00000RVcKvAAL","false","a2CHo000006EEnQ","","Html.Layouts.TableLayout","","","","a00Ho00000M6lUKIAZ"
"a0bWD0000011UBeYAM","005al00000RVcKvAAL","false","a2CHo000006EEnR","","Html.Layouts.TableLayout","","","","a00Ho00000M6lULIAZ"
"a0bWD0000011UBfYAM","005al00000RVcKvAAL","false","a2CHo000006EEnS","","Html.Layouts.TableLayout","","","","a00Ho00000M6lUMIAZ"
"a0bWD0000011UBgYAM","005al00000RVcKvAAL","false","a2CHo000006EEnT","","Html.Layouts.TableLayout","","","","a00Ho00000M6lUNIAZ"
"a0bWD0000011UBhYAM","005al00000RVcKvAAL","false","a2CHo000006EEnU","","Html.Layouts.TwoColumnGrid","","","","a00Ho00000M6lUOIAZ"
"a0bWD0000011UBiYAM","005al00000RVcKvAAL","false","a2CHo000006EEnV","","Html.Layouts.NoLayout","","","","a00Ho00000M6lUPIAZ"
"a0bWD0000011UBjYAM","005al00000RVcKvAAL","false","a2CHo000006EEnW","","Html.Layouts.NoLayout","","","","a00Ho00000M6lUQIAZ"
"a0bWD0000011UBkYAM","005al00000RVcKvAAL","false","a2CHo000006EEnX","","Html.Layouts.TableLayout","","","","a00Ho00000M6lURIAZ"
"a0bWD0000011UBlYAM","005al00000RVcKvAAL","false","a2CHo000006EEnY","","Html.Layouts.NoLayout","","","","a00Ho00000M6lUSIAZ"
"a0bWD0000011UBmYAM","005al00000RVcKvAAL","false","a2CHo000006EEna","","Html.Layouts.NoLayout","","","","a00Ho00000M6lUTIAZ"
"a0bWD0000011UBnYAM","005al00000RVcKvAAL","false","a2CHo000006EEnZ","","Html.Layouts.NoLayout","","","","a00Ho00000M6lUUIAZ"
"a0bWD0000011UBoYAM","005al00000RVcKvAAL","false","a2CHo000006EEnb","","Html.Layouts.TableLayout","","","","a00Ho00000M6lUVIAZ"
"a0bWD0000011UBpYAM","005al00000RVcKvAAL","false","a2CHo000006EEnc","","Html.Layouts.NoLayout","","","","a00Ho00000M6lUWIAZ"
"a0bWD0000011UBqYAM","005al00000RVcKvAAL","false","a2CHo000006EEnd","","Html.Layouts.TableLayout","","","","a00Ho00000M6lUXIAZ"
"a0bWD0000011UBrYAM","005al00000RVcKvAAL","false","a2CHo000006EEne","","Html.Layouts.TableLayout","","","","a00Ho00000M6lUYIAZ"
"a0bWD0000011UBsYAM","005al00000RVcKvAAL","false","a2CHo000006EEnf","","Html.Layouts.TableLayout","","","","a00Ho00000M6lUZIAZ"
"a0bWD0000011UBtYAM","005al00000RVcKvAAL","false","a2CHo000006EEng","","Html.Layouts.TwoColumnGrid","","","","a00Ho00000M6lUaIAJ"
"a0bWD0000011WQCYA2","005al00000RVcKvAAL","false","TwoColumnGrid","","Html.Layouts.TwoColumnGrid","","","","a00Ho00000M6lUbIAJ"
"a0bWD0000011UBuYAM","005al00000RVcKvAAL","false","a2CHo000006EEn0","","Html.Layouts.NoLayout","","","","a00Ho00000M6lUdIAJ"
"a0bWD0000011UBvYAM","005al00000RVcKvAAL","false","a2CHo000006EEn1","","Html.Layouts.NoLayout","","","","a00Ho00000M6lUeIAJ"
"a0bWD0000011UBwYAM","005al00000RVcKvAAL","false","a2CHo000006EEn6","","Html.Layouts.TwoColumnGrid","","","","a00Ho00000M6lUfIAJ"
"a0bWD0000011WQDYA2","005al00000RVcKvAAL","false","SingleColumnGrid","","Html.Layouts.SingleColumnGrid","","","","a00Ho00000M6lUgIAJ"
"a0bWD0000011WQEYA2","005al00000RVcKvAAL","false","a2CHo000006EEnq","","Html.Layouts.TableLayout","","","","a00Ho00000M6lUnIAJ"
"a0bWD0000011WQFYA2","005al00000RVcKvAAL","false","a2CHo000006EEnr","","Html.Layouts.TwoColumnGrid","","","","a00Ho00000M6lUoIAJ"
"a0bWD0000011WQGYA2","005al00000RVcKvAAL","false","TableLayout","","Html.Layouts.TableLayout","","","","a00Ho00000M6lUvIAJ"
"a0bWD0000011WQHYA2","005al00000RVcKvAAL","false","a2CHo000006EEo4","","Html.Layouts.TableLayout","","","","a00Ho00000M6lV0IAJ"
"a0bWD0000011WQIYA2","005al00000RVcKvAAL","false","a2CHo000006EEo5","","Html.Layouts.TableLayout","","","","a00Ho00000M6lV1IAJ"
"a0bWD0000011UBxYAM","005al00000RVcKvAAL","false","a2CHo000006EEoA","","Html.Layouts.NoLayout","","","","a00Ho00000M6lV6IAJ"
"a0bWD0000011UByYAM","005al00000RVcKvAAL","false","a2CHo000006EEoB","","Html.Layouts.NoLayout","","","","a00Ho00000M6lV7IAJ"
"a0bWD0000011UBzYAM","005al00000RVcKvAAL","false","a2CHo000006EEoC","","Html.Layouts.TableLayout","","","","a00Ho00000M6lV8IAJ"
"a0bWD0000011UC0YAM","005al00000RVcKvAAL","false","a2CHo000006EEoD","","Html.Layouts.NoLayout","","","","a00Ho00000M6lV9IAJ"
"a0bWD0000011UC1YAM","005al00000RVcKvAAL","false","a2CHo000006EEoE","","Html.Layouts.NoLayout","","","","a00Ho00000M6lVAIAZ"
"a0bWD0000011UC2YAM","005al00000RVcKvAAL","false","a2CHo000006EEoF","","Html.Layouts.NoLayout","","","","a00Ho00000M6lVBIAZ"
"a0bWD0000011UC3YAM","005al00000RVcKvAAL","false","a2CHo000006EEoG","","Html.Layouts.TableLayout","","","","a00Ho00000M6lVCIAZ"
"a0bWD0000011UC4YAM","005al00000RVcKvAAL","false","a2CHo000006EEoH","","Html.Layouts.NoLayout","","","","a00Ho00000M6lVDIAZ"
"a0bWD0000011UC5YAM","005al00000RVcKvAAL","false","a2CHo000006EEoI","","Html.Layouts.TableLayout","","","","a00Ho00000M6lVEIAZ"
"a0bWD0000011UC6YAM","005al00000RVcKvAAL","false","a2CHo000006EEoJ","","Html.Layouts.TableLayout","","","","a00Ho00000M6lVFIAZ"
"a0bWD0000011UC7YAM","005al00000RVcKvAAL","false","a2CHo000006EEoK","","Html.Layouts.TableLayout","","","","a00Ho00000M6lVGIAZ"
"a0bWD0000011WQJYA2","005al00000RVcKvAAL","false","a2CHo000006EEns","","Html.Layouts.TableLayout","","","","a00Ho00000M6lVRIAZ"
"a0bWD0000011UC8YAM","005al00000RVcKvAAL","false","a2CHu000006GIB5","","Html.Layouts.NoLayout","","","","a00Hu000012t8P1IAI"
"a0bWD0000011UC9YAM","005al00000RVcKvAAL","false","a2CHu000006GIAx","","Html.Layouts.NoLayout","","","","a00Hu000012t8P2IAI"
"a0bWD0000011UCAYA2","005al00000RVcKvAAL","false","a2CHu000006GIAw","","Html.Layouts.NoLayout","","","","a00Hu000012t8P3IAI"
"a0bWD0000011UCBYA2","005al00000RVcKvAAL","false","a2CHu000006GIAy","","Html.Layouts.NoLayout","","","","a00Hu000012t8P4IAI"
"a0bWD0000011UCCYA2","005al00000RVcKvAAL","false","NoLayout","","Html.Layouts.NoLayout","","","","a00Hu000012t8P5IAI"
"a0bWD0000011UCDYA2","005al00000RVcKvAAL","false","a2CHu000006GIB0","","Html.Layouts.NoLayout","","","","a00Hu000012t8P6IAI"
"a0bWD0000011UCEYA2","005al00000RVcKvAAL","false","a2CHu000006GIB2","","Html.Layouts.NoLayout","","","","a00Hu000012t8P7IAI"
"a0bWD0000011UCFYA2","005al00000RVcKvAAL","false","a2CHu000006GIB3","","Html.Layouts.NoLayout","","","","a00Hu000012t8P8IAI"
"a0bWD0000011UCGYA2","005al00000RVcKvAAL","false","a2CHu000006GIB4","","Html.Layouts.NoLayout","","","","a00Hu000012t8P9IAI"
"a0bWD0000011UCHYA2","005al00000RVcKvAAL","false","a2CHu000006GIB1","","Html.Layouts.TwoColumnGrid","","","","a00Hu000012t8PAIAY"
"a0bWD0000011UCIYA2","005al00000RVcKvAAL","false","a2CHu000006GIBF","","Html.Layouts.NoLayout","","","","a00Hu000012t8PBIAY"
"a0bWD0000011UCJYA2","005al00000RVcKvAAL","false","a2CHu000006GIB6","","Html.Layouts.NoLayout","","","","a00Hu000012t8PCIAY"
"a0bWD0000011UCKYA2","005al00000RVcKvAAL","false","a2CHu000006GIB7","","Html.Layouts.NoLayout","","","","a00Hu000012t8PDIAY"
"a0bWD0000011UCLYA2","005al00000RVcKvAAL","false","TwoColumnGrid","","Html.Layouts.TwoColumnGrid","","","","a00Hu000012t8PEIAY"
"a0bWD0000011UCMYA2","005al00000RVcKvAAL","false","a2CHu000006GIB9","","Html.Layouts.TwoColumnGrid","","","","a00Hu000012t8PFIAY"
"a0bWD0000011UCNYA2","005al00000RVcKvAAL","false","a2CHu000006GIBA","","Html.Layouts.NoLayout","","","","a00Hu000012t8PGIAY"
"a0bWD0000011UCOYA2","005al00000RVcKvAAL","false","a2CHu000006GIBB","","Html.Layouts.TwoColumnGrid","","","","a00Hu000012t8PHIAY"
"a0bWD0000011UCPYA2","005al00000RVcKvAAL","false","a2CHu000006GIBC","","Html.Layouts.NoLayout","","","","a00Hu000012t8PIIAY"
"a0bWD0000011UCQYA2","005al00000RVcKvAAL","false","a2CHu000006GIBD","","Html.Layouts.NoLayout","","","","a00Hu000012t8PJIAY"
"a0bWD0000011UCRYA2","005al00000RVcKvAAL","false","a2CHu000006GIBE","","Html.Layouts.NoLayout","","","","a00Hu000012t8PKIAY"
"a0bWD0000011UCSYA2","005al00000RVcKvAAL","false","a2CHu000006GIBJ","","Html.Layouts.TwoColumnGrid","","","","a00Hu000012t8PLIAY"
"a0bWD0000011UCTYA2","005al00000RVcKvAAL","false","a2CHu000006GIBG","","Html.Layouts.NoLayout","","","","a00Hu000012t8PMIAY"
"a0bWD0000011UCUYA2","005al00000RVcKvAAL","false","a2CHu000006GIBH","","Html.Layouts.TableLayout","","","","a00Hu000012t8PNIAY"
"a0bWD0000011UCVYA2","005al00000RVcKvAAL","false","a2CHu000006GIBI","","Html.Layouts.NoLayout","","","","a00Hu000012t8POIAY"
"a0bWD0000011UCWYA2","005al00000RVcKvAAL","false","a2CHu000006GIBK","","Html.Layouts.NoLayout","","","","a00Hu000012t8PPIAY"
"a0bWD0000011UCXYA2","005al00000RVcKvAAL","false","a2CHu000006GIBL","","Html.Layouts.NoLayout","","","","a00Hu000012t8PQIAY"
"a0bWD0000011UCYYA2","005al00000RVcKvAAL","false","a2CHu000006GIBM","","Html.Layouts.NoLayout","","","","a00Hu000012t8PRIAY"
"a0bWD0000011UCZYA2","005al00000RVcKvAAL","false","a2CHu000006GIBN","","Html.Layouts.TwoColumnGrid","","","","a00Hu000012t8PSIAY"
"a0bWD0000011UCaYAM","005al00000RVcKvAAL","false","a2CHu000006GIBO","","Html.Layouts.NoLayout","","","","a00Hu000012t8PTIAY"
"a0bWD0000011UCbYAM","005al00000RVcKvAAL","false","a2CHu000006GIBP","","Html.Layouts.NoLayout","","","","a00Hu000012t8PUIAY"
"a0bWD0000011UCcYAM","005al00000RVcKvAAL","false","a2CHu000006GIBQ","","Html.Layouts.NoLayout","","","","a00Hu000012t8PVIAY"
"a0bWD0000011UCdYAM","005al00000RVcKvAAL","false","a2CHu000006GIBR","","Html.Layouts.TwoColumnGrid","","","","a00Hu000012t8PWIAY"
"a0bWD0000011UCeYAM","005al00000RVcKvAAL","false","a2CHu000006GIBS","","Html.Layouts.NoLayout","","","","a00Hu000012t8PXIAY"
"a0bWD0000011UCfYAM","005al00000RVcKvAAL","false","a2CHu000006GIBW","","Html.Layouts.NoLayout","","","","a00Hu000012t8PYIAY"
"a0bWD0000011UCgYAM","005al00000RVcKvAAL","false","a2CHu000006GIBT","","Html.Layouts.NoLayout","","","","a00Hu000012t8PZIAY"
"a0bWD0000011UChYAM","005al00000RVcKvAAL","false","a2CHu000006GIBU","","Html.Layouts.TwoColumnGrid","","","","a00Hu000012t8PaIAI"
"a0bWD0000011UCiYAM","005al00000RVcKvAAL","false","a2CHu000006GIBV","","Html.Layouts.NoLayout","","","","a00Hu000012t8PbIAI"
"a0bWD0000011UCjYAM","005al00000RVcKvAAL","false","a2CHu000006GIBX","","Html.Layouts.NoLayout","","","","a00Hu000012t8PcIAI"
"a0bWD0000011UCkYAM","005al00000RVcKvAAL","false","a2CHu000006GIBY","","Html.Layouts.NoLayout","","","","a00Hu000012t8PdIAI"
"a0bWD0000011UClYAM","005al00000RVcKvAAL","false","a2CHu000006GIBZ","","Html.Layouts.NoLayout","","","","a00Hu000012t8PeIAI"
"a0bWD0000011UCmYAM","005al00000RVcKvAAL","false","a2CHu000006GIBa","","Html.Layouts.TableLayout","","","","a00Hu000012t8PfIAI"
"a0bWD0000011UCnYAM","005al00000RVcKvAAL","false","a2CHu000006GIBb","","Html.Layouts.NoLayout","","","","a00Hu000012t8PgIAI"
"a0bWD0000011UCoYAM","005al00000RVcKvAAL","false","a2CHu000006GIBc","","Html.Layouts.TwoColumnGrid","","","","a00Hu000012t8PhIAI"
"a0bWD0000011UCpYAM","005al00000RVcKvAAL","false","a2CHu000006GIBd","","Html.Layouts.NoLayout","","","","a00Hu000012t8PiIAI"
"a0bWD0000011UCqYAM","005al00000RVcKvAAL","false","a2CHu000006GIBe","","Html.Layouts.NoLayout","","","","a00Hu000012t8PjIAI"
"a0bWD0000011UCrYAM","005al00000RVcKvAAL","false","a2CHu000006GIBf","","Html.Layouts.TwoColumnGrid","","","","a00Hu000012t8PkIAI"
"a0bWD0000011UCsYAM","005al00000RVcKvAAL","false","a2CHu000006GIBg","","Html.Layouts.NoLayout","","","","a00Hu000012t8PlIAI"
"a0bWD0000011UCtYAM","005al00000RVcKvAAL","false","a2CHu000006GIBh","","Html.Layouts.NoLayout","","","","a00Hu000012t8PmIAI"
"a0bWD0000011UCuYAM","005al00000RVcKvAAL","false","a2CHu000006GIBi","","Html.Layouts.NoLayout","","","","a00Hu000012t8PnIAI"
"a0bWD0000011UCvYAM","005al00000RVcKvAAL","false","a2CHu000006GIBj","","Html.Layouts.NoLayout","","","","a00Hu000012t8PoIAI"
"a0bWD0000011UCwYAM","005al00000RVcKvAAL","false","a2CHu000006GIBk","","Html.Layouts.NoLayout","","","","a00Hu000012t8PpIAI"
"a0bWD0000011UCxYAM","005al00000RVcKvAAL","false","a2CHu000006GIBo","","Html.Layouts.NoLayout","","","","a00Hu000012t8PqIAI"
"a0bWD0000011UCyYAM","005al00000RVcKvAAL","false","a2CHu000006GIBl","","Html.Layouts.TableLayout","","","","a00Hu000012t8PrIAI"
"a0bWD0000011UCzYAM","005al00000RVcKvAAL","false","a2CHu000006GIBm","","Html.Layouts.NoLayout","","","","a00Hu000012t8PsIAI"
"a0bWD0000011UD0YAM","005al00000RVcKvAAL","false","a2CHu000006GIBn","","Html.Layouts.TwoColumnGrid","","","","a00Hu000012t8PtIAI"
"a0bWD0000011UD1YAM","005al00000RVcKvAAL","false","a2CHu000006GIBp","","Html.Layouts.NoLayout","","","","a00Hu000012t8PuIAI"
"a0bWD0000011UD2YAM","005al00000RVcKvAAL","false","a2CHu000006GIBq","","Html.Layouts.NoLayout","","","","a00Hu000012t8PvIAI"
"a0bWD0000011UD3YAM","005al00000RVcKvAAL","false","a2CHu000006GIBr","","Html.Layouts.TwoColumnGrid","","","","a00Hu000012t8PwIAI"
"a0bWD0000011UD4YAM","005al00000RVcKvAAL","false","a2CHu000006GIBs","","Html.Layouts.NoLayout","","","","a00Hu000012t8PxIAI"
"a0bWD0000011UD5YAM","005al00000RVcKvAAL","false","a2CHu000006GIBt","","Html.Layouts.NoLayout","","","","a00Hu000012t8PyIAI"
"a0bWD0000011UD6YAM","005al00000RVcKvAAL","false","a2CHu000006GIBw","","Html.Layouts.NoLayout","","","","a00Hu000012t8PzIAI"
"a0bWD0000011UD7YAM","005al00000RVcKvAAL","false","a2CHu000006GIBx","","Html.Layouts.NoLayout","","","","a00Hu000012t8Q0IAI"
"a0bWD0000011UD8YAM","005al00000RVcKvAAL","false","a2CHu000006GIBy","","Html.Layouts.TableLayout","","","","a00Hu000012t8Q1IAI"
"a0bWD0000011UD9YAM","005al00000RVcKvAAL","false","a2CHu000006GIBz","","Html.Layouts.NoLayout","","","","a00Hu000012t8Q2IAI"
"a0bWD0000011UDAYA2","005al00000RVcKvAAL","false","NoLayout","","Html.Layouts.NoLayout","","","","a00Hu000012t8Q3IAI"
"a0bWD0000011UDBYA2","005al00000RVcKvAAL","false","a2CHu000006GIC2","","Html.Layouts.TableLayout","","","","a00Hu000012t8Q4IAI"
"a0bWD0000011UDCYA2","005al00000RVcKvAAL","false","a2CHu000006GIC3","","Html.Layouts.NoLayout","","","","a00Hu000012t8Q5IAI"
"a0bWD0000011UDDYA2","005al00000RVcKvAAL","false","a2CHu000006GIC4","","Html.Layouts.NoLayout","","","","a00Hu000012t8Q6IAI"
"a0bWD0000011UDEYA2","005al00000RVcKvAAL","false","a2CHu000006GIC5","","Html.Layouts.TableLayout","","","","a00Hu000012t8Q7IAI"
"a0bWD0000011UDFYA2","005al00000RVcKvAAL","false","a2CHu000006GIC6","","Html.Layouts.NoLayout","","","","a00Hu000012t8Q8IAI"
"a0bWD0000011UDGYA2","005al00000RVcKvAAL","false","a2CHu000006GIC7","","Html.Layouts.NoLayout","","","","a00Hu000012t8Q9IAI"
"a0bWD0000011UDHYA2","005al00000RVcKvAAL","false","a2CHu000006GIC8","","Html.Layouts.NoLayout","","","","a00Hu000012t8QAIAY"
"a0bWD0000011UDIYA2","005al00000RVcKvAAL","false","a2CHu000006GIC9","","Html.Layouts.TableLayout","","","","a00Hu000012t8QBIAY"
"a0bWD0000011UDJYA2","005al00000RVcKvAAL","false","a2CHu000006GICA","","Html.Layouts.NoLayout","","","","a00Hu000012t8QCIAY"
"a0bWD0000011UDKYA2","005al00000RVcKvAAL","false","a2CHu000006GICB","","Html.Layouts.TableLayout","","","","a00Hu000012t8QDIAY"
"a0bWD0000011UDLYA2","005al00000RVcKvAAL","false","a2CHu000006GICC","","Html.Layouts.TableLayout","","","","a00Hu000012t8QEIAY"
"a0bWD0000011UDMYA2","005al00000RVcKvAAL","false","a2CHu000006GICD","","Html.Layouts.TableLayout","","","","a00Hu000012t8QFIAY"
"a0bWD0000011UDNYA2","005al00000RVcKvAAL","false","a2CHu000006GICE","","Html.Layouts.TableLayout","","","","a00Hu000012t8QGIAY"
"a0bWD0000011UDOYA2","005al00000RVcKvAAL","false","a2CHu000006GICF","","Html.Layouts.NoLayout","","","","a00Hu000012t8QHIAY"
"a0bWD0000011UDPYA2","005al00000RVcKvAAL","false","a2CHu000006GICG","","Html.Layouts.NoLayout","","","","a00Hu000012t8QIIAY"
"a0bWD0000011UDQYA2","005al00000RVcKvAAL","false","a2CHu000006GICH","","Html.Layouts.TableLayout","","","","a00Hu000012t8QJIAY"
"a0bWD0000011UDRYA2","005al00000RVcKvAAL","false","a2CHu000006GICI","","Html.Layouts.NoLayout","","","","a00Hu000012t8QKIAY"
"a0bWD0000011UDSYA2","005al00000RVcKvAAL","false","a2CHu000006GICJ","","Html.Layouts.NoLayout","","","","a00Hu000012t8QLIAY"
"a0bWD0000011UDTYA2","005al00000RVcKvAAL","false","a2CHu000006GICK","","Html.Layouts.TableLayout","","","","a00Hu000012t8QMIAY"
"a0bWD0000011UDUYA2","005al00000RVcKvAAL","false","a2CHu000006GICL","","Html.Layouts.TableLayout","","","","a00Hu000012t8QNIAY"
"a0bWD0000011UDVYA2","005al00000RVcKvAAL","false","a2CHu000006GICM","","Html.Layouts.TableLayout","","","","a00Hu000012t8QOIAY"
"a0bWD0000011UDWYA2","005al00000RVcKvAAL","false","a2CHu000006GICN","","Html.Layouts.TableLayout","","","","a00Hu000012t8QPIAY"
"a0bWD0000011UDXYA2","005al00000RVcKvAAL","false","a2CHu000006GICO","","Html.Layouts.TwoColumnGrid","","","","a00Hu000012t8QQIAY"
"a0bWD0000011UDYYA2","005al00000RVcKvAAL","false","a2CHu000006GICP","","Html.Layouts.NoLayout","","","","a00Hu000012t8QRIAY"
"a0bWD0000011UDZYA2","005al00000RVcKvAAL","false","a2CHu000006GICQ","","Html.Layouts.NoLayout","","","","a00Hu000012t8QSIAY"
"a0bWD0000011UDaYAM","005al00000RVcKvAAL","false","a2CHu000006GICR","","Html.Layouts.TableLayout","","","","a00Hu000012t8QTIAY"
"a0bWD0000011UDbYAM","005al00000RVcKvAAL","false","a2CHu000006GICS","","Html.Layouts.NoLayout","","","","a00Hu000012t8QUIAY"
"a0bWD0000011UDcYAM","005al00000RVcKvAAL","false","a2CHu000006GICU","","Html.Layouts.NoLayout","","","","a00Hu000012t8QVIAY"
"a0bWD0000011UDdYAM","005al00000RVcKvAAL","false","a2CHu000006GICT","","Html.Layouts.NoLayout","","","","a00Hu000012t8QWIAY"
"a0bWD0000011UDeYAM","005al00000RVcKvAAL","false","a2CHu000006GICV","","Html.Layouts.TableLayout","","","","a00Hu000012t8QXIAY"
"a0bWD0000011UDfYAM","005al00000RVcKvAAL","false","a2CHu000006GICW","","Html.Layouts.NoLayout","","","","a00Hu000012t8QYIAY"
"a0bWD0000011UDgYAM","005al00000RVcKvAAL","false","a2CHu000006GICX","","Html.Layouts.TableLayout","","","","a00Hu000012t8QZIAY"
"a0bWD0000011UDhYAM","005al00000RVcKvAAL","false","a2CHu000006GICY","","Html.Layouts.TableLayout","","","","a00Hu000012t8QaIAI"
"a0bWD0000011UDiYAM","005al00000RVcKvAAL","false","a2CHu000006GICZ","","Html.Layouts.TableLayout","","","","a00Hu000012t8QbIAI"
"a0bWD0000011UDjYAM","005al00000RVcKvAAL","false","a2CHu000006GICa","","Html.Layouts.TwoColumnGrid","","","","a00Hu000012t8QcIAI"
"a0bWD0000011WQKYA2","005al00000RVcKvAAL","false","TwoColumnGrid","","Html.Layouts.TwoColumnGrid","","","","a00Hu000012t8QdIAI"
"a0bWD0000011WQLYA2","005al00000RVcKvAAL","false","a2CHu000006GICc","","Html.Layouts.TableLayout","","","","a00Hu000012t8QeIAI"
"a0bWD0000011UDkYAM","005al00000RVcKvAAL","false","a2CHu000006GIBu","","Html.Layouts.NoLayout","","","","a00Hu000012t8QfIAI"
"a0bWD0000011UDlYAM","005al00000RVcKvAAL","false","a2CHu000006GIBv","","Html.Layouts.NoLayout","","","","a00Hu000012t8QgIAI"
"a0bWD0000011UDmYAM","005al00000RVcKvAAL","false","a2CHu000006GIC0","","Html.Layouts.TwoColumnGrid","","","","a00Hu000012t8QhIAI"
"a0bWD0000011WQMYA2","005al00000RVcKvAAL","false","SingleColumnGrid","","Html.Layouts.SingleColumnGrid","","","","a00Hu000012t8QiIAI"
"a0bWD0000011WQNYA2","005al00000RVcKvAAL","false","a2CHu000006GICe","","Html.Layouts.NoLayout","","","","a00Hu000012t8QjIAI"
"a0bWD0000011WQOYA2","005al00000RVcKvAAL","false","a2CHu000006GICf","","Html.Layouts.TableLayout","","","","a00Hu000012t8QkIAI"
"a0bWD0000011WQPYA2","005al00000RVcKvAAL","false","a2CHu000006GICg","","Html.Layouts.NoLayout","","","","a00Hu000012t8QlIAI"
"a0bWD0000011WQQYA2","005al00000RVcKvAAL","false","a2CHu000006GICh","","Html.Layouts.TableLayout","","","","a00Hu000012t8QmIAI"
"a0bWD0000011WQRYA2","005al00000RVcKvAAL","false","a2CHu000006GICi","","Html.Layouts.TwoColumnGrid","","","","a00Hu000012t8QnIAI"
"a0bWD0000011WQSYA2","005al00000RVcKvAAL","false","a2CHu000006GICj","","Html.Layouts.TableLayout","","","","a00Hu000012t8QoIAI"
"a0bWD0000011WQTYA2","005al00000RVcKvAAL","false","a2CHu000006GICk","","Html.Layouts.TableLayout","","","","a00Hu000012t8QpIAI"
"a0bWD0000011WQUYA2","005al00000RVcKvAAL","false","a2CHu000006GICl","","Html.Layouts.TwoColumnGrid","","","","a00Hu000012t8QqIAI"
"a0bWD0000011WQVYA2","005al00000RVcKvAAL","false","a2CHu000006GICn","","Html.Layouts.NoLayout","","","","a00Hu000012t8QrIAI"
"a0bWD0000011WQWYA2","005al00000RVcKvAAL","false","a2CHu000006GICo","","Html.Layouts.TableLayout","","","","a00Hu000012t8QsIAI"
"a0bWD0000011WQXYA2","005al00000RVcKvAAL","false","a2CHu000006GICp","","Html.Layouts.NoLayout","","","","a00Hu000012t8QtIAI"
"a0bWD0000011WQYYA2","005al00000RVcKvAAL","false","a2CHu000006GICq","","Html.Layouts.TableLayout","","","","a00Hu000012t8QuIAI"
"a0bWD0000011WQZYA2","005al00000RVcKvAAL","false","a2CHu000006GICr","","Html.Layouts.TwoColumnGrid","","","","a00Hu000012t8QvIAI"
"a0bWD0000011WQaYAM","005al00000RVcKvAAL","false","a2CHu000006GICs","","Html.Layouts.TableLayout","","","","a00Hu000012t8QwIAI"
"a0bWD0000011WQbYAM","005al00000RVcKvAAL","false","TableLayout","","Html.Layouts.TableLayout","","","","a00Hu000012t8QxIAI"
"a0bWD0000011WQcYAM","005al00000RVcKvAAL","false","a2CHu000006GICu","","Html.Layouts.TableLayout","","","","a00Hu000012t8QyIAI"
"a0bWD0000011WQdYAM","005al00000RVcKvAAL","false","a2CHu000006GICv","","Html.Layouts.TableLayout","","","","a00Hu000012t8QzIAI"
"a0bWD0000011WQeYAM","005al00000RVcKvAAL","false","a2CHu000006GICw","","Html.Layouts.TableLayout","","","","a00Hu000012t8R0IAI"
"a0bWD0000011WQfYAM","005al00000RVcKvAAL","false","a2CHu000006GICx","","Html.Layouts.TableLayout","","","","a00Hu000012t8R1IAI"
"a0bWD0000011WQgYAM","005al00000RVcKvAAL","false","a2CHu000006GICy","","Html.Layouts.TableLayout","","","","a00Hu000012t8R2IAI"
"a0bWD0000011WQhYAM","005al00000RVcKvAAL","false","a2CHu000006GICz","","Html.Layouts.TableLayout","","","","a00Hu000012t8R3IAI"
"a0bWD0000011WQiYAM","005al00000RVcKvAAL","false","a2CHu000006GID1","","Html.Layouts.TableLayout","","","","a00Hu000012t8R4IAI"
"a0bWD0000011WQjYAM","005al00000RVcKvAAL","false","a2CHu000006GID0","","Html.Layouts.TableLayout","","","","a00Hu000012t8R5IAI"
"a0bWD0000011WQkYAM","005al00000RVcKvAAL","false","a2CHu000006GID2","","Html.Layouts.TableLayout","","","","a00Hu000012t8R6IAI"
"a0bWD0000011WQlYAM","005al00000RVcKvAAL","false","a2CHu000006GID3","","Html.Layouts.TableLayout","","","","a00Hu000012t8R7IAI"
"a0bWD0000011UDnYAM","005al00000RVcKvAAL","false","a2CHu000006GID4","","Html.Layouts.NoLayout","","","","a00Hu000012t8R8IAI"
"a0bWD0000011UDoYAM","005al00000RVcKvAAL","false","a2CHu000006GID5","","Html.Layouts.NoLayout","","","","a00Hu000012t8R9IAI"
"a0bWD0000011UDpYAM","005al00000RVcKvAAL","false","a2CHu000006GID6","","Html.Layouts.TableLayout","","","","a00Hu000012t8RAIAY"
"a0bWD0000011UDqYAM","005al00000RVcKvAAL","false","a2CHu000006GID7","","Html.Layouts.NoLayout","","","","a00Hu000012t8RBIAY"
"a0bWD0000011UDrYAM","005al00000RVcKvAAL","false","a2CHu000006GID8","","Html.Layouts.NoLayout","","","","a00Hu000012t8RCIAY"
"a0bWD0000011UDsYAM","005al00000RVcKvAAL","false","a2CHu000006GID9","","Html.Layouts.NoLayout","","","","a00Hu000012t8RDIAY"
"a0bWD0000011UDtYAM","005al00000RVcKvAAL","false","a2CHu000006GIDA","","Html.Layouts.TableLayout","","","","a00Hu000012t8REIAY"
"a0bWD0000011UDuYAM","005al00000RVcKvAAL","false","a2CHu000006GIDB","","Html.Layouts.NoLayout","","","","a00Hu000012t8RFIAY"
"a0bWD0000011UDvYAM","005al00000RVcKvAAL","false","a2CHu000006GIDC","","Html.Layouts.TableLayout","","","","a00Hu000012t8RGIAY"
"a0bWD0000011UDwYAM","005al00000RVcKvAAL","false","a2CHu000006GIDD","","Html.Layouts.TableLayout","","","","a00Hu000012t8RHIAY"
"a0bWD0000011UDxYAM","005al00000RVcKvAAL","false","a2CHu000006GIDE","","Html.Layouts.TableLayout","","","","a00Hu000012t8RIIAY"
"a0bWD0000011WQmYAM","005al00000RVcKvAAL","false","a2CHu000006GIDF","","Html.Layouts.NoLayout","","","","a00Hu000012t8RJIAY"
"a0bWD0000011WQnYAM","005al00000RVcKvAAL","false","a2CHu000006GIDG","","Html.Layouts.TableLayout","","","","a00Hu000012t8RKIAY"
"a0bWD0000011WQoYAM","005al00000RVcKvAAL","false","a2CHu000006GIDH","","Html.Layouts.NoLayout","","","","a00Hu000012t8RLIAY"
"a0bWD0000011WQpYAM","005al00000RVcKvAAL","false","a2CHu000006GIDI","","Html.Layouts.TableLayout","","","","a00Hu000012t8RMIAY"
"a0bWD0000011WQqYAM","005al00000RVcKvAAL","false","a2CHu000006GIDJ","","Html.Layouts.TwoColumnGrid","","","","a00Hu000012t8RNIAY"
"a0bWD0000011WQrYAM","005al00000RVcKvAAL","false","a2CHu000006GIDK","","Html.Layouts.TableLayout","","","","a00Hu000012t8ROIAY"
"a0bWD0000011WQsYAM","005al00000RVcKvAAL","false","a2CHu000006GIDL","","Html.Layouts.TableLayout","","","","a00Hu000012t8RPIAY"
"a0bWD0000011WQtYAM","005al00000RVcKvAAL","false","a2CHu000006GIDM","","Html.Layouts.TableLayout","","","","a00Hu000012t8RQIAY"
"a0bWD0000011WQuYAM","005al00000RVcKvAAL","false","a2CHu000006GIDN","","Html.Layouts.TableLayout","","","","a00Hu000012t8RRIAY"
"a0bWD0000011WQvYAM","005al00000RVcKvAAL","false","a2CHu000006GIDO","","Html.Layouts.TableLayout","","","","a00Hu000012t8RSIAY"
"a0bWD0000011WQwYAM","005al00000RVcKvAAL","false","a2CHu000006GICm","","Html.Layouts.TableLayout","","","","a00Hu000012t8RTIAY"
"a0bWD0000011UFiYAM","005al00000RVcKvAAL","false","a2Cbn000002Vb5k","","Html.Layouts.NoLayout","","","","a00bn00000ATwE1AAL"
"a0bWD0000011UFjYAM","005al00000RVcKvAAL","false","a2Cbn000002Vb5j","","Html.Layouts.NoLayout","","","","a00bn00000ATwE2AAL"
"a0bWD0000011UFkYAM","005al00000RVcKvAAL","false","a2Cbn000002Vb5l","","Html.Layouts.NoLayout","","","","a00bn00000ATwE3AAL"
"a0bWD0000011UFlYAM","005al00000RVcKvAAL","false","a2Cbn000002Vb5t","","Html.Layouts.NoLayout","","","","a00bn00000ATwE4AAL"
"a0bWD0000011UFmYAM","005al00000RVcKvAAL","false","a2Cbn000002Vb5u","","Html.Layouts.NoLayout","","","","a00bn00000ATwE5AAL"
"a0bWD0000011UFnYAM","005al00000RVcKvAAL","false","TwoColumnGrid","","Html.Layouts.TwoColumnGrid","","","","a00bn00000ATwE6AAL"
"a0bWD0000011UFoYAM","005al00000RVcKvAAL","false","NoLayout","","Html.Layouts.NoLayout","","","","a00bn00000ATwE7AAL"
"a0bWD0000011UFpYAM","005al00000RVcKvAAL","false","a2Cbn000002Vb5n","","Html.Layouts.NoLayout","","","","a00bn00000ATwE8AAL"
"a0bWD0000011UFqYAM","005al00000RVcKvAAL","false","a2Cbn000002Vb5p","","Html.Layouts.NoLayout","","","","a00bn00000ATx0XAAT"
"a0bWD0000011UFrYAM","005al00000RVcKvAAL","false","a2Cbn000002Vb5q","","Html.Layouts.NoLayout","","","","a00bn00000ATx0YAAT"
"a0bWD0000011UFsYAM","005al00000RVcKvAAL","false","a2Cbn000002Vb5s","","Html.Layouts.NoLayout","","","","a00bn00000ATx0ZAAT"
"a0bWD0000011UFtYAM","005al00000RVcKvAAL","false","a2Cbn000002Vb5o","","Html.Layouts.TwoColumnGrid","","","","a00bn00000ATx0aAAD"
"a0bWD0000011UFuYAM","005al00000RVcKvAAL","false","a2Cbn000002Vb5r","","Html.Layouts.NoLayout","","","","a00bn00000ATx0bAAD"
"a0bWD0000011UFvYAM","005al00000RVcKvAAL","false","a2Cbn000002Vb63","","Html.Layouts.NoLayout","","","","a00bn00000ATx0cAAD"
"a0bWD0000011UFwYAM","005al00000RVcKvAAL","false","a2Cbn000002Vb64","","Html.Layouts.TableLayout","","","","a00bn00000ATx0dAAD"
"a0bWD0000011UFxYAM","005al00000RVcKvAAL","false","a2Cbn000002Vb65","","Html.Layouts.NoLayout","","","","a00bn00000ATx0eAAD"
"a0bWD0000011UFyYAM","005al00000RVcKvAAL","false","a2Cbn000002Vb66","","Html.Layouts.TwoColumnGrid","","","","a00bn00000ATx0fAAD"
"a0bWD0000011UFzYAM","005al00000RVcKvAAL","false","a2Cbn000002Vb67","","Html.Layouts.NoLayout","","","","a00bn00000ATx0gAAD"
"a0bWD0000011UG0YAM","005al00000RVcKvAAL","false","a2Cbn000002Vb5w","","Html.Layouts.TwoColumnGrid","","","","a00bn00000ATx0hAAD"
"a0bWD0000011UG1YAM","005al00000RVcKvAAL","false","a2Cbn000002Vb5x","","Html.Layouts.NoLayout","","","","a00bn00000ATx0iAAD"
"a0bWD0000011UG2YAM","005al00000RVcKvAAL","false","a2Cbn000002Vb5y","","Html.Layouts.TwoColumnGrid","","","","a00bn00000ATx0jAAD"
"a0bWD0000011UG3YAM","005al00000RVcKvAAL","false","a2Cbn000002Vb5z","","Html.Layouts.NoLayout","","","","a00bn00000ATx0kAAD"
"a0bWD0000011UG4YAM","005al00000RVcKvAAL","false","a2Cbn000002Vb60","","Html.Layouts.NoLayout","","","","a00bn00000ATx0lAAD"
"a0bWD0000011UG5YAM","005al00000RVcKvAAL","false","a2Cbn000002Vb61","","Html.Layouts.NoLayout","","","","a00bn00000ATx0mAAD"
"a0bWD0000011UG6YAM","005al00000RVcKvAAL","false","a2Cbn000002Vb62","","Html.Layouts.NoLayout","","","","a00bn00000ATx0nAAD"
"a0bWD0000011UG7YAM","005al00000RVcKvAAL","false","a2Cbn000002Vb68","","Html.Layouts.NoLayout","","","","a00bn00000ATx0oAAD"
"a0bWD0000011UG8YAM","005al00000RVcKvAAL","false","a2Cbn000002Vb69","","Html.Layouts.NoLayout","","","","a00bn00000ATx0pAAD"
"a0bWD0000011UG9YAM","005al00000RVcKvAAL","false","a2Cbn000002Vb6A","","Html.Layouts.TwoColumnGrid","","","","a00bn00000ATx0qAAD"
"a0bWD0000011UGAYA2","005al00000RVcKvAAL","false","a2Cbn000002Vb6B","","Html.Layouts.NoLayout","","","","a00bn00000ATx0rAAD"
"a0bWD0000011UGBYA2","005al00000RVcKvAAL","false","a2Cbn000002Vb6C","","Html.Layouts.NoLayout","","","","a00bn00000ATx0sAAD"
"a0bWD0000011UGCYA2","005al00000RVcKvAAL","false","a2Cbn000002Vb6D","","Html.Layouts.NoLayout","","","","a00bn00000ATx0tAAD"
"a0bWD0000011UGDYA2","005al00000RVcKvAAL","false","a2Cbn000002Vb6E","","Html.Layouts.TwoColumnGrid","","","","a00bn00000ATx0uAAD"
"a0bWD0000011UGEYA2","005al00000RVcKvAAL","false","a2Cbn000002Vb6F","","Html.Layouts.NoLayout","","","","a00bn00000ATx0vAAD"
"a0bWD0000011UGFYA2","005al00000RVcKvAAL","false","a2Cbn000002Vb6J","","Html.Layouts.NoLayout","","","","a00bn00000ATx0wAAD"
"a0bWD0000011UGGYA2","005al00000RVcKvAAL","false","a2Cbn000002Vb6G","","Html.Layouts.NoLayout","","","","a00bn00000ATx0xAAD"
"a0bWD0000011UGHYA2","005al00000RVcKvAAL","false","a2Cbn000002Vb6H","","Html.Layouts.TwoColumnGrid","","","","a00bn00000ATx0yAAD"
"a0bWD0000011UGIYA2","005al00000RVcKvAAL","false","a2Cbn000002Vb6I","","Html.Layouts.NoLayout","","","","a00bn00000ATx0zAAD"
"a0bWD0000011UGJYA2","005al00000RVcKvAAL","false","a2Cbn000002Vb6K","","Html.Layouts.NoLayout","","","","a00bn00000ATx10AAD"
"a0bWD0000011UGKYA2","005al00000RVcKvAAL","false","a2Cbn000002Vb6O","","Html.Layouts.NoLayout","","","","a00bn00000ATx11AAD"
"a0bWD0000011UGLYA2","005al00000RVcKvAAL","false","a2Cbn000002Vb6L","","Html.Layouts.NoLayout","","","","a00bn00000ATx12AAD"
"a0bWD0000011UGMYA2","005al00000RVcKvAAL","false","a2Cbn000002Vb6M","","Html.Layouts.NoLayout","","","","a00bn00000ATx13AAD"
"a0bWD0000011UGNYA2","005al00000RVcKvAAL","false","a2Cbn000002Vb6N","","Html.Layouts.TableLayout","","","","a00bn00000ATx14AAD"
"a0bWD0000011UGOYA2","005al00000RVcKvAAL","false","a2Cbn000002Vb6P","","Html.Layouts.TwoColumnGrid","","","","a00bn00000ATx15AAD"
"a0bWD0000011UGPYA2","005al00000RVcKvAAL","false","a2Cbn000002Vb6Q","","Html.Layouts.NoLayout","","","","a00bn00000ATx16AAD"
"a0bWD0000011UGQYA2","005al00000RVcKvAAL","false","a2Cbn000002Vb6R","","Html.Layouts.NoLayout","","","","a00bn00000ATx17AAD"
"a0bWD0000011UGRYA2","005al00000RVcKvAAL","false","a2Cbn000002Vb6S","","Html.Layouts.TwoColumnGrid","","","","a00bn00000ATx18AAD"
"a0bWD0000011UGSYA2","005al00000RVcKvAAL","false","a2Cbn000002Vb6W","","Html.Layouts.NoLayout","","","","a00bn00000ATx19AAD"
"a0bWD0000011UGTYA2","005al00000RVcKvAAL","false","a2Cbn000002Vb6T","","Html.Layouts.NoLayout","","","","a00bn00000ATx1AAAT"
"a0bWD0000011UGUYA2","005al00000RVcKvAAL","false","a2Cbn000002Vb6U","","Html.Layouts.NoLayout","","","","a00bn00000ATx1BAAT"
"a0bWD0000011UGVYA2","005al00000RVcKvAAL","false","a2Cbn000002Vb6V","","Html.Layouts.NoLayout","","","","a00bn00000ATx1CAAT"
"a0bWD0000011UGWYA2","005al00000RVcKvAAL","false","a2Cbn000002Vb6X","","Html.Layouts.NoLayout","","","","a00bn00000ATx1DAAT"
"a0bWD0000011UGXYA2","005al00000RVcKvAAL","false","a2Cbn000002Vb6Y","","Html.Layouts.TableLayout","","","","a00bn00000ATx1EAAT"
"a0bWD0000011UGYYA2","005al00000RVcKvAAL","false","a2Cbn000002Vb6Z","","Html.Layouts.NoLayout","","","","a00bn00000ATx1FAAT"
"a0bWD0000011UGZYA2","005al00000RVcKvAAL","false","a2Cbn000002Vb6a","","Html.Layouts.TwoColumnGrid","","","","a00bn00000ATx1GAAT"
"a0bWD0000011UGaYAM","005al00000RVcKvAAL","false","a2Cbn000002Vb6b","","Html.Layouts.NoLayout","","","","a00bn00000ATx1HAAT"
"a0bWD0000011UGbYAM","005al00000RVcKvAAL","false","a2Cbn000002Vb6f","","Html.Layouts.NoLayout","","","","a00bn00000ATx1IAAT"
"a0bWD0000011UGcYAM","005al00000RVcKvAAL","false","a2Cbn000002Vb6c","","Html.Layouts.NoLayout","","","","a00bn00000ATx1JAAT"
"a0bWD0000011UGdYAM","005al00000RVcKvAAL","false","a2Cbn000002Vb6d","","Html.Layouts.NoLayout","","","","a00bn00000ATx1KAAT"
"a0bWD0000011UGeYAM","005al00000RVcKvAAL","false","a2Cbn000002Vb6e","","Html.Layouts.TwoColumnGrid","","","","a00bn00000ATx1LAAT"
"a0bWD0000011UGfYAM","005al00000RVcKvAAL","false","a2Cbn000002Vb6i","","Html.Layouts.NoLayout","","","","a00bn00000ATx1MAAT"
"a0bWD0000011UGgYAM","005al00000RVcKvAAL","false","a2Cbn000002Vb6g","","Html.Layouts.NoLayout","","","","a00bn00000ATx1NAAT"
"a0bWD0000011UGhYAM","005al00000RVcKvAAL","false","a2Cbn000002Vb6h","","Html.Layouts.NoLayout","","","","a00bn00000ATx1OAAT"
"a0bWD0000011UGiYAM","005al00000RVcKvAAL","false","a2Cbn000002Vb6k","","Html.Layouts.NoLayout","","","","a00bn00000ATx1PAAT"
"a0bWD0000011UGjYAM","005al00000RVcKvAAL","false","a2Cbn000002Vb6m","","Html.Layouts.NoLayout","","","","a00bn00000ATx1QAAT"
"a0bWD0000011UGkYAM","005al00000RVcKvAAL","false","a2Cbn000002Vb6n","","Html.Layouts.TwoColumnGrid","","","","a00bn00000ATx1RAAT"
"a0bWD0000011UGlYAM","005al00000RVcKvAAL","false","NoLayout","","Html.Layouts.NoLayout","","","","a00bn00000ATx1SAAT"
"a0bWD0000011UGmYAM","005al00000RVcKvAAL","false","a2Cbn000002Vb6p","","Html.Layouts.TableLayout","","","","a00bn00000ATx1TAAT"
"a0bWD0000011UGnYAM","005al00000RVcKvAAL","false","a2Cbn000002Vb6q","","Html.Layouts.NoLayout","","","","a00bn00000ATx1UAAT"
"a0bWD0000011UGoYAM","005al00000RVcKvAAL","false","a2Cbn000002Vb6r","","Html.Layouts.NoLayout","","","","a00bn00000ATx1VAAT"
"a0bWD0000011UGpYAM","005al00000RVcKvAAL","false","a2Cbn000002Vb6s","","Html.Layouts.TableLayout","","","","a00bn00000ATx1WAAT"
"a0bWD0000011UGqYAM","005al00000RVcKvAAL","false","a2Cbn000002Vb6t","","Html.Layouts.NoLayout","","","","a00bn00000ATx1XAAT"
"a0bWD0000011UGrYAM","005al00000RVcKvAAL","false","a2Cbn000002Vb6u","","Html.Layouts.NoLayout","","","","a00bn00000ATx1YAAT"
"a0bWD0000011UGsYAM","005al00000RVcKvAAL","false","a2Cbn000002Vb6v","","Html.Layouts.NoLayout","","","","a00bn00000ATx1ZAAT"
"a0bWD0000011UGtYAM","005al00000RVcKvAAL","false","a2Cbn000002Vb6w","","Html.Layouts.TableLayout","","","","a00bn00000ATx1aAAD"
"a0bWD0000011UGuYAM","005al00000RVcKvAAL","false","a2Cbn000002Vb6x","","Html.Layouts.NoLayout","","","","a00bn00000ATx1bAAD"
"a0bWD0000011UGvYAM","005al00000RVcKvAAL","false","a2Cbn000002Vb6y","","Html.Layouts.TableLayout","","","","a00bn00000ATx1cAAD"
"a0bWD0000011UGwYAM","005al00000RVcKvAAL","false","a2Cbn000002Vb6z","","Html.Layouts.TableLayout","","","","a00bn00000ATx1dAAD"
"a0bWD0000011UGxYAM","005al00000RVcKvAAL","false","a2Cbn000002Vb70","","Html.Layouts.TableLayout","","","","a00bn00000ATx1eAAD"
"a0bWD0000011UGyYAM","005al00000RVcKvAAL","false","a2Cbn000002Vb71","","Html.Layouts.TableLayout","","","","a00bn00000ATx1fAAD"
"a0bWD0000011UGzYAM","005al00000RVcKvAAL","false","a2Cbn000002Vb72","","Html.Layouts.NoLayout","","","","a00bn00000ATx1gAAD"
"a0bWD0000011UH0YAM","005al00000RVcKvAAL","false","a2Cbn000002Vb73","","Html.Layouts.NoLayout","","","","a00bn00000ATx1hAAD"
"a0bWD0000011UH1YAM","005al00000RVcKvAAL","false","a2Cbn000002Vb74","","Html.Layouts.TableLayout","","","","a00bn00000ATx1iAAD"
"a0bWD0000011UH2YAM","005al00000RVcKvAAL","false","a2Cbn000002Vb75","","Html.Layouts.NoLayout","","","","a00bn00000ATx1jAAD"
"a0bWD0000011UH3YAM","005al00000RVcKvAAL","false","a2Cbn000002Vb76","","Html.Layouts.NoLayout","","","","a00bn00000ATx1kAAD"
"a0bWD0000011UH4YAM","005al00000RVcKvAAL","false","a2Cbn000002Vb77","","Html.Layouts.TableLayout","","","","a00bn00000ATx1lAAD"
"a0bWD0000011UH5YAM","005al00000RVcKvAAL","false","a2Cbn000002Vb78","","Html.Layouts.TableLayout","","","","a00bn00000ATx1mAAD"
"a0bWD0000011UH6YAM","005al00000RVcKvAAL","false","a2Cbn000002Vb79","","Html.Layouts.TableLayout","","","","a00bn00000ATx1nAAD"
"a0bWD0000011UH7YAM","005al00000RVcKvAAL","false","a2Cbn000002Vb7A","","Html.Layouts.TableLayout","","","","a00bn00000ATx1oAAD"
"a0bWD0000011UH8YAM","005al00000RVcKvAAL","false","a2Cbn000002Vb7B","","Html.Layouts.TwoColumnGrid","","","","a00bn00000ATx1pAAD"
"a0bWD0000011UH9YAM","005al00000RVcKvAAL","false","a2Cbn000002Vb7C","","Html.Layouts.NoLayout","","","","a00bn00000ATx1qAAD"
"a0bWD0000011UHAYA2","005al00000RVcKvAAL","false","a2Cbn000002Vb7D","","Html.Layouts.NoLayout","","","","a00bn00000ATx1rAAD"
"a0bWD0000011UHBYA2","005al00000RVcKvAAL","false","a2Cbn000002Vb7E","","Html.Layouts.TableLayout","","","","a00bn00000ATx1sAAD"
"a0bWD0000011UHCYA2","005al00000RVcKvAAL","false","a2Cbn000002Vb7F","","Html.Layouts.NoLayout","","","","a00bn00000ATx1tAAD"
"a0bWD0000011UHDYA2","005al00000RVcKvAAL","false","a2Cbn000002Vb7G","","Html.Layouts.NoLayout","","","","a00bn00000ATx1uAAD"
"a0bWD0000011UHEYA2","005al00000RVcKvAAL","false","a2Cbn000002Vb7H","","Html.Layouts.NoLayout","","","","a00bn00000ATx1vAAD"
"a0bWD0000011UHFYA2","005al00000RVcKvAAL","false","a2Cbn000002Vb7I","","Html.Layouts.TableLayout","","","","a00bn00000ATx1wAAD"
"a0bWD0000011UHGYA2","005al00000RVcKvAAL","false","a2Cbn000002Vb7J","","Html.Layouts.NoLayout","","","","a00bn00000ATx1xAAD"
"a0bWD0000011UHHYA2","005al00000RVcKvAAL","false","a2Cbn000002Vb7K","","Html.Layouts.TableLayout","","","","a00bn00000ATx1yAAD"
"a0bWD0000011UHIYA2","005al00000RVcKvAAL","false","a2Cbn000002Vb7L","","Html.Layouts.TableLayout","","","","a00bn00000ATx1zAAD"
"a0bWD0000011UHJYA2","005al00000RVcKvAAL","false","a2Cbn000002Vb7M","","Html.Layouts.TableLayout","","","","a00bn00000ATx20AAD"
"a0bWD0000011UHKYA2","005al00000RVcKvAAL","false","a2Cbn000002Vb7N","","Html.Layouts.TwoColumnGrid","","","","a00bn00000ATx21AAD"
"a0bWD0000011WQxYAM","005al00000RVcKvAAL","false","TwoColumnGrid","","Html.Layouts.TwoColumnGrid","","","","a00bn00000ATx22AAD"
"a0bWD0000011WQyYAM","005al00000RVcKvAAL","false","a2Cbn000002Vb7P","","Html.Layouts.TableLayout","","","","a00bn00000ATx23AAD"
"a0bWD0000011WQzYAM","005al00000RVcKvAAL","false","SingleColumnGrid","","Html.Layouts.SingleColumnGrid","","","","a00bn00000ATx24AAD"
"a0bWD0000011WR0YAM","005al00000RVcKvAAL","false","a2Cbn000002Vb7R","","Html.Layouts.NoLayout","","","","a00bn00000ATx25AAD"
"a0bWD0000011WR1YAM","005al00000RVcKvAAL","false","a2Cbn000002Vb7S","","Html.Layouts.TableLayout","","","","a00bn00000ATx26AAD"
"a0bWD0000011WR2YAM","005al00000RVcKvAAL","false","a2Cbn000002Vb7T","","Html.Layouts.NoLayout","","","","a00bn00000ATx27AAD"
"a0bWD0000011WR3YAM","005al00000RVcKvAAL","false","a2Cbn000002Vb7U","","Html.Layouts.TableLayout","","","","a00bn00000ATx28AAD"
"a0bWD0000011WR4YAM","005al00000RVcKvAAL","false","a2Cbn000002Vb7V","","Html.Layouts.TwoColumnGrid","","","","a00bn00000ATx29AAD"
"a0bWD0000011WR5YAM","005al00000RVcKvAAL","false","a2Cbn000002Vb7W","","Html.Layouts.TableLayout","","","","a00bn00000ATx2AAAT"
"a0bWD0000011WR6YAM","005al00000RVcKvAAL","false","a2Cbn000002Vb7X","","Html.Layouts.TableLayout","","","","a00bn00000ATx2BAAT"
"a0bWD0000011WR7YAM","005al00000RVcKvAAL","false","a2Cbn000002Vb7Y","","Html.Layouts.TwoColumnGrid","","","","a00bn00000ATx2CAAT"
"a0bWD0000011UHLYA2","005al00000RVcKvAAL","false","a2Cbn000002Vb6j","","Html.Layouts.NoLayout","","","","a00bn00000ATx2DAAT"
"a0bWD0000011UHMYA2","005al00000RVcKvAAL","false","a2Cbn000002Vb6l","","Html.Layouts.TableLayout","","","","a00bn00000ATx2EAAT"
"a0bWD0000011WR8YAM","005al00000RVcKvAAL","false","a2Cbn000002Vb7Z","","Html.Layouts.TableLayout","","","","a00bn00000ATx2FAAT"
"a0bWD0000011WR9YAM","005al00000RVcKvAAL","false","a2Cbn000002Vb7a","","Html.Layouts.NoLayout","","","","a00bn00000ATx2GAAT"
"a0bWD0000011WRAYA2","005al00000RVcKvAAL","false","a2Cbn000002Vb7b","","Html.Layouts.TableLayout","","","","a00bn00000ATx2HAAT"
"a0bWD0000011WRBYA2","005al00000RVcKvAAL","false","a2Cbn000002Vb7c","","Html.Layouts.NoLayout","","","","a00bn00000ATx2IAAT"
"a0bWD0000011WRCYA2","005al00000RVcKvAAL","false","a2Cbn000002Vb7d","","Html.Layouts.TableLayout","","","","a00bn00000ATx2JAAT"
"a0bWD0000011WRDYA2","005al00000RVcKvAAL","false","a2Cbn000002Vb7e","","Html.Layouts.TwoColumnGrid","","","","a00bn00000ATx2KAAT"
"a0bWD0000011WREYA2","005al00000RVcKvAAL","false","a2Cbn000002Vb7f","","Html.Layouts.TableLayout","","","","a00bn00000ATx2LAAT"
"a0bWD0000011WRFYA2","005al00000RVcKvAAL","false","TableLayout","","Html.Layouts.TableLayout","","","","a00bn00000ATx2MAAT"
"a0bWD0000011WRGYA2","005al00000RVcKvAAL","false","a2Cbn000002Vb7h","","Html.Layouts.TableLayout","","","","a00bn00000ATx2NAAT"
"a0bWD0000011WRHYA2","005al00000RVcKvAAL","false","a2Cbn000002Vb7i","","Html.Layouts.TableLayout","","","","a00bn00000ATx2OAAT"
"a0bWD0000011WRIYA2","005al00000RVcKvAAL","false","a2Cbn000002Vb7j","","Html.Layouts.TableLayout","","","","a00bn00000ATx2PAAT"
"a0bWD0000011WRJYA2","005al00000RVcKvAAL","false","a2Cbn000002Vb7k","","Html.Layouts.TableLayout","","","","a00bn00000ATx2QAAT"
"a0bWD0000011WRKYA2","005al00000RVcKvAAL","false","a2Cbn000002Vb7l","","Html.Layouts.TableLayout","","","","a00bn00000ATx2RAAT"
"a0bWD0000011WRLYA2","005al00000RVcKvAAL","false","a2Cbn000002Vb7m","","Html.Layouts.TableLayout","","","","a00bn00000ATx2SAAT"
"a0bWD0000011WRMYA2","005al00000RVcKvAAL","false","a2Cbn000002Vb7n","","Html.Layouts.TableLayout","","","","a00bn00000ATx2TAAT"
"a0bWD0000011WRNYA2","005al00000RVcKvAAL","false","a2Cbn000002Vb7o","","Html.Layouts.TableLayout","","","","a00bn00000ATx2UAAT"
"a0bWD0000011WROYA2","005al00000RVcKvAAL","false","a2Cbn000002Vb7p","","Html.Layouts.TableLayout","","","","a00bn00000ATx2VAAT"
"a0bWD0000011WRPYA2","005al00000RVcKvAAL","false","a2Cbn000002Vb7q","","Html.Layouts.TableLayout","","","","a00bn00000ATx2WAAT"
"a0bWD0000011UHNYA2","005al00000RVcKvAAL","false","a2Cbn000002Vb7r","","Html.Layouts.NoLayout","","","","a00bn00000ATx2XAAT"
"a0bWD0000011UHOYA2","005al00000RVcKvAAL","false","a2Cbn000002Vb7s","","Html.Layouts.NoLayout","","","","a00bn00000ATx2YAAT"
"a0bWD0000011UHPYA2","005al00000RVcKvAAL","false","a2Cbn000002Vb7t","","Html.Layouts.TableLayout","","","","a00bn00000ATx2ZAAT"
"a0bWD0000011UHQYA2","005al00000RVcKvAAL","false","a2Cbn000002Vb7u","","Html.Layouts.NoLayout","","","","a00bn00000ATx2aAAD"
"a0bWD0000011UHRYA2","005al00000RVcKvAAL","false","a2Cbn000002Vb7v","","Html.Layouts.NoLayout","","","","a00bn00000ATx2bAAD"
"a0bWD0000011UHSYA2","005al00000RVcKvAAL","false","a2Cbn000002Vb7w","","Html.Layouts.NoLayout","","","","a00bn00000ATx2cAAD"
"a0bWD0000011UHTYA2","005al00000RVcKvAAL","false","a2Cbn000002Vb7x","","Html.Layouts.TableLayout","","","","a00bn00000ATx2dAAD"
"a0bWD0000011UHUYA2","005al00000RVcKvAAL","false","a2Cbn000002Vb7y","","Html.Layouts.NoLayout","","","","a00bn00000ATx2eAAD"
"a0bWD0000011UHVYA2","005al00000RVcKvAAL","false","a2Cbn000002Vb7z","","Html.Layouts.TableLayout","","","","a00bn00000ATx2fAAD"
"a0bWD0000011UHWYA2","005al00000RVcKvAAL","false","a2Cbn000002Vb80","","Html.Layouts.TableLayout","","","","a00bn00000ATx2gAAD"
"a0bWD0000011UHXYA2","005al00000RVcKvAAL","false","a2Cbn000002Vb81","","Html.Layouts.TableLayout","","","","a00bn00000ATx2hAAD"
"a0bWD0000011WRQYA2","005al00000RVcKvAAL","false","a2Cbn000002Vb82","","Html.Layouts.NoLayout","","","","a00bn00000ATx2iAAD"
"a0bWD0000011WRRYA2","005al00000RVcKvAAL","false","a2Cbn000002Vb83","","Html.Layouts.TableLayout","","","","a00bn00000ATx2jAAD"
"a0bWD0000011WRSYA2","005al00000RVcKvAAL","false","a2Cbn000002Vb84","","Html.Layouts.NoLayout","","","","a00bn00000ATx2kAAD"
"a0bWD0000011WRTYA2","005al00000RVcKvAAL","false","a2Cbn000002Vb85","","Html.Layouts.TableLayout","","","","a00bn00000ATx2lAAD"
"a0bWD0000011WRUYA2","005al00000RVcKvAAL","false","a2Cbn000002Vb86","","Html.Layouts.TwoColumnGrid","","","","a00bn00000ATx2mAAD"
"a0bWD0000011WRVYA2","005al00000RVcKvAAL","false","a2Cbn000002Vb87","","Html.Layouts.TableLayout","","","","a00bn00000ATx2nAAD"
"a0bWD0000011WRWYA2","005al00000RVcKvAAL","false","a2Cbn000002Vb88","","Html.Layouts.TableLayout","","","","a00bn00000ATx2oAAD"
"a0bWD0000011WRXYA2","005al00000RVcKvAAL","false","a2Cbn000002Vb89","","Html.Layouts.TableLayout","","","","a00bn00000ATx2pAAD"
"a0bWD0000011WRYYA2","005al00000RVcKvAAL","false","a2Cbn000002Vb8A","","Html.Layouts.TableLayout","","","","a00bn00000ATx2qAAD"
"a0bWD0000011WRZYA2","005al00000RVcKvAAL","false","a2Cbn000002Vb8B","","Html.Layouts.TableLayout","","","","a00bn00000ATx2rAAD"
"a0bWD0000011UDyYAM","005al00000RVcKvAAL","false","a313g0000008Q0F","","Html.Layouts.NoLayout","","","","a1A3g000000S6rgEAC"
"a0bWD0000011UDzYAM","005al00000RVcKvAAL","false","a313g0000008Q0I","","Html.Layouts.TableLayout","","","","a1A3g000000S6rhEAC"
"a0bWD0000011UE0YAM","005al00000RVcKvAAL","false","a313g0000008Q0H","","Html.Layouts.NoLayout","","","","a1A3g000000S6riEAC"
"a0bWD0000011UE1YAM","005al00000RVcKvAAL","false","a313g0000008Q0J","","Html.Layouts.TableLayout","","","","a1A3g000000S6rjEAC"
"a0bWD0000011UE2YAM","005al00000RVcKvAAL","false","a313g0000008Q0K","","Html.Layouts.NoLayout","","","","a1A3g000000S6rkEAC"
"a0bWD0000011WRaYAM","005al00000RVcKvAAL","false","a313g0000008Q0M","","Html.Layouts.TableLayout","","","","a1A3g000000S6rlEAC"
"a0bWD0000011UE3YAM","005al00000RVcKvAAL","false","a313g0000008Q0G","","Html.Layouts.NoLayout","","","","a1A3g000000S6rmEAC"
"a0bWD0000011UE4YAM","005al00000RVcKvAAL","false","a313g0000008Q0L","","Html.Layouts.NoLayout","","","","a1A3g000000S6rnEAC"
"a0bWD0000011WRbYAM","005al00000RVcKvAAL","false","a313g0000008Q0N","","Html.Layouts.TwoColumnGrid","","","","a1A3g000000S6roEAC"
"a0bWD0000011WRcYAM","005al00000RVcKvAAL","false","a313g0000008Q0O","","Html.Layouts.TableLayout","","","","a1A3g000000S6rpEAC"
"a0bWD0000011TTBYA2","005al00000RVcKvAAL","false","SingleColumnGrid","","Html.Layouts.SingleColumnGrid","","","","a2C750000000Ag9EAE"
"a0bWD0000011TTCYA2","005al00000RVcKvAAL","false","SingleColumnGrid","","Html.Layouts.SingleColumnGrid","","","","a2C750000000AgEEAU"
"a0bWD0000011TTDYA2","005al00000RVcKvAAL","false","SingleColumnGrid","","Html.Layouts.SingleColumnGrid","","","","a2C750000000UMqEAM"
"a0bWD0000011UE5YAM","005al00000RVcKvAAL","false","TwoColumnGrid","","Html.Layouts.TwoColumnGrid","","","","a313g0000008Q0RAAU"
"a0bWD0000011UE6YAM","005al00000RVcKvAAL","false","NoLayout","","Html.Layouts.NoLayout","","","","a313g0000008Q0SAAU"
"a0bWD0000011UE7YAM","005al00000RVcKvAAL","false","TwoColumnGrid","","Html.Layouts.TwoColumnGrid","","","","a313g0000008Q0TAAU"
"a0bWD0000011UE8YAM","005al00000RVcKvAAL","false","NoLayout","","Html.Layouts.NoLayout","","","","a313g0000008Q0UAAU"
"a0bWD0000011UE9YAM","005al00000RVcKvAAL","false","TwoColumnGrid","","Html.Layouts.TwoColumnGrid","","","","a313g0000008Q0VAAU"
"a0bWD0000011UEAYA2","005al00000RVcKvAAL","false","NoLayout","","Html.Layouts.NoLayout","","","","a313g0000008Q0WAAU"
"a0bWD0000011UEBYA2","005al00000RVcKvAAL","false","NoLayout","","Html.Layouts.NoLayout","","","","a313g0000008Q0XAAU"
"a0bWD0000011WRdYAM","005al00000RVcKvAAL","false","SingleColumnGrid","","Html.Layouts.SingleColumnGrid","","","","a313g0000008Q0YAAU"
"a0bWD0000011WReYAM","005al00000RVcKvAAL","false","NoLayout","","Html.Layouts.NoLayout","","","","a313g0000008Q0ZAAU"
"a0bWD0000011WRfYAM","005al00000RVcKvAAL","false","TableLayout","","Html.Layouts.TableLayout","","","","a313g0000008Q0aAAE"
"a0bWD0000011UECYA2","005al00000RVcKvAAL","false","NoLayout","","Html.Layouts.NoLayout","","","","a313g0000008Q0bAAE"
"a0bWD0000011UEDYA2","005al00000RVcKvAAL","false","NoLayout","","Html.Layouts.NoLayout","","","","a313g0000008Q0cAAE"
"a0bWD0000011WRgYAM","005al00000RVcKvAAL","false","TwoColumnGrid","","Html.Layouts.TwoColumnGrid","","","","a313g0000008Q0dAAE"
"a0bWD0000011WRhYAM","005al00000RVcKvAAL","false","TableLayout","","Html.Layouts.TableLayout","","","","a313g0000008Q0eAAE"
"a0bWD0000011WRiYAM","005al00000RVcKvAAL","false","TableLayout","","Html.Layouts.TableLayout","","","","a313g0000008Q0fAAE"
"a0bWD0000011WRjYAM","005al00000RVcKvAAL","false","TableLayout","","Html.Layouts.TableLayout","","","","a313g0000008Q0gAAE"
"a0bWD0000011WRkYAM","005al00000RVcKvAAL","false","TableLayout","","Html.Layouts.TableLayout","","","","a313g0000008Q0hAAE"
"a0bWD0000011WRlYAM","005al00000RVcKvAAL","false","TableLayout","","Html.Layouts.TableLayout","","","","a313g0000008Q0iAAE"
"a0bWD0000011UEEYA2","005al00000RVcKvAAL","false","NoLayout","","Html.Layouts.NoLayout","","","","a313g0000008Q0jAAE"
"a0bWD0000011UEFYA2","005al00000RVcKvAAL","false","NoLayout","","Html.Layouts.NoLayout","","","","a313g0000008Q0kAAE"
"a0bWD0000011WRmYAM","005al00000RVcKvAAL","false","SingleColumnGrid","","Html.Layouts.SingleColumnGrid","","","","a313g0000008Q0lAAE"
"a0bWD0000011WRnYAM","005al00000RVcKvAAL","false","NoLayout","","Html.Layouts.NoLayout","","","","a313g0000008Q0mAAE"
"a0bWD0000011WRoYAM","005al00000RVcKvAAL","false","TwoColumnGrid","","Html.Layouts.TwoColumnGrid","","","","a313g0000008Q0nAAE"
"a0bWD0000011UEGYA2","005al00000RVcKvAAL","false","NoLayout","","Html.Layouts.NoLayout","","","","a313g0000008Q0rAAE"
"a0bWD0000011UEHYA2","005al00000RVcKvAAL","false","NoLayout","","Html.Layouts.NoLayout","","","","a313g0000008Q0sAAE"
"a0bWD0000011WRpYAM","005al00000RVcKvAAL","false","SingleColumnGrid","","Html.Layouts.SingleColumnGrid","","","","a313g0000008Q0tAAE"
"a0bWD0000011WRqYAM","005al00000RVcKvAAL","false","NoLayout","","Html.Layouts.NoLayout","","","","a313g0000008Q0uAAE"
"a0bWD0000011WRrYAM","005al00000RVcKvAAL","false","TwoColumnGrid","","Html.Layouts.TwoColumnGrid","","","","a313g0000008Q0vAAE"
"a0bWD0000011UEIYA2","005al00000RVcKvAAL","false","NoLayout","","Html.Layouts.NoLayout","","","","a313g0000008Q0yAAE"
"a0bWD0000011UEJYA2","005al00000RVcKvAAL","false","NoLayout","","Html.Layouts.NoLayout","","","","a313g0000008Q0zAAE"
"a0bWD0000011WRsYAM","005al00000RVcKvAAL","false","TableLayout","","Html.Layouts.TableLayout","","","","a313g0000008Q10AAE"
