"Id","OwnerId","IsDeleted","Name","nFORCE__Disable_Print__c","nFORCE__Disable_Read_Only_View__c","nFORCE__Show_Link_To_Context_Object__c","nFORCE__lookupKey__c","nPortal__Add_Multi_Record_Display_Icon__c","nPortal__Maximum_Number_of_Records__c","nPortal__Minimum_Number_of_Records__c","nPortal__OA_Review_Multiple_Record_Entry_Label__c"
"a0sWD00000XpfSfYAJ","005al00000RVcKvAAL","false","ReviewSubmitLoan","false","false","false","000008C4_2C2C_4944_8EBC_E365C3EC842C","","","",""
"a0sWD00000XpfSgYAJ","005al00000RVcKvAAL","false","ReviewSubmitDeposit","false","false","false","000029C4_2C2C_4944_8EBC_E365C3EC842C","","","",""
"a0sWD00000XpesnYAB","005al00000RVcKvAAL","false","Associated Accounts","false","false","true","00031576590189623","","","",""
"a0sWD00000XpesoYAB","005al00000RVcKvAAL","false","tests","false","false","true","001","","","",""
"a0sWD00000XpespYAB","005al00000RVcKvAAL","false","Loan Compliance Screen","false","false","true","00231585311469503","","","",""
"a0sWD00000XpbEgYAJ","005al00000RVcKvAAL","false","Entity Compliance Screen","false","false","true","0072177E254843688F532C1E20705574","","","",""
"a0sWD00000XpbMqYAJ","005al00000RVcKvAAL","false","CRA Screen","false","false","true","01051619447514585","","","",""
"a0sWD00000XpesqYAB","005al00000RVcKvAAL","false","Fees Approved","false","false","true","014c353c-6571-4298","","","",""
"a0sWD00000XpesrYAB","005al00000RVcKvAAL","false","ReviewSubmitLoan","false","false","false","0174307F_066F_4F4F_846D_7F326A724E02","","","",""
"a0sWD00000XpessYAB","005al00000RVcKvAAL","false","Onboarding","false","false","true","02531576590678794","","","",""
"a0sWD00000XpbMGYAZ","005al00000RVcKvAAL","false","Borrowing Structure Information","false","false","true","02551560278745076","","","",""
"a0sWD00000XpestYAB","005al00000RVcKvAAL","false","Booked Information","false","false","true","0263eb1b-cfd2-c8ca","","","",""
"a0sWD00000XpesuYAB","005al00000RVcKvAAL","false","Loan Details","false","false","true","0282af63-6548-9614","","","",""
"a0sWD00000XpbEhYAJ","005al00000RVcKvAAL","false","Referral","false","false","true","033A51341F29453B88353A5D3C775058","","","",""
"a0sWD00000XpUSWYA3","005al00000RVcKvAAL","false","Underwriting Details","false","false","true","03471560278867077","","","",""
"a0sWD00000XpesvYAB","005al00000RVcKvAAL","false","Equipment","false","false","true","03761575852395434","","","",""
"a0sWD00000XpeswYAB","005al00000RVcKvAAL","false","Onboarding","false","false","true","03821575852747845","","","",""
"a0sWD00000XpUSXYA3","005al00000RVcKvAAL","false","Site Visit","false","false","true","0398747383","","","",""
"a0sWD00000XpesxYAB","005al00000RVcKvAAL","false","Construction Details","false","false","true","03a77448-16ac-7206","","","",""
"a0sWD00000XpesyYAB","005al00000RVcKvAAL","false","Opportunities","false","false","true","03ef8918-73a6-f820","","","",""
"a0sWD00000XpUSYYA3","005al00000RVcKvAAL","false","Change Memo","false","false","true","04391620937671559","","","",""
"a0sWD00000XpeszYAB","005al00000RVcKvAAL","false","Underwriting Details","false","false","true","04671592857387269","","","",""
"a0sWD00000Xpet0YAB","005al00000RVcKvAAL","false","Application Details","false","false","true","04851663700624861","","","",""
"a0sWD00000Xpet1YAB","005al00000RVcKvAAL","false","Onboarding","false","false","true","05521575852600761","","","",""
"a0sWD00000Xpet2YAB","005al00000RVcKvAAL","false","Enhanced Fees Management","false","false","true","05561592857387269","","","",""
"a0sWD00000XpfU1YAJ","005al00000RVcKvAAL","false","SBA Form 159","false","false","true","05616D1E7F194D29A84D6F09151E2E63","","","",""
"a0sWD00000XpbLQYAZ","005al00000RVcKvAAL","false","Product Summary","false","false","true","05641567002571747","","","",""
"a0sWD00000Xpet3YAB","005al00000RVcKvAAL","false","Underwriting Details1","false","false","true","06031640791247589","","","",""
"a0sWD00000Xpet4YAB","005al00000RVcKvAAL","false","Previous SBA Loan","false","false","true","0612db1a-363f-224c","","","",""
"a0sWD00000XpbCfYAJ","005al00000RVcKvAAL","false","Borrowing Structure Information","false","false","true","06531585311469510","","","",""
"a0sWD00000XpfU2YAJ","005al00000RVcKvAAL","false","Use of Proceeds","false","false","true","066D33475F32494EB24F2638652C0877","","","",""
"a0sWD00000Xpet5YAB","005al00000RVcKvAAL","false","Loan Team","false","false","true","06901640791247591","","","",""
"a0sWD00000Xpet6YAB","005al00000RVcKvAAL","false","Application Details","false","false","true","06991592857387268","","","",""
"a0sWD00000XpbKPYAZ","005al00000RVcKvAAL","false","Editable Fields","false","false","true","07281585604340854","","","",""
"a0sWD00000Xpet7YAB","005al00000RVcKvAAL","false","Counterparty Report Topbar","false","false","true","07892345089709872345","","","",""
"a0sWD00000XpbCgYAJ","005al00000RVcKvAAL","false","Underwriting Details1","false","false","true","07911600720267875","","","",""
"a0sWD00000Xpet8YAB","005al00000RVcKvAAL","false","Stage History","false","false","true","07df8b74-c25b-1685","","","",""
"a0sWD00000Xpet9YAB","005al00000RVcKvAAL","false","CRA Screen","false","false","true","08503942-05e7-28bc","","","",""
"a0sWD00000XpetAYAR","005al00000RVcKvAAL","false","Application Details","false","false","true","08571592334965450","","","",""
"a0sWD00000XpetBYAR","005al00000RVcKvAAL","false","Deposit Products","false","false","true","0865799c-7558-5aab","","","",""
"a0sWD00000XpbChYAJ","005al00000RVcKvAAL","false","CRA Screen","false","false","true","08841585311469499","","","",""
"a0sWD00000XpbMBYAZ","005al00000RVcKvAAL","false","Risk Ratings","false","false","true","08891585604340856","","","",""
"a0sWD00000XpetCYAR","005al00000RVcKvAAL","false","Available Screen Sections","false","false","true","09873240987234590875324","","","",""
"a0sWD00000XpbKoYAJ","005al00000RVcKvAAL","false","Product Summary","false","false","true","09911567002550278","","","",""
"a0sWD00000XpbEiYAJ","005al00000RVcKvAAL","false","Change Memo","false","false","true","0F42650F61684307B53C2F05566A6A16","","","",""
"a0sWD00000XpetDYAR","005al00000RVcKvAAL","false","Loan Information","false","false","true","0b50504a-3610-e812","","","",""
"a0sWD00000XpetEYAR","005al00000RVcKvAAL","false","Collateral Owned","false","false","true","0c38cb4c-fb15-eab7","","","",""
"a0sWD00000XpetFYAR","005al00000RVcKvAAL","false","Borrowing Structure Information","false","false","true","0ea98dc7-1543-d180","","","",""
"a0sWD00000XpetGYAR","005al00000RVcKvAAL","false","Etran Review","false","false","true","1010289392874123","","","",""
"a0sWD00000XpetHYAR","005al00000RVcKvAAL","false","Secured Comm Eligibility","false","false","true","10181579293659455","","","",""
"a0sWD00000XpetIYAR","005al00000RVcKvAAL","false","Pricing","false","false","true","10411585311469500","","","",""
"a0sWD00000XpetJYAR","005al00000RVcKvAAL","false","Pricing","false","false","true","10621578346510229","","","",""
"a0sWD00000XpetKYAR","005al00000RVcKvAAL","false","SBA Express Loan Authorization","false","false","true","10691585311469510","","","",""
"a0sWD00000XpUSZYA3","005al00000RVcKvAAL","false","Narrative Booked","false","false","true","10941585604340854","","","",""
"a0sWD00000XpetLYAR","005al00000RVcKvAAL","false","Edit Equipment","false","false","true","109621646563293041","","","",""
"a0sWD00000XpbCiYAJ","005al00000RVcKvAAL","false","Adverse Actions/Counter Offers","false","false","true","11031663700624864","","","",""
"a0sWD00000XpetMYAR","005al00000RVcKvAAL","false","Loan Pledges","false","false","true","111b046f-2324-9876-801c-ebdf0f04743c","","","",""
"a0sWD00000XpetNYAR","005al00000RVcKvAAL","false","Adverse Actions","false","false","true","11381640791247587","","","",""
"a0sWD00000XpbLdYAJ","005al00000RVcKvAAL","false","Pricing Required Fields","false","false","true","11671619447514581","","","",""
"a0sWD00000XpbLfYAJ","005al00000RVcKvAAL","false","Draw History Screen","false","false","true","12061619447514587","","","",""
"a0sWD00000XpetOYAR","005al00000RVcKvAAL","false","Onboarding Conditional Screen","false","false","true","12091576590025974","","","",""
"a0sWD00000XpetPYAR","005al00000RVcKvAAL","false","EMEA Collateral Creation Screen","false","false","true","121356185612375173","","","",""
"a0sWD00000XpetQYAR","005al00000RVcKvAAL","false","EMEA Add Sub Screen","false","false","true","122901792722120281","","","",""
"a0sWD00000XpetRYAR","005al00000RVcKvAAL","false","Collateral Ownership UI","false","false","true","12341432143214","","","",""
"a0sWD00000XpetSYAR","005al00000RVcKvAAL","false","TestScreen","false","false","true","12345678","","","",""
"a0sWD00000XpetTYAR","005al00000RVcKvAAL","false","Construction Details","false","false","true","123801972398617092","","","",""
"a0sWD00000XpetUYAR","005al00000RVcKvAAL","false","Activities","false","false","true","123830498237480922","","","",""
"a0sWD00000XpetVYAR","005al00000RVcKvAAL","false","Fees","false","false","true","123980587220384039","","","",""
"a0sWD00000XpbLLYAZ","005al00000RVcKvAAL","false","HMDA Screen 1","false","false","true","12431619447514585","","","",""
"a0sWD00000XpetWYAR","005al00000RVcKvAAL","false","Lockbox - Change","false","false","true","12523624634","","","",""
"a0sWD00000XpbCjYAJ","005al00000RVcKvAAL","false","Secured RL Eligibility","false","false","true","12661602078251380","","","",""
"a0sWD00000XpetXYAR","005al00000RVcKvAAL","false","Associated Accounts","false","false","true","12761575852671843","","","",""
"a0sWD00000XpetYYAR","005al00000RVcKvAAL","false","Forgiveness Application Updates EZ","false","false","true","12893712873221230092","","","",""
"a0sWD00000XpetZYAR","005al00000RVcKvAAL","false","Deals","false","false","true","128974513578651386","","","",""
"a0sWD00000XpUSaYAN","005al00000RVcKvAAL","false","Adverse Action","false","false","true","131251514532143","","","",""
"a0sWD00000XpetaYAB","005al00000RVcKvAAL","false","Treasury","false","false","true","139865891867545516","","","",""
"a0sWD00000XpbCkYAJ","005al00000RVcKvAAL","false","Secured RL Personal (Individual Other Involved)","false","false","true","14111602603021209","","","",""
"a0sWD00000XpbEjYAJ","005al00000RVcKvAAL","false","Approved Details","false","false","true","144F7F73187E4234857D083E246F1E1B","","","",""
"a0sWD00000XpetbYAB","005al00000RVcKvAAL","false","Forgiveness Loan Detail","false","false","true","1473716","","","",""
"a0sWD00000XpetcYAB","005al00000RVcKvAAL","false","Forgiveness Loan Detail Loan","false","false","true","147371627632","","","",""
"a0sWD00000XpetdYAB","005al00000RVcKvAAL","false","Optional Demographic Information","false","false","true","147371638973793","","","",""
"a0sWD00000XpeteYAB","005al00000RVcKvAAL","false","Forgiveness Summary","false","false","true","147371683883","","","",""
"a0sWD00000XpbL6YAJ","005al00000RVcKvAAL","false","Budget Details","false","false","true","14841620937671564","","","",""
"a0sWD00000XpetfYAB","005al00000RVcKvAAL","false","Fees Summary","false","false","true","14871585311469496","","","",""
"a0sWD00000XpUSbYAN","005al00000RVcKvAAL","false","Memos Booked","false","false","true","15561585604340854","","","",""
"a0sWD00000XpUScYAN","005al00000RVcKvAAL","false","Memos","false","false","true","16221585604340856","","","",""
"a0sWD00000XpetgYAB","005al00000RVcKvAAL","false","Equipment","false","false","true","16261575852600761","","","",""
"a0sWD00000XpethYAB","005al00000RVcKvAAL","false","Equipment","false","false","true","16581575852542362","","","",""
"a0sWD00000XpetiYAB","005al00000RVcKvAAL","false","Associated Accounts","false","false","true","16721575852800820","","","",""
"a0sWD00000XpetjYAB","005al00000RVcKvAAL","false","Key Dates Approved","false","false","true","1717c4dd-4794-d223","","","",""
"a0sWD00000XpetkYAB","005al00000RVcKvAAL","false","Syndications Summary","false","false","true","17411585311469492","","","",""
"a0sWD00000XpetlYAB","005al00000RVcKvAAL","false","Associated Accounts","false","false","true","17461576590611197","","","",""
"a0sWD00000XpbClYAJ","005al00000RVcKvAAL","false","SBL Personal","false","false","true","17701666029074779","","","",""
"a0sWD00000XpbMgYAJ","005al00000RVcKvAAL","false","Loan Details","false","false","true","17781620937671564","","","",""
"a0sWD00000XpetmYAB","005al00000RVcKvAAL","false","Loans","false","false","true","17dc6810-17e8-8bd6","","","",""
"a0sWD00000XpetnYAB","005al00000RVcKvAAL","false","SBA Form 1920","false","false","true","17dfd962-d96e-924a","","","",""
"a0sWD00000XpetoYAB","005al00000RVcKvAAL","false","Onboarding","false","false","true","18621576590514261","","","",""
"a0sWD00000XpbM5YAJ","005al00000RVcKvAAL","false","Balance Details","false","false","true","18751585604340855","","","",""
"a0sWD00000XpetpYAB","005al00000RVcKvAAL","false","Rate Structure","false","false","true","18761585311469495","","","",""
"a0sWD00000XpbMAYAZ","005al00000RVcKvAAL","false","Deposit Products","false","false","true","18931562008881233","","","",""
"a0sWD00000XpetqYAB","005al00000RVcKvAAL","false","Approved Details","false","false","true","197ff365-b240-347d","","","",""
"a0sWD00000XpbLAYAZ","005al00000RVcKvAAL","false","Adverse Actions","false","false","true","19891585604340855","","","",""
"a0sWD00000XpetrYAB","005al00000RVcKvAAL","false","Annual Review","false","false","true","19951576590189623","","","",""
"a0sWD00000XpbMJYAZ","005al00000RVcKvAAL","false","Loan Dashboard Summary Screen","false","false","true","19961585604340855","","","",""
"a0sWD00000XpetsYAB","005al00000RVcKvAAL","false","Participations","false","false","true","1ab333ce-ece4-9cf1","","","",""
"a0sWD00000XpettYAB","005al00000RVcKvAAL","false","Loan Team Member Information","false","false","true","1ed427fa-e99f-593a","","","",""
"a0sWD00000XpetuYAB","005al00000RVcKvAAL","false","Compliance Info","false","false","true","1fe106d0-49a4-12a6","","","",""
"a0sWD00000XpeoPYAR","005al00000RVcKvAAL","false","Loan Credit Memo","false","false","true","2.451632678780457","","","",""
"a0sWD00000XpbLgYAJ","005al00000RVcKvAAL","false","Total Exposure Screen","false","false","true","20091562008947218","","","",""
"a0sWD00000XpbCmYAJ","005al00000RVcKvAAL","false","Supplementary Details","false","false","true","20091585311469503","","","",""
"a0sWD00000XpbCnYAJ","005al00000RVcKvAAL","false","Add Beneficial Owner OA","false","false","true","20221666029074782","","","",""
"a0sWD00000XpetvYAB","005al00000RVcKvAAL","false","Loan Application","false","false","true","20272b25-3bf1-d858","","","",""
"a0sWD00000XpetwYAB","005al00000RVcKvAAL","false","Onboarding","false","false","true","20341576590235086","","","",""
"a0sWD00000XpetxYAB","005al00000RVcKvAAL","false","Onboarding","false","false","true","20501575852671843","","","",""
"a0sWD00000XpetyYAB","005al00000RVcKvAAL","false","Onboarding Conditional Screen","false","false","true","20681576590189624","","","",""
"a0sWD00000XpetzYAB","005al00000RVcKvAAL","false","SBA Form 1920","false","false","true","20791585311469508","","","",""
"a0sWD00000Xpeu0YAB","005al00000RVcKvAAL","false","Schedule A","false","false","true","209089302872873832","","","",""
"a0sWD00000Xpeu1YAB","005al00000RVcKvAAL","false","Collateral Summary","false","false","true","21041592334965450","","","",""
"a0sWD00000Xpeu2YAB","005al00000RVcKvAAL","false","Loan Dashboard Summary Screen","false","false","true","21181578346510229","","","",""
"a0sWD00000XpbLbYAJ","005al00000RVcKvAAL","false","Third Party Reports","false","false","true","21441620937671561","","","",""
"a0sWD00000XpfShYAJ","005al00000RVcKvAAL","false","DEP Personal Info (business - sole prop)","false","false","true","21741640206777791","","","",""
"a0sWD00000Xpeu3YAB","005al00000RVcKvAAL","false","Other Information","false","false","true","219698645416511856","","","",""
"a0sWD00000Xpeu4YAB","005al00000RVcKvAAL","false","Contacts","false","false","true","21b4af07-1750-a1b5","","","",""
"a0sWD00000Xpeu5YAB","005al00000RVcKvAAL","false","Modification Category","false","false","true","22061585311469513","","","",""
"a0sWD00000XpbEkYAJ","005al00000RVcKvAAL","false","Entity Compliance Screen","false","false","true","2210644B070E4D569700756C6F054B54","","","",""
"a0sWD00000Xpeu6YAB","005al00000RVcKvAAL","false","Approved Details","false","false","true","22321575395465125","","","",""
"a0sWD00000Xpeu7YAB","005al00000RVcKvAAL","false","Authorized Administrators","false","false","true","22611576590368617","","","",""
"a0sWD00000XpfSiYAJ","005al00000RVcKvAAL","false","Consumer Loan - Personal Info (Primary Applicant)","false","false","true","22801641348179681","","","",""
"a0sWD00000Xpeu8YAB","005al00000RVcKvAAL","false","nCino UI Configuration Builder","false","false","true","230-49850-982345-0893245","","","",""
"a0sWD00000XpUSdYAN","005al00000RVcKvAAL","false","Key Dates","false","false","true","23001585604340855","","","",""
"a0sWD00000Xpeu9YAB","005al00000RVcKvAAL","false","SBL Business Info Forgive","false","false","true","23145364758","","","",""
"a0sWD00000XpfU3YAJ","005al00000RVcKvAAL","false","SBA Form 912","false","false","true","231C474204234D7F8272444770633413","","","",""
"a0sWD00000XpbElYAJ","005al00000RVcKvAAL","false","Ongoing Fees","false","false","true","23223443457734552","","","",""
"a0sWD00000XpeuAYAR","005al00000RVcKvAAL","false","Additional EZ Form Certifications","false","false","true","2328736478263123121","","","",""
"a0sWD00000XpeuBYAR","005al00000RVcKvAAL","false","Payroll Costs","false","false","true","2339238678364732721","","","",""
"a0sWD00000XpeuCYAR","005al00000RVcKvAAL","false","Narrative","false","false","true","234273948213498720","","","",""
"a0sWD00000XpeuDYAR","005al00000RVcKvAAL","false","SBL Forgiveness Details","false","false","true","234356457","","","",""
"a0sWD00000XpeuEYAR","005al00000RVcKvAAL","false","SBL Forgiveness Details New","false","false","true","2343564939357","","","",""
"a0sWD00000XpeuFYAR","005al00000RVcKvAAL","false","Covered Period & Payroll","false","false","true","23435649393571981","","","",""
"a0sWD00000XpeuGYAR","005al00000RVcKvAAL","false","SBL Forgiveness AlreadySubmitted","false","false","true","23437272756457","","","",""
"a0sWD00000XpeuHYAR","005al00000RVcKvAAL","false","SalaryAndEE","false","false","true","234678326473612","","","",""
"a0sWD00000XpbCoYAJ","005al00000RVcKvAAL","false","Loan Team Member Information","false","false","true","234892783649823492","","","",""
"a0sWD00000XpeuIYAR","005al00000RVcKvAAL","false","Approval Details","false","false","true","23611640791247590","","","",""
"a0sWD00000XpbCpYAJ","005al00000RVcKvAAL","false","Underwriting Details1","false","false","true","23681602764631366","","","",""
"a0sWD00000XpeuJYAR","005al00000RVcKvAAL","false","Enhanced Fees Management","false","false","true","23851640791247588","","","",""
"a0sWD00000XpeuKYAR","005al00000RVcKvAAL","false","Referral","false","false","true","23c4c0ca-42a0-ab98","","","",""
"a0sWD00000XpeuLYAR","005al00000RVcKvAAL","false","FI Details","false","false","true","24151fagafqf234324f","","","",""
"a0sWD00000XpeuMYAR","005al00000RVcKvAAL","false","Third Party Reports","false","false","true","24731585311469497","","","",""
"a0sWD00000XpbMvYAJ","005al00000RVcKvAAL","false","Rate & Payment Structure","false","false","true","24751619447514588","","","",""
"a0sWD00000XpeuNYAR","005al00000RVcKvAAL","false","Daily Limit Change","false","false","true","25081576590189623","","","",""
"a0sWD00000XpUSeYAN","005al00000RVcKvAAL","false","Risk Rating","false","false","true","25211620937671559","","","",""
"a0sWD00000XpbCqYAJ","005al00000RVcKvAAL","false","Qualification","false","false","true","25271585311469511","","","",""
"a0sWD00000XpfVFYAZ","005al00000RVcKvAAL","false","Balance Details Booked","false","false","true","25741585604340854","","","",""
"a0sWD00000XpbLUYAZ","005al00000RVcKvAAL","false","Enhanced Fees Management","false","false","true","25961619447514580","","","",""
"a0sWD00000XpeuOYAR","005al00000RVcKvAAL","false","Associated Accounts","false","false","true","26151575852542362","","","",""
"a0sWD00000XpeuPYAR","005al00000RVcKvAAL","false","Lockbox - Delete","false","false","true","262342342","","","",""
"a0sWD00000XpfU4YAJ","005al00000RVcKvAAL","false","SBA Form G845","false","false","true","265D2506221E427DBF4D423B5F523E6F","","","",""
"a0sWD00000XpbCrYAJ","005al00000RVcKvAAL","false","Other Expenses","false","false","true","26701666029074783","","","",""
"a0sWD00000XpbCsYAJ","005al00000RVcKvAAL","false","Approved Details","false","false","true","26911585311469497","","","",""
"a0sWD00000XpeuQYAR","005al00000RVcKvAAL","false","SBA PPP Boarding Sheet","false","false","true","26919292311469497","","","",""
"a0sWD00000XpeuRYAR","005al00000RVcKvAAL","false","PPP E-Consent","false","false","true","2726677386872","","","",""
"a0sWD00000XpbLVYAZ","005al00000RVcKvAAL","false","Guarantor Details","false","false","true","27381619447514539","","","",""
"a0sWD00000XpbN9YAJ","005al00000RVcKvAAL","false","Borrowing Structure Information","false","false","true","27381619447514580","","","",""
"a0sWD00000XpeuSYAR","005al00000RVcKvAAL","false","RL Personal","false","false","true","27521602078251383","","","",""
"a0sWD00000XpeuTYAR","005al00000RVcKvAAL","false","Associated Accounts","false","false","true","27711575853422664","","","",""
"a0sWD00000XpbLRYAZ","005al00000RVcKvAAL","false","Collateral2","false","false","true","27781619447514580","","","",""
"a0sWD00000XpeuUYAR","005al00000RVcKvAAL","false","SBL Forgiveness 3rd Party Payroll","false","false","true","27936487326233","","","",""
"a0sWD00000XpeuVYAR","005al00000RVcKvAAL","false","Onboarding","false","false","true","28341576590189623","","","",""
"a0sWD00000XpbMuYAJ","005al00000RVcKvAAL","false","Loan Details","false","false","true","28631620937671566","","","",""
"a0sWD00000XpbMfYAJ","005al00000RVcKvAAL","false","Enhanced Fees Management","false","false","true","28731620937671557","","","",""
"a0sWD00000XpbM1YAJ","005al00000RVcKvAAL","false","Loan Team Member Information","false","false","true","28761585604340855","","","",""
"a0sWD00000XpeuWYAR","005al00000RVcKvAAL","false","HMDA","false","false","true","28861592857387270","","","",""
"a0sWD00000XpeuXYAR","005al00000RVcKvAAL","false","Risk Rating Reviews","false","false","true","28c6e52c-e467-bb64","","","",""
"a0sWD00000XpbCtYAJ","005al00000RVcKvAAL","false","Enhanced Fees Management","false","false","true","29231663700624862","","","",""
"a0sWD00000XpUSfYAN","005al00000RVcKvAAL","false","Approved Details","false","false","true","29281620937671561","","","",""
"a0sWD00000XpeuYYAR","005al00000RVcKvAAL","false","Team Members","false","false","true","29531585311469496","","","",""
"a0sWD00000XpbMsYAJ","005al00000RVcKvAAL","false","Manage Budget Screen","false","false","true","29611620937671565","","","",""
"a0sWD00000XpeuZYAR","005al00000RVcKvAAL","false","Product Summary","false","false","true","29aaf9c4-0df0-0ab2","","","",""
"a0sWD00000XpeuaYAB","005al00000RVcKvAAL","false","Collateral Details","false","false","true","29b0a324-01f5-44ce","","","",""
"a0sWD00000XpfU5YAJ","005al00000RVcKvAAL","false","Change of Ownership","false","false","true","2B240A363B534000936F77304B595D4C","","","",""
"a0sWD00000XpbEmYAJ","005al00000RVcKvAAL","false","Third Party Management","false","false","true","2B2B014A53134A11A2713C6F251A0767","","","",""
"a0sWD00000XpeubYAB","005al00000RVcKvAAL","false","Key Dates - Editable","false","false","true","2b5865ca-b4e7-33f5","","","",""
"a0sWD00000XpeucYAB","005al00000RVcKvAAL","false","HMDA Screen 1","false","false","true","2ce6cdaf-5e0f-e35c","","","",""
"a0sWD00000XpeudYAB","005al00000RVcKvAAL","false","Participation","false","false","true","30341585311469492","","","",""
"a0sWD00000XpbLOYAZ","005al00000RVcKvAAL","false","Editable Fields","false","false","true","30481620937671566","","","",""
"a0sWD00000XpeueYAB","005al00000RVcKvAAL","false","Annual Review","false","false","true","30631576256669878","","","",""
"a0sWD00000XpbCuYAJ","005al00000RVcKvAAL","false","Underwriting Details1","false","false","true","31001663700624862","","","",""
"a0sWD00000XpbMxYAJ","005al00000RVcKvAAL","false","Balance Details","false","false","true","31161620937671562","","","",""
"a0sWD00000XpeufYAB","005al00000RVcKvAAL","false","Borrowing Structure Information","false","false","true","31301575395465123","","","",""
"a0sWD00000XpbMtYAJ","005al00000RVcKvAAL","false","Collateral2","false","false","true","31331620937671558","","","",""
"a0sWD00000XpeugYAB","005al00000RVcKvAAL","false","Collateral","false","false","true","313cf497-2591-b6c8","","","",""
"a0sWD00000XpUSgYAN","005al00000RVcKvAAL","false","Pricing Approved","false","false","true","31801620937671562","","","",""
"a0sWD00000XpeuhYAB","005al00000RVcKvAAL","false","Collateral12","false","false","true","32281560278867072","","","",""
"a0sWD00000XpUShYAN","005al00000RVcKvAAL","false","Collateral2","false","false","true","32281560278867079","","","",""
"a0sWD00000XpeuiYAB","005al00000RVcKvAAL","false","Collateral Ownership","false","false","true","323b016f-7767-3444-978c-ebdf0f04743c","","","",""
"a0sWD00000XpeujYAB","005al00000RVcKvAAL","false","Forgiveness Details","false","false","true","32452345182672","","","",""
"a0sWD00000XpeukYAB","005al00000RVcKvAAL","false","Loan Details","false","false","true","3245234532543","","","",""
"a0sWD00000XpeulYAB","005al00000RVcKvAAL","false","3rd Party Payroll Details","false","false","true","32459393875182672","","","",""
"a0sWD00000XpbCvYAJ","005al00000RVcKvAAL","false","Third Party Management","false","false","true","32571600720267875","","","",""
"a0sWD00000XpeumYAB","005al00000RVcKvAAL","false","EligibleForEZForm","false","false","true","327636276376323423","","","",""
"a0sWD00000XpeunYAB","005al00000RVcKvAAL","false","ReviewSubmitDeposit","false","false","false","32784779_5423_4348_B702_0A3978035931","","","",""
"a0sWD00000XpeuoYAB","005al00000RVcKvAAL","false","Missing Loan Funding Date","false","false","true","3314456450073716","","","",""
"a0sWD00000XpeupYAB","005al00000RVcKvAAL","false","Daily Limit Change","false","false","true","33171575852928002","","","",""
"a0sWD00000XpfU6YAJ","005al00000RVcKvAAL","false","SBA Form 1846","false","false","true","33197369583A441BB53C07554364354C","","","",""
"a0sWD00000XpeuqYAB","005al00000RVcKvAAL","false","Internal 3508EZ Data Entry","false","false","true","3332309320340832123","","","",""
"a0sWD00000XpeurYAB","005al00000RVcKvAAL","false","Onboarding","false","false","true","33331576590282640","","","",""
"a0sWD00000XpbEnYAJ","005al00000RVcKvAAL","false","Conditions","false","false","true","33335F031F73425B8B70461F365F7510","","","",""
"a0sWD00000XpbCwYAJ","005al00000RVcKvAAL","false","Enhanced Fees Management","false","false","true","33561585311469493","","","",""
"a0sWD00000XpUSiYAN","005al00000RVcKvAAL","false","CRA Screen","false","false","true","33681620937671563","","","",""
"a0sWD00000XpbLYYAZ","005al00000RVcKvAAL","false","Certifications","false","false","true","33961619447514579","","","",""
"a0sWD00000XpeusYAB","005al00000RVcKvAAL","false","3508 Review - Approved in Full","false","false","true","341535406464","","","",""
"a0sWD00000XpbLBYAZ","005al00000RVcKvAAL","false","Approved Details","false","false","true","34361585604340855","","","",""
"a0sWD00000XpUSjYAN","005al00000RVcKvAAL","false","SBA Boarding Sheet","false","false","true","345356742222","","","",""
"a0sWD00000XpUSkYAN","005al00000RVcKvAAL","false","Snapshot Loan","false","false","true","345356746789","","","",""
"a0sWD00000XpeutYAB","005al00000RVcKvAAL","false","Deposits - PP","false","false","true","345435435435354","","","",""
"a0sWD00000XpeuuYAB","005al00000RVcKvAAL","false","SBL OA Real Estate Screen","false","false","true","3456789643451","","","",""
"a0sWD00000XpeuvYAB","005al00000RVcKvAAL","false","Loan Products","false","false","true","34920b9d-ea65-2247","","","",""
"a0sWD00000XpeuwYAB","005al00000RVcKvAAL","false","Third Party Reports","false","false","true","34971578346510228","","","",""
"a0sWD00000XpeuxYAB","005al00000RVcKvAAL","false","Adverse Actions/Counter Offers","false","false","true","35151640791247591","","","",""
"a0sWD00000XpeuyYAB","005al00000RVcKvAAL","false","SBA Form 1920","false","false","true","3566b38d-396d-d17b","","","",""
"a0sWD00000XpeuzYAB","005al00000RVcKvAAL","false","Loan Information","false","false","true","358bd0df-ab28-202e","","","",""
"a0sWD00000XpbCxYAJ","005al00000RVcKvAAL","false","Pricing Required Fields","false","false","true","36601585311469494","","","",""
"a0sWD00000XpbLcYAJ","005al00000RVcKvAAL","false","Fees Approved","false","false","true","36611619447514582","","","",""
"a0sWD00000Xpev0YAB","005al00000RVcKvAAL","false","Onboarding","false","false","true","36631575852841140","","","",""
"a0sWD00000Xpev1YAB","005al00000RVcKvAAL","false","Memos Booked","false","false","true","36761575395465128","","","",""
"a0sWD00000XpbEMYAZ","005al00000RVcKvAAL","false","Deposit Details","false","true","true","36861701790670787","","","",""
"a0sWD00000Xpev2YAB","005al00000RVcKvAAL","false","Third Party Management","false","false","true","36931592857387269","","","",""
"a0sWD00000XpbCyYAJ","005al00000RVcKvAAL","false","Approval Details","false","false","true","37541602764631367","","","",""
"a0sWD00000Xpev3YAB","005al00000RVcKvAAL","false","Estimated Forgiveness Calculation","false","false","true","376836767836876383","","","",""
"a0sWD00000Xpev4YAB","005al00000RVcKvAAL","false","Credit Authorization/Joint Intent","false","false","true","37941640791247589","","","",""
"a0sWD00000XpbN2YAJ","005al00000RVcKvAAL","false","Pricing Approved","false","false","true","38031619447514583","","","",""
"a0sWD00000XpfVDYAZ","005al00000RVcKvAAL","false","Supplementary Details","false","false","true","38211585604340854","","","",""
"a0sWD00000XpeoQYAR","005al00000RVcKvAAL","false","Loan Dashboard Summary Screen","false","false","true","38371575395465127","","","",""
"a0sWD00000XpfU7YAJ","005al00000RVcKvAAL","false","Participation","false","false","true","3856440D07374A1B8B64050B5C212D17","","","",""
"a0sWD00000XpfU8YAJ","005al00000RVcKvAAL","false","Syndications Summary","false","false","true","386266097D5E4377A54B195E220C696B","","","",""
"a0sWD00000XpbCzYAJ","005al00000RVcKvAAL","false","Loan Team","false","false","true","39231663700624864","","","",""
"a0sWD00000Xpev5YAB","005al00000RVcKvAAL","false","Collateral Summary","false","false","true","39781640791247588","","","",""
"a0sWD00000XpfU9YAJ","005al00000RVcKvAAL","false","SBA Form 1919","false","false","true","3E13694E47384848B6583E1355795770","","","",""
"a0sWD00000Xpev6YAB","005al00000RVcKvAAL","false","Relationships","false","false","true","3b8af1ef-d0f0-bb2a","","","",""
"a0sWD00000XpeoRYAR","005al00000RVcKvAAL","false","Loan Dashboard Summary Screen","false","false","true","3d0ad6fb-fafa-b81e","","","",""
"a0sWD00000Xpev7YAB","005al00000RVcKvAAL","false","SBA Form 1920","false","false","true","3de424d6-f169-972f","","","",""
"a0sWD00000Xpev8YAB","005al00000RVcKvAAL","false","Balance Details","false","false","true","3f9be5c2-6a14-7fc2","","","",""
"a0sWD00000cHTm6YAG","005al00000RVcKvAAL","false","nFORCE  Screen Record 001","false","false","false","3p0a4tc0097i3936814053u68d","","","",""
"a0sWD00000Xpev9YAB","005al00000RVcKvAAL","false","Entity Compliance Screen Update","false","false","true","4.23592E+16","","","",""
"a0sWD00000XpevAYAR","005al00000RVcKvAAL","false","Loan Compliance Screen Update","false","false","true","4.23663E+16","","","",""
"a0sWD00000XpevBYAR","005al00000RVcKvAAL","false","Loan Compliance Screen Update","false","false","true","4.28328E+16","","","",""
"a0sWD00000XpevCYAR","005al00000RVcKvAAL","false","UpsertAdded","false","false","true","4.29528E+16","","","",""
"a0sWD00000XpeoSYAR","005al00000RVcKvAAL","false","Loan Dashboard Summary Screen","false","false","true","40201585311469499","","","",""
"a0sWD00000XpbD0YAJ","005al00000RVcKvAAL","false","Credit Underwriting","false","false","true","40241585311469512","","","",""
"a0sWD00000XpUSlYAN","005al00000RVcKvAAL","false","Collateral Value","false","false","true","40481585604340855","","","",""
"a0sWD00000XpevDYAR","005al00000RVcKvAAL","false","Daily Limit Change","false","false","true","40501576590314132","","","",""
"a0sWD00000XpbMjYAJ","005al00000RVcKvAAL","false","Loan Team Member Information","false","false","true","40541619447514584","","","",""
"a0sWD00000XpevEYAR","005al00000RVcKvAAL","false","Third Party Reports","false","false","true","40551575395465124","","","",""
"a0sWD00000XpUSmYAN","005al00000RVcKvAAL","false","Entity Compliance Screen","false","false","true","40861620937671564","","","",""
"a0sWD00000XpevFYAR","005al00000RVcKvAAL","false","Primary Account","false","false","true","40e6204a-386e-0c14","","","",""
"a0sWD00000XpbD1YAJ","005al00000RVcKvAAL","false","Rental Expense- Other involved","false","false","true","41021666029074781","","","",""
"a0sWD00000XpevGYAR","005al00000RVcKvAAL","false","Schedule A1","false","false","true","41087389123123121312","","","",""
"a0sWD00000XpbEoYAJ","005al00000RVcKvAAL","false","CRA Screen","false","false","true","412D2B681C6243529E4340516F3F7825","","","",""
"a0sWD00000XpevHYAR","005al00000RVcKvAAL","false","Daily Limit Change","false","false","true","41481576590651269","","","",""
"a0sWD00000XpbLPYAZ","005al00000RVcKvAAL","false","Booked Information","false","false","true","41591620937671563","","","",""
"a0sWD00000XpevIYAR","005al00000RVcKvAAL","false","Loan Details","false","false","true","41901585311469500","","","",""
"a0sWD00000XpevJYAR","005al00000RVcKvAAL","false","Previous SBA Loan","false","false","true","42001515523718673","","","",""
"a0sWD00000XpfWFYAZ","005al00000RVcKvAAL","false","Credit Actions New Package Details","false","false","true","42002221478896859","","","",""
"a0sWD00000XpevKYAR","005al00000RVcKvAAL","false","DAO In-Branch - Ancillary Services Information","false","false","true","42003474925522009","","","",""
"a0sWD00000XpevLYAR","005al00000RVcKvAAL","false","Supplementary Details","false","false","true","42004473309976327","","","",""
"a0sWD00000XpevMYAR","005al00000RVcKvAAL","false","Commercial Full Analysis","false","false","true","42007276706229134","","","",""
"a0sWD00000XpevNYAR","005al00000RVcKvAAL","false","Fees Approved","false","false","true","42007918149480623","","","",""
"a0sWD00000XpeoTYAR","005al00000RVcKvAAL","false","Product Package Credit Memo","false","false","true","42008465323753156","","","",""
"a0sWD00000XpbEpYAJ","005al00000RVcKvAAL","false","Insurance","false","false","true","42008723198858603","","","",""
"a0sWD00000XpUSnYAN","005al00000RVcKvAAL","false","Available Screen Sections","false","false","true","42009136159900160","","","",""
"a0sWD00000XpbD2YAJ","005al00000RVcKvAAL","false","Application Details - Locked","false","false","true","42011209839901498","","","",""
"a0sWD00000XpevOYAR","005al00000RVcKvAAL","false","SMB Short Form","false","false","true","42012044800860042","","","",""
"a0sWD00000XpRHqYAN","005al00000RVcKvAAL","false","Collateral-Possessory-Note/Instrument","false","false","true","42012862423685131","","","",""
"a0sWD00000XpevPYAR","005al00000RVcKvAAL","false","Third Party Reports","false","false","true","42014721022732437","","","",""
"a0sWD00000XpeoUYAR","005al00000RVcKvAAL","false","Loan Credit Memo","true","false","true","42014977087160180","","","",""
"a0sWD00000XpevQYAR","005al00000RVcKvAAL","false","Available One to Many Screen Sections","false","false","true","420191492117209921","","","",""
"a0sWD00000XpevRYAR","005al00000RVcKvAAL","false","Available One to Many Screen Sections","false","false","true","420191492117209923","","","",""
"a0sWD00000XpevSYAR","005al00000RVcKvAAL","false","Available One to Many Screen Sections","false","false","true","420191492117209925","","","",""
"a0sWD00000XpeoVYAR","005al00000RVcKvAAL","false","Small Business Credit Memo","true","false","true","42020229641177386","","","",""
"a0sWD00000XpevTYAR","005al00000RVcKvAAL","false","Certifications","false","false","true","42020584046944529","","","",""
"a0sWD00000XpbD3YAJ","005al00000RVcKvAAL","false","Booked Details","false","false","true","42020825732519942","","","",""
"a0sWD00000XpUSoYAN","005al00000RVcKvAAL","false","Available One to Many Screen Sections","false","false","true","420215528831872771","","","",""
"a0sWD00000XpUSpYAN","005al00000RVcKvAAL","false","Available One to Many Screen Sections","false","false","true","42021552883187277101","","","",""
"a0sWD00000XpUSqYAN","005al00000RVcKvAAL","false","Available One to Many Screen Sections","false","false","true","42021552883187277103","","","",""
"a0sWD00000XpUSrYAN","005al00000RVcKvAAL","false","Available One to Many Screen Sections","false","false","true","42021552883187277105","","","",""
"a0sWD00000XpUSsYAN","005al00000RVcKvAAL","false","Available One to Many Screen Sections","false","false","true","42021552883187277107","","","",""
"a0sWD00000XpUStYAN","005al00000RVcKvAAL","false","Available One to Many Screen Sections","false","false","true","42021552883187277109","","","",""
"a0sWD00000XpUSuYAN","005al00000RVcKvAAL","false","Available One to Many Screen Sections","false","false","true","4202155288318727711","","","",""
"a0sWD00000XpUSvYAN","005al00000RVcKvAAL","false","Available One to Many Screen Sections","false","false","true","42021552883187277111","","","",""
"a0sWD00000XpUSwYAN","005al00000RVcKvAAL","false","Available One to Many Screen Sections","false","false","true","42021552883187277113","","","",""
"a0sWD00000XpUSxYAN","005al00000RVcKvAAL","false","Available One to Many Screen Sections","false","false","true","42021552883187277115","","","",""
"a0sWD00000XpUSyYAN","005al00000RVcKvAAL","false","Available One to Many Screen Sections","false","false","true","42021552883187277117","","","",""
"a0sWD00000XpUSzYAN","005al00000RVcKvAAL","false","Available One to Many Screen Sections","false","false","true","42021552883187277119","","","",""
"a0sWD00000XpUT0YAN","005al00000RVcKvAAL","false","Available One to Many Screen Sections","false","false","true","42021552883187277121","","","",""
"a0sWD00000XpUT1YAN","005al00000RVcKvAAL","false","Available One to Many Screen Sections","false","false","true","42021552883187277123","","","",""
"a0sWD00000XpUT2YAN","005al00000RVcKvAAL","false","Available One to Many Screen Sections","false","false","true","42021552883187277125","","","",""
"a0sWD00000XpUT3YAN","005al00000RVcKvAAL","false","Available One to Many Screen Sections","false","false","true","42021552883187277127","","","",""
"a0sWD00000XpUT4YAN","005al00000RVcKvAAL","false","Available One to Many Screen Sections","false","false","true","42021552883187277129","","","",""
"a0sWD00000XpUT5YAN","005al00000RVcKvAAL","false","Available One to Many Screen Sections","false","false","true","4202155288318727713","","","",""
"a0sWD00000XpUT6YAN","005al00000RVcKvAAL","false","Available One to Many Screen Sections","false","false","true","42021552883187277131","","","",""
"a0sWD00000XpUT7YAN","005al00000RVcKvAAL","false","Available One to Many Screen Sections","false","false","true","42021552883187277133","","","",""
"a0sWD00000XpUT8YAN","005al00000RVcKvAAL","false","Available One to Many Screen Sections","false","false","true","42021552883187277135","","","",""
"a0sWD00000XpUT9YAN","005al00000RVcKvAAL","false","Available One to Many Screen Sections","false","false","true","42021552883187277137","","","",""
"a0sWD00000XpUTAYA3","005al00000RVcKvAAL","false","Available One to Many Screen Sections","false","false","true","42021552883187277139","","","",""
"a0sWD00000XpUTBYA3","005al00000RVcKvAAL","false","Available One to Many Screen Sections","false","false","true","42021552883187277141","","","",""
"a0sWD00000XpUTCYA3","005al00000RVcKvAAL","false","Available One to Many Screen Sections","false","false","true","42021552883187277143","","","",""
"a0sWD00000XpUTDYA3","005al00000RVcKvAAL","false","Available One to Many Screen Sections","false","false","true","42021552883187277145","","","",""
"a0sWD00000XpUTEYA3","005al00000RVcKvAAL","false","Available One to Many Screen Sections","false","false","true","42021552883187277147","","","",""
"a0sWD00000XpUTFYA3","005al00000RVcKvAAL","false","Available One to Many Screen Sections","false","false","true","42021552883187277149","","","",""
"a0sWD00000XpUTGYA3","005al00000RVcKvAAL","false","Available One to Many Screen Sections","false","false","true","4202155288318727715","","","",""
"a0sWD00000XpUTHYA3","005al00000RVcKvAAL","false","Available One to Many Screen Sections","false","false","true","42021552883187277151","","","",""
"a0sWD00000XpUTIYA3","005al00000RVcKvAAL","false","Available One to Many Screen Sections","false","false","true","42021552883187277153","","","",""
"a0sWD00000XpUTJYA3","005al00000RVcKvAAL","false","Available One to Many Screen Sections","false","false","true","42021552883187277155","","","",""
"a0sWD00000XpUTKYA3","005al00000RVcKvAAL","false","Available One to Many Screen Sections","false","false","true","42021552883187277157","","","",""
"a0sWD00000XpUTLYA3","005al00000RVcKvAAL","false","Available One to Many Screen Sections","false","false","true","42021552883187277159","","","",""
"a0sWD00000XpUTMYA3","005al00000RVcKvAAL","false","Available One to Many Screen Sections","false","false","true","42021552883187277161","","","",""
"a0sWD00000XpUTNYA3","005al00000RVcKvAAL","false","Available One to Many Screen Sections","false","false","true","42021552883187277163","","","",""
"a0sWD00000XpUTOYA3","005al00000RVcKvAAL","false","Available One to Many Screen Sections","false","false","true","42021552883187277165","","","",""
"a0sWD00000XpUTPYA3","005al00000RVcKvAAL","false","Available One to Many Screen Sections","false","false","true","42021552883187277167","","","",""
"a0sWD00000XpUTQYA3","005al00000RVcKvAAL","false","Available One to Many Screen Sections","false","false","true","42021552883187277169","","","",""
"a0sWD00000XpUTRYA3","005al00000RVcKvAAL","false","Available One to Many Screen Sections","false","false","true","4202155288318727717","","","",""
"a0sWD00000XpUTSYA3","005al00000RVcKvAAL","false","Available One to Many Screen Sections","false","false","true","42021552883187277171","","","",""
"a0sWD00000XpUTTYA3","005al00000RVcKvAAL","false","Available One to Many Screen Sections","false","false","true","42021552883187277173","","","",""
"a0sWD00000XpUTUYA3","005al00000RVcKvAAL","false","Available One to Many Screen Sections","false","false","true","42021552883187277175","","","",""
"a0sWD00000XpUTVYA3","005al00000RVcKvAAL","false","Available One to Many Screen Sections","false","false","true","42021552883187277177","","","",""
"a0sWD00000XpUTWYA3","005al00000RVcKvAAL","false","Available One to Many Screen Sections","false","false","true","42021552883187277179","","","",""
"a0sWD00000XpUTXYA3","005al00000RVcKvAAL","false","Available One to Many Screen Sections","false","false","true","42021552883187277181","","","",""
"a0sWD00000XpUTYYA3","005al00000RVcKvAAL","false","Available One to Many Screen Sections","false","false","true","42021552883187277183","","","",""
"a0sWD00000XpUTZYA3","005al00000RVcKvAAL","false","Available One to Many Screen Sections","false","false","true","42021552883187277185","","","",""
"a0sWD00000XpUTaYAN","005al00000RVcKvAAL","false","Available One to Many Screen Sections","false","false","true","42021552883187277187","","","",""
"a0sWD00000XpUTbYAN","005al00000RVcKvAAL","false","Available One to Many Screen Sections","false","false","true","42021552883187277189","","","",""
"a0sWD00000XpUTcYAN","005al00000RVcKvAAL","false","Available One to Many Screen Sections","false","false","true","4202155288318727719","","","",""
"a0sWD00000XpUTdYAN","005al00000RVcKvAAL","false","Available One to Many Screen Sections","false","false","true","42021552883187277191","","","",""
"a0sWD00000XpUTeYAN","005al00000RVcKvAAL","false","Available One to Many Screen Sections","false","false","true","42021552883187277193","","","",""
"a0sWD00000XpUTfYAN","005al00000RVcKvAAL","false","Available One to Many Screen Sections","false","false","true","42021552883187277195","","","",""
"a0sWD00000XpUTgYAN","005al00000RVcKvAAL","false","Available One to Many Screen Sections","false","false","true","42021552883187277197","","","",""
"a0sWD00000XpUThYAN","005al00000RVcKvAAL","false","Available One to Many Screen Sections","false","false","true","42021552883187277199","","","",""
"a0sWD00000XpUTiYAN","005al00000RVcKvAAL","false","Available One to Many Screen Sections","false","false","true","42021552883187277201","","","",""
"a0sWD00000XpUTjYAN","005al00000RVcKvAAL","false","Available One to Many Screen Sections","false","false","true","42021552883187277203","","","",""
"a0sWD00000XpUTkYAN","005al00000RVcKvAAL","false","Available One to Many Screen Sections","false","false","true","42021552883187277205","","","",""
"a0sWD00000XpUTlYAN","005al00000RVcKvAAL","false","Available One to Many Screen Sections","false","false","true","42021552883187277207","","","",""
"a0sWD00000XpUTmYAN","005al00000RVcKvAAL","false","Available One to Many Screen Sections","false","false","true","42021552883187277209","","","",""
"a0sWD00000XpUTnYAN","005al00000RVcKvAAL","false","Available One to Many Screen Sections","false","false","true","4202155288318727721","","","",""
"a0sWD00000XpUToYAN","005al00000RVcKvAAL","false","Available One to Many Screen Sections","false","false","true","42021552883187277211","","","",""
"a0sWD00000XpUTpYAN","005al00000RVcKvAAL","false","Available One to Many Screen Sections","false","false","true","42021552883187277213","","","",""
"a0sWD00000XpUTqYAN","005al00000RVcKvAAL","false","Available One to Many Screen Sections","false","false","true","42021552883187277215","","","",""
"a0sWD00000XpUTrYAN","005al00000RVcKvAAL","false","Available One to Many Screen Sections","false","false","true","42021552883187277217","","","",""
"a0sWD00000XpUTsYAN","005al00000RVcKvAAL","false","Available One to Many Screen Sections","false","false","true","42021552883187277219","","","",""
"a0sWD00000XpUTtYAN","005al00000RVcKvAAL","false","Available One to Many Screen Sections","false","false","true","42021552883187277221","","","",""
"a0sWD00000XpUTuYAN","005al00000RVcKvAAL","false","Available One to Many Screen Sections","false","false","true","42021552883187277223","","","",""
"a0sWD00000XpUTvYAN","005al00000RVcKvAAL","false","Available One to Many Screen Sections","false","false","true","42021552883187277225","","","",""
"a0sWD00000XpUTwYAN","005al00000RVcKvAAL","false","Available One to Many Screen Sections","false","false","true","42021552883187277227","","","",""
"a0sWD00000XpUTxYAN","005al00000RVcKvAAL","false","Available One to Many Screen Sections","false","false","true","42021552883187277229","","","",""
"a0sWD00000XpUTyYAN","005al00000RVcKvAAL","false","Available One to Many Screen Sections","false","false","true","4202155288318727723","","","",""
"a0sWD00000XpUTzYAN","005al00000RVcKvAAL","false","Available One to Many Screen Sections","false","false","true","42021552883187277231","","","",""
"a0sWD00000XpUU0YAN","005al00000RVcKvAAL","false","Available One to Many Screen Sections","false","false","true","42021552883187277233","","","",""
"a0sWD00000XpUU1YAN","005al00000RVcKvAAL","false","Available One to Many Screen Sections","false","false","true","42021552883187277235","","","",""
"a0sWD00000XpUU2YAN","005al00000RVcKvAAL","false","Available One to Many Screen Sections","false","false","true","42021552883187277237","","","",""
"a0sWD00000XpUU3YAN","005al00000RVcKvAAL","false","Available One to Many Screen Sections","false","false","true","42021552883187277239","","","",""
"a0sWD00000XpUU4YAN","005al00000RVcKvAAL","false","Available One to Many Screen Sections","false","false","true","42021552883187277241","","","",""
"a0sWD00000Xpb5lYAB","005al00000RVcKvAAL","false","Available One to Many Screen Sections","false","false","true","42021552883187277243","","","",""
"a0sWD00000Xpb5mYAB","005al00000RVcKvAAL","false","Available One to Many Screen Sections","false","false","true","42021552883187277245","","","",""
"a0sWD00000Xpb5nYAB","005al00000RVcKvAAL","false","Available One to Many Screen Sections","false","false","true","42021552883187277247","","","",""
"a0sWD00000Xpb5oYAB","005al00000RVcKvAAL","false","Available One to Many Screen Sections","false","false","true","4202155288318727725","","","",""
"a0sWD00000Xpb5pYAB","005al00000RVcKvAAL","false","Available One to Many Screen Sections","false","false","true","4202155288318727727","","","",""
"a0sWD00000Xpb5qYAB","005al00000RVcKvAAL","false","Available One to Many Screen Sections","false","false","true","4202155288318727729","","","",""
"a0sWD00000Xpb5rYAB","005al00000RVcKvAAL","false","Available One to Many Screen Sections","false","false","true","420215528831872773","","","",""
"a0sWD00000Xpb5sYAB","005al00000RVcKvAAL","false","Available One to Many Screen Sections","false","false","true","4202155288318727731","","","",""
"a0sWD00000Xpb5tYAB","005al00000RVcKvAAL","false","Available One to Many Screen Sections","false","false","true","4202155288318727733","","","",""
"a0sWD00000Xpb5uYAB","005al00000RVcKvAAL","false","Available One to Many Screen Sections","false","false","true","4202155288318727735","","","",""
"a0sWD00000Xpb5vYAB","005al00000RVcKvAAL","false","Available One to Many Screen Sections","false","false","true","4202155288318727737","","","",""
"a0sWD00000Xpb5wYAB","005al00000RVcKvAAL","false","Available One to Many Screen Sections","false","false","true","4202155288318727739","","","",""
"a0sWD00000Xpb5xYAB","005al00000RVcKvAAL","false","Available One to Many Screen Sections","false","false","true","4202155288318727741","","","",""
"a0sWD00000Xpb5yYAB","005al00000RVcKvAAL","false","Available One to Many Screen Sections","false","false","true","4202155288318727743","","","",""
"a0sWD00000Xpb5zYAB","005al00000RVcKvAAL","false","Available One to Many Screen Sections","false","false","true","4202155288318727745","","","",""
"a0sWD00000Xpb60YAB","005al00000RVcKvAAL","false","Available One to Many Screen Sections","false","false","true","4202155288318727747","","","",""
"a0sWD00000Xpb61YAB","005al00000RVcKvAAL","false","Available One to Many Screen Sections","false","false","true","4202155288318727749","","","",""
"a0sWD00000Xpb62YAB","005al00000RVcKvAAL","false","Available One to Many Screen Sections","false","false","true","420215528831872775","","","",""
"a0sWD00000Xpb63YAB","005al00000RVcKvAAL","false","Available One to Many Screen Sections","false","false","true","4202155288318727751","","","",""
"a0sWD00000Xpb64YAB","005al00000RVcKvAAL","false","Available One to Many Screen Sections","false","false","true","4202155288318727753","","","",""
"a0sWD00000Xpb65YAB","005al00000RVcKvAAL","false","Available One to Many Screen Sections","false","false","true","4202155288318727755","","","",""
"a0sWD00000Xpb66YAB","005al00000RVcKvAAL","false","Available One to Many Screen Sections","false","false","true","4202155288318727757","","","",""
"a0sWD00000Xpb67YAB","005al00000RVcKvAAL","false","Available One to Many Screen Sections","false","false","true","4202155288318727759","","","",""
"a0sWD00000Xpb68YAB","005al00000RVcKvAAL","false","Available One to Many Screen Sections","false","false","true","4202155288318727761","","","",""
"a0sWD00000Xpb69YAB","005al00000RVcKvAAL","false","Available One to Many Screen Sections","false","false","true","4202155288318727763","","","",""
"a0sWD00000Xpb6AYAR","005al00000RVcKvAAL","false","Available One to Many Screen Sections","false","false","true","4202155288318727765","","","",""
"a0sWD00000Xpb6BYAR","005al00000RVcKvAAL","false","Available One to Many Screen Sections","false","false","true","4202155288318727767","","","",""
"a0sWD00000Xpb6CYAR","005al00000RVcKvAAL","false","Available One to Many Screen Sections","false","false","true","4202155288318727769","","","",""
"a0sWD00000Xpb6DYAR","005al00000RVcKvAAL","false","Available One to Many Screen Sections","false","false","true","420215528831872777","","","",""
"a0sWD00000Xpb6EYAR","005al00000RVcKvAAL","false","Available One to Many Screen Sections","false","false","true","4202155288318727771","","","",""
"a0sWD00000Xpb6FYAR","005al00000RVcKvAAL","false","Available One to Many Screen Sections","false","false","true","4202155288318727773","","","",""
"a0sWD00000Xpb6GYAR","005al00000RVcKvAAL","false","Available One to Many Screen Sections","false","false","true","4202155288318727775","","","",""
"a0sWD00000Xpb6HYAR","005al00000RVcKvAAL","false","Available One to Many Screen Sections","false","false","true","4202155288318727777","","","",""
"a0sWD00000Xpb6IYAR","005al00000RVcKvAAL","false","Available One to Many Screen Sections","false","false","true","4202155288318727779","","","",""
"a0sWD00000Xpb6JYAR","005al00000RVcKvAAL","false","Available One to Many Screen Sections","false","false","true","4202155288318727781","","","",""
"a0sWD00000Xpb6KYAR","005al00000RVcKvAAL","false","Available One to Many Screen Sections","false","false","true","4202155288318727783","","","",""
"a0sWD00000Xpb6LYAR","005al00000RVcKvAAL","false","Available One to Many Screen Sections","false","false","true","4202155288318727785","","","",""
"a0sWD00000Xpb6MYAR","005al00000RVcKvAAL","false","Available One to Many Screen Sections","false","false","true","4202155288318727787","","","",""
"a0sWD00000Xpb6NYAR","005al00000RVcKvAAL","false","Available One to Many Screen Sections","false","false","true","4202155288318727789","","","",""
"a0sWD00000Xpb6OYAR","005al00000RVcKvAAL","false","Available One to Many Screen Sections","false","false","true","420215528831872779","","","",""
"a0sWD00000Xpb6PYAR","005al00000RVcKvAAL","false","Available One to Many Screen Sections","false","false","true","4202155288318727791","","","",""
"a0sWD00000Xpb6QYAR","005al00000RVcKvAAL","false","Available One to Many Screen Sections","false","false","true","4202155288318727793","","","",""
"a0sWD00000Xpb6RYAR","005al00000RVcKvAAL","false","Available One to Many Screen Sections","false","false","true","4202155288318727795","","","",""
"a0sWD00000Xpb6SYAR","005al00000RVcKvAAL","false","Available One to Many Screen Sections","false","false","true","4202155288318727797","","","",""
"a0sWD00000Xpb6TYAR","005al00000RVcKvAAL","false","Available One to Many Screen Sections","false","false","true","4202155288318727799","","","",""
"a0sWD00000XpevUYAR","005al00000RVcKvAAL","false","Stage History","false","false","true","42022268089632204","","","",""
"a0sWD00000Xpb6UYAR","005al00000RVcKvAAL","false","Repayment Terms","false","false","true","42023099189094192","","","",""
"a0sWD00000XpeoWYAR","005al00000RVcKvAAL","false","Loan Dashboard Summary Screen","false","false","true","42023322917131947","","","",""
"a0sWD00000XpbNMYAZ","005al00000RVcKvAAL","false","Available Screen Sections","false","false","true","42026428621205577","","","",""
"a0sWD00000XpfWGYAZ","005al00000RVcKvAAL","false","Pricing Options","false","false","true","42027537690378711","","","",""
"a0sWD00000XpbEqYAJ","005al00000RVcKvAAL","false","Loan Information","false","false","true","42029594095017407","","","",""
"a0sWD00000XpbD4YAJ","005al00000RVcKvAAL","false","Application Details","false","false","true","42031262758117926","","","",""
"a0sWD00000XpevVYAR","005al00000RVcKvAAL","false","Booked Information","false","false","true","42031578646316167","","","",""
"a0sWD00000XpUSUYA3","005al00000RVcKvAAL","false","Loan Dashboard","false","false","true","42031994670948485","","","",""
"a0sWD00000XpevWYAR","005al00000RVcKvAAL","false","Conflict of Interest","false","false","true","42034560630580100","","","",""
"a0sWD00000Xpb6VYAR","005al00000RVcKvAAL","false","Available Screen Sections","false","false","true","42034902570450482","","","",""
"a0sWD00000XpevXYAR","005al00000RVcKvAAL","false","Use of Proceeds UI","false","false","true","42036205169430694","","","",""
"a0sWD00000cHTm7YAG","005al00000RVcKvAAL","false","nFORCE  Screen Record 008","false","true","true","42036267919732498","","","",""
"a0sWD00000Xpb6WYAR","005al00000RVcKvAAL","false","Previous SBA Loan","false","false","true","42036892505263950","","","",""
"a0sWD00000XpfSjYAJ","005al00000RVcKvAAL","false","25.1.0-Release","false","false","true","42037462444165235","","","",""
"a0sWD00000Xpb6XYAR","005al00000RVcKvAAL","false","Available Screen Sections","false","false","true","42038422667998275","","","",""
"a0sWD00000Xpb6YYAR","005al00000RVcKvAAL","false","Available Screen Sections","false","false","true","42039667039986909","","","",""
"a0sWD00000Xpb6ZYAR","005al00000RVcKvAAL","false","Change of Ownership","false","false","true","42039870745530943","","","",""
"a0sWD00000XpeoXYAR","005al00000RVcKvAAL","false","Loan Credit Memo","true","false","true","42040395056490268","","","",""
"a0sWD00000XpbErYAJ","005al00000RVcKvAAL","false","Acceptance","false","false","true","42040858041388069","","","",""
"a0sWD00000XpevYYAR","005al00000RVcKvAAL","false","Memos Booked","false","false","true","42042641771509138","","","",""
"a0sWD00000XpevZYAR","005al00000RVcKvAAL","false","Conflict of Interest","false","false","true","42044058814463469","","","",""
"a0sWD00000Xpb6aYAB","005al00000RVcKvAAL","false","Collateral","false","false","true","42044289409485998","","","",""
"a0sWD00000XpevaYAB","005al00000RVcKvAAL","false","Product Package Collateral2","false","false","true","42044357024341822","","","",""
"a0sWD00000Xpb6bYAB","005al00000RVcKvAAL","false","Available Screen Sections","false","false","true","42045171035964661","","","",""
"a0sWD00000XpevbYAB","005al00000RVcKvAAL","false","Commercial Full Analysis","false","false","true","42047899338919944","","","",""
"a0sWD00000XpeoYYAR","005al00000RVcKvAAL","false","Product Package Credit Memo","false","false","true","42048960562910203","","","",""
"a0sWD00000XpevcYAB","005al00000RVcKvAAL","false","insertNewJob02","false","false","true","42053241823756773","","","",""
"a0sWD00000XpevdYAB","005al00000RVcKvAAL","false","SBA Form 1920","false","false","true","42056203903032819","","","",""
"a0sWD00000XpeveYAB","005al00000RVcKvAAL","false","Credit Actions New Package Details","false","false","true","42057454234159149","","","",""
"a0sWD00000XpbLsYAJ","005al00000RVcKvAAL","false","Loan Details","false","false","true","42057670424928900","","","",""
"a0sWD00000XpbD5YAJ","005al00000RVcKvAAL","false","Add Others Involved MRF","false","false","true","42057741056995051","","","",""
"a0sWD00000XpbKQYAZ","005al00000RVcKvAAL","false","Pricing Approved","false","false","true","42057912696598906","","","",""
"a0sWD00000XpevfYAB","005al00000RVcKvAAL","false","Borrowing Structure Information","false","false","true","42061673046837442","","","",""
"a0sWD00000XpevgYAB","005al00000RVcKvAAL","false","Beneficiaries - Portal","false","false","true","42061952368048829","","","",""
"a0sWD00000XpeoZYAR","005al00000RVcKvAAL","false","Master Product Package Credit Memo","true","false","true","42062514183153675","","","",""
"a0sWD00000cHTm8YAG","005al00000RVcKvAAL","false","nFORCE  Screen Record 009","true","false","true","42062708151260089","","","",""
"a0sWD00000XpevhYAB","005al00000RVcKvAAL","false","Relationship covenants","false","false","true","42064263005806321","","","",""
"a0sWD00000XpeviYAB","005al00000RVcKvAAL","false","Collateral-Heavy Equipment-Tractor-904","false","false","true","42065086798580002","","","",""
"a0sWD00000XpbEsYAJ","005al00000RVcKvAAL","false","Change Memo","false","false","true","42067800903048699","","","",""
"a0sWD00000Xpb6cYAB","005al00000RVcKvAAL","false","Available One to Many Screen Sections","false","false","true","420688709640240201","","","",""
"a0sWD00000XpRHyYAN","005al00000RVcKvAAL","false","Collateral-Possessory-Bills of Lading","false","false","true","42069100893617569","","","",""
"a0sWD00000XpevjYAB","005al00000RVcKvAAL","false","SBA Form 912","false","false","true","42070335757797406","","","",""
"a0sWD00000Xpb6dYAB","005al00000RVcKvAAL","false","Available Screen Sections","false","false","true","42070950734377609","","","",""
"a0sWD00000XpevkYAB","005al00000RVcKvAAL","false","Loan Details","false","false","true","42071536575093027","","","",""
"a0sWD00000XpevlYAB","005al00000RVcKvAAL","false","Rate & Payment Structure","false","false","true","42073625795030189","","","",""
"a0sWD00000XpbD6YAJ","005al00000RVcKvAAL","false","Pricing","false","false","true","42073702456589986","","","",""
"a0sWD00000XpbEtYAJ","005al00000RVcKvAAL","false","SAG","false","false","true","42075091352010811","","","",""
"a0sWD00000Xq1xxYAB","005al00000RVcKvAAL","false","Screen02","false","false","true","42077223646675671","","","",""
"a0sWD00000Xq1xyYAB","005al00000RVcKvAAL","false","test new screen","false","false","true","42078356136009267","","","",""
"a0sWD00000XpevmYAB","005al00000RVcKvAAL","false","SBL Eligibility","false","false","true","42078851722234042","","","",""
"a0sWD00000XpevnYAB","005al00000RVcKvAAL","false","Primary Account","false","false","true","42079749092209827","","","",""
"a0sWD00000XpevoYAB","005al00000RVcKvAAL","false","Default_Collateral_Search","false","false","true","42080162402223759","","","",""
"a0sWD00000XpevpYAB","005al00000RVcKvAAL","false","Third Party Reports","false","false","true","42083134298103752","","","",""
"a0sWD00000XpbKrYAJ","005al00000RVcKvAAL","false","Details - EO","false","false","true","42083286394967946","","","",""
"a0sWD00000XpevqYAB","005al00000RVcKvAAL","false","Credit Memo - Short Form","false","false","true","42083830623946866","","","",""
"a0sWD00000Xpb6eYAB","005al00000RVcKvAAL","false","Available Screen Sections","false","false","true","42084849054837628","","","",""
"a0sWD00000XpevrYAB","005al00000RVcKvAAL","false","Online App Deposits UI","false","false","true","42087831393879282","","","",""
"a0sWD00000XpevsYAB","005al00000RVcKvAAL","false","Default Collateral Edit Screen","false","false","true","42091291881629952","","","",""
"a0sWD00000XpevtYAB","005al00000RVcKvAAL","false","Participations","false","false","true","42091819613703781","","","",""
"a0sWD00000XpevuYAB","005al00000RVcKvAAL","false","Commercial Full Analysis","false","false","true","42092651452140435","","","",""
"a0sWD00000XpevvYAB","005al00000RVcKvAAL","false","Small Business Full Analysis","false","false","true","42093340810150967","","","",""
"a0sWD00000cHTm9YAG","005al00000RVcKvAAL","false","nFORCE  Screen Record 003","true","true","true","42094653722550185","","","",""
"a0sWD00000XpbKmYAJ","005al00000RVcKvAAL","false","Add Sub-Loan","false","false","true","42094753270807603","","","",""
"a0sWD00000XpevwYAB","005al00000RVcKvAAL","false","Credit Memo - SBA","false","false","true","42096050480516479","","","",""
"a0sWD00000XpevxYAB","005al00000RVcKvAAL","false","Credit Memo - SBA","false","false","true","42096305870691543","","","",""
"a0sWD00000XpevyYAB","005al00000RVcKvAAL","false","insertNewJob02","false","false","true","42096577407394113","","","",""
"a0sWD00000Xpb6fYAB","005al00000RVcKvAAL","false","Available Screen Sections","false","false","true","42098432906518525","","","",""
"a0sWD00000XpevzYAB","005al00000RVcKvAAL","false","DEP Personal Info (Additional Owner)","false","false","true","42098714564267593","","","",""
"a0sWD00000Xpew0YAB","005al00000RVcKvAAL","false","Details - EO - Summary Screen","false","false","true","42099472146166096","","","",""
"a0sWD00000Xpb6gYAB","005al00000RVcKvAAL","false","Team Members","false","false","true","42099974757861510","","","",""
"a0sWD00000XpbL2YAJ","005al00000RVcKvAAL","false","Details","false","false","true","42101974202872765","","","",""
"a0sWD00000Xpew1YAB","005al00000RVcKvAAL","false","nCino UI Configuration Builder","false","false","true","42102965503407925","","","",""
"a0sWD00000Xpew2YAB","005al00000RVcKvAAL","false","InsertJobAdded","false","false","true","42103524182906302","","","",""
"a0sWD00000XpbEuYAJ","005al00000RVcKvAAL","false","Conditions","false","false","true","42106123728270598","","","",""
"a0sWD00000Xpew3YAB","005al00000RVcKvAAL","false","Exposure","false","false","true","42109839020298449","","","",""
"a0sWD00000Xpew4YAB","005al00000RVcKvAAL","false","InsertJobAdd001","false","false","true","42110352839234360","","","",""
"a0sWD00000Xpb6hYAB","005al00000RVcKvAAL","false","SBA Form 1920","false","false","true","42111771273235770","","","",""
"a0sWD00000XpbNDYAZ","005al00000RVcKvAAL","false","Secured SBL Personal (Individual Other Involved)","false","false","true","42113928704115288","","","",""
"a0sWD00000Xpew5YAB","005al00000RVcKvAAL","false","Entity Involvement New Relationship","false","false","true","42114631576355970","","","",""
"a0sWD00000Xpb6iYAB","005al00000RVcKvAAL","false","SBA Form 1920","false","false","true","42114855436013906","","","",""
"a0sWD00000Xpew6YAB","005al00000RVcKvAAL","false","SBA Form 1920","false","false","true","42119397157696613","","","",""
"a0sWD00000Y3XIUYA3","005al00000RVcKvAAL","false","DT2-Screen","false","false","true","42121128499337326","","","",""
"a0sWD00000XpeoaYAB","005al00000RVcKvAAL","false","Standard Loan Credit Memo","true","false","true","42121422784906499","","","",""
"a0sWD00000XpeobYAB","005al00000RVcKvAAL","false","Commercial Credit Memo","true","false","true","42121884575039318","","","",""
"a0sWD00000Xpew7YAB","005al00000RVcKvAAL","false","HMDA","false","false","true","42125802748352436","","","",""
"a0sWD00000Xpew8YAB","005al00000RVcKvAAL","false","Conditions","false","false","true","42127009650120882","","","",""
"a0sWD00000XpbLFYAZ","005al00000RVcKvAAL","false","Proforma Options","false","false","true","42127455761752627","","","",""
"a0sWD00000XpeocYAB","005al00000RVcKvAAL","false","Small Business Credit Memo","true","false","true","42128844304157350","","","",""
"a0sWD00000Xpew9YAB","005al00000RVcKvAAL","false","Treasury","false","false","true","42129137707115837","","","",""
"a0sWD00000XpewAYAR","005al00000RVcKvAAL","false","CRA Screen","false","false","true","42129392487299763","","","",""
"a0sWD00000Xpb6jYAB","005al00000RVcKvAAL","false","Rate & Payment Structure","false","false","true","42129539473270586","","","",""
"a0sWD00000XpewBYAR","005al00000RVcKvAAL","false","OA Titled","false","false","true","42129827787198928","","","",""
"a0sWD00000XpeodYAB","005al00000RVcKvAAL","false","Standard Loan Credit Memo","true","false","true","42131524291977109","","","",""
"a0sWD00000XpewCYAR","005al00000RVcKvAAL","false","Dep - Bypass Idology","false","false","true","42132024756101464","","","",""
"a0sWD00000XpbEvYAJ","005al00000RVcKvAAL","false","Loan Information","false","false","true","42132321467446174","","","",""
"a0sWD00000XpewDYAR","005al00000RVcKvAAL","false","Secured RL Personal (Individual Other Involved)","false","false","true","42134323729079888","","","",""
"a0sWD00000XpbD7YAJ","005al00000RVcKvAAL","false","Add Others Involved MRF","false","false","true","42136054162613079","","","",""
"a0sWD00000XpewEYAR","005al00000RVcKvAAL","false","Treasury","false","false","true","42136308722056286","","","",""
"a0sWD00000XpewFYAR","005al00000RVcKvAAL","false","Collateral","false","false","true","42136419074410018","","","",""
"a0sWD00000XpbMcYAJ","005al00000RVcKvAAL","false","Assign Approvers","false","false","true","42136886661722680","","","",""
"a0sWD00000Xpb6kYAB","005al00000RVcKvAAL","false","SBA Form 1920","false","false","true","42137386148434509","","","",""
"a0sWD00000XpewGYAR","005al00000RVcKvAAL","false","Treasury Service Details","false","false","true","42139255819116091","","","",""
"a0sWD00000XpewHYAR","005al00000RVcKvAAL","false","Manage Bill Points","false","false","true","42140332148943664","","","",""
"a0sWD00000XpewIYAR","005al00000RVcKvAAL","false","Other Information","false","false","true","42140332279426987","","","",""
"a0sWD00000XpeoeYAB","005al00000RVcKvAAL","false","Standard Loan Credit Memo","true","false","true","42140568475863973","","","",""
"a0sWD00000XpewJYAR","005al00000RVcKvAAL","false","newScreen001","false","false","true","42140625090915760","","","",""
"a0sWD00000XpbEwYAJ","005al00000RVcKvAAL","false","Post Close Items","false","false","true","42140898920848919","","","",""
"a0sWD00000Xq1xzYAB","005al00000RVcKvAAL","false","New Screen Rec 01","false","false","true","42141211375059916","","","",""
"a0sWD00000XpeofYAB","005al00000RVcKvAAL","false","Standard Loan Credit Memo","true","false","true","42143688452125768","","","",""
"a0sWD00000XpeogYAB","005al00000RVcKvAAL","false","Product Package Credit Memo","false","false","true","42145159210960408","","","",""
"a0sWD00000XpewKYAR","005al00000RVcKvAAL","false","Available One to Many Screen Sections","false","false","true","421463280880771691","","","",""
"a0sWD00000XpewLYAR","005al00000RVcKvAAL","false","Available One to Many Screen Sections","false","false","true","421463280880771693","","","",""
"a0sWD00000XpewMYAR","005al00000RVcKvAAL","false","Available One to Many Screen Sections","false","false","true","421463280880771695","","","",""
"a0sWD00000XpbM2YAJ","005al00000RVcKvAAL","false","Add Sub-Loan","false","false","true","42146906883856447","","","",""
"a0sWD00000XpewNYAR","005al00000RVcKvAAL","false","Product Package Collateral2 Assets","false","false","true","42147478624623371","","","",""
"a0sWD00000XpewOYAR","005al00000RVcKvAAL","false","Manage Budget Screen","false","false","true","42147878417003126","","","",""
"a0sWD00000Xpb6lYAB","005al00000RVcKvAAL","false","SBA Form 10","false","false","true","42149222702745326","","","",""
"a0sWD00000XpeohYAB","005al00000RVcKvAAL","false","Standard Product Package Credit Memo","true","false","true","42149563977299052","","","",""
"a0sWD00000Xpb6mYAB","005al00000RVcKvAAL","false","Available Screen Sections","false","false","true","42150399614341616","","","",""
"a0sWD00000Xpb6nYAB","005al00000RVcKvAAL","false","Available Screen Sections","false","false","true","42152072906001100","","","",""
"a0sWD00000XpewPYAR","005al00000RVcKvAAL","false","Memos","false","false","true","42152193373241021","","","",""
"a0sWD00000Xpb6oYAB","005al00000RVcKvAAL","false","Available Screen Sections","false","false","true","42152793487506478","","","",""
"a0sWD00000XpewQYAR","005al00000RVcKvAAL","false","Loan Partner","false","false","true","42152979940392837","","","",""
"a0sWD00000XpewRYAR","005al00000RVcKvAAL","false","Details","false","false","true","42154084648029774","","","",""
"a0sWD00000XpbLvYAJ","005al00000RVcKvAAL","false","Loan Compliance Screen","false","false","true","42154138192718696","","","",""
"a0sWD00000XpewSYAR","005al00000RVcKvAAL","false","Collateral Details","false","false","true","42154407815487650","","","",""
"a0sWD00000XpewTYAR","005al00000RVcKvAAL","false","Commercial Short Form","false","false","true","42155001853867068","","","",""
"a0sWD00000XpbD8YAJ","005al00000RVcKvAAL","false","Borrowing Structure","false","false","true","42156465383128569","","","",""
"a0sWD00000XpewUYAR","005al00000RVcKvAAL","false","Primary Account","false","false","true","42157323416117956","","","",""
"a0sWD00000XpeoiYAB","005al00000RVcKvAAL","false","Loan Credit Memo","false","false","true","42158966276594523","","","",""
"a0sWD00000XpbL0YAJ","005al00000RVcKvAAL","false","Total Exposure","false","false","true","42159428573333161","","","",""
"a0sWD00000XpewVYAR","005al00000RVcKvAAL","false","Test","false","false","true","42159822316323646","","","",""
"a0sWD00000XpewWYAR","005al00000RVcKvAAL","false","Loan Partner","false","false","true","42159876101309625","","","",""
"a0sWD00000XpewXYAR","005al00000RVcKvAAL","false","Injections","false","false","true","42161468118240752","","","",""
"a0sWD00000XpewYYAR","005al00000RVcKvAAL","false","HMDA Screen 2","false","false","true","42162460506289748","","","",""
"a0sWD00000XpfWEYAZ","005al00000RVcKvAAL","false","Loan Dashboard Summary Screen","false","false","true","42163231605795238","","","",""
"a0sWD00000XpewZYAR","005al00000RVcKvAAL","false","nCino UI Configuration Builder","false","false","true","42165141420831749","","","",""
"a0sWD00000Xpb6pYAB","005al00000RVcKvAAL","false","Collateral Pledged","false","false","true","42166347972390703","","","",""
"a0sWD00000Xpb6qYAB","005al00000RVcKvAAL","false","Available Screen Sections","false","false","true","42167815663649789","","","",""
"a0sWD00000XpeojYAB","005al00000RVcKvAAL","false","Commercial Credit Memo","true","false","true","42171579180653861","","","",""
"a0sWD00000Xpb6rYAB","005al00000RVcKvAAL","false","Available Screen Sections","false","false","true","42171738043579816","","","",""
"a0sWD00000XpeokYAB","005al00000RVcKvAAL","false","Standard Product Package Credit Memo","true","false","true","42171814193357772","","","",""
"a0sWD00000XpewaYAB","005al00000RVcKvAAL","false","insertNewJob02","false","false","true","42172103995074570","","","",""
"a0sWD00000Xpb6sYAB","005al00000RVcKvAAL","false","Available Screen Sections","false","false","true","42172645886552116","","","",""
"a0sWD00000XpewbYAB","005al00000RVcKvAAL","false","Credit Memo - Long Form","false","false","true","42172726276338115","","","",""
"a0sWD00000XpewcYAB","005al00000RVcKvAAL","false","Product Package Collateral2 Assets","false","false","true","42173376773854579","","","",""
"a0sWD00000XpbExYAJ","005al00000RVcKvAAL","false","Supplementary Details","false","false","true","42174387258537793","","","",""
"a0sWD00000XpbKyYAJ","005al00000RVcKvAAL","false","Package Details","false","false","true","42177182337892182","","","",""
"a0sWD00000XpbMWYAZ","005al00000RVcKvAAL","false","Deposits","false","false","true","42177182337892183","","","",""
"a0sWD00000Xpb6tYAB","005al00000RVcKvAAL","false","Use of Proceeds","false","false","true","42179546665283257","","","",""
"a0sWD00000XpewdYAB","005al00000RVcKvAAL","false","Default Loan Facility Creation Fields","false","false","true","42180483741723393","","","",""
"a0sWD00000XpeweYAB","005al00000RVcKvAAL","false","Underwriting Details","false","false","true","42181140554595426","","","",""
"a0sWD00000XpbENYAZ","005al00000RVcKvAAL","false","Beneficiary","false","false","true","42181701790670788","","","",""
"a0sWD00000XpewfYAB","005al00000RVcKvAAL","false","Secured SBL Eligibility","false","false","true","42183354757484981","","","",""
"a0sWD00000XpewgYAB","005al00000RVcKvAAL","false","Commercial Full Analysis","false","false","true","42184469039808761","","","",""
"a0sWD00000XpewhYAB","005al00000RVcKvAAL","false","Commercial Short Form","false","false","true","42185700786788856","","","",""
"a0sWD00000XpfSkYAJ","005al00000RVcKvAAL","false","TRID Enhanced Fees Management TRID","false","false","true","42188449212898920","","","",""
"a0sWD00000XpewiYAB","005al00000RVcKvAAL","false","Portal Business Lookup","false","false","true","42188648905973819","","","",""
"a0sWD00000XpbMQYAZ","005al00000RVcKvAAL","false","Draw Overview Screen","false","false","true","42189632957882651","","","",""
"a0sWD00000XpRHnYAN","005al00000RVcKvAAL","false","Collateral-Titled-Vessel","false","false","true","42193338758163888","","","",""
"a0sWD00000XpewjYAB","005al00000RVcKvAAL","false","Unavailable Credit Information","false","false","true","42197339544758076","","","",""
"a0sWD00000XpewkYAB","005al00000RVcKvAAL","false","InsertJobAdd003","false","false","true","42197891069821038","","","",""
"a0sWD00000XpewlYAB","005al00000RVcKvAAL","false","nCino UI Configuration Builder","false","false","true","42199884120947005","","","",""
"a0sWD00000XpewmYAB","005al00000RVcKvAAL","false","Account Debt","false","false","true","42200150626294229","","","",""
"a0sWD00000XpewnYAB","005al00000RVcKvAAL","false","Preliminary Information","false","false","true","42200636156648403","","","",""
"a0sWD00000XpfSlYAJ","005al00000RVcKvAAL","false","Income/Debt/Asset","false","false","true","42201075476732480","","","",""
"a0sWD00000XpbLpYAJ","005al00000RVcKvAAL","false","Underwriting Details","false","false","true","42204392997691879","","","",""
"a0sWD00000XpbD9YAJ","005al00000RVcKvAAL","false","HMDA","false","false","true","42205446113358093","","","",""
"a0sWD00000XpbL1YAJ","005al00000RVcKvAAL","false","Details","false","false","true","42206232254498796","","","",""
"a0sWD00000XpewoYAB","005al00000RVcKvAAL","false","Fees Summary","false","false","true","42206626319732747","","","",""
"a0sWD00000XpewpYAB","005al00000RVcKvAAL","false","Draw Overview Screen","false","false","true","42211144998931674","","","",""
"a0sWD00000XpewqYAB","005al00000RVcKvAAL","false","Collateral2Assets","false","false","true","42212656887012228","","","",""
"a0sWD00000XpewrYAB","005al00000RVcKvAAL","false","InsertJobAdded","false","false","true","42212914719585225","","","",""
"a0sWD00000Xpb6uYAB","005al00000RVcKvAAL","false","SBA Form 1920","false","false","true","42214261167375138","","","",""
"a0sWD00000Xpb6vYAB","005al00000RVcKvAAL","false","Available Screen Sections","false","false","true","42215644255031629","","","",""
"a0sWD00000XpewsYAB","005al00000RVcKvAAL","false","Secured SBL Business Info","false","false","true","42215991877136872","","","",""
"a0sWD00000Xpb6wYAB","005al00000RVcKvAAL","false","Available Screen Sections","false","false","true","42216640012231128","","","",""
"a0sWD00000Xpb6xYAB","005al00000RVcKvAAL","false","Available Screen Sections","false","false","true","42216965115830581","","","",""
"a0sWD00000XpewtYAB","005al00000RVcKvAAL","false","Available One to Many Screen Sections","false","false","true","422189182066304111","","","",""
"a0sWD00000XpewuYAB","005al00000RVcKvAAL","false","Available One to Many Screen Sections","false","false","true","422189182066304113","","","",""
"a0sWD00000Y3XIVYA3","005al00000RVcKvAAL","false","DT1-Screen","false","false","true","42219794161377058","","","",""
"a0sWD00000XpewvYAB","005al00000RVcKvAAL","false","HMDA Screen 2","false","false","true","42220921578459497","","","",""
"a0sWD00000XpbDAYAZ","005al00000RVcKvAAL","false","Retail - Editable Details","false","false","true","42220999464658455","","","",""
"a0sWD00000XpewwYAB","005al00000RVcKvAAL","false","Payment Structure","false","false","true","42222398672447379","","","",""
"a0sWD00000XpbDBYAZ","005al00000RVcKvAAL","false","Loan Compliance Screen","false","false","true","42223137024332230","","","",""
"a0sWD00000XpewxYAB","005al00000RVcKvAAL","false","Order Entry-Remote-Deposit","false","false","true","42223430484370920","","","",""
"a0sWD00000XpbKqYAJ","005al00000RVcKvAAL","false","Booked Details","false","false","true","42226870141912786","","","",""
"a0sWD00000XpewyYAB","005al00000RVcKvAAL","false","Product Packages","false","false","true","42227481094440947","","","",""
"a0sWD00000XpewzYAB","005al00000RVcKvAAL","false","Commercial Full Analysis","false","false","true","42227537645849799","","","",""
"a0sWD00000Xpex0YAB","005al00000RVcKvAAL","false","SBA Form 1920","false","false","true","42227661373877063","","","",""
"a0sWD00000XpRI1YAN","005al00000RVcKvAAL","false","Collateral-Titled","false","false","true","42229309426024690","","","",""
"a0sWD00000Xpex1YAB","005al00000RVcKvAAL","false","Third Party Management","false","false","true","42229740975649670","","","",""
"a0sWD00000Xpex2YAB","005al00000RVcKvAAL","false","SBL Personal","false","false","true","42230460679858157","","","",""
"a0sWD00000Xpb6yYAB","005al00000RVcKvAAL","false","Injections","false","false","true","42230858883473510","","","",""
"a0sWD00000XpbEyYAJ","005al00000RVcKvAAL","false","Loan Information","false","false","true","42231210965718360","","","",""
"a0sWD00000Xpex3YAB","005al00000RVcKvAAL","false","Loan Details Application UI","false","false","true","42233432564753672","","","",""
"a0sWD00000Xpb6zYAB","005al00000RVcKvAAL","false","Available Screen Sections","false","false","true","42234376446636860","","","",""
"a0sWD00000XpbDCYAZ","005al00000RVcKvAAL","false","Online Income Information","false","false","true","42234563213912901","","","",""
"a0sWD00000Xpex4YAB","005al00000RVcKvAAL","false","Total Exposure Screen","false","false","true","42234963979126898","","","",""
"a0sWD00000XpfWMYAZ","005al00000RVcKvAAL","false","Entity Involvement New Relationship","false","false","true","42237304151615067","","","",""
"a0sWD00000XpbEzYAJ","005al00000RVcKvAAL","false","Loan Information","false","false","true","42238060109799024","","","",""
"a0sWD00000XpbM3YAJ","005al00000RVcKvAAL","false","Manage Bill Points","false","false","true","42238686668345765","","","",""
"a0sWD00000Xpb70YAB","005al00000RVcKvAAL","false","SBA Form 652","false","false","true","42238846284690281","","","",""
"a0sWD00000XpbF0YAJ","005al00000RVcKvAAL","false","Acceptance","false","false","true","42240464200215900","","","",""
"a0sWD00000XpbDDYAZ","005al00000RVcKvAAL","false","Booked Information","false","false","true","42241393496974062","","","",""
"a0sWD00000XpfWLYAZ","005al00000RVcKvAAL","false","Booked Details","false","false","true","42244432723848796","","","",""
"a0sWD00000Xpex5YAB","005al00000RVcKvAAL","false","Commercial Short Form","false","false","true","42244547228309716","","","",""
"a0sWD00000Xpex6YAB","005al00000RVcKvAAL","false","Use of Proceeds","false","false","true","42246222308936399","","","",""
"a0sWD00000Xpex7YAB","005al00000RVcKvAAL","false","Key Dates","false","false","true","42246555131279751","","","",""
"a0sWD00000XpbDEYAZ","005al00000RVcKvAAL","false","Add Owners MRF","false","false","true","42247669763471219","","","",""
"a0sWD00000Xpex8YAB","005al00000RVcKvAAL","false","Pricing","false","false","true","42248412467521903","","","",""
"a0sWD00000Xpb71YAB","005al00000RVcKvAAL","false","Conflict of Interest","false","false","true","42249549246967406","","","",""
"a0sWD00000XpbKIYAZ","005al00000RVcKvAAL","false","Documents - Screen","false","false","true","42250780572765256","","","",""
"a0sWD00000Xpex9YAB","005al00000RVcKvAAL","false","Questionnaire Admin Screen Section Lookup Screen","false","false","true","42251792008656164","","","",""
"a0sWD00000XpbKCYAZ","005al00000RVcKvAAL","false","Deposit Income","false","false","true","422521266855637441","","","",""
"a0sWD00000XpbKHYAZ","005al00000RVcKvAAL","false","Treasury Income","false","false","true","422521266855637442","","","",""
"a0sWD00000XpbKGYAZ","005al00000RVcKvAAL","false","Additional Income","false","false","true","422521266855637443","","","",""
"a0sWD00000XpbKDYAZ","005al00000RVcKvAAL","false","Comments","false","false","true","422521266855637444","","","",""
"a0sWD00000XpbEOYAZ","005al00000RVcKvAAL","false","Entity Compliance Screen","false","false","true","42252450705829812","","","",""
"a0sWD00000XpexAYAR","005al00000RVcKvAAL","false","Participations","false","false","true","42252757820206042","","","",""
"a0sWD00000XpbF1YAJ","005al00000RVcKvAAL","false","Insurance","false","false","true","42252792544565941","","","",""
"a0sWD00000Xq1y0YAB","005al00000RVcKvAAL","false","Screen01","false","false","true","42253267259782632","","","",""
"a0sWD00000XpexBYAR","005al00000RVcKvAAL","false","SMB Full Analysis/Writeup","false","false","true","42253681507990075","","","",""
"a0sWD00000XpexCYAR","005al00000RVcKvAAL","false","Contexts Relationship UI","false","false","true","42254073951639830","","","",""
"a0sWD00000XpexDYAR","005al00000RVcKvAAL","false","Approved Details","false","false","true","42254100435571917","","","",""
"a0sWD00000XpRI6YAN","005al00000RVcKvAAL","false","Collateral-Possessory-Letter of Credit","false","false","true","42254692718045368","","","",""
"a0sWD00000XpbMNYAZ","005al00000RVcKvAAL","false","Syndications Summary","false","false","true","42254700713997327","","","",""
"a0sWD00000XpexEYAR","005al00000RVcKvAAL","false","SBA Form 1920","false","false","true","42255049415363870","","","",""
"a0sWD00000XpfVGYAZ","005al00000RVcKvAAL","false","Collateral-Financial Instrument","false","false","true","42255272326983188","","","",""
"a0sWD00000XpbLJYAZ","005al00000RVcKvAAL","false","Participation","false","false","true","42255938324133066","","","",""
"a0sWD00000XpbKzYAJ","005al00000RVcKvAAL","false","UI Configuration Builder","false","false","true","42257423463997756","","","",""
"a0sWD00000Xpb72YAB","005al00000RVcKvAAL","false","Available Screen Sections","false","false","true","42258791916601441","","","",""
"a0sWD00000XpRHkYAN","005al00000RVcKvAAL","false","Collateral-Possessory-Key Person Insurance","false","false","true","42260456631626244","","","",""
"a0sWD00000XpbLrYAJ","005al00000RVcKvAAL","false","Opportunities","false","false","true","42261575075847433","","","",""
"a0sWD00000Xpb73YAB","005al00000RVcKvAAL","false","Available Screen Sections","false","false","true","42263378690023471","","","",""
"a0sWD00000XpbLEYAZ","005al00000RVcKvAAL","false","Loan Products","false","false","true","42264506634750293","","","",""
"a0sWD00000XpbLIYAZ","005al00000RVcKvAAL","false","pp-tn-review-detail","false","false","true","42265516270396018","","","",""
"a0sWD00000XpexFYAR","005al00000RVcKvAAL","false","Entity Involvement New Relationship","false","false","true","42267683574272673","","","",""
"a0sWD00000XpexGYAR","005al00000RVcKvAAL","false","Available One to Many Screen Sections","false","false","true","422687955219432561","","","",""
"a0sWD00000XpfW6YAJ","005al00000RVcKvAAL","false","Default_Collateral_Search","false","false","true","42270935084784006","","","",""
"a0sWD00000XpfWBYAZ","005al00000RVcKvAAL","false","Collateral","false","false","true","42271563503363812","","","",""
"a0sWD00000XpbMkYAJ","005al00000RVcKvAAL","false","Policy Exceptions","false","false","true","42274618989959014","","","",""
"a0sWD00000Xpb74YAB","005al00000RVcKvAAL","false","DEP Personal Info (Individual)","false","false","true","42275646712486613","","","",""
"a0sWD00000XpexHYAR","005al00000RVcKvAAL","false","Deposit Rate Table","false","false","true","42276529266885649","","","",""
"a0sWD00000XpbM0YAJ","005al00000RVcKvAAL","false","Total Exposure Screen","false","false","true","42278923698642823","","","",""
"a0sWD00000XpRI8YAN","005al00000RVcKvAAL","false","Collateral-Possessory-Warehouse Receipts","false","false","true","42280349349038997","","","",""
"a0sWD00000XpexIYAR","005al00000RVcKvAAL","false","Default Loan Facility Creation Fields","false","false","true","42280894319758149","","","",""
"a0sWD00000XpbN5YAJ","005al00000RVcKvAAL","false","Underwriting Details","false","false","true","42281206255813701","","","",""
"a0sWD00000XpexJYAR","005al00000RVcKvAAL","false","SBA Form 1919","false","false","true","42281392762908284","","","",""
"a0sWD00000Xpb75YAB","005al00000RVcKvAAL","false","Available Screen Sections","false","false","true","42281527194584547","","","",""
"a0sWD00000XpexKYAR","005al00000RVcKvAAL","false","Remote - Delete","false","false","true","422823423453434421","","","",""
"a0sWD00000XpexLYAR","005al00000RVcKvAAL","false","Loans and Credit","false","false","true","42282922882100263","","","",""
"a0sWD00000XpbMEYAZ","005al00000RVcKvAAL","false","System Properties","false","false","true","42283576814580241","","","",""
"a0sWD00000XpexMYAR","005al00000RVcKvAAL","false","SBA Form 10","false","false","true","42284081872331701","","","",""
"a0sWD00000XpfSmYAJ","005al00000RVcKvAAL","false","Add Others Involved MRF","false","false","true","42285132769664950","","","",""
"a0sWD00000XpeolYAB","005al00000RVcKvAAL","false","Standard Loan Credit Memo","true","false","true","42286465180298091","","","",""
"a0sWD00000XpbMDYAZ","005al00000RVcKvAAL","false","Application Details","false","false","true","42286887929986442","","","",""
"a0sWD00000XpexNYAR","005al00000RVcKvAAL","false","Remote - Change","false","false","true","4228723423453434421","","","",""
"a0sWD00000XpexOYAR","005al00000RVcKvAAL","false","ZBA - Delete","false","false","true","422873123223434421","","","",""
"a0sWD00000XpexPYAR","005al00000RVcKvAAL","false","ZBA - Change","false","false","true","422873125253434421","","","",""
"a0sWD00000XpexQYAR","005al00000RVcKvAAL","false","ZBA","false","false","true","422873222223434421","","","",""
"a0sWD00000XpexRYAR","005al00000RVcKvAAL","false","Lockbox","false","false","true","42287322222444421","","","",""
"a0sWD00000XpexSYAR","005al00000RVcKvAAL","false","Wire Options","false","false","true","42287322222635621","","","",""
"a0sWD00000XpexTYAR","005al00000RVcKvAAL","false","Wire Outgoing - Delete","false","false","true","42287322344567521","","","",""
"a0sWD00000XpexUYAR","005al00000RVcKvAAL","false","Wire Outgoing - Change","false","false","true","422873223446434421","","","",""
"a0sWD00000XpexVYAR","005al00000RVcKvAAL","false","Wire Outgoing - Add","false","false","true","422873234243434421","","","",""
"a0sWD00000XpexWYAR","005al00000RVcKvAAL","false","Remote Options","false","false","true","42287324444635621","","","",""
"a0sWD00000XpexXYAR","005al00000RVcKvAAL","false","Application Details","false","false","true","42287340495635621","","","",""
"a0sWD00000XpexYYAR","005al00000RVcKvAAL","false","Lockbox - Add","false","false","true","422873423423434421","","","",""
"a0sWD00000XpexZYAR","005al00000RVcKvAAL","false","ZBA - Add","false","false","true","422873452223434421","","","",""
"a0sWD00000XpexaYAB","005al00000RVcKvAAL","false","Remote - Add","false","false","true","422873453453434421","","","",""
"a0sWD00000XpbLoYAJ","005al00000RVcKvAAL","false","Credit Actions New Package Details","false","false","true","42288156731909944","","","",""
"a0sWD00000XpexbYAB","005al00000RVcKvAAL","false","Collateral Value","false","false","true","42289203653425421","","","",""
"a0sWD00000XpexcYAB","005al00000RVcKvAAL","false","Standard Review Credit Memo (Product Package)","true","false","true","42295435275873494","","","",""
"a0sWD00000XpbKsYAJ","005al00000RVcKvAAL","false","Team Members","false","false","true","42296036791553577","","","",""
"a0sWD00000Xpb76YAB","005al00000RVcKvAAL","false","SBA Form 912","false","false","true","42296090309883102","","","",""
"a0sWD00000Xpb77YAB","005al00000RVcKvAAL","false","Available Screen Sections","false","false","true","42297165952100001","","","",""
"a0sWD00000Xpb78YAB","005al00000RVcKvAAL","false","Available Screen Sections","false","false","true","42297489268922296","","","",""
"a0sWD00000Xpb79YAB","005al00000RVcKvAAL","false","Available Screen Sections","false","false","true","42299453123678824","","","",""
"a0sWD00000Xpb7AYAR","005al00000RVcKvAAL","false","Liens","false","false","true","42300174704936069","","","",""
"a0sWD00000XpbNKYAZ","005al00000RVcKvAAL","false","Default Loan Facility Creation Fields","false","false","true","42300179894722648","","","",""
"a0sWD00000XpbMSYAZ","005al00000RVcKvAAL","false","Loan Compliance Screen","false","false","true","42300854924496650","","","",""
"a0sWD00000cHTmAYAW","005al00000RVcKvAAL","false","nFORCE  Screen Record 001","true","true","true","42302319541520559","","","",""
"a0sWD00000XpeomYAB","005al00000RVcKvAAL","false","Standard Review Credit Memo (Product Package)","true","false","true","42303618997773966","","","",""
"a0sWD00000XpexdYAB","005al00000RVcKvAAL","false","Pricing","false","false","true","42303729786287367","","","",""
"a0sWD00000XpbL3YAJ","005al00000RVcKvAAL","false","Rate Structure","false","false","true","42306104470834702","","","",""
"a0sWD00000XpfW8YAJ","005al00000RVcKvAAL","false","Entity Involvement New Relationship","false","false","true","42306138289641147","","","",""
"a0sWD00000Xpb7BYAR","005al00000RVcKvAAL","false","Underwriting Details","false","false","true","42306617109093353","","","",""
"a0sWD00000XpexeYAB","005al00000RVcKvAAL","false","Application Details","false","false","true","42311606234515103","","","",""
"a0sWD00000XpbKEYAZ","005al00000RVcKvAAL","false","nCino UI Configuration Builder","false","false","true","42311862257375707","","","",""
"a0sWD00000XpexfYAB","005al00000RVcKvAAL","false","Injections","false","false","true","42313821950639145","","","",""
"a0sWD00000XpexgYAB","005al00000RVcKvAAL","false","Collateral Creation Screen","false","false","true","42314602511581740","","","",""
"a0sWD00000XpexhYAB","005al00000RVcKvAAL","false","Site Visits","false","false","true","42315043716728293","","","",""
"a0sWD00000XpexiYAB","005al00000RVcKvAAL","false","SBA Form 1920","false","false","true","42317873729163265","","","",""
"a0sWD00000XpexjYAB","005al00000RVcKvAAL","false","Collateral Summary","false","false","true","42320180649942522","","","",""
"a0sWD00000XpbM9YAJ","005al00000RVcKvAAL","false","Bulk Edit Booked","false","false","true","42321181600095060","","","",""
"a0sWD00000XpexkYAB","005al00000RVcKvAAL","false","SBA Application Details","false","false","true","42321259698917286","","","",""
"a0sWD00000Xpb7CYAR","005al00000RVcKvAAL","false","Application","false","false","true","42322238306973461","","","",""
"a0sWD00000XpexlYAB","005al00000RVcKvAAL","false","Add Beneficial Owner OA","false","false","true","42322472929769315","","","",""
"a0sWD00000XpbDFYAZ","005al00000RVcKvAAL","false","OARL Personal Info (Individual)","false","false","true","42323239843997996","","","",""
"a0sWD00000XpfSnYAJ","005al00000RVcKvAAL","false","Add Beneficial Owner OA","false","false","true","42324327563395765","","","",""
"a0sWD00000XpexmYAB","005al00000RVcKvAAL","false","SMB Short Form","false","false","true","42327486324969498","","","",""
"a0sWD00000XpbDGYAZ","005al00000RVcKvAAL","false","Underwriting Details","false","false","true","42328640624982813","","","",""
"a0sWD00000XpexnYAB","005al00000RVcKvAAL","false","InsertJobAdded","false","false","true","42330652692904711","","","",""
"a0sWD00000cHTmBYAW","005al00000RVcKvAAL","false","nFORCE  Screen Record 005","false","true","false","42332557323868892","","","",""
"a0sWD00000XpexoYAB","005al00000RVcKvAAL","false","SMB Short Form","false","false","true","42335455000569931","","","",""
"a0sWD00000XpexpYAB","005al00000RVcKvAAL","false","Loan Details","false","false","true","42337666770467782","","","",""
"a0sWD00000XpexqYAB","005al00000RVcKvAAL","false","Counterparty Report","false","false","true","42339290940407129","","","",""
"a0sWD00000XpexrYAB","005al00000RVcKvAAL","false","Primary Account","false","false","true","42340545134394043","","","",""
"a0sWD00000XpexsYAB","005al00000RVcKvAAL","false","Collateral Inventory","false","false","true","42341164107060736","","","",""
"a0sWD00000XpbMUYAZ","005al00000RVcKvAAL","false","Borrowing Structure Information","false","false","true","42342881603800273","","","",""
"a0sWD00000XpextYAB","005al00000RVcKvAAL","false","Other Default Pledged Collateral Edit Screen","false","false","true","42343481268905692","","","",""
"a0sWD00000XpexuYAB","005al00000RVcKvAAL","false","InsertJobAdd003","false","false","true","42345817685491606","","","",""
"a0sWD00000XpbMIYAZ","005al00000RVcKvAAL","false","Entity Compliance Screen","false","false","true","42346461972245017","","","",""
"a0sWD00000Xpb7DYAR","005al00000RVcKvAAL","false","RL Personal","false","false","true","42350430251209131","","","",""
"a0sWD00000XpexvYAB","005al00000RVcKvAAL","false","InsertJobAdded","false","false","true","42350708472496888","","","",""
"a0sWD00000XpexwYAB","005al00000RVcKvAAL","false","Supplement Details","false","false","true","42350910979213784","","","",""
"a0sWD00000XpexxYAB","005al00000RVcKvAAL","false","Questionnaire Admin Screen Section Lookup Screen","false","false","true","42353023300779792","","","",""
"a0sWD00000Xpb7EYAR","005al00000RVcKvAAL","false","Referral","false","false","true","42353198653936695","","","",""
"a0sWD00000XpexyYAB","005al00000RVcKvAAL","false","InsertJobAdd001","false","false","true","42353422314474679","","","",""
"a0sWD00000XpexzYAB","005al00000RVcKvAAL","false","Third Party Management","false","false","true","42354035665879202","","","",""
"a0sWD00000Xpey0YAB","005al00000RVcKvAAL","false","Beneficiary","false","false","true","42355374063287882","","","",""
"a0sWD00000Xpey1YAB","005al00000RVcKvAAL","false","Loan Application","false","false","true","42355517218655987","","","",""
"a0sWD00000Xpey2YAB","005al00000RVcKvAAL","false","Deposits","false","false","true","42356300532300353","","","",""
"a0sWD00000XpfUDYAZ","005al00000RVcKvAAL","false","All Loan Facilities","false","false","true","42356559980837588","","","",""
"a0sWD00000XpbL8YAJ","005al00000RVcKvAAL","false","Row Edit Booked","false","false","true","42356782490989440","","","",""
"a0sWD00000Xpey3YAB","005al00000RVcKvAAL","false","Counterparty Report Topbar","false","false","true","42358009500122934","","","",""
"a0sWD00000Xpey4YAB","005al00000RVcKvAAL","false","Available Screen Sections","false","false","true","42359194270433374","","","",""
"a0sWD00000XpbF2YAJ","005al00000RVcKvAAL","false","Adverse Actions","false","false","true","42359213706234290","","","",""
"a0sWD00000XpbLmYAJ","005al00000RVcKvAAL","false","Entity Compliance Screen","false","false","true","42359232390869881","","","",""
"a0sWD00000Xpey5YAB","005al00000RVcKvAAL","false","Draw Overview Screen","false","false","true","42362345638925694","","","",""
"a0sWD00000XpfVHYAZ","005al00000RVcKvAAL","false","Collateral Creation Screen","false","false","true","42363993400862416","","","",""
"a0sWD00000Xpey6YAB","005al00000RVcKvAAL","false","SBA Form 1920","false","false","true","42364027612578233","","","",""
"a0sWD00000XpbKkYAJ","005al00000RVcKvAAL","false","Loan Compliance Screen","false","false","true","42366262690465820","","","",""
"a0sWD00000Xpb7FYAR","005al00000RVcKvAAL","false","SBA Form 1846","false","false","true","42366334899998951","","","",""
"a0sWD00000Xpb7GYAR","005al00000RVcKvAAL","false","Available One to Many Screen Sections","false","false","true","423666159078071101","","","",""
"a0sWD00000Xpb7HYAR","005al00000RVcKvAAL","false","Available One to Many Screen Sections","false","false","true","4236661590780711010","","","",""
"a0sWD00000Xpb7IYAR","005al00000RVcKvAAL","false","Available One to Many Screen Sections","false","false","true","42366615907807110101","","","",""
"a0sWD00000Xpb7JYAR","005al00000RVcKvAAL","false","Available One to Many Screen Sections","false","false","true","42366615907807110103","","","",""
"a0sWD00000Xpb7KYAR","005al00000RVcKvAAL","false","Available One to Many Screen Sections","false","false","true","42366615907807110105","","","",""
"a0sWD00000Xpb7LYAR","005al00000RVcKvAAL","false","Available One to Many Screen Sections","false","false","true","42366615907807110107","","","",""
"a0sWD00000Xpb7MYAR","005al00000RVcKvAAL","false","Available One to Many Screen Sections","false","false","true","42366615907807110109","","","",""
"a0sWD00000Xpb7NYAR","005al00000RVcKvAAL","false","Available One to Many Screen Sections","false","false","true","42366615907807110111","","","",""
"a0sWD00000Xpb7OYAR","005al00000RVcKvAAL","false","Available One to Many Screen Sections","false","false","true","42366615907807110113","","","",""
"a0sWD00000Xpb7PYAR","005al00000RVcKvAAL","false","Available One to Many Screen Sections","false","false","true","42366615907807110115","","","",""
"a0sWD00000Xpb7QYAR","005al00000RVcKvAAL","false","Available One to Many Screen Sections","false","false","true","42366615907807110117","","","",""
"a0sWD00000Xpb7RYAR","005al00000RVcKvAAL","false","Available One to Many Screen Sections","false","false","true","42366615907807110119","","","",""
"a0sWD00000Xpb7SYAR","005al00000RVcKvAAL","false","Available One to Many Screen Sections","false","false","true","42366615907807110121","","","",""
"a0sWD00000Xpb7TYAR","005al00000RVcKvAAL","false","Available One to Many Screen Sections","false","false","true","42366615907807110123","","","",""
"a0sWD00000Xpb7UYAR","005al00000RVcKvAAL","false","Available One to Many Screen Sections","false","false","true","42366615907807110125","","","",""
"a0sWD00000Xpb7VYAR","005al00000RVcKvAAL","false","Available One to Many Screen Sections","false","false","true","42366615907807110127","","","",""
"a0sWD00000Xpb7WYAR","005al00000RVcKvAAL","false","Available One to Many Screen Sections","false","false","true","42366615907807110129","","","",""
"a0sWD00000Xpb7XYAR","005al00000RVcKvAAL","false","Available One to Many Screen Sections","false","false","true","4236661590780711013","","","",""
"a0sWD00000Xpb7YYAR","005al00000RVcKvAAL","false","Available One to Many Screen Sections","false","false","true","42366615907807110131","","","",""
"a0sWD00000Xpb7ZYAR","005al00000RVcKvAAL","false","Available One to Many Screen Sections","false","false","true","42366615907807110133","","","",""
"a0sWD00000Xpb7aYAB","005al00000RVcKvAAL","false","Available One to Many Screen Sections","false","false","true","42366615907807110135","","","",""
"a0sWD00000Xpb7bYAB","005al00000RVcKvAAL","false","Available One to Many Screen Sections","false","false","true","42366615907807110137","","","",""
"a0sWD00000Xpb7cYAB","005al00000RVcKvAAL","false","Available One to Many Screen Sections","false","false","true","42366615907807110139","","","",""
"a0sWD00000Xpb7dYAB","005al00000RVcKvAAL","false","Available One to Many Screen Sections","false","false","true","42366615907807110141","","","",""
"a0sWD00000Xpb7eYAB","005al00000RVcKvAAL","false","Available One to Many Screen Sections","false","false","true","42366615907807110143","","","",""
"a0sWD00000Xpb7fYAB","005al00000RVcKvAAL","false","Available One to Many Screen Sections","false","false","true","42366615907807110145","","","",""
"a0sWD00000Xpb7gYAB","005al00000RVcKvAAL","false","Available One to Many Screen Sections","false","false","true","42366615907807110147","","","",""
"a0sWD00000Xpb7hYAB","005al00000RVcKvAAL","false","Available One to Many Screen Sections","false","false","true","42366615907807110149","","","",""
"a0sWD00000Xpb7iYAB","005al00000RVcKvAAL","false","Available One to Many Screen Sections","false","false","true","42366615907807110151","","","",""
"a0sWD00000Xpb7jYAB","005al00000RVcKvAAL","false","Available One to Many Screen Sections","false","false","true","42366615907807110153","","","",""
"a0sWD00000Xpb7kYAB","005al00000RVcKvAAL","false","Available One to Many Screen Sections","false","false","true","42366615907807110155","","","",""
"a0sWD00000Xpb7lYAB","005al00000RVcKvAAL","false","Available One to Many Screen Sections","false","false","true","42366615907807110157","","","",""
"a0sWD00000Xpb7mYAB","005al00000RVcKvAAL","false","Available One to Many Screen Sections","false","false","true","42366615907807110159","","","",""
"a0sWD00000Xpb7nYAB","005al00000RVcKvAAL","false","Available One to Many Screen Sections","false","false","true","4236661590780711016","","","",""
"a0sWD00000Xpb7oYAB","005al00000RVcKvAAL","false","Available One to Many Screen Sections","false","false","true","42366615907807110161","","","",""
"a0sWD00000Xpb7pYAB","005al00000RVcKvAAL","false","Available One to Many Screen Sections","false","false","true","42366615907807110163","","","",""
"a0sWD00000Xpb7qYAB","005al00000RVcKvAAL","false","Available One to Many Screen Sections","false","false","true","42366615907807110165","","","",""
"a0sWD00000Xpb7rYAB","005al00000RVcKvAAL","false","Available One to Many Screen Sections","false","false","true","42366615907807110167","","","",""
"a0sWD00000Xpb7sYAB","005al00000RVcKvAAL","false","Available One to Many Screen Sections","false","false","true","42366615907807110169","","","",""
"a0sWD00000Xpb7tYAB","005al00000RVcKvAAL","false","Available One to Many Screen Sections","false","false","true","42366615907807110171","","","",""
"a0sWD00000Xpb7uYAB","005al00000RVcKvAAL","false","Available One to Many Screen Sections","false","false","true","42366615907807110173","","","",""
"a0sWD00000Xpb7vYAB","005al00000RVcKvAAL","false","Available One to Many Screen Sections","false","false","true","42366615907807110175","","","",""
"a0sWD00000Xpb7wYAB","005al00000RVcKvAAL","false","Available One to Many Screen Sections","false","false","true","42366615907807110177","","","",""
"a0sWD00000Xpb7xYAB","005al00000RVcKvAAL","false","Available One to Many Screen Sections","false","false","true","42366615907807110179","","","",""
"a0sWD00000Xpb7yYAB","005al00000RVcKvAAL","false","Available One to Many Screen Sections","false","false","true","42366615907807110181","","","",""
"a0sWD00000Xpb7zYAB","005al00000RVcKvAAL","false","Available One to Many Screen Sections","false","false","true","42366615907807110183","","","",""
"a0sWD00000Xpb80YAB","005al00000RVcKvAAL","false","Available One to Many Screen Sections","false","false","true","42366615907807110185","","","",""
"a0sWD00000Xpb81YAB","005al00000RVcKvAAL","false","Available One to Many Screen Sections","false","false","true","42366615907807110187","","","",""
"a0sWD00000Xpb82YAB","005al00000RVcKvAAL","false","Available One to Many Screen Sections","false","false","true","42366615907807110189","","","",""
"a0sWD00000Xpb83YAB","005al00000RVcKvAAL","false","Available One to Many Screen Sections","false","false","true","4236661590780711019","","","",""
"a0sWD00000Xpb84YAB","005al00000RVcKvAAL","false","Available One to Many Screen Sections","false","false","true","42366615907807110191","","","",""
"a0sWD00000Xpb85YAB","005al00000RVcKvAAL","false","Available One to Many Screen Sections","false","false","true","42366615907807110193","","","",""
"a0sWD00000Xpb86YAB","005al00000RVcKvAAL","false","Available One to Many Screen Sections","false","false","true","42366615907807110195","","","",""
"a0sWD00000Xpb87YAB","005al00000RVcKvAAL","false","Available One to Many Screen Sections","false","false","true","42366615907807110197","","","",""
"a0sWD00000Xpb88YAB","005al00000RVcKvAAL","false","Available One to Many Screen Sections","false","false","true","42366615907807110199","","","",""
"a0sWD00000Xpb89YAB","005al00000RVcKvAAL","false","Available One to Many Screen Sections","false","false","true","42366615907807110201","","","",""
"a0sWD00000Xpb8AYAR","005al00000RVcKvAAL","false","Available One to Many Screen Sections","false","false","true","42366615907807110203","","","",""
"a0sWD00000Xpb8BYAR","005al00000RVcKvAAL","false","Available One to Many Screen Sections","false","false","true","42366615907807110205","","","",""
"a0sWD00000Xpb8CYAR","005al00000RVcKvAAL","false","Available One to Many Screen Sections","false","false","true","42366615907807110207","","","",""
"a0sWD00000Xpb8DYAR","005al00000RVcKvAAL","false","Available One to Many Screen Sections","false","false","true","42366615907807110209","","","",""
"a0sWD00000Xpb8EYAR","005al00000RVcKvAAL","false","Available One to Many Screen Sections","false","false","true","42366615907807110211","","","",""
"a0sWD00000Xpb8FYAR","005al00000RVcKvAAL","false","Available One to Many Screen Sections","false","false","true","42366615907807110213","","","",""
"a0sWD00000Xpb8GYAR","005al00000RVcKvAAL","false","Available One to Many Screen Sections","false","false","true","42366615907807110215","","","",""
"a0sWD00000Xpb8HYAR","005al00000RVcKvAAL","false","Available One to Many Screen Sections","false","false","true","42366615907807110217","","","",""
"a0sWD00000Xpb8IYAR","005al00000RVcKvAAL","false","Available One to Many Screen Sections","false","false","true","42366615907807110219","","","",""
"a0sWD00000Xpb8JYAR","005al00000RVcKvAAL","false","Available One to Many Screen Sections","false","false","true","4236661590780711022","","","",""
"a0sWD00000Xpb8KYAR","005al00000RVcKvAAL","false","Available One to Many Screen Sections","false","false","true","42366615907807110221","","","",""
"a0sWD00000Xpb8LYAR","005al00000RVcKvAAL","false","Available One to Many Screen Sections","false","false","true","42366615907807110223","","","",""
"a0sWD00000Xpb8MYAR","005al00000RVcKvAAL","false","Available One to Many Screen Sections","false","false","true","42366615907807110225","","","",""
"a0sWD00000Xpb8NYAR","005al00000RVcKvAAL","false","Available One to Many Screen Sections","false","false","true","42366615907807110227","","","",""
"a0sWD00000Xpb8OYAR","005al00000RVcKvAAL","false","Available One to Many Screen Sections","false","false","true","42366615907807110229","","","",""
"a0sWD00000Xpb8PYAR","005al00000RVcKvAAL","false","Available One to Many Screen Sections","false","false","true","42366615907807110231","","","",""
"a0sWD00000Xpb8QYAR","005al00000RVcKvAAL","false","Available One to Many Screen Sections","false","false","true","42366615907807110233","","","",""
"a0sWD00000Xpb8RYAR","005al00000RVcKvAAL","false","Available One to Many Screen Sections","false","false","true","42366615907807110235","","","",""
"a0sWD00000Xpb8SYAR","005al00000RVcKvAAL","false","Available One to Many Screen Sections","false","false","true","42366615907807110237","","","",""
"a0sWD00000Xpb8TYAR","005al00000RVcKvAAL","false","Available One to Many Screen Sections","false","false","true","42366615907807110239","","","",""
"a0sWD00000Xpb8UYAR","005al00000RVcKvAAL","false","Available One to Many Screen Sections","false","false","true","42366615907807110241","","","",""
"a0sWD00000Xpb8VYAR","005al00000RVcKvAAL","false","Available One to Many Screen Sections","false","false","true","42366615907807110243","","","",""
"a0sWD00000Xpb8WYAR","005al00000RVcKvAAL","false","Available One to Many Screen Sections","false","false","true","42366615907807110245","","","",""
"a0sWD00000Xpb8XYAR","005al00000RVcKvAAL","false","Available One to Many Screen Sections","false","false","true","42366615907807110247","","","",""
"a0sWD00000Xpb8YYAR","005al00000RVcKvAAL","false","Available One to Many Screen Sections","false","false","true","42366615907807110249","","","",""
"a0sWD00000Xpb8ZYAR","005al00000RVcKvAAL","false","Available One to Many Screen Sections","false","false","true","4236661590780711025","","","",""
"a0sWD00000Xpb8aYAB","005al00000RVcKvAAL","false","Available One to Many Screen Sections","false","false","true","42366615907807110251","","","",""
"a0sWD00000Xpb8bYAB","005al00000RVcKvAAL","false","Available One to Many Screen Sections","false","false","true","42366615907807110253","","","",""
"a0sWD00000Xpb8cYAB","005al00000RVcKvAAL","false","Available One to Many Screen Sections","false","false","true","42366615907807110255","","","",""
"a0sWD00000Xpb8dYAB","005al00000RVcKvAAL","false","Available One to Many Screen Sections","false","false","true","4236661590780711027","","","",""
"a0sWD00000Xpb8eYAB","005al00000RVcKvAAL","false","Available One to Many Screen Sections","false","false","true","4236661590780711029","","","",""
"a0sWD00000Xpb8fYAB","005al00000RVcKvAAL","false","Available One to Many Screen Sections","false","false","true","4236661590780711031","","","",""
"a0sWD00000Xpb8gYAB","005al00000RVcKvAAL","false","Available One to Many Screen Sections","false","false","true","4236661590780711033","","","",""
"a0sWD00000Xpb8hYAB","005al00000RVcKvAAL","false","Available One to Many Screen Sections","false","false","true","4236661590780711035","","","",""
"a0sWD00000Xpb8iYAB","005al00000RVcKvAAL","false","Available One to Many Screen Sections","false","false","true","4236661590780711037","","","",""
"a0sWD00000Xpb8jYAB","005al00000RVcKvAAL","false","Available One to Many Screen Sections","false","false","true","4236661590780711039","","","",""
"a0sWD00000Xpb8kYAB","005al00000RVcKvAAL","false","Available One to Many Screen Sections","false","false","true","423666159078071104","","","",""
"a0sWD00000Xpb8lYAB","005al00000RVcKvAAL","false","Available One to Many Screen Sections","false","false","true","4236661590780711041","","","",""
"a0sWD00000Xpb8mYAB","005al00000RVcKvAAL","false","Available One to Many Screen Sections","false","false","true","4236661590780711043","","","",""
"a0sWD00000Xpb8nYAB","005al00000RVcKvAAL","false","Available One to Many Screen Sections","false","false","true","4236661590780711045","","","",""
"a0sWD00000Xpb8oYAB","005al00000RVcKvAAL","false","Available One to Many Screen Sections","false","false","true","4236661590780711047","","","",""
"a0sWD00000Xpb8pYAB","005al00000RVcKvAAL","false","Available One to Many Screen Sections","false","false","true","4236661590780711049","","","",""
"a0sWD00000Xpb8qYAB","005al00000RVcKvAAL","false","Available One to Many Screen Sections","false","false","true","4236661590780711051","","","",""
"a0sWD00000Xpb8rYAB","005al00000RVcKvAAL","false","Available One to Many Screen Sections","false","false","true","4236661590780711053","","","",""
"a0sWD00000Xpb8sYAB","005al00000RVcKvAAL","false","Available One to Many Screen Sections","false","false","true","4236661590780711055","","","",""
"a0sWD00000Xpb8tYAB","005al00000RVcKvAAL","false","Available One to Many Screen Sections","false","false","true","4236661590780711057","","","",""
"a0sWD00000Xpb8uYAB","005al00000RVcKvAAL","false","Available One to Many Screen Sections","false","false","true","4236661590780711059","","","",""
"a0sWD00000Xpb8vYAB","005al00000RVcKvAAL","false","Available One to Many Screen Sections","false","false","true","4236661590780711061","","","",""
"a0sWD00000Xpb8wYAB","005al00000RVcKvAAL","false","Available One to Many Screen Sections","false","false","true","4236661590780711063","","","",""
"a0sWD00000Xpb8xYAB","005al00000RVcKvAAL","false","Available One to Many Screen Sections","false","false","true","4236661590780711065","","","",""
"a0sWD00000Xpb8yYAB","005al00000RVcKvAAL","false","Available One to Many Screen Sections","false","false","true","4236661590780711067","","","",""
"a0sWD00000Xpb8zYAB","005al00000RVcKvAAL","false","Available One to Many Screen Sections","false","false","true","4236661590780711069","","","",""
"a0sWD00000Xpb90YAB","005al00000RVcKvAAL","false","Available One to Many Screen Sections","false","false","true","423666159078071107","","","",""
"a0sWD00000Xpb91YAB","005al00000RVcKvAAL","false","Available One to Many Screen Sections","false","false","true","4236661590780711071","","","",""
"a0sWD00000Xpb92YAB","005al00000RVcKvAAL","false","Available One to Many Screen Sections","false","false","true","4236661590780711073","","","",""
"a0sWD00000Xpb93YAB","005al00000RVcKvAAL","false","Available One to Many Screen Sections","false","false","true","4236661590780711075","","","",""
"a0sWD00000Xpb94YAB","005al00000RVcKvAAL","false","Available One to Many Screen Sections","false","false","true","4236661590780711077","","","",""
"a0sWD00000Xpb95YAB","005al00000RVcKvAAL","false","Available One to Many Screen Sections","false","false","true","4236661590780711079","","","",""
"a0sWD00000Xpb96YAB","005al00000RVcKvAAL","false","Available One to Many Screen Sections","false","false","true","4236661590780711081","","","",""
"a0sWD00000Xpb97YAB","005al00000RVcKvAAL","false","Available One to Many Screen Sections","false","false","true","4236661590780711083","","","",""
"a0sWD00000Xpb98YAB","005al00000RVcKvAAL","false","Available One to Many Screen Sections","false","false","true","4236661590780711085","","","",""
"a0sWD00000Xpb99YAB","005al00000RVcKvAAL","false","Available One to Many Screen Sections","false","false","true","4236661590780711087","","","",""
"a0sWD00000Xpb9AYAR","005al00000RVcKvAAL","false","Available One to Many Screen Sections","false","false","true","4236661590780711089","","","",""
"a0sWD00000Xpb9BYAR","005al00000RVcKvAAL","false","Available One to Many Screen Sections","false","false","true","4236661590780711091","","","",""
"a0sWD00000Xpb9CYAR","005al00000RVcKvAAL","false","Available One to Many Screen Sections","false","false","true","4236661590780711093","","","",""
"a0sWD00000Xpb9DYAR","005al00000RVcKvAAL","false","Available One to Many Screen Sections","false","false","true","4236661590780711095","","","",""
"a0sWD00000Xpb9EYAR","005al00000RVcKvAAL","false","Available One to Many Screen Sections","false","false","true","4236661590780711097","","","",""
"a0sWD00000Xpb9FYAR","005al00000RVcKvAAL","false","Available One to Many Screen Sections","false","false","true","4236661590780711099","","","",""
"a0sWD00000Xpey7YAB","005al00000RVcKvAAL","false","Credit Check","false","false","true","42366714596679893","","","",""
"a0sWD00000Xpey8YAB","005al00000RVcKvAAL","false","Questionnaire Admin Screen Section Lookup Screen","false","false","true","42367365787171648","","","",""
"a0sWD00000Xpey9YAB","005al00000RVcKvAAL","false","Default_Collateral_Search","false","false","true","42367757410018723","","","",""
"a0sWD00000XpbEPYAZ","005al00000RVcKvAAL","false","Roth Contributions","false","false","true","42370082958059837","","","",""
"a0sWD00000XpbEQYAZ","005al00000RVcKvAAL","false","Credit Authorization/Marital Status","false","false","true","42371261383184965","","","",""
"a0sWD00000XpeyAYAR","005al00000RVcKvAAL","false","Application Details","false","false","true","42371841969867105","","","",""
"a0sWD00000Xpb9GYAR","005al00000RVcKvAAL","false","Available Screen Sections","false","false","true","42375967143243576","","","",""
"a0sWD00000Xpb9HYAR","005al00000RVcKvAAL","false","Available Screen Sections","false","false","true","42377036245656591","","","",""
"a0sWD00000XpeonYAB","005al00000RVcKvAAL","false","Standard Review Credit Memo (Account)","true","false","true","42379279229932235","","","",""
"a0sWD00000XpbKUYAZ","005al00000RVcKvAAL","false","Booked Facilities","false","false","true","42380056249585665","","","",""
"a0sWD00000XpeooYAB","005al00000RVcKvAAL","false","Commercial Credit Memo","true","false","true","42380250140254128","","","",""
"a0sWD00000XpeyBYAR","005al00000RVcKvAAL","false","HMDA Screen 1","false","false","true","42381019648540744","","","",""
"a0sWD00000XpeyCYAR","005al00000RVcKvAAL","false","SBA Form 1920","false","false","true","42381748045599735","","","",""
"a0sWD00000XpeyDYAR","005al00000RVcKvAAL","false","InsertJobAdd002","false","false","true","42381817724757597","","","",""
"a0sWD00000XpeyEYAR","005al00000RVcKvAAL","false","SBL OA Possessory Screen","false","false","true","423819221918922441","","","",""
"a0sWD00000YPrrxYAD","005al00000RVcKvAAL","false","DT1.1ScreenName","false","false","true","42383172885058269","","","",""
"a0sWD00000XpRHiYAN","005al00000RVcKvAAL","false","Collateral-Other-Government Contracts","false","false","true","42385715917275967","","","",""
"a0sWD00000XpeyFYAR","005al00000RVcKvAAL","false","Business Contacts","false","false","true","42390385501489381","","","",""
"a0sWD00000XpbDHYAZ","005al00000RVcKvAAL","false","Entity Compliance Screen","false","false","true","42391663700624859","","","",""
"a0sWD00000XpbM6YAJ","005al00000RVcKvAAL","false","Application Details","false","false","true","42393241259581911","","","",""
"a0sWD00000XpRI2YAN","005al00000RVcKvAAL","false","Collateral-Possessory-Credit Life","false","false","true","42394153288848601","","","",""
"a0sWD00000XpeyGYAR","005al00000RVcKvAAL","false","Loan Compliance Screen","false","false","true","42394281192219083","","","",""
"a0sWD00000XpeyHYAR","005al00000RVcKvAAL","false","Order Entry-Retail-Lockbox","false","false","true","42394892137993544","","","",""
"a0sWD00000XpbNGYAZ","005al00000RVcKvAAL","false","SBL Personal (Individual Other Involved)","false","false","true","42395526772715632","","","",""
"a0sWD00000XpeyIYAR","005al00000RVcKvAAL","false","Commercial Short Form","false","false","true","42398650458427432","","","",""
"a0sWD00000XpeyJYAR","005al00000RVcKvAAL","false","Booked Information","false","false","true","42398954716641358","","","",""
"a0sWD00000XpRI5YAN","005al00000RVcKvAAL","false","Collateral-Possessory-Life Insurance","false","false","true","42401059851966033","","","",""
"a0sWD00000XpeyKYAR","005al00000RVcKvAAL","false","Add Beneficial Owner OA","false","false","true","42406043421366938","","","",""
"a0sWD00000Xpb9IYAR","005al00000RVcKvAAL","false","Available Screen Sections","false","false","true","42408597515396741","","","",""
"a0sWD00000Xpb9JYAR","005al00000RVcKvAAL","false","Available Screen Sections","false","false","true","42409805801187142","","","",""
"a0sWD00000XpeyLYAR","005al00000RVcKvAAL","false","Commercial Short Form","false","false","true","42409848565695760","","","",""
"a0sWD00000XpeyMYAR","005al00000RVcKvAAL","false","Enhanced Fees Management","false","false","true","42410400024898972","","","",""
"a0sWD00000XpbMPYAZ","005al00000RVcKvAAL","false","Referral","false","false","true","42410404119994869","","","",""
"a0sWD00000XpbKuYAJ","005al00000RVcKvAAL","false","Third Party Management","false","false","true","42411851997942573","","","",""
"a0sWD00000XpeopYAB","005al00000RVcKvAAL","false","Standard Product Package Credit Memo","true","false","true","42413872987117928","","","",""
"a0sWD00000XpbNIYAZ","005al00000RVcKvAAL","false","Secured SBL Eligibility","false","false","true","42415980332756543","","","",""
"a0sWD00000Xpb9KYAR","005al00000RVcKvAAL","false","SBA Form 1919","false","false","true","42416074893865396","","","",""
"a0sWD00000XpeyNYAR","005al00000RVcKvAAL","false","Deposit Maintenance Delta","false","false","true","42416125947579060","","","",""
"a0sWD00000Xpb9LYAR","005al00000RVcKvAAL","false","Application Details","false","false","true","42416387574958178","","","",""
"a0sWD00000XpbMFYAZ","005al00000RVcKvAAL","false","Draw History Screen","false","false","true","42419863457011593","","","",""
"a0sWD00000XpbDIYAZ","005al00000RVcKvAAL","false","Beneficial Owners","false","false","true","42420206330006732","","","",""
"a0sWD00000Xpb9MYAR","005al00000RVcKvAAL","false","Underwriting Details","false","false","true","42420244195616807","","","",""
"a0sWD00000XpeyOYAR","005al00000RVcKvAAL","false","Application Details","false","false","true","42420745464107458","","","",""
"a0sWD00000XpeyPYAR","005al00000RVcKvAAL","false","Loan Dashboard","false","false","true","42422837160654506","","","",""
"a0sWD00000XpeyQYAR","005al00000RVcKvAAL","false","Pricing","false","false","true","42423483600249987","","","",""
"a0sWD00000XpeyRYAR","005al00000RVcKvAAL","false","Credit Actions New Package Details","false","false","true","42423539491217514","","","",""
"a0sWD00000XpeySYAR","005al00000RVcKvAAL","false","InsertJobAdd003","false","false","true","42424982762502654","","","",""
"a0sWD00000XpeoqYAB","005al00000RVcKvAAL","false","Loan Credit Memo","false","false","true","42425107493143592","","","",""
"a0sWD00000XpeyTYAR","005al00000RVcKvAAL","false","Loans","false","false","true","42425524213514615","","","",""
"a0sWD00000Xpb9NYAR","005al00000RVcKvAAL","false","RL Personal (Individual Other Involved)","false","false","true","42426004248565116","","","",""
"a0sWD00000XpeyUYAR","005al00000RVcKvAAL","false","Team Members","false","false","true","42427614166878100","","","",""
"a0sWD00000XpeorYAB","005al00000RVcKvAAL","false","Loan Credit Memo","true","false","true","42428473356829361","","","",""
"a0sWD00000XpeyVYAR","005al00000RVcKvAAL","false","Pricing","false","false","true","42429161203264147","","","",""
"a0sWD00000XpeosYAB","005al00000RVcKvAAL","false","Loan Credit Memo","false","false","true","42429337738621246","","","",""
"a0sWD00000XpbLyYAJ","005al00000RVcKvAAL","false","Change Memo","false","false","true","42432836327202375","","","",""
"a0sWD00000XpeyWYAR","005al00000RVcKvAAL","false","Possessory Securities","false","false","true","42433376180502612","","","",""
"a0sWD00000XpeyXYAR","005al00000RVcKvAAL","false","Other Information","false","false","true","42433450814711371","","","",""
"a0sWD00000XpeyYYAR","005al00000RVcKvAAL","false","Real Estate Default Pledged Collateral Edit Screen","false","false","true","42434056664701194","","","",""
"a0sWD00000XpeyZYAR","005al00000RVcKvAAL","false","Business Type","false","false","true","42434722708089914","","","",""
"a0sWD00000XpeyaYAB","005al00000RVcKvAAL","false","Entity Involvement New Relationship","false","false","true","42435237414302387","","","",""
"a0sWD00000Xpb9OYAR","005al00000RVcKvAAL","false","RL Eligibility","false","false","true","42435399078181112","","","",""
"a0sWD00000XpbDJYAZ","005al00000RVcKvAAL","false","Add Others Involved MRF","false","false","true","42436459684933691","","","",""
"a0sWD00000XpRHvYAN","005al00000RVcKvAAL","false","Collateral-Titled-Ship","false","false","true","42437151313046644","","","",""
"a0sWD00000XpeybYAB","005al00000RVcKvAAL","false","Participation","false","false","true","42438899129115921","","","",""
"a0sWD00000XpbMVYAZ","005al00000RVcKvAAL","false","Budget Details","false","false","true","42438936865131651","","","",""
"a0sWD00000XpeycYAB","005al00000RVcKvAAL","false","Available Screen Sections","false","false","true","42439931927229061","","","",""
"a0sWD00000XpeydYAB","005al00000RVcKvAAL","false","Draw History Screen","false","false","true","42439946473651273","","","",""
"a0sWD00000XpRI4YAN","005al00000RVcKvAAL","false","Collateral-Possessory-Savings/CDs","false","false","true","42440767386795598","","","",""
"a0sWD00000XpeyeYAB","005al00000RVcKvAAL","false","RL Personal (Individual Other Involved)","false","false","true","42440836024236349","","","",""
"a0sWD00000XpeyfYAB","005al00000RVcKvAAL","false","Commercial Full Analysis","false","false","true","42441493558185512","","","",""
"a0sWD00000XpeygYAB","005al00000RVcKvAAL","false","Housing Expenses","false","false","true","42442891063017701","","","",""
"a0sWD00000XpbKlYAJ","005al00000RVcKvAAL","false","Copy Loan","false","false","true","42443303677598944","","","",""
"a0sWD00000XpfSoYAJ","005al00000RVcKvAAL","false","Add Others Involved MRF","false","false","true","42443957461984030","","","",""
"a0sWD00000Xpb9PYAR","005al00000RVcKvAAL","false","Memo","false","false","true","42444467222185355","","","",""
"a0sWD00000XpeyhYAB","005al00000RVcKvAAL","false","SBA Form 652","false","false","true","42444637315999460","","","",""
"a0sWD00000Xpb9QYAR","005al00000RVcKvAAL","false","SBA Form 1920","false","false","true","42444688549380816","","","",""
"a0sWD00000Xpb9RYAR","005al00000RVcKvAAL","false","Loan Application","false","false","true","42447459765222498","","","",""
"a0sWD00000XpbKNYAZ","005al00000RVcKvAAL","false","Payment Structure","false","false","true","42448651673900408","","","",""
"a0sWD00000XpeyiYAB","005al00000RVcKvAAL","false","Commercial Short Form","false","false","true","42449182782242287","","","",""
"a0sWD00000XpeyjYAB","005al00000RVcKvAAL","false","Loan Dashboard","false","false","true","42449335494935145","","","",""
"a0sWD00000XpeykYAB","005al00000RVcKvAAL","false","Details","false","false","true","42449541187779941","","","",""
"a0sWD00000XpeylYAB","005al00000RVcKvAAL","false","Total Exposure","false","false","true","42450775887777763","","","",""
"a0sWD00000XpeymYAB","005al00000RVcKvAAL","false","Adverse Actions","false","false","true","42452988600451957","","","",""
"a0sWD00000XpfUCYAZ","005al00000RVcKvAAL","false","Row Edit All Loan Facilities","false","false","true","42453423598343751","","","",""
"a0sWD00000XpeynYAB","005al00000RVcKvAAL","false","Fees","false","false","true","42453472280893373","","","",""
"a0sWD00000XpbMHYAZ","005al00000RVcKvAAL","false","Memo Details","false","false","true","42453478693303001","","","",""
"a0sWD00000XpeyoYAB","005al00000RVcKvAAL","false","HMDA Screen 1","false","false","true","42453510140478270","","","",""
"a0sWD00000XpbDKYAZ","005al00000RVcKvAAL","false","Rate & Payment Structure","false","false","true","42454304015867314","","","",""
"a0sWD00000XpeypYAB","005al00000RVcKvAAL","false","Entity Compliance Screen","false","false","true","42456562269041376","","","",""
"a0sWD00000XpeslYAB","005al00000RVcKvAAL","false","Product Package Collateral2","false","false","true","42456617561636458","","","",""
"a0sWD00000XpeyqYAB","005al00000RVcKvAAL","false","Application Details","false","false","true","42458216855941379","","","",""
"a0sWD00000XpeyrYAB","005al00000RVcKvAAL","false","Needs Assessment","false","false","true","42458359798926362","","","",""
"a0sWD00000XpeysYAB","005al00000RVcKvAAL","false","Funding Methods","false","false","true","42458384193774495","","","",""
"a0sWD00000Xpb9SYAR","005al00000RVcKvAAL","false","SBA Express Loan Authorization","false","false","true","42459082135169084","","","",""
"a0sWD00000XpeytYAB","005al00000RVcKvAAL","false","Stage History","false","false","true","42459401389122112","","","",""
"a0sWD00000XpRHpYAN","005al00000RVcKvAAL","false","Collateral-Titled-Mobile Home","false","false","true","42461395767237886","","","",""
"a0sWD00000XpRHuYAN","005al00000RVcKvAAL","false","Collateral-Possessory-Stocks","false","false","true","42463981752592188","","","",""
"a0sWD00000Xpb9TYAR","005al00000RVcKvAAL","false","Deposit Products","false","false","true","42464191242067167","","","",""
"a0sWD00000XpeyuYAB","005al00000RVcKvAAL","false","Underwriting Details","false","false","true","42465206932198217","","","",""
"a0sWD00000XpeyvYAB","005al00000RVcKvAAL","false","Commercial Full Analysis","false","false","true","42466971359657163","","","",""
"a0sWD00000XpeywYAB","005al00000RVcKvAAL","false","Borrowing Structure","false","false","true","42467220077290221","","","",""
"a0sWD00000XpeyxYAB","005al00000RVcKvAAL","false","Small Business Full Analysis","false","false","true","42468636806874832","","","",""
"a0sWD00000XpeyyYAB","005al00000RVcKvAAL","false","Available Screen Sections","false","false","true","42469818003735226","","","",""
"a0sWD00000XpeyzYAB","005al00000RVcKvAAL","false","Secured SBL Eligibility","false","false","true","42471146315389873","","","",""
"a0sWD00000XpbF3YAJ","005al00000RVcKvAAL","false","Loan Information","false","false","true","42471436313323417","","","",""
"a0sWD00000Xpb9UYAR","005al00000RVcKvAAL","false","SBA Form G845","false","false","true","42471724685478023","","","",""
"a0sWD00000Xpez0YAB","005al00000RVcKvAAL","false","Commercial Short Form","false","false","true","42471916709071369","","","",""
"a0sWD00000XpbKKYAZ","005al00000RVcKvAAL","false","Origination - Screen","false","false","true","42472270104121077","","","",""
"a0sWD00000Xpez1YAB","005al00000RVcKvAAL","false","Loan Information","false","false","true","42472352690517729","","","",""
"a0sWD00000Xpb9VYAR","005al00000RVcKvAAL","false","SBA Form 1920","false","false","true","42472429494470650","","","",""
"a0sWD00000Xpez2YAB","005al00000RVcKvAAL","false","Covenant Compliances","false","false","true","42472507074627927","","","",""
"a0sWD00000Xpez3YAB","005al00000RVcKvAAL","false","Deposits","false","false","true","42472880486688640","","","",""
"a0sWD00000Xpez4YAB","005al00000RVcKvAAL","false","DEP Business Info","false","false","true","42474087745286735","","","",""
"a0sWD00000Xpez5YAB","005al00000RVcKvAAL","false","Participation","false","false","true","42474218195955770","","","",""
"a0sWD00000Xpez6YAB","005al00000RVcKvAAL","false","InsertJobAdd003","false","false","true","42475048297462106","","","",""
"a0sWD00000Xpez7YAB","005al00000RVcKvAAL","false","Available Screen Sections","false","false","true","42476827773778286","","","",""
"a0sWD00000Xq1y1YAB","005al00000RVcKvAAL","false","Screen Rec 0001","false","false","true","42477380238870433","","","",""
"a0sWD00000XpbLwYAJ","005al00000RVcKvAAL","false","Loan Details","false","false","true","42477760115293706","","","",""
"a0sWD00000Xpez8YAB","005al00000RVcKvAAL","false","HMDA Screen 1","false","false","true","42478342401516680","","","",""
"a0sWD00000XpeotYAB","005al00000RVcKvAAL","false","Loan Credit Memo","false","false","true","42478766807940886","","","",""
"a0sWD00000Xpb9WYAR","005al00000RVcKvAAL","false","Additional Conditions","false","false","true","42478995042737688","","","",""
"a0sWD00000XpbDLYAZ","005al00000RVcKvAAL","false","Risk Rating","false","false","true","42479930579628378","","","",""
"a0sWD00000Xpez9YAB","005al00000RVcKvAAL","false","Liens","false","false","true","42480155786084437","","","",""
"a0sWD00000XpezAYAR","005al00000RVcKvAAL","false","Available Screen Sections","false","false","true","42480646719830802","","","",""
"a0sWD00000XpezBYAR","005al00000RVcKvAAL","false","Injections","false","false","true","42481383031741100","","","",""
"a0sWD00000XpezCYAR","005al00000RVcKvAAL","false","Collateral Owned","false","false","true","42481468470818571","","","",""
"a0sWD00000XpbF4YAJ","005al00000RVcKvAAL","false","Loan Information","false","false","true","42483057015138499","","","",""
"a0sWD00000XpezDYAR","005al00000RVcKvAAL","false","Collateral Summary","false","false","true","42483754655095774","","","",""
"a0sWD00000XpbKgYAJ","005al00000RVcKvAAL","false","Entity Compliance Screen","false","false","true","42484621918140548","","","",""
"a0sWD00000XpezEYAR","005al00000RVcKvAAL","false","Memos Booked","false","false","true","42485363091172555","","","",""
"a0sWD00000XpezFYAR","005al00000RVcKvAAL","false","Borrowing Structure Information","false","false","true","42486642209177620","","","",""
"a0sWD00000XpezGYAR","005al00000RVcKvAAL","false","QA-Test for Segment","false","false","true","42487428166226564","","","",""
"a0sWD00000XpfSpYAJ","005al00000RVcKvAAL","false","Other Purpose - Dummy Screen","false","false","true","42490357638977375","","","",""
"a0sWD00000XpezHYAR","005al00000RVcKvAAL","false","InsertJobAdded","false","false","true","42490853296788056","","","",""
"a0sWD00000XpezIYAR","005al00000RVcKvAAL","false","Commercial Full Analysis","false","false","true","42491733301577433","","","",""
"a0sWD00000XpezJYAR","005al00000RVcKvAAL","false","Enhanced Fees Management","false","false","true","42492117272647061","","","",""
"a0sWD00000cHTmCYAW","005al00000RVcKvAAL","false","nFORCE  Screen Record 004","true","true","false","42492969487934144","","","",""
"a0sWD00000XpezKYAR","005al00000RVcKvAAL","false","Business Type","false","false","true","42494704283013048","","","",""
"a0sWD00000XpbDMYAZ","005al00000RVcKvAAL","false","Income/Debt/Asset","false","false","true","42495888365913731","","","",""
"a0sWD00000XpezLYAR","005al00000RVcKvAAL","false","Default Pledged Leased Asset Edit Screen","false","false","true","42496576451894164","","","",""
"a0sWD00000XpfWKYAZ","005al00000RVcKvAAL","false","Entity Involvement New Relationship","false","false","true","42498411924731353","","","",""
"a0sWD00000Xpb9XYAR","005al00000RVcKvAAL","false","Available Screen Sections","false","false","true","42500217811994715","","","",""
"a0sWD00000XpezMYAR","005al00000RVcKvAAL","false","Add Beneficial Owner OA","false","false","true","42500349184318131","","","",""
"a0sWD00000XpezNYAR","005al00000RVcKvAAL","false","Deposit Products","false","false","true","42500980115863985","","","",""
"a0sWD00000XpezOYAR","005al00000RVcKvAAL","false","nCino UI Configuration Builder","false","false","true","42503206543643439","","","",""
"a0sWD00000XpezPYAR","005al00000RVcKvAAL","false","Collateral2","false","false","true","42504371925953580","","","",""
"a0sWD00000XpezQYAR","005al00000RVcKvAAL","false","Commercial Short Form","false","false","true","42504915253405595","","","",""
"a0sWD00000XpbLDYAZ","005al00000RVcKvAAL","false","Balance Details","false","false","true","42506447999100246","","","",""
"a0sWD00000XpezRYAR","005al00000RVcKvAAL","false","Loan Information","false","false","true","42506831582791642","","","",""
"a0sWD00000XpezSYAR","005al00000RVcKvAAL","false","Beneficiary","false","false","true","42508526660955824","","","",""
"a0sWD00000XpbMXYAZ","005al00000RVcKvAAL","false","CRA Screen","false","false","true","42508794583138413","","","",""
"a0sWD00000XpezTYAR","005al00000RVcKvAAL","false","Use of Proceeds","false","false","true","42509207720394040","","","",""
"a0sWD00000XpbNCYAZ","005al00000RVcKvAAL","false","Secured SBL Business Info","false","false","true","42509691136301749","","","",""
"a0sWD00000XpezUYAR","005al00000RVcKvAAL","false","Counterparty Report Topbar","false","false","true","42509771473636985","","","",""
"a0sWD00000XpezVYAR","005al00000RVcKvAAL","false","nCino UI Configuration Builder","false","false","true","42510141547323044","","","",""
"a0sWD00000XpeouYAB","005al00000RVcKvAAL","false","Standard Product Package Commercial Credit Memo","true","false","true","42512714037884785","","","",""
"a0sWD00000XpeovYAB","005al00000RVcKvAAL","false","Master Product Package Credit Memo","true","false","true","42513758426634757","","","",""
"a0sWD00000XpezWYAR","005al00000RVcKvAAL","false","Secured SBL Personal (Individual Other Involved)","false","false","true","42513885672800007","","","",""
"a0sWD00000XpezXYAR","005al00000RVcKvAAL","false","SBA Form 10","false","false","true","42516292548334303","","","",""
"a0sWD00000XpeowYAB","005al00000RVcKvAAL","false","Commercial Credit Memo","true","false","true","42517690636544172","","","",""
"a0sWD00000XpbNHYAZ","005al00000RVcKvAAL","false","Available Screen Sections","false","false","true","42518046726897075","","","",""
"a0sWD00000XpezYYAR","005al00000RVcKvAAL","false","Small Business Full  Analysis","false","false","true","42518308550614776","","","",""
"a0sWD00000XpbL4YAJ","005al00000RVcKvAAL","false","Enhanced Fees Management","false","false","true","42519280233404703","","","",""
"a0sWD00000XpezZYAR","005al00000RVcKvAAL","false","Overview","false","false","true","42519306384131036","","","",""
"a0sWD00000XpbKpYAJ","005al00000RVcKvAAL","false","Underwriting Details","false","false","true","42520577919445796","","","",""
"a0sWD00000cHTmDYAW","005al00000RVcKvAAL","false","nFORCE  Screen Record 010","false","true","false","42521235928550054","","","",""
"a0sWD00000XpbDNYAZ","005al00000RVcKvAAL","false","DEP Business Info","false","false","true","42521926955999322","","","",""
"a0sWD00000XpbDOYAZ","005al00000RVcKvAAL","false","Secured SBL Eligibility - Test PDI","false","false","true","42522355733503858","","","",""
"a0sWD00000XpezaYAB","005al00000RVcKvAAL","false","Commercial Full Analysis","false","false","true","42523756239358090","","","",""
"a0sWD00000XpRHlYAN","005al00000RVcKvAAL","false","Default Pledged Leased Asset Edit Screen","false","false","true","42524349854296463","","","",""
"a0sWD00000XpezbYAB","005al00000RVcKvAAL","false","Participations","false","false","true","42524463721706764","","","",""
"a0sWD00000Xpb9YYAR","005al00000RVcKvAAL","false","Application Details","false","false","true","42524769303520840","","","",""
"a0sWD00000Xpb9ZYAR","005al00000RVcKvAAL","false","Optional Balloon Loan","false","false","true","425247693035208401","","","",""
"a0sWD00000XpezcYAB","005al00000RVcKvAAL","false","Application Details","false","false","true","42525255491941737","","","",""
"a0sWD00000XpezdYAB","005al00000RVcKvAAL","false","Commercial Full Analysis","false","false","true","42526019738912325","","","",""
"a0sWD00000XpfSqYAJ","005al00000RVcKvAAL","false","Fees","false","false","true","42527494359460541","","","",""
"a0sWD00000XpezeYAB","005al00000RVcKvAAL","false","Covenants","false","false","true","42527723554099189","","","",""
"a0sWD00000XpezfYAB","005al00000RVcKvAAL","false","SBA Form 1920","false","false","true","42528039183746342","","","",""
"a0sWD00000XpezgYAB","005al00000RVcKvAAL","false","Available Screen Sections","false","false","true","42529077051987754","","","",""
"a0sWD00000XpezhYAB","005al00000RVcKvAAL","false","Draw History Screen","false","false","true","42529440603139250","","","",""
"a0sWD00000XpbF5YAJ","005al00000RVcKvAAL","false","Supplementary Details","false","false","true","42530585031003565","","","",""
"a0sWD00000XpeziYAB","005al00000RVcKvAAL","false","Collateral","false","false","true","42530622438525616","","","",""
"a0sWD00000XpezjYAB","005al00000RVcKvAAL","false","Collateral Pledged","false","false","true","42530939481392589","","","",""
"a0sWD00000XpezkYAB","005al00000RVcKvAAL","false","SMB Full Analysis/Writeup","false","false","true","42532034774962506","","","",""
"a0sWD00000XpezlYAB","005al00000RVcKvAAL","false","Construction Details","false","false","true","42532137862296268","","","",""
"a0sWD00000Xpb9aYAB","005al00000RVcKvAAL","false","SBA Form 159","false","false","true","42532180679580861","","","",""
"a0sWD00000XpezmYAB","005al00000RVcKvAAL","false","DEP Personal Info (Additional Owner)","false","false","true","42533652967507845","","","",""
"a0sWD00000XpbF6YAJ","005al00000RVcKvAAL","false","Loan Information","false","false","true","42534403815343112","","","",""
"a0sWD00000XpeznYAB","005al00000RVcKvAAL","false","Available One to Many Screen Sections","false","false","true","425367115063739971","","","",""
"a0sWD00000XpezoYAB","005al00000RVcKvAAL","false","Loan Details - Eligibility LOC","false","false","true","42537220892440016","","","",""
"a0sWD00000XpezpYAB","005al00000RVcKvAAL","false","Small Business Short Form","false","false","true","42542612523395268","","","",""
"a0sWD00000XpezqYAB","005al00000RVcKvAAL","false","Product Package Entity","false","false","true","42544644245975947","","","",""
"a0sWD00000XpezrYAB","005al00000RVcKvAAL","false","SBA Form 652","false","false","true","42546798094737914","","","",""
"a0sWD00000Xpb9bYAB","005al00000RVcKvAAL","false","Available Screen Sections","false","false","true","42547554951755541","","","",""
"a0sWD00000Xpb9cYAB","005al00000RVcKvAAL","false","Available Screen Sections","false","false","true","42548454303640585","","","",""
"a0sWD00000Xpb9dYAB","005al00000RVcKvAAL","false","SBA Loan Authorization","false","false","true","42549108122041790","","","",""
"a0sWD00000XpezsYAB","005al00000RVcKvAAL","false","Loans","false","false","true","42549898107565224","","","",""
"a0sWD00000XpeztYAB","005al00000RVcKvAAL","false","Service Requests","false","false","true","42550940188388106","","","",""
"a0sWD00000XpezuYAB","005al00000RVcKvAAL","false","Financial Difficulty","false","false","true","42551206598305139","","","",""
"a0sWD00000XpezvYAB","005al00000RVcKvAAL","false","Commercial Full Analysis","false","false","true","42551377756198096","","","",""
"a0sWD00000Xpb9eYAB","005al00000RVcKvAAL","false","Available Screen Sections","false","false","true","42552507167472630","","","",""
"a0sWD00000XpbF7YAJ","005al00000RVcKvAAL","false","Credit Memo Narrative","false","false","true","42552912179786949","","","",""
"a0sWD00000XpbDPYAZ","005al00000RVcKvAAL","false","Add Others Involved MRF","false","false","true","42552938228272786","","","",""
"a0sWD00000XpezwYAB","005al00000RVcKvAAL","false","Secured SBL Business Info","false","false","true","42555705544699830","","","",""
"a0sWD00000XpezxYAB","005al00000RVcKvAAL","false","Referral","false","false","true","42557572895501566","","","",""
"a0sWD00000XpbKOYAZ","005al00000RVcKvAAL","false","Rate Structure","false","false","true","42558854118324394","","","",""
"a0sWD00000XpezyYAB","005al00000RVcKvAAL","false","Syndications Summary","false","false","true","42559872851478052","","","",""
"a0sWD00000XpbF8YAJ","005al00000RVcKvAAL","false","Acceptance","false","false","true","42560640919494297","","","",""
"a0sWD00000XpezzYAB","005al00000RVcKvAAL","false","InsertJobAdd003","false","false","true","42563205162708032","","","",""
"a0sWD00000Xpb9fYAB","005al00000RVcKvAAL","false","Available Screen Sections","false","false","true","42563550023379214","","","",""
"a0sWD00000Xpf00YAB","005al00000RVcKvAAL","false","nCino UI Configuration Builder","false","false","true","42564046207694055","","","",""
"a0sWD00000Xpf01YAB","005al00000RVcKvAAL","false","Certifications","false","false","true","42567596968198978","","","",""
"a0sWD00000Xpb9gYAB","005al00000RVcKvAAL","false","Loan Products","false","false","true","42567764686172869","","","",""
"a0sWD00000Xpf02YAB","005al00000RVcKvAAL","false","Manage Budget Screen","false","false","true","42568142233664360","","","",""
"a0sWD00000Xpf03YAB","005al00000RVcKvAAL","false","Adverse Actions","false","false","true","42569951964123175","","","",""
"a0sWD00000XpeoxYAB","005al00000RVcKvAAL","false","Loan Credit Memo","false","false","true","42570557605334825","","","",""
"a0sWD00000Xpb9hYAB","005al00000RVcKvAAL","false","Collateral2Assets","false","false","true","42572175721289664","","","",""
"a0sWD00000XpeoyYAB","005al00000RVcKvAAL","false","Standard Product Package Credit Memo","true","false","true","42574703947997210","","","",""
"a0sWD00000Xpf04YAB","005al00000RVcKvAAL","false","Business Info - Locked","false","false","true","42575505483637080","","","",""
"a0sWD00000XpRHsYAN","005al00000RVcKvAAL","false","Collateral-Possessory-Revocable Letter of Credit","false","false","true","42576262737384334","","","",""
"a0sWD00000Xpb9iYAB","005al00000RVcKvAAL","false","Available Screen Sections","false","false","true","42576748687733812","","","",""
"a0sWD00000Xpf05YAB","005al00000RVcKvAAL","false","Narrative Booked","false","false","true","42577779087220683","","","",""
"a0sWD00000XpbF9YAJ","005al00000RVcKvAAL","false","Insurance","false","false","true","42577798839968707","","","",""
"a0sWD00000XpeozYAB","005al00000RVcKvAAL","false","Standard Product Package Credit Memo","true","false","true","42581514825086265","","","",""
"a0sWD00000Xq1y2YAB","005al00000RVcKvAAL","false","Screen Rec 05 Updated","false","false","true","42581797719252608","","","",""
"a0sWD00000XpRHzYAN","005al00000RVcKvAAL","false","Collateral-Titled-Aircraft","false","false","true","42581909766045101","","","",""
"a0sWD00000XpbDQYAZ","005al00000RVcKvAAL","false","Collateral - Locked","false","false","true","42582888066068259","","","",""
"a0sWD00000XpbM7YAJ","005al00000RVcKvAAL","false","Counterparty Report","false","false","true","42582982089307696","","","",""
"a0sWD00000XpbFAYAZ","005al00000RVcKvAAL","false","Industry Specific Information","false","false","true","42583235685340065","","","",""
"a0sWD00000Xpb9jYAB","005al00000RVcKvAAL","false","Available One to Many Screen Sections","false","false","true","425833549245594371","","","",""
"a0sWD00000Xpb9kYAB","005al00000RVcKvAAL","false","Enhanced Fees Management","false","false","true","42584277321636193","","","",""
"a0sWD00000Xpep0YAB","005al00000RVcKvAAL","false","Product Package Credit Memo","false","false","true","42585795068864816","","","",""
"a0sWD00000Xpf06YAB","005al00000RVcKvAAL","false","Add Income","false","false","true","42586303332755693","","","",""
"a0sWD00000XpUU7YAN","005al00000RVcKvAAL","false","id-documents-screen","false","false","true","42586691742860430","","","",""
"a0sWD00000Xpep1YAB","005al00000RVcKvAAL","false","Loan Credit Memo","true","false","true","42586807919356785","","","",""
"a0sWD00000XpfSrYAJ","005al00000RVcKvAAL","false","RS ES screens","false","false","true","42588601566534701","","","",""
"a0sWD00000Xpb9lYAB","005al00000RVcKvAAL","false","Borrowing Structure","false","false","true","4259332982860135","","","",""
"a0sWD00000XpfSsYAJ","005al00000RVcKvAAL","false","RS Screens","false","false","true","42594570595042304","","","",""
"a0sWD00000Xpf07YAB","005al00000RVcKvAAL","false","InsertJobAdd001","false","false","true","42596299427470576","","","",""
"a0sWD00000XpbKwYAJ","005al00000RVcKvAAL","false","Rate & Payment Structure","false","false","true","42597613353871482","","","",""
"a0sWD00000XpbDRYAZ","005al00000RVcKvAAL","false","Next Steps","false","false","true","42597622962511405","","","",""
"a0sWD00000Xpf08YAB","005al00000RVcKvAAL","false","SMB Short Form","false","false","true","42599391017268555","","","",""
"a0sWD00000Xq1y3YAB","005al00000RVcKvAAL","false","Screen Rec 04 Updated","false","false","true","42601663812001235","","","",""
"a0sWD00000Xpb9mYAB","005al00000RVcKvAAL","false","Third Party Management","false","false","true","42601708187893789","","","",""
"a0sWD00000XpfW9YAJ","005al00000RVcKvAAL","false","HMDA Screen 1","false","false","true","42601932652128328","","","",""
"a0sWD00000Xpf09YAB","005al00000RVcKvAAL","false","insertNewJob02","false","false","true","42601953832199941","","","",""
"a0sWD00000Xpb9nYAB","005al00000RVcKvAAL","false","Available Screen Sections","false","false","true","42602768168224267","","","",""
"a0sWD00000Xpf0AYAR","005al00000RVcKvAAL","false","Deposit Products","false","false","true","42602794258078269","","","",""
"a0sWD00000Xpep2YAB","005al00000RVcKvAAL","false","Loan Credit Memo","false","false","true","42603231845940521","","","",""
"a0sWD00000Xpf0BYAR","005al00000RVcKvAAL","false","Standard Review Credit Memo (Product Package)","true","false","true","42603297499115674","","","",""
"a0sWD00000Xpb9oYAB","005al00000RVcKvAAL","false","Add RDC Scanner","false","false","true","4260341211167783167","","","",""
"a0sWD00000Xpb9pYAB","005al00000RVcKvAAL","false","Available One to Many Screen Sections","false","false","true","4260341270267783112","","","",""
"a0sWD00000Xpb9qYAB","005al00000RVcKvAAL","false","Available Screen Sections","false","false","true","4260341270267783114","","","",""
"a0sWD00000Xpb9rYAB","005al00000RVcKvAAL","false","Available One to Many Screen Sections","false","false","true","426034127026778312","","","",""
"a0sWD00000Xpb9sYAB","005al00000RVcKvAAL","false","Available One to Many Screen Sections","false","false","true","4260341270267783122","","","",""
"a0sWD00000Xpb9tYAB","005al00000RVcKvAAL","false","Available Screen Sections","false","false","true","4260341270267783124","","","",""
"a0sWD00000Xpb9uYAB","005al00000RVcKvAAL","false","Available One to Many Screen Sections","false","false","true","4260341270267783132","","","",""
"a0sWD00000Xpb9vYAB","005al00000RVcKvAAL","false","Available Screen Sections","false","false","true","4260341270267783134","","","",""
"a0sWD00000Xpb9wYAB","005al00000RVcKvAAL","false","Available Screen Sections","false","false","true","426034127026778314","","","",""
"a0sWD00000Xpb9xYAB","005al00000RVcKvAAL","false","Modify","false","false","true","4260341270267783155","","","",""
"a0sWD00000Xpb9yYAB","005al00000RVcKvAAL","false","Add","false","false","true","4260341270267783158","","","",""
"a0sWD00000Xpb9zYAB","005al00000RVcKvAAL","false","Change","false","false","true","4260341270267783161","","","",""
"a0sWD00000XpbA0YAJ","005al00000RVcKvAAL","false","Delete","false","false","true","4260341270267783164","","","",""
"a0sWD00000XpbA1YAJ","005al00000RVcKvAAL","false","RDC Scanner Updates","false","false","true","4260341270267783167","","","",""
"a0sWD00000Xpf0CYAR","005al00000RVcKvAAL","false","Add","false","false","true","4260341270267783170","","","",""
"a0sWD00000Xpf0DYAR","005al00000RVcKvAAL","false","Change","false","false","true","4260341270267783173","","","",""
"a0sWD00000Xpf0EYAR","005al00000RVcKvAAL","false","Delete","false","false","true","4260341270267783176","","","",""
"a0sWD00000XpbA2YAJ","005al00000RVcKvAAL","false","Change Authorized User Access","false","false","true","4260341270267783179","","","",""
"a0sWD00000XpbA3YAJ","005al00000RVcKvAAL","false","AU Access","false","false","true","4260341270267783182","","","",""
"a0sWD00000Xpf0FYAR","005al00000RVcKvAAL","false","Change","false","false","true","4260341270267783185","","","",""
"a0sWD00000XpbA4YAJ","005al00000RVcKvAAL","false","LockboxDetails","false","false","true","4260341270267783188","","","",""
"a0sWD00000XpbA5YAJ","005al00000RVcKvAAL","false","LockboxLocationDetails","false","false","true","4260341270267783191","","","",""
"a0sWD00000XpbA6YAJ","005al00000RVcKvAAL","false","AU Changes","false","false","true","4260341270267783194","","","",""
"a0sWD00000XpbLxYAJ","005al00000RVcKvAAL","false","Pricing","false","false","true","42603748046132357","","","",""
"a0sWD00000Xpf0GYAR","005al00000RVcKvAAL","false","Credit Memo - Long Form","false","false","true","42604838885981004","","","",""
"a0sWD00000Xpf0HYAR","005al00000RVcKvAAL","false","Details","false","false","true","42605346514481578","","","",""
"a0sWD00000Xpep3YAB","005al00000RVcKvAAL","false","Loan Credit Memo","false","false","true","42606781071275216","","","",""
"a0sWD00000Xpep4YAB","005al00000RVcKvAAL","false","Small Business Credit Memo","true","false","true","42606918321462534","","","",""
"a0sWD00000Xpf0IYAR","005al00000RVcKvAAL","false","Loan Application","false","false","true","42607203058050837","","","",""
"a0sWD00000Xpf0JYAR","005al00000RVcKvAAL","false","Editable Fields","false","false","true","42607559353883590","","","",""
"a0sWD00000XpbLzYAJ","005al00000RVcKvAAL","false","Application Details","false","false","true","42607933161237870","","","",""
"a0sWD00000cHTmEYAW","005al00000RVcKvAAL","false","nFORCE  Screen Record 007","false","false","false","4260855882354623","","","",""
"a0sWD00000Xpf0KYAR","005al00000RVcKvAAL","false","Available Screen Sections","false","false","true","42609663537891456","","","",""
"a0sWD00000Xpf0LYAR","005al00000RVcKvAAL","false","Opportunities","false","false","true","42610408719853443","","","",""
"a0sWD00000Xpf0MYAR","005al00000RVcKvAAL","false","Use of Proceeds","false","false","true","42610714928880623","","","",""
"a0sWD00000Xpf0NYAR","005al00000RVcKvAAL","false","SBL Business Info","false","false","true","42610726081057716","","","",""
"a0sWD00000Xpf0OYAR","005al00000RVcKvAAL","false","InsertJobAdd002","false","false","true","42614229841357625","","","",""
"a0sWD00000XpbA7YAJ","005al00000RVcKvAAL","false","Application Details","false","false","true","42614756889733027","","","",""
"a0sWD00000XpbERYAZ","005al00000RVcKvAAL","false","Rates and APY","false","false","true","42615384382748734","","","",""
"a0sWD00000Xpf0PYAR","005al00000RVcKvAAL","false","Commercial Short Form","false","false","true","42616661627838118","","","",""
"a0sWD00000Xpf0QYAR","005al00000RVcKvAAL","false","Titled Default Pledged Collateral Edit Screen","false","false","true","42617227847727072","","","",""
"a0sWD00000Xpf0RYAR","005al00000RVcKvAAL","false","Small Business Full  Analysis","false","false","true","42619033596591552","","","",""
"a0sWD00000XpbDSYAZ","005al00000RVcKvAAL","false","Next Steps","false","false","true","42621602764631367","","","",""
"a0sWD00000XpbKhYAJ","005al00000RVcKvAAL","false","Manage Budget Screen","false","false","true","42622713689821035","","","",""
"a0sWD00000XpbKvYAJ","005al00000RVcKvAAL","false","Row Edit Post Approval","false","false","true","42623271149565690","","","",""
"a0sWD00000XpfWJYAZ","005al00000RVcKvAAL","false","nCino UI Configuration Builder","false","false","true","42623512920423307","","","",""
"a0sWD00000XpbMCYAZ","005al00000RVcKvAAL","false","pp-tn-review-detail","false","false","true","42623826249591830","","","",""
"a0sWD00000XpfWHYAZ","005al00000RVcKvAAL","false","Questionnaire Admin Screen Section Lookup Screen","false","false","true","42624099234463611","","","",""
"a0sWD00000XpbFBYAZ","005al00000RVcKvAAL","false","Referral","false","false","true","42626152928349612","","","",""
"a0sWD00000XpbDTYAZ","005al00000RVcKvAAL","false","Pricing Approved","false","false","true","42628206483992946","","","",""
"a0sWD00000XpbFCYAZ","005al00000RVcKvAAL","false","Referrals","false","false","true","42628394564202379","","","",""
"a0sWD00000Xpf0SYAR","005al00000RVcKvAAL","false","Loan Partner","false","false","true","42629988744063117","","","",""
"a0sWD00000Xpf0TYAR","005al00000RVcKvAAL","false","Commercial Short Form","false","false","true","42633619985207602","","","",""
"a0sWD00000XpbLqYAJ","005al00000RVcKvAAL","false","Treasury Service Details","false","false","true","42634238437115000","","","",""
"a0sWD00000Xpf0UYAR","005al00000RVcKvAAL","false","Budget Details","false","false","true","42634904917792873","","","",""
"a0sWD00000XpbA8YAJ","005al00000RVcKvAAL","false","Available Screen Sections","false","false","true","42635809217633931","","","",""
"a0sWD00000XpbNLYAZ","005al00000RVcKvAAL","false","SBL Eligibility","false","false","true","42636216486699414","","","",""
"a0sWD00000Xpf0VYAR","005al00000RVcKvAAL","false","Enhanced Fees Management","false","false","true","42636543826044552","","","",""
"a0sWD00000Xpf0WYAR","005al00000RVcKvAAL","false","Commercial Full Analysis","false","false","true","42638762149447859","","","",""
"a0sWD00000Xpf0XYAR","005al00000RVcKvAAL","false","HMDA Screen 1","false","false","true","42638832086276743","","","",""
"a0sWD00000XpRHjYAN","005al00000RVcKvAAL","false","Collateral-Possessory-Mutual Fund","false","false","true","42639155007632757","","","",""
"a0sWD00000Xpf0YYAR","005al00000RVcKvAAL","false","RL Eligibility","false","false","true","42642309309522137","","","",""
"a0sWD00000Xpf0ZYAR","005al00000RVcKvAAL","false","Referral","false","false","true","42642645192380694","","","",""
"a0sWD00000XpbFDYAZ","005al00000RVcKvAAL","false","Change Memo","false","false","true","42642682361221361","","","",""
"a0sWD00000Xpf0aYAB","005al00000RVcKvAAL","false","SBA Form 912","false","false","true","42644155240503456","","","",""
"a0sWD00000Xpf0bYAB","005al00000RVcKvAAL","false","Loan Details","false","false","true","42645426226502043","","","",""
"a0sWD00000XpbA9YAJ","005al00000RVcKvAAL","false","Loan Details Mortgage APAC","false","false","true","42645426226502049","","","",""
"a0sWD00000Xpf0cYAB","005al00000RVcKvAAL","false","Activities","false","false","true","42646330504366159","","","",""
"a0sWD00000Xpf0dYAB","005al00000RVcKvAAL","false","Small Business Full Analysis","false","false","true","42646787371711499","","","",""
"a0sWD00000XpbDUYAZ","005al00000RVcKvAAL","false","Statement Mailing Address","false","false","true","42649164738446918","","","",""
"a0sWD00000Xpf0eYAB","005al00000RVcKvAAL","false","InsertJobAdd002","false","false","true","42649170985015461","","","",""
"a0sWD00000Xpf0fYAB","005al00000RVcKvAAL","false","Asset - Portal","false","false","true","42649789754494251","","","",""
"a0sWD00000Xpf0gYAB","005al00000RVcKvAAL","false","Loan covenants","false","false","true","42649790050148617","","","",""
"a0sWD00000XpbESYAZ","005al00000RVcKvAAL","false","Credit Authorization","false","false","true","42650005288493003","","","",""
"a0sWD00000Xpf0hYAB","005al00000RVcKvAAL","false","Commercial Full Analysis","false","false","true","42652716952308027","","","",""
"a0sWD00000XpRI0YAN","005al00000RVcKvAAL","false","Collateral-Possessory-Securities","false","false","true","42653954664465365","","","",""
"a0sWD00000Xpf0iYAB","005al00000RVcKvAAL","false","Memo Details","false","false","true","42657382112111455","","","",""
"a0sWD00000XpbMKYAZ","005al00000RVcKvAAL","false","Application Details","false","false","true","42659629105416955","","","",""
"a0sWD00000Xpf0jYAB","005al00000RVcKvAAL","false","SBA Form 1846","false","false","true","42660368158336357","","","",""
"a0sWD00000Xpf0kYAB","005al00000RVcKvAAL","false","test bene owner","false","false","true","42660910325236989","","","",""
"a0sWD00000Xpf0lYAB","005al00000RVcKvAAL","false","Other Expenses","false","false","true","42661183844977560","","","",""
"a0sWD00000XpbDVYAZ","005al00000RVcKvAAL","false","Rental Expense- Other involved","false","false","true","42661183844977569","","","",""
"a0sWD00000Xpf0mYAB","005al00000RVcKvAAL","false","CRA Screen","false","false","true","42661578346510229","","","",""
"a0sWD00000XpbAAYAZ","005al00000RVcKvAAL","false","Loan Team Member Information","false","false","true","42661620937671562","","","",""
"a0sWD00000XpfWPYAZ","005al00000RVcKvAAL","false","nCino UI Configuration Builder","false","false","true","42662065752774924","","","",""
"a0sWD00000Xpf0nYAB","005al00000RVcKvAAL","false","InsertJobAdd002","false","false","true","42663797001375424","","","",""
"a0sWD00000Xpf0oYAB","005al00000RVcKvAAL","false","Certifications","false","false","true","42664776781820880","","","",""
"a0sWD00000XpbABYAZ","005al00000RVcKvAAL","false","Available Screen Sections","false","false","true","42664936141973887","","","",""
"a0sWD00000Xpf0pYAB","005al00000RVcKvAAL","false","Balance Details","false","false","true","42665376787777330","","","",""
"a0sWD00000XpbDWYAZ","005al00000RVcKvAAL","false","Balance Details","false","false","true","42665939958739667","","","",""
"a0sWD00000Xpep5YAB","005al00000RVcKvAAL","false","Loan Credit Memo","false","false","true","42666244369329737","","","",""
"a0sWD00000Xpf0qYAB","005al00000RVcKvAAL","false","Available One to Many Screen Sections","false","false","true","426665364811502741","","","",""
"a0sWD00000XpbFEYAZ","005al00000RVcKvAAL","false","Loan Information","false","false","true","42667060638923733","","","",""
"a0sWD00000XpbNNYAZ","005al00000RVcKvAAL","false","Available Screen Sections","false","false","true","42668947043259055","","","",""
"a0sWD00000Xpf0rYAB","005al00000RVcKvAAL","false","Collateral","false","false","true","42671429466982751","","","",""
"a0sWD00000XpbKnYAJ","005al00000RVcKvAAL","false","Risk Rating","false","false","true","42672158236792769","","","",""
"a0sWD00000Xpf0sYAB","005al00000RVcKvAAL","false","Exposure","false","false","true","42672212018020256","","","",""
"a0sWD00000Xpf0tYAB","005al00000RVcKvAAL","false","Product Package Entity","false","false","true","42672576519267017","","","",""
"a0sWD00000XpfStYAJ","005al00000RVcKvAAL","false","Deposit - Eligibility Questions","false","false","true","42673874648302239","","","",""
"a0sWD00000XpbKMYAZ","005al00000RVcKvAAL","false","Account Current","false","false","true","42673965235711935","","","",""
"a0sWD00000Xpep6YAB","005al00000RVcKvAAL","false","Standard Product Package Credit Memo","true","false","true","42674028392105268","","","",""
"a0sWD00000Xpf0uYAB","005al00000RVcKvAAL","false","Collateral2","false","false","true","42676054534138452","","","",""
"a0sWD00000XpbDXYAZ","005al00000RVcKvAAL","false","Rental Expense","false","false","true","42676652900382649","","","",""
"a0sWD00000XpfVBYAZ","005al00000RVcKvAAL","false","Fees Summary","false","false","true","42677042833835193","","","",""
"a0sWD00000XpbFFYAZ","005al00000RVcKvAAL","false","Supplementary Details","false","false","true","42677169303849006","","","",""
"a0sWD00000XpbMYYAZ","005al00000RVcKvAAL","false","Copy Loan","false","false","true","42678219453394575","","","",""
"a0sWD00000Xpf0vYAB","005al00000RVcKvAAL","false","Details","false","false","true","42680328592450083","","","",""
"a0sWD00000Xpf0wYAB","005al00000RVcKvAAL","false","Secured RL Eligibility","false","false","true","42680677819141440","","","",""
"a0sWD00000Xpf0xYAB","005al00000RVcKvAAL","false","Ashok screen1","false","false","true","4268074159659302","","","",""
"a0sWD00000Xq1y4YAB","005al00000RVcKvAAL","false","Screen Rec 02","false","false","true","42682241871198624","","","",""
"a0sWD00000XpbACYAZ","005al00000RVcKvAAL","false","Available Screen Sections","false","false","true","42682493032422653","","","",""
"a0sWD00000Xpep7YAB","005al00000RVcKvAAL","false","Standard Review Credit Memo (Product Package)","true","false","true","42682852315401043","","","",""
"a0sWD00000XpbADYAZ","005al00000RVcKvAAL","false","Available Screen Sections","false","false","true","42683078783818524","","","",""
"a0sWD00000Xpf0yYAB","005al00000RVcKvAAL","false","Work Information","false","false","true","42683378366619755","","","",""
"a0sWD00000Xpf0zYAB","005al00000RVcKvAAL","false","Loan Products","false","false","true","42683696679024125","","","",""
"a0sWD00000Xpf10YAB","005al00000RVcKvAAL","false","Standard Review Credit Memo (Product Package)","true","false","true","42683731822625207","","","",""
"a0sWD00000XpbAEYAZ","005al00000RVcKvAAL","false","Available Screen Sections","false","false","true","42686277354485569","","","",""
"a0sWD00000Xpf11YAB","005al00000RVcKvAAL","false","SBA Form 159","false","false","true","42686284020216709","","","",""
"a0sWD00000Xpf12YAB","005al00000RVcKvAAL","false","Application Details","false","false","true","42686472898598212","","","",""
"a0sWD00000XpbFGYAZ","005al00000RVcKvAAL","false","Loan Information","false","false","true","42688042363052532","","","",""
"a0sWD00000Xpep8YAB","005al00000RVcKvAAL","false","Small Business Credit Memo","true","false","true","42688202744939236","","","",""
"a0sWD00000XpfSuYAJ","005al00000RVcKvAAL","false","Credit Authorization/Joint Intent/Marital Status","false","false","true","42689578439063393","","","",""
"a0sWD00000XpbETYAZ","005al00000RVcKvAAL","false","Joint Intent/Marital Status","false","false","true","426895784390633934","","","",""
"a0sWD00000XpbEUYAZ","005al00000RVcKvAAL","false","Marital Status","false","false","true","4268957843906339345","","","",""
"a0sWD00000XpbAFYAZ","005al00000RVcKvAAL","false","Verification Online Application","false","false","true","426906024564896","","","",""
"a0sWD00000XpbAGYAZ","005al00000RVcKvAAL","false","Account Debt","false","false","true","42690602794320896","","","",""
"a0sWD00000Xpf13YAB","005al00000RVcKvAAL","false","Balance Details Booked","false","false","true","42690701858021076","","","",""
"a0sWD00000XpbEVYAZ","005al00000RVcKvAAL","false","Add Beneficial Owner OA","false","false","true","42692388294244423","","","",""
"a0sWD00000Xpf14YAB","005al00000RVcKvAAL","false","DEP Personal Info (Business)- OG","false","false","true","42692400959611527","","","",""
"a0sWD00000XpbNEYAZ","005al00000RVcKvAAL","false","SBL Personal","false","false","true","42692911532156791","","","",""
"a0sWD00000Xpf15YAB","005al00000RVcKvAAL","false","Narrative","false","false","true","42693997722104884","","","",""
"a0sWD00000Xpf16YAB","005al00000RVcKvAAL","false","Underwriting Details","false","false","true","42695484598798993","","","",""
"a0sWD00000Xpf17YAB","005al00000RVcKvAAL","false","DEP Personal Info (Business)","false","false","true","42695628681655897","","","",""
"a0sWD00000XpbAHYAZ","005al00000RVcKvAAL","false","Available Screen Sections","false","false","true","42695743300491352","","","",""
"a0sWD00000Xpf18YAB","005al00000RVcKvAAL","false","Small Business Short Form","false","false","true","42696083813527454","","","",""
"a0sWD00000Xpf19YAB","005al00000RVcKvAAL","false","Product Package Collateral2","false","false","true","42696197505356544","","","",""
"a0sWD00000Xpf1AYAR","005al00000RVcKvAAL","false","UI Configuration Builder","false","false","true","42696678684623857","","","",""
"a0sWD00000Xpf1BYAR","005al00000RVcKvAAL","false","Collateral-Equipment","false","false","true","42697852721713807","","","",""
"a0sWD00000Xpf1CYAR","005al00000RVcKvAAL","false","System Properties","false","false","true","42701329832566719","","","",""
"a0sWD00000XpfSvYAJ","005al00000RVcKvAAL","false","Add Others Involved MRF","false","false","true","42701512328128599","","","",""
"a0sWD00000Xpf1DYAR","005al00000RVcKvAAL","false","Loan Team Member Information","false","false","true","42702262899220732","","","",""
"a0sWD00000Xpf1EYAR","005al00000RVcKvAAL","false","Business Contacts","false","false","true","42702364911782909","","","",""
"a0sWD00000Xpep9YAB","005al00000RVcKvAAL","false","Product Package Credit Memo","false","false","true","42703053679338264","","","",""
"a0sWD00000Xpf1FYAR","005al00000RVcKvAAL","false","InsertJobAdd001","false","false","true","42703217503668015","","","",""
"a0sWD00000XpRHtYAN","005al00000RVcKvAAL","false","Collateral-Titled-Pleasure Boat","false","false","true","42703575356168779","","","",""
"a0sWD00000Xpf1GYAR","005al00000RVcKvAAL","false","SBL Personal (Individual Other Involved)","false","false","true","42704811455701986","","","",""
"a0sWD00000XpepAYAR","005al00000RVcKvAAL","false","Standard Loan Credit Memo","true","false","true","42705854020893109","","","",""
"a0sWD00000Xpf1HYAR","005al00000RVcKvAAL","false","HMDA Screen 2","false","false","true","42706138902897989","","","",""
"a0sWD00000Xpf1IYAR","005al00000RVcKvAAL","false","Loan Information","false","false","true","42706250094408951","","","",""
"a0sWD00000XpbDYYAZ","005al00000RVcKvAAL","false","Balance Details","false","false","true","42706402666860943","","","",""
"a0sWD00000XpepBYAR","005al00000RVcKvAAL","false","Loan Credit Memo","false","false","true","42706408054534595","","","",""
"a0sWD00000Xpf1JYAR","005al00000RVcKvAAL","false","Available One to Many Screen Sections","false","false","true","427066140393306251","","","",""
"a0sWD00000Xpf1KYAR","005al00000RVcKvAAL","false","Secured RL Personal (Individual Other Involved)","false","false","true","42710819794710049","","","",""
"a0sWD00000Xpf1LYAR","005al00000RVcKvAAL","false","Available Screen Sections","false","false","true","42712371404054143","","","",""
"a0sWD00000Xpf1MYAR","005al00000RVcKvAAL","false","SMB Short Form","false","false","true","42713285080692278","","","",""
"a0sWD00000XpbDZYAZ","005al00000RVcKvAAL","false","Counter Offer - Adverse Action","false","false","true","42714169169259151","","","",""
"a0sWD00000Xpf1NYAR","005al00000RVcKvAAL","false","CRA Screen","false","false","true","42714831589919809","","","",""
"a0sWD00000XpbFHYAZ","005al00000RVcKvAAL","false","Legal Time","false","false","true","4271592250132544","","","",""
"a0sWD00000XpbKjYAJ","005al00000RVcKvAAL","false","Collateral2","false","false","true","42716660961482717","","","",""
"a0sWD00000Xpf1OYAR","005al00000RVcKvAAL","false","DAO In-Branch Workflow- Product Information","false","false","true","42716762031533477","","","",""
"a0sWD00000XpbAIYAZ","005al00000RVcKvAAL","false","Available Screen Sections","false","false","true","42718553518226114","","","",""
"a0sWD00000Xpf1PYAR","005al00000RVcKvAAL","false","Referral","false","false","true","42720510003955695","","","",""
"a0sWD00000Xpf1QYAR","005al00000RVcKvAAL","false","Consumer Personal","false","false","true","42721357868482629","","","",""
"a0sWD00000XpbDaYAJ","005al00000RVcKvAAL","false","Approval Details","false","false","true","42722997428486649","","","",""
"a0sWD00000XpbDbYAJ","005al00000RVcKvAAL","false","Referral","false","false","true","42723038925154595","","","",""
"a0sWD00000Xpf1RYAR","005al00000RVcKvAAL","false","Post Closing Review","false","false","true","42723835852109216","","","",""
"a0sWD00000XpbDcYAJ","005al00000RVcKvAAL","false","Application Details","false","false","true","42724462769795377","","","",""
"a0sWD00000Xpf1SYAR","005al00000RVcKvAAL","false","Accounts Receivable","false","false","true","42724526174485570","","","",""
"a0sWD00000XpepCYAR","005al00000RVcKvAAL","false","Loan Credit Memo","false","false","true","42727162639424183","","","",""
"a0sWD00000XpbEWYAZ","005al00000RVcKvAAL","false","Funding Method","false","false","true","42728043130819155","","","",""
"a0sWD00000XpbAJYAZ","005al00000RVcKvAAL","false","Available Screen Sections","false","false","true","42728605133414469","","","",""
"a0sWD00000Xpf1TYAR","005al00000RVcKvAAL","false","Treasury Service Maintenance","false","false","true","42732079227551045","","","",""
"a0sWD00000XpbMLYAZ","005al00000RVcKvAAL","false","Product Package Entity","false","false","true","42733556589936485","","","",""
"a0sWD00000Xpf1UYAR","005al00000RVcKvAAL","false","Change of Ownership","false","false","true","42734049366669630","","","",""
"a0sWD00000Xpf1VYAR","005al00000RVcKvAAL","false","Product Summary","false","false","true","42739167495191495","","","",""
"a0sWD00000Xpf1WYAR","005al00000RVcKvAAL","false","Supplementary Details","false","false","true","42740801972396693","","","",""
"a0sWD00000XpbDdYAJ","005al00000RVcKvAAL","false","Collateral- Locked","false","false","true","42741467655006969","","","",""
"a0sWD00000Xpf1XYAR","005al00000RVcKvAAL","false","Default Jet Collateral Edit Screen","false","false","true","427427504444854009","","","",""
"a0sWD00000Xpf1YYAR","005al00000RVcKvAAL","false","Add_Collateral_Edit_NADA","false","false","true","4274275044448543","","","",""
"a0sWD00000Xpf1ZYAR","005al00000RVcKvAAL","false","Ship Collateral Screen","false","false","true","42742750444485481","","","",""
"a0sWD00000Xpf1aYAB","005al00000RVcKvAAL","false","Default Pledged Collateral Edit Screen","false","false","true","42742750444485483","","","",""
"a0sWD00000Xpf1bYAB","005al00000RVcKvAAL","false","Default OilGas Collateral Edit Screen","false","false","true","427427504444854889","","","",""
"a0sWD00000Xpf1cYAB","005al00000RVcKvAAL","false","Umbrella Collateral Edit Screen","false","false","true","42742750444485499","","","",""
"a0sWD00000Xpf1dYAB","005al00000RVcKvAAL","false","Application Details","false","false","true","42744267150446014","","","",""
"a0sWD00000XpepDYAR","005al00000RVcKvAAL","false","Loan Credit Memo","true","false","true","42744462646768559","","","",""
"a0sWD00000Xpf1eYAB","005al00000RVcKvAAL","false","Participations","false","false","true","42745582612969274","","","",""
"a0sWD00000Xpf1fYAB","005al00000RVcKvAAL","false","Entity Compliance Screen","false","false","true","42747161062357458","","","",""
"a0sWD00000Xpf1gYAB","005al00000RVcKvAAL","false","SMB Short Form","false","false","true","42747523896346901","","","",""
"a0sWD00000Xpf1hYAB","005al00000RVcKvAAL","false","DEP Personal Info (Individual)","false","false","true","42747891239502889","","","",""
"a0sWD00000XpbAKYAZ","005al00000RVcKvAAL","false","Available Screen Sections","false","false","true","42747916675539942","","","",""
"a0sWD00000XpbNJYAZ","005al00000RVcKvAAL","false","Dummy Screen- Enterprise Onboarding conditional rendering","false","false","true","42749540180904717","","","",""
"a0sWD00000Xpf1iYAB","005al00000RVcKvAAL","false","Credit Memo - Short Form","false","false","true","42749844514030004","","","",""
"a0sWD00000XpepEYAR","005al00000RVcKvAAL","false","Loan Credit Memo","false","false","true","42751544234800356","","","",""
"a0sWD00000Xpf1jYAB","005al00000RVcKvAAL","false","InsertJobAdd002","false","false","true","42751623304133373","","","",""
"a0sWD00000XpepFYAR","005al00000RVcKvAAL","false","Standard Review Credit Memo (Product Package)","true","false","true","42753739281109157","","","",""
"a0sWD00000Xpf1kYAB","005al00000RVcKvAAL","false","Pricing","false","false","true","42754235409181798","","","",""
"a0sWD00000XpbKfYAJ","005al00000RVcKvAAL","false","Details- business EO","false","false","true","42754538931621755","","","",""
"a0sWD00000XpbMRYAZ","005al00000RVcKvAAL","false","Underwriting Details","false","false","true","42755114587290036","","","",""
"a0sWD00000Xpf1lYAB","005al00000RVcKvAAL","false","Dummy Screen- IBDAO","false","false","true","42755485456390388","","","",""
"a0sWD00000XpepGYAR","005al00000RVcKvAAL","false","New Deal Credit Memo","true","false","true","42756206437778590","","","",""
"a0sWD00000Xpf1mYAB","005al00000RVcKvAAL","false","SBL OA Titled","false","false","true","427563125353764331","","","",""
"a0sWD00000Xpf1nYAB","005al00000RVcKvAAL","false","Narrative","false","false","true","42757690030535555","","","",""
"a0sWD00000XpbALYAZ","005al00000RVcKvAAL","false","Available Screen Sections","false","false","true","42757901971851638","","","",""
"a0sWD00000Xpf1oYAB","005al00000RVcKvAAL","false","SMB Short Form","false","false","true","42760623115353244","","","",""
"a0sWD00000Xpf1pYAB","005al00000RVcKvAAL","false","InsertJobAdd001","false","false","true","42761104132062615","","","",""
"a0sWD00000Xpf1qYAB","005al00000RVcKvAAL","false","Details","false","false","true","42763235408056027","","","",""
"a0sWD00000Xpf1rYAB","005al00000RVcKvAAL","false","Entity ScoreCard Details","false","false","true","42763832727972046","","","",""
"a0sWD00000Xpf1sYAB","005al00000RVcKvAAL","false","Secured RL Eligibility","false","false","true","42764158692406679","","","",""
"a0sWD00000XpbFIYAZ","005al00000RVcKvAAL","false","Loan Information","false","false","true","42764906769112658","","","",""
"a0sWD00000Xpf1tYAB","005al00000RVcKvAAL","false","Opportunities","false","false","true","42765995180528486","","","",""
"a0sWD00000Xpf1uYAB","005al00000RVcKvAAL","false","Titled Boat","false","false","true","42767962648587041","","","",""
"a0sWD00000XpbLGYAZ","005al00000RVcKvAAL","false","CRA Screen","false","false","true","42768158053098535","","","",""
"a0sWD00000XpbLuYAJ","005al00000RVcKvAAL","false","Change Memo","false","false","true","42768254162527564","","","",""
"a0sWD00000Xpf1vYAB","005al00000RVcKvAAL","false","Available One to Many Screen Sections","false","false","true","427703188156199671","","","",""
"a0sWD00000Xpf1wYAB","005al00000RVcKvAAL","false","Available One to Many Screen Sections","false","false","true","427703188156199673","","","",""
"a0sWD00000Xpf1xYAB","005al00000RVcKvAAL","false","Available One to Many Screen Sections","false","false","true","427703188156199675","","","",""
"a0sWD00000Xpf1yYAB","005al00000RVcKvAAL","false","Secured SBL Personal (Individual Other Involved)","false","false","true","42770989949743886","","","",""
"a0sWD00000XpbAMYAZ","005al00000RVcKvAAL","false","Available Screen Sections","false","false","true","42772476273148442","","","",""
"a0sWD00000Xpf1zYAB","005al00000RVcKvAAL","false","CRA Screen","false","false","true","42773297863695109","","","",""
"a0sWD00000Xpf20YAB","005al00000RVcKvAAL","false","OA - Overdraft Opt-In Acknowledgement","false","false","true","42774638895939535","","","",""
"a0sWD00000XpbDeYAJ","005al00000RVcKvAAL","false","Third Party Management","false","false","true","42777805345713930","","","",""
"a0sWD00000Xpf21YAB","005al00000RVcKvAAL","false","Loan Team Member Information","false","false","true","42779064459618469","","","",""
"a0sWD00000Xpf22YAB","005al00000RVcKvAAL","false","Loan Details-Card","false","false","true","42779711486306273","","","",""
"a0sWD00000Xpf23YAB","005al00000RVcKvAAL","false","Loan Details - Eligibility Equipment Finance","false","false","true","42780411194770211","","","",""
"a0sWD00000XpepHYAR","005al00000RVcKvAAL","false","Standard Loan Credit Memo","true","false","true","42782339984939334","","","",""
"a0sWD00000XpbKbYAJ","005al00000RVcKvAAL","false","Loan Structuring","false","false","true","42782802324724320","","","",""
"a0sWD00000Xpf24YAB","005al00000RVcKvAAL","false","Commercial Short Form","false","false","true","42782940093514786","","","",""
"a0sWD00000Xpf25YAB","005al00000RVcKvAAL","false","Loan Dashboard Summary Screen","false","false","true","42784641661156989","","","",""
"a0sWD00000XpbANYAZ","005al00000RVcKvAAL","false","Available Screen Sections","false","false","true","42784655050267520","","","",""
"a0sWD00000Xpf26YAB","005al00000RVcKvAAL","false","nCino UI Configuration Builder","false","false","true","42784659923816043","","","",""
"a0sWD00000XpbFJYAZ","005al00000RVcKvAAL","false","Supplementary Details","false","false","true","42784668195749286","","","",""
"a0sWD00000XpepIYAR","005al00000RVcKvAAL","false","Loan Credit Memo","false","false","true","42786204770999174","","","",""
"a0sWD00000XpbFKYAZ","005al00000RVcKvAAL","false","Supplementary Details","false","false","true","42789072950713247","","","",""
"a0sWD00000Xpf27YAB","005al00000RVcKvAAL","false","Order Entry-Wire-Transfer","false","false","true","42789216923099490","","","",""
"a0sWD00000XpbAOYAZ","005al00000RVcKvAAL","false","Application Details","false","false","true","42789688783028529","","","",""
"a0sWD00000XpbAPYAZ","005al00000RVcKvAAL","false","Available Screen Sections","false","false","true","42791228768816744","","","",""
"a0sWD00000XpfW7YAJ","005al00000RVcKvAAL","false","Balance Details","false","false","true","42791611198474204","","","",""
"a0sWD00000Xpf28YAB","005al00000RVcKvAAL","false","SMB Short Form","false","false","true","42792834495926124","","","",""
"a0sWD00000XpfUEYAZ","005al00000RVcKvAAL","false","Bulk Edit All Facilities","false","false","true","42797151085322059","","","",""
"a0sWD00000Xpf29YAB","005al00000RVcKvAAL","false","Referrals","false","false","true","42797346599841384","","","",""
"a0sWD00000XpbDfYAJ","005al00000RVcKvAAL","false","Manual Underwriting","false","false","true","42798477393046069","","","",""
"a0sWD00000XpbDgYAJ","005al00000RVcKvAAL","false","Loan Team","false","false","true","42799819999780737","","","",""
"a0sWD00000Xq1y5YAB","005al00000RVcKvAAL","false","New Screen Rec 02","false","false","true","42800215985888715","","","",""
"a0sWD00000XpRHmYAN","005al00000RVcKvAAL","false","Collateral-Possessory-Irrevocable Letter of Credit","false","false","true","42801016480660056","","","",""
"a0sWD00000Xpf2AYAR","005al00000RVcKvAAL","false","Syndications Summary","false","false","true","42801084907902388","","","",""
"a0sWD00000Xpf2BYAR","005al00000RVcKvAAL","false","Participations","false","false","true","42801450579298200","","","",""
"a0sWD00000Xpf2CYAR","005al00000RVcKvAAL","false","SBL Eligibility","false","false","true","42801491971519914","","","",""
"a0sWD00000Xpf2DYAR","005al00000RVcKvAAL","false","Underwriting Details","false","false","true","42802139187863132","","","",""
"a0sWD00000Xpf2EYAR","005al00000RVcKvAAL","false","Total Exposure Screen","false","false","true","42803252725319190","","","",""
"a0sWD00000XpfSwYAJ","005al00000RVcKvAAL","false","RS screening","false","false","true","42803551458053852","","","",""
"a0sWD00000XpbAQYAZ","005al00000RVcKvAAL","false","Available Screen Sections","false","false","true","42805277430289136","","","",""
"a0sWD00000Xpf2FYAR","005al00000RVcKvAAL","false","Change of Ownership","false","false","true","42805431631600030","","","",""
"a0sWD00000Xpf2GYAR","005al00000RVcKvAAL","false","pp-tn-review-detail","false","false","true","42805666707468537","","","",""
"a0sWD00000XpbKJYAZ","005al00000RVcKvAAL","false","Servicing - Screen","false","false","true","42806416906738366","","","",""
"a0sWD00000Xpf2HYAR","005al00000RVcKvAAL","false","id-documents-screen","false","false","true","42806893905643775","","","",""
"a0sWD00000XpfSxYAJ","005al00000RVcKvAAL","false","Portal Business Lookup","false","false","true","42807538823063320","","","",""
"a0sWD00000XpfWNYAZ","005al00000RVcKvAAL","false","nCino UI Configuration Builder","false","false","true","42809526266709287","","","",""
"a0sWD00000XpbARYAZ","005al00000RVcKvAAL","false","Available Screen Sections","false","false","true","42809722658798881","","","",""
"a0sWD00000Xpf2IYAR","005al00000RVcKvAAL","false","Default Pledged Leased Asset Edit Screen","false","false","true","42810441920452202","","","",""
"a0sWD00000XpbDhYAJ","005al00000RVcKvAAL","false","DEP Interest Information (Individual)","false","false","true","42810462241793916","","","",""
"a0sWD00000Xpf2JYAR","005al00000RVcKvAAL","false","Entity Involvement New Relationship","false","false","true","42810541130446885","","","",""
"a0sWD00000Xpf2KYAR","005al00000RVcKvAAL","false","RL Personal","false","false","true","42812513603716474","","","",""
"a0sWD00000XpfWIYAZ","005al00000RVcKvAAL","false","Loan Details","false","false","true","42817353373214065","","","",""
"a0sWD00000Xpf2LYAR","005al00000RVcKvAAL","false","Commercial Full Analysis","false","false","true","42818072197072427","","","",""
"a0sWD00000Xpf2MYAR","005al00000RVcKvAAL","false","Underwriting Details","false","false","true","42818252572298253","","","",""
"a0sWD00000Xpf2NYAR","005al00000RVcKvAAL","false","Fees-Additional Amount","false","false","true","42820666448023431","","","",""
"a0sWD00000Xpf2OYAR","005al00000RVcKvAAL","false","Real Estate","false","false","true","42820692626290480","","","",""
"a0sWD00000XpbDiYAJ","005al00000RVcKvAAL","false","Credit Authorization/Joint Intent","false","false","true","42820867345365240","","","",""
"a0sWD00000cHTmFYAW","005al00000RVcKvAAL","false","nFORCE  Screen Record 002","true","false","false","42821385735113569","","","",""
"a0sWD00000Xpf2PYAR","005al00000RVcKvAAL","false","Collateral-Titled-Motor Vehicle-215","false","false","true","42821554184429625","","","",""
"a0sWD00000Xpf2QYAR","005al00000RVcKvAAL","false","UCC Default Pledged Collateral Edit Screen","false","false","true","42823550212584926","","","",""
"a0sWD00000XpbASYAZ","005al00000RVcKvAAL","false","Available Screen Sections","false","false","true","42826813630382801","","","",""
"a0sWD00000XpbDjYAJ","005al00000RVcKvAAL","false","SBL - Editable Details","false","false","true","42827405195124985","","","",""
"a0sWD00000Xq1y6YAB","005al00000RVcKvAAL","false","Collateral-Real Estate-Construction","false","false","true","42828813346029802","","","",""
"a0sWD00000Xpf2RYAR","005al00000RVcKvAAL","false","Credit Authorization","false","false","true","42829359422609292","","","",""
"a0sWD00000Xpf2SYAR","005al00000RVcKvAAL","false","Risk Ratings","false","false","true","42829848373535407","","","",""
"a0sWD00000YPYe9YAH","005al00000RVcKvAAL","false","DT2.1Screen Name","false","false","true","42830866635712998","","","",""
"a0sWD00000Xpf2TYAR","005al00000RVcKvAAL","false","Underwriting Details","false","false","true","42832367949266526","","","",""
"a0sWD00000XpbMZYAZ","005al00000RVcKvAAL","false","Loan Compliance Screen","false","false","true","42832806785932622","","","",""
"a0sWD00000XpbM4YAJ","005al00000RVcKvAAL","false","Beneficial Ownership Summary","false","false","true","42834021314193185","","","",""
"a0sWD00000Xpf2UYAR","005al00000RVcKvAAL","false","Service Requests","false","false","true","42834511850937102","","","",""
"a0sWD00000Xpf2VYAR","005al00000RVcKvAAL","false","RL Personal","false","false","true","42839024562930024","","","",""
"a0sWD00000Xpf2WYAR","005al00000RVcKvAAL","false","SMB Full Analysis/Writeup","false","false","true","42839363954449139","","","",""
"a0sWD00000XpbMMYAZ","005al00000RVcKvAAL","false","Fees Summary","false","false","true","42839732363377241","","","",""
"a0sWD00000cHTmGYAW","005al00000RVcKvAAL","false","nFORCE  Screen Record 001","false","false","true","42839834859702155","","","",""
"a0sWD00000XpbATYAZ","005al00000RVcKvAAL","false","Primary Account","false","false","true","42841308199109875","","","",""
"a0sWD00000Xpf2XYAR","005al00000RVcKvAAL","false","Construction Details","false","false","true","42841655272456531","","","",""
"a0sWD00000XpbEXYAZ","005al00000RVcKvAAL","false","Confirm Credit Pull","false","false","true","42843836296295970","","","",""
"a0sWD00000XpbDkYAJ","005al00000RVcKvAAL","false","Collateral Summary","false","false","true","42844102433828463","","","",""
"a0sWD00000Xpf2YYAR","005al00000RVcKvAAL","false","Activities","false","false","true","42845542199531882","","","",""
"a0sWD00000XpbFLYAZ","005al00000RVcKvAAL","false","Insurance","false","false","true","42845584850399950","","","",""
"a0sWD00000XpbLnYAJ","005al00000RVcKvAAL","false","Payment Structure","false","false","true","42845770103705580","","","",""
"a0sWD00000Xpf2ZYAR","005al00000RVcKvAAL","false","Pricing","false","false","true","42846331383461166","","","",""
"a0sWD00000XpbAUYAZ","005al00000RVcKvAAL","false","Available Screen Sections","false","false","true","42847881028755096","","","",""
"a0sWD00000XpbAVYAZ","005al00000RVcKvAAL","false","Primary Account","false","false","true","42848714246696455","","","",""
"a0sWD00000Xpf2aYAB","005al00000RVcKvAAL","false","Treasury Service Maintenance","false","false","true","42849679585316113","","","",""
"a0sWD00000Xpf2bYAB","005al00000RVcKvAAL","false","InsertJobAdd001","false","false","true","42850622977860252","","","",""
"a0sWD00000Xpf2cYAB","005al00000RVcKvAAL","false","Personal Info","false","false","true","42850816376394998","","","",""
"a0sWD00000XpbKFYAZ","005al00000RVcKvAAL","false","Counterparty Report Topbar","false","false","true","42851832252859441","","","",""
"a0sWD00000Xpf2dYAB","005al00000RVcKvAAL","false","Risk Rating Reviews","false","false","true","42852174623679543","","","",""
"a0sWD00000Xpf2eYAB","005al00000RVcKvAAL","false","Commercial Full Analysis","false","false","true","42852345532863128","","","",""
"a0sWD00000Xpf2fYAB","005al00000RVcKvAAL","false","OA - Reg E Opt-In Acknowledgement","false","false","true","42852854430898802","","","",""
"a0sWD00000Xpf2gYAB","005al00000RVcKvAAL","false","Titled Motor Vehicle","false","false","true","42855072114092958","","","",""
"a0sWD00000XpbEYYAZ","005al00000RVcKvAAL","false","Approval Summary","false","false","true","42855096372429871","","","",""
"a0sWD00000Xpf2hYAB","005al00000RVcKvAAL","false","Possessory Default Pledged Collateral Edit Screen","false","false","true","42855467987240797","","","",""
"a0sWD00000XpbKiYAJ","005al00000RVcKvAAL","false","Beneficiary","false","false","true","42856498406131349","","","",""
"a0sWD00000XpepJYAR","005al00000RVcKvAAL","false","Loan Credit Memo","false","false","true","42856786625674495","","","",""
"a0sWD00000Xpf2iYAB","005al00000RVcKvAAL","false","PortalProductList","false","false","true","42856935932492317","","","",""
"a0sWD00000Xpf2jYAB","005al00000RVcKvAAL","false","SBA Form G845","false","false","true","42857788659822665","","","",""
"a0sWD00000Xpf2kYAB","005al00000RVcKvAAL","false","Commercial Short Form","false","false","true","42858347591503272","","","",""
"a0sWD00000XpRHoYAN","005al00000RVcKvAAL","false","Collateral-Titled-Trailer","false","false","true","42860084203432194","","","",""
"a0sWD00000Xpf2lYAB","005al00000RVcKvAAL","false","Commercial Short Form","false","false","true","42860987562009950","","","",""
"a0sWD00000XpfSyYAJ","005al00000RVcKvAAL","false","Application Details - Credit Card","false","false","true","42861206705947257","","","",""
"a0sWD00000Xpf2mYAB","005al00000RVcKvAAL","false","Loan Products","false","false","true","42864270227455124","","","",""
"a0sWD00000XpepKYAR","005al00000RVcKvAAL","false","Loan Credit Memo","false","false","true","42864801583934007","","","",""
"a0sWD00000XpbDlYAJ","005al00000RVcKvAAL","false","Add Signers MRF","false","false","true","42865719039783387","","","",""
"a0sWD00000XpbKtYAJ","005al00000RVcKvAAL","false","Underwriting Details","false","false","true","42866893089137191","","","",""
"a0sWD00000Xpf2nYAB","005al00000RVcKvAAL","false","Referrals","false","false","true","42867048267326444","","","",""
"a0sWD00000XpesmYAB","005al00000RVcKvAAL","false","BTest1","false","false","true","42868412663153262","","","",""
"a0sWD00000XpRI3YAN","005al00000RVcKvAAL","false","Collateral-Possessory-Other Possessory","false","false","true","42868736103271902","","","",""
"a0sWD00000Xpf2oYAB","005al00000RVcKvAAL","false","SBSS7 Financial Details","false","false","true","42869395429186993","","","",""
"a0sWD00000Xpf2pYAB","005al00000RVcKvAAL","false","UI Configuration Builder","false","false","true","42869461256019604","","","",""
"a0sWD00000XpbL9YAJ","005al00000RVcKvAAL","false","HMDA Screen 1","false","false","true","42870475258935934","","","",""
"a0sWD00000Xpf2qYAB","005al00000RVcKvAAL","false","InsertJobAdd002","false","false","true","42871078726244474","","","",""
"a0sWD00000XpfWCYAZ","005al00000RVcKvAAL","false","Default Pledged Collateral Edit Screen","false","false","true","42871665770611153","","","",""
"a0sWD00000Xpf2rYAB","005al00000RVcKvAAL","false","nCino UI Configuration Builder","false","false","true","42871823617569642","","","",""
"a0sWD00000Xpf2sYAB","005al00000RVcKvAAL","false","Mortgage Product","false","false","true","42872491325857324","","","",""
"a0sWD00000Xpf2tYAB","005al00000RVcKvAAL","false","nCino UI Configuration Builder","false","false","true","42873357774517229","","","",""
"a0sWD00000Xpf2uYAB","005al00000RVcKvAAL","false","Available One to Many Screen Sections","false","false","true","428735018958451841","","","",""
"a0sWD00000XpbAWYAZ","005al00000RVcKvAAL","false","SBA Form 1920","false","false","true","42873565418591638","","","",""
"a0sWD00000XpbAXYAZ","005al00000RVcKvAAL","false","Available One to Many Screen Sections","false","false","true","428736578115047581","","","",""
"a0sWD00000Xq1y7YAB","005al00000RVcKvAAL","false","New Screen Rec 06","false","false","true","42874028903060762","","","",""
"a0sWD00000XpepLYAR","005al00000RVcKvAAL","false","Loan Credit Memo","false","false","true","42874314253831863","","","",""
"a0sWD00000Xpf2vYAB","005al00000RVcKvAAL","false","SBA Application Change of Ownership UI","false","false","true","42874366757995964","","","",""
"a0sWD00000Xpf2wYAB","005al00000RVcKvAAL","false","Product Package Entity","false","false","true","42874549595227415","","","",""
"a0sWD00000XpbLkYAJ","005al00000RVcKvAAL","false","Entity Compliance Screen","false","false","true","42875195092745613","","","",""
"a0sWD00000XpRHrYAN","005al00000RVcKvAAL","false","Collateral-Real Estate","false","false","true","42875581032868363","","","",""
"a0sWD00000Xpf2xYAB","005al00000RVcKvAAL","false","Available One to Many Screen Sections","false","false","true","428761776891255571","","","",""
"a0sWD00000Xpf2yYAB","005al00000RVcKvAAL","false","Available One to Many Screen Sections","false","false","true","428761776891255573","","","",""
"a0sWD00000XpfWOYAZ","005al00000RVcKvAAL","false","Borrowing Structure Information","false","false","true","42877652000553004","","","",""
"a0sWD00000Xpf2zYAB","005al00000RVcKvAAL","false","DEP Personal Info (Individual Additional Owner)","false","false","true","42877898799061822","","","",""
"a0sWD00000Xpf30YAB","005al00000RVcKvAAL","false","Collateral-Small Equipment-Data Collector-903","false","false","true","42880526987363744","","","",""
"a0sWD00000Xpf31YAB","005al00000RVcKvAAL","false","Booked Information Booked","false","false","true","42882322132881923","","","",""
"a0sWD00000Xpf32YAB","005al00000RVcKvAAL","false","Memos","false","false","true","4288268124268979","","","",""
"a0sWD00000Xpf33YAB","005al00000RVcKvAAL","false","Account Debt","false","false","true","42885832397308017","","","",""
"a0sWD00000Xpf34YAB","005al00000RVcKvAAL","false","Commercial Short Form","false","false","true","42886021643947324","","","",""
"a0sWD00000XpepMYAR","005al00000RVcKvAAL","false","New Deal Credit Memo","true","false","true","42886048832086960","","","",""
"a0sWD00000Xq1y8YAB","005al00000RVcKvAAL","false","Screen 03 Updated","false","false","true","42886776707781239","","","",""
"a0sWD00000XpepNYAR","005al00000RVcKvAAL","false","Standard Loan Credit Memo","true","false","true","42891280917000827","","","",""
"a0sWD00000cHTmHYAW","005al00000RVcKvAAL","false","nFORCE  Screen Record 006","false","true","true","42891352982574791","","","",""
"a0sWD00000XpfWDYAZ","005al00000RVcKvAAL","false","Referral","false","false","true","42894029995684482","","","",""
"a0sWD00000Xpf35YAB","005al00000RVcKvAAL","false","Collateral-Backhoe Loaders-Centre Mount 2Wd","false","false","true","42896325699657999","","","",""
"a0sWD00000Xpf36YAB","005al00000RVcKvAAL","false","Rate Structure","false","false","true","42897675034213281","","","",""
"a0sWD00000Xpf37YAB","005al00000RVcKvAAL","false","SBA Form 1920","false","false","true","42898257052460958","","","",""
"a0sWD00000Xpf38YAB","005al00000RVcKvAAL","false","Site Visits","false","false","true","42899336895107673","","","",""
"a0sWD00000Xpf39YAB","005al00000RVcKvAAL","false","Editable Fields","false","false","true","42899744146229902","","","",""
"a0sWD00000Xpf3AYAR","005al00000RVcKvAAL","false","after release test","false","false","true","42899843236567338","","","",""
"a0sWD00000XpfSzYAJ","005al00000RVcKvAAL","false","Credit Check","false","false","true","42900618021973361","","","",""
"a0sWD00000XpRHwYAN","005al00000RVcKvAAL","false","Collateral-Possessory-Term Life","false","false","true","42902788784356696","","","",""
"a0sWD00000Xpf3BYAR","005al00000RVcKvAAL","false","nCino UI Configuration Builder","false","false","true","42902894732265158","","","",""
"a0sWD00000Xpf3CYAR","005al00000RVcKvAAL","false","SBL OA UCC Screen","false","false","true","429034805094343451","","","",""
"a0sWD00000Xpf3DYAR","005al00000RVcKvAAL","false","Budget Details","false","false","true","42904108353612051","","","",""
"a0sWD00000XpbAYYAZ","005al00000RVcKvAAL","false","DEP Personal Info (Individual Additional Owner)","false","false","true","42904270853889400","","","",""
"a0sWD00000XpbFMYAZ","005al00000RVcKvAAL","false","Seller Debt","false","false","true","42904453780468697","","","",""
"a0sWD00000Xpf3EYAR","005al00000RVcKvAAL","false","Balance Details","false","false","true","42905227824879625","","","",""
"a0sWD00000Xpf3FYAR","005al00000RVcKvAAL","false","Previous SBA Loan","false","false","true","42905743272677432","","","",""
"a0sWD00000XpbAZYAZ","005al00000RVcKvAAL","false","Available One to Many Screen Sections","false","false","true","429065460244810851","","","",""
"a0sWD00000XpbEZYAZ","005al00000RVcKvAAL","false","Borrowing Structure Information","false","false","true","42907025017215417","","","",""
"a0sWD00000Xpf3GYAR","005al00000RVcKvAAL","false","Credit Actions New Package Details","false","false","true","42907519470504593","","","",""
"a0sWD00000Xpf3HYAR","005al00000RVcKvAAL","false","Legal Proccessing","false","false","true","42908239264869537","","","",""
"a0sWD00000Xpf3IYAR","005al00000RVcKvAAL","false","SBA Form 1920","false","false","true","42909229590617235","","","",""
"a0sWD00000XpfT0YAJ","005al00000RVcKvAAL","false","vs_test_screen","false","false","true","42910001227702178","","","",""
"a0sWD00000XpbAaYAJ","005al00000RVcKvAAL","false","Available Screen Sections","false","false","true","42910747869405628","","","",""
"a0sWD00000Xpf3JYAR","005al00000RVcKvAAL","false","Covenants","false","false","true","42911021860265395","","","",""
"a0sWD00000Xpf3KYAR","005al00000RVcKvAAL","false","nCino UI Configuration Builder","false","false","true","42911288846260668","","","",""
"a0sWD00000Xpf3LYAR","005al00000RVcKvAAL","false","Address - Portal","false","false","true","42913413983071797","","","",""
"a0sWD00000XpRI7YAN","005al00000RVcKvAAL","false","Collateral-Titled-Motor Vehicle","false","false","true","42913737407936953","","","",""
"a0sWD00000XpepOYAR","005al00000RVcKvAAL","false","Loan Credit Memo","false","false","true","42914365076525951","","","",""
"a0sWD00000Xpf3MYAR","005al00000RVcKvAAL","false","SBA Form G845","false","false","true","42917106164016973","","","",""
"a0sWD00000Xpf3NYAR","005al00000RVcKvAAL","false","InsertJobAdded","false","false","true","42917546259910489","","","",""
"a0sWD00000XpepPYAR","005al00000RVcKvAAL","false","Standard Review Credit Memo (Product Package)","true","false","true","42918075225598021","","","",""
"a0sWD00000Xpf3OYAR","005al00000RVcKvAAL","false","Collateral Owned","false","false","true","42919221558088880","","","",""
"a0sWD00000XpbLlYAJ","005al00000RVcKvAAL","false","Loan Compliance Screen","false","false","true","42920140975446045","","","",""
"a0sWD00000Xpf3PYAR","005al00000RVcKvAAL","false","Available Screen Sections","false","false","true","42920547972613055","","","",""
"a0sWD00000Xpf3QYAR","005al00000RVcKvAAL","false","Collateral Equipment","false","false","true","42920992072473269","","","",""
"a0sWD00000Xpf3RYAR","005al00000RVcKvAAL","false","Commercial Short Form","false","false","true","42921210754409540","","","",""
"a0sWD00000Xpf3SYAR","005al00000RVcKvAAL","false","Commercial Short Form","false","false","true","429213048450342","","","",""
"a0sWD00000Xpf3TYAR","005al00000RVcKvAAL","false","InsertJobAdd003","false","false","true","42921353915343770","","","",""
"a0sWD00000Xpf3UYAR","005al00000RVcKvAAL","false","Product Packages","false","false","true","42922392639328627","","","",""
"a0sWD00000XpepQYAR","005al00000RVcKvAAL","false","Standard Loan Credit Memo","true","false","true","42922771813354167","","","",""
"a0sWD00000XpbKLYAZ","005al00000RVcKvAAL","false","Loan Current","false","false","true","42923350579814359","","","",""
"a0sWD00000XpbAbYAJ","005al00000RVcKvAAL","false","Available Screen Sections","false","false","true","42926344398697575","","","",""
"a0sWD00000XpepRYAR","005al00000RVcKvAAL","false","Product Package Credit Memo","false","false","true","42927115042672124","","","",""
"a0sWD00000XpbAcYAJ","005al00000RVcKvAAL","false","Available Screen Sections","false","false","true","42928826582583099","","","",""
"a0sWD00000XpepSYAR","005al00000RVcKvAAL","false","Loan Credit Memo","false","false","true","42931163004573163","","","",""
"a0sWD00000Xpf3VYAR","005al00000RVcKvAAL","false","SMB Short Form","false","false","true","42931211896217877","","","",""
"a0sWD00000Xpf3WYAR","005al00000RVcKvAAL","false","Collateral Summary","false","false","true","42931663700624861","","","",""
"a0sWD00000Xpf3XYAR","005al00000RVcKvAAL","false","Small Business Full Analysis","false","false","true","42931777036848566","","","",""
"a0sWD00000Xpf3YYAR","005al00000RVcKvAAL","false","Material Changes","false","false","true","42932136971637961","","","",""
"a0sWD00000Xpf3ZYAR","005al00000RVcKvAAL","false","Contact Info - Existing Customer","false","false","true","42932517571512616","","","",""
"a0sWD00000XpepTYAR","005al00000RVcKvAAL","false","Standard Review Credit Memo (Product Package)","true","false","true","42933230906434309","","","",""
"a0sWD00000Xpf3aYAB","005al00000RVcKvAAL","false","Credit Memo - Long Form","false","false","true","42933790367002733","","","",""
"a0sWD00000XpbDmYAJ","005al00000RVcKvAAL","false","Add Beneficiaries","false","false","true","42933845298338736","","","",""
"a0sWD00000Xpf3bYAB","005al00000RVcKvAAL","false","Counterparty Report","false","false","true","42935087317836151","","","",""
"a0sWD00000XpepUYAR","005al00000RVcKvAAL","false","Small Business Credit Memo","true","false","true","42936820781657028","","","",""
"a0sWD00000Xpf3cYAB","005al00000RVcKvAAL","false","Primary Account","false","false","true","42937195874238165","","","",""
"a0sWD00000XpfUFYAZ","005al00000RVcKvAAL","false","Bulk Edit Pre Approval","false","false","true","42938264836815273","","","",""
"a0sWD00000Xpf3dYAB","005al00000RVcKvAAL","false","SBA Form 1919","false","false","true","4293971681617884","","","",""
"a0sWD00000Xpf3eYAB","005al00000RVcKvAAL","false","SBA Form 1920","false","false","true","42941186063546781","","","",""
"a0sWD00000Xpf3fYAB","005al00000RVcKvAAL","false","Key Dates - Read Only","false","false","true","42941688034552762","","","",""
"a0sWD00000XpbAdYAJ","005al00000RVcKvAAL","false","Available Screen Sections","false","false","true","42941694750032323","","","",""
"a0sWD00000Xpf3gYAB","005al00000RVcKvAAL","false","Key Dates - Editable","false","false","true","42941766626329505","","","",""
"a0sWD00000Xpf3hYAB","005al00000RVcKvAAL","false","Available One to Many Screen Sections","false","false","true","429432280125356471","","","",""
"a0sWD00000Xpf3iYAB","005al00000RVcKvAAL","false","Available One to Many Screen Sections","false","false","true","429432280125356473","","","",""
"a0sWD00000Xpf3jYAB","005al00000RVcKvAAL","false","nCino UI Configuration Builder","false","false","true","42944150301019224","","","",""
"a0sWD00000Xpf3kYAB","005al00000RVcKvAAL","false","Risk Ratings","false","false","true","42944395025703386","","","",""
"a0sWD00000XpbAeYAJ","005al00000RVcKvAAL","false","Available One to Many Screen Sections","false","false","true","429446046658847391","","","",""
"a0sWD00000XpbAfYAJ","005al00000RVcKvAAL","false","Available Screen Sections","false","false","true","42945613848333488","","","",""
"a0sWD00000Xpf3lYAB","005al00000RVcKvAAL","false","SBA Form 159","false","false","true","42945797899899508","","","",""
"a0sWD00000Xpf3mYAB","005al00000RVcKvAAL","false","nCino UI Configuration Builder","false","false","true","42947594347732104","","","",""
"a0sWD00000Xpf3nYAB","005al00000RVcKvAAL","false","SBA Form 1846","false","false","true","42950508999920836","","","",""
"a0sWD00000XpbAgYAJ","005al00000RVcKvAAL","false","Business Type","false","false","true","42951112668990397","","","",""
"a0sWD00000XpbFNYAZ","005al00000RVcKvAAL","false","Conditions","false","false","true","42952555398847892","","","",""
"a0sWD00000Xpf3oYAB","005al00000RVcKvAAL","false","Overview","false","false","true","42954181569086707","","","",""
"a0sWD00000Xpf3pYAB","005al00000RVcKvAAL","false","SMB Short Form","false","false","true","42954187210418680","","","",""
"a0sWD00000Xpf3qYAB","005al00000RVcKvAAL","false","Online Application Details UI","false","false","true","42954943454236421","","","",""
"a0sWD00000Xpf3rYAB","005al00000RVcKvAAL","false","Opportunity History","false","false","true","42956398948173298","","","",""
"a0sWD00000Xpf3sYAB","005al00000RVcKvAAL","false","Credit Memo - Short Form","false","false","true","42958632144835122","","","",""
"a0sWD00000XpbKxYAJ","005al00000RVcKvAAL","false","Copy Loan","false","false","true","42958934612337865","","","",""
"a0sWD00000XpbEaYAJ","005al00000RVcKvAAL","false","Add Beneficial Owner OA","false","false","true","42962240935795279","","","",""
"a0sWD00000Xpf3tYAB","005al00000RVcKvAAL","false","Underwriting Details","false","false","true","42964775966681392","","","",""
"a0sWD00000XpRHxYAN","005al00000RVcKvAAL","false","Collateral-UCC","false","false","true","42966783217336788","","","",""
"a0sWD00000Xpf3uYAB","005al00000RVcKvAAL","false","Loan Dashboard Summary Screen","false","false","true","42967121006825205","","","",""
"a0sWD00000Xpf3vYAB","005al00000RVcKvAAL","false","Collateral2","false","false","true","42971053452957375","","","",""
"a0sWD00000Xpf3wYAB","005al00000RVcKvAAL","false","Details","false","false","true","42971300563490738","","","",""
"a0sWD00000XpbAhYAJ","005al00000RVcKvAAL","false","Available Screen Sections","false","false","true","42973700372158944","","","",""
"a0sWD00000Xpf3xYAB","005al00000RVcKvAAL","false","SBA Form 1920","false","false","true","42973915786931276","","","",""
"a0sWD00000Xpf3yYAB","005al00000RVcKvAAL","false","Available Screen Sections","false","false","true","42974019651955115","","","",""
"a0sWD00000Xpf3zYAB","005al00000RVcKvAAL","false","SBA Form 1920","false","false","true","42976087382875755","","","",""
"a0sWD00000Xpf40YAB","005al00000RVcKvAAL","false","Approved Details","false","false","true","42976098789016202","","","",""
"a0sWD00000Xpf41YAB","005al00000RVcKvAAL","false","Risk Rating Reviews","false","false","true","42976334393367733","","","",""
"a0sWD00000XpepVYAR","005al00000RVcKvAAL","false","Loan Credit Memo","true","false","true","42976740897461876","","","",""
"a0sWD00000Xpf42YAB","005al00000RVcKvAAL","false","SBA Form 1920","false","false","true","42978039043942145","","","",""
"a0sWD00000XpfUYYAZ","005al00000RVcKvAAL","false","HMDA Screen 2","false","false","true","42978951107645512","","","",""
"a0sWD00000Xpf43YAB","005al00000RVcKvAAL","false","Product Summary","false","false","true","42981211344969723","","","",""
"a0sWD00000Xpf44YAB","005al00000RVcKvAAL","false","Collateral Pledged","false","false","true","42981737358038213","","","",""
"a0sWD00000XpbNFYAZ","005al00000RVcKvAAL","false","SBL Business Info","false","false","true","42981961269080453","","","",""
"a0sWD00000XpfWAYAZ","005al00000RVcKvAAL","false","Default Collateral Edit Screen","false","false","true","42982418717578930","","","",""
"a0sWD00000Xpf45YAB","005al00000RVcKvAAL","false","Potatoes","false","false","true","42982950901784060","","","",""
"a0sWD00000XpbLHYAZ","005al00000RVcKvAAL","false","Underwriting Details","false","false","true","42983688617809083","","","",""
"a0sWD00000Xpf46YAB","005al00000RVcKvAAL","false","Available One to Many Screen Sections","false","false","true","429875775569504971","","","",""
"a0sWD00000Xpf47YAB","005al00000RVcKvAAL","false","Available One to Many Screen Sections","false","false","true","429875775569504973","","","",""
"a0sWD00000Xpf48YAB","005al00000RVcKvAAL","false","Available One to Many Screen Sections","false","false","true","429875775569504975","","","",""
"a0sWD00000cHTmIYAW","005al00000RVcKvAAL","false","nFORCE  Screen Record 001","false","false","true","42987918648533734","","","",""
"a0sWD00000Xpf49YAB","005al00000RVcKvAAL","false","Proforma Options","false","false","true","42990318474654246","","","",""
"a0sWD00000Xpf4AYAR","005al00000RVcKvAAL","false","Loan Compliance Screen","false","false","true","42990924393861988","","","",""
"a0sWD00000Xpf4BYAR","005al00000RVcKvAAL","false","Commercial Full Analysis","false","false","true","42992746500976794","","","",""
"a0sWD00000XpbKBYAZ","005al00000RVcKvAAL","false","Treasury Service Maintenance","false","false","true","42992811933823016","","","",""
"a0sWD00000Xpf4CYAR","005al00000RVcKvAAL","false","Underwriting Details","false","false","true","42993502217162409","","","",""
"a0sWD00000Xpf4DYAR","005al00000RVcKvAAL","false","CD Renewal","false","false","true","42998184543222728","","","",""
"a0sWD00000Xpf4EYAR","005al00000RVcKvAAL","false","Total Exposure","false","false","true","42998745964659879","","","",""
"a0sWD00000Xpf4FYAR","005al00000RVcKvAAL","false","SMB Full Analysis/Writeup","false","false","true","42999222882412483","","","",""
"a0sWD00000XpbMdYAJ","005al00000RVcKvAAL","false","Draw Overview Screen","false","false","true","43041619447514587","","","",""
"a0sWD00000XpbLjYAJ","005al00000RVcKvAAL","false","Rate Structure","false","false","true","43041620937671558","","","",""
"a0sWD00000XpbDnYAJ","005al00000RVcKvAAL","false","Pricing Approved","false","false","true","43091585311469498","","","",""
"a0sWD00000XpbMmYAJ","005al00000RVcKvAAL","false","Risk Rating","false","false","true","43241619447514581","","","",""
"a0sWD00000Xpf4GYAR","005al00000RVcKvAAL","false","Associated Accounts","false","false","true","43261575852600761","","","",""
"a0sWD00000XpbAiYAJ","005al00000RVcKvAAL","false","Account Exposure","false","false","true","43544645","","","",""
"a0sWD00000XpbDoYAJ","005al00000RVcKvAAL","false","Final Pricing","false","false","true","43601585311469513","","","",""
"a0sWD00000XpbDpYAJ","005al00000RVcKvAAL","false","HMDA","false","false","true","43751600720267875","","","",""
"a0sWD00000Xpf4HYAR","005al00000RVcKvAAL","false","Memos","false","false","true","43c861ca-869b-279b","","","",""
"a0sWD00000Xpf4IYAR","005al00000RVcKvAAL","false","Loan Partner","false","false","true","440fa394-3e51-9534","","","",""
"a0sWD00000Xpf4JYAR","005al00000RVcKvAAL","false","Editable Fields","false","false","true","4412830c-663a-ee5d","","","",""
"a0sWD00000Xpf4KYAR","005al00000RVcKvAAL","false","Collateral Summary","false","false","true","44971602764631365","","","",""
"a0sWD00000XpbDqYAJ","005al00000RVcKvAAL","false","Third Party Management","false","false","true","45191663700624862","","","",""
"a0sWD00000Xpf4LYAR","005al00000RVcKvAAL","false","Loan Details","false","false","true","45391575395465127","","","",""
"a0sWD00000Xpf4MYAR","005al00000RVcKvAAL","false","Post Closing Review","false","false","true","45508388-51b3-e497","","","",""
"a0sWD00000XpbDrYAJ","005al00000RVcKvAAL","false","DEP Personal Info (business)","false","false","true","45611598381727710","","","",""
"a0sWD00000Xpf4NYAR","005al00000RVcKvAAL","false","Document Manager Bulk Update","false","false","true","456A5941_6A57_4C6C_9658_393E7237771A","","","",""
"a0sWD00000Xpf4OYAR","005al00000RVcKvAAL","false","ACH","false","false","true","45twrthh53","","","",""
"a0sWD00000XpbDsYAJ","005al00000RVcKvAAL","false","Editable Fields","false","false","true","46011585311469504","","","",""
"a0sWD00000XpbAjYAJ","005al00000RVcKvAAL","false","Fees Summary","false","false","true","46241560278867078","","","",""
"a0sWD00000Xpf4PYAR","005al00000RVcKvAAL","false","Draw History Screen","false","false","true","46391585311469504","","","",""
"a0sWD00000Xpf4QYAR","005al00000RVcKvAAL","false","Application Details","false","false","true","46641602764631365","","","",""
"a0sWD00000XpbAkYAJ","005al00000RVcKvAAL","false","Adverse Actions","false","false","true","46681620937671562","","","",""
"a0sWD00000Xpf4RYAR","005al00000RVcKvAAL","false","Test-47098","false","false","true","47098","","","",""
"a0sWD00000Xpf4SYAR","005al00000RVcKvAAL","false","SBA Loan Authorization","false","false","true","47261585311469509","","","",""
"a0sWD00000XpfVCYAZ","005al00000RVcKvAAL","false","Third Party Reports","false","false","true","47581585604340855","","","",""
"a0sWD00000Xpf4TYAR","005al00000RVcKvAAL","false","Collateral Summary","false","false","true","48076bd4-9c91-6226","","","",""
"a0sWD00000Xpf4UYAR","005al00000RVcKvAAL","false","Loan Compliance Screen","false","false","true","48241585311469502","","","",""
"a0sWD00000XpbN6YAJ","005al00000RVcKvAAL","false","Payment Structure","false","false","true","48261619447514581","","","",""
"a0sWD00000XpbAlYAJ","005al00000RVcKvAAL","false","Team Members","false","false","true","48281619447514582","","","",""
"a0sWD00000XpbDtYAJ","005al00000RVcKvAAL","false","Third Party Management","false","false","true","48401602764631366","","","",""
"a0sWD00000XpbFOYAZ","005al00000RVcKvAAL","false","Compliance Certifications","false","false","true","48484092340752","","","",""
"a0sWD00000XpbMhYAJ","005al00000RVcKvAAL","false","Loan Products","false","false","true","48781562008947219","","","",""
"a0sWD00000XpbDuYAJ","005al00000RVcKvAAL","false","Collateral2","false","false","true","49201585311469493","","","",""
"a0sWD00000XpbDvYAJ","005al00000RVcKvAAL","false","Manual Underwriting","false","false","true","49551663700624863","","","",""
"a0sWD00000XpbMzYAJ","005al00000RVcKvAAL","false","Third Party Management","false","false","true","49681619447514580","","","",""
"a0sWD00000XpbAmYAJ","005al00000RVcKvAAL","false","Loan Compliance Screen","false","false","true","49751620937671564","","","",""
"a0sWD00000Xpf4VYAR","005al00000RVcKvAAL","false","Associated Accounts","false","false","true","49821576590314132","","","",""
"a0sWD00000XpbFPYAZ","005al00000RVcKvAAL","false","Collateral2","false","false","true","4A337B5D3528422C924C3E1F46311910","","","",""
"a0sWD00000XpfUAYAZ","005al00000RVcKvAAL","false","Primary Account","false","false","true","4F144F4D273F4A30946C055C016E0270","","","",""
"a0sWD00000XpbFQYAZ","005al00000RVcKvAAL","false","Fees Approved","false","false","true","4F4C66326C534041AD004049437B4613","","","",""
"a0sWD00000Xpf4WYAR","005al00000RVcKvAAL","false","SBA Form 1920","false","false","true","4a995888-99e3-a5ed","","","",""
"a0sWD00000Xpf4XYAR","005al00000RVcKvAAL","false","SBA Form 1920","false","false","true","4b07404d-8198-9c96","","","",""
"a0sWD00000Xpf4YYAR","005al00000RVcKvAAL","false","Secondary Market","false","false","true","4b4478c3-cd32-6bfe","","","",""
"a0sWD00000cHTmJYAW","005al00000RVcKvAAL","false","nFORCE  Screen Record 001","false","true","false","4la8d514htv8","","","",""
"a0sWD00000XpbDwYAJ","005al00000RVcKvAAL","false","Adverse Actions","false","false","true","50491663700624860","","","",""
"a0sWD00000XpbDxYAJ","005al00000RVcKvAAL","false","SBL Business Info","false","false","true","50791666029074780","","","",""
"a0sWD00000XpbAnYAJ","005al00000RVcKvAAL","false","Key Dates - Read Only","false","false","true","50971585604340856","","","",""
"a0sWD00000Xpf4ZYAR","005al00000RVcKvAAL","false","Other Information","false","false","true","50981a72-9e57-a112","","","",""
"a0sWD00000Xpf4aYAB","005al00000RVcKvAAL","false","Associated Accounts","false","false","true","51531576590417503","","","",""
"a0sWD00000Xpf4bYAB","005al00000RVcKvAAL","false","3508 Review - Approved in Part or Denied","false","false","true","5165410646501","","","",""
"a0sWD00000XpbEbYAJ","005al00000RVcKvAAL","false","Deposit Application Summary","false","false","true","52261701790670787","","","",""
"a0sWD00000Xpf4cYAB","005al00000RVcKvAAL","false","Associated Accounts","false","false","true","52461576590235086","","","",""
"a0sWD00000XpbMOYAZ","005al00000RVcKvAAL","false","Collateral Pledged","false","false","true","52621585604340855","","","",""
"a0sWD00000Xpf4dYAB","005al00000RVcKvAAL","false","Loan Details","false","false","true","52631578346510229","","","",""
"a0sWD00000Xpf4eYAB","005al00000RVcKvAAL","false","Risk Ratings","false","false","true","52651575395465126","","","",""
"a0sWD00000XpbAoYAJ","005al00000RVcKvAAL","false","Borrowing Structure Information","false","false","true","52691560278867079","","","",""
"a0sWD00000Xpf4fYAB","005al00000RVcKvAAL","false","Entity Compliance Screen","false","false","true","53291585311469502","","","",""
"a0sWD00000XpbN7YAJ","005al00000RVcKvAAL","false","Budget Details","false","false","true","53291619447514586","","","",""
"a0sWD00000Xpf4gYAB","005al00000RVcKvAAL","false","SBL Personal Forgive","false","false","true","534121423531254","","","",""
"a0sWD00000Xpf4hYAB","005al00000RVcKvAAL","false","Edit Authorized Admins","false","false","true","534489906362927261","","","",""
"a0sWD00000XpbDyYAJ","005al00000RVcKvAAL","false","Enhanced Fees Management","false","false","true","53471600720267875","","","",""
"a0sWD00000Xpf4iYAB","005al00000RVcKvAAL","false","Associated Accounts","false","false","true","53481575852395434","","","",""
"a0sWD00000Xpf4jYAB","005al00000RVcKvAAL","false","Adverse Actions","false","false","true","53631575395465125","","","",""
"a0sWD00000Xpf4kYAB","005al00000RVcKvAAL","false","Onboarding","false","false","true","53731576590651268","","","",""
"a0sWD00000Xpf4lYAB","005al00000RVcKvAAL","false","HMDA","false","false","true","53941592334965452","","","",""
"a0sWD00000Xpf4mYAB","005al00000RVcKvAAL","false","Narrative","false","false","true","53ff1efd-4217-9104","","","",""
"a0sWD00000Xpf4nYAB","005al00000RVcKvAAL","false","3508EZ Review - Approved in Part or Denied","false","false","true","5410505050","","","",""
"a0sWD00000Xpf4oYAB","005al00000RVcKvAAL","false","Onboarding","false","false","true","54241576590611197","","","",""
"a0sWD00000Xpf4pYAB","005al00000RVcKvAAL","false","Third Party Management","false","false","true","54241592334965451","","","",""
"a0sWD00000XpbFRYAZ","005al00000RVcKvAAL","false","Venture Banking","false","false","true","544420094858235","","","",""
"a0sWD00000Xpf4qYAB","005al00000RVcKvAAL","false","Associated Accounts","false","false","true","54531575852928002","","","",""
"a0sWD00000XpbLMYAZ","005al00000RVcKvAAL","false","Fees Summary","false","false","true","55051619447514582","","","",""
"a0sWD00000XpbN1YAJ","005al00000RVcKvAAL","false","Third Party Reports","false","false","true","55521619447514583","","","",""
"a0sWD00000XpbApYAJ","005al00000RVcKvAAL","false","SnapshotTreasuryWireMan","false","false","true","55555555555","","","",""
"a0sWD00000Xpf4rYAB","005al00000RVcKvAAL","false","Payroll Costs EZ","false","false","true","55621652181200901212","","","",""
"a0sWD00000XpbDzYAJ","005al00000RVcKvAAL","false","Collateral Summary","false","false","true","55841600720267874","","","",""
"a0sWD00000XpbE0YAJ","005al00000RVcKvAAL","false","Online Income Information","false","false","true","55861666029074781","","","",""
"a0sWD00000XpbAqYAJ","005al00000RVcKvAAL","false","Rate & Payment Structure","false","false","true","55871620937671566","","","",""
"a0sWD00000Xpf4sYAB","005al00000RVcKvAAL","false","Onboarding","false","false","true","55921575852542362","","","",""
"a0sWD00000Xpf4tYAB","005al00000RVcKvAAL","false","Third Party Management","false","false","true","56121600720341505","","","",""
"a0sWD00000Xpf4uYAB","005al00000RVcKvAAL","false","Conditonally Rendered","false","false","true","562345126565142","","","",""
"a0sWD00000Xpf4vYAB","005al00000RVcKvAAL","false","Application Details","false","false","true","56271640791247588","","","",""
"a0sWD00000XpfUBYAZ","005al00000RVcKvAAL","false","SBA Form 652","false","false","true","56336C473F7F4D1A9A28427C77176955","","","",""
"a0sWD00000Xpf4wYAB","005al00000RVcKvAAL","false","ReviewSubmitLoan","false","false","false","56621D7C_2B75_4359_AE3C_716E786B6932","","","",""
"a0sWD00000Xpf4xYAB","005al00000RVcKvAAL","false","Opportunities","false","false","true","566418645681234652","","","",""
"a0sWD00000Xpf4yYAB","005al00000RVcKvAAL","false","Stage History","false","false","true","56691575395465126","","","",""
"a0sWD00000Xpf4zYAB","005al00000RVcKvAAL","false","Onboarding","false","false","true","56741575852800819","","","",""
"a0sWD00000Xpf50YAB","005al00000RVcKvAAL","false","Fees Approved","false","false","true","56771578346510228","","","",""
"a0sWD00000XpbE1YAJ","005al00000RVcKvAAL","false","Balance Details","false","false","true","56841585311469498","","","",""
"a0sWD00000Xpf51YAB","005al00000RVcKvAAL","false","Fees Approved","false","false","true","57851575395465124","","","",""
"a0sWD00000Xpf52YAB","005al00000RVcKvAAL","false","Loan Dashboard Summary Screen","false","false","true","57add949-784c-cbe2","","","",""
"a0sWD00000Xpf53YAB","005al00000RVcKvAAL","false","Secured SBL Personal (Individual Other Involved)","false","false","true","58091579464537727","","","",""
"a0sWD00000XpbEcYAJ","005al00000RVcKvAAL","false","Create New Relationship for Beneficiary","false","false","true","58621701790670786","","","",""
"a0sWD00000Xpf54YAB","005al00000RVcKvAAL","false","Booked Information","false","false","true","58641578346510228","","","",""
"a0sWD00000Xpf55YAB","005al00000RVcKvAAL","false","HMDA","false","false","true","58641640791247589","","","",""
"a0sWD00000XpbE2YAJ","005al00000RVcKvAAL","false","Application Details","false","false","true","59661600720267874","","","",""
"a0sWD00000XpbEdYAJ","005al00000RVcKvAAL","false","Application Details","false","false","true","596616007202678745","","","",""
"a0sWD00000XpbArYAJ","005al00000RVcKvAAL","false","Key Dates - Editable","false","false","true","59771585604340856","","","",""
"a0sWD00000Xpf56YAB","005al00000RVcKvAAL","false","Participations","false","false","true","598f0223-38a3-6d7a","","","",""
"a0sWD00000XpfW5YAJ","005al00000RVcKvAAL","false","Document Manager Bulk Update","false","false","true","5B674535_403D_4919_B07E_132B31442B5A","","","",""
"a0sWD00000XpbFSYAZ","005al00000RVcKvAAL","false","Participations","false","false","true","5F2A7574747D4F31801C397D33087C18","","","",""
"a0sWD00000Xpf57YAB","005al00000RVcKvAAL","false","Collateral Value","false","false","true","5aad99cd-d11c-2342","","","",""
"a0sWD00000Xpf58YAB","005al00000RVcKvAAL","false","Balance Details","false","false","true","5f0bfaee-da99-6b9c","","","",""
"a0sWD00000Xpf59YAB","005al00000RVcKvAAL","false","SBA Form 1920","false","false","true","5f5e1c45-c635-2662","","","",""
"a0sWD00000XpbAsYAJ","005al00000RVcKvAAL","false","Stage History","false","false","true","60101585604340856","","","",""
"a0sWD00000Xpf5AYAR","005al00000RVcKvAAL","false","Daily Limit Change","false","false","true","60231576590235086","","","",""
"a0sWD00000XpbAtYAJ","005al00000RVcKvAAL","false","Change Memo","false","false","true","60941560278867078","","","",""
"a0sWD00000XpbE3YAJ","005al00000RVcKvAAL","false","Credit Check","false","false","true","60941666029074782","","","",""
"a0sWD00000XpbLTYAZ","005al00000RVcKvAAL","false","Entity Compliance Screen","false","false","true","61171619447514586","","","",""
"a0sWD00000Xpf5BYAR","005al00000RVcKvAAL","false","Post Payroll Cost Forgiveness Check EZ","false","false","true","6127637621836122131","","","",""
"a0sWD00000Xpf5CYAR","005al00000RVcKvAAL","false","Associated Accounts","false","false","true","61281576590368616","","","",""
"a0sWD00000XpbAuYAJ","005al00000RVcKvAAL","false","Post Closing Review","false","false","true","61601585604340855","","","",""
"a0sWD00000XpbLZYAZ","005al00000RVcKvAAL","false","Participations","false","false","true","61601619447514583","","","",""
"a0sWD00000XpbAvYAJ","005al00000RVcKvAAL","false","Pricing Required Fields","false","false","true","61711620937671558","","","",""
"a0sWD00000XpbFTYAZ","005al00000RVcKvAAL","false","Pricing Approved","false","false","true","6212613861314441B5241C4F797E2F08","","","",""
"a0sWD00000XpbLWYAZ","005al00000RVcKvAAL","false","Loan Details-Retail","false","false","true","623454651543256","","","",""
"a0sWD00000XpbE4YAJ","005al00000RVcKvAAL","false","Approval Details","false","false","true","62551663700624864","","","",""
"a0sWD00000XpfT1YAJ","005al00000RVcKvAAL","false","Consumer Loan - Personal Info (Co-Applicant)","false","false","true","62691641354325280","","","",""
"a0sWD00000XpbLaYAJ","005al00000RVcKvAAL","false","Treasury Service Details","false","false","true","62851567002571747","","","",""
"a0sWD00000XpbE5YAJ","005al00000RVcKvAAL","false","Booked Information","false","false","true","63091585311469499","","","",""
"a0sWD00000XpbAwYAJ","005al00000RVcKvAAL","false","Application Details-Retail","false","false","true","6325647853262563245","","","",""
"a0sWD00000XpbE6YAJ","005al00000RVcKvAAL","false","Loan Compliance Screen","false","false","true","63951663700624860","","","",""
"a0sWD00000Xpf5DYAR","005al00000RVcKvAAL","false","Service Requests","false","false","true","642407e0-9c0c-051e","","","",""
"a0sWD00000Xpf5EYAR","005al00000RVcKvAAL","false","Borrowing Structure Information","false","false","true","64542352345345","","","",""
"a0sWD00000XpbMnYAJ","005al00000RVcKvAAL","false","Booked Information","false","false","true","64811619447514585","","","",""
"a0sWD00000Xpf5FYAR","005al00000RVcKvAAL","false","Equipment","false","false","true","65071576590189623","","","",""
"a0sWD00000XpIMXYA3","005al00000RVcKvAAL","false","Appraisal Fee Screen","false","false","true","6573485672623625","","","",""
"a0sWD00000XpbEeYAJ","005al00000RVcKvAAL","false","Traditional Contributions","false","false","true","657465765543454545","","","",""
"a0sWD00000XpbAxYAJ","005al00000RVcKvAAL","false","Participations","false","false","true","66011620937671561","","","",""
"a0sWD00000XpbE7YAJ","005al00000RVcKvAAL","false","DEP Personal Info (business co owner)","false","false","true","66201598553323869","","","",""
"a0sWD00000XpbAyYAJ","005al00000RVcKvAAL","false","Fees Summary","false","false","true","66261620937671560","","","",""
"a0sWD00000Xpf5GYAR","005al00000RVcKvAAL","false","ReviewSubmitLoan","false","false","false","663C2A1F_6450_4217_911C_753916454F18","","","",""
"a0sWD00000Xpf5HYAR","005al00000RVcKvAAL","false","ReviewSubmitDeposit","false","false","false","6653224F_7B57_470A_AA63_30645C70732F","","","",""
"a0sWD00000Xpf5IYAR","005al00000RVcKvAAL","false","Onboarding","false","false","true","66631575852395433","","","",""
"a0sWD00000XpbMrYAJ","005al00000RVcKvAAL","false","Editable Fields","false","false","true","66981619447514587","","","",""
"a0sWD00000Xpf5JYAR","005al00000RVcKvAAL","false","Booked Details","false","false","true","66aac866-1f88-86b8","","","",""
"a0sWD00000XpbLCYAZ","005al00000RVcKvAAL","false","CRA Screen","false","false","true","67231585604340855","","","",""
"a0sWD00000Xpf5KYAR","005al00000RVcKvAAL","false","Draw Overview Screen","false","false","true","67431585311469504","","","",""
"a0sWD00000Xpf5LYAR","005al00000RVcKvAAL","false","Loan Team Member Information","false","false","true","67481575395465125","","","",""
"a0sWD00000Xpf5MYAR","005al00000RVcKvAAL","false","Payment Structure","false","false","true","67891585311469495","","","",""
"a0sWD00000Xpf5NYAR","005al00000RVcKvAAL","false","Authorized Administrators","false","false","true","68301576590342523","","","",""
"a0sWD00000XpbN4YAJ","005al00000RVcKvAAL","false","Change Memo","false","false","true","69121619447514582","","","",""
"a0sWD00000Xpf5OYAR","005al00000RVcKvAAL","false","Daily Limit Change","false","false","true","69191575852395434","","","",""
"a0sWD00000XpbLNYAZ","005al00000RVcKvAAL","false","Manage Budget Screen","false","false","true","69461619447514587","","","",""
"a0sWD00000XpbE8YAJ","005al00000RVcKvAAL","false","SBL Eligibility","false","false","true","69681666029074780","","","",""
"a0sWD00000XpfVEYAZ","005al00000RVcKvAAL","false","Booked Information Booked","false","false","true","69801585604340854","","","",""
"a0sWD00000Xpf5PYAR","005al00000RVcKvAAL","false","Memos Booked","false","false","true","69a8923b-1f3d-703f","","","",""
"a0sWD00000Xpf5QYAR","005al00000RVcKvAAL","false","Liens","false","false","true","6a6739a0-bf89-4378","","","",""
"a0sWD00000Xpf5RYAR","005al00000RVcKvAAL","false","Referral","false","false","true","6a70aba4-8f79-6170","","","",""
"a0sWD00000Xpf5SYAR","005al00000RVcKvAAL","false","Authorized Users","false","false","true","6e8e5ca9-5c10-8619","","","",""
"a0sWD00000Xpf5TYAR","005al00000RVcKvAAL","false","SBA Form 1919","false","false","true","6ebeed48-8465-a54c","","","",""
"a0sWD00000XpbAzYAJ","005al00000RVcKvAAL","false","Participations","false","false","true","70051585604340856","","","",""
"a0sWD00000XpbE9YAJ","005al00000RVcKvAAL","false","Enhanced Fees Management","false","false","true","70101602764631366","","","",""
"a0sWD00000XpbL7YAJ","005al00000RVcKvAAL","false","HMDA Screen 2","false","false","true","70131585604340855","","","",""
"a0sWD00000XpbEAYAZ","005al00000RVcKvAAL","false","Borrowing Structure","false","false","true","71161602764631367","","","",""
"a0sWD00000XpbB0YAJ","005al00000RVcKvAAL","false","HMDA Screen 1","false","false","true","71331620937671563","","","",""
"a0sWD00000XpbB1YAJ","005al00000RVcKvAAL","false","Loan Details-Retail","false","false","true","71341560278867078","","","",""
"a0sWD00000Xpf5UYAR","005al00000RVcKvAAL","false","Participations","false","false","true","71551575395465126","","","",""
"a0sWD00000XpbMpYAJ","005al00000RVcKvAAL","false","Team Members","false","false","true","71561620937671560","","","",""
"a0sWD00000XpbEBYAZ","005al00000RVcKvAAL","false","Add Others Involved MRF","false","false","true","71851666029074781","","","",""
"a0sWD00000XpfWQYAZ","005al00000RVcKvAAL","false","Collateral-Default-PP","false","false","true","723454364762362365","","","",""
"a0sWD00000Xpf5VYAR","005al00000RVcKvAAL","false","Onboarding","false","false","true","72611575853422663","","","",""
"a0sWD00000cHTmKYAW","005al00000RVcKvAAL","false","nFORCE  Screen Record 001","false","false","false","72741o0t4n2w7jwoggpkd","","","",""
"a0sWD00000Xpf5WYAR","005al00000RVcKvAAL","false","Budget Details","false","false","true","72811585311469501","","","",""
"a0sWD00000Xpf5XYAR","005al00000RVcKvAAL","false","Fees","false","false","true","73091575395465125","","","",""
"a0sWD00000Xpf5YYAR","005al00000RVcKvAAL","false","Memos","false","false","true","73251575395465125","","","",""
"a0sWD00000XpbECYAZ","005al00000RVcKvAAL","false","HMDA","false","false","true","73351602764631366","","","",""
"a0sWD00000Xpf5ZYAR","005al00000RVcKvAAL","false","Approved Details","false","false","true","73411578346510228","","","",""
"a0sWD00000Xpf5aYAB","005al00000RVcKvAAL","false","Deposit Summary","false","false","true","7345364536354645","","","",""
"a0sWD00000Xpf5bYAB","005al00000RVcKvAAL","false","Daily Limit Change","false","false","true","73561576590611198","","","",""
"a0sWD00000Xpf5cYAB","005al00000RVcKvAAL","false","Daily Limit Change","false","false","true","73981575852542362","","","",""
"a0sWD00000Xpf5dYAB","005al00000RVcKvAAL","false","Referrals","false","false","true","73aad64f-76f2-c893","","","",""
"a0sWD00000Xpf5eYAB","005al00000RVcKvAAL","false","Equipment","false","false","true","74041576590235086","","","",""
"a0sWD00000XpbLXYAZ","005al00000RVcKvAAL","false","Rate Structure","false","false","true","74211619447514581","","","",""
"a0sWD00000XpbB2YAJ","005al00000RVcKvAAL","false","Draw Overview Screen","false","false","true","74561620937671565","","","",""
"a0sWD00000Xpf5fYAB","005al00000RVcKvAAL","false","Referral","false","false","true","75011585311469501","","","",""
"a0sWD00000XpbLhYAJ","005al00000RVcKvAAL","false","Product Package Collateral2","false","false","true","75041563816286566","","","",""
"a0sWD00000Xpf5gYAB","005al00000RVcKvAAL","false","Manual Underwriting","false","false","true","75711640791247590","","","",""
"a0sWD00000Xpf5hYAB","005al00000RVcKvAAL","false","Narrative Booked","false","false","true","75f838bf-b768-a051","","","",""
"a0sWD00000Xpf5iYAB","005al00000RVcKvAAL","false","Post Payroll Cost Forgiveness Check","false","false","true","76127638721687231","","","",""
"a0sWD00000XpbB3YAJ","005al00000RVcKvAAL","false","Borrowing Structure Information","false","false","true","76391620937671558","","","",""
"a0sWD00000Xpf5jYAB","005al00000RVcKvAAL","false","Supplementary Details","false","false","true","76631578346510229","","","",""
"a0sWD00000Xpf5kYAB","005al00000RVcKvAAL","false","Third Party Management","false","false","true","76681640791247588","","","",""
"a0sWD00000Xpf5lYAB","005al00000RVcKvAAL","false","Deal Summary Syndications","false","false","true","7674653543234234","","","",""
"a0sWD00000Xpf5mYAB","005al00000RVcKvAAL","false","Deal Summary","false","false","true","76746535435435","","","",""
"a0sWD00000XpbEDYAZ","005al00000RVcKvAAL","false","Proposal","false","false","true","76841585311469512","","","",""
"a0sWD00000XpbFUYAZ","005al00000RVcKvAAL","false","SBA Form 601","false","false","true","77464025155F4E1BB66E37791F570C04","","","",""
"a0sWD00000XpbB4YAJ","005al00000RVcKvAAL","false","SnapshotTreasuryLBX","false","false","true","777777777777","","","",""
"a0sWD00000Xpf5nYAB","005al00000RVcKvAAL","false","Entity Compliance Screen","false","false","true","78251585311469502","","","",""
"a0sWD00000XpbN3YAJ","005al00000RVcKvAAL","false","Payment Structure","false","false","true","78401620937671559","","","",""
"a0sWD00000XpbB5YAJ","005al00000RVcKvAAL","false","Collateral","false","false","true","784368902834672803","","","",""
"a0sWD00000XpbMeYAJ","005al00000RVcKvAAL","false","Third Party Management","false","false","true","78611620937671557","","","",""
"a0sWD00000Xpf5oYAB","005al00000RVcKvAAL","false","Participations","false","false","true","789603212038109834","","","",""
"a0sWD00000XpbM8YAJ","005al00000RVcKvAAL","false","Pricing","false","false","true","79341585604340856","","","",""
"a0sWD00000Xpf5pYAB","005al00000RVcKvAAL","false","Daily Limit Change","false","false","true","79361575852600761","","","",""
"a0sWD00000Xpf5qYAB","005al00000RVcKvAAL","false","SBA Form 1920","false","false","true","7940b4ea-c191-28e9","","","",""
"a0sWD00000Xpf5rYAB","005al00000RVcKvAAL","false","Treasury Service Maintenance","false","false","true","79802345908797082345","","","",""
"a0sWD00000Xpf5sYAB","005al00000RVcKvAAL","false","Key Dates - Read Only","false","false","true","79f08896-047b-63b1","","","",""
"a0sWD00000Xpf5tYAB","005al00000RVcKvAAL","false","ReviewSubmitDeposit","false","false","false","7A6E103A_5E24_427F_A734_3C627D04305E","","","",""
"a0sWD00000XpbFVYAZ","005al00000RVcKvAAL","false","Credit Underwriting","false","false","true","7B220477516145598B5145251435045F","","","",""
"a0sWD00000XpbFWYAZ","005al00000RVcKvAAL","false","SBA Form 1050","false","false","true","7B5257482579424E9F585774091D7405","","","",""
"a0sWD00000Xpf5uYAB","005al00000RVcKvAAL","false","Pricing","false","false","true","7a1e8144-9c68-a730","","","",""
"a0sWD00000Xpf5vYAB","005al00000RVcKvAAL","false","Third Party Reports","false","false","true","7cfcc148-6b6c-6890","","","",""
"a0sWD00000Xpf5wYAB","005al00000RVcKvAAL","false","Policy Exceptions","false","false","true","7dcb9293-bef9-25e3","","","",""
"a0sWD00000Xpf5xYAB","005al00000RVcKvAAL","false","Supplementary Details","false","false","true","7e390651-18d8-9017","","","",""
"a0sWD00000Xpf5yYAB","005al00000RVcKvAAL","false","Product Packages","false","false","true","7eb7eade-7b3d-628a","","","",""
"a0sWD00000XpbEEYAZ","005al00000RVcKvAAL","false","Loan Team Member Information","false","false","true","80531585311469498","","","",""
"a0sWD00000Xpf5zYAB","005al00000RVcKvAAL","false","Service Management","false","false","true","80913450897245","","","",""
"a0sWD00000Xpf60YAB","005al00000RVcKvAAL","false","Collateral Pledged","false","false","true","80921575395465124","","","",""
"a0sWD00000Xpf61YAB","005al00000RVcKvAAL","false","Estimated Forgiveness Calculation EZ","false","false","true","8122311232897232132","","","",""
"a0sWD00000Xpf62YAB","005al00000RVcKvAAL","false","HMDA","false","false","true","81231600720341506","","","",""
"a0sWD00000XpbLSYAZ","005al00000RVcKvAAL","false","Balance Details","false","false","true","81501619447514584","","","",""
"a0sWD00000XpbEFYAZ","005al00000RVcKvAAL","false","Manual Underwriting","false","false","true","81511602764631367","","","",""
"a0sWD00000XpbMyYAJ","005al00000RVcKvAAL","false","Loan Dashboard Summary Screen","false","false","true","81661619447514585","","","",""
"a0sWD00000Xpf63YAB","005al00000RVcKvAAL","false","Onboarding","false","false","true","81771576590314131","","","",""
"a0sWD00000XpbFXYAZ","005al00000RVcKvAAL","false","Construction","false","false","true","8203475492093495224","","","",""
"a0sWD00000XpbB6YAJ","005al00000RVcKvAAL","false","Fees Approved","false","false","true","82191585604340855","","","",""
"a0sWD00000XpbFYYAZ","005al00000RVcKvAAL","false","Final Collateral Review","false","false","true","823676523962566533","","","",""
"a0sWD00000Xpf64YAB","005al00000RVcKvAAL","false","Credit Authorization/Joint Intent","false","false","true","82421663700624863","","","",""
"a0sWD00000Xpf65YAB","005al00000RVcKvAAL","false","Onboarding","false","false","true","82791576590417502","","","",""
"a0sWD00000Xpf66YAB","005al00000RVcKvAAL","false","HeadCountEZ","false","false","true","82798478234324323","","","",""
"a0sWD00000Xpf67YAB","005al00000RVcKvAAL","false","Risk Rating Review","false","false","true","828f1be8-b68e-240b","","","",""
"a0sWD00000XpbFZYAZ","005al00000RVcKvAAL","false","Loan Information","false","false","true","8352345273450","","","",""
"a0sWD00000XpbEfYAJ","005al00000RVcKvAAL","false","Beneficiary","false","false","true","83551701790670787","","","",""
"a0sWD00000XpbMiYAJ","005al00000RVcKvAAL","false","Loan Details","false","false","true","84351619447514588","","","",""
"a0sWD00000Xpf68YAB","005al00000RVcKvAAL","false","3508EZ Review - Approved in Full","false","false","true","84584164155","","","",""
"a0sWD00000XpbFaYAJ","005al00000RVcKvAAL","false","Processing Postapp","false","false","true","848888487575345","","","",""
"a0sWD00000XpbFbYAJ","005al00000RVcKvAAL","false","Complete","false","false","true","8523450523457","","","",""
"a0sWD00000Xpf69YAB","005al00000RVcKvAAL","false","Next Steps","false","false","true","85491640791247590","","","",""
"a0sWD00000XpbMwYAJ","005al00000RVcKvAAL","false","Approved Details","false","false","true","85571619447514583","","","",""
"a0sWD00000XpbMTYAZ","005al00000RVcKvAAL","false","Loan Compliance Screen","false","false","true","86401619447514586","","","",""
"a0sWD00000XpbLiYAJ","005al00000RVcKvAAL","false","Fees Approved","false","false","true","86411620937671561","","","",""
"a0sWD00000XpbLKYAZ","005al00000RVcKvAAL","false","Loan Details","false","false","true","86451585604340855","","","",""
"a0sWD00000Xpf6AYAR","005al00000RVcKvAAL","false","Daily Limit Change","false","false","true","86581575853422664","","","",""
"a0sWD00000XpbLtYAJ","005al00000RVcKvAAL","false","Booked Information","false","false","true","86611585604340855","","","",""
"a0sWD00000XpbMlYAJ","005al00000RVcKvAAL","false","Adverse Actions","false","false","true","86671619447514584","","","",""
"a0sWD00000XpbN0YAJ","005al00000RVcKvAAL","false","Deposit Products","false","false","true","86701562008947219","","","",""
"a0sWD00000XpbB7YAJ","005al00000RVcKvAAL","false","Fees","false","false","true","86811560278867079","","","",""
"a0sWD00000Xpf6BYAR","005al00000RVcKvAAL","false","Forgiveness Application Updates","false","false","true","871213987478627863","","","",""
"a0sWD00000Xpf6CYAR","005al00000RVcKvAAL","false","Collateral History","false","false","true","87567567562232","","","",""
"a0sWD00000Xpf6DYAR","005al00000RVcKvAAL","false","Entities","false","false","true","8758768769876","","","",""
"a0sWD00000XpbB8YAJ","005al00000RVcKvAAL","false","Facility Information","false","false","true","87774","","","",""
"a0sWD00000XpbB9YAJ","005al00000RVcKvAAL","false","Aggregation","false","false","true","87774234","","","",""
"a0sWD00000XpbBAYAZ","005al00000RVcKvAAL","false","Review","false","false","true","877744","","","",""
"a0sWD00000Xpf6EYAR","005al00000RVcKvAAL","false","CBC Flood Determinations","false","false","true","877b046f-1094-3322-801c-ebdf0f04743c","","","",""
"a0sWD00000Xpf6FYAR","005al00000RVcKvAAL","false","Loan Covenants","false","false","true","877b046f-1122-7766-802c-ebdf0f04743c","","","",""
"a0sWD00000Xpf6GYAR","005al00000RVcKvAAL","false","Relationship Covenants","false","false","true","877b046f-2255-0099-802c-ebdf0f04743c","","","",""
"a0sWD00000Xpf6HYAR","005al00000RVcKvAAL","false","Covenant Compliances","false","false","true","877b046f-6767-3538-802c-ebdf0f04743c","","","",""
"a0sWD00000Xpf6IYAR","005al00000RVcKvAAL","false","Covenant Details","false","false","true","877b046f-9534-4513-802c-ebdf0f04743c","","","",""
"a0sWD00000Xpf6JYAR","005al00000RVcKvAAL","false","Collateral Details","false","false","true","877b046f-9534-5667-332c-asdf0f04743c","","","",""
"a0sWD00000XpbBBYAZ","005al00000RVcKvAAL","false","Lease Details","false","false","true","879879871983791","","","",""
"a0sWD00000Xpf6KYAR","005al00000RVcKvAAL","false","Business Contacts","false","false","true","87fe8e06-4b31-948f","","","",""
"a0sWD00000Xpf6LYAR","005al00000RVcKvAAL","false","Editable Fields","false","false","true","88071578346510229","","","",""
"a0sWD00000Xpf6MYAR","005al00000RVcKvAAL","false","NonPayroll Costs","false","false","true","8829368712678211232","","","",""
"a0sWD00000XpbFcYAJ","005al00000RVcKvAAL","false","Final Review","false","false","true","885746312349164","","","",""
"a0sWD00000Xpf6NYAR","005al00000RVcKvAAL","false","Manage Budget Screen","false","false","true","88691585311469503","","","",""
"a0sWD00000XpfT2YAJ","005al00000RVcKvAAL","false","Personal Info (Primary Applicant) - No Marital Status","false","false","true","88871641831940600","","","",""
"a0sWD00000Xpf6OYAR","005al00000RVcKvAAL","false","SnapshotTreasuryRD","false","false","true","888888888888","","","",""
"a0sWD00000Xpf6PYAR","005al00000RVcKvAAL","false","Key Dates","false","false","true","88981575395465124","","","",""
"a0sWD00000Xpf6QYAR","005al00000RVcKvAAL","false","Overview","false","false","true","891723891720371231","","","",""
"a0sWD00000XpbBCYAZ","005al00000RVcKvAAL","false","Narrative","false","false","true","89361585604340856","","","",""
"a0sWD00000Xpf6RYAR","005al00000RVcKvAAL","false","Balance Details","false","false","true","89651578346510228","","","",""
"a0sWD00000XpbLeYAJ","005al00000RVcKvAAL","false","Loan Details","false","false","true","89871619447514586","","","",""
"a0sWD00000Xpf6SYAR","005al00000RVcKvAAL","false","Account Debt","false","false","true","8aeafe3c-f4dc-e6a0","","","",""
"a0sWD00000Xpf6TYAR","005al00000RVcKvAAL","false","Available Screen Sections","false","false","true","9.105537149277643","","","",""
"a0sWD00000Xpf6UYAR","005al00000RVcKvAAL","false","Referral","false","false","true","90211578346510229","","","",""
"a0sWD00000Xpf6VYAR","005al00000RVcKvAAL","false","Associated Accounts","false","false","true","90491576590282641","","","",""
"a0sWD00000Xpf6WYAR","005al00000RVcKvAAL","false","Secured Comm Business Info","false","false","true","91061579293659456","","","",""
"a0sWD00000XpbL5YAJ","005al00000RVcKvAAL","false","Referral","false","false","true","91061585604340856","","","",""
"a0sWD00000Xpf6XYAR","005al00000RVcKvAAL","false","Enhanced Fees Management","false","false","true","91121600720341505","","","",""
"a0sWD00000Xpf6YYAR","005al00000RVcKvAAL","false","Internal 3508 Data Entry","false","false","true","91223245234518267212","","","",""
"a0sWD00000Xpf6ZYAR","005al00000RVcKvAAL","false","Booked Details","false","false","true","91331575395465128","","","",""
"a0sWD00000XpbEGYAZ","005al00000RVcKvAAL","false","Borrowing Structure Information","false","false","true","91481663700624865","","","",""
"a0sWD00000Xpf6aYAB","005al00000RVcKvAAL","false","Associated Accounts","false","false","true","91771575852747845","","","",""
"a0sWD00000Xpf6bYAB","005al00000RVcKvAAL","false","SBA Form 1920","false","false","true","917b84dd-748c-086a","","","",""
"a0sWD00000Xpf6cYAB","005al00000RVcKvAAL","false","Onboarding","false","false","true","91881575853032816","","","",""
"a0sWD00000XpbMaYAJ","005al00000RVcKvAAL","false","Fees","false","false","true","91971560278745076","","","",""
"a0sWD00000Xpf6dYAB","005al00000RVcKvAAL","false","SBA Form 1920","false","false","true","91c04b58-4cba-4cfa","","","",""
"a0sWD00000XpbEHYAZ","005al00000RVcKvAAL","false","Next Steps","false","false","true","92101663700624863","","","",""
"a0sWD00000XpUSVYA3","005al00000RVcKvAAL","false","Loan Dashboard Summary Screen","false","false","true","92291620937671563","","","",""
"a0sWD00000Xpf6eYAB","005al00000RVcKvAAL","false","CRA Screen","false","false","true","92671575395465126","","","",""
"a0sWD00000Xpf6fYAB","005al00000RVcKvAAL","false","HMDA Screen 1","false","false","true","92701585311469500","","","",""
"a0sWD00000Xpf6gYAB","005al00000RVcKvAAL","false","Mod Forgiveness Details","false","false","true","9283421230192311114","","","",""
"a0sWD00000XpbMoYAJ","005al00000RVcKvAAL","false","HMDA Screen 1","false","false","true","92911615577845542","","","",""
"a0sWD00000Xpf6hYAB","005al00000RVcKvAAL","false","Forgiveness Details EZ","false","false","true","929837849728973232","","","",""
"a0sWD00000Xpf6iYAB","005al00000RVcKvAAL","false","Secured Commercial Personal Information","false","false","true","93161579293659456","","","",""
"a0sWD00000Xpf6jYAB","005al00000RVcKvAAL","false","Borrowing Structure Information","false","false","true","93421585311469494","","","",""
"a0sWD00000Xpf6kYAB","005al00000RVcKvAAL","false","Order Entry-Retail-Lockbox","false","false","true","93f357e6-748a-ce4c","","","",""
"a0sWD00000XpbEIYAZ","005al00000RVcKvAAL","false","Pricing Estimates","false","false","true","94511585311469513","","","",""
"a0sWD00000Xpf6lYAB","005al00000RVcKvAAL","false","Enhanced Fees Management","false","false","true","94511592334965451","","","",""
"a0sWD00000Xpf6mYAB","005al00000RVcKvAAL","false","Underwriting Details","false","false","true","94591600720341505","","","",""
"a0sWD00000Xpf6nYAB","005al00000RVcKvAAL","false","Risk Ratings","false","false","true","9472e53e-0b0e-f707","","","",""
"a0sWD00000XpbEJYAZ","005al00000RVcKvAAL","false","HMDA","false","false","true","94881663700624862","","","",""
"a0sWD00000Xpf6oYAB","005al00000RVcKvAAL","false","Related Liens","false","false","true","951b036f-2204-1111-978c-ebdf0f04743c","","","",""
"a0sWD00000Xpf6pYAB","005al00000RVcKvAAL","false","Equipment","false","false","true","95271576590651269","","","",""
"a0sWD00000Xpf6qYAB","005al00000RVcKvAAL","false","Underwriting Details","false","false","true","95291592334965452","","","",""
"a0sWD00000Xpf6rYAB","005al00000RVcKvAAL","false","Edit Associated Account","false","false","true","954445323094615809","","","",""
"a0sWD00000Xpf6sYAB","005al00000RVcKvAAL","false","Order Entry-Remote-Deposit","false","false","true","9566f5f7-70ee-4adb","","","",""
"a0sWD00000XpbBDYAZ","005al00000RVcKvAAL","false","Draw History Screen","false","false","true","95711620937671565","","","",""
"a0sWD00000Xpf6tYAB","005al00000RVcKvAAL","false","Add Equipment","false","false","true","957484241833666852","","","",""
"a0sWD00000Xpf6uYAB","005al00000RVcKvAAL","false","Associated Accounts","false","false","true","95761576590651269","","","",""
"a0sWD00000Xpf6vYAB","005al00000RVcKvAAL","false","Fees Approved","false","false","true","96831585311469497","","","",""
"a0sWD00000Xpf6wYAB","005al00000RVcKvAAL","false","Loan Team Member Information","false","false","true","96941578346510228","","","",""
"a0sWD00000Xpf6xYAB","005al00000RVcKvAAL","false","Collateral Summary","false","false","true","97191592857387269","","","",""
"a0sWD00000Xpf6yYAB","005al00000RVcKvAAL","false","Application Details","false","false","true","97481600720341504","","","",""
"a0sWD00000XpbBEYAZ","005al00000RVcKvAAL","false","Loan Summary","false","false","true","976687686","","","",""
"a0sWD00000Xpf6zYAB","005al00000RVcKvAAL","false","Loan Summary Syndications","false","false","true","976687686866623","","","",""
"a0sWD00000Xpf70YAB","005al00000RVcKvAAL","false","Collateral Summary","false","false","true","97701600720341505","","","",""
"a0sWD00000XpbBFYAZ","005al00000RVcKvAAL","false","Certifications","false","false","true","98061620937671556","","","",""
"a0sWD00000Xpf71YAB","005al00000RVcKvAAL","false","Covered Period End Date Exception","false","false","true","98217398718123978369","","","",""
"a0sWD00000Xpf72YAB","005al00000RVcKvAAL","false","Equipment","false","false","true","98251575853422664","","","",""
"a0sWD00000Xpf73YAB","005al00000RVcKvAAL","false","SBA Form 1920","false","false","true","98391585311469508","","","",""
"a0sWD00000XpbEKYAZ","005al00000RVcKvAAL","false","Secured RL Eligibility","false","false","true","98421603129897051","","","",""
"a0sWD00000Xpf74YAB","005al00000RVcKvAAL","false","Insurance","false","false","true","98623642434","","","",""
"a0sWD00000Xpf75YAB","005al00000RVcKvAAL","false","Holdings","false","false","true","98698657547","","","",""
"a0sWD00000Xpf76YAB","005al00000RVcKvAAL","false","Terminate Service","false","false","true","987317419026656467","","","",""
"a0sWD00000Xpf77YAB","005al00000RVcKvAAL","false","Liens Collateral UI","false","false","true","9896832243432","","","",""
"a0sWD00000Xpf78YAB","005al00000RVcKvAAL","false","Pledged Collateral UI","false","false","true","9898729487320948739","","","",""
"a0sWD00000Xpf79YAB","005al00000RVcKvAAL","false","SBA Form 1919","false","false","true","98ff8432-4f7c-8d00","","","",""
"a0sWD00000Xpf7AYAR","005al00000RVcKvAAL","false","Connection Roles","false","false","true","98y97h7qh79h2398h93","","","",""
"a0sWD00000Xpf7BYAR","005al00000RVcKvAAL","false","Equipment","false","false","true","99081576590314132","","","",""
"a0sWD00000Xpf7CYAR","005al00000RVcKvAAL","false","Capturing Costs1","false","false","true","9923435649393571","","","",""
"a0sWD00000Xpf7DYAR","005al00000RVcKvAAL","false","Mod Forgiveness Details EZ","false","false","true","9932948321231321321","","","",""
"a0sWD00000Xpf7EYAR","005al00000RVcKvAAL","false","Collateral","false","false","true","99331410-2813-371b","","","",""
"a0sWD00000Xpf7FYAR","005al00000RVcKvAAL","false","Dummy - Drivers License APAC","false","false","true","999","","","",""
"a0sWD00000Xpf7GYAR","005al00000RVcKvAAL","false","Onboarding","false","false","true","99911575852928002","","","",""
"a0sWD00000XpfVKYAZ","005al00000RVcKvAAL","false","Account Docman Add New Placeholder Screen","false","false","true","Account_Add_New_Placeholder_Screen","","","",""
"a0sWD00000XpfVOYAZ","005al00000RVcKvAAL","false","Account Docman Screen","false","false","true","Account_Document_Manager_Screen","","","",""
"a0sWD00000Xpf7HYAR","005al00000RVcKvAAL","false","ReviewSubmitLoan","false","false","false","C19557AC_AB20_46DF_B19A_59D4A18CFA6C","","","",""
"a0sWD00000XpbKYYAZ","005al00000RVcKvAAL","false","Product Package Collateral2","false","false","true","DPPP42456617561636458","","","",""
"a0sWD00000XpbKZYAZ","005al00000RVcKvAAL","false","Product Package Entity","false","false","true","DPPP42672576519267017","","","",""
"a0sWD00000Xpf7IYAR","005al00000RVcKvAAL","false","ReviewSubmitDeposit","false","false","false","E74199D9_5E95_4F77_A548_50683E613AB7","","","",""
"a0sWD00000XpfVJYAZ","005al00000RVcKvAAL","false","Universal Docman Add New Placeholder Screen","false","false","true","LLC_BI__Document_Placeholder__c_Add_New_Placeholder_Screen","","","",""
"a0sWD00000XpfVMYAZ","005al00000RVcKvAAL","false","Universal Docman Screen","false","false","true","LLC_BI__Document_Placeholder__c_Document_Manager_Screen","","","",""
"a0sWD00000XpfVLYAZ","005al00000RVcKvAAL","false","Loan Docman Add New Placeholder Screen","false","false","true","LLC_BI__Loan__c_Add_New_Placeholder_Screen","","","",""
"a0sWD00000XpfVNYAZ","005al00000RVcKvAAL","false","Loan Docman Screen","false","false","true","LLC_BI__Loan__c_Document_Manager_Screen","","","",""
"a0sWD00000Xpf7JYAR","005al00000RVcKvAAL","false","Mod Forgiveness Details 3508Simple","false","false","true","N18972393211222221","","","",""
"a0sWD00000Xpf7KYAR","005al00000RVcKvAAL","false","Forgiveness Application Updates 3508Simple","false","false","true","N2089378278932221","","","",""
"a0sWD00000Xpf7LYAR","005al00000RVcKvAAL","false","Forgiveness Application Updates 3508S","false","false","true","N2229829389019212","","","",""
"a0sWD00000Xpf7MYAR","005al00000RVcKvAAL","false","Forgiveness Details 3508Simple","false","false","true","N2893232221209837","","","",""
"a0sWD00000Xpf7NYAR","005al00000RVcKvAAL","false","Forgiveness Details 3508S","false","false","true","N772222239283421212","","","",""
"a0sWD00000Xpf7OYAR","005al00000RVcKvAAL","false","Payroll Costs1","false","false","true","N78237238203091223","","","",""
"a0sWD00000Xpf7PYAR","005al00000RVcKvAAL","false","Internal 3508S Data Entry Simple","false","false","true","N82738273111223","","","",""
"a0sWD00000Xpf7QYAR","005al00000RVcKvAAL","false","Internal 3508S Data Entry","false","false","true","N82938947761443114","","","",""
"a0sWD00000Xpf7RYAR","005al00000RVcKvAAL","false","Mod Forgiveness Details 3508S","false","false","true","N882238767237612234","","","",""
"a0sWD00000Xpf7SYAR","005al00000RVcKvAAL","false","Heals Forgiveness Details","false","false","true","N923849823843223","","","",""
"a0sWD00000Xpf7TYAR","005al00000RVcKvAAL","false","Estimated Forgiveness Calculation1","false","false","true","N981982921892131212","","","",""
"a0sWD00000Xpf7UYAR","005al00000RVcKvAAL","false","NonPayroll Costs1","false","false","true","N9910290199321212","","","",""
"a0sWD00000Xpf7VYAR","005al00000RVcKvAAL","false","Booked Information Booked","false","false","true","SCR105164683185611","","","",""
"a0sWD00000Xpf7WYAR","005al00000RVcKvAAL","false","Collateral Pledged","false","false","true","SCR105707601441806","","","",""
"a0sWD00000Xpf7XYAR","005al00000RVcKvAAL","false","Key Dates","false","false","true","SCR105730110503243","","","",""
"a0sWD00000Xpf7YYAR","005al00000RVcKvAAL","false","SBA Form 912","false","false","true","SCR118501936054059","","","",""
"a0sWD00000Xpf7ZYAR","005al00000RVcKvAAL","false","Balance Details","false","false","true","SCR141182340026635","","","",""
"a0sWD00000Xpf7aYAB","005al00000RVcKvAAL","false","Other Information","false","false","true","SCR153533237146016","","","",""
"a0sWD00000Xpf7bYAB","005al00000RVcKvAAL","false","Fees","false","false","true","SCR166684015978133","","","",""
"a0sWD00000Xpf7cYAB","005al00000RVcKvAAL","false","Booked Information","false","false","true","SCR170148887847856","","","",""
"a0sWD00000Xpf7dYAB","005al00000RVcKvAAL","false","Primary Account","false","false","true","SCR233112938301459","","","",""
"a0sWD00000Xpf7eYAB","005al00000RVcKvAAL","false","Collateral Details","false","false","true","SCR235470106701126","","","",""
"a0sWD00000Xpf7fYAB","005al00000RVcKvAAL","false","Activities","false","false","true","SCR244167067157856","","","",""
"a0sWD00000Xpf7gYAB","005al00000RVcKvAAL","false","SBA Form 652","false","false","true","SCR251611223940959","","","",""
"a0sWD00000Xpf7hYAB","005al00000RVcKvAAL","false","Injections","false","false","true","SCR289693868303422","","","",""
"a0sWD00000Xpf7iYAB","005al00000RVcKvAAL","false","Loan Application","false","false","true","SCR310187815911608","","","",""
"a0sWD00000Xpf7jYAB","005al00000RVcKvAAL","false","Collateral Summary","false","false","true","SCR330236290737117","","","",""
"a0sWD00000Xpf7kYAB","005al00000RVcKvAAL","false","Balance Details Booked","false","false","true","SCR331950065355886","","","",""
"a0sWD00000Xpf7lYAB","005al00000RVcKvAAL","false","Overview","false","false","true","SCR335012783201881","","","",""
"a0sWD00000Xpf7mYAB","005al00000RVcKvAAL","false","SBA Form 159","false","false","true","SCR349683492003171","","","",""
"a0sWD00000Xpf7nYAB","005al00000RVcKvAAL","false","SBA Form 1920","false","false","true","SCR366421545653941","","","",""
"a0sWD00000Xpf7oYAB","005al00000RVcKvAAL","false","SBA Form 1920","false","false","true","SCR377892962914859","","","",""
"a0sWD00000Xpf7pYAB","005al00000RVcKvAAL","false","Change of Ownership","false","false","true","SCR383826952000427","","","",""
"a0sWD00000Xpf7qYAB","005al00000RVcKvAAL","false","Opportunities","false","false","true","SCR389293634049654","","","",""
"a0sWD00000Xpf7rYAB","005al00000RVcKvAAL","false","Stage History","false","false","true","SCR399040888323121","","","",""
"a0sWD00000Xpf7sYAB","005al00000RVcKvAAL","false","Use of Proceeds","false","false","true","SCR412071048561502","","","",""
"a0sWD00000Xpf7tYAB","005al00000RVcKvAAL","false","Loans","false","false","true","SCR419535489611091","","","",""
"a0sWD00000Xpf7uYAB","005al00000RVcKvAAL","false","Fees Approved","false","false","true","SCR4219345204443.89","","","",""
"a0sWD00000Xpf7vYAB","005al00000RVcKvAAL","false","Deposits","false","false","true","SCR425722740066543","","","",""
"a0sWD00000Xpf7wYAB","005al00000RVcKvAAL","false","Participations","false","false","true","SCR4400034161189.61","","","",""
"a0sWD00000Xpf7xYAB","005al00000RVcKvAAL","false","Loan Partner","false","false","true","SCR444619018278491","","","",""
"a0sWD00000Xpf7yYAB","005al00000RVcKvAAL","false","Referrals","false","false","true","SCR447407035791958","","","",""
"a0sWD00000Xpf7zYAB","005al00000RVcKvAAL","false","Business Contacts","false","false","true","SCR453847678894389","","","",""
"a0sWD00000Xpf80YAB","005al00000RVcKvAAL","false","Supplementary Details","false","false","true","SCR469852207838833","","","",""
"a0sWD00000Xpf81YAB","005al00000RVcKvAAL","false","Collateral Owned","false","false","true","SCR472337914356376","","","",""
"a0sWD00000Xpf82YAB","005al00000RVcKvAAL","false","Loan Team Member Information","false","false","true","SCR490933888745499","","","",""
"a0sWD00000Xpf83YAB","005al00000RVcKvAAL","false","SBA Form 10","false","false","true","SCR492257638190370","","","",""
"a0sWD00000Xpf84YAB","005al00000RVcKvAAL","false","Collateral Value","false","false","true","SCR495594143546435","","","",""
"a0sWD00000Xpf85YAB","005al00000RVcKvAAL","false","Third Party Reports","false","false","true","SCR520023939818891","","","",""
"a0sWD00000Xpf86YAB","005al00000RVcKvAAL","false","HMDA Screen 1","false","false","true","SCR524311316872744","","","",""
"a0sWD00000Xpf87YAB","005al00000RVcKvAAL","false","Product Packages","false","false","true","SCR525160969184525","","","",""
"a0sWD00000Xpf88YAB","005al00000RVcKvAAL","false","SBA Form G845","false","false","true","SCR539300586928059","","","",""
"a0sWD00000Xpf89YAB","005al00000RVcKvAAL","false","Pricing","false","false","true","SCR540758342904603","","","",""
"a0sWD00000Xpf8AYAR","005al00000RVcKvAAL","false","SBA Form 1920","false","false","true","SCR54717007463165.4","","","",""
"a0sWD00000Xpf8BYAR","005al00000RVcKvAAL","false","Loan Details","false","false","true","SCR575612288826598","","","",""
"a0sWD00000Xpf8CYAR","005al00000RVcKvAAL","false","Narrative Booked","false","false","true","SCR584763296422761","","","",""
"a0sWD00000Xpf8DYAR","005al00000RVcKvAAL","false","CRA Screen","false","false","true","SCR593251980742027","","","",""
"a0sWD00000Xpf8EYAR","005al00000RVcKvAAL","false","Construction Details","false","false","true","SCR598577797060586","","","",""
"a0sWD00000Xpf8FYAR","005al00000RVcKvAAL","false","Editable Fields","false","false","true","SCR605448507381620","","","",""
"a0sWD00000Xpf8GYAR","005al00000RVcKvAAL","false","Narrative","false","false","true","SCR611669765714544","","","",""
"a0sWD00000Xpf8HYAR","005al00000RVcKvAAL","false","Site Visits","false","false","true","SCR634625376065954","","","",""
"a0sWD00000Xpf8IYAR","005al00000RVcKvAAL","false","HMDA Screen 2","false","false","true","SCR638404529559811","","","",""
"a0sWD00000Xpf8JYAR","005al00000RVcKvAAL","false","Memos","false","false","true","SCR644536755674053","","","",""
"a0sWD00000Xpf8KYAR","005al00000RVcKvAAL","false","SBA Form 1919","false","false","true","SCR645134211061143","","","",""
"a0sWD00000Xpf8LYAR","005al00000RVcKvAAL","false","Loan Information","false","false","true","SCR646300487957245","","","",""
"a0sWD00000Xpf8MYAR","005al00000RVcKvAAL","false","Memos Booked","false","false","true","SCR655344703625643","","","",""
"a0sWD00000Xpf8NYAR","005al00000RVcKvAAL","false","SBA Form 1920","false","false","true","SCR656558167505212","","","",""
"a0sWD00000Xpf8OYAR","005al00000RVcKvAAL","false","Referral","false","false","true","SCR674510382471611","","","",""
"a0sWD00000Xpf8PYAR","005al00000RVcKvAAL","false","Service Requests","false","false","true","SCR68858032008949.9","","","",""
"a0sWD00000Xpf8QYAR","005al00000RVcKvAAL","false","Account Debt","false","false","true","SCR689663998093202","","","",""
"a0sWD00000Xpf8RYAR","005al00000RVcKvAAL","false","Post Closing Review","false","false","true","SCR72401652493216.6","","","",""
"a0sWD00000Xpf8SYAR","005al00000RVcKvAAL","false","Treasury","false","false","true","SCR73298357153300.9","","","",""
"a0sWD00000Xpf8TYAR","005al00000RVcKvAAL","false","Covenants","false","false","true","SCR73488259243253.7","","","",""
"a0sWD00000Xpf8UYAR","005al00000RVcKvAAL","false","SBA Form 1920","false","false","true","SCR749839731773634","","","",""
"a0sWD00000Xpf8VYAR","005al00000RVcKvAAL","false","Previous SBA Loan","false","false","true","SCR773109308147602","","","",""
"a0sWD00000Xpf8WYAR","005al00000RVcKvAAL","false","Primary Account","false","false","true","SCR789959469274788","","","",""
"a0sWD00000Xpf8XYAR","005al00000RVcKvAAL","false","Participations","false","false","true","SCR81594707713452.6","","","",""
"a0sWD00000Xpf8YYAR","005al00000RVcKvAAL","false","Risk Rating Reviews","false","false","true","SCR823459280199588","","","",""
"a0sWD00000Xpf8ZYAR","005al00000RVcKvAAL","false","Risk Ratings","false","false","true","SCR850430030719446","","","",""
"a0sWD00000Xpf8aYAB","005al00000RVcKvAAL","false","Loan Dashboard Summary Screen","false","false","true","SCR856534373804380","","","",""
"a0sWD00000Xpf8bYAB","005al00000RVcKvAAL","false","Loan Dashboard","false","false","true","SCR895623507088942","","","",""
"a0sWD00000Xpf8cYAB","005al00000RVcKvAAL","false","Key Dates - Read Only","false","false","true","SCR909871871557863","","","",""
"a0sWD00000Xpf8dYAB","005al00000RVcKvAAL","false","Business Type","false","false","true","SCR909892373143575","","","",""
"a0sWD00000Xpf8eYAB","005al00000RVcKvAAL","false","Conflict of Interest","false","false","true","SCR910203778213529","","","",""
"a0sWD00000Xpf8fYAB","005al00000RVcKvAAL","false","Pricing","false","false","true","SCR923647747661245","","","",""
"a0sWD00000Xpf8gYAB","005al00000RVcKvAAL","false","Exposure","false","false","true","SCR932525055468789","","","",""
"a0sWD00000Xpf8hYAB","005al00000RVcKvAAL","false","SBA Form 1920","false","false","true","SCR933008362842921","","","",""
"a0sWD00000Xpf8iYAB","005al00000RVcKvAAL","false","Certifications","false","false","true","SCR938196247186457","","","",""
"a0sWD00000Xpf8jYAB","005al00000RVcKvAAL","false","Adverse Actions","false","false","true","SCR939660450948348","","","",""
"a0sWD00000Xpf8kYAB","005al00000RVcKvAAL","false","Key Dates - Editable","false","false","true","SCR952293950356060","","","",""
"a0sWD00000Xpf8lYAB","005al00000RVcKvAAL","false","SBA Form 1920","false","false","true","SCR971409087323777","","","",""
"a0sWD00000Xpf8mYAB","005al00000RVcKvAAL","false","SBA Form 1846","false","false","true","SCR978479473927439","","","",""
"a0sWD00000Xpf8nYAB","005al00000RVcKvAAL","false","Approved Details","false","false","true","SCR983345278397250","","","",""
"a0sWD00000XpfVIYAZ","005al00000RVcKvAAL","false","Scenario Card","false","false","true","Scenario_Card_Screen","","","",""
"a0sWD00000Xpf8oYAB","005al00000RVcKvAAL","false","Small Business Fees","false","false","true","SmallBus-93852034923423","","","",""
"a0sWD00000Xpf8pYAB","005al00000RVcKvAAL","false","Authorized Users","false","false","true","TS-AuthUsers","","","",""
"a0sWD00000Xpf8qYAB","005al00000RVcKvAAL","false","Product Summary","false","false","true","TS-ProductSummary","","","",""
"a0sWD00000XpfT3YAJ","005al00000RVcKvAAL","false","VS_Screen","false","false","true","VS_Screen","","","",""
"a0sWD00000XpbN8YAJ","005al00000RVcKvAAL","false","Booked Details","false","false","true","XXX44432723848796","","","",""
"a0sWD00000XpepWYAR","005al00000RVcKvAAL","false","Commercial Credit Memo","true","false","true","a033h000003iR4cAAE","","","",""
"a0sWD00000XpepXYAR","005al00000RVcKvAAL","false","Standard Loan Credit Memo","true","false","true","a033h000003iR4dAAE","","","",""
"a0sWD00000XpepYYAR","005al00000RVcKvAAL","false","Standard Product Package Credit Memo","true","false","true","a033h000003iR4eAAE","","","",""
"a0sWD00000XpepZYAR","005al00000RVcKvAAL","false","Standard Review Credit Memo (Account)","true","false","true","a033h000003iR4fAAE","","","",""
"a0sWD00000XpepaYAB","005al00000RVcKvAAL","false","Standard Loan Commercial Credit Memo","true","false","true","a033h000003iR4gAAE","","","",""
"a0sWD00000XpepbYAB","005al00000RVcKvAAL","false","Standard Loan Commercial Credit Memo","true","false","true","a033h000003iR4hAAE","","","",""
"a0sWD00000XpepcYAB","005al00000RVcKvAAL","false","Standard Loan Commercial Credit Memo","true","false","true","a033h000003iR4iAAE","","","",""
"a0sWD00000XpepdYAB","005al00000RVcKvAAL","false","Commercial Credit Memo","true","false","true","a034R00002bLo0BQAS","","","",""
"a0sWD00000XpepeYAB","005al00000RVcKvAAL","false","Standard Loan Credit Memo","true","false","true","a034R00002bLo0CQAS","","","",""
"a0sWD00000XpepfYAB","005al00000RVcKvAAL","false","Standard Product Package Credit Memo","true","false","true","a034R00002bLo0DQAS","","","",""
"a0sWD00000XpepgYAB","005al00000RVcKvAAL","false","Standard Review Credit Memo (Account)","true","false","true","a034R00002bLo0EQAS","","","",""
"a0sWD00000XpephYAB","005al00000RVcKvAAL","false","Standard Loan Commercial Credit Memo","true","false","true","a034R00002bLo0FQAS","","","",""
"a0sWD00000XpepiYAB","005al00000RVcKvAAL","false","Standard Loan Commercial Credit Memo","true","false","true","a034R00002bLo0GQAS","","","",""
"a0sWD00000XpepjYAB","005al00000RVcKvAAL","false","Standard Loan Commercial Credit Memo","true","false","true","a034R00002bLo0HQAS","","","",""
"a0sWD00000XpepkYAB","005al00000RVcKvAAL","false","Commercial Credit Memo","true","false","true","a034S000000EGwfQAG","","","",""
"a0sWD00000XpeplYAB","005al00000RVcKvAAL","false","Standard Loan Credit Memo","true","false","true","a034S000000EGwgQAG","","","",""
"a0sWD00000XpepmYAB","005al00000RVcKvAAL","false","Standard Loan Commercial Credit Memo","true","false","true","a034S000000EGwhQAG","","","",""
"a0sWD00000XpepnYAB","005al00000RVcKvAAL","false","Standard Loan Commercial Credit Memo","true","false","true","a034S000000EGwiQAG","","","",""
"a0sWD00000XpepoYAB","005al00000RVcKvAAL","false","Standard Loan Commercial Credit Memo","true","false","true","a034S000000EGwjQAG","","","",""
"a0sWD00000XpeppYAB","005al00000RVcKvAAL","false","Standard Product Package Credit Memo","true","false","true","a034S000000EGwkQAG","","","",""
"a0sWD00000XpepqYAB","005al00000RVcKvAAL","false","Standard Review Credit Memo (Account)","true","false","true","a034S000000EGwlQAG","","","",""
"a0sWD00000XpeprYAB","005al00000RVcKvAAL","false","Commercial Credit Memo","true","false","true","a034W00000U2u7GQAR","","","",""
"a0sWD00000XpepsYAB","005al00000RVcKvAAL","false","Standard Loan Credit Memo","true","false","true","a034W00000U2u7HQAR","","","",""
"a0sWD00000XpeptYAB","005al00000RVcKvAAL","false","Standard Loan Commercial Credit Memo","true","false","true","a034W00000U2u7IQAR","","","",""
"a0sWD00000XpepuYAB","005al00000RVcKvAAL","false","Standard Loan Commercial Credit Memo","true","false","true","a034W00000U2u7JQAR","","","",""
"a0sWD00000XpepvYAB","005al00000RVcKvAAL","false","Standard Loan Commercial Credit Memo","true","false","true","a034W00000U2u7KQAR","","","",""
"a0sWD00000XpepwYAB","005al00000RVcKvAAL","false","Standard Product Package Credit Memo","true","false","true","a034W00000U2u7LQAR","","","",""
"a0sWD00000XpepxYAB","005al00000RVcKvAAL","false","Standard Review Credit Memo (Account)","true","false","true","a034W00000U2u7MQAR","","","",""
"a0sWD00000XpepyYAB","005al00000RVcKvAAL","false","Commercial Credit Memo","true","false","true","a034W00000VN5ktQAD","","","",""
"a0sWD00000XpepzYAB","005al00000RVcKvAAL","false","Standard Loan Credit Memo","true","false","true","a034W00000VN5kuQAD","","","",""
"a0sWD00000Xpeq0YAB","005al00000RVcKvAAL","false","Standard Loan Commercial Credit Memo","true","false","true","a034W00000VN5kvQAD","","","",""
"a0sWD00000XperdYAB","005al00000RVcKvAAL","false","Standard Loan Commercial Credit Memo","true","false","true","a034W00000VN5kwQAD","","","",""
"a0sWD00000XpereYAB","005al00000RVcKvAAL","false","Standard Loan Commercial Credit Memo","true","false","true","a034W00000VN5kxQAD","","","",""
"a0sWD00000XperfYAB","005al00000RVcKvAAL","false","Standard Product Package Credit Memo","true","false","true","a034W00000VN5kyQAD","","","",""
"a0sWD00000XpergYAB","005al00000RVcKvAAL","false","Standard Review Credit Memo (Account)","true","false","true","a034W00000VN5kzQAD","","","",""
"a0sWD00000XperhYAB","005al00000RVcKvAAL","false","Commercial Credit Memo","true","false","true","a035g000002I1uyAAC","","","",""
"a0sWD00000XperiYAB","005al00000RVcKvAAL","false","Standard Loan Credit Memo","true","false","true","a035g000002I1uzAAC","","","",""
"a0sWD00000XperjYAB","005al00000RVcKvAAL","false","Standard Product Package Credit Memo","true","false","true","a035g000002I1v0AAC","","","",""
"a0sWD00000XperkYAB","005al00000RVcKvAAL","false","Standard Review Credit Memo (Account)","true","false","true","a035g000002I1v1AAC","","","",""
"a0sWD00000XperlYAB","005al00000RVcKvAAL","false","Standard Loan Commercial Credit Memo","true","false","true","a035g000002I1v2AAC","","","",""
"a0sWD00000XpermYAB","005al00000RVcKvAAL","false","Standard Loan Commercial Credit Memo","true","false","true","a035g000002I1v3AAC","","","",""
"a0sWD00000XpernYAB","005al00000RVcKvAAL","false","Standard Loan Commercial Credit Memo","true","false","true","a035g000002I1v4AAC","","","",""
"a0sWD00000XperoYAB","005al00000RVcKvAAL","false","Commercial Credit Memo","true","false","true","a035i000001sMEMAA2","","","",""
"a0sWD00000XperpYAB","005al00000RVcKvAAL","false","Standard Loan Credit Memo","true","false","true","a035i000001sMENAA2","","","",""
"a0sWD00000XperqYAB","005al00000RVcKvAAL","false","Standard Product Package Credit Memo","true","false","true","a035i000001sMEOAA2","","","",""
"a0sWD00000XperrYAB","005al00000RVcKvAAL","false","Standard Review Credit Memo (Account)","true","false","true","a035i000001sMEPAA2","","","",""
"a0sWD00000XpersYAB","005al00000RVcKvAAL","false","Standard Loan Commercial Credit Memo","true","false","true","a035i000001sMEQAA2","","","",""
"a0sWD00000XpertYAB","005al00000RVcKvAAL","false","Standard Loan Commercial Credit Memo","true","false","true","a035i000001sMERAA2","","","",""
"a0sWD00000XperuYAB","005al00000RVcKvAAL","false","Standard Loan Commercial Credit Memo","true","false","true","a035i000001sMESAA2","","","",""
"a0sWD00000XpervYAB","005al00000RVcKvAAL","false","Commercial Credit Memo","true","false","true","a035w000010XjIpAAK","","","",""
"a0sWD00000XperwYAB","005al00000RVcKvAAL","false","Standard Loan Credit Memo","true","false","true","a035w000010XjIqAAK","","","",""
"a0sWD00000XperxYAB","005al00000RVcKvAAL","false","Standard Product Package Credit Memo","true","false","true","a035w000010XjIrAAK","","","",""
"a0sWD00000XperyYAB","005al00000RVcKvAAL","false","Standard Review Credit Memo (Account)","true","false","true","a035w000010XjIsAAK","","","",""
"a0sWD00000XperzYAB","005al00000RVcKvAAL","false","Standard Loan Commercial Credit Memo","true","false","true","a035w000010XjItAAK","","","",""
"a0sWD00000Xpes0YAB","005al00000RVcKvAAL","false","Standard Loan Commercial Credit Memo","true","false","true","a035w000010XjIuAAK","","","",""
"a0sWD00000Xpes1YAB","005al00000RVcKvAAL","false","Standard Loan Commercial Credit Memo","true","false","true","a035w000010XjIvAAK","","","",""
"a0sWD00000Xpes2YAB","005al00000RVcKvAAL","false","Commercial Credit Memo","true","false","true","a038c00001dk0dPAAQ","","","",""
"a0sWD00000Xpes3YAB","005al00000RVcKvAAL","false","Standard Loan Credit Memo","true","false","true","a038c00001dk0dQAAQ","","","",""
"a0sWD00000Xpes4YAB","005al00000RVcKvAAL","false","Standard Product Package Credit Memo","true","false","true","a038c00001dk0dRAAQ","","","",""
"a0sWD00000Xpes5YAB","005al00000RVcKvAAL","false","Standard Review Credit Memo (Account)","true","false","true","a038c00001dk0dSAAQ","","","",""
"a0sWD00000Xpes6YAB","005al00000RVcKvAAL","false","Standard Loan Commercial Credit Memo","true","false","true","a038c00001dk0dTAAQ","","","",""
"a0sWD00000Xpes7YAB","005al00000RVcKvAAL","false","Standard Loan Commercial Credit Memo","true","false","true","a038c00001dk0dUAAQ","","","",""
"a0sWD00000Xpes8YAB","005al00000RVcKvAAL","false","Standard Loan Commercial Credit Memo","true","false","true","a038c00001dk0dVAAQ","","","",""
"a0sWD00000Xpes9YAB","005al00000RVcKvAAL","false","Commercial Credit Memo","true","false","true","a03Dn000000xvwXIAQ","","","",""
"a0sWD00000XpesAYAR","005al00000RVcKvAAL","false","Standard Loan Credit Memo","true","false","true","a03Dn000000xvwYIAQ","","","",""
"a0sWD00000XpesBYAR","005al00000RVcKvAAL","false","Standard Product Package Credit Memo","true","false","true","a03Dn000000xvwZIAQ","","","",""
"a0sWD00000XpesCYAR","005al00000RVcKvAAL","false","Standard Review Credit Memo (Account)","true","false","true","a03Dn000000xvwaIAA","","","",""
"a0sWD00000XpesDYAR","005al00000RVcKvAAL","false","Standard Loan Commercial Credit Memo","true","false","true","a03Dn000000xvwbIAA","","","",""
"a0sWD00000XpesEYAR","005al00000RVcKvAAL","false","Standard Loan Commercial Credit Memo","true","false","true","a03Dn000000xvwcIAA","","","",""
"a0sWD00000XpesFYAR","005al00000RVcKvAAL","false","Standard Loan Commercial Credit Memo","true","false","true","a03Dn000000xvwdIAA","","","",""
"a0sWD00000XpesGYAR","005al00000RVcKvAAL","false","Commercial Credit Memo","true","false","true","a03Ho00000CNX5YIAX","","","",""
"a0sWD00000XpesHYAR","005al00000RVcKvAAL","false","Standard Loan Credit Memo","true","false","true","a03Ho00000CNX5ZIAX","","","",""
"a0sWD00000XpesIYAR","005al00000RVcKvAAL","false","Standard Review Credit Memo (Account)","true","false","true","a03Ho00000CNX5bIAH","","","",""
"a0sWD00000XpesJYAR","005al00000RVcKvAAL","false","Commercial Credit Memo","true","false","true","a03Ho00000HXsDYIA1","","","",""
"a0sWD00000XpesKYAR","005al00000RVcKvAAL","false","Standard Loan Credit Memo","true","false","true","a03Ho00000HXsDZIA1","","","",""
"a0sWD00000XpesLYAR","005al00000RVcKvAAL","false","Standard Product Package Credit Memo","true","false","true","a03Ho00000HXsDaIAL","","","",""
"a0sWD00000XpesMYAR","005al00000RVcKvAAL","false","Standard Review Credit Memo (Account)","true","false","true","a03Ho00000HXsDbIAL","","","",""
"a0sWD00000XpesNYAR","005al00000RVcKvAAL","false","Standard Loan Commercial Credit Memo","true","false","true","a03Ho00000HXsDcIAL","","","",""
"a0sWD00000XpesOYAR","005al00000RVcKvAAL","false","Standard Loan Commercial Credit Memo","true","false","true","a03Ho00000HXsDdIAL","","","",""
"a0sWD00000XpesPYAR","005al00000RVcKvAAL","false","Standard Loan Commercial Credit Memo","true","false","true","a03Ho00000HXsDeIAL","","","",""
"a0sWD00000XpesQYAR","005al00000RVcKvAAL","false","Commercial Credit Memo","true","false","true","a03Hu00001N0EzSIAV","","","",""
"a0sWD00000XpesRYAR","005al00000RVcKvAAL","false","Standard Loan Credit Memo","true","false","true","a03Hu00001N0EzTIAV","","","",""
"a0sWD00000XpesSYAR","005al00000RVcKvAAL","false","Standard Product Package Credit Memo","true","false","true","a03Hu00001N0EzUIAV","","","",""
"a0sWD00000XpesTYAR","005al00000RVcKvAAL","false","Standard Review Credit Memo (Account)","true","false","true","a03Hu00001N0EzVIAV","","","",""
"a0sWD00000XpesUYAR","005al00000RVcKvAAL","false","Standard Loan Commercial Credit Memo","true","false","true","a03Hu00001N0EzWIAV","","","",""
"a0sWD00000XpesVYAR","005al00000RVcKvAAL","false","Standard Loan Commercial Credit Memo","true","false","true","a03Hu00001N0EzXIAV","","","",""
"a0sWD00000XpesWYAR","005al00000RVcKvAAL","false","Standard Loan Commercial Credit Memo","true","false","true","a03Hu00001N0EzYIAV","","","",""
"a0sWD00000XpfT4YAJ","005al00000RVcKvAAL","false","Commercial Credit Memo","true","false","true","a03bn000006iwNGAAY","","","",""
"a0sWD00000XpfT5YAJ","005al00000RVcKvAAL","false","Standard Loan Credit Memo","true","false","true","a03bn000006iwNHAAY","","","",""
"a0sWD00000XpfT6YAJ","005al00000RVcKvAAL","false","Standard Product Package Credit Memo","true","false","true","a03bn000006iwNIAAY","","","",""
"a0sWD00000XpfT7YAJ","005al00000RVcKvAAL","false","Standard Review Credit Memo (Account)","true","false","true","a03bn000006iwNJAAY","","","",""
"a0sWD00000XpfT8YAJ","005al00000RVcKvAAL","false","Standard Loan Commercial Credit Memo","true","false","true","a03bn000006iwNKAAY","","","",""
"a0sWD00000XpfT9YAJ","005al00000RVcKvAAL","false","Standard Loan Commercial Credit Memo","true","false","true","a03bn000006iwNLAAY","","","",""
"a0sWD00000XpfTAYAZ","005al00000RVcKvAAL","false","Standard Loan Commercial Credit Memo","true","false","true","a03bn000006iwNMAAY","","","",""
"a0sWD00000Xpf8rYAB","005al00000RVcKvAAL","false","Injections","false","false","true","a1046133-0670-9679","","","",""
"a0sWD00000XpesXYAR","005al00000RVcKvAAL","false","Small Business Credit Memo","true","false","true","a1Ed0000006rGgrEAE5323","","","",""
"a0sWD00000Xpf8sYAB","005al00000RVcKvAAL","false","SBA Form 652","false","false","true","a1d4cdec-ea78-17a5","","","",""
"a0sWD00000Xpf8tYAB","005al00000RVcKvAAL","false","Borrowing Structure Information","true","false","true","a2G1H00000DCRCNUA5","","","",""
"a0sWD00000Xpf8uYAB","005al00000RVcKvAAL","false","Loan Dashboard Summary Screen","true","false","true","a2G1H00000DCRCPUA5","","","",""
"a0sWD00000Xpf8vYAB","005al00000RVcKvAAL","false","Assign A Team","true","false","true","a2G1H00000DCRCfUAP","","","",""
"a0sWD00000Xpf8wYAB","005al00000RVcKvAAL","false","Loan Team (v)","false","false","true","a2G1H00000DCRCvUAP","","","",""
"a0sWD00000Xpf8xYAB","005al00000RVcKvAAL","false","Closing","false","false","true","a2G1H00000DCRD0UAP","","","",""
"a0sWD00000Xpf8yYAB","005al00000RVcKvAAL","false","Loan Relief Request Details","false","false","true","a2G1H00000veWbpUAE","","","",""
"a0sWD00000Xpf8zYAB","005al00000RVcKvAAL","false","SBA Details PPP","false","false","true","a2G1H00000vec8UUAQ","","","",""
"a0sWD00000Xpf90YAB","005al00000RVcKvAAL","false","PPP Analysis","false","false","true","a2G1H00001Kyt6yUAB","","","",""
"a0sWD00000XpesYYAR","005al00000RVcKvAAL","false","Standard Review Credit Memo (Product Package)","true","false","true","a2G3h000007Jj9u","","","",""
"a0sWD00000XpbFdYAJ","005al00000RVcKvAAL","false","Loan Information","false","false","true","a2G3k000001JwSaEAK","","","",""
"a0sWD00000XpbFeYAJ","005al00000RVcKvAAL","false","Default Loan Facility Creation Fields","false","false","true","a2G3k000001JwSbEAK","","","",""
"a0sWD00000XpbFfYAJ","005al00000RVcKvAAL","false","Loan Compliance Screen","false","false","true","a2G3k000001JwSdEAK","","","",""
"a0sWD00000XpbFgYAJ","005al00000RVcKvAAL","false","Enhanced Fees Management","false","false","true","a2G3k000001JwSgEAK","","","",""
"a0sWD00000XpbFhYAJ","005al00000RVcKvAAL","false","Referral","false","false","true","a2G3k000001JwSoEAK","","","",""
"a0sWD00000XpbFiYAJ","005al00000RVcKvAAL","false","Balance Details","false","false","true","a2G3k000001JwSpEAK","","","",""
"a0sWD00000XpbFjYAJ","005al00000RVcKvAAL","false","Booked Details","false","false","true","a2G3k000001JwSqEAK","","","",""
"a0sWD00000XpbFkYAJ","005al00000RVcKvAAL","false","CRA Screen","false","false","true","a2G3k000001JwStEAK","","","",""
"a0sWD00000XpbFlYAJ","005al00000RVcKvAAL","false","Loan Team Member Information","false","false","true","a2G3k000001JwSwEAK","","","",""
"a0sWD00000XpbFmYAJ","005al00000RVcKvAAL","false","Risk Rating","false","false","true","a2G3k000001JwSzEAK","","","",""
"a0sWD00000XpbFnYAJ","005al00000RVcKvAAL","false","Produc Package Details","false","false","true","a2G3k000001JwTIEA0","","","",""
"a0sWD00000XpbFoYAJ","005al00000RVcKvAAL","false","Product Package Entity","false","false","true","a2G3k000001JwTJEA0","","","",""
"a0sWD00000XpbFpYAJ","005al00000RVcKvAAL","false","pp-tn-review-detail","false","false","true","a2G3k000001JwTKEA0","","","",""
"a0sWD00000XpbFqYAJ","005al00000RVcKvAAL","false","Product Package Approval Info","false","false","true","a2G3k000001JwTLEA0","","","",""
"a0sWD00000XpbFrYAJ","005al00000RVcKvAAL","false","Deposits - PP","false","false","true","a2G3k000001JwTMEA0","","","",""
"a0sWD00000XpbFsYAJ","005al00000RVcKvAAL","false","UOPPPP","false","false","true","a2G3k000001JwTcEAK","","","",""
"a0sWD00000XpbFtYAJ","005al00000RVcKvAAL","false","LOB Use of Proceeds Summary","false","false","true","a2G3k000001JwTdEAK","","","",""
"a0sWD00000XpbFuYAJ","005al00000RVcKvAAL","false","LOBUOP","false","false","true","a2G3k000001JwTeEAK","","","",""
"a0sWD00000XpbFvYAJ","005al00000RVcKvAAL","false","LOBUOPFee","false","false","true","a2G3k000001JwTfEAK","","","",""
"a0sWD00000XpbFwYAJ","005al00000RVcKvAAL","false","PP-Team","false","false","true","a2G3k000001JwTyEAK","","","",""
"a0sWD00000XpbFxYAJ","005al00000RVcKvAAL","false","Credit","false","false","true","a2G3k000001JwTzEAK","","","",""
"a0sWD00000XpbFyYAJ","005al00000RVcKvAAL","false","DocPrep","false","false","true","a2G3k000001JwU0EAK","","","",""
"a0sWD00000XpbFzYAJ","005al00000RVcKvAAL","false","Closing","false","false","true","a2G3k000001JwU1EAK","","","",""
"a0sWD00000XpbG0YAJ","005al00000RVcKvAAL","false","Complete","false","false","true","a2G3k000001JwU2EAK","","","",""
"a0sWD00000XpbG1YAJ","005al00000RVcKvAAL","false","Final Review","false","false","true","a2G3k000001JwU4EAK","","","",""
"a0sWD00000XpbG2YAJ","005al00000RVcKvAAL","false","Payroll Calc Loan 2","false","false","true","a2G3k000001JwUUEA0","","","",""
"a0sWD00000XpbG3YAJ","005al00000RVcKvAAL","false","Eligibility Draw 2","false","false","true","a2G3k000001JwUbEAK","","","",""
"a0sWD00000XpbG4YAJ","005al00000RVcKvAAL","false","Top Bar","false","false","true","a2G3k000001eDj5EAE","","","",""
"a0sWD00000XpbG5YAJ","005al00000RVcKvAAL","false","Participation","false","false","true","a2G3k000001eDj8EAE","","","",""
"a0sWD00000XpbG6YAJ","005al00000RVcKvAAL","false","Syndications Summary","false","false","true","a2G3k000001eDj9EAE","","","",""
"a0sWD00000XpbG7YAJ","005al00000RVcKvAAL","false","Collateral2","false","false","true","a2G3k000001eDjBEAU","","","",""
"a0sWD00000XpbG8YAJ","005al00000RVcKvAAL","false","Third Party Management","false","false","true","a2G3k000001eDjCEAU","","","",""
"a0sWD00000XpbG9YAJ","005al00000RVcKvAAL","false","Change Memo","false","false","true","a2G3k000001eDjIEAU","","","",""
"a0sWD00000XpbGAYAZ","005al00000RVcKvAAL","false","Change Memo","false","false","true","a2G3k000001eDjIEAU2","","","",""
"a0sWD00000XpbGBYAZ","005al00000RVcKvAAL","false","Team Members","false","false","true","a2G3k000001eDjKEAU","","","",""
"a0sWD00000XpbGCYAZ","005al00000RVcKvAAL","false","Fees Approved","false","false","true","a2G3k000001eDjLEAU","","","",""
"a0sWD00000XpbGDYAZ","005al00000RVcKvAAL","false","Approved Details","false","false","true","a2G3k000001eDjNEAU","","","",""
"a0sWD00000XpbGEYAZ","005al00000RVcKvAAL","false","Pricing Approved","false","false","true","a2G3k000001eDjOEAU","","","",""
"a0sWD00000XpbGFYAZ","005al00000RVcKvAAL","false","Balance Details","false","false","true","a2G3k000001eDjQEAU","","","",""
"a0sWD00000XpbGGYAZ","005al00000RVcKvAAL","false","Booked Information","false","false","true","a2G3k000001eDjREAU","","","",""
"a0sWD00000XpbGHYAZ","005al00000RVcKvAAL","false","Referral","false","false","true","a2G3k000001eDjXEAU","","","",""
"a0sWD00000XpbGIYAZ","005al00000RVcKvAAL","false","Entity Compliance Screen","false","false","true","a2G3k000001eDjZEAU","","","",""
"a0sWD00000XpbGJYAZ","005al00000RVcKvAAL","false","Entity Compliance Screen","false","false","true","a2G3k000001eDjbEAE","","","",""
"a0sWD00000XpbGKYAZ","005al00000RVcKvAAL","false","Supplementary Details","false","false","true","a2G3k000001eDjdEAE","","","",""
"a0sWD00000XpbGLYAZ","005al00000RVcKvAAL","false","Editable Fields","false","false","true","a2G3k000001eDjhEAE","","","",""
"a0sWD00000XpbGMYAZ","005al00000RVcKvAAL","false","SBA Form 159","false","false","true","a2G3k000001eDjiEAE","","","",""
"a0sWD00000XpbGNYAZ","005al00000RVcKvAAL","false","SBA Form 912","false","false","true","a2G3k000001eDjjEAE","","","",""
"a0sWD00000XpbGOYAZ","005al00000RVcKvAAL","false","SBA Form 1846","false","false","true","a2G3k000001eDjkEAE","","","",""
"a0sWD00000XpbGPYAZ","005al00000RVcKvAAL","false","SBA Form 601","false","false","true","a2G3k000001eDjlEAE","","","",""
"a0sWD00000XpbGQYAZ","005al00000RVcKvAAL","false","SBA Form 652","false","false","true","a2G3k000001eDjmEAE","","","",""
"a0sWD00000XpbGRYAZ","005al00000RVcKvAAL","false","SBA Form G845","false","false","true","a2G3k000001eDjnEAE","","","",""
"a0sWD00000XpbGSYAZ","005al00000RVcKvAAL","false","Primary Account","false","false","true","a2G3k000001eDjoEAE","","","",""
"a0sWD00000XpbGTYAZ","005al00000RVcKvAAL","false","SBA Form 1050","false","false","true","a2G3k000001eDjpEAE","","","",""
"a0sWD00000XpbGUYAZ","005al00000RVcKvAAL","false","SBA Form 1919","false","false","true","a2G3k000001eDjqEAE","","","",""
"a0sWD00000XpbGVYAZ","005al00000RVcKvAAL","false","Change of Ownership","false","false","true","a2G3k000001eDjuEAE","","","",""
"a0sWD00000XpbGWYAZ","005al00000RVcKvAAL","false","Use of Proceeds","false","false","true","a2G3k000001eDjxEAE","","","",""
"a0sWD00000XpbGXYAZ","005al00000RVcKvAAL","false","Conditions","false","false","true","a2G3k000001eDjzEAE","","","",""
"a0sWD00000XpbGYYAZ","005al00000RVcKvAAL","false","Qualification","false","false","true","a2G3k000001eDk0EAE","","","",""
"a0sWD00000XpbGZYAZ","005al00000RVcKvAAL","false","Proposal","false","false","true","a2G3k000001eDk1EAE","","","",""
"a0sWD00000XpbGaYAJ","005al00000RVcKvAAL","false","Credit Underwriting","false","false","true","a2G3k000001eDk2EAE","","","",""
"a0sWD00000XpbGbYAJ","005al00000RVcKvAAL","false","Participations","false","false","true","a2G3k000001eDk3EAE","","","",""
"a0sWD00000XpbGcYAJ","005al00000RVcKvAAL","false","Loan Amount Change","false","false","true","a2G3k000001eDk7EAE","","","",""
"a0sWD00000XpbGdYAJ","005al00000RVcKvAAL","false","Construction","false","false","true","a2G3k000001ivRMEAY","","","",""
"a0sWD00000XpbGeYAJ","005al00000RVcKvAAL","false","Venture Banking","false","false","true","a2G3k000001ivRNEAY","","","",""
"a0sWD00000XpbGfYAJ","005al00000RVcKvAAL","false","Final Collateral Review","false","false","true","a2G3k000001ivROEAY","","","",""
"a0sWD00000XpbGgYAJ","005al00000RVcKvAAL","false","Seller Debt","false","false","true","a2G3k000001ivRSEAY","","","",""
"a0sWD00000XpbGhYAJ","005al00000RVcKvAAL","false","Legal Time","false","false","true","a2G3k000001ivRXEAY","","","",""
"a0sWD00000XpbGiYAJ","005al00000RVcKvAAL","false","Compliance Certifications","false","false","true","a2G3k000001iwTBEAY","","","",""
"a0sWD00000XpbGjYAJ","005al00000RVcKvAAL","false","Ongoing Fees","false","false","true","a2G3k000001iwTCEAY","","","",""
"a0sWD00000XpbGkYAJ","005al00000RVcKvAAL","false","Processing","false","false","true","a2G3k000001iwTDEAY","","","",""
"a0sWD00000XpbGlYAJ","005al00000RVcKvAAL","false","Processing Postapp","false","false","true","a2G3k000001iwTEEAY","","","",""
"a0sWD00000XpbGmYAJ","005al00000RVcKvAAL","false","Product Package Collateral2","false","false","true","a2G3k000001zFPuEAM","","","",""
"a0sWD00000XpbGnYAJ","005al00000RVcKvAAL","false","Supplementary Details","false","false","true","a2G3k000001zFPxEAM","","","",""
"a0sWD00000XpbGoYAJ","005al00000RVcKvAAL","false","Approved Details","false","false","true","a2G3k000001zFPyEAM","","","",""
"a0sWD00000XpbGpYAJ","005al00000RVcKvAAL","false","Modification Category","false","false","true","a2G3k000001zFQ0EAM","","","",""
"a0sWD00000XpbGqYAJ","005al00000RVcKvAAL","false","Enhanced Fees Management","false","false","true","a2G3k000001zFQ1EAM","","","",""
"a0sWD00000XpbGrYAJ","005al00000RVcKvAAL","false","SBA Loan Authorization","false","false","true","a2G3k000001zFQ6EAM","","","",""
"a0sWD00000XpbGsYAJ","005al00000RVcKvAAL","false","Balance Details","false","false","true","a2G3k000001zFQ7EAM","","","",""
"a0sWD00000XpbGtYAJ","005al00000RVcKvAAL","false","Booked Information","false","false","true","a2G3k000001zFQ8EAM","","","",""
"a0sWD00000XpbGuYAJ","005al00000RVcKvAAL","false","SBA Form 1920","false","false","true","a2G3k000001zFQ9EAM","","","",""
"a0sWD00000XpbGvYAJ","005al00000RVcKvAAL","false","Proposal","false","false","true","a2G3k000001zFQBEA2","","","",""
"a0sWD00000XpbGwYAJ","005al00000RVcKvAAL","false","Collateral2","false","false","true","a2G3k000001zFQCEA2","","","",""
"a0sWD00000XpbGxYAJ","005al00000RVcKvAAL","false","CRA Screen","false","false","true","a2G3k000001zFQEEA2","","","",""
"a0sWD00000XpbGyYAJ","005al00000RVcKvAAL","false","Referral","false","false","true","a2G3k000001zFQFEA2","","","",""
"a0sWD00000XpbGzYAJ","005al00000RVcKvAAL","false","Editable Fields","false","false","true","a2G3k000001zFQGEA2","","","",""
"a0sWD00000XpbH0YAJ","005al00000RVcKvAAL","false","Loan Compliance Screen","false","false","true","a2G3k000001zFQIEA2","","","",""
"a0sWD00000XpbH1YAJ","005al00000RVcKvAAL","false","Pricing Estimates","false","false","true","a2G3k000001zFQLEA2","","","",""
"a0sWD00000XpbH2YAJ","005al00000RVcKvAAL","false","Pricing Required Fields","false","false","true","a2G3k000001zFQMEA2","","","",""
"a0sWD00000XpbH3YAJ","005al00000RVcKvAAL","false","Final Pricing","false","false","true","a2G3k000001zFQNEA2","","","",""
"a0sWD00000XpbH4YAJ","005al00000RVcKvAAL","false","Qualification","false","false","true","a2G3k000001zFQOEA2","","","",""
"a0sWD00000XpbH5YAJ","005al00000RVcKvAAL","false","Borrowing Structure Information","false","false","true","a2G3k000001zFQPEA2","","","",""
"a0sWD00000XpbH6YAJ","005al00000RVcKvAAL","false","Pricing Approved","false","false","true","a2G3k000001zFQQEA2","","","",""
"a0sWD00000XpbH7YAJ","005al00000RVcKvAAL","false","Loan Team Member Information","false","false","true","a2G3k000001zFQREA2","","","",""
"a0sWD00000XpbH8YAJ","005al00000RVcKvAAL","false","Credit Underwriting","false","false","true","a2G3k000001zFQUEA2","","","",""
"a0sWD00000XpbH9YAJ","005al00000RVcKvAAL","false","SBA Express Loan Authorization","false","false","true","a2G3k000001zFQVEA2","","","",""
"a0sWD00000XpbHAYAZ","005al00000RVcKvAAL","false","Loan Compliance Screen","false","false","true","a2G3k000001zFQXEA2","","","",""
"a0sWD00000XpbHBYAZ","005al00000RVcKvAAL","false","Pricing","false","false","true","a2G3k000001zFQZEA2","","","",""
"a0sWD00000XpesZYAR","005al00000RVcKvAAL","false","Standard Review Credit Memo (Product Package)","true","false","true","a2G4R000005pG8Y","","","",""
"a0sWD00000XpesaYAB","005al00000RVcKvAAL","false","Standard Review Credit Memo (Product Package)","true","false","true","a2G4S0000006UOf","","","",""
"a0sWD00000Xpf91YAB","005al00000RVcKvAAL","false","Collateral Summary","false","false","true","a2G4S0000006UP1UAM","","","",""
"a0sWD00000Xpf92YAB","005al00000RVcKvAAL","false","Collateral Details","false","false","true","a2G4S0000006UP2UAM","","","",""
"a0sWD00000Xpf93YAB","005al00000RVcKvAAL","false","Certifications","false","false","true","a2G4S0000006UP3UAM","","","",""
"a0sWD00000Xpf94YAB","005al00000RVcKvAAL","false","Adverse Action","false","false","true","a2G4S0000006UQOUA2","","","",""
"a0sWD00000Xpf95YAB","005al00000RVcKvAAL","false","Attorney Information","false","false","true","a2G4S0000006UQPUA2","","","",""
"a0sWD00000Xpf96YAB","005al00000RVcKvAAL","false","Compliance Info","false","false","true","a2G4S0000006UQSUA2","","","",""
"a0sWD00000Xpf97YAB","005al00000RVcKvAAL","false","Construction Info","false","false","true","a2G4S0000006UQTUA2","","","",""
"a0sWD00000Xpf98YAB","005al00000RVcKvAAL","false","Risk Rating Review","false","false","true","a2G4S0000006UQXUA2","","","",""
"a0sWD00000Xpf99YAB","005al00000RVcKvAAL","false","Secondary Market","false","false","true","a2G4S0000006UQYUA2","","","",""
"a0sWD00000Xpf9AYAR","005al00000RVcKvAAL","false","Structure Information","false","false","true","a2G4S0000006UQZUA2","","","",""
"a0sWD00000Xpf9BYAR","005al00000RVcKvAAL","false","Attorney Information Approved","false","false","true","a2G4S0000006UQbUAM","","","",""
"a0sWD00000Xpf9CYAR","005al00000RVcKvAAL","false","Key Dates Approved","false","false","true","a2G4S0000006UQcUAM","","","",""
"a0sWD00000Xpf9DYAR","005al00000RVcKvAAL","false","Post Closing Review Approved","false","false","true","a2G4S0000006UQeUAM","","","",""
"a0sWD00000Xpf9EYAR","005al00000RVcKvAAL","false","Secondary Market Approved","false","false","true","a2G4S0000006UQfUAM","","","",""
"a0sWD00000Xpf9FYAR","005al00000RVcKvAAL","false","Structure Information Approved","false","false","true","a2G4S0000006UQgUAM","","","",""
"a0sWD00000Xpf9GYAR","005al00000RVcKvAAL","false","Fees","false","false","true","a2G4S0000006UQhUAM","","","",""
"a0sWD00000Xpf9HYAR","005al00000RVcKvAAL","false","Participations","false","false","true","a2G4S0000006UQiUAM","","","",""
"a0sWD00000Xpf9IYAR","005al00000RVcKvAAL","false","Construction Details","false","false","true","a2G4S0000006UQpUAM","","","",""
"a0sWD00000Xpf9JYAR","005al00000RVcKvAAL","false","Loan Dashboard","false","false","true","a2G4S0000006UQqUAM","","","",""
"a0sWD00000Xpf9KYAR","005al00000RVcKvAAL","false","Authorized Users","false","false","true","a2G4S0000006UQvUAM","","","",""
"a0sWD00000Xpf9LYAR","005al00000RVcKvAAL","false","Order Entry-Remote-Deposit","false","false","true","a2G4S0000006UQwUAM","","","",""
"a0sWD00000Xpf9MYAR","005al00000RVcKvAAL","false","Order Entry-Retail-Lockbox","false","false","true","a2G4S0000006UQxUAM","","","",""
"a0sWD00000Xpf9NYAR","005al00000RVcKvAAL","false","Order Entry-Wire-Transfer","false","false","true","a2G4S0000006UQyUAM","","","",""
"a0sWD00000Xpf9OYAR","005al00000RVcKvAAL","false","Activities","false","false","true","a2G4S0000006UR0UAM","","","",""
"a0sWD00000Xpf9PYAR","005al00000RVcKvAAL","false","Business Contacts","false","false","true","a2G4S0000006UR1UAM","","","",""
"a0sWD00000Xpf9QYAR","005al00000RVcKvAAL","false","Collateral Owned","false","false","true","a2G4S0000006UR2UAM","","","",""
"a0sWD00000Xpf9RYAR","005al00000RVcKvAAL","false","Covenants","false","false","true","a2G4S0000006UR3UAM","","","",""
"a0sWD00000Xpf9SYAR","005al00000RVcKvAAL","false","Deposits","false","false","true","a2G4S0000006UR4UAM","","","",""
"a0sWD00000Xpf9TYAR","005al00000RVcKvAAL","false","Overview","false","false","true","a2G4S0000006UR5UAM","","","",""
"a0sWD00000Xpf9UYAR","005al00000RVcKvAAL","false","Exposure","false","false","true","a2G4S0000006UR6UAM","","","",""
"a0sWD00000Xpf9VYAR","005al00000RVcKvAAL","false","Loans","false","false","true","a2G4S0000006UR7UAM","","","",""
"a0sWD00000Xpf9WYAR","005al00000RVcKvAAL","false","Opportunities","false","false","true","a2G4S0000006UR8UAM","","","",""
"a0sWD00000Xpf9XYAR","005al00000RVcKvAAL","false","Other Information","false","false","true","a2G4S0000006UR9UAM","","","",""
"a0sWD00000Xpf9YYAR","005al00000RVcKvAAL","false","Product Packages","false","false","true","a2G4S0000006URAUA2","","","",""
"a0sWD00000Xpf9ZYAR","005al00000RVcKvAAL","false","Referrals","false","false","true","a2G4S0000006URBUA2","","","",""
"a0sWD00000Xpf9aYAB","005al00000RVcKvAAL","false","Risk Rating Reviews","false","false","true","a2G4S0000006URCUA2","","","",""
"a0sWD00000Xpf9bYAB","005al00000RVcKvAAL","false","Service Requests","false","false","true","a2G4S0000006URDUA2","","","",""
"a0sWD00000Xpf9cYAB","005al00000RVcKvAAL","false","Site Visits","false","false","true","a2G4S0000006UREUA2","","","",""
"a0sWD00000Xpf9dYAB","005al00000RVcKvAAL","false","Treasury","false","false","true","a2G4S0000006URFUA2","","","",""
"a0sWD00000Xpf9eYAB","005al00000RVcKvAAL","false","SBA Form 912","false","false","true","a2G4S0000006URHUA2","","","",""
"a0sWD00000Xpf9fYAB","005al00000RVcKvAAL","false","Loan Application","false","false","true","a2G4S0000006URIUA2","","","",""
"a0sWD00000Xpf9gYAB","005al00000RVcKvAAL","false","Change of Ownership","false","false","true","a2G4S0000006URJUA2","","","",""
"a0sWD00000Xpf9hYAB","005al00000RVcKvAAL","false","SBA Form 10","false","false","true","a2G4S0000006URKUA2","","","",""
"a0sWD00000Xpf9iYAB","005al00000RVcKvAAL","false","SBA Form 159","false","false","true","a2G4S0000006URLUA2","","","",""
"a0sWD00000Xpf9jYAB","005al00000RVcKvAAL","false","SBA Form 1846","false","false","true","a2G4S0000006URMUA2","","","",""
"a0sWD00000Xpf9kYAB","005al00000RVcKvAAL","false","SBA Form 1919","false","false","true","a2G4S0000006URNUA2","","","",""
"a0sWD00000Xpf9lYAB","005al00000RVcKvAAL","false","Business Type","false","false","true","a2G4S0000006UROUA2","","","",""
"a0sWD00000Xpf9mYAB","005al00000RVcKvAAL","false","Previous SBA Loan","false","false","true","a2G4S0000006URPUA2","","","",""
"a0sWD00000Xpf9nYAB","005al00000RVcKvAAL","false","Conflict of Interest","false","false","true","a2G4S0000006URQUA2","","","",""
"a0sWD00000Xpf9oYAB","005al00000RVcKvAAL","false","Primary Account","false","false","true","a2G4S0000006URRUA2","","","",""
"a0sWD00000Xpf9pYAB","005al00000RVcKvAAL","false","SBA Form 1920","false","false","true","a2G4S0000006URSUA2","","","",""
"a0sWD00000Xpf9qYAB","005al00000RVcKvAAL","false","SBA Form 1920","false","false","true","a2G4S0000006URTUA2","","","",""
"a0sWD00000Xpf9rYAB","005al00000RVcKvAAL","false","SBA Form 1920","false","false","true","a2G4S0000006URUUA2","","","",""
"a0sWD00000Xpf9sYAB","005al00000RVcKvAAL","false","SBA Form 1920","false","false","true","a2G4S0000006URVUA2","","","",""
"a0sWD00000Xpf9tYAB","005al00000RVcKvAAL","false","SBA Form 1920","false","false","true","a2G4S0000006URWUA2","","","",""
"a0sWD00000Xpf9uYAB","005al00000RVcKvAAL","false","SBA Form 1920","false","false","true","a2G4S0000006URXUA2","","","",""
"a0sWD00000Xpf9vYAB","005al00000RVcKvAAL","false","SBA Form 1920","false","false","true","a2G4S0000006URYUA2","","","",""
"a0sWD00000Xpf9wYAB","005al00000RVcKvAAL","false","Primary Account","false","false","true","a2G4S0000006URZUA2","","","",""
"a0sWD00000Xpf9xYAB","005al00000RVcKvAAL","false","Account Debt","false","false","true","a2G4S0000006URaUAM","","","",""
"a0sWD00000Xpf9yYAB","005al00000RVcKvAAL","false","SBA Form 652","false","false","true","a2G4S0000006URbUAM","","","",""
"a0sWD00000Xpf9zYAB","005al00000RVcKvAAL","false","SBA Form G845","false","false","true","a2G4S0000006URcUAM","","","",""
"a0sWD00000XpfA0YAJ","005al00000RVcKvAAL","false","Injections","false","false","true","a2G4S0000006URdUAM","","","",""
"a0sWD00000XpfA1YAJ","005al00000RVcKvAAL","false","Liens","false","false","true","a2G4S0000006UReUAM","","","",""
"a0sWD00000XpfA2YAJ","005al00000RVcKvAAL","false","Loan Information","false","false","true","a2G4S0000006URfUAM","","","",""
"a0sWD00000XpfA3YAJ","005al00000RVcKvAAL","false","Pricing","false","false","true","a2G4S0000006URgUAM","","","",""
"a0sWD00000XpfA4YAJ","005al00000RVcKvAAL","false","Loan Partner","false","false","true","a2G4S0000006URhUAM","","","",""
"a0sWD00000XpfA5YAJ","005al00000RVcKvAAL","false","Use of Proceeds","false","false","true","a2G4S0000006URiUAM","","","",""
"a0sWD00000XpfA6YAJ","005al00000RVcKvAAL","false","HMDA Screen 1","false","false","true","a2G4S0000006URpUAM","","","",""
"a0sWD00000XpfA7YAJ","005al00000RVcKvAAL","false","HMDA Screen 2","false","false","true","a2G4S0000006USlUAM","","","",""
"a0sWD00000XpfA8YAJ","005al00000RVcKvAAL","false","CRA Screen","false","false","true","a2G4S0000006USmUAM","","","",""
"a0sWD00000XpfA9YAJ","005al00000RVcKvAAL","false","Balance Details","false","false","true","a2G4S0000006USnUAM","","","",""
"a0sWD00000XpfAAYAZ","005al00000RVcKvAAL","false","Loan Information","false","false","true","a2G4S0000006USoUAM","","","",""
"a0sWD00000XpfABYAZ","005al00000RVcKvAAL","false","Booked Details","false","false","true","a2G4S0000006USpUAM","","","",""
"a0sWD00000XpfACYAZ","005al00000RVcKvAAL","false","Borrowing Structure","false","false","true","a2G4S0000006USqUAM","","","",""
"a0sWD00000XpfADYAZ","005al00000RVcKvAAL","false","Borrowing Structure Information","false","false","true","a2G4S0000006USrUAM","","","",""
"a0sWD00000XpfAEYAZ","005al00000RVcKvAAL","false","Collateral","false","false","true","a2G4S0000006USsUAM","","","",""
"a0sWD00000XpfAFYAZ","005al00000RVcKvAAL","false","Collateral","false","false","true","a2G4S0000006UStUAM","","","",""
"a0sWD00000XpfAGYAZ","005al00000RVcKvAAL","false","Collateral","false","false","true","a2G4S0000006USuUAM","","","",""
"a0sWD00000XpfAHYAZ","005al00000RVcKvAAL","false","Contacts","false","false","true","a2G4S0000006USvUAM","","","",""
"a0sWD00000XpfAIYAZ","005al00000RVcKvAAL","false","Deposit Products","false","false","true","a2G4S0000006USwUAM","","","",""
"a0sWD00000XpfAJYAZ","005al00000RVcKvAAL","false","HMDA Screen 1","false","false","true","a2G4S0000006USxUAM","","","",""
"a0sWD00000XpfAKYAZ","005al00000RVcKvAAL","false","Loan Dashboard Summary Screen","false","false","true","a2G4S0000006USyUAM","","","",""
"a0sWD00000XpfALYAZ","005al00000RVcKvAAL","false","Loan Products","false","false","true","a2G4S0000006USzUAM","","","",""
"a0sWD00000XpfAMYAZ","005al00000RVcKvAAL","false","Loan Products","false","false","true","a2G4S0000006UT0UAM","","","",""
"a0sWD00000XpfANYAZ","005al00000RVcKvAAL","false","Open Activities","false","false","true","a2G4S0000006UT1UAM","","","",""
"a0sWD00000XpfAOYAZ","005al00000RVcKvAAL","false","Other Information","false","false","true","a2G4S0000006UT2UAM","","","",""
"a0sWD00000XpfAPYAZ","005al00000RVcKvAAL","false","Overview","false","false","true","a2G4S0000006UT3UAM","","","",""
"a0sWD00000XpfAQYAZ","005al00000RVcKvAAL","false","Policy Exceptions","false","false","true","a2G4S0000006UT4UAM","","","",""
"a0sWD00000XpfARYAZ","005al00000RVcKvAAL","false","Product Summary","false","false","true","a2G4S0000006UT5UAM","","","",""
"a0sWD00000XpfASYAZ","005al00000RVcKvAAL","false","Referral","false","false","true","a2G4S0000006UT6UAM","","","",""
"a0sWD00000XpfATYAZ","005al00000RVcKvAAL","false","Relationships","false","false","true","a2G4S0000006UT7UAM","","","",""
"a0sWD00000XpfAUYAZ","005al00000RVcKvAAL","false","Contacts","false","false","true","a2G4S0000006UT8UAM","","","",""
"a0sWD00000XpfAVYAZ","005al00000RVcKvAAL","false","SBA Form 1919","false","false","true","a2G4S0000006UTIUA2","","","",""
"a0sWD00000XpfAWYAZ","005al00000RVcKvAAL","false","SBA Form 1920","false","false","true","a2G4S0000006UTJUA2","","","",""
"a0sWD00000XpfAXYAZ","005al00000RVcKvAAL","false","SBA Form 1920","false","false","true","a2G4S0000006UTKUA2","","","",""
"a0sWD00000XpfAYYAZ","005al00000RVcKvAAL","false","SBA Form 1920","false","false","true","a2G4S0000006UTLUA2","","","",""
"a0sWD00000XpfAZYAZ","005al00000RVcKvAAL","false","SBA Form 1920","false","false","true","a2G4S0000006UTMUA2","","","",""
"a0sWD00000XpfAaYAJ","005al00000RVcKvAAL","false","SBA Form 601","false","false","true","a2G4S0000006UTNUA2","","","",""
"a0sWD00000XpfAbYAJ","005al00000RVcKvAAL","false","Cerifications","false","false","true","a2G4W000002J4sh","","","",""
"a0sWD00000XpesbYAB","005al00000RVcKvAAL","false","Standard Review Credit Memo (Product Package)","true","false","true","a2G4W000002oCeG","","","",""
"a0sWD00000XpfAcYAJ","005al00000RVcKvAAL","false","Collateral Summary","false","false","true","a2G4W000002oCecUAE","","","",""
"a0sWD00000XpfAdYAJ","005al00000RVcKvAAL","false","Collateral Details","false","false","true","a2G4W000002oCedUAE","","","",""
"a0sWD00000XpfAeYAJ","005al00000RVcKvAAL","false","Certifications","false","false","true","a2G4W000002oCeeUAE","","","",""
"a0sWD00000XpfAfYAJ","005al00000RVcKvAAL","false","Adverse Action","false","false","true","a2G4W000002oCfzUAE","","","",""
"a0sWD00000XpfAgYAJ","005al00000RVcKvAAL","false","Attorney Information","false","false","true","a2G4W000002oCg0UAE","","","",""
"a0sWD00000XpfAhYAJ","005al00000RVcKvAAL","false","Compliance Info","false","false","true","a2G4W000002oCg3UAE","","","",""
"a0sWD00000XpfAiYAJ","005al00000RVcKvAAL","false","Construction Info","false","false","true","a2G4W000002oCg4UAE","","","",""
"a0sWD00000XpfAjYAJ","005al00000RVcKvAAL","false","Risk Rating Review","false","false","true","a2G4W000002oCg8UAE","","","",""
"a0sWD00000XpfAkYAJ","005al00000RVcKvAAL","false","Secondary Market","false","false","true","a2G4W000002oCg9UAE","","","",""
"a0sWD00000XpfAlYAJ","005al00000RVcKvAAL","false","Structure Information","false","false","true","a2G4W000002oCgAUAU","","","",""
"a0sWD00000XpfAmYAJ","005al00000RVcKvAAL","false","Attorney Information Approved","false","false","true","a2G4W000002oCgCUAU","","","",""
"a0sWD00000XpfAnYAJ","005al00000RVcKvAAL","false","Key Dates Approved","false","false","true","a2G4W000002oCgDUAU","","","",""
"a0sWD00000XpfAoYAJ","005al00000RVcKvAAL","false","Post Closing Review Approved","false","false","true","a2G4W000002oCgFUAU","","","",""
"a0sWD00000XpfApYAJ","005al00000RVcKvAAL","false","Secondary Market Approved","false","false","true","a2G4W000002oCgGUAU","","","",""
"a0sWD00000XpfAqYAJ","005al00000RVcKvAAL","false","Structure Information Approved","false","false","true","a2G4W000002oCgHUAU","","","",""
"a0sWD00000XpfArYAJ","005al00000RVcKvAAL","false","Fees","false","false","true","a2G4W000002oCgIUAU","","","",""
"a0sWD00000XpfAsYAJ","005al00000RVcKvAAL","false","Participations","false","false","true","a2G4W000002oCgJUAU","","","",""
"a0sWD00000XpfAtYAJ","005al00000RVcKvAAL","false","Construction Details","false","false","true","a2G4W000002oCgQUAU","","","",""
"a0sWD00000XpfAuYAJ","005al00000RVcKvAAL","false","Loan Dashboard","false","false","true","a2G4W000002oCgRUAU","","","",""
"a0sWD00000XpfAvYAJ","005al00000RVcKvAAL","false","Authorized Users","false","false","true","a2G4W000002oCgWUAU","","","",""
"a0sWD00000XpfAwYAJ","005al00000RVcKvAAL","false","Order Entry-Remote-Deposit","false","false","true","a2G4W000002oCgXUAU","","","",""
"a0sWD00000XpfAxYAJ","005al00000RVcKvAAL","false","Order Entry-Retail-Lockbox","false","false","true","a2G4W000002oCgYUAU","","","",""
"a0sWD00000XpfAyYAJ","005al00000RVcKvAAL","false","Order Entry-Wire-Transfer","false","false","true","a2G4W000002oCgZUAU","","","",""
"a0sWD00000XpfAzYAJ","005al00000RVcKvAAL","false","Activities","false","false","true","a2G4W000002oCgbUAE","","","",""
"a0sWD00000XpfB0YAJ","005al00000RVcKvAAL","false","Business Contacts","false","false","true","a2G4W000002oCgcUAE","","","",""
"a0sWD00000XpfB1YAJ","005al00000RVcKvAAL","false","Collateral Owned","false","false","true","a2G4W000002oCgdUAE","","","",""
"a0sWD00000XpfB2YAJ","005al00000RVcKvAAL","false","Covenants","false","false","true","a2G4W000002oCgeUAE","","","",""
"a0sWD00000XpfB3YAJ","005al00000RVcKvAAL","false","Deposits","false","false","true","a2G4W000002oCgfUAE","","","",""
"a0sWD00000XpfB4YAJ","005al00000RVcKvAAL","false","Overview","false","false","true","a2G4W000002oCggUAE","","","",""
"a0sWD00000XpfB5YAJ","005al00000RVcKvAAL","false","Exposure","false","false","true","a2G4W000002oCghUAE","","","",""
"a0sWD00000XpfB6YAJ","005al00000RVcKvAAL","false","Loans","false","false","true","a2G4W000002oCgiUAE","","","",""
"a0sWD00000XpfB7YAJ","005al00000RVcKvAAL","false","Opportunities","false","false","true","a2G4W000002oCgjUAE","","","",""
"a0sWD00000XpfB8YAJ","005al00000RVcKvAAL","false","Other Information","false","false","true","a2G4W000002oCgkUAE","","","",""
"a0sWD00000XpfB9YAJ","005al00000RVcKvAAL","false","Product Packages","false","false","true","a2G4W000002oCglUAE","","","",""
"a0sWD00000XpfBAYAZ","005al00000RVcKvAAL","false","Referrals","false","false","true","a2G4W000002oCgmUAE","","","",""
"a0sWD00000XpfBBYAZ","005al00000RVcKvAAL","false","Risk Rating Reviews","false","false","true","a2G4W000002oCgnUAE","","","",""
"a0sWD00000XpfBCYAZ","005al00000RVcKvAAL","false","Service Requests","false","false","true","a2G4W000002oCgoUAE","","","",""
"a0sWD00000XpfBDYAZ","005al00000RVcKvAAL","false","Site Visits","false","false","true","a2G4W000002oCgpUAE","","","",""
"a0sWD00000XpfBEYAZ","005al00000RVcKvAAL","false","Treasury","false","false","true","a2G4W000002oCgqUAE","","","",""
"a0sWD00000XpfBFYAZ","005al00000RVcKvAAL","false","SBA Form 912","false","false","true","a2G4W000002oCgsUAE","","","",""
"a0sWD00000XpfBGYAZ","005al00000RVcKvAAL","false","Loan Application","false","false","true","a2G4W000002oCgtUAE","","","",""
"a0sWD00000XpfBHYAZ","005al00000RVcKvAAL","false","Change of Ownership","false","false","true","a2G4W000002oCguUAE","","","",""
"a0sWD00000XpfBIYAZ","005al00000RVcKvAAL","false","SBA Form 10","false","false","true","a2G4W000002oCgvUAE","","","",""
"a0sWD00000XpfBJYAZ","005al00000RVcKvAAL","false","SBA Form 159","false","false","true","a2G4W000002oCgwUAE","","","",""
"a0sWD00000XpfBKYAZ","005al00000RVcKvAAL","false","SBA Form 1846","false","false","true","a2G4W000002oCgxUAE","","","",""
"a0sWD00000XpfBLYAZ","005al00000RVcKvAAL","false","SBA Form 1919","false","false","true","a2G4W000002oCgyUAE","","","",""
"a0sWD00000XpfBMYAZ","005al00000RVcKvAAL","false","Business Type","false","false","true","a2G4W000002oCgzUAE","","","",""
"a0sWD00000XpfBNYAZ","005al00000RVcKvAAL","false","Previous SBA Loan","false","false","true","a2G4W000002oCh0UAE","","","",""
"a0sWD00000XpfBOYAZ","005al00000RVcKvAAL","false","Conflict of Interest","false","false","true","a2G4W000002oCh1UAE","","","",""
"a0sWD00000XpfBPYAZ","005al00000RVcKvAAL","false","Primary Account","false","false","true","a2G4W000002oCh2UAE","","","",""
"a0sWD00000XpfBQYAZ","005al00000RVcKvAAL","false","SBA Form 1920","false","false","true","a2G4W000002oCh3UAE","","","",""
"a0sWD00000XpfBRYAZ","005al00000RVcKvAAL","false","SBA Form 1920","false","false","true","a2G4W000002oCh4UAE","","","",""
"a0sWD00000XpfBSYAZ","005al00000RVcKvAAL","false","SBA Form 1920","false","false","true","a2G4W000002oCh5UAE","","","",""
"a0sWD00000XpfBTYAZ","005al00000RVcKvAAL","false","SBA Form 1920","false","false","true","a2G4W000002oCh6UAE","","","",""
"a0sWD00000XpfBUYAZ","005al00000RVcKvAAL","false","SBA Form 1920","false","false","true","a2G4W000002oCh7UAE","","","",""
"a0sWD00000XpfBVYAZ","005al00000RVcKvAAL","false","SBA Form 1920","false","false","true","a2G4W000002oCh8UAE","","","",""
"a0sWD00000XpfBWYAZ","005al00000RVcKvAAL","false","SBA Form 1920","false","false","true","a2G4W000002oCh9UAE","","","",""
"a0sWD00000XpfBXYAZ","005al00000RVcKvAAL","false","Primary Account","false","false","true","a2G4W000002oChAUAU","","","",""
"a0sWD00000XpfBYYAZ","005al00000RVcKvAAL","false","Account Debt","false","false","true","a2G4W000002oChBUAU","","","",""
"a0sWD00000XpfBZYAZ","005al00000RVcKvAAL","false","SBA Form 652","false","false","true","a2G4W000002oChCUAU","","","",""
"a0sWD00000XpfBaYAJ","005al00000RVcKvAAL","false","SBA Form G845","false","false","true","a2G4W000002oChDUAU","","","",""
"a0sWD00000XpfBbYAJ","005al00000RVcKvAAL","false","Injections","false","false","true","a2G4W000002oChEUAU","","","",""
"a0sWD00000XpfBcYAJ","005al00000RVcKvAAL","false","Liens","false","false","true","a2G4W000002oChFUAU","","","",""
"a0sWD00000XpfBdYAJ","005al00000RVcKvAAL","false","Loan Information","false","false","true","a2G4W000002oChGUAU","","","",""
"a0sWD00000XpfBeYAJ","005al00000RVcKvAAL","false","Pricing","false","false","true","a2G4W000002oChHUAU","","","",""
"a0sWD00000XpfBfYAJ","005al00000RVcKvAAL","false","Loan Partner","false","false","true","a2G4W000002oChIUAU","","","",""
"a0sWD00000XpfBgYAJ","005al00000RVcKvAAL","false","Use of Proceeds","false","false","true","a2G4W000002oChJUAU","","","",""
"a0sWD00000XpfBhYAJ","005al00000RVcKvAAL","false","HMDA Screen 1","false","false","true","a2G4W000002oChQUAU","","","",""
"a0sWD00000XpfBiYAJ","005al00000RVcKvAAL","false","HMDA Screen 2","false","false","true","a2G4W000002oCiMUAU","","","",""
"a0sWD00000XpfBjYAJ","005al00000RVcKvAAL","false","CRA Screen","false","false","true","a2G4W000002oCiNUAU","","","",""
"a0sWD00000XpfBkYAJ","005al00000RVcKvAAL","false","Balance Details","false","false","true","a2G4W000002oCiOUAU","","","",""
"a0sWD00000XpfBlYAJ","005al00000RVcKvAAL","false","Loan Information","false","false","true","a2G4W000002oCiPUAU","","","",""
"a0sWD00000XpfBmYAJ","005al00000RVcKvAAL","false","Booked Details","false","false","true","a2G4W000002oCiQUAU","","","",""
"a0sWD00000XpfBnYAJ","005al00000RVcKvAAL","false","Borrowing Structure","false","false","true","a2G4W000002oCiRUAU","","","",""
"a0sWD00000XpfBoYAJ","005al00000RVcKvAAL","false","Borrowing Structure Information","false","false","true","a2G4W000002oCiSUAU","","","",""
"a0sWD00000XpfBpYAJ","005al00000RVcKvAAL","false","Collateral","false","false","true","a2G4W000002oCiTUAU","","","",""
"a0sWD00000XpfBqYAJ","005al00000RVcKvAAL","false","Collateral","false","false","true","a2G4W000002oCiUUAU","","","",""
"a0sWD00000XpfBrYAJ","005al00000RVcKvAAL","false","Collateral","false","false","true","a2G4W000002oCiVUAU","","","",""
"a0sWD00000XpfBsYAJ","005al00000RVcKvAAL","false","Contacts","false","false","true","a2G4W000002oCiWUAU","","","",""
"a0sWD00000XpfBtYAJ","005al00000RVcKvAAL","false","Deposit Products","false","false","true","a2G4W000002oCiXUAU","","","",""
"a0sWD00000XpfBuYAJ","005al00000RVcKvAAL","false","HMDA Screen 1","false","false","true","a2G4W000002oCiYUAU","","","",""
"a0sWD00000XpfBvYAJ","005al00000RVcKvAAL","false","Loan Dashboard Summary Screen","false","false","true","a2G4W000002oCiZUAU","","","",""
"a0sWD00000XpfBwYAJ","005al00000RVcKvAAL","false","Loan Products","false","false","true","a2G4W000002oCiaUAE","","","",""
"a0sWD00000XpfBxYAJ","005al00000RVcKvAAL","false","Loan Products","false","false","true","a2G4W000002oCibUAE","","","",""
"a0sWD00000XpfByYAJ","005al00000RVcKvAAL","false","Open Activities","false","false","true","a2G4W000002oCicUAE","","","",""
"a0sWD00000XpfBzYAJ","005al00000RVcKvAAL","false","Other Information","false","false","true","a2G4W000002oCidUAE","","","",""
"a0sWD00000XpfC0YAJ","005al00000RVcKvAAL","false","Overview","false","false","true","a2G4W000002oCieUAE","","","",""
"a0sWD00000XpfC1YAJ","005al00000RVcKvAAL","false","Policy Exceptions","false","false","true","a2G4W000002oCifUAE","","","",""
"a0sWD00000XpfC2YAJ","005al00000RVcKvAAL","false","Product Summary","false","false","true","a2G4W000002oCigUAE","","","",""
"a0sWD00000XpfC3YAJ","005al00000RVcKvAAL","false","Referral","false","false","true","a2G4W000002oCihUAE","","","",""
"a0sWD00000XpfC4YAJ","005al00000RVcKvAAL","false","Relationships","false","false","true","a2G4W000002oCiiUAE","","","",""
"a0sWD00000XpfC5YAJ","005al00000RVcKvAAL","false","Contacts","false","false","true","a2G4W000002oCijUAE","","","",""
"a0sWD00000XpfC6YAJ","005al00000RVcKvAAL","false","SBA Form 1919","false","false","true","a2G4W000002oCitUAE","","","",""
"a0sWD00000XpfC7YAJ","005al00000RVcKvAAL","false","SBA Form 1920","false","false","true","a2G4W000002oCiuUAE","","","",""
"a0sWD00000XpfC8YAJ","005al00000RVcKvAAL","false","SBA Form 1920","false","false","true","a2G4W000002oCivUAE","","","",""
"a0sWD00000XpfC9YAJ","005al00000RVcKvAAL","false","SBA Form 1920","false","false","true","a2G4W000002oCiwUAE","","","",""
"a0sWD00000XpfCAYAZ","005al00000RVcKvAAL","false","SBA Form 1920","false","false","true","a2G4W000002oCixUAE","","","",""
"a0sWD00000XpfCBYAZ","005al00000RVcKvAAL","false","SBA Form 601","false","false","true","a2G4W000002oCiyUAE","","","",""
"a0sWD00000XpescYAB","005al00000RVcKvAAL","false","Standard Review Credit Memo (Product Package)","true","false","true","a2G4W0000033jQo","","","",""
"a0sWD00000XpfCCYAZ","005al00000RVcKvAAL","false","Collateral Summary","false","false","true","a2G4W0000033jRAUAY","","","",""
"a0sWD00000XpfCDYAZ","005al00000RVcKvAAL","false","Collateral Details","false","false","true","a2G4W0000033jRBUAY","","","",""
"a0sWD00000XpfCEYAZ","005al00000RVcKvAAL","false","Certifications","false","false","true","a2G4W0000033jRCUAY","","","",""
"a0sWD00000XpfCFYAZ","005al00000RVcKvAAL","false","Adverse Action","false","false","true","a2G4W0000033jSXUAY","","","",""
"a0sWD00000XpfCGYAZ","005al00000RVcKvAAL","false","Attorney Information","false","false","true","a2G4W0000033jSYUAY","","","",""
"a0sWD00000XpfCHYAZ","005al00000RVcKvAAL","false","Compliance Info","false","false","true","a2G4W0000033jSbUAI","","","",""
"a0sWD00000XpfCIYAZ","005al00000RVcKvAAL","false","Construction Info","false","false","true","a2G4W0000033jScUAI","","","",""
"a0sWD00000XpfCJYAZ","005al00000RVcKvAAL","false","Risk Rating Review","false","false","true","a2G4W0000033jSgUAI","","","",""
"a0sWD00000XpfCKYAZ","005al00000RVcKvAAL","false","Secondary Market","false","false","true","a2G4W0000033jShUAI","","","",""
"a0sWD00000XpfCLYAZ","005al00000RVcKvAAL","false","Structure Information","false","false","true","a2G4W0000033jSiUAI","","","",""
"a0sWD00000XpfCMYAZ","005al00000RVcKvAAL","false","Attorney Information Approved","false","false","true","a2G4W0000033jSkUAI","","","",""
"a0sWD00000XpfCNYAZ","005al00000RVcKvAAL","false","Key Dates Approved","false","false","true","a2G4W0000033jSlUAI","","","",""
"a0sWD00000XpfCOYAZ","005al00000RVcKvAAL","false","Post Closing Review Approved","false","false","true","a2G4W0000033jSnUAI","","","",""
"a0sWD00000XpfCPYAZ","005al00000RVcKvAAL","false","Secondary Market Approved","false","false","true","a2G4W0000033jSoUAI","","","",""
"a0sWD00000XpfCQYAZ","005al00000RVcKvAAL","false","Structure Information Approved","false","false","true","a2G4W0000033jSpUAI","","","",""
"a0sWD00000XpfCRYAZ","005al00000RVcKvAAL","false","Fees","false","false","true","a2G4W0000033jSqUAI","","","",""
"a0sWD00000XpfCSYAZ","005al00000RVcKvAAL","false","Participations","false","false","true","a2G4W0000033jSrUAI","","","",""
"a0sWD00000XpfCTYAZ","005al00000RVcKvAAL","false","Construction Details","false","false","true","a2G4W0000033jSyUAI","","","",""
"a0sWD00000XpfCUYAZ","005al00000RVcKvAAL","false","Loan Dashboard","false","false","true","a2G4W0000033jSzUAI","","","",""
"a0sWD00000XpfCVYAZ","005al00000RVcKvAAL","false","Authorized Users","false","false","true","a2G4W0000033jT4UAI","","","",""
"a0sWD00000XpfCWYAZ","005al00000RVcKvAAL","false","Order Entry-Remote-Deposit","false","false","true","a2G4W0000033jT5UAI","","","",""
"a0sWD00000XpfCXYAZ","005al00000RVcKvAAL","false","Order Entry-Retail-Lockbox","false","false","true","a2G4W0000033jT6UAI","","","",""
"a0sWD00000XpfCYYAZ","005al00000RVcKvAAL","false","Order Entry-Wire-Transfer","false","false","true","a2G4W0000033jT7UAI","","","",""
"a0sWD00000XpfCZYAZ","005al00000RVcKvAAL","false","Activities","false","false","true","a2G4W0000033jT9UAI","","","",""
"a0sWD00000XpfCaYAJ","005al00000RVcKvAAL","false","Business Contacts","false","false","true","a2G4W0000033jTAUAY","","","",""
"a0sWD00000XpfEDYAZ","005al00000RVcKvAAL","false","Collateral Owned","false","false","true","a2G4W0000033jTBUAY","","","",""
"a0sWD00000XpfEEYAZ","005al00000RVcKvAAL","false","Covenants","false","false","true","a2G4W0000033jTCUAY","","","",""
"a0sWD00000XpfEFYAZ","005al00000RVcKvAAL","false","Deposits","false","false","true","a2G4W0000033jTDUAY","","","",""
"a0sWD00000XpfEGYAZ","005al00000RVcKvAAL","false","Overview","false","false","true","a2G4W0000033jTEUAY","","","",""
"a0sWD00000XpfEHYAZ","005al00000RVcKvAAL","false","Exposure","false","false","true","a2G4W0000033jTFUAY","","","",""
"a0sWD00000XpfEIYAZ","005al00000RVcKvAAL","false","Loans","false","false","true","a2G4W0000033jTGUAY","","","",""
"a0sWD00000XpfEJYAZ","005al00000RVcKvAAL","false","Opportunities","false","false","true","a2G4W0000033jTHUAY","","","",""
"a0sWD00000XpfEKYAZ","005al00000RVcKvAAL","false","Other Information","false","false","true","a2G4W0000033jTIUAY","","","",""
"a0sWD00000XpfELYAZ","005al00000RVcKvAAL","false","Product Packages","false","false","true","a2G4W0000033jTJUAY","","","",""
"a0sWD00000XpfEMYAZ","005al00000RVcKvAAL","false","Referrals","false","false","true","a2G4W0000033jTKUAY","","","",""
"a0sWD00000XpfENYAZ","005al00000RVcKvAAL","false","Risk Rating Reviews","false","false","true","a2G4W0000033jTLUAY","","","",""
"a0sWD00000XpfEOYAZ","005al00000RVcKvAAL","false","Service Requests","false","false","true","a2G4W0000033jTMUAY","","","",""
"a0sWD00000XpfEPYAZ","005al00000RVcKvAAL","false","Site Visits","false","false","true","a2G4W0000033jTNUAY","","","",""
"a0sWD00000XpfEQYAZ","005al00000RVcKvAAL","false","Treasury","false","false","true","a2G4W0000033jTOUAY","","","",""
"a0sWD00000XpfERYAZ","005al00000RVcKvAAL","false","SBA Form 912","false","false","true","a2G4W0000033jTQUAY","","","",""
"a0sWD00000XpfESYAZ","005al00000RVcKvAAL","false","Loan Application","false","false","true","a2G4W0000033jTRUAY","","","",""
"a0sWD00000XpfETYAZ","005al00000RVcKvAAL","false","Change of Ownership","false","false","true","a2G4W0000033jTSUAY","","","",""
"a0sWD00000XpfEUYAZ","005al00000RVcKvAAL","false","SBA Form 10","false","false","true","a2G4W0000033jTTUAY","","","",""
"a0sWD00000XpfEVYAZ","005al00000RVcKvAAL","false","SBA Form 159","false","false","true","a2G4W0000033jTUUAY","","","",""
"a0sWD00000XpfEWYAZ","005al00000RVcKvAAL","false","SBA Form 1846","false","false","true","a2G4W0000033jTVUAY","","","",""
"a0sWD00000XpfEXYAZ","005al00000RVcKvAAL","false","SBA Form 1919","false","false","true","a2G4W0000033jTWUAY","","","",""
"a0sWD00000XpfEYYAZ","005al00000RVcKvAAL","false","Business Type","false","false","true","a2G4W0000033jTXUAY","","","",""
"a0sWD00000XpfEZYAZ","005al00000RVcKvAAL","false","Previous SBA Loan","false","false","true","a2G4W0000033jTYUAY","","","",""
"a0sWD00000XpfEaYAJ","005al00000RVcKvAAL","false","Conflict of Interest","false","false","true","a2G4W0000033jTZUAY","","","",""
"a0sWD00000XpfEbYAJ","005al00000RVcKvAAL","false","Primary Account","false","false","true","a2G4W0000033jTaUAI","","","",""
"a0sWD00000XpfEcYAJ","005al00000RVcKvAAL","false","SBA Form 1920","false","false","true","a2G4W0000033jTbUAI","","","",""
"a0sWD00000XpfEdYAJ","005al00000RVcKvAAL","false","SBA Form 1920","false","false","true","a2G4W0000033jTcUAI","","","",""
"a0sWD00000XpfEeYAJ","005al00000RVcKvAAL","false","SBA Form 1920","false","false","true","a2G4W0000033jTdUAI","","","",""
"a0sWD00000XpfEfYAJ","005al00000RVcKvAAL","false","SBA Form 1920","false","false","true","a2G4W0000033jTeUAI","","","",""
"a0sWD00000XpfEgYAJ","005al00000RVcKvAAL","false","SBA Form 1920","false","false","true","a2G4W0000033jTfUAI","","","",""
"a0sWD00000XpfEhYAJ","005al00000RVcKvAAL","false","SBA Form 1920","false","false","true","a2G4W0000033jTgUAI","","","",""
"a0sWD00000XpfEiYAJ","005al00000RVcKvAAL","false","SBA Form 1920","false","false","true","a2G4W0000033jThUAI","","","",""
"a0sWD00000XpfEjYAJ","005al00000RVcKvAAL","false","Primary Account","false","false","true","a2G4W0000033jTiUAI","","","",""
"a0sWD00000XpfEkYAJ","005al00000RVcKvAAL","false","Account Debt","false","false","true","a2G4W0000033jTjUAI","","","",""
"a0sWD00000XpfElYAJ","005al00000RVcKvAAL","false","SBA Form 652","false","false","true","a2G4W0000033jTkUAI","","","",""
"a0sWD00000XpfEmYAJ","005al00000RVcKvAAL","false","SBA Form G845","false","false","true","a2G4W0000033jTlUAI","","","",""
"a0sWD00000XpfEnYAJ","005al00000RVcKvAAL","false","Injections","false","false","true","a2G4W0000033jTmUAI","","","",""
"a0sWD00000XpfEoYAJ","005al00000RVcKvAAL","false","Liens","false","false","true","a2G4W0000033jTnUAI","","","",""
"a0sWD00000XpfEpYAJ","005al00000RVcKvAAL","false","Loan Information","false","false","true","a2G4W0000033jToUAI","","","",""
"a0sWD00000XpfEqYAJ","005al00000RVcKvAAL","false","Pricing","false","false","true","a2G4W0000033jTpUAI","","","",""
"a0sWD00000XpfErYAJ","005al00000RVcKvAAL","false","Loan Partner","false","false","true","a2G4W0000033jTqUAI","","","",""
"a0sWD00000XpfEsYAJ","005al00000RVcKvAAL","false","Use of Proceeds","false","false","true","a2G4W0000033jTrUAI","","","",""
"a0sWD00000XpfEtYAJ","005al00000RVcKvAAL","false","HMDA Screen 1","false","false","true","a2G4W0000033jTyUAI","","","",""
"a0sWD00000XpfEuYAJ","005al00000RVcKvAAL","false","HMDA Screen 2","false","false","true","a2G4W0000033jUuUAI","","","",""
"a0sWD00000XpfEvYAJ","005al00000RVcKvAAL","false","CRA Screen","false","false","true","a2G4W0000033jUvUAI","","","",""
"a0sWD00000XpfEwYAJ","005al00000RVcKvAAL","false","Balance Details","false","false","true","a2G4W0000033jUwUAI","","","",""
"a0sWD00000XpfExYAJ","005al00000RVcKvAAL","false","Loan Information","false","false","true","a2G4W0000033jUxUAI","","","",""
"a0sWD00000XpfEyYAJ","005al00000RVcKvAAL","false","Booked Details","false","false","true","a2G4W0000033jUyUAI","","","",""
"a0sWD00000XpfEzYAJ","005al00000RVcKvAAL","false","Borrowing Structure","false","false","true","a2G4W0000033jUzUAI","","","",""
"a0sWD00000XpfF0YAJ","005al00000RVcKvAAL","false","Borrowing Structure Information","false","false","true","a2G4W0000033jV0UAI","","","",""
"a0sWD00000XpfF1YAJ","005al00000RVcKvAAL","false","Collateral","false","false","true","a2G4W0000033jV1UAI","","","",""
"a0sWD00000XpfF2YAJ","005al00000RVcKvAAL","false","Collateral","false","false","true","a2G4W0000033jV2UAI","","","",""
"a0sWD00000XpfF3YAJ","005al00000RVcKvAAL","false","Collateral","false","false","true","a2G4W0000033jV3UAI","","","",""
"a0sWD00000XpfF4YAJ","005al00000RVcKvAAL","false","Contacts","false","false","true","a2G4W0000033jV4UAI","","","",""
"a0sWD00000XpfF5YAJ","005al00000RVcKvAAL","false","Deposit Products","false","false","true","a2G4W0000033jV5UAI","","","",""
"a0sWD00000XpfF6YAJ","005al00000RVcKvAAL","false","HMDA Screen 1","false","false","true","a2G4W0000033jV6UAI","","","",""
"a0sWD00000XpfF7YAJ","005al00000RVcKvAAL","false","Loan Dashboard Summary Screen","false","false","true","a2G4W0000033jV7UAI","","","",""
"a0sWD00000XpfF8YAJ","005al00000RVcKvAAL","false","Loan Products","false","false","true","a2G4W0000033jV8UAI","","","",""
"a0sWD00000XpfF9YAJ","005al00000RVcKvAAL","false","Loan Products","false","false","true","a2G4W0000033jV9UAI","","","",""
"a0sWD00000XpfFAYAZ","005al00000RVcKvAAL","false","Open Activities","false","false","true","a2G4W0000033jVAUAY","","","",""
"a0sWD00000XpfFBYAZ","005al00000RVcKvAAL","false","Other Information","false","false","true","a2G4W0000033jVBUAY","","","",""
"a0sWD00000XpfFCYAZ","005al00000RVcKvAAL","false","Overview","false","false","true","a2G4W0000033jVCUAY","","","",""
"a0sWD00000XpfFDYAZ","005al00000RVcKvAAL","false","Policy Exceptions","false","false","true","a2G4W0000033jVDUAY","","","",""
"a0sWD00000XpfFEYAZ","005al00000RVcKvAAL","false","Product Summary","false","false","true","a2G4W0000033jVEUAY","","","",""
"a0sWD00000XpfFFYAZ","005al00000RVcKvAAL","false","Referral","false","false","true","a2G4W0000033jVFUAY","","","",""
"a0sWD00000XpfFGYAZ","005al00000RVcKvAAL","false","Relationships","false","false","true","a2G4W0000033jVGUAY","","","",""
"a0sWD00000XpfFHYAZ","005al00000RVcKvAAL","false","Contacts","false","false","true","a2G4W0000033jVHUAY","","","",""
"a0sWD00000XpfFIYAZ","005al00000RVcKvAAL","false","SBA Form 1919","false","false","true","a2G4W0000033jVRUAY","","","",""
"a0sWD00000XpfFJYAZ","005al00000RVcKvAAL","false","SBA Form 1920","false","false","true","a2G4W0000033jVSUAY","","","",""
"a0sWD00000XpfFKYAZ","005al00000RVcKvAAL","false","SBA Form 1920","false","false","true","a2G4W0000033jVTUAY","","","",""
"a0sWD00000XpfFLYAZ","005al00000RVcKvAAL","false","SBA Form 1920","false","false","true","a2G4W0000033jVUUAY","","","",""
"a0sWD00000XpfFMYAZ","005al00000RVcKvAAL","false","SBA Form 1920","false","false","true","a2G4W0000033jVVUAY","","","",""
"a0sWD00000XpfFNYAZ","005al00000RVcKvAAL","false","SBA Form 601","false","false","true","a2G4W0000033jVWUAY","","","",""
"a0sWD00000XpfFOYAZ","005al00000RVcKvAAL","false","Collateral Summary","false","false","true","a2G5e0000005UuJEAU","","","",""
"a0sWD00000XpfFPYAZ","005al00000RVcKvAAL","false","Collateral Details","false","false","true","a2G5e0000005UuKEAU","","","",""
"a0sWD00000XpfFQYAZ","005al00000RVcKvAAL","false","Fees","false","false","true","a2G5e0000005Uw9EAE","","","",""
"a0sWD00000XpfFRYAZ","005al00000RVcKvAAL","false","Construction Details","false","false","true","a2G5e0000005UwHEAU","","","",""
"a0sWD00000XpfFSYAZ","005al00000RVcKvAAL","false","Business Contacts","false","false","true","a2G5e0000005UwTEAU","","","",""
"a0sWD00000XpfFTYAZ","005al00000RVcKvAAL","false","Collateral Owned","false","false","true","a2G5e0000005UwUEAU","","","",""
"a0sWD00000XpfFUYAZ","005al00000RVcKvAAL","false","Covenants","false","false","true","a2G5e0000005UwVEAU","","","",""
"a0sWD00000XpfFVYAZ","005al00000RVcKvAAL","false","Exposure","false","false","true","a2G5e0000005UwYEAU","","","",""
"a0sWD00000XpfFWYAZ","005al00000RVcKvAAL","false","Product Packages","false","false","true","a2G5e0000005UwcEAE","","","",""
"a0sWD00000XpfFXYAZ","005al00000RVcKvAAL","false","Referrals","false","false","true","a2G5e0000005UwdEAE","","","",""
"a0sWD00000XpfFYYAZ","005al00000RVcKvAAL","false","Risk Rating Reviews","false","false","true","a2G5e0000005UweEAE","","","",""
"a0sWD00000XpfFZYAZ","005al00000RVcKvAAL","false","Service Requests","false","false","true","a2G5e0000005UwfEAE","","","",""
"a0sWD00000XpfFaYAJ","005al00000RVcKvAAL","false","Site Visits","false","false","true","a2G5e0000005UwgEAE","","","",""
"a0sWD00000XpfFbYAJ","005al00000RVcKvAAL","false","Treasury","false","false","true","a2G5e0000005UwhEAE","","","",""
"a0sWD00000XpfFcYAJ","005al00000RVcKvAAL","false","SBA Form 912","false","false","true","a2G5e0000005UwjEAE","","","",""
"a0sWD00000XpfFdYAJ","005al00000RVcKvAAL","false","Loan Application","false","false","true","a2G5e0000005UwkEAE","","","",""
"a0sWD00000XpfFeYAJ","005al00000RVcKvAAL","false","Change of Ownership","false","false","true","a2G5e0000005UwlEAE","","","",""
"a0sWD00000XpfFfYAJ","005al00000RVcKvAAL","false","SBA Form 10","false","false","true","a2G5e0000005UwmEAE","","","",""
"a0sWD00000XpfFgYAJ","005al00000RVcKvAAL","false","SBA Form 159","false","false","true","a2G5e0000005UwnEAE","","","",""
"a0sWD00000XpfFhYAJ","005al00000RVcKvAAL","false","SBA Form 1846","false","false","true","a2G5e0000005UwoEAE","","","",""
"a0sWD00000XpfFiYAJ","005al00000RVcKvAAL","false","Business Type","false","false","true","a2G5e0000005UwqEAE","","","",""
"a0sWD00000XpfFjYAJ","005al00000RVcKvAAL","false","Conflict of Interest","false","false","true","a2G5e0000005UwsEAE","","","",""
"a0sWD00000XpfFkYAJ","005al00000RVcKvAAL","false","Primary Account","false","false","true","a2G5e0000005UwtEAE","","","",""
"a0sWD00000XpfFlYAJ","005al00000RVcKvAAL","false","SBA Form 1920","false","false","true","a2G5e0000005UwuEAE","","","",""
"a0sWD00000XpfFmYAJ","005al00000RVcKvAAL","false","SBA Form 1920","false","false","true","a2G5e0000005UwvEAE","","","",""
"a0sWD00000XpfFnYAJ","005al00000RVcKvAAL","false","SBA Form 1920","false","false","true","a2G5e0000005UwwEAE","","","",""
"a0sWD00000XpfFoYAJ","005al00000RVcKvAAL","false","SBA Form 1920","false","false","true","a2G5e0000005UwxEAE","","","",""
"a0sWD00000XpfFpYAJ","005al00000RVcKvAAL","false","SBA Form 1920","false","false","true","a2G5e0000005UwyEAE","","","",""
"a0sWD00000XpfFqYAJ","005al00000RVcKvAAL","false","SBA Form 1920","false","false","true","a2G5e0000005UwzEAE","","","",""
"a0sWD00000XpfFrYAJ","005al00000RVcKvAAL","false","SBA Form 1920","false","false","true","a2G5e0000005Ux0EAE","","","",""
"a0sWD00000XpfFsYAJ","005al00000RVcKvAAL","false","Primary Account","false","false","true","a2G5e0000005Ux1EAE","","","",""
"a0sWD00000XpfFtYAJ","005al00000RVcKvAAL","false","Account Debt","false","false","true","a2G5e0000005Ux2EAE","","","",""
"a0sWD00000XpfFuYAJ","005al00000RVcKvAAL","false","SBA Form 652","false","false","true","a2G5e0000005Ux3EAE","","","",""
"a0sWD00000XpfFvYAJ","005al00000RVcKvAAL","false","SBA Form G845","false","false","true","a2G5e0000005Ux4EAE","","","",""
"a0sWD00000XpfFwYAJ","005al00000RVcKvAAL","false","Certifications","false","false","true","a2G5e0000005UywEAE","","","",""
"a0sWD00000XpfFxYAJ","005al00000RVcKvAAL","false","Participations","false","false","true","a2G5e0000005UyxEAE","","","",""
"a0sWD00000XpfFyYAJ","005al00000RVcKvAAL","false","HMDA Screen 1","false","false","true","a2G5e0000005UyyEAE","","","",""
"a0sWD00000XpesdYAB","005al00000RVcKvAAL","false","Standard Review Credit Memo (Product Package)","true","false","true","a2G5g000000wrte","","","",""
"a0sWD00000XpfFzYAJ","005al00000RVcKvAAL","false","Collateral Summary","false","false","true","a2G5g000000wru0EAA","","","",""
"a0sWD00000XpfG0YAJ","005al00000RVcKvAAL","false","Collateral Details","false","false","true","a2G5g000000wru1EAA","","","",""
"a0sWD00000XpfG1YAJ","005al00000RVcKvAAL","false","Adverse Action","false","false","true","a2G5g000000wrvXEAQ","","","",""
"a0sWD00000XpfG2YAJ","005al00000RVcKvAAL","false","Attorney Information","false","false","true","a2G5g000000wrvYEAQ","","","",""
"a0sWD00000XpfG3YAJ","005al00000RVcKvAAL","false","Compliance Info","false","false","true","a2G5g000000wrvbEAA","","","",""
"a0sWD00000XpfG4YAJ","005al00000RVcKvAAL","false","Construction Info","false","false","true","a2G5g000000wrvcEAA","","","",""
"a0sWD00000XpfG5YAJ","005al00000RVcKvAAL","false","Risk Rating Review","false","false","true","a2G5g000000wrvgEAA","","","",""
"a0sWD00000XpfG6YAJ","005al00000RVcKvAAL","false","Secondary Market","false","false","true","a2G5g000000wrvhEAA","","","",""
"a0sWD00000XpfG7YAJ","005al00000RVcKvAAL","false","Structure Information","false","false","true","a2G5g000000wrviEAA","","","",""
"a0sWD00000XpfG8YAJ","005al00000RVcKvAAL","false","Attorney Information Approved","false","false","true","a2G5g000000wrvkEAA","","","",""
"a0sWD00000XpfG9YAJ","005al00000RVcKvAAL","false","Key Dates Approved","false","false","true","a2G5g000000wrvlEAA","","","",""
"a0sWD00000XpfGAYAZ","005al00000RVcKvAAL","false","Post Closing Review Approved","false","false","true","a2G5g000000wrvnEAA","","","",""
"a0sWD00000XpfGBYAZ","005al00000RVcKvAAL","false","Secondary Market Approved","false","false","true","a2G5g000000wrvoEAA","","","",""
"a0sWD00000XpfGCYAZ","005al00000RVcKvAAL","false","Structure Information Approved","false","false","true","a2G5g000000wrvpEAA","","","",""
"a0sWD00000XpfGDYAZ","005al00000RVcKvAAL","false","Fees","false","false","true","a2G5g000000wrvqEAA","","","",""
"a0sWD00000XpfGEYAZ","005al00000RVcKvAAL","false","Construction Details","false","false","true","a2G5g000000wrvyEAA","","","",""
"a0sWD00000XpfGFYAZ","005al00000RVcKvAAL","false","Loan Dashboard","false","false","true","a2G5g000000wrvzEAA","","","",""
"a0sWD00000XpfGGYAZ","005al00000RVcKvAAL","false","Authorized Users","false","false","true","a2G5g000000wrw4EAA","","","",""
"a0sWD00000XpfGHYAZ","005al00000RVcKvAAL","false","Order Entry-Remote-Deposit","false","false","true","a2G5g000000wrw5EAA","","","",""
"a0sWD00000XpfGIYAZ","005al00000RVcKvAAL","false","Order Entry-Retail-Lockbox","false","false","true","a2G5g000000wrw6EAA","","","",""
"a0sWD00000XpfGJYAZ","005al00000RVcKvAAL","false","Order Entry-Wire-Transfer","false","false","true","a2G5g000000wrw7EAA","","","",""
"a0sWD00000XpfGKYAZ","005al00000RVcKvAAL","false","Activities","false","false","true","a2G5g000000wrw9EAA","","","",""
"a0sWD00000XpfGLYAZ","005al00000RVcKvAAL","false","Business Contacts","false","false","true","a2G5g000000wrwAEAQ","","","",""
"a0sWD00000XpfGMYAZ","005al00000RVcKvAAL","false","Collateral Owned","false","false","true","a2G5g000000wrwBEAQ","","","",""
"a0sWD00000XpfGNYAZ","005al00000RVcKvAAL","false","Covenants","false","false","true","a2G5g000000wrwCEAQ","","","",""
"a0sWD00000XpfGOYAZ","005al00000RVcKvAAL","false","Deposits","false","false","true","a2G5g000000wrwDEAQ","","","",""
"a0sWD00000XpfGPYAZ","005al00000RVcKvAAL","false","Overview","false","false","true","a2G5g000000wrwEEAQ","","","",""
"a0sWD00000XpfGQYAZ","005al00000RVcKvAAL","false","Exposure","false","false","true","a2G5g000000wrwFEAQ","","","",""
"a0sWD00000XpfGRYAZ","005al00000RVcKvAAL","false","Loans","false","false","true","a2G5g000000wrwGEAQ","","","",""
"a0sWD00000XpfGSYAZ","005al00000RVcKvAAL","false","Opportunities","false","false","true","a2G5g000000wrwHEAQ","","","",""
"a0sWD00000XpfGTYAZ","005al00000RVcKvAAL","false","Other Information","false","false","true","a2G5g000000wrwIEAQ","","","",""
"a0sWD00000XpfGUYAZ","005al00000RVcKvAAL","false","Product Packages","false","false","true","a2G5g000000wrwJEAQ","","","",""
"a0sWD00000XpfGVYAZ","005al00000RVcKvAAL","false","Referrals","false","false","true","a2G5g000000wrwKEAQ","","","",""
"a0sWD00000XpfGWYAZ","005al00000RVcKvAAL","false","Risk Rating Reviews","false","false","true","a2G5g000000wrwLEAQ","","","",""
"a0sWD00000XpfGXYAZ","005al00000RVcKvAAL","false","Service Requests","false","false","true","a2G5g000000wrwMEAQ","","","",""
"a0sWD00000XpfGYYAZ","005al00000RVcKvAAL","false","Site Visits","false","false","true","a2G5g000000wrwNEAQ","","","",""
"a0sWD00000XpfGZYAZ","005al00000RVcKvAAL","false","Treasury","false","false","true","a2G5g000000wrwOEAQ","","","",""
"a0sWD00000XpfGaYAJ","005al00000RVcKvAAL","false","SBA Form 912","false","false","true","a2G5g000000wrwQEAQ","","","",""
"a0sWD00000XpfGbYAJ","005al00000RVcKvAAL","false","Loan Application","false","false","true","a2G5g000000wrwREAQ","","","",""
"a0sWD00000XpfGcYAJ","005al00000RVcKvAAL","false","Change of Ownership","false","false","true","a2G5g000000wrwSEAQ","","","",""
"a0sWD00000XpfGdYAJ","005al00000RVcKvAAL","false","SBA Form 10","false","false","true","a2G5g000000wrwTEAQ","","","",""
"a0sWD00000XpfGeYAJ","005al00000RVcKvAAL","false","SBA Form 159","false","false","true","a2G5g000000wrwUEAQ","","","",""
"a0sWD00000XpfGfYAJ","005al00000RVcKvAAL","false","SBA Form 1846","false","false","true","a2G5g000000wrwVEAQ","","","",""
"a0sWD00000XpfGgYAJ","005al00000RVcKvAAL","false","SBA Form 1919","false","false","true","a2G5g000000wrwWEAQ","","","",""
"a0sWD00000XpfGhYAJ","005al00000RVcKvAAL","false","Business Type","false","false","true","a2G5g000000wrwXEAQ","","","",""
"a0sWD00000XpfGiYAJ","005al00000RVcKvAAL","false","Previous SBA Loan","false","false","true","a2G5g000000wrwYEAQ","","","",""
"a0sWD00000XpfGjYAJ","005al00000RVcKvAAL","false","Conflict of Interest","false","false","true","a2G5g000000wrwZEAQ","","","",""
"a0sWD00000XpfGkYAJ","005al00000RVcKvAAL","false","Primary Account","false","false","true","a2G5g000000wrwaEAA","","","",""
"a0sWD00000XpfGlYAJ","005al00000RVcKvAAL","false","SBA Form 1920","false","false","true","a2G5g000000wrwbEAA","","","",""
"a0sWD00000XpfGmYAJ","005al00000RVcKvAAL","false","SBA Form 1920","false","false","true","a2G5g000000wrwcEAA","","","",""
"a0sWD00000XpfGnYAJ","005al00000RVcKvAAL","false","SBA Form 1920","false","false","true","a2G5g000000wrwdEAA","","","",""
"a0sWD00000XpfGoYAJ","005al00000RVcKvAAL","false","SBA Form 1920","false","false","true","a2G5g000000wrweEAA","","","",""
"a0sWD00000XpfGpYAJ","005al00000RVcKvAAL","false","SBA Form 1920","false","false","true","a2G5g000000wrwfEAA","","","",""
"a0sWD00000XpfGqYAJ","005al00000RVcKvAAL","false","SBA Form 1920","false","false","true","a2G5g000000wrwgEAA","","","",""
"a0sWD00000XpfGrYAJ","005al00000RVcKvAAL","false","SBA Form 1920","false","false","true","a2G5g000000wrwhEAA","","","",""
"a0sWD00000XpfGsYAJ","005al00000RVcKvAAL","false","Primary Account","false","false","true","a2G5g000000wrwiEAA","","","",""
"a0sWD00000XpfGtYAJ","005al00000RVcKvAAL","false","Account Debt","false","false","true","a2G5g000000wrwjEAA","","","",""
"a0sWD00000XpfGuYAJ","005al00000RVcKvAAL","false","SBA Form 652","false","false","true","a2G5g000000wrwkEAA","","","",""
"a0sWD00000XpfGvYAJ","005al00000RVcKvAAL","false","SBA Form G845","false","false","true","a2G5g000000wrwlEAA","","","",""
"a0sWD00000XpfGwYAJ","005al00000RVcKvAAL","false","Injections","false","false","true","a2G5g000000wrwmEAA","","","",""
"a0sWD00000XpfGxYAJ","005al00000RVcKvAAL","false","Liens","false","false","true","a2G5g000000wrwnEAA","","","",""
"a0sWD00000XpfGyYAJ","005al00000RVcKvAAL","false","Loan Information","false","false","true","a2G5g000000wrwoEAA","","","",""
"a0sWD00000XpfGzYAJ","005al00000RVcKvAAL","false","Pricing","false","false","true","a2G5g000000wrwpEAA","","","",""
"a0sWD00000XpfH0YAJ","005al00000RVcKvAAL","false","Loan Partner","false","false","true","a2G5g000000wrwqEAA","","","",""
"a0sWD00000XpfH1YAJ","005al00000RVcKvAAL","false","Use of Proceeds","false","false","true","a2G5g000000wrwrEAA","","","",""
"a0sWD00000XpfH2YAJ","005al00000RVcKvAAL","false","Certifications","false","false","true","a2G5g000000wrxWEAQ","","","",""
"a0sWD00000XpfH3YAJ","005al00000RVcKvAAL","false","HMDA Screen 2","false","false","true","a2G5g000000wry4EAA","","","",""
"a0sWD00000XpfH4YAJ","005al00000RVcKvAAL","false","CRA Screen","false","false","true","a2G5g000000wry5EAA","","","",""
"a0sWD00000XpfH5YAJ","005al00000RVcKvAAL","false","Balance Details","false","false","true","a2G5g000000wry6EAA","","","",""
"a0sWD00000XpfH6YAJ","005al00000RVcKvAAL","false","Loan Information","false","false","true","a2G5g000000wry7EAA","","","",""
"a0sWD00000XpfH7YAJ","005al00000RVcKvAAL","false","Booked Details","false","false","true","a2G5g000000wry8EAA","","","",""
"a0sWD00000XpfH8YAJ","005al00000RVcKvAAL","false","Borrowing Structure","false","false","true","a2G5g000000wry9EAA","","","",""
"a0sWD00000XpfH9YAJ","005al00000RVcKvAAL","false","Borrowing Structure Information","false","false","true","a2G5g000000wryAEAQ","","","",""
"a0sWD00000XpfHAYAZ","005al00000RVcKvAAL","false","Collateral","false","false","true","a2G5g000000wryBEAQ","","","",""
"a0sWD00000XpfHBYAZ","005al00000RVcKvAAL","false","Collateral","false","false","true","a2G5g000000wryCEAQ","","","",""
"a0sWD00000XpfHCYAZ","005al00000RVcKvAAL","false","Collateral","false","false","true","a2G5g000000wryDEAQ","","","",""
"a0sWD00000XpfHDYAZ","005al00000RVcKvAAL","false","Contacts","false","false","true","a2G5g000000wryEEAQ","","","",""
"a0sWD00000XpfHEYAZ","005al00000RVcKvAAL","false","Deposit Products","false","false","true","a2G5g000000wryFEAQ","","","",""
"a0sWD00000XpfHFYAZ","005al00000RVcKvAAL","false","HMDA Screen 1","false","false","true","a2G5g000000wryGEAQ","","","",""
"a0sWD00000XpfHGYAZ","005al00000RVcKvAAL","false","HMDA Screen 1","false","false","true","a2G5g000000wryHEAQ","","","",""
"a0sWD00000XpfHHYAZ","005al00000RVcKvAAL","false","Loan Dashboard Summary Screen","false","false","true","a2G5g000000wryIEAQ","","","",""
"a0sWD00000XpfHIYAZ","005al00000RVcKvAAL","false","Loan Products","false","false","true","a2G5g000000wryJEAQ","","","",""
"a0sWD00000XpfHJYAZ","005al00000RVcKvAAL","false","Loan Products","false","false","true","a2G5g000000wryKEAQ","","","",""
"a0sWD00000XpfHKYAZ","005al00000RVcKvAAL","false","Open Activities","false","false","true","a2G5g000000wryLEAQ","","","",""
"a0sWD00000XpfHLYAZ","005al00000RVcKvAAL","false","Other Information","false","false","true","a2G5g000000wryMEAQ","","","",""
"a0sWD00000XpfHMYAZ","005al00000RVcKvAAL","false","Overview","false","false","true","a2G5g000000wryNEAQ","","","",""
"a0sWD00000XpfHNYAZ","005al00000RVcKvAAL","false","Policy Exceptions","false","false","true","a2G5g000000wryOEAQ","","","",""
"a0sWD00000XpfHOYAZ","005al00000RVcKvAAL","false","Product Summary","false","false","true","a2G5g000000wryPEAQ","","","",""
"a0sWD00000XpfHPYAZ","005al00000RVcKvAAL","false","Referral","false","false","true","a2G5g000000wryQEAQ","","","",""
"a0sWD00000XpfHQYAZ","005al00000RVcKvAAL","false","Relationships","false","false","true","a2G5g000000wryREAQ","","","",""
"a0sWD00000XpfHRYAZ","005al00000RVcKvAAL","false","Contacts","false","false","true","a2G5g000000wrySEAQ","","","",""
"a0sWD00000XpfHSYAZ","005al00000RVcKvAAL","false","Participations","false","false","true","a2G5g000000wryUEAQ","","","",""
"a0sWD00000XpfHTYAZ","005al00000RVcKvAAL","false","SBA Form 1919","false","false","true","a2G5g000000wrzNEAQ","","","",""
"a0sWD00000XpfHUYAZ","005al00000RVcKvAAL","false","SBA Form 1920","false","false","true","a2G5g000000wrzOEAQ","","","",""
"a0sWD00000XpfHVYAZ","005al00000RVcKvAAL","false","SBA Form 1920","false","false","true","a2G5g000000wrzPEAQ","","","",""
"a0sWD00000XpfHWYAZ","005al00000RVcKvAAL","false","SBA Form 1920","false","false","true","a2G5g000000wrzQEAQ","","","",""
"a0sWD00000XpfHXYAZ","005al00000RVcKvAAL","false","SBA Form 1920","false","false","true","a2G5g000000wrzREAQ","","","",""
"a0sWD00000XpfHYYAZ","005al00000RVcKvAAL","false","SBA Form 601","false","false","true","a2G5g000000wrzSEAQ","","","",""
"a0sWD00000XpfHZYAZ","005al00000RVcKvAAL","false","Certifications","false","false","true","a2G5g000000wrzTEAQ","","","",""
"a0sWD00000XpfHaYAJ","005al00000RVcKvAAL","false","Participations","false","false","true","a2G5g000000wrzUEAQ","","","",""
"a0sWD00000XpfHbYAJ","005al00000RVcKvAAL","false","HMDA Screen 1","false","false","true","a2G5g000000wrzVEAQ","","","",""
"a0sWD00000XpeseYAB","005al00000RVcKvAAL","false","Standard Review Credit Memo (Product Package)","true","false","true","a2G5i000000sa0v","","","",""
"a0sWD00000XpfHcYAJ","005al00000RVcKvAAL","false","Collateral Summary","false","false","true","a2G5i000000sa1cEAA","","","",""
"a0sWD00000XpfHdYAJ","005al00000RVcKvAAL","false","Collateral Details","false","false","true","a2G5i000000sa1dEAA","","","",""
"a0sWD00000XpfHeYAJ","005al00000RVcKvAAL","false","Adverse Action","false","false","true","a2G5i000000sa37EAA","","","",""
"a0sWD00000XpfHfYAJ","005al00000RVcKvAAL","false","Attorney Information","false","false","true","a2G5i000000sa38EAA","","","",""
"a0sWD00000XpfHgYAJ","005al00000RVcKvAAL","false","Compliance Info","false","false","true","a2G5i000000sa3BEAQ","","","",""
"a0sWD00000XpfHhYAJ","005al00000RVcKvAAL","false","Construction Info","false","false","true","a2G5i000000sa3CEAQ","","","",""
"a0sWD00000XpfHiYAJ","005al00000RVcKvAAL","false","Risk Rating Review","false","false","true","a2G5i000000sa3GEAQ","","","",""
"a0sWD00000XpfHjYAJ","005al00000RVcKvAAL","false","Secondary Market","false","false","true","a2G5i000000sa3HEAQ","","","",""
"a0sWD00000XpfHkYAJ","005al00000RVcKvAAL","false","Structure Information","false","false","true","a2G5i000000sa3IEAQ","","","",""
"a0sWD00000XpfHlYAJ","005al00000RVcKvAAL","false","Attorney Information Approved","false","false","true","a2G5i000000sa3KEAQ","","","",""
"a0sWD00000XpfHmYAJ","005al00000RVcKvAAL","false","Key Dates Approved","false","false","true","a2G5i000000sa3LEAQ","","","",""
"a0sWD00000XpfHnYAJ","005al00000RVcKvAAL","false","Post Closing Review Approved","false","false","true","a2G5i000000sa3NEAQ","","","",""
"a0sWD00000XpfHoYAJ","005al00000RVcKvAAL","false","Secondary Market Approved","false","false","true","a2G5i000000sa3OEAQ","","","",""
"a0sWD00000XpfHpYAJ","005al00000RVcKvAAL","false","Structure Information Approved","false","false","true","a2G5i000000sa3PEAQ","","","",""
"a0sWD00000XpfHqYAJ","005al00000RVcKvAAL","false","Fees","false","false","true","a2G5i000000sa3QEAQ","","","",""
"a0sWD00000XpfHrYAJ","005al00000RVcKvAAL","false","Construction Details","false","false","true","a2G5i000000sa3YEAQ","","","",""
"a0sWD00000XpfHsYAJ","005al00000RVcKvAAL","false","Loan Dashboard","false","false","true","a2G5i000000sa3ZEAQ","","","",""
"a0sWD00000XpfHtYAJ","005al00000RVcKvAAL","false","Authorized Users","false","false","true","a2G5i000000sa3eEAA","","","",""
"a0sWD00000XpfHuYAJ","005al00000RVcKvAAL","false","Order Entry-Remote-Deposit","false","false","true","a2G5i000000sa3fEAA","","","",""
"a0sWD00000XpfHvYAJ","005al00000RVcKvAAL","false","Order Entry-Retail-Lockbox","false","false","true","a2G5i000000sa3gEAA","","","",""
"a0sWD00000XpfHwYAJ","005al00000RVcKvAAL","false","Order Entry-Wire-Transfer","false","false","true","a2G5i000000sa3hEAA","","","",""
"a0sWD00000XpfHxYAJ","005al00000RVcKvAAL","false","Activities","false","false","true","a2G5i000000sa3jEAA","","","",""
"a0sWD00000XpfHyYAJ","005al00000RVcKvAAL","false","Business Contacts","false","false","true","a2G5i000000sa3kEAA","","","",""
"a0sWD00000XpfHzYAJ","005al00000RVcKvAAL","false","Collateral Owned","false","false","true","a2G5i000000sa3lEAA","","","",""
"a0sWD00000XpfI0YAJ","005al00000RVcKvAAL","false","Covenants","false","false","true","a2G5i000000sa3mEAA","","","",""
"a0sWD00000XpfI1YAJ","005al00000RVcKvAAL","false","Deposits","false","false","true","a2G5i000000sa3nEAA","","","",""
"a0sWD00000XpfI2YAJ","005al00000RVcKvAAL","false","Overview","false","false","true","a2G5i000000sa3oEAA","","","",""
"a0sWD00000XpfI3YAJ","005al00000RVcKvAAL","false","Exposure","false","false","true","a2G5i000000sa3pEAA","","","",""
"a0sWD00000XpfI4YAJ","005al00000RVcKvAAL","false","Loans","false","false","true","a2G5i000000sa3qEAA","","","",""
"a0sWD00000XpfI5YAJ","005al00000RVcKvAAL","false","Opportunities","false","false","true","a2G5i000000sa3rEAA","","","",""
"a0sWD00000XpfI6YAJ","005al00000RVcKvAAL","false","Other Information","false","false","true","a2G5i000000sa3sEAA","","","",""
"a0sWD00000XpfI7YAJ","005al00000RVcKvAAL","false","Product Packages","false","false","true","a2G5i000000sa3tEAA","","","",""
"a0sWD00000XpfI8YAJ","005al00000RVcKvAAL","false","Referrals","false","false","true","a2G5i000000sa3uEAA","","","",""
"a0sWD00000XpfI9YAJ","005al00000RVcKvAAL","false","Risk Rating Reviews","false","false","true","a2G5i000000sa3vEAA","","","",""
"a0sWD00000XpfIAYAZ","005al00000RVcKvAAL","false","Service Requests","false","false","true","a2G5i000000sa3wEAA","","","",""
"a0sWD00000XpfIBYAZ","005al00000RVcKvAAL","false","Site Visits","false","false","true","a2G5i000000sa3xEAA","","","",""
"a0sWD00000XpfICYAZ","005al00000RVcKvAAL","false","Treasury","false","false","true","a2G5i000000sa3yEAA","","","",""
"a0sWD00000XpfIDYAZ","005al00000RVcKvAAL","false","SBA Form 912","false","false","true","a2G5i000000sa40EAA","","","",""
"a0sWD00000XpfIEYAZ","005al00000RVcKvAAL","false","Loan Application","false","false","true","a2G5i000000sa41EAA","","","",""
"a0sWD00000XpfIFYAZ","005al00000RVcKvAAL","false","Change of Ownership","false","false","true","a2G5i000000sa42EAA","","","",""
"a0sWD00000XpfIGYAZ","005al00000RVcKvAAL","false","SBA Form 10","false","false","true","a2G5i000000sa43EAA","","","",""
"a0sWD00000XpfIHYAZ","005al00000RVcKvAAL","false","SBA Form 159","false","false","true","a2G5i000000sa44EAA","","","",""
"a0sWD00000XpfIIYAZ","005al00000RVcKvAAL","false","SBA Form 1846","false","false","true","a2G5i000000sa45EAA","","","",""
"a0sWD00000XpfIJYAZ","005al00000RVcKvAAL","false","SBA Form 1919","false","false","true","a2G5i000000sa46EAA","","","",""
"a0sWD00000XpfIKYAZ","005al00000RVcKvAAL","false","Business Type","false","false","true","a2G5i000000sa47EAA","","","",""
"a0sWD00000XpfILYAZ","005al00000RVcKvAAL","false","Previous SBA Loan","false","false","true","a2G5i000000sa48EAA","","","",""
"a0sWD00000XpfIMYAZ","005al00000RVcKvAAL","false","Conflict of Interest","false","false","true","a2G5i000000sa49EAA","","","",""
"a0sWD00000XpfINYAZ","005al00000RVcKvAAL","false","Primary Account","false","false","true","a2G5i000000sa4AEAQ","","","",""
"a0sWD00000XpfIOYAZ","005al00000RVcKvAAL","false","SBA Form 1920","false","false","true","a2G5i000000sa4BEAQ","","","",""
"a0sWD00000XpfIPYAZ","005al00000RVcKvAAL","false","SBA Form 1920","false","false","true","a2G5i000000sa4CEAQ","","","",""
"a0sWD00000XpfIQYAZ","005al00000RVcKvAAL","false","SBA Form 1920","false","false","true","a2G5i000000sa4DEAQ","","","",""
"a0sWD00000XpfIRYAZ","005al00000RVcKvAAL","false","SBA Form 1920","false","false","true","a2G5i000000sa4EEAQ","","","",""
"a0sWD00000XpfISYAZ","005al00000RVcKvAAL","false","SBA Form 1920","false","false","true","a2G5i000000sa4FEAQ","","","",""
"a0sWD00000XpfITYAZ","005al00000RVcKvAAL","false","SBA Form 1920","false","false","true","a2G5i000000sa4GEAQ","","","",""
"a0sWD00000XpfIUYAZ","005al00000RVcKvAAL","false","SBA Form 1920","false","false","true","a2G5i000000sa4HEAQ","","","",""
"a0sWD00000XpfIVYAZ","005al00000RVcKvAAL","false","Primary Account","false","false","true","a2G5i000000sa4IEAQ","","","",""
"a0sWD00000XpfIWYAZ","005al00000RVcKvAAL","false","Account Debt","false","false","true","a2G5i000000sa4JEAQ","","","",""
"a0sWD00000XpfIXYAZ","005al00000RVcKvAAL","false","SBA Form 652","false","false","true","a2G5i000000sa4KEAQ","","","",""
"a0sWD00000XpfIYYAZ","005al00000RVcKvAAL","false","SBA Form G845","false","false","true","a2G5i000000sa4LEAQ","","","",""
"a0sWD00000XpfIZYAZ","005al00000RVcKvAAL","false","Injections","false","false","true","a2G5i000000sa4MEAQ","","","",""
"a0sWD00000XpfIaYAJ","005al00000RVcKvAAL","false","Liens","false","false","true","a2G5i000000sa4NEAQ","","","",""
"a0sWD00000XpfIbYAJ","005al00000RVcKvAAL","false","Loan Information","false","false","true","a2G5i000000sa4OEAQ","","","",""
"a0sWD00000XpfIcYAJ","005al00000RVcKvAAL","false","Pricing","false","false","true","a2G5i000000sa4PEAQ","","","",""
"a0sWD00000XpfIdYAJ","005al00000RVcKvAAL","false","Loan Partner","false","false","true","a2G5i000000sa4QEAQ","","","",""
"a0sWD00000XpfIeYAJ","005al00000RVcKvAAL","false","Use of Proceeds","false","false","true","a2G5i000000sa4REAQ","","","",""
"a0sWD00000XpfIfYAJ","005al00000RVcKvAAL","false","Certifications","false","false","true","a2G5i000000sa6CEAQ","","","",""
"a0sWD00000XpfIgYAJ","005al00000RVcKvAAL","false","HMDA Screen 2","false","false","true","a2G5i000000sa6lEAA","","","",""
"a0sWD00000XpfIhYAJ","005al00000RVcKvAAL","false","CRA Screen","false","false","true","a2G5i000000sa6mEAA","","","",""
"a0sWD00000XpfIiYAJ","005al00000RVcKvAAL","false","Balance Details","false","false","true","a2G5i000000sa6nEAA","","","",""
"a0sWD00000XpfIjYAJ","005al00000RVcKvAAL","false","Loan Information","false","false","true","a2G5i000000sa6oEAA","","","",""
"a0sWD00000XpfIkYAJ","005al00000RVcKvAAL","false","Booked Details","false","false","true","a2G5i000000sa6pEAA","","","",""
"a0sWD00000XpfIlYAJ","005al00000RVcKvAAL","false","Borrowing Structure","false","false","true","a2G5i000000sa6qEAA","","","",""
"a0sWD00000XpfImYAJ","005al00000RVcKvAAL","false","Borrowing Structure Information","false","false","true","a2G5i000000sa6rEAA","","","",""
"a0sWD00000XpfInYAJ","005al00000RVcKvAAL","false","Collateral","false","false","true","a2G5i000000sa6sEAA","","","",""
"a0sWD00000XpfIoYAJ","005al00000RVcKvAAL","false","Collateral","false","false","true","a2G5i000000sa6tEAA","","","",""
"a0sWD00000XpfIpYAJ","005al00000RVcKvAAL","false","Collateral","false","false","true","a2G5i000000sa6uEAA","","","",""
"a0sWD00000XpfIqYAJ","005al00000RVcKvAAL","false","Contacts","false","false","true","a2G5i000000sa6vEAA","","","",""
"a0sWD00000XpfIrYAJ","005al00000RVcKvAAL","false","Deposit Products","false","false","true","a2G5i000000sa6wEAA","","","",""
"a0sWD00000XpfIsYAJ","005al00000RVcKvAAL","false","HMDA Screen 1","false","false","true","a2G5i000000sa6xEAA","","","",""
"a0sWD00000XpfItYAJ","005al00000RVcKvAAL","false","HMDA Screen 1","false","false","true","a2G5i000000sa6yEAA","","","",""
"a0sWD00000XpfIuYAJ","005al00000RVcKvAAL","false","Loan Dashboard Summary Screen","false","false","true","a2G5i000000sa6zEAA","","","",""
"a0sWD00000XpfIvYAJ","005al00000RVcKvAAL","false","Loan Products","false","false","true","a2G5i000000sa70EAA","","","",""
"a0sWD00000XpfIwYAJ","005al00000RVcKvAAL","false","Loan Products","false","false","true","a2G5i000000sa71EAA","","","",""
"a0sWD00000XpfIxYAJ","005al00000RVcKvAAL","false","Open Activities","false","false","true","a2G5i000000sa72EAA","","","",""
"a0sWD00000XpfIyYAJ","005al00000RVcKvAAL","false","Other Information","false","false","true","a2G5i000000sa73EAA","","","",""
"a0sWD00000XpfIzYAJ","005al00000RVcKvAAL","false","Overview","false","false","true","a2G5i000000sa74EAA","","","",""
"a0sWD00000XpfJ0YAJ","005al00000RVcKvAAL","false","Policy Exceptions","false","false","true","a2G5i000000sa75EAA","","","",""
"a0sWD00000XpfJ1YAJ","005al00000RVcKvAAL","false","Product Summary","false","false","true","a2G5i000000sa76EAA","","","",""
"a0sWD00000XpfJ2YAJ","005al00000RVcKvAAL","false","Referral","false","false","true","a2G5i000000sa77EAA","","","",""
"a0sWD00000XpfJ3YAJ","005al00000RVcKvAAL","false","Relationships","false","false","true","a2G5i000000sa78EAA","","","",""
"a0sWD00000XpfJ4YAJ","005al00000RVcKvAAL","false","Contacts","false","false","true","a2G5i000000sa79EAA","","","",""
"a0sWD00000XpfJ5YAJ","005al00000RVcKvAAL","false","Participations","false","false","true","a2G5i000000sa7BEAQ","","","",""
"a0sWD00000XpfJ6YAJ","005al00000RVcKvAAL","false","SBA Form 1919","false","false","true","a2G5i000000sa7KEAQ","","","",""
"a0sWD00000XpfJ7YAJ","005al00000RVcKvAAL","false","SBA Form 1920","false","false","true","a2G5i000000sa7LEAQ","","","",""
"a0sWD00000XpfJ8YAJ","005al00000RVcKvAAL","false","SBA Form 1920","false","false","true","a2G5i000000sa7MEAQ","","","",""
"a0sWD00000XpfJ9YAJ","005al00000RVcKvAAL","false","SBA Form 1920","false","false","true","a2G5i000000sa7NEAQ","","","",""
"a0sWD00000XpfJAYAZ","005al00000RVcKvAAL","false","SBA Form 1920","false","false","true","a2G5i000000sa7OEAQ","","","",""
"a0sWD00000XpfJBYAZ","005al00000RVcKvAAL","false","SBA Form 601","false","false","true","a2G5i000000sa7PEAQ","","","",""
"a0sWD00000XpfJCYAZ","005al00000RVcKvAAL","false","Certifications","false","false","true","a2G5i000000sa7QEAQ","","","",""
"a0sWD00000XpfJDYAZ","005al00000RVcKvAAL","false","Participations","false","false","true","a2G5i000000sa7REAQ","","","",""
"a0sWD00000XpfJEYAZ","005al00000RVcKvAAL","false","HMDA Screen 1","false","false","true","a2G5i000000sa7SEAQ","","","",""
"a0sWD00000XpfJFYAZ","005al00000RVcKvAAL","false","Cerifications","false","false","true","a2G5w000001mAXD","","","",""
"a0sWD00000XpesfYAB","005al00000RVcKvAAL","false","Standard Review Credit Memo (Product Package)","true","false","true","a2G5w000001mBpY","","","",""
"a0sWD00000XpbHCYAZ","005al00000RVcKvAAL","false","Pre-Flight Memo","false","false","true","a2G750000004D9eEAE","","","",""
"a0sWD00000XpbHDYAZ","005al00000RVcKvAAL","false","Pricing Option","false","false","true","a2G750000004DB1EAM","","","",""
"a0sWD00000XpbHEYAZ","005al00000RVcKvAAL","false","Team Members","false","false","true","a2G750000004FJBEA2","","","",""
"a0sWD00000XpbHFYAZ","005al00000RVcKvAAL","false","Injections","false","false","true","a2G750000004FK9EAM","","","",""
"a0sWD00000XpbHGYAZ","005al00000RVcKvAAL","false","TDR","false","false","true","a2G750000004FLREA2","","","",""
"a0sWD00000XpbHHYAZ","005al00000RVcKvAAL","false","TDR","false","false","true","a2G750000004FLgEAM","","","",""
"a0sWD00000XpbHIYAZ","005al00000RVcKvAAL","false","Assign Team","false","false","true","a2G750000004FMyEAM","","","",""
"a0sWD00000XpbHJYAZ","005al00000RVcKvAAL","false","Loan Assign Team Pre","false","false","true","a2G750000004FNmEAM","","","",""
"a0sWD00000XpbHKYAZ","005al00000RVcKvAAL","false","SBA 10-Tab Cover Sheet","false","false","true","a2G750000004FxGEAU","","","",""
"a0sWD00000XpbHLYAZ","005al00000RVcKvAAL","false","SBA 10-Tab Cover Sheet","false","false","true","a2G750000004FxQEAU","","","",""
"a0sWD00000XpbHMYAZ","005al00000RVcKvAAL","false","Loan Application Pre","false","false","true","a2G750000004G1XEAU","","","",""
"a0sWD00000XpbHNYAZ","005al00000RVcKvAAL","false","Unavailable Credit","false","false","true","a2G750000004G1cEAE","","","",""
"a0sWD00000XpbHOYAZ","005al00000RVcKvAAL","false","Unavailable Credit Post","false","false","true","a2G750000004G1hEAE","","","",""
"a0sWD00000XpbHPYAZ","005al00000RVcKvAAL","false","Due Diligence","false","false","true","a2G750000004HkxEAE","","","",""
"a0sWD00000XpbHQYAZ","005al00000RVcKvAAL","false","Product Package Approvals","false","false","true","a2G750000004I6jEAE","","","",""
"a0sWD00000XpbHRYAZ","005al00000RVcKvAAL","false","Ongoing Fees","false","false","true","a2G750000004I94EAE","","","",""
"a0sWD00000XpbHSYAZ","005al00000RVcKvAAL","false","Loan Information","false","false","true","a2G750000004I9OEAU","","","",""
"a0sWD00000XpbHTYAZ","005al00000RVcKvAAL","false","Pricing Required Fields","false","false","true","a2G750000004IB0EAM","","","",""
"a0sWD00000XpbHUYAZ","005al00000RVcKvAAL","false","Pricing Estimates","false","false","true","a2G750000004ICDEA2","","","",""
"a0sWD00000XpbHVYAZ","005al00000RVcKvAAL","false","Supplementary Details","false","false","true","a2G750000004ICIEA2","","","",""
"a0sWD00000XpbHWYAZ","005al00000RVcKvAAL","false","Seller Debt","false","false","true","a2G750000004ICNEA2","","","",""
"a0sWD00000XpbHXYAZ","005al00000RVcKvAAL","false","Industry Specific Information","false","false","true","a2G750000004ICSEA2","","","",""
"a0sWD00000XpbHYYAZ","005al00000RVcKvAAL","false","Construction","false","false","true","a2G750000004ICcEAM","","","",""
"a0sWD00000XpbHZYAZ","005al00000RVcKvAAL","false","Borrowing Structure","false","false","true","a2G750000004ICwEAM","","","",""
"a0sWD00000XpbHaYAJ","005al00000RVcKvAAL","false","Collateral2","false","false","true","a2G750000004IDQEA2","","","",""
"a0sWD00000XpbHbYAJ","005al00000RVcKvAAL","false","Final Collateral Review","false","false","true","a2G750000004IE4EAM","","","",""
"a0sWD00000XpbHcYAJ","005al00000RVcKvAAL","false","Policy Exceptions","false","false","true","a2G750000004IExEAM","","","",""
"a0sWD00000XpbHdYAJ","005al00000RVcKvAAL","false","Pricing Option","false","false","true","a2G750000004IJxEAM","","","",""
"a0sWD00000XpbHeYAJ","005al00000RVcKvAAL","false","Pricing","false","false","true","a2G750000004IK2EAM","","","",""
"a0sWD00000XpbHfYAJ","005al00000RVcKvAAL","false","Rate Structure","false","false","true","a2G750000004IK7EAM","","","",""
"a0sWD00000XpbHgYAJ","005al00000RVcKvAAL","false","Payment Structure","false","false","true","a2G750000004IKCEA2","","","",""
"a0sWD00000XpbHhYAJ","005al00000RVcKvAAL","false","Pricing Model","false","false","true","a2G750000004IKMEA2","","","",""
"a0sWD00000XpbHiYAJ","005al00000RVcKvAAL","false","CLosing Review","false","false","true","a2G750000004IM3EAM","","","",""
"a0sWD00000XpbHjYAJ","005al00000RVcKvAAL","false","Risk Rating Summary","false","false","true","a2G750000004IM8EAM","","","",""
"a0sWD00000XpbHkYAJ","005al00000RVcKvAAL","false","DD","false","false","true","a2G750000004IsJEAU","","","",""
"a0sWD00000XpbHlYAJ","005al00000RVcKvAAL","false","Post Approval Information","false","false","true","a2G750000004IwLEAU","","","",""
"a0sWD00000XpbHmYAJ","005al00000RVcKvAAL","false","Credit Actions New Package Details","false","false","true","a2G750000004JlhEAE","","","",""
"a0sWD00000XpbHnYAJ","005al00000RVcKvAAL","false","Doc Prep Summary Post Approval","false","false","true","a2G750000004K1hEAE","","","",""
"a0sWD00000XpbHoYAJ","005al00000RVcKvAAL","false","Loan Information","false","false","true","a2G750000004KSPEA2","","","",""
"a0sWD00000XpbHpYAJ","005al00000RVcKvAAL","false","Supplementary Details","false","false","true","a2G750000004KTDEA2","","","",""
"a0sWD00000XpbHqYAJ","005al00000RVcKvAAL","false","SAG","false","false","true","a2G750000004KUBEA2","","","",""
"a0sWD00000XpbHrYAJ","005al00000RVcKvAAL","false","Due Diligence","false","false","true","a2G750000004KULEA2","","","",""
"a0sWD00000XpbHsYAJ","005al00000RVcKvAAL","false","Closing Review","false","false","true","a2G750000004KUQEA2","","","",""
"a0sWD00000XpbHtYAJ","005al00000RVcKvAAL","false","Post Approval Info","false","false","true","a2G750000004KUaEAM","","","",""
"a0sWD00000XpbHuYAJ","005al00000RVcKvAAL","false","Doc Prep Summary Post Approval","false","false","true","a2G750000004KV4EAM","","","",""
"a0sWD00000XpbHvYAJ","005al00000RVcKvAAL","false","Change Of Ownership","false","false","true","a2G750000004KVdEAM","","","",""
"a0sWD00000XpbHwYAJ","005al00000RVcKvAAL","false","Third Party","false","false","true","a2G750000004KVnEAM","","","",""
"a0sWD00000XpbHxYAJ","005al00000RVcKvAAL","false","Compliance Certifications","false","false","true","a2G750000004KVsEAM","","","",""
"a0sWD00000XpbHyYAJ","005al00000RVcKvAAL","false","Assign Team","false","false","true","a2G750000004KVxEAM","","","",""
"a0sWD00000XpbHzYAJ","005al00000RVcKvAAL","false","Conditions","false","false","true","a2G750000004KW2EAM","","","",""
"a0sWD00000XpbI0YAJ","005al00000RVcKvAAL","false","Primary Account","false","false","true","a2G750000004KWHEA2","","","",""
"a0sWD00000XpbI1YAJ","005al00000RVcKvAAL","false","SBA Form 159","false","false","true","a2G750000004KWMEA2","","","",""
"a0sWD00000XpbI2YAJ","005al00000RVcKvAAL","false","SBA Form 912","false","false","true","a2G750000004KWREA2","","","",""
"a0sWD00000XpbI3YAJ","005al00000RVcKvAAL","false","SBA Form G845","false","false","true","a2G750000004KWbEAM","","","",""
"a0sWD00000XpbI4YAJ","005al00000RVcKvAAL","false","SBA Form 1846","false","false","true","a2G750000004KWgEAM","","","",""
"a0sWD00000XpbI5YAJ","005al00000RVcKvAAL","false","SBA Form 652","false","false","true","a2G750000004KWhEAM","","","",""
"a0sWD00000XpbI6YAJ","005al00000RVcKvAAL","false","SBA Form 601","false","false","true","a2G750000004KWlEAM","","","",""
"a0sWD00000XpbI7YAJ","005al00000RVcKvAAL","false","SBA Form 1050","false","false","true","a2G750000004KWqEAM","","","",""
"a0sWD00000XpbI8YAJ","005al00000RVcKvAAL","false","SBA 10-Tab Cover Sheet","false","false","true","a2G750000004KWvEAM","","","",""
"a0sWD00000XpbI9YAJ","005al00000RVcKvAAL","false","SBA Form 1919","false","false","true","a2G750000004KX0EAM","","","",""
"a0sWD00000XpbIAYAZ","005al00000RVcKvAAL","false","SBA Form 1920","false","false","true","a2G750000004KX5EAM","","","",""
"a0sWD00000XpbIBYAZ","005al00000RVcKvAAL","false","Loan Application  Pre","false","false","true","a2G750000004KXAEA2","","","",""
"a0sWD00000XpbICYAZ","005al00000RVcKvAAL","false","Unavailable Credit","false","false","true","a2G750000004KXFEA2","","","",""
"a0sWD00000XpbIDYAZ","005al00000RVcKvAAL","false","Reg O","false","false","true","a2G750000004KXKEA2","","","",""
"a0sWD00000XpbIEYAZ","005al00000RVcKvAAL","false","HVCRE","false","false","true","a2G750000004KXPEA2","","","",""
"a0sWD00000XpbIFYAZ","005al00000RVcKvAAL","false","CRA","false","false","true","a2G750000004KXUEA2","","","",""
"a0sWD00000XpbIGYAZ","005al00000RVcKvAAL","false","TDR","false","false","true","a2G750000004KXZEA2","","","",""
"a0sWD00000XpbIHYAZ","005al00000RVcKvAAL","false","CRA","false","false","true","a2G750000004KXeEAM","","","",""
"a0sWD00000XpbIIYAZ","005al00000RVcKvAAL","false","Letter of Credit","false","false","true","a2G750000004MTCEA2","","","",""
"a0sWD00000XpbIJYAZ","005al00000RVcKvAAL","false","Letter of Credit","false","false","true","a2G750000004MTHEA2","","","",""
"a0sWD00000XpbIKYAZ","005al00000RVcKvAAL","false","Modification Reason","false","false","true","a2G750000004SF3EAM","","","",""
"a0sWD00000XpbILYAZ","005al00000RVcKvAAL","false","Modification Reason","false","false","true","a2G750000004SGjEAM","","","",""
"a0sWD00000XpbIMYAZ","005al00000RVcKvAAL","false","Modification Reason","false","false","true","a2G750000004SH8EAM","","","",""
"a0sWD00000XpbINYAZ","005al00000RVcKvAAL","false","Eligibility","false","false","true","a2G750000004Su6EAE","","","",""
"a0sWD00000XpbIOYAZ","005al00000RVcKvAAL","false","Business Type","false","false","true","a2G750000004SuGEAU","","","",""
"a0sWD00000XpbIPYAZ","005al00000RVcKvAAL","false","Refinancing Information","false","false","true","a2G750000004SuLEAU","","","",""
"a0sWD00000XpbIQYAZ","005al00000RVcKvAAL","false","Business Acquisition","false","false","true","a2G750000004SuVEAU","","","",""
"a0sWD00000XpbIRYAZ","005al00000RVcKvAAL","false","EPCOC","false","false","true","a2G750000004SuaEAE","","","",""
"a0sWD00000XpbISYAZ","005al00000RVcKvAAL","false","Special Programs","false","false","true","a2G750000004SufEAE","","","",""
"a0sWD00000XpbITYAZ","005al00000RVcKvAAL","false","Account Info","false","false","true","a2G750000004SukEAE","","","",""
"a0sWD00000XpbIUYAZ","005al00000RVcKvAAL","false","Project Info","false","false","true","a2G750000004SupEAE","","","",""
"a0sWD00000XpbIVYAZ","005al00000RVcKvAAL","false","EWCP","false","false","true","a2G750000004SuuEAE","","","",""
"a0sWD00000XpbIWYAZ","005al00000RVcKvAAL","false","Eligibility","false","false","true","a2G750000004Sw7EAE","","","",""
"a0sWD00000XpbIXYAZ","005al00000RVcKvAAL","false","Business Type","false","false","true","a2G750000004SwCEAU","","","",""
"a0sWD00000XpbIYYAZ","005al00000RVcKvAAL","false","Refinancing Information","false","false","true","a2G750000004SwHEAU","","","",""
"a0sWD00000XpbIZYAZ","005al00000RVcKvAAL","false","Business Acquisition","false","false","true","a2G750000004SxjEAE","","","",""
"a0sWD00000XpbIaYAJ","005al00000RVcKvAAL","false","EPCOC","false","false","true","a2G750000004SyDEAU","","","",""
"a0sWD00000XpbIbYAJ","005al00000RVcKvAAL","false","Account Info","false","false","true","a2G750000004SyNEAU","","","",""
"a0sWD00000XpbIcYAJ","005al00000RVcKvAAL","false","EWCP","false","false","true","a2G750000004SySEAU","","","",""
"a0sWD00000XpbIdYAJ","005al00000RVcKvAAL","false","Special Programs","false","false","true","a2G750000004SyTEAU","","","",""
"a0sWD00000XpbIeYAJ","005al00000RVcKvAAL","false","Project Info","false","false","true","a2G750000004SyXEAU","","","",""
"a0sWD00000XpbIfYAJ","005al00000RVcKvAAL","false","Fiserv Onboarding","false","false","true","a2G750000004TKsEAM","","","",""
"a0sWD00000XpbIgYAJ","005al00000RVcKvAAL","false","Fiserv Onboarding(ReadOnly)","false","false","true","a2G750000004TL2EAM","","","",""
"a0sWD00000XpbIhYAJ","005al00000RVcKvAAL","false","Loan Ops","false","false","true","a2G750000004TMZEA2","","","",""
"a0sWD00000XpbIiYAJ","005al00000RVcKvAAL","false","Acceptance","false","false","true","a2G750000004TRjEAM","","","",""
"a0sWD00000XpbIjYAJ","005al00000RVcKvAAL","false","Acceptance","false","false","true","a2G750000004TRtEAM","","","",""
"a0sWD00000XpbIkYAJ","005al00000RVcKvAAL","false","Final Review","false","false","true","a2G750000004TYOEA2","","","",""
"a0sWD00000XpbIlYAJ","005al00000RVcKvAAL","false","Loan Ops","false","false","true","a2G750000004TpjEAE","","","",""
"a0sWD00000XpbImYAJ","005al00000RVcKvAAL","false","Servicing","false","false","true","a2G750000004YWvEAM","","","",""
"a0sWD00000XpbInYAJ","005al00000RVcKvAAL","false","Servicing","false","false","true","a2G750000004YXFEA2","","","",""
"a0sWD00000XpbIoYAJ","005al00000RVcKvAAL","false","Referrals","false","false","true","a2G750000004ZC6EAM","","","",""
"a0sWD00000XpbIpYAJ","005al00000RVcKvAAL","false","Supplementary Details","false","false","true","a2G750000004ZCBEA2","","","",""
"a0sWD00000XpbIqYAJ","005al00000RVcKvAAL","false","Seller Debt","false","false","true","a2G750000004ZCGEA2","","","",""
"a0sWD00000XpbIrYAJ","005al00000RVcKvAAL","false","SAG","false","false","true","a2G750000004ZCLEA2","","","",""
"a0sWD00000XpbIsYAJ","005al00000RVcKvAAL","false","Modification Reason","false","false","true","a2G750000004ZCMEA2","","","",""
"a0sWD00000XpbItYAJ","005al00000RVcKvAAL","false","Final Review","false","false","true","a2G750000004ZCQEA2","","","",""
"a0sWD00000XpbIuYAJ","005al00000RVcKvAAL","false","Acceptance","false","false","true","a2G750000004ZCVEA2","","","",""
"a0sWD00000XpbIvYAJ","005al00000RVcKvAAL","false","Due Diligence","false","false","true","a2G750000004ZCaEAM","","","",""
"a0sWD00000XpbIwYAJ","005al00000RVcKvAAL","false","Doc Prep Summary Post Approval","false","false","true","a2G750000004ZCfEAM","","","",""
"a0sWD00000XpbIxYAJ","005al00000RVcKvAAL","false","Closing Review","false","false","true","a2G750000004ZCkEAM","","","",""
"a0sWD00000XpbIyYAJ","005al00000RVcKvAAL","false","Post Approval Information","false","false","true","a2G750000004ZCqEAM","","","",""
"a0sWD00000XpbIzYAJ","005al00000RVcKvAAL","false","Letter Of Credit","false","false","true","a2G750000004ZCuEAM","","","",""
"a0sWD00000XpbJ0YAJ","005al00000RVcKvAAL","false","Pricing","false","false","true","a2G750000004ZCzEAM","","","",""
"a0sWD00000XpbJ1YAJ","005al00000RVcKvAAL","false","Pricing Options","false","false","true","a2G750000004ZD4EAM","","","",""
"a0sWD00000XpbJ2YAJ","005al00000RVcKvAAL","false","Pricing Estimates","false","false","true","a2G750000004ZD9EAM","","","",""
"a0sWD00000XpbJ3YAJ","005al00000RVcKvAAL","false","Collateral2","false","false","true","a2G750000004ZDEEA2","","","",""
"a0sWD00000XpbJ4YAJ","005al00000RVcKvAAL","false","Risk Rating","false","false","true","a2G750000004ZDiEAM","","","",""
"a0sWD00000XpbJ5YAJ","005al00000RVcKvAAL","false","Risk Rating Summary","false","false","true","a2G750000004ZDnEAM","","","",""
"a0sWD00000XpbJ6YAJ","005al00000RVcKvAAL","false","Participation","false","false","true","a2G750000004ZDxEAM","","","",""
"a0sWD00000XpbJ7YAJ","005al00000RVcKvAAL","false","Participations","false","false","true","a2G750000004ZE2EAM","","","",""
"a0sWD00000XpbJ8YAJ","005al00000RVcKvAAL","false","Loan Ops Editable","false","false","true","a2G750000004bt5EAA","","","",""
"a0sWD00000XpbJ9YAJ","005al00000RVcKvAAL","false","Loan Information","false","false","true","a2G750000004btKEAQ","","","",""
"a0sWD00000XpbJAYAZ","005al00000RVcKvAAL","false","Construction","false","false","true","a2G750000004bxrEAA","","","",""
"a0sWD00000XpbJBYAZ","005al00000RVcKvAAL","false","Collateral Summary","false","false","true","a2G750000004h5xEAA","","","",""
"a0sWD00000XpbJCYAZ","005al00000RVcKvAAL","false","Collateral Summary","false","false","true","a2G750000004h62EAA","","","",""
"a0sWD00000XpbJDYAZ","005al00000RVcKvAAL","false","Secondary Market","false","false","true","a2G750000004jvrEAA","","","",""
"a0sWD00000XpbJEYAZ","005al00000RVcKvAAL","false","Secondary Market","false","false","true","a2G750000004jw1EAA","","","",""
"a0sWD00000XpbJFYAZ","005al00000RVcKvAAL","false","Use of Proceeds Summary","false","false","true","a2G750000004jw6EAA","","","",""
"a0sWD00000XpbJGYAZ","005al00000RVcKvAAL","false","Injections","false","false","true","a2G750000004jwBEAQ","","","",""
"a0sWD00000XpbJHYAZ","005al00000RVcKvAAL","false","Use of Proceeds Summary","false","false","true","a2G750000004jwGEAQ","","","",""
"a0sWD00000XpbJIYAZ","005al00000RVcKvAAL","false","Injections","false","false","true","a2G750000004jwLEAQ","","","",""
"a0sWD00000XpbJJYAZ","005al00000RVcKvAAL","false","Loan Modification/Renewal Details","false","false","true","a2G750000004qV7EAI","","","",""
"a0sWD00000XpbJKYAZ","005al00000RVcKvAAL","false","Due Diligence Editable","false","false","true","a2G750000004wvUEAQ","","","",""
"a0sWD00000XpbJLYAZ","005al00000RVcKvAAL","false","Loan Information","false","false","true","a2G750000005788EAA","","","",""
"a0sWD00000XpbJMYAZ","005al00000RVcKvAAL","false","Referrals","false","false","true","a2G75000000578IEAQ","","","",""
"a0sWD00000XpbJNYAZ","005al00000RVcKvAAL","false","Supplementary Details","false","false","true","a2G75000000579BEAQ","","","",""
"a0sWD00000XpbJOYAZ","005al00000RVcKvAAL","false","Seller Dept","false","false","true","a2G75000000579GEAQ","","","",""
"a0sWD00000XpbJPYAZ","005al00000RVcKvAAL","false","Final Review","false","false","true","a2G7500000058UPEAY","","","",""
"a0sWD00000XpbJQYAZ","005al00000RVcKvAAL","false","Pricing Options","false","false","true","a2G7500000058hYEAQ","","","",""
"a0sWD00000XpbJRYAZ","005al00000RVcKvAAL","false","Pricing Estimates","false","false","true","a2G7500000058iCEAQ","","","",""
"a0sWD00000XpbJSYAZ","005al00000RVcKvAAL","false","SBA Form 1919","false","false","true","a2G7500000058ibEAA","","","",""
"a0sWD00000XpbJTYAZ","005al00000RVcKvAAL","false","Risk Rating","false","false","true","a2G7500000058iqEAA","","","",""
"a0sWD00000XpbJUYAZ","005al00000RVcKvAAL","false","Compliance Certification","false","false","true","a2G7500000058nMEAQ","","","",""
"a0sWD00000XpbJVYAZ","005al00000RVcKvAAL","false","Pricing","false","false","true","a2G7500000058nREAQ","","","",""
"a0sWD00000XpbJWYAZ","005al00000RVcKvAAL","false","SBA Form 1920","false","false","true","a2G7500000058nWEAQ","","","",""
"a0sWD00000XpbJXYAZ","005al00000RVcKvAAL","false","Eligibility","false","false","true","a2G7500000058nbEAA","","","",""
"a0sWD00000XpbJYYAZ","005al00000RVcKvAAL","false","Business Type","false","false","true","a2G7500000058ngEAA","","","",""
"a0sWD00000XpbJZYAZ","005al00000RVcKvAAL","false","Refinancing Information","false","false","true","a2G7500000058nlEAA","","","",""
"a0sWD00000XpbJaYAJ","005al00000RVcKvAAL","false","Business Acquisition","false","false","true","a2G7500000058nqEAA","","","",""
"a0sWD00000XpbJbYAJ","005al00000RVcKvAAL","false","EPCOC","false","false","true","a2G7500000058nvEAA","","","",""
"a0sWD00000XpbJcYAJ","005al00000RVcKvAAL","false","Special Programs","false","false","true","a2G7500000058o0EAA","","","",""
"a0sWD00000XpbJdYAJ","005al00000RVcKvAAL","false","Account Info","false","false","true","a2G7500000058o5EAA","","","",""
"a0sWD00000XpbJeYAJ","005al00000RVcKvAAL","false","Project Information","false","false","true","a2G7500000058oAEAQ","","","",""
"a0sWD00000XpbJfYAJ","005al00000RVcKvAAL","false","EWCP","false","false","true","a2G7500000058oFEAQ","","","",""
"a0sWD00000XpbJgYAJ","005al00000RVcKvAAL","false","Assign Team","false","false","true","a2G7500000058oKEAQ","","","",""
"a0sWD00000XpbJhYAJ","005al00000RVcKvAAL","false","Loan Team Member Information","false","false","true","a2G7500000058oPEAQ","","","",""
"a0sWD00000XpbJiYAJ","005al00000RVcKvAAL","false","Change of Ownership","false","false","true","a2G7500000058oUEAQ","","","",""
"a0sWD00000XpbJjYAJ","005al00000RVcKvAAL","false","Use of Proceeds","false","false","true","a2G7500000058oZEAQ","","","",""
"a0sWD00000XpbJkYAJ","005al00000RVcKvAAL","false","Use of Proceeds Summary","false","false","true","a2G7500000058oeEAA","","","",""
"a0sWD00000XpbJlYAJ","005al00000RVcKvAAL","false","Injections","false","false","true","a2G7500000058ojEAA","","","",""
"a0sWD00000XpbJmYAJ","005al00000RVcKvAAL","false","Manage Fees","false","false","true","a2G7500000058oyEAA","","","",""
"a0sWD00000XpbJnYAJ","005al00000RVcKvAAL","false","Ongoing Fees","false","false","true","a2G7500000058p3EAA","","","",""
"a0sWD00000XpbJoYAJ","005al00000RVcKvAAL","false","Third Party Management","false","false","true","a2G7500000058p8EAA","","","",""
"a0sWD00000XpbJpYAJ","005al00000RVcKvAAL","false","Conditions","false","false","true","a2G7500000058pDEAQ","","","",""
"a0sWD00000XpbJqYAJ","005al00000RVcKvAAL","false","Loan Application","false","false","true","a2G7500000058pIEAQ","","","",""
"a0sWD00000XpbJrYAJ","005al00000RVcKvAAL","false","Unavailable Credit post","false","false","true","a2G7500000058pNEAQ","","","",""
"a0sWD00000XpbJsYAJ","005al00000RVcKvAAL","false","Acceptance","false","false","true","a2G7500000058pXEAQ","","","",""
"a0sWD00000XpbJtYAJ","005al00000RVcKvAAL","false","Primary Account","false","false","true","a2G7500000058phEAA","","","",""
"a0sWD00000XpbJuYAJ","005al00000RVcKvAAL","false","SBA Form 159","false","false","true","a2G7500000058pmEAA","","","",""
"a0sWD00000XpbJvYAJ","005al00000RVcKvAAL","false","SBA Form 912","false","false","true","a2G7500000058prEAA","","","",""
"a0sWD00000XpbJwYAJ","005al00000RVcKvAAL","false","SBA Form G845","false","false","true","a2G7500000058q1EAA","","","",""
"a0sWD00000XpbJxYAJ","005al00000RVcKvAAL","false","SBA Form 1846","false","false","true","a2G7500000058q6EAA","","","",""
"a0sWD00000XpbJyYAJ","005al00000RVcKvAAL","false","SBA Form 652","false","false","true","a2G7500000058qBEAQ","","","",""
"a0sWD00000XpbJzYAJ","005al00000RVcKvAAL","false","SBA Form 601","false","false","true","a2G7500000058qGEAQ","","","",""
"a0sWD00000XpbK0YAJ","005al00000RVcKvAAL","false","SBA Form 1050","false","false","true","a2G7500000058qLEAQ","","","",""
"a0sWD00000XpbK1YAJ","005al00000RVcKvAAL","false","SBA 10-Tab Cover Sheet","false","false","true","a2G7500000058qQEAQ","","","",""
"a0sWD00000XpbK2YAJ","005al00000RVcKvAAL","false","Doc Prep Summary","false","false","true","a2G7500000058qpEAA","","","",""
"a0sWD00000XpbK3YAJ","005al00000RVcKvAAL","false","Closing Review","false","false","true","a2G7500000058quEAA","","","",""
"a0sWD00000XpbK4YAJ","005al00000RVcKvAAL","false","Letter of Credit","false","false","true","a2G7500000058qzEAA","","","",""
"a0sWD00000XpbK5YAJ","005al00000RVcKvAAL","false","Post Approval Info","false","false","true","a2G7500000058r9EAA","","","",""
"a0sWD00000XpesgYAB","005al00000RVcKvAAL","false","Standard Review Credit Memo (Product Package)","true","false","true","a2G8c000002Qm27","","","",""
"a0sWD00000XpfJGYAZ","005al00000RVcKvAAL","false","Collateral Summary","false","false","true","a2G8c000002Qm2oEAC","","","",""
"a0sWD00000XpfJHYAZ","005al00000RVcKvAAL","false","Collateral Details","false","false","true","a2G8c000002Qm2pEAC","","","",""
"a0sWD00000XpfJIYAZ","005al00000RVcKvAAL","false","Adverse Action","false","false","true","a2G8c000002Qm4JEAS","","","",""
"a0sWD00000XpfJJYAZ","005al00000RVcKvAAL","false","Attorney Information","false","false","true","a2G8c000002Qm4KEAS","","","",""
"a0sWD00000XpfJKYAZ","005al00000RVcKvAAL","false","Compliance Info","false","false","true","a2G8c000002Qm4NEAS","","","",""
"a0sWD00000XpfJLYAZ","005al00000RVcKvAAL","false","Construction Info","false","false","true","a2G8c000002Qm4OEAS","","","",""
"a0sWD00000XpfJMYAZ","005al00000RVcKvAAL","false","Risk Rating Review","false","false","true","a2G8c000002Qm4SEAS","","","",""
"a0sWD00000XpfJNYAZ","005al00000RVcKvAAL","false","Secondary Market","false","false","true","a2G8c000002Qm4TEAS","","","",""
"a0sWD00000XpfJOYAZ","005al00000RVcKvAAL","false","Structure Information","false","false","true","a2G8c000002Qm4UEAS","","","",""
"a0sWD00000XpfJPYAZ","005al00000RVcKvAAL","false","Attorney Information Approved","false","false","true","a2G8c000002Qm4WEAS","","","",""
"a0sWD00000XpfJQYAZ","005al00000RVcKvAAL","false","Key Dates Approved","false","false","true","a2G8c000002Qm4XEAS","","","",""
"a0sWD00000XpfJRYAZ","005al00000RVcKvAAL","false","Post Closing Review Approved","false","false","true","a2G8c000002Qm4ZEAS","","","",""
"a0sWD00000XpfJSYAZ","005al00000RVcKvAAL","false","Secondary Market Approved","false","false","true","a2G8c000002Qm4aEAC","","","",""
"a0sWD00000XpfJTYAZ","005al00000RVcKvAAL","false","Structure Information Approved","false","false","true","a2G8c000002Qm4bEAC","","","",""
"a0sWD00000XpfJUYAZ","005al00000RVcKvAAL","false","Fees","false","false","true","a2G8c000002Qm4cEAC","","","",""
"a0sWD00000XpfJVYAZ","005al00000RVcKvAAL","false","Construction Details","false","false","true","a2G8c000002Qm4kEAC","","","",""
"a0sWD00000XpfJWYAZ","005al00000RVcKvAAL","false","Loan Dashboard","false","false","true","a2G8c000002Qm4lEAC","","","",""
"a0sWD00000XpfJXYAZ","005al00000RVcKvAAL","false","Authorized Users","false","false","true","a2G8c000002Qm4qEAC","","","",""
"a0sWD00000XpfJYYAZ","005al00000RVcKvAAL","false","Order Entry-Remote-Deposit","false","false","true","a2G8c000002Qm4rEAC","","","",""
"a0sWD00000XpfJZYAZ","005al00000RVcKvAAL","false","Order Entry-Retail-Lockbox","false","false","true","a2G8c000002Qm4sEAC","","","",""
"a0sWD00000XpfJaYAJ","005al00000RVcKvAAL","false","Order Entry-Wire-Transfer","false","false","true","a2G8c000002Qm4tEAC","","","",""
"a0sWD00000XpfJbYAJ","005al00000RVcKvAAL","false","Activities","false","false","true","a2G8c000002Qm4vEAC","","","",""
"a0sWD00000XpfJcYAJ","005al00000RVcKvAAL","false","Business Contacts","false","false","true","a2G8c000002Qm4wEAC","","","",""
"a0sWD00000XpfJdYAJ","005al00000RVcKvAAL","false","Collateral Owned","false","false","true","a2G8c000002Qm4xEAC","","","",""
"a0sWD00000XpfJeYAJ","005al00000RVcKvAAL","false","Covenants","false","false","true","a2G8c000002Qm4yEAC","","","",""
"a0sWD00000XpfJfYAJ","005al00000RVcKvAAL","false","Deposits","false","false","true","a2G8c000002Qm4zEAC","","","",""
"a0sWD00000XpfJgYAJ","005al00000RVcKvAAL","false","Overview","false","false","true","a2G8c000002Qm50EAC","","","",""
"a0sWD00000XpfJhYAJ","005al00000RVcKvAAL","false","Exposure","false","false","true","a2G8c000002Qm51EAC","","","",""
"a0sWD00000XpfJiYAJ","005al00000RVcKvAAL","false","Loans","false","false","true","a2G8c000002Qm52EAC","","","",""
"a0sWD00000XpfJjYAJ","005al00000RVcKvAAL","false","Opportunities","false","false","true","a2G8c000002Qm53EAC","","","",""
"a0sWD00000XpfJkYAJ","005al00000RVcKvAAL","false","Other Information","false","false","true","a2G8c000002Qm54EAC","","","",""
"a0sWD00000XpfJlYAJ","005al00000RVcKvAAL","false","Product Packages","false","false","true","a2G8c000002Qm55EAC","","","",""
"a0sWD00000XpfJmYAJ","005al00000RVcKvAAL","false","Referrals","false","false","true","a2G8c000002Qm56EAC","","","",""
"a0sWD00000XpfJnYAJ","005al00000RVcKvAAL","false","Risk Rating Reviews","false","false","true","a2G8c000002Qm57EAC","","","",""
"a0sWD00000XpfJoYAJ","005al00000RVcKvAAL","false","Service Requests","false","false","true","a2G8c000002Qm58EAC","","","",""
"a0sWD00000XpfJpYAJ","005al00000RVcKvAAL","false","Site Visits","false","false","true","a2G8c000002Qm59EAC","","","",""
"a0sWD00000XpfJqYAJ","005al00000RVcKvAAL","false","Treasury","false","false","true","a2G8c000002Qm5AEAS","","","",""
"a0sWD00000XpfJrYAJ","005al00000RVcKvAAL","false","SBA Form 912","false","false","true","a2G8c000002Qm5CEAS","","","",""
"a0sWD00000XpfJsYAJ","005al00000RVcKvAAL","false","Loan Application","false","false","true","a2G8c000002Qm5DEAS","","","",""
"a0sWD00000XpfJtYAJ","005al00000RVcKvAAL","false","Change of Ownership","false","false","true","a2G8c000002Qm5EEAS","","","",""
"a0sWD00000XpfJuYAJ","005al00000RVcKvAAL","false","SBA Form 10","false","false","true","a2G8c000002Qm5FEAS","","","",""
"a0sWD00000XpfJvYAJ","005al00000RVcKvAAL","false","SBA Form 159","false","false","true","a2G8c000002Qm5GEAS","","","",""
"a0sWD00000XpfJwYAJ","005al00000RVcKvAAL","false","SBA Form 1846","false","false","true","a2G8c000002Qm5HEAS","","","",""
"a0sWD00000XpfJxYAJ","005al00000RVcKvAAL","false","SBA Form 1919","false","false","true","a2G8c000002Qm5IEAS","","","",""
"a0sWD00000XpfJyYAJ","005al00000RVcKvAAL","false","Business Type","false","false","true","a2G8c000002Qm5JEAS","","","",""
"a0sWD00000XpfJzYAJ","005al00000RVcKvAAL","false","Previous SBA Loan","false","false","true","a2G8c000002Qm5KEAS","","","",""
"a0sWD00000XpfK0YAJ","005al00000RVcKvAAL","false","Conflict of Interest","false","false","true","a2G8c000002Qm5LEAS","","","",""
"a0sWD00000XpfK1YAJ","005al00000RVcKvAAL","false","Primary Account","false","false","true","a2G8c000002Qm5MEAS","","","",""
"a0sWD00000XpfK2YAJ","005al00000RVcKvAAL","false","SBA Form 1920","false","false","true","a2G8c000002Qm5NEAS","","","",""
"a0sWD00000XpfK3YAJ","005al00000RVcKvAAL","false","SBA Form 1920","false","false","true","a2G8c000002Qm5OEAS","","","",""
"a0sWD00000XpfK4YAJ","005al00000RVcKvAAL","false","SBA Form 1920","false","false","true","a2G8c000002Qm5PEAS","","","",""
"a0sWD00000XpfK5YAJ","005al00000RVcKvAAL","false","SBA Form 1920","false","false","true","a2G8c000002Qm5QEAS","","","",""
"a0sWD00000XpfK6YAJ","005al00000RVcKvAAL","false","SBA Form 1920","false","false","true","a2G8c000002Qm5REAS","","","",""
"a0sWD00000XpfK7YAJ","005al00000RVcKvAAL","false","SBA Form 1920","false","false","true","a2G8c000002Qm5SEAS","","","",""
"a0sWD00000XpfK8YAJ","005al00000RVcKvAAL","false","SBA Form 1920","false","false","true","a2G8c000002Qm5TEAS","","","",""
"a0sWD00000XpfK9YAJ","005al00000RVcKvAAL","false","Primary Account","false","false","true","a2G8c000002Qm5UEAS","","","",""
"a0sWD00000XpfKAYAZ","005al00000RVcKvAAL","false","Account Debt","false","false","true","a2G8c000002Qm5VEAS","","","",""
"a0sWD00000XpfKBYAZ","005al00000RVcKvAAL","false","SBA Form 652","false","false","true","a2G8c000002Qm5WEAS","","","",""
"a0sWD00000XpfKCYAZ","005al00000RVcKvAAL","false","SBA Form G845","false","false","true","a2G8c000002Qm5XEAS","","","",""
"a0sWD00000XpfKDYAZ","005al00000RVcKvAAL","false","Injections","false","false","true","a2G8c000002Qm5YEAS","","","",""
"a0sWD00000XpfKEYAZ","005al00000RVcKvAAL","false","Liens","false","false","true","a2G8c000002Qm5ZEAS","","","",""
"a0sWD00000XpfKFYAZ","005al00000RVcKvAAL","false","Loan Information","false","false","true","a2G8c000002Qm5aEAC","","","",""
"a0sWD00000XpfKGYAZ","005al00000RVcKvAAL","false","Pricing","false","false","true","a2G8c000002Qm5bEAC","","","",""
"a0sWD00000XpfKHYAZ","005al00000RVcKvAAL","false","Loan Partner","false","false","true","a2G8c000002Qm5cEAC","","","",""
"a0sWD00000XpfKIYAZ","005al00000RVcKvAAL","false","Use of Proceeds","false","false","true","a2G8c000002Qm5dEAC","","","",""
"a0sWD00000XpfKJYAZ","005al00000RVcKvAAL","false","Certifications","false","false","true","a2G8c000002Qm7PEAS","","","",""
"a0sWD00000XpfTBYAZ","005al00000RVcKvAAL","false","Appraisal Fee Screen","false","false","true","a2G8c000002Qm7YEAS","","","",""
"a0sWD00000XpfKKYAZ","005al00000RVcKvAAL","false","HMDA Screen 2","false","false","true","a2G8c000002Qm7yEAC","","","",""
"a0sWD00000XpfKLYAZ","005al00000RVcKvAAL","false","CRA Screen","false","false","true","a2G8c000002Qm7zEAC","","","",""
"a0sWD00000XpfKMYAZ","005al00000RVcKvAAL","false","Balance Details","false","false","true","a2G8c000002Qm80EAC","","","",""
"a0sWD00000XpfKNYAZ","005al00000RVcKvAAL","false","Loan Information","false","false","true","a2G8c000002Qm81EAC","","","",""
"a0sWD00000XpfKOYAZ","005al00000RVcKvAAL","false","Booked Details","false","false","true","a2G8c000002Qm82EAC","","","",""
"a0sWD00000XpfKPYAZ","005al00000RVcKvAAL","false","Borrowing Structure","false","false","true","a2G8c000002Qm83EAC","","","",""
"a0sWD00000XpfKQYAZ","005al00000RVcKvAAL","false","Borrowing Structure Information","false","false","true","a2G8c000002Qm84EAC","","","",""
"a0sWD00000XpfKRYAZ","005al00000RVcKvAAL","false","Collateral","false","false","true","a2G8c000002Qm85EAC","","","",""
"a0sWD00000XpfKSYAZ","005al00000RVcKvAAL","false","Collateral","false","false","true","a2G8c000002Qm86EAC","","","",""
"a0sWD00000XpfKTYAZ","005al00000RVcKvAAL","false","Collateral","false","false","true","a2G8c000002Qm87EAC","","","",""
"a0sWD00000XpfKUYAZ","005al00000RVcKvAAL","false","Contacts","false","false","true","a2G8c000002Qm88EAC","","","",""
"a0sWD00000XpfKVYAZ","005al00000RVcKvAAL","false","Deposit Products","false","false","true","a2G8c000002Qm89EAC","","","",""
"a0sWD00000XpfKWYAZ","005al00000RVcKvAAL","false","HMDA Screen 1","false","false","true","a2G8c000002Qm8AEAS","","","",""
"a0sWD00000XpfKXYAZ","005al00000RVcKvAAL","false","HMDA Screen 1","false","false","true","a2G8c000002Qm8BEAS","","","",""
"a0sWD00000XpfKYYAZ","005al00000RVcKvAAL","false","Loan Dashboard Summary Screen","false","false","true","a2G8c000002Qm8CEAS","","","",""
"a0sWD00000XpfKZYAZ","005al00000RVcKvAAL","false","Loan Products","false","false","true","a2G8c000002Qm8DEAS","","","",""
"a0sWD00000XpfKaYAJ","005al00000RVcKvAAL","false","Loan Products","false","false","true","a2G8c000002Qm8EEAS","","","",""
"a0sWD00000XpfKbYAJ","005al00000RVcKvAAL","false","Open Activities","false","false","true","a2G8c000002Qm8FEAS","","","",""
"a0sWD00000XpfKcYAJ","005al00000RVcKvAAL","false","Other Information","false","false","true","a2G8c000002Qm8GEAS","","","",""
"a0sWD00000XpfKdYAJ","005al00000RVcKvAAL","false","Overview","false","false","true","a2G8c000002Qm8HEAS","","","",""
"a0sWD00000XpfKeYAJ","005al00000RVcKvAAL","false","Policy Exceptions","false","false","true","a2G8c000002Qm8IEAS","","","",""
"a0sWD00000XpfKfYAJ","005al00000RVcKvAAL","false","Product Summary","false","false","true","a2G8c000002Qm8JEAS","","","",""
"a0sWD00000XpfKgYAJ","005al00000RVcKvAAL","false","Referral","false","false","true","a2G8c000002Qm8KEAS","","","",""
"a0sWD00000XpfKhYAJ","005al00000RVcKvAAL","false","Relationships","false","false","true","a2G8c000002Qm8LEAS","","","",""
"a0sWD00000XpfKiYAJ","005al00000RVcKvAAL","false","Contacts","false","false","true","a2G8c000002Qm8MEAS","","","",""
"a0sWD00000XpfKjYAJ","005al00000RVcKvAAL","false","Participations","false","false","true","a2G8c000002Qm8NEAS","","","",""
"a0sWD00000XpfKkYAJ","005al00000RVcKvAAL","false","Certifications","false","false","true","a2G8c000002Qm8WEAS","","","",""
"a0sWD00000XpfKlYAJ","005al00000RVcKvAAL","false","Participations","false","false","true","a2G8c000002Qm8XEAS","","","",""
"a0sWD00000XpfKmYAJ","005al00000RVcKvAAL","false","HMDA Screen 1","false","false","true","a2G8c000002Qm8YEAS","","","",""
"a0sWD00000XpfKnYAJ","005al00000RVcKvAAL","false","SBA Form 1919","false","false","true","a2G8c000002Qm8ZEAS","","","",""
"a0sWD00000XpfKoYAJ","005al00000RVcKvAAL","false","SBA Form 1920","false","false","true","a2G8c000002Qm8aEAC","","","",""
"a0sWD00000XpfKpYAJ","005al00000RVcKvAAL","false","SBA Form 1920","false","false","true","a2G8c000002Qm8bEAC","","","",""
"a0sWD00000XpfKqYAJ","005al00000RVcKvAAL","false","SBA Form 1920","false","false","true","a2G8c000002Qm8cEAC","","","",""
"a0sWD00000XpfKrYAJ","005al00000RVcKvAAL","false","SBA Form 1920","false","false","true","a2G8c000002Qm8dEAC","","","",""
"a0sWD00000XpfKsYAJ","005al00000RVcKvAAL","false","SBA Form 601","false","false","true","a2G8c000002Qm8eEAC","","","",""
"a0sWD00000XpeshYAB","005al00000RVcKvAAL","false","Standard Review Credit Memo (Product Package)","true","false","true","a2GDn000000TibE","","","",""
"a0sWD00000XpfKtYAJ","005al00000RVcKvAAL","false","Collateral Summary","false","false","true","a2GDn000000TibuMAC","","","",""
"a0sWD00000XpfKuYAJ","005al00000RVcKvAAL","false","Collateral Details","false","false","true","a2GDn000000TibvMAC","","","",""
"a0sWD00000XpfKvYAJ","005al00000RVcKvAAL","false","Adverse Action","false","false","true","a2GDn000000TidPMAS","","","",""
"a0sWD00000XpfKwYAJ","005al00000RVcKvAAL","false","Attorney Information","false","false","true","a2GDn000000TidQMAS","","","",""
"a0sWD00000XpfKxYAJ","005al00000RVcKvAAL","false","Compliance Info","false","false","true","a2GDn000000TidTMAS","","","",""
"a0sWD00000XpfKyYAJ","005al00000RVcKvAAL","false","Construction Info","false","false","true","a2GDn000000TidUMAS","","","",""
"a0sWD00000XpfKzYAJ","005al00000RVcKvAAL","false","Risk Rating Review","false","false","true","a2GDn000000TidYMAS","","","",""
"a0sWD00000XpfL0YAJ","005al00000RVcKvAAL","false","Secondary Market","false","false","true","a2GDn000000TidZMAS","","","",""
"a0sWD00000XpfL1YAJ","005al00000RVcKvAAL","false","Structure Information","false","false","true","a2GDn000000TidaMAC","","","",""
"a0sWD00000XpfL2YAJ","005al00000RVcKvAAL","false","Attorney Information Approved","false","false","true","a2GDn000000TidcMAC","","","",""
"a0sWD00000XpfL3YAJ","005al00000RVcKvAAL","false","Key Dates Approved","false","false","true","a2GDn000000TiddMAC","","","",""
"a0sWD00000XpfL4YAJ","005al00000RVcKvAAL","false","Post Closing Review Approved","false","false","true","a2GDn000000TidfMAC","","","",""
"a0sWD00000XpfL5YAJ","005al00000RVcKvAAL","false","Secondary Market Approved","false","false","true","a2GDn000000TidgMAC","","","",""
"a0sWD00000XpfL6YAJ","005al00000RVcKvAAL","false","Structure Information Approved","false","false","true","a2GDn000000TidhMAC","","","",""
"a0sWD00000XpfL7YAJ","005al00000RVcKvAAL","false","Fees","false","false","true","a2GDn000000TidiMAC","","","",""
"a0sWD00000XpfL8YAJ","005al00000RVcKvAAL","false","Construction Details","false","false","true","a2GDn000000TidqMAC","","","",""
"a0sWD00000XpfL9YAJ","005al00000RVcKvAAL","false","Loan Dashboard","false","false","true","a2GDn000000TidrMAC","","","",""
"a0sWD00000XpfLAYAZ","005al00000RVcKvAAL","false","Authorized Users","false","false","true","a2GDn000000TidwMAC","","","",""
"a0sWD00000XpfLBYAZ","005al00000RVcKvAAL","false","Order Entry-Remote-Deposit","false","false","true","a2GDn000000TidxMAC","","","",""
"a0sWD00000XpfLCYAZ","005al00000RVcKvAAL","false","Order Entry-Retail-Lockbox","false","false","true","a2GDn000000TidyMAC","","","",""
"a0sWD00000XpfLDYAZ","005al00000RVcKvAAL","false","Order Entry-Wire-Transfer","false","false","true","a2GDn000000TidzMAC","","","",""
"a0sWD00000XpfLEYAZ","005al00000RVcKvAAL","false","Activities","false","false","true","a2GDn000000Tie1MAC","","","",""
"a0sWD00000XpfLFYAZ","005al00000RVcKvAAL","false","Business Contacts","false","false","true","a2GDn000000Tie2MAC","","","",""
"a0sWD00000XpfLGYAZ","005al00000RVcKvAAL","false","Collateral Owned","false","false","true","a2GDn000000Tie3MAC","","","",""
"a0sWD00000XpfLHYAZ","005al00000RVcKvAAL","false","Covenants","false","false","true","a2GDn000000Tie4MAC","","","",""
"a0sWD00000XpfLIYAZ","005al00000RVcKvAAL","false","Deposits","false","false","true","a2GDn000000Tie5MAC","","","",""
"a0sWD00000XpfLJYAZ","005al00000RVcKvAAL","false","Overview","false","false","true","a2GDn000000Tie6MAC","","","",""
"a0sWD00000XpfLKYAZ","005al00000RVcKvAAL","false","Exposure","false","false","true","a2GDn000000Tie7MAC","","","",""
"a0sWD00000XpfLLYAZ","005al00000RVcKvAAL","false","Loans","false","false","true","a2GDn000000Tie8MAC","","","",""
"a0sWD00000XpfLMYAZ","005al00000RVcKvAAL","false","Opportunities","false","false","true","a2GDn000000Tie9MAC","","","",""
"a0sWD00000XpfLNYAZ","005al00000RVcKvAAL","false","Other Information","false","false","true","a2GDn000000TieAMAS","","","",""
"a0sWD00000XpfLOYAZ","005al00000RVcKvAAL","false","Product Packages","false","false","true","a2GDn000000TieBMAS","","","",""
"a0sWD00000XpfLPYAZ","005al00000RVcKvAAL","false","Referrals","false","false","true","a2GDn000000TieCMAS","","","",""
"a0sWD00000XpfLQYAZ","005al00000RVcKvAAL","false","Risk Rating Reviews","false","false","true","a2GDn000000TieDMAS","","","",""
"a0sWD00000XpfLRYAZ","005al00000RVcKvAAL","false","Service Requests","false","false","true","a2GDn000000TieEMAS","","","",""
"a0sWD00000XpfLSYAZ","005al00000RVcKvAAL","false","Site Visits","false","false","true","a2GDn000000TieFMAS","","","",""
"a0sWD00000XpfLTYAZ","005al00000RVcKvAAL","false","Treasury","false","false","true","a2GDn000000TieGMAS","","","",""
"a0sWD00000XpfLUYAZ","005al00000RVcKvAAL","false","SBA Form 912","false","false","true","a2GDn000000TieIMAS","","","",""
"a0sWD00000XpfLVYAZ","005al00000RVcKvAAL","false","Loan Application","false","false","true","a2GDn000000TieJMAS","","","",""
"a0sWD00000XpfLWYAZ","005al00000RVcKvAAL","false","Change of Ownership","false","false","true","a2GDn000000TieKMAS","","","",""
"a0sWD00000XpfLXYAZ","005al00000RVcKvAAL","false","SBA Form 10","false","false","true","a2GDn000000TieLMAS","","","",""
"a0sWD00000XpfLYYAZ","005al00000RVcKvAAL","false","SBA Form 159","false","false","true","a2GDn000000TieMMAS","","","",""
"a0sWD00000XpfLZYAZ","005al00000RVcKvAAL","false","SBA Form 1846","false","false","true","a2GDn000000TieNMAS","","","",""
"a0sWD00000XpfLaYAJ","005al00000RVcKvAAL","false","SBA Form 1919","false","false","true","a2GDn000000TieOMAS","","","",""
"a0sWD00000XpfLbYAJ","005al00000RVcKvAAL","false","Business Type","false","false","true","a2GDn000000TiePMAS","","","",""
"a0sWD00000XpfLcYAJ","005al00000RVcKvAAL","false","Previous SBA Loan","false","false","true","a2GDn000000TieQMAS","","","",""
"a0sWD00000XpfLdYAJ","005al00000RVcKvAAL","false","Conflict of Interest","false","false","true","a2GDn000000TieRMAS","","","",""
"a0sWD00000XpfLeYAJ","005al00000RVcKvAAL","false","Primary Account","false","false","true","a2GDn000000TieSMAS","","","",""
"a0sWD00000XpfLfYAJ","005al00000RVcKvAAL","false","SBA Form 1920","false","false","true","a2GDn000000TieTMAS","","","",""
"a0sWD00000XpfLgYAJ","005al00000RVcKvAAL","false","SBA Form 1920","false","false","true","a2GDn000000TieUMAS","","","",""
"a0sWD00000XpfLhYAJ","005al00000RVcKvAAL","false","SBA Form 1920","false","false","true","a2GDn000000TieVMAS","","","",""
"a0sWD00000XpfLiYAJ","005al00000RVcKvAAL","false","SBA Form 1920","false","false","true","a2GDn000000TieWMAS","","","",""
"a0sWD00000XpfLjYAJ","005al00000RVcKvAAL","false","SBA Form 1920","false","false","true","a2GDn000000TieXMAS","","","",""
"a0sWD00000XpfLkYAJ","005al00000RVcKvAAL","false","SBA Form 1920","false","false","true","a2GDn000000TieYMAS","","","",""
"a0sWD00000XpfLlYAJ","005al00000RVcKvAAL","false","SBA Form 1920","false","false","true","a2GDn000000TieZMAS","","","",""
"a0sWD00000XpfLmYAJ","005al00000RVcKvAAL","false","Primary Account","false","false","true","a2GDn000000TieaMAC","","","",""
"a0sWD00000XpfLnYAJ","005al00000RVcKvAAL","false","Account Debt","false","false","true","a2GDn000000TiebMAC","","","",""
"a0sWD00000XpfLoYAJ","005al00000RVcKvAAL","false","SBA Form 652","false","false","true","a2GDn000000TiecMAC","","","",""
"a0sWD00000XpfLpYAJ","005al00000RVcKvAAL","false","SBA Form G845","false","false","true","a2GDn000000TiedMAC","","","",""
"a0sWD00000XpfLqYAJ","005al00000RVcKvAAL","false","Injections","false","false","true","a2GDn000000TieeMAC","","","",""
"a0sWD00000XpfLrYAJ","005al00000RVcKvAAL","false","Liens","false","false","true","a2GDn000000TiefMAC","","","",""
"a0sWD00000XpfLsYAJ","005al00000RVcKvAAL","false","Loan Information","false","false","true","a2GDn000000TiegMAC","","","",""
"a0sWD00000XpfLtYAJ","005al00000RVcKvAAL","false","Pricing","false","false","true","a2GDn000000TiehMAC","","","",""
"a0sWD00000XpfLuYAJ","005al00000RVcKvAAL","false","Loan Partner","false","false","true","a2GDn000000TieiMAC","","","",""
"a0sWD00000XpfLvYAJ","005al00000RVcKvAAL","false","Use of Proceeds","false","false","true","a2GDn000000TiejMAC","","","",""
"a0sWD00000XpfLwYAJ","005al00000RVcKvAAL","false","Certifications","false","false","true","a2GDn000000TigUMAS","","","",""
"a0sWD00000XpfLxYAJ","005al00000RVcKvAAL","false","HMDA Screen 2","false","false","true","a2GDn000000Tih4MAC","","","",""
"a0sWD00000XpfLyYAJ","005al00000RVcKvAAL","false","CRA Screen","false","false","true","a2GDn000000Tih5MAC","","","",""
"a0sWD00000XpfLzYAJ","005al00000RVcKvAAL","false","Balance Details","false","false","true","a2GDn000000Tih6MAC","","","",""
"a0sWD00000XpfM0YAJ","005al00000RVcKvAAL","false","Loan Information","false","false","true","a2GDn000000Tih7MAC","","","",""
"a0sWD00000XpfM1YAJ","005al00000RVcKvAAL","false","Booked Details","false","false","true","a2GDn000000Tih8MAC","","","",""
"a0sWD00000XpfM2YAJ","005al00000RVcKvAAL","false","Borrowing Structure","false","false","true","a2GDn000000Tih9MAC","","","",""
"a0sWD00000XpfM3YAJ","005al00000RVcKvAAL","false","Borrowing Structure Information","false","false","true","a2GDn000000TihAMAS","","","",""
"a0sWD00000XpfM4YAJ","005al00000RVcKvAAL","false","Collateral","false","false","true","a2GDn000000TihBMAS","","","",""
"a0sWD00000XpfM5YAJ","005al00000RVcKvAAL","false","Collateral","false","false","true","a2GDn000000TihCMAS","","","",""
"a0sWD00000XpfM6YAJ","005al00000RVcKvAAL","false","Collateral","false","false","true","a2GDn000000TihDMAS","","","",""
"a0sWD00000XpfM7YAJ","005al00000RVcKvAAL","false","Contacts","false","false","true","a2GDn000000TihEMAS","","","",""
"a0sWD00000XpfM8YAJ","005al00000RVcKvAAL","false","Deposit Products","false","false","true","a2GDn000000TihFMAS","","","",""
"a0sWD00000XpfM9YAJ","005al00000RVcKvAAL","false","HMDA Screen 1","false","false","true","a2GDn000000TihGMAS","","","",""
"a0sWD00000XpfMAYAZ","005al00000RVcKvAAL","false","HMDA Screen 1","false","false","true","a2GDn000000TihHMAS","","","",""
"a0sWD00000XpfMBYAZ","005al00000RVcKvAAL","false","Loan Dashboard Summary Screen","false","false","true","a2GDn000000TihIMAS","","","",""
"a0sWD00000XpfMCYAZ","005al00000RVcKvAAL","false","Loan Products","false","false","true","a2GDn000000TihJMAS","","","",""
"a0sWD00000XpfMDYAZ","005al00000RVcKvAAL","false","Loan Products","false","false","true","a2GDn000000TihKMAS","","","",""
"a0sWD00000XpfMEYAZ","005al00000RVcKvAAL","false","Open Activities","false","false","true","a2GDn000000TihLMAS","","","",""
"a0sWD00000XpfMFYAZ","005al00000RVcKvAAL","false","Other Information","false","false","true","a2GDn000000TihMMAS","","","",""
"a0sWD00000XpfMGYAZ","005al00000RVcKvAAL","false","Overview","false","false","true","a2GDn000000TihNMAS","","","",""
"a0sWD00000XpfMHYAZ","005al00000RVcKvAAL","false","Policy Exceptions","false","false","true","a2GDn000000TihOMAS","","","",""
"a0sWD00000XpfMIYAZ","005al00000RVcKvAAL","false","Product Summary","false","false","true","a2GDn000000TihPMAS","","","",""
"a0sWD00000XpfMJYAZ","005al00000RVcKvAAL","false","Referral","false","false","true","a2GDn000000TihQMAS","","","",""
"a0sWD00000XpfMKYAZ","005al00000RVcKvAAL","false","Relationships","false","false","true","a2GDn000000TihRMAS","","","",""
"a0sWD00000XpfMLYAZ","005al00000RVcKvAAL","false","Contacts","false","false","true","a2GDn000000TihSMAS","","","",""
"a0sWD00000XpfMMYAZ","005al00000RVcKvAAL","false","Participations","false","false","true","a2GDn000000TihUMAS","","","",""
"a0sWD00000XpfMNYAZ","005al00000RVcKvAAL","false","SBA Form 1919","false","false","true","a2GDn000000TihdMAC","","","",""
"a0sWD00000XpfMOYAZ","005al00000RVcKvAAL","false","SBA Form 1920","false","false","true","a2GDn000000TiheMAC","","","",""
"a0sWD00000XpfMPYAZ","005al00000RVcKvAAL","false","SBA Form 1920","false","false","true","a2GDn000000TihfMAC","","","",""
"a0sWD00000XpfMQYAZ","005al00000RVcKvAAL","false","SBA Form 1920","false","false","true","a2GDn000000TihgMAC","","","",""
"a0sWD00000XpfMRYAZ","005al00000RVcKvAAL","false","SBA Form 1920","false","false","true","a2GDn000000TihhMAC","","","",""
"a0sWD00000XpfMSYAZ","005al00000RVcKvAAL","false","SBA Form 601","false","false","true","a2GDn000000TihiMAC","","","",""
"a0sWD00000XpfMTYAZ","005al00000RVcKvAAL","false","Certifications","false","false","true","a2GDn000000TihjMAC","","","",""
"a0sWD00000XpfMUYAZ","005al00000RVcKvAAL","false","Participations","false","false","true","a2GDn000000TihkMAC","","","",""
"a0sWD00000XpfMVYAZ","005al00000RVcKvAAL","false","HMDA Screen 1","false","false","true","a2GDn000000TihlMAC","","","",""
"a0sWD00000XpesiYAB","005al00000RVcKvAAL","false","Standard Review Credit Memo (Product Package)","true","false","true","a2GHo000001iwyQ","","","",""
"a0sWD00000XpfMWYAZ","005al00000RVcKvAAL","false","Collateral Summary","false","false","true","a2GHo000001iwz5MAA","","","",""
"a0sWD00000XpfMXYAZ","005al00000RVcKvAAL","false","Collateral Details","false","false","true","a2GHo000001iwz6MAA","","","",""
"a0sWD00000XpfMYYAZ","005al00000RVcKvAAL","false","Fees","false","false","true","a2GHo000001ix0uMAA","","","",""
"a0sWD00000XpfMZYAZ","005al00000RVcKvAAL","false","Construction Details","false","false","true","a2GHo000001ix12MAA","","","",""
"a0sWD00000XpfMaYAJ","005al00000RVcKvAAL","false","Loan Dashboard","false","false","true","a2GHo000001ix13MAA","","","",""
"a0sWD00000XpfMbYAJ","005al00000RVcKvAAL","false","Activities","false","false","true","a2GHo000001ix1DMAQ","","","",""
"a0sWD00000XpfMcYAJ","005al00000RVcKvAAL","false","Business Contacts","false","false","true","a2GHo000001ix1EMAQ","","","",""
"a0sWD00000XpfMdYAJ","005al00000RVcKvAAL","false","Collateral Owned","false","false","true","a2GHo000001ix1FMAQ","","","",""
"a0sWD00000XpfMeYAJ","005al00000RVcKvAAL","false","Covenants","false","false","true","a2GHo000001ix1GMAQ","","","",""
"a0sWD00000XpfMfYAJ","005al00000RVcKvAAL","false","Deposits","false","false","true","a2GHo000001ix1HMAQ","","","",""
"a0sWD00000XpfMgYAJ","005al00000RVcKvAAL","false","Overview","false","false","true","a2GHo000001ix1IMAQ","","","",""
"a0sWD00000XpfMhYAJ","005al00000RVcKvAAL","false","Exposure","false","false","true","a2GHo000001ix1JMAQ","","","",""
"a0sWD00000XpfMiYAJ","005al00000RVcKvAAL","false","Loans","false","false","true","a2GHo000001ix1KMAQ","","","",""
"a0sWD00000XpfMjYAJ","005al00000RVcKvAAL","false","Opportunities","false","false","true","a2GHo000001ix1LMAQ","","","",""
"a0sWD00000XpfMkYAJ","005al00000RVcKvAAL","false","Other Information","false","false","true","a2GHo000001ix1MMAQ","","","",""
"a0sWD00000XpfMlYAJ","005al00000RVcKvAAL","false","Product Packages","false","false","true","a2GHo000001ix1NMAQ","","","",""
"a0sWD00000XpfMmYAJ","005al00000RVcKvAAL","false","Referrals","false","false","true","a2GHo000001ix1OMAQ","","","",""
"a0sWD00000XpfMnYAJ","005al00000RVcKvAAL","false","Risk Rating Reviews","false","false","true","a2GHo000001ix1PMAQ","","","",""
"a0sWD00000XpfMoYAJ","005al00000RVcKvAAL","false","Service Requests","false","false","true","a2GHo000001ix1QMAQ","","","",""
"a0sWD00000XpfMpYAJ","005al00000RVcKvAAL","false","Site Visits","false","false","true","a2GHo000001ix1RMAQ","","","",""
"a0sWD00000XpfMqYAJ","005al00000RVcKvAAL","false","Treasury","false","false","true","a2GHo000001ix1SMAQ","","","",""
"a0sWD00000XpfMrYAJ","005al00000RVcKvAAL","false","SBA Form 912","false","false","true","a2GHo000001ix1UMAQ","","","",""
"a0sWD00000XpfMsYAJ","005al00000RVcKvAAL","false","Loan Application","false","false","true","a2GHo000001ix1VMAQ","","","",""
"a0sWD00000XpfMtYAJ","005al00000RVcKvAAL","false","Change of Ownership","false","false","true","a2GHo000001ix1WMAQ","","","",""
"a0sWD00000XpfMuYAJ","005al00000RVcKvAAL","false","SBA Form 10","false","false","true","a2GHo000001ix1XMAQ","","","",""
"a0sWD00000XpfMvYAJ","005al00000RVcKvAAL","false","SBA Form 159","false","false","true","a2GHo000001ix1YMAQ","","","",""
"a0sWD00000XpfMwYAJ","005al00000RVcKvAAL","false","SBA Form 1846","false","false","true","a2GHo000001ix1ZMAQ","","","",""
"a0sWD00000XpfMxYAJ","005al00000RVcKvAAL","false","SBA Form 1919","false","false","true","a2GHo000001ix1aMAA","","","",""
"a0sWD00000XpfMyYAJ","005al00000RVcKvAAL","false","Primary Account","false","false","true","a2GHo000001ix1bMAA","","","",""
"a0sWD00000XpfMzYAJ","005al00000RVcKvAAL","false","Business Type","false","false","true","a2GHo000001ix1cMAA","","","",""
"a0sWD00000XpfN0YAJ","005al00000RVcKvAAL","false","Previous SBA Loan","false","false","true","a2GHo000001ix1dMAA","","","",""
"a0sWD00000XpfN1YAJ","005al00000RVcKvAAL","false","Conflict of Interest","false","false","true","a2GHo000001ix1eMAA","","","",""
"a0sWD00000XpfN2YAJ","005al00000RVcKvAAL","false","SBA Form 1920","false","false","true","a2GHo000001ix1fMAA","","","",""
"a0sWD00000XpfN3YAJ","005al00000RVcKvAAL","false","SBA Form 1920","false","false","true","a2GHo000001ix1gMAA","","","",""
"a0sWD00000XpfN4YAJ","005al00000RVcKvAAL","false","SBA Form 1920","false","false","true","a2GHo000001ix1hMAA","","","",""
"a0sWD00000XpfN5YAJ","005al00000RVcKvAAL","false","SBA Form 1920","false","false","true","a2GHo000001ix1iMAA","","","",""
"a0sWD00000XpfN6YAJ","005al00000RVcKvAAL","false","SBA Form 1920","false","false","true","a2GHo000001ix1jMAA","","","",""
"a0sWD00000XpfN7YAJ","005al00000RVcKvAAL","false","SBA Form 1920","false","false","true","a2GHo000001ix1kMAA","","","",""
"a0sWD00000XpfN8YAJ","005al00000RVcKvAAL","false","SBA Form 1920","false","false","true","a2GHo000001ix1lMAA","","","",""
"a0sWD00000XpfN9YAJ","005al00000RVcKvAAL","false","Primary Account","false","false","true","a2GHo000001ix1mMAA","","","",""
"a0sWD00000XpfNAYAZ","005al00000RVcKvAAL","false","Account Debt","false","false","true","a2GHo000001ix1nMAA","","","",""
"a0sWD00000XpfNBYAZ","005al00000RVcKvAAL","false","SBA Form 652","false","false","true","a2GHo000001ix1oMAA","","","",""
"a0sWD00000XpfNCYAZ","005al00000RVcKvAAL","false","SBA Form G845","false","false","true","a2GHo000001ix1pMAA","","","",""
"a0sWD00000XpfNDYAZ","005al00000RVcKvAAL","false","Injections","false","false","true","a2GHo000001ix1qMAA","","","",""
"a0sWD00000XpfNEYAZ","005al00000RVcKvAAL","false","Loan Information","false","false","true","a2GHo000001ix1sMAA","","","",""
"a0sWD00000XpfNFYAZ","005al00000RVcKvAAL","false","Pricing","false","false","true","a2GHo000001ix1tMAA","","","",""
"a0sWD00000XpfNGYAZ","005al00000RVcKvAAL","false","Loan Partner","false","false","true","a2GHo000001ix1uMAA","","","",""
"a0sWD00000XpfNHYAZ","005al00000RVcKvAAL","false","Use of Proceeds","false","false","true","a2GHo000001ix1vMAA","","","",""
"a0sWD00000XpfNIYAZ","005al00000RVcKvAAL","false","Certifications","false","false","true","a2GHo000001ix4pMAA","","","",""
"a0sWD00000XpfNJYAZ","005al00000RVcKvAAL","false","Participations","false","false","true","a2GHo000001ix4qMAA","","","",""
"a0sWD00000XpfNKYAZ","005al00000RVcKvAAL","false","HMDA Screen 1","false","false","true","a2GHo000001ix4xMAA","","","",""
"a0sWD00000XpesjYAB","005al00000RVcKvAAL","false","Standard Review Credit Memo (Product Package)","true","false","true","a2GHo000001ueIN","","","",""
"a0sWD00000XpfNLYAZ","005al00000RVcKvAAL","false","Collateral Summary","false","false","true","a2GHo000001ueJ2MAI","","","",""
"a0sWD00000XpfNMYAZ","005al00000RVcKvAAL","false","Collateral Details","false","false","true","a2GHo000001ueJ3MAI","","","",""
"a0sWD00000XpfNNYAZ","005al00000RVcKvAAL","false","Adverse Action","false","false","true","a2GHo000001ueKYMAY","","","",""
"a0sWD00000XpfNOYAZ","005al00000RVcKvAAL","false","Attorney Information","false","false","true","a2GHo000001ueKZMAY","","","",""
"a0sWD00000XpfNPYAZ","005al00000RVcKvAAL","false","Compliance Info","false","false","true","a2GHo000001ueKcMAI","","","",""
"a0sWD00000XpfNQYAZ","005al00000RVcKvAAL","false","Construction Info","false","false","true","a2GHo000001ueKdMAI","","","",""
"a0sWD00000XpfNRYAZ","005al00000RVcKvAAL","false","Risk Rating Review","false","false","true","a2GHo000001ueKhMAI","","","",""
"a0sWD00000XpfNSYAZ","005al00000RVcKvAAL","false","Secondary Market","false","false","true","a2GHo000001ueKiMAI","","","",""
"a0sWD00000XpfNTYAZ","005al00000RVcKvAAL","false","Structure Information","false","false","true","a2GHo000001ueKjMAI","","","",""
"a0sWD00000XpfNUYAZ","005al00000RVcKvAAL","false","Attorney Information Approved","false","false","true","a2GHo000001ueKlMAI","","","",""
"a0sWD00000XpfNVYAZ","005al00000RVcKvAAL","false","Key Dates Approved","false","false","true","a2GHo000001ueKmMAI","","","",""
"a0sWD00000XpfNWYAZ","005al00000RVcKvAAL","false","Post Closing Review Approved","false","false","true","a2GHo000001ueKoMAI","","","",""
"a0sWD00000XpfNXYAZ","005al00000RVcKvAAL","false","Secondary Market Approved","false","false","true","a2GHo000001ueKpMAI","","","",""
"a0sWD00000XpfNYYAZ","005al00000RVcKvAAL","false","Structure Information Approved","false","false","true","a2GHo000001ueKqMAI","","","",""
"a0sWD00000XpfNZYAZ","005al00000RVcKvAAL","false","Fees","false","false","true","a2GHo000001ueKrMAI","","","",""
"a0sWD00000XpfNaYAJ","005al00000RVcKvAAL","false","Construction Details","false","false","true","a2GHo000001ueKzMAI","","","",""
"a0sWD00000XpfNbYAJ","005al00000RVcKvAAL","false","Loan Dashboard","false","false","true","a2GHo000001ueL0MAI","","","",""
"a0sWD00000XpfNcYAJ","005al00000RVcKvAAL","false","Authorized Users","false","false","true","a2GHo000001ueL5MAI","","","",""
"a0sWD00000XpfNdYAJ","005al00000RVcKvAAL","false","Order Entry-Remote-Deposit","false","false","true","a2GHo000001ueL6MAI","","","",""
"a0sWD00000XpfNeYAJ","005al00000RVcKvAAL","false","Order Entry-Retail-Lockbox","false","false","true","a2GHo000001ueL7MAI","","","",""
"a0sWD00000XpfNfYAJ","005al00000RVcKvAAL","false","Order Entry-Wire-Transfer","false","false","true","a2GHo000001ueL8MAI","","","",""
"a0sWD00000XpfNgYAJ","005al00000RVcKvAAL","false","Activities","false","false","true","a2GHo000001ueLAMAY","","","",""
"a0sWD00000XpfNhYAJ","005al00000RVcKvAAL","false","Business Contacts","false","false","true","a2GHo000001ueLBMAY","","","",""
"a0sWD00000XpfNiYAJ","005al00000RVcKvAAL","false","Collateral Owned","false","false","true","a2GHo000001ueLCMAY","","","",""
"a0sWD00000XpfNjYAJ","005al00000RVcKvAAL","false","Covenants","false","false","true","a2GHo000001ueLDMAY","","","",""
"a0sWD00000XpfNkYAJ","005al00000RVcKvAAL","false","Deposits","false","false","true","a2GHo000001ueLEMAY","","","",""
"a0sWD00000XpfNlYAJ","005al00000RVcKvAAL","false","Overview","false","false","true","a2GHo000001ueLFMAY","","","",""
"a0sWD00000XpfNmYAJ","005al00000RVcKvAAL","false","Exposure","false","false","true","a2GHo000001ueLGMAY","","","",""
"a0sWD00000XpfNnYAJ","005al00000RVcKvAAL","false","Loans","false","false","true","a2GHo000001ueLHMAY","","","",""
"a0sWD00000XpfNoYAJ","005al00000RVcKvAAL","false","Opportunities","false","false","true","a2GHo000001ueLIMAY","","","",""
"a0sWD00000XpfNpYAJ","005al00000RVcKvAAL","false","Other Information","false","false","true","a2GHo000001ueLJMAY","","","",""
"a0sWD00000XpfNqYAJ","005al00000RVcKvAAL","false","Product Packages","false","false","true","a2GHo000001ueLKMAY","","","",""
"a0sWD00000XpfNrYAJ","005al00000RVcKvAAL","false","Referrals","false","false","true","a2GHo000001ueLLMAY","","","",""
"a0sWD00000XpfNsYAJ","005al00000RVcKvAAL","false","Risk Rating Reviews","false","false","true","a2GHo000001ueLMMAY","","","",""
"a0sWD00000XpfNtYAJ","005al00000RVcKvAAL","false","Service Requests","false","false","true","a2GHo000001ueLNMAY","","","",""
"a0sWD00000XpfNuYAJ","005al00000RVcKvAAL","false","Site Visits","false","false","true","a2GHo000001ueLOMAY","","","",""
"a0sWD00000XpfNvYAJ","005al00000RVcKvAAL","false","Treasury","false","false","true","a2GHo000001ueLPMAY","","","",""
"a0sWD00000XpfNwYAJ","005al00000RVcKvAAL","false","SBA Form 912","false","false","true","a2GHo000001ueLRMAY","","","",""
"a0sWD00000XpfNxYAJ","005al00000RVcKvAAL","false","Loan Application","false","false","true","a2GHo000001ueLSMAY","","","",""
"a0sWD00000XpfNyYAJ","005al00000RVcKvAAL","false","Change of Ownership","false","false","true","a2GHo000001ueLTMAY","","","",""
"a0sWD00000XpfNzYAJ","005al00000RVcKvAAL","false","SBA Form 10","false","false","true","a2GHo000001ueLUMAY","","","",""
"a0sWD00000XpfO0YAJ","005al00000RVcKvAAL","false","SBA Form 159","false","false","true","a2GHo000001ueLVMAY","","","",""
"a0sWD00000XpfO1YAJ","005al00000RVcKvAAL","false","SBA Form 1846","false","false","true","a2GHo000001ueLWMAY","","","",""
"a0sWD00000XpfO2YAJ","005al00000RVcKvAAL","false","SBA Form 1919","false","false","true","a2GHo000001ueLXMAY","","","",""
"a0sWD00000XpfO3YAJ","005al00000RVcKvAAL","false","Business Type","false","false","true","a2GHo000001ueLYMAY","","","",""
"a0sWD00000XpfO4YAJ","005al00000RVcKvAAL","false","Previous SBA Loan","false","false","true","a2GHo000001ueLZMAY","","","",""
"a0sWD00000XpfO5YAJ","005al00000RVcKvAAL","false","Conflict of Interest","false","false","true","a2GHo000001ueLaMAI","","","",""
"a0sWD00000XpfO6YAJ","005al00000RVcKvAAL","false","Primary Account","false","false","true","a2GHo000001ueLbMAI","","","",""
"a0sWD00000XpfO7YAJ","005al00000RVcKvAAL","false","SBA Form 1920","false","false","true","a2GHo000001ueLcMAI","","","",""
"a0sWD00000XpfO8YAJ","005al00000RVcKvAAL","false","SBA Form 1920","false","false","true","a2GHo000001ueLdMAI","","","",""
"a0sWD00000XpfO9YAJ","005al00000RVcKvAAL","false","SBA Form 1920","false","false","true","a2GHo000001ueLeMAI","","","",""
"a0sWD00000XpfOAYAZ","005al00000RVcKvAAL","false","SBA Form 1920","false","false","true","a2GHo000001ueLfMAI","","","",""
"a0sWD00000XpfOBYAZ","005al00000RVcKvAAL","false","SBA Form 1920","false","false","true","a2GHo000001ueLgMAI","","","",""
"a0sWD00000XpfOCYAZ","005al00000RVcKvAAL","false","SBA Form 1920","false","false","true","a2GHo000001ueLhMAI","","","",""
"a0sWD00000XpfODYAZ","005al00000RVcKvAAL","false","SBA Form 1920","false","false","true","a2GHo000001ueLiMAI","","","",""
"a0sWD00000XpfOEYAZ","005al00000RVcKvAAL","false","Primary Account","false","false","true","a2GHo000001ueLjMAI","","","",""
"a0sWD00000XpfOFYAZ","005al00000RVcKvAAL","false","Account Debt","false","false","true","a2GHo000001ueLkMAI","","","",""
"a0sWD00000XpfOGYAZ","005al00000RVcKvAAL","false","SBA Form 652","false","false","true","a2GHo000001ueLlMAI","","","",""
"a0sWD00000XpfOHYAZ","005al00000RVcKvAAL","false","SBA Form G845","false","false","true","a2GHo000001ueLmMAI","","","",""
"a0sWD00000XpfOIYAZ","005al00000RVcKvAAL","false","Injections","false","false","true","a2GHo000001ueLnMAI","","","",""
"a0sWD00000XpfOJYAZ","005al00000RVcKvAAL","false","Liens","false","false","true","a2GHo000001ueLoMAI","","","",""
"a0sWD00000XpfOKYAZ","005al00000RVcKvAAL","false","Loan Information","false","false","true","a2GHo000001ueLpMAI","","","",""
"a0sWD00000XpfOLYAZ","005al00000RVcKvAAL","false","Pricing","false","false","true","a2GHo000001ueLqMAI","","","",""
"a0sWD00000XpfOMYAZ","005al00000RVcKvAAL","false","Loan Partner","false","false","true","a2GHo000001ueLrMAI","","","",""
"a0sWD00000XpfONYAZ","005al00000RVcKvAAL","false","Use of Proceeds","false","false","true","a2GHo000001ueLsMAI","","","",""
"a0sWD00000XpfOOYAZ","005al00000RVcKvAAL","false","Certifications","false","false","true","a2GHo000001ueNdMAI","","","",""
"a0sWD00000XpfOPYAZ","005al00000RVcKvAAL","false","HMDA Screen 2","false","false","true","a2GHo000001ueODMAY","","","",""
"a0sWD00000XpfOQYAZ","005al00000RVcKvAAL","false","CRA Screen","false","false","true","a2GHo000001ueOEMAY","","","",""
"a0sWD00000XpfORYAZ","005al00000RVcKvAAL","false","Balance Details","false","false","true","a2GHo000001ueOFMAY","","","",""
"a0sWD00000XpfOSYAZ","005al00000RVcKvAAL","false","Loan Information","false","false","true","a2GHo000001ueOGMAY","","","",""
"a0sWD00000XpfOTYAZ","005al00000RVcKvAAL","false","Booked Details","false","false","true","a2GHo000001ueOHMAY","","","",""
"a0sWD00000XpfOUYAZ","005al00000RVcKvAAL","false","Borrowing Structure","false","false","true","a2GHo000001ueOIMAY","","","",""
"a0sWD00000XpfOVYAZ","005al00000RVcKvAAL","false","Borrowing Structure Information","false","false","true","a2GHo000001ueOJMAY","","","",""
"a0sWD00000XpfOWYAZ","005al00000RVcKvAAL","false","Collateral","false","false","true","a2GHo000001ueOKMAY","","","",""
"a0sWD00000XpfOXYAZ","005al00000RVcKvAAL","false","Collateral","false","false","true","a2GHo000001ueOLMAY","","","",""
"a0sWD00000XpfOYYAZ","005al00000RVcKvAAL","false","Collateral","false","false","true","a2GHo000001ueOMMAY","","","",""
"a0sWD00000XpfOZYAZ","005al00000RVcKvAAL","false","Contacts","false","false","true","a2GHo000001ueONMAY","","","",""
"a0sWD00000XpfOaYAJ","005al00000RVcKvAAL","false","Deposit Products","false","false","true","a2GHo000001ueOOMAY","","","",""
"a0sWD00000XpfObYAJ","005al00000RVcKvAAL","false","HMDA Screen 1","false","false","true","a2GHo000001ueOPMAY","","","",""
"a0sWD00000XpfOcYAJ","005al00000RVcKvAAL","false","HMDA Screen 1","false","false","true","a2GHo000001ueOQMAY","","","",""
"a0sWD00000XpfOdYAJ","005al00000RVcKvAAL","false","Loan Dashboard Summary Screen","false","false","true","a2GHo000001ueORMAY","","","",""
"a0sWD00000XpfOeYAJ","005al00000RVcKvAAL","false","Loan Products","false","false","true","a2GHo000001ueOSMAY","","","",""
"a0sWD00000XpfOfYAJ","005al00000RVcKvAAL","false","Loan Products","false","false","true","a2GHo000001ueOTMAY","","","",""
"a0sWD00000XpfOgYAJ","005al00000RVcKvAAL","false","Open Activities","false","false","true","a2GHo000001ueOUMAY","","","",""
"a0sWD00000XpfOhYAJ","005al00000RVcKvAAL","false","Other Information","false","false","true","a2GHo000001ueOVMAY","","","",""
"a0sWD00000XpfOiYAJ","005al00000RVcKvAAL","false","Overview","false","false","true","a2GHo000001ueOWMAY","","","",""
"a0sWD00000XpfOjYAJ","005al00000RVcKvAAL","false","Policy Exceptions","false","false","true","a2GHo000001ueOXMAY","","","",""
"a0sWD00000XpfOkYAJ","005al00000RVcKvAAL","false","Product Summary","false","false","true","a2GHo000001ueOYMAY","","","",""
"a0sWD00000XpfOlYAJ","005al00000RVcKvAAL","false","Referral","false","false","true","a2GHo000001ueOZMAY","","","",""
"a0sWD00000XpfOmYAJ","005al00000RVcKvAAL","false","Relationships","false","false","true","a2GHo000001ueOaMAI","","","",""
"a0sWD00000XpfOnYAJ","005al00000RVcKvAAL","false","Contacts","false","false","true","a2GHo000001ueObMAI","","","",""
"a0sWD00000XpfOoYAJ","005al00000RVcKvAAL","false","Participations","false","false","true","a2GHo000001ueOdMAI","","","",""
"a0sWD00000XpfOpYAJ","005al00000RVcKvAAL","false","SBA Form 1919","false","false","true","a2GHo000001ueOmMAI","","","",""
"a0sWD00000XpfOqYAJ","005al00000RVcKvAAL","false","SBA Form 1920","false","false","true","a2GHo000001ueOnMAI","","","",""
"a0sWD00000XpfOrYAJ","005al00000RVcKvAAL","false","SBA Form 1920","false","false","true","a2GHo000001ueOoMAI","","","",""
"a0sWD00000XpfOsYAJ","005al00000RVcKvAAL","false","SBA Form 1920","false","false","true","a2GHo000001ueOpMAI","","","",""
"a0sWD00000XpfOtYAJ","005al00000RVcKvAAL","false","SBA Form 1920","false","false","true","a2GHo000001ueOqMAI","","","",""
"a0sWD00000XpfOuYAJ","005al00000RVcKvAAL","false","SBA Form 601","false","false","true","a2GHo000001ueOrMAI","","","",""
"a0sWD00000XpfOvYAJ","005al00000RVcKvAAL","false","Certifications","false","false","true","a2GHo000001ueOsMAI","","","",""
"a0sWD00000XpfOwYAJ","005al00000RVcKvAAL","false","Participations","false","false","true","a2GHo000001ueOtMAI","","","",""
"a0sWD00000XpfOxYAJ","005al00000RVcKvAAL","false","HMDA Screen 1","false","false","true","a2GHo000001ueOuMAI","","","",""
"a0sWD00000XpeskYAB","005al00000RVcKvAAL","false","Standard Review Credit Memo (Product Package)","true","false","true","a2GHu00000AhIuG","","","",""
"a0sWD00000XpbBGYAZ","005al00000RVcKvAAL","false","Collateral Summary","false","false","true","a2GHu00000AhIuvMAF","","","",""
"a0sWD00000XpbBHYAZ","005al00000RVcKvAAL","false","Collateral Details","false","false","true","a2GHu00000AhIuwMAF","","","",""
"a0sWD00000XpfOyYAJ","005al00000RVcKvAAL","false","Adverse Action","false","false","true","a2GHu00000AhIwRMAV","","","",""
"a0sWD00000XpfOzYAJ","005al00000RVcKvAAL","false","Attorney Information","false","false","true","a2GHu00000AhIwSMAV","","","",""
"a0sWD00000XpfP0YAJ","005al00000RVcKvAAL","false","Compliance Info","false","false","true","a2GHu00000AhIwVMAV","","","",""
"a0sWD00000XpfP1YAJ","005al00000RVcKvAAL","false","Construction Info","false","false","true","a2GHu00000AhIwWMAV","","","",""
"a0sWD00000XpfP2YAJ","005al00000RVcKvAAL","false","Risk Rating Review","false","false","true","a2GHu00000AhIwaMAF","","","",""
"a0sWD00000XpfP3YAJ","005al00000RVcKvAAL","false","Secondary Market","false","false","true","a2GHu00000AhIwbMAF","","","",""
"a0sWD00000XpfP4YAJ","005al00000RVcKvAAL","false","Structure Information","false","false","true","a2GHu00000AhIwcMAF","","","",""
"a0sWD00000XpfP5YAJ","005al00000RVcKvAAL","false","Attorney Information Approved","false","false","true","a2GHu00000AhIweMAF","","","",""
"a0sWD00000XpfP6YAJ","005al00000RVcKvAAL","false","Key Dates Approved","false","false","true","a2GHu00000AhIwfMAF","","","",""
"a0sWD00000XpfP7YAJ","005al00000RVcKvAAL","false","Post Closing Review Approved","false","false","true","a2GHu00000AhIwhMAF","","","",""
"a0sWD00000XpfP8YAJ","005al00000RVcKvAAL","false","Secondary Market Approved","false","false","true","a2GHu00000AhIwiMAF","","","",""
"a0sWD00000XpfP9YAJ","005al00000RVcKvAAL","false","Structure Information Approved","false","false","true","a2GHu00000AhIwjMAF","","","",""
"a0sWD00000XpbBIYAZ","005al00000RVcKvAAL","false","Fees","false","false","true","a2GHu00000AhIwkMAF","","","",""
"a0sWD00000XpbBJYAZ","005al00000RVcKvAAL","false","Construction Details","false","false","true","a2GHu00000AhIwsMAF","","","",""
"a0sWD00000XpbBKYAZ","005al00000RVcKvAAL","false","Loan Dashboard","false","false","true","a2GHu00000AhIwtMAF","","","",""
"a0sWD00000XpfPAYAZ","005al00000RVcKvAAL","false","Authorized Users","false","false","true","a2GHu00000AhIwyMAF","","","",""
"a0sWD00000XpfPBYAZ","005al00000RVcKvAAL","false","Order Entry-Remote-Deposit","false","false","true","a2GHu00000AhIwzMAF","","","",""
"a0sWD00000XpfPCYAZ","005al00000RVcKvAAL","false","Order Entry-Retail-Lockbox","false","false","true","a2GHu00000AhIx0MAF","","","",""
"a0sWD00000XpfPDYAZ","005al00000RVcKvAAL","false","Order Entry-Wire-Transfer","false","false","true","a2GHu00000AhIx1MAF","","","",""
"a0sWD00000XpbBLYAZ","005al00000RVcKvAAL","false","Activities","false","false","true","a2GHu00000AhIx3MAF","","","",""
"a0sWD00000XpbBMYAZ","005al00000RVcKvAAL","false","Business Contacts","false","false","true","a2GHu00000AhIx4MAF","","","",""
"a0sWD00000XpbBNYAZ","005al00000RVcKvAAL","false","Collateral Owned","false","false","true","a2GHu00000AhIx5MAF","","","",""
"a0sWD00000XpbBOYAZ","005al00000RVcKvAAL","false","Covenants","false","false","true","a2GHu00000AhIx6MAF","","","",""
"a0sWD00000XpbBPYAZ","005al00000RVcKvAAL","false","Deposits","false","false","true","a2GHu00000AhIx7MAF","","","",""
"a0sWD00000XpbBQYAZ","005al00000RVcKvAAL","false","Overview","false","false","true","a2GHu00000AhIx8MAF","","","",""
"a0sWD00000XpbBRYAZ","005al00000RVcKvAAL","false","Exposure","false","false","true","a2GHu00000AhIx9MAF","","","",""
"a0sWD00000XpbBSYAZ","005al00000RVcKvAAL","false","Loans","false","false","true","a2GHu00000AhIxAMAV","","","",""
"a0sWD00000XpbBTYAZ","005al00000RVcKvAAL","false","Opportunities","false","false","true","a2GHu00000AhIxBMAV","","","",""
"a0sWD00000XpbBUYAZ","005al00000RVcKvAAL","false","Other Information","false","false","true","a2GHu00000AhIxCMAV","","","",""
"a0sWD00000XpbBVYAZ","005al00000RVcKvAAL","false","Product Packages","false","false","true","a2GHu00000AhIxDMAV","","","",""
"a0sWD00000XpbBWYAZ","005al00000RVcKvAAL","false","Referrals","false","false","true","a2GHu00000AhIxEMAV","","","",""
"a0sWD00000XpbBXYAZ","005al00000RVcKvAAL","false","Risk Rating Reviews","false","false","true","a2GHu00000AhIxFMAV","","","",""
"a0sWD00000XpbBYYAZ","005al00000RVcKvAAL","false","Service Requests","false","false","true","a2GHu00000AhIxGMAV","","","",""
"a0sWD00000XpbBZYAZ","005al00000RVcKvAAL","false","Site Visits","false","false","true","a2GHu00000AhIxHMAV","","","",""
"a0sWD00000XpbBaYAJ","005al00000RVcKvAAL","false","Treasury","false","false","true","a2GHu00000AhIxIMAV","","","",""
"a0sWD00000XpbBbYAJ","005al00000RVcKvAAL","false","SBA Form 912","false","false","true","a2GHu00000AhIxKMAV","","","",""
"a0sWD00000XpbBcYAJ","005al00000RVcKvAAL","false","Loan Application","false","false","true","a2GHu00000AhIxLMAV","","","",""
"a0sWD00000XpbBdYAJ","005al00000RVcKvAAL","false","Change of Ownership","false","false","true","a2GHu00000AhIxMMAV","","","",""
"a0sWD00000XpbBeYAJ","005al00000RVcKvAAL","false","SBA Form 10","false","false","true","a2GHu00000AhIxNMAV","","","",""
"a0sWD00000XpbBfYAJ","005al00000RVcKvAAL","false","SBA Form 159","false","false","true","a2GHu00000AhIxOMAV","","","",""
"a0sWD00000XpbBgYAJ","005al00000RVcKvAAL","false","SBA Form 1846","false","false","true","a2GHu00000AhIxPMAV","","","",""
"a0sWD00000XpbBhYAJ","005al00000RVcKvAAL","false","SBA Form 1919","false","false","true","a2GHu00000AhIxQMAV","","","",""
"a0sWD00000XpbBiYAJ","005al00000RVcKvAAL","false","Business Type","false","false","true","a2GHu00000AhIxRMAV","","","",""
"a0sWD00000XpbBjYAJ","005al00000RVcKvAAL","false","Previous SBA Loan","false","false","true","a2GHu00000AhIxSMAV","","","",""
"a0sWD00000XpbBkYAJ","005al00000RVcKvAAL","false","Conflict of Interest","false","false","true","a2GHu00000AhIxTMAV","","","",""
"a0sWD00000XpbBlYAJ","005al00000RVcKvAAL","false","Primary Account","false","false","true","a2GHu00000AhIxUMAV","","","",""
"a0sWD00000XpbBmYAJ","005al00000RVcKvAAL","false","SBA Form 1920","false","false","true","a2GHu00000AhIxVMAV","","","",""
"a0sWD00000XpbBnYAJ","005al00000RVcKvAAL","false","SBA Form 1920","false","false","true","a2GHu00000AhIxWMAV","","","",""
"a0sWD00000XpbBoYAJ","005al00000RVcKvAAL","false","SBA Form 1920","false","false","true","a2GHu00000AhIxXMAV","","","",""
"a0sWD00000XpbBpYAJ","005al00000RVcKvAAL","false","SBA Form 1920","false","false","true","a2GHu00000AhIxYMAV","","","",""
"a0sWD00000XpbBqYAJ","005al00000RVcKvAAL","false","SBA Form 1920","false","false","true","a2GHu00000AhIxZMAV","","","",""
"a0sWD00000XpbBrYAJ","005al00000RVcKvAAL","false","SBA Form 1920","false","false","true","a2GHu00000AhIxaMAF","","","",""
"a0sWD00000XpbBsYAJ","005al00000RVcKvAAL","false","SBA Form 1920","false","false","true","a2GHu00000AhIxbMAF","","","",""
"a0sWD00000XpbBtYAJ","005al00000RVcKvAAL","false","Primary Account","false","false","true","a2GHu00000AhIxcMAF","","","",""
"a0sWD00000XpbBuYAJ","005al00000RVcKvAAL","false","Account Debt","false","false","true","a2GHu00000AhIxdMAF","","","",""
"a0sWD00000XpbBvYAJ","005al00000RVcKvAAL","false","SBA Form 652","false","false","true","a2GHu00000AhIxeMAF","","","",""
"a0sWD00000XpbBwYAJ","005al00000RVcKvAAL","false","SBA Form G845","false","false","true","a2GHu00000AhIxfMAF","","","",""
"a0sWD00000XpbBxYAJ","005al00000RVcKvAAL","false","Injections","false","false","true","a2GHu00000AhIxgMAF","","","",""
"a0sWD00000XpfPEYAZ","005al00000RVcKvAAL","false","Liens","false","false","true","a2GHu00000AhIxhMAF","","","",""
"a0sWD00000XpbByYAJ","005al00000RVcKvAAL","false","Loan Information","false","false","true","a2GHu00000AhIxiMAF","","","",""
"a0sWD00000XpbBzYAJ","005al00000RVcKvAAL","false","Pricing","false","false","true","a2GHu00000AhIxjMAF","","","",""
"a0sWD00000XpbC0YAJ","005al00000RVcKvAAL","false","Loan Partner","false","false","true","a2GHu00000AhIxkMAF","","","",""
"a0sWD00000XpbC1YAJ","005al00000RVcKvAAL","false","Use of Proceeds","false","false","true","a2GHu00000AhIxlMAF","","","",""
"a0sWD00000XpfPFYAZ","005al00000RVcKvAAL","false","Certifications","false","false","true","a2GHu00000AhIzWMAV","","","",""
"a0sWD00000XpfPGYAZ","005al00000RVcKvAAL","false","HMDA Screen 2","false","false","true","a2GHu00000AhJ06MAF","","","",""
"a0sWD00000XpfPHYAZ","005al00000RVcKvAAL","false","CRA Screen","false","false","true","a2GHu00000AhJ07MAF","","","",""
"a0sWD00000XpfPIYAZ","005al00000RVcKvAAL","false","Balance Details","false","false","true","a2GHu00000AhJ08MAF","","","",""
"a0sWD00000XpfPJYAZ","005al00000RVcKvAAL","false","Loan Information","false","false","true","a2GHu00000AhJ09MAF","","","",""
"a0sWD00000XpfPKYAZ","005al00000RVcKvAAL","false","Booked Details","false","false","true","a2GHu00000AhJ0AMAV","","","",""
"a0sWD00000XpfPLYAZ","005al00000RVcKvAAL","false","Borrowing Structure","false","false","true","a2GHu00000AhJ0BMAV","","","",""
"a0sWD00000XpfPMYAZ","005al00000RVcKvAAL","false","Borrowing Structure Information","false","false","true","a2GHu00000AhJ0CMAV","","","",""
"a0sWD00000XpfPNYAZ","005al00000RVcKvAAL","false","Collateral","false","false","true","a2GHu00000AhJ0DMAV","","","",""
"a0sWD00000XpfPOYAZ","005al00000RVcKvAAL","false","Collateral","false","false","true","a2GHu00000AhJ0EMAV","","","",""
"a0sWD00000XpfPPYAZ","005al00000RVcKvAAL","false","Collateral","false","false","true","a2GHu00000AhJ0FMAV","","","",""
"a0sWD00000XpfPQYAZ","005al00000RVcKvAAL","false","Contacts","false","false","true","a2GHu00000AhJ0GMAV","","","",""
"a0sWD00000XpfPRYAZ","005al00000RVcKvAAL","false","Deposit Products","false","false","true","a2GHu00000AhJ0HMAV","","","",""
"a0sWD00000XpfPSYAZ","005al00000RVcKvAAL","false","HMDA Screen 1","false","false","true","a2GHu00000AhJ0IMAV","","","",""
"a0sWD00000XpfPTYAZ","005al00000RVcKvAAL","false","HMDA Screen 1","false","false","true","a2GHu00000AhJ0JMAV","","","",""
"a0sWD00000XpfPUYAZ","005al00000RVcKvAAL","false","Loan Dashboard Summary Screen","false","false","true","a2GHu00000AhJ0KMAV","","","",""
"a0sWD00000XpfPVYAZ","005al00000RVcKvAAL","false","Loan Products","false","false","true","a2GHu00000AhJ0LMAV","","","",""
"a0sWD00000XpfPWYAZ","005al00000RVcKvAAL","false","Loan Products","false","false","true","a2GHu00000AhJ0MMAV","","","",""
"a0sWD00000XpfPXYAZ","005al00000RVcKvAAL","false","Open Activities","false","false","true","a2GHu00000AhJ0NMAV","","","",""
"a0sWD00000XpfPYYAZ","005al00000RVcKvAAL","false","Other Information","false","false","true","a2GHu00000AhJ0OMAV","","","",""
"a0sWD00000XpfPZYAZ","005al00000RVcKvAAL","false","Overview","false","false","true","a2GHu00000AhJ0PMAV","","","",""
"a0sWD00000XpfPaYAJ","005al00000RVcKvAAL","false","Policy Exceptions","false","false","true","a2GHu00000AhJ0QMAV","","","",""
"a0sWD00000XpfPbYAJ","005al00000RVcKvAAL","false","Product Summary","false","false","true","a2GHu00000AhJ0RMAV","","","",""
"a0sWD00000XpfPcYAJ","005al00000RVcKvAAL","false","Referral","false","false","true","a2GHu00000AhJ0SMAV","","","",""
"a0sWD00000XpfPdYAJ","005al00000RVcKvAAL","false","Relationships","false","false","true","a2GHu00000AhJ0TMAV","","","",""
"a0sWD00000XpfPeYAJ","005al00000RVcKvAAL","false","Contacts","false","false","true","a2GHu00000AhJ0UMAV","","","",""
"a0sWD00000XpfPfYAJ","005al00000RVcKvAAL","false","Participations","false","false","true","a2GHu00000AhJ0WMAV","","","",""
"a0sWD00000XpfPgYAJ","005al00000RVcKvAAL","false","SBA Form 1919","false","false","true","a2GHu00000AhJ0fMAF","","","",""
"a0sWD00000XpfPhYAJ","005al00000RVcKvAAL","false","SBA Form 1920","false","false","true","a2GHu00000AhJ0gMAF","","","",""
"a0sWD00000XpfPiYAJ","005al00000RVcKvAAL","false","SBA Form 1920","false","false","true","a2GHu00000AhJ0hMAF","","","",""
"a0sWD00000XpfPjYAJ","005al00000RVcKvAAL","false","SBA Form 1920","false","false","true","a2GHu00000AhJ0iMAF","","","",""
"a0sWD00000XpfPkYAJ","005al00000RVcKvAAL","false","SBA Form 1920","false","false","true","a2GHu00000AhJ0jMAF","","","",""
"a0sWD00000XpfPlYAJ","005al00000RVcKvAAL","false","SBA Form 601","false","false","true","a2GHu00000AhJ0kMAF","","","",""
"a0sWD00000XpbC2YAJ","005al00000RVcKvAAL","false","Certifications","false","false","true","a2GHu00000AhJ0lMAF","","","",""
"a0sWD00000XpbC3YAJ","005al00000RVcKvAAL","false","Participations","false","false","true","a2GHu00000AhJ0mMAF","","","",""
"a0sWD00000XpbC4YAJ","005al00000RVcKvAAL","false","HMDA Screen 1","false","false","true","a2GHu00000AhJ0nMAF","","","",""
"a0sWD00000XpfV1YAJ","005al00000RVcKvAAL","false","Certifications","false","false","true","a2Gal000002tm1FEAQ","","","",""
"a0sWD00000XpfUhYAJ","005al00000RVcKvAAL","false","Participations","false","false","true","a2Gal000002tm1GEAQ","","","",""
"a0sWD00000XpfUkYAJ","005al00000RVcKvAAL","false","HMDA Screen 1","false","false","true","a2Gal000002tm1HEAQ","","","",""
"a0sWD00000XpfUZYAZ","005al00000RVcKvAAL","false","Collateral Summary","false","false","true","a2Gal000002tm1IEAQ","","","",""
"a0sWD00000XpfUQYAZ","005al00000RVcKvAAL","false","Collateral Details","false","false","true","a2Gal000002tm1JEAQ","","","",""
"a0sWD00000XpfVPYAZ","005al00000RVcKvAAL","false","Certifications","false","false","true","a2Gal000002tm1KEAQ","","","",""
"a0sWD00000XpfUGYAZ","005al00000RVcKvAAL","false","Adverse Action","false","false","true","a2Gal000002tm1LEAQ","","","",""
"a0sWD00000XpfUiYAJ","005al00000RVcKvAAL","false","Attorney Information","false","false","true","a2Gal000002tm1MEAQ","","","",""
"a0sWD00000XpfUdYAJ","005al00000RVcKvAAL","false","Compliance Info","false","false","true","a2Gal000002tm1NEAQ","","","",""
"a0sWD00000XpfUNYAZ","005al00000RVcKvAAL","false","Construction Info","false","false","true","a2Gal000002tm1OEAQ","","","",""
"a0sWD00000XpfUzYAJ","005al00000RVcKvAAL","false","Risk Rating Review","false","false","true","a2Gal000002tm1PEAQ","","","",""
"a0sWD00000XpfV8YAJ","005al00000RVcKvAAL","false","Secondary Market","false","false","true","a2Gal000002tm1QEAQ","","","",""
"a0sWD00000XpfUrYAJ","005al00000RVcKvAAL","false","Structure Information","false","false","true","a2Gal000002tm1REAQ","","","",""
"a0sWD00000XpfUJYAZ","005al00000RVcKvAAL","false","Attorney Information Approved","false","false","true","a2Gal000002tm1SEAQ","","","",""
"a0sWD00000XpfV3YAJ","005al00000RVcKvAAL","false","Key Dates Approved","false","false","true","a2Gal000002tm1TEAQ","","","",""
"a0sWD00000XpfUoYAJ","005al00000RVcKvAAL","false","Post Closing Review Approved","false","false","true","a2Gal000002tm1UEAQ","","","",""
"a0sWD00000XpfUgYAJ","005al00000RVcKvAAL","false","Secondary Market Approved","false","false","true","a2Gal000002tm1VEAQ","","","",""
"a0sWD00000XpfUvYAJ","005al00000RVcKvAAL","false","Structure Information Approved","false","false","true","a2Gal000002tm1WEAQ","","","",""
"a0sWD00000XpfV7YAJ","005al00000RVcKvAAL","false","Fees","false","false","true","a2Gal000002tm1XEAQ","","","",""
"a0sWD00000XpfW0YAJ","005al00000RVcKvAAL","false","Participations","false","false","true","a2Gal000002tm1YEAQ","","","",""
"a0sWD00000XpfUpYAJ","005al00000RVcKvAAL","false","Construction Details","false","false","true","a2Gal000002tm1ZEAQ","","","",""
"a0sWD00000XpfUyYAJ","005al00000RVcKvAAL","false","Loan Dashboard","false","false","true","a2Gal000002tm1aEAA","","","",""
"a0sWD00000XpfUjYAJ","005al00000RVcKvAAL","false","SBA Form 912","false","false","true","a2Gal000002tm1bEAA","","","",""
"a0sWD00000XpfUVYAZ","005al00000RVcKvAAL","false","Loan Application","false","false","true","a2Gal000002tm1cEAA","","","",""
"a0sWD00000XpfUHYAZ","005al00000RVcKvAAL","false","Change of Ownership","false","false","true","a2Gal000002tm1dEAA","","","",""
"a0sWD00000XpfUuYAJ","005al00000RVcKvAAL","false","SBA Form 10","false","false","true","a2Gal000002tm1eEAA","","","",""
"a0sWD00000XpfV4YAJ","005al00000RVcKvAAL","false","SBA Form 159","false","false","true","a2Gal000002tm1fEAA","","","",""
"a0sWD00000XpfV2YAJ","005al00000RVcKvAAL","false","Authorized Users","false","false","true","a2Gal000002tm1gEAA","","","",""
"a0sWD00000XpfUaYAJ","005al00000RVcKvAAL","false","SBA Form 1846","false","false","true","a2Gal000002tm1hEAA","","","",""
"a0sWD00000XpfV0YAJ","005al00000RVcKvAAL","false","Order Entry-Remote-Deposit","false","false","true","a2Gal000002tm1iEAA","","","",""
"a0sWD00000XpfUlYAJ","005al00000RVcKvAAL","false","SBA Form 1919","false","false","true","a2Gal000002tm1jEAA","","","",""
"a0sWD00000XpfUwYAJ","005al00000RVcKvAAL","false","Order Entry-Retail-Lockbox","false","false","true","a2Gal000002tm1kEAA","","","",""
"a0sWD00000XpfUfYAJ","005al00000RVcKvAAL","false","Business Type","false","false","true","a2Gal000002tm1lEAA","","","",""
"a0sWD00000XpfULYAZ","005al00000RVcKvAAL","false","Order Entry-Wire-Transfer","false","false","true","a2Gal000002tm1mEAA","","","",""
"a0sWD00000XpfUIYAZ","005al00000RVcKvAAL","false","Previous SBA Loan","false","false","true","a2Gal000002tm1nEAA","","","",""
"a0sWD00000XpfUWYAZ","005al00000RVcKvAAL","false","Conflict of Interest","false","false","true","a2Gal000002tm1oEAA","","","",""
"a0sWD00000XpfUOYAZ","005al00000RVcKvAAL","false","Activities","false","false","true","a2Gal000002tm1pEAA","","","",""
"a0sWD00000XpfUUYAZ","005al00000RVcKvAAL","false","Primary Account","false","false","true","a2Gal000002tm1qEAA","","","",""
"a0sWD00000XpfVTYAZ","005al00000RVcKvAAL","false","Business Contacts","false","false","true","a2Gal000002tm1rEAA","","","",""
"a0sWD00000XpfUqYAJ","005al00000RVcKvAAL","false","SBA Form 1920","false","false","true","a2Gal000002tm1sEAA","","","",""
"a0sWD00000XpfVZYAZ","005al00000RVcKvAAL","false","Collateral Owned","false","false","true","a2Gal000002tm1tEAA","","","",""
"a0sWD00000XpfUsYAJ","005al00000RVcKvAAL","false","SBA Form 1920","false","false","true","a2Gal000002tm1uEAA","","","",""
"a0sWD00000XpfVbYAJ","005al00000RVcKvAAL","false","Covenants","false","false","true","a2Gal000002tm1vEAA","","","",""
"a0sWD00000XpfV9YAJ","005al00000RVcKvAAL","false","SBA Form 1920","false","false","true","a2Gal000002tm1wEAA","","","",""
"a0sWD00000XpfUtYAJ","005al00000RVcKvAAL","false","Deposits","false","false","true","a2Gal000002tm1xEAA","","","",""
"a0sWD00000XpfVAYAZ","005al00000RVcKvAAL","false","SBA Form 1920","false","false","true","a2Gal000002tm1yEAA","","","",""
"a0sWD00000XpfUSYAZ","005al00000RVcKvAAL","false","Overview","false","false","true","a2Gal000002tm1zEAA","","","",""
"a0sWD00000XpfUxYAJ","005al00000RVcKvAAL","false","SBA Form 1920","false","false","true","a2Gal000002tm20EAA","","","",""
"a0sWD00000XpfWRYAZ","005al00000RVcKvAAL","false","Exposure","false","false","true","a2Gal000002tm21EAA","","","",""
"a0sWD00000XpfUMYAZ","005al00000RVcKvAAL","false","SBA Form 1920","false","false","true","a2Gal000002tm22EAA","","","",""
"a0sWD00000XpfV5YAJ","005al00000RVcKvAAL","false","Loans","false","false","true","a2Gal000002tm23EAA","","","",""
"a0sWD00000XpfUmYAJ","005al00000RVcKvAAL","false","SBA Form 1920","false","false","true","a2Gal000002tm24EAA","","","",""
"a0sWD00000XpfVrYAJ","005al00000RVcKvAAL","false","Opportunities","false","false","true","a2Gal000002tm25EAA","","","",""
"a0sWD00000XpfUXYAZ","005al00000RVcKvAAL","false","Primary Account","false","false","true","a2Gal000002tm26EAA","","","",""
"a0sWD00000XpfVhYAJ","005al00000RVcKvAAL","false","Other Information","false","false","true","a2Gal000002tm27EAA","","","",""
"a0sWD00000XpfV6YAJ","005al00000RVcKvAAL","false","Account Debt","false","false","true","a2Gal000002tm28EAA","","","",""
"a0sWD00000XpfVnYAJ","005al00000RVcKvAAL","false","Product Packages","false","false","true","a2Gal000002tm29EAA","","","",""
"a0sWD00000XpfUPYAZ","005al00000RVcKvAAL","false","SBA Form 652","false","false","true","a2Gal000002tm2AEAQ","","","",""
"a0sWD00000XpfVtYAJ","005al00000RVcKvAAL","false","Referrals","false","false","true","a2Gal000002tm2BEAQ","","","",""
"a0sWD00000XpfUKYAZ","005al00000RVcKvAAL","false","SBA Form G845","false","false","true","a2Gal000002tm2CEAQ","","","",""
"a0sWD00000XpfVvYAJ","005al00000RVcKvAAL","false","Risk Rating Reviews","false","false","true","a2Gal000002tm2DEAQ","","","",""
"a0sWD00000XpfUcYAJ","005al00000RVcKvAAL","false","Injections","false","false","true","a2Gal000002tm2EEAQ","","","",""
"a0sWD00000XpfVxYAJ","005al00000RVcKvAAL","false","Service Requests","false","false","true","a2Gal000002tm2FEAQ","","","",""
"a0sWD00000XpfUbYAJ","005al00000RVcKvAAL","false","Liens","false","false","true","a2Gal000002tm2GEAQ","","","",""
"a0sWD00000XpfVyYAJ","005al00000RVcKvAAL","false","Site Visits","false","false","true","a2Gal000002tm2HEAQ","","","",""
"a0sWD00000XpfUTYAZ","005al00000RVcKvAAL","false","Loan Information","false","false","true","a2Gal000002tm2IEAQ","","","",""
"a0sWD00000XpfVzYAJ","005al00000RVcKvAAL","false","Treasury","false","false","true","a2Gal000002tm2JEAQ","","","",""
"a0sWD00000XpfURYAZ","005al00000RVcKvAAL","false","Pricing","false","false","true","a2Gal000002tm2KEAQ","","","",""
"a0sWD00000XpfUeYAJ","005al00000RVcKvAAL","false","Loan Partner","false","false","true","a2Gal000002tm2LEAQ","","","",""
"a0sWD00000XpfUnYAJ","005al00000RVcKvAAL","false","Use of Proceeds","false","false","true","a2Gal000002tm2MEAQ","","","",""
"a0sWD00000XpfVfYAJ","005al00000RVcKvAAL","false","HMDA Screen 1","false","false","true","a2Gal000002tm2NEAQ","","","",""
"a0sWD00000XpfVVYAZ","005al00000RVcKvAAL","false","HMDA Screen 2","false","false","true","a2Gal000002tm2OEAQ","","","",""
"a0sWD00000XpfVYYAZ","005al00000RVcKvAAL","false","CRA Screen","false","false","true","a2Gal000002tm2PEAQ","","","",""
"a0sWD00000XpfVdYAJ","005al00000RVcKvAAL","false","Balance Details","false","false","true","a2Gal000002tm2QEAQ","","","",""
"a0sWD00000XpfVQYAZ","005al00000RVcKvAAL","false","Loan Information","false","false","true","a2Gal000002tm2REAQ","","","",""
"a0sWD00000XpfVeYAJ","005al00000RVcKvAAL","false","Booked Details","false","false","true","a2Gal000002tm2SEAQ","","","",""
"a0sWD00000XpfVRYAZ","005al00000RVcKvAAL","false","Borrowing Structure","false","false","true","a2Gal000002tm2TEAQ","","","",""
"a0sWD00000XpfVSYAZ","005al00000RVcKvAAL","false","Borrowing Structure Information","false","false","true","a2Gal000002tm2UEAQ","","","",""
"a0sWD00000XpfVUYAZ","005al00000RVcKvAAL","false","Collateral","false","false","true","a2Gal000002tm2VEAQ","","","",""
"a0sWD00000XpfVWYAZ","005al00000RVcKvAAL","false","Collateral","false","false","true","a2Gal000002tm2WEAQ","","","",""
"a0sWD00000XpfVXYAZ","005al00000RVcKvAAL","false","Collateral","false","false","true","a2Gal000002tm2XEAQ","","","",""
"a0sWD00000XpfVaYAJ","005al00000RVcKvAAL","false","Contacts","false","false","true","a2Gal000002tm2YEAQ","","","",""
"a0sWD00000XpfVcYAJ","005al00000RVcKvAAL","false","Deposit Products","false","false","true","a2Gal000002tm2ZEAQ","","","",""
"a0sWD00000XpfWSYAZ","005al00000RVcKvAAL","false","SBA Form 1919","false","false","true","a2Gal000002tm2aEAA","","","",""
"a0sWD00000XpfVgYAJ","005al00000RVcKvAAL","false","HMDA Screen 1","false","false","true","a2Gal000002tm2bEAA","","","",""
"a0sWD00000XpfWTYAZ","005al00000RVcKvAAL","false","SBA Form 1920","false","false","true","a2Gal000002tm2cEAA","","","",""
"a0sWD00000XpfVkYAJ","005al00000RVcKvAAL","false","Loan Dashboard Summary Screen","false","false","true","a2Gal000002tm2dEAA","","","",""
"a0sWD00000XpfWUYAZ","005al00000RVcKvAAL","false","SBA Form 1920","false","false","true","a2Gal000002tm2eEAA","","","",""
"a0sWD00000XpfVmYAJ","005al00000RVcKvAAL","false","Loan Products","false","false","true","a2Gal000002tm2fEAA","","","",""
"a0sWD00000XpfWVYAZ","005al00000RVcKvAAL","false","SBA Form 1920","false","false","true","a2Gal000002tm2gEAA","","","",""
"a0sWD00000XpfVoYAJ","005al00000RVcKvAAL","false","Loan Products","false","false","true","a2Gal000002tm2hEAA","","","",""
"a0sWD00000XpfWWYAZ","005al00000RVcKvAAL","false","SBA Form 1920","false","false","true","a2Gal000002tm2iEAA","","","",""
"a0sWD00000XpfVqYAJ","005al00000RVcKvAAL","false","Open Activities","false","false","true","a2Gal000002tm2jEAA","","","",""
"a0sWD00000XpfWXYAZ","005al00000RVcKvAAL","false","SBA Form 601","false","false","true","a2Gal000002tm2kEAA","","","",""
"a0sWD00000XpfViYAJ","005al00000RVcKvAAL","false","Other Information","false","false","true","a2Gal000002tm2lEAA","","","",""
"a0sWD00000XpfVjYAJ","005al00000RVcKvAAL","false","Overview","false","false","true","a2Gal000002tm2mEAA","","","",""
"a0sWD00000XpfVlYAJ","005al00000RVcKvAAL","false","Policy Exceptions","false","false","true","a2Gal000002tm2nEAA","","","",""
"a0sWD00000XpfVpYAJ","005al00000RVcKvAAL","false","Product Summary","false","false","true","a2Gal000002tm2oEAA","","","",""
"a0sWD00000XpfVsYAJ","005al00000RVcKvAAL","false","Referral","false","false","true","a2Gal000002tm2pEAA","","","",""
"a0sWD00000XpfVuYAJ","005al00000RVcKvAAL","false","Relationships","false","false","true","a2Gal000002tm2qEAA","","","",""
"a0sWD00000XpfVwYAJ","005al00000RVcKvAAL","false","Contacts","false","false","true","a2Gal000002tm2rEAA","","","",""
"a0sWD00000XpfTCYAZ","005al00000RVcKvAAL","false","Standard Review Credit Memo (Product Package)","true","false","true","a2Gbn000000hcbo","","","",""
"a0sWD00000XpfRqYAJ","005al00000RVcKvAAL","false","Collateral Summary","false","false","true","a2Gbn000000hccXEAQ","","","",""
"a0sWD00000XpfRrYAJ","005al00000RVcKvAAL","false","Collateral Details","false","false","true","a2Gbn000000hccYEAQ","","","",""
"a0sWD00000XpfTDYAZ","005al00000RVcKvAAL","false","Adverse Action","false","false","true","a2Gbn000000hce3EAA","","","",""
"a0sWD00000XpfTEYAZ","005al00000RVcKvAAL","false","Attorney Information","false","false","true","a2Gbn000000hce4EAA","","","",""
"a0sWD00000XpfTFYAZ","005al00000RVcKvAAL","false","Compliance Info","false","false","true","a2Gbn000000hce7EAA","","","",""
"a0sWD00000XpfTGYAZ","005al00000RVcKvAAL","false","Construction Info","false","false","true","a2Gbn000000hce8EAA","","","",""
"a0sWD00000XpfTHYAZ","005al00000RVcKvAAL","false","Risk Rating Review","false","false","true","a2Gbn000000hceCEAQ","","","",""
"a0sWD00000XpfTIYAZ","005al00000RVcKvAAL","false","Secondary Market","false","false","true","a2Gbn000000hceDEAQ","","","",""
"a0sWD00000XpfTJYAZ","005al00000RVcKvAAL","false","Structure Information","false","false","true","a2Gbn000000hceEEAQ","","","",""
"a0sWD00000XpfTKYAZ","005al00000RVcKvAAL","false","Attorney Information Approved","false","false","true","a2Gbn000000hceGEAQ","","","",""
"a0sWD00000XpfTLYAZ","005al00000RVcKvAAL","false","Key Dates Approved","false","false","true","a2Gbn000000hceHEAQ","","","",""
"a0sWD00000XpfTMYAZ","005al00000RVcKvAAL","false","Post Closing Review Approved","false","false","true","a2Gbn000000hceJEAQ","","","",""
"a0sWD00000XpfTNYAZ","005al00000RVcKvAAL","false","Secondary Market Approved","false","false","true","a2Gbn000000hceKEAQ","","","",""
"a0sWD00000XpfTOYAZ","005al00000RVcKvAAL","false","Structure Information Approved","false","false","true","a2Gbn000000hceLEAQ","","","",""
"a0sWD00000XpfRsYAJ","005al00000RVcKvAAL","false","Fees","false","false","true","a2Gbn000000hceMEAQ","","","",""
"a0sWD00000XpfRtYAJ","005al00000RVcKvAAL","false","Construction Details","false","false","true","a2Gbn000000hceUEAQ","","","",""
"a0sWD00000XpfRuYAJ","005al00000RVcKvAAL","false","Loan Dashboard","false","false","true","a2Gbn000000hceVEAQ","","","",""
"a0sWD00000XpfTPYAZ","005al00000RVcKvAAL","false","Authorized Users","false","false","true","a2Gbn000000hceaEAA","","","",""
"a0sWD00000XpfTQYAZ","005al00000RVcKvAAL","false","Order Entry-Remote-Deposit","false","false","true","a2Gbn000000hcebEAA","","","",""
"a0sWD00000XpfTRYAZ","005al00000RVcKvAAL","false","Order Entry-Retail-Lockbox","false","false","true","a2Gbn000000hcecEAA","","","",""
"a0sWD00000XpfTSYAZ","005al00000RVcKvAAL","false","Order Entry-Wire-Transfer","false","false","true","a2Gbn000000hcedEAA","","","",""
"a0sWD00000XpfRvYAJ","005al00000RVcKvAAL","false","Activities","false","false","true","a2Gbn000000hcefEAA","","","",""
"a0sWD00000XpfRwYAJ","005al00000RVcKvAAL","false","Business Contacts","false","false","true","a2Gbn000000hcegEAA","","","",""
"a0sWD00000XpfRxYAJ","005al00000RVcKvAAL","false","Collateral Owned","false","false","true","a2Gbn000000hcehEAA","","","",""
"a0sWD00000XpfRyYAJ","005al00000RVcKvAAL","false","Covenants","false","false","true","a2Gbn000000hceiEAA","","","",""
"a0sWD00000XpfRzYAJ","005al00000RVcKvAAL","false","Deposits","false","false","true","a2Gbn000000hcejEAA","","","",""
"a0sWD00000XpfS0YAJ","005al00000RVcKvAAL","false","Overview","false","false","true","a2Gbn000000hcekEAA","","","",""
"a0sWD00000XpfS1YAJ","005al00000RVcKvAAL","false","Exposure","false","false","true","a2Gbn000000hcelEAA","","","",""
"a0sWD00000XpfS2YAJ","005al00000RVcKvAAL","false","Loans","false","false","true","a2Gbn000000hcemEAA","","","",""
"a0sWD00000XpfS3YAJ","005al00000RVcKvAAL","false","Opportunities","false","false","true","a2Gbn000000hcenEAA","","","",""
"a0sWD00000XpfS4YAJ","005al00000RVcKvAAL","false","Other Information","false","false","true","a2Gbn000000hceoEAA","","","",""
"a0sWD00000XpfS5YAJ","005al00000RVcKvAAL","false","Product Packages","false","false","true","a2Gbn000000hcepEAA","","","",""
"a0sWD00000XpfS6YAJ","005al00000RVcKvAAL","false","Referrals","false","false","true","a2Gbn000000hceqEAA","","","",""
"a0sWD00000XpfS7YAJ","005al00000RVcKvAAL","false","Risk Rating Reviews","false","false","true","a2Gbn000000hcerEAA","","","",""
"a0sWD00000XpfS8YAJ","005al00000RVcKvAAL","false","Service Requests","false","false","true","a2Gbn000000hcesEAA","","","",""
"a0sWD00000XpfS9YAJ","005al00000RVcKvAAL","false","Site Visits","false","false","true","a2Gbn000000hcetEAA","","","",""
"a0sWD00000XpfSAYAZ","005al00000RVcKvAAL","false","Treasury","false","false","true","a2Gbn000000hceuEAA","","","",""
"a0sWD00000XpfSBYAZ","005al00000RVcKvAAL","false","SBA Form 912","false","false","true","a2Gbn000000hcewEAA","","","",""
"a0sWD00000XpfSCYAZ","005al00000RVcKvAAL","false","Loan Application","false","false","true","a2Gbn000000hcexEAA","","","",""
"a0sWD00000XpfSDYAZ","005al00000RVcKvAAL","false","Change of Ownership","false","false","true","a2Gbn000000hceyEAA","","","",""
"a0sWD00000XpfSEYAZ","005al00000RVcKvAAL","false","SBA Form 10","false","false","true","a2Gbn000000hcezEAA","","","",""
"a0sWD00000XpfSFYAZ","005al00000RVcKvAAL","false","SBA Form 159","false","false","true","a2Gbn000000hcf0EAA","","","",""
"a0sWD00000XpfSGYAZ","005al00000RVcKvAAL","false","SBA Form 1846","false","false","true","a2Gbn000000hcf1EAA","","","",""
"a0sWD00000XpfSHYAZ","005al00000RVcKvAAL","false","SBA Form 1919","false","false","true","a2Gbn000000hcf2EAA","","","",""
"a0sWD00000XpfSIYAZ","005al00000RVcKvAAL","false","Business Type","false","false","true","a2Gbn000000hcf3EAA","","","",""
"a0sWD00000XpfSJYAZ","005al00000RVcKvAAL","false","Previous SBA Loan","false","false","true","a2Gbn000000hcf4EAA","","","",""
"a0sWD00000XpfSKYAZ","005al00000RVcKvAAL","false","Conflict of Interest","false","false","true","a2Gbn000000hcf5EAA","","","",""
"a0sWD00000XpfSLYAZ","005al00000RVcKvAAL","false","Primary Account","false","false","true","a2Gbn000000hcf6EAA","","","",""
"a0sWD00000XpfSMYAZ","005al00000RVcKvAAL","false","SBA Form 1920","false","false","true","a2Gbn000000hcf7EAA","","","",""
"a0sWD00000XpfSNYAZ","005al00000RVcKvAAL","false","SBA Form 1920","false","false","true","a2Gbn000000hcf8EAA","","","",""
"a0sWD00000XpfSOYAZ","005al00000RVcKvAAL","false","SBA Form 1920","false","false","true","a2Gbn000000hcf9EAA","","","",""
"a0sWD00000XpfSPYAZ","005al00000RVcKvAAL","false","SBA Form 1920","false","false","true","a2Gbn000000hcfAEAQ","","","",""
"a0sWD00000XpfSQYAZ","005al00000RVcKvAAL","false","SBA Form 1920","false","false","true","a2Gbn000000hcfBEAQ","","","",""
"a0sWD00000XpfSRYAZ","005al00000RVcKvAAL","false","SBA Form 1920","false","false","true","a2Gbn000000hcfCEAQ","","","",""
"a0sWD00000XpfSSYAZ","005al00000RVcKvAAL","false","SBA Form 1920","false","false","true","a2Gbn000000hcfDEAQ","","","",""
"a0sWD00000XpfSTYAZ","005al00000RVcKvAAL","false","Primary Account","false","false","true","a2Gbn000000hcfEEAQ","","","",""
"a0sWD00000XpfSUYAZ","005al00000RVcKvAAL","false","Account Debt","false","false","true","a2Gbn000000hcfFEAQ","","","",""
"a0sWD00000XpfSVYAZ","005al00000RVcKvAAL","false","SBA Form 652","false","false","true","a2Gbn000000hcfGEAQ","","","",""
"a0sWD00000XpfSWYAZ","005al00000RVcKvAAL","false","SBA Form G845","false","false","true","a2Gbn000000hcfHEAQ","","","",""
"a0sWD00000XpfSXYAZ","005al00000RVcKvAAL","false","Injections","false","false","true","a2Gbn000000hcfIEAQ","","","",""
"a0sWD00000XpfTTYAZ","005al00000RVcKvAAL","false","Liens","false","false","true","a2Gbn000000hcfJEAQ","","","",""
"a0sWD00000XpfSYYAZ","005al00000RVcKvAAL","false","Loan Information","false","false","true","a2Gbn000000hcfKEAQ","","","",""
"a0sWD00000XpfSZYAZ","005al00000RVcKvAAL","false","Pricing","false","false","true","a2Gbn000000hcfLEAQ","","","",""
"a0sWD00000XpfSaYAJ","005al00000RVcKvAAL","false","Loan Partner","false","false","true","a2Gbn000000hcfMEAQ","","","",""
"a0sWD00000XpfSbYAJ","005al00000RVcKvAAL","false","Use of Proceeds","false","false","true","a2Gbn000000hcfNEAQ","","","",""
"a0sWD00000XpfTUYAZ","005al00000RVcKvAAL","false","Certifications","false","false","true","a2Gbn000000hchQEAQ","","","",""
"a0sWD00000XpfTVYAZ","005al00000RVcKvAAL","false","HMDA Screen 2","false","false","true","a2Gbn000000hchzEAA","","","",""
"a0sWD00000XpfTWYAZ","005al00000RVcKvAAL","false","CRA Screen","false","false","true","a2Gbn000000hci0EAA","","","",""
"a0sWD00000XpfTXYAZ","005al00000RVcKvAAL","false","Balance Details","false","false","true","a2Gbn000000hci1EAA","","","",""
"a0sWD00000XpfTYYAZ","005al00000RVcKvAAL","false","Loan Information","false","false","true","a2Gbn000000hci2EAA","","","",""
"a0sWD00000XpfTZYAZ","005al00000RVcKvAAL","false","Booked Details","false","false","true","a2Gbn000000hci3EAA","","","",""
"a0sWD00000XpfTaYAJ","005al00000RVcKvAAL","false","Borrowing Structure","false","false","true","a2Gbn000000hci4EAA","","","",""
"a0sWD00000XpfTbYAJ","005al00000RVcKvAAL","false","Borrowing Structure Information","false","false","true","a2Gbn000000hci5EAA","","","",""
"a0sWD00000XpfTcYAJ","005al00000RVcKvAAL","false","Collateral","false","false","true","a2Gbn000000hci6EAA","","","",""
"a0sWD00000XpfTdYAJ","005al00000RVcKvAAL","false","Collateral","false","false","true","a2Gbn000000hci7EAA","","","",""
"a0sWD00000XpfTeYAJ","005al00000RVcKvAAL","false","Collateral","false","false","true","a2Gbn000000hci8EAA","","","",""
"a0sWD00000XpfTfYAJ","005al00000RVcKvAAL","false","Contacts","false","false","true","a2Gbn000000hci9EAA","","","",""
"a0sWD00000XpfTgYAJ","005al00000RVcKvAAL","false","Deposit Products","false","false","true","a2Gbn000000hciAEAQ","","","",""
"a0sWD00000XpfThYAJ","005al00000RVcKvAAL","false","HMDA Screen 1","false","false","true","a2Gbn000000hciBEAQ","","","",""
"a0sWD00000XpfTiYAJ","005al00000RVcKvAAL","false","HMDA Screen 1","false","false","true","a2Gbn000000hciCEAQ","","","",""
"a0sWD00000XpfTjYAJ","005al00000RVcKvAAL","false","Loan Dashboard Summary Screen","false","false","true","a2Gbn000000hciDEAQ","","","",""
"a0sWD00000XpfTkYAJ","005al00000RVcKvAAL","false","Loan Products","false","false","true","a2Gbn000000hciEEAQ","","","",""
"a0sWD00000XpfTlYAJ","005al00000RVcKvAAL","false","Loan Products","false","false","true","a2Gbn000000hciFEAQ","","","",""
"a0sWD00000XpfTmYAJ","005al00000RVcKvAAL","false","Open Activities","false","false","true","a2Gbn000000hciGEAQ","","","",""
"a0sWD00000XpfTnYAJ","005al00000RVcKvAAL","false","Other Information","false","false","true","a2Gbn000000hciHEAQ","","","",""
"a0sWD00000XpfToYAJ","005al00000RVcKvAAL","false","Overview","false","false","true","a2Gbn000000hciIEAQ","","","",""
"a0sWD00000XpfTpYAJ","005al00000RVcKvAAL","false","Policy Exceptions","false","false","true","a2Gbn000000hciJEAQ","","","",""
"a0sWD00000XpfTqYAJ","005al00000RVcKvAAL","false","Product Summary","false","false","true","a2Gbn000000hciKEAQ","","","",""
"a0sWD00000XpfTrYAJ","005al00000RVcKvAAL","false","Referral","false","false","true","a2Gbn000000hciLEAQ","","","",""
"a0sWD00000XpfTsYAJ","005al00000RVcKvAAL","false","Relationships","false","false","true","a2Gbn000000hciMEAQ","","","",""
"a0sWD00000XpfTtYAJ","005al00000RVcKvAAL","false","Contacts","false","false","true","a2Gbn000000hciNEAQ","","","",""
"a0sWD00000XpfTuYAJ","005al00000RVcKvAAL","false","Participations","false","false","true","a2Gbn000000hciPEAQ","","","",""
"a0sWD00000XpfTvYAJ","005al00000RVcKvAAL","false","SBA Form 1919","false","false","true","a2Gbn000000hciZEAQ","","","",""
"a0sWD00000XpfTwYAJ","005al00000RVcKvAAL","false","SBA Form 1920","false","false","true","a2Gbn000000hciaEAA","","","",""
"a0sWD00000XpfTxYAJ","005al00000RVcKvAAL","false","SBA Form 1920","false","false","true","a2Gbn000000hcibEAA","","","",""
"a0sWD00000XpfTyYAJ","005al00000RVcKvAAL","false","SBA Form 1920","false","false","true","a2Gbn000000hcicEAA","","","",""
"a0sWD00000XpfTzYAJ","005al00000RVcKvAAL","false","SBA Form 1920","false","false","true","a2Gbn000000hcidEAA","","","",""
"a0sWD00000XpfU0YAJ","005al00000RVcKvAAL","false","SBA Form 601","false","false","true","a2Gbn000000hcieEAA","","","",""
"a0sWD00000XpfScYAJ","005al00000RVcKvAAL","false","Certifications","false","false","true","a2Gbn000000hcifEAA","","","",""
"a0sWD00000XpfSdYAJ","005al00000RVcKvAAL","false","Participations","false","false","true","a2Gbn000000hcigEAA","","","",""
"a0sWD00000XpfSeYAJ","005al00000RVcKvAAL","false","HMDA Screen 1","false","false","true","a2Gbn000000hcihEAA","","","",""
"a0sWD00000XpfPmYAJ","005al00000RVcKvAAL","false","Online Banking","false","false","true","a343g000000gcngAAA","","","",""
"a0sWD00000XpfPnYAJ","005al00000RVcKvAAL","false","Overdraft Protection","false","false","true","a343g000000gcnhAAA","","","",""
"a0sWD00000XpfPoYAJ","005al00000RVcKvAAL","false","Standard Review Credit Memo (Product Package)","true","false","true","a343g000000gcnpAAA","","","",""
"a0sWD00000XpfPpYAJ","005al00000RVcKvAAL","false","Possessory Securities","false","false","true","a343g000000gcozAAA","","","",""
"a0sWD00000XpfPqYAJ","005al00000RVcKvAAL","false","Real Estate","false","false","true","a343g000000gcp6AAA","","","",""
"a0sWD00000XpfPrYAJ","005al00000RVcKvAAL","false","Accounts Receivable","false","false","true","a343g000000gcp7AAA","","","",""
"a0sWD00000XpfPsYAJ","005al00000RVcKvAAL","false","Collateral Equipment","false","false","true","a343g000000gcp8AAA","","","",""
"a0sWD00000XpfPtYAJ","005al00000RVcKvAAL","false","Titled Motor Vehicle","false","false","true","a343g000000gcpAAAQ","","","",""
"a0sWD00000XpfPuYAJ","005al00000RVcKvAAL","false","Titled Boat","false","false","true","a343g000000gcpBAAQ","","","",""
"a0sWD00000XpfPvYAJ","005al00000RVcKvAAL","false","Collateral Inventory","false","false","true","a343g000000gcpDAAQ","","","",""
"a0sWD00000XpbC5YAJ","005al00000RVcKvAAL","false","Collateral2","false","false","true","a343g000000gcpFAAQ","","","",""
"a0sWD00000XpfPwYAJ","005al00000RVcKvAAL","false","Deposit Details","false","false","true","a343g000000gcq0AAA","","","",""
"a0sWD00000XpfPxYAJ","005al00000RVcKvAAL","false","Savings Details","false","false","true","a343g000000gcq1AAA","","","",""
"a0sWD00000XpfPyYAJ","005al00000RVcKvAAL","false","Retirement Details","false","false","true","a343g000000gcq2AAA","","","",""
"a0sWD00000XpfPzYAJ","005al00000RVcKvAAL","false","CD Details","false","false","true","a343g000000gcq3AAA","","","",""
"a0sWD00000XpfQ0YAJ","005al00000RVcKvAAL","false","Overdraft Details","false","false","true","a343g000000gcq4AAA","","","",""
"a0sWD00000XpbC6YAJ","005al00000RVcKvAAL","false","Loan covenants","false","false","true","a343g000000gcqEAAQ","","","",""
"a0sWD00000XpbC7YAJ","005al00000RVcKvAAL","false","Relationship covenants","false","false","true","a343g000000gcqFAAQ","","","",""
"a0sWD00000XpbC8YAJ","005al00000RVcKvAAL","false","Covenant Compliances","false","false","true","a343g000000gcqGAAQ","","","",""
"a0sWD00000XpbC9YAJ","005al00000RVcKvAAL","false","Preliminary Information","false","false","true","a343g000000gcqHAAQ","","","",""
"a0sWD00000XpbCAYAZ","005al00000RVcKvAAL","false","Online Application Details UI","false","false","true","a343g000000gcqIAAQ","","","",""
"a0sWD00000XpbCBYAZ","005al00000RVcKvAAL","false","SBA Application Details","false","false","true","a343g000000gcqJAAQ","","","",""
"a0sWD00000XpbCCYAZ","005al00000RVcKvAAL","false","Unavailable Credit Information","false","false","true","a343g000000gcqKAAQ","","","",""
"a0sWD00000XpbCDYAZ","005al00000RVcKvAAL","false","Loan Details Application UI","false","false","true","a343g000000gcqLAAQ","","","",""
"a0sWD00000XpbCEYAZ","005al00000RVcKvAAL","false","Online App Deposits UI","false","false","true","a343g000000gcqMAAQ","","","",""
"a0sWD00000XpbCFYAZ","005al00000RVcKvAAL","false","Contexts Relationship UI","false","false","true","a343g000000gcqNAAQ","","","",""
"a0sWD00000XpbCGYAZ","005al00000RVcKvAAL","false","Use of Proceeds UI","false","false","true","a343g000000gcqOAAQ","","","",""
"a0sWD00000XpbCHYAZ","005al00000RVcKvAAL","false","SBA Application Change of Ownership UI","false","false","true","a343g000000gcqPAAQ","","","",""
"a0sWD00000XpfQ1YAJ","005al00000RVcKvAAL","false","CD Renewal","false","false","true","a343g000000gcqVAAQ","","","",""
"a0sWD00000XpbCIYAZ","005al00000RVcKvAAL","false","Opportunity History","false","false","true","a343g000000gcqwAAA","","","",""
"a0sWD00000XpfQ2YAJ","005al00000RVcKvAAL","false","Relationship Information","false","false","true","a343g000000gcr0AAA","","","",""
"a0sWD00000XpfQ3YAJ","005al00000RVcKvAAL","false","Review Information","false","false","true","a343g000000gcr1AAA","","","",""
"a0sWD00000XpbELYAZ","005al00000RVcKvAAL","false","SBL Eligibility","false","false","true","a343g000000gcr3AAA","","","",""
"a0sWD00000XpbCJYAZ","005al00000RVcKvAAL","false","Consumer Personal","false","false","true","a343g000000gcr4AAA","","","",""
"a0sWD00000XpbCKYAZ","005al00000RVcKvAAL","false","Deposit Rate Table","false","false","true","a343g000000gcrFAAQ","","","",""
"a0sWD00000XpbCLYAZ","005al00000RVcKvAAL","false","Needs Assessment","false","false","true","a343g000000gcrGAAQ","","","",""
"a0sWD00000XpbCMYAZ","005al00000RVcKvAAL","false","Personal Info","false","false","true","a343g000000gcrHAAQ","","","",""
"a0sWD00000XpbCNYAZ","005al00000RVcKvAAL","false","Work Information","false","false","true","a343g000000gcrIAAQ","","","",""
"a0sWD00000XpbCOYAZ","005al00000RVcKvAAL","false","Loans and Credit","false","false","true","a343g000000gcrJAAQ","","","",""
"a0sWD00000XpbCPYAZ","005al00000RVcKvAAL","false","Legal Proccessing","false","false","true","a343g000000gcrKAAQ","","","",""
"a0sWD00000XpbCQYAZ","005al00000RVcKvAAL","false","Mortgage Product","false","false","true","a343g000000gcrLAAQ","","","",""
"a0sWD00000XpbCRYAZ","005al00000RVcKvAAL","false","Financial Difficulty","false","false","true","a343g000000gcrUAAQ","","","",""
"a0sWD00000XpfQ4YAJ","005al00000RVcKvAAL","false","Order Entry-Wire-Transfer","false","false","true","a343g000000gcwNAAQ","","","",""
"a0sWD00000XpfQ5YAJ","005al00000RVcKvAAL","false","Order Entry-Remote-Deposit","false","false","true","a343g000000gcwOAAQ","","","",""
"a0sWD00000XpfQ6YAJ","005al00000RVcKvAAL","false","Order Entry-Retail-Lockbox","false","false","true","a343g000000gcwPAAQ","","","",""
"a0sWD00000XpbCSYAZ","005al00000RVcKvAAL","false","Certifications","false","false","true","a343g000000gcwiAAA","","","",""
"a0sWD00000XpbCTYAZ","005al00000RVcKvAAL","false","Conditions","false","false","true","a343g000000gcwvAAA","","","",""
"a0sWD00000XpfQ7YAJ","005al00000RVcKvAAL","false","Collateral Pledged","false","false","true","a343g000000gcwwAAA","","","",""
"a0sWD00000XpbCUYAZ","005al00000RVcKvAAL","false","Loan Details-Card","false","false","true","a343g000000gcwyAAA","","","",""
"a0sWD00000XpfQ8YAJ","005al00000RVcKvAAL","false","Deposit Details","false","false","true","a343g000000gcx4AAA","","","",""
"a0sWD00000XpfQ9YAJ","005al00000RVcKvAAL","false","CD Product Details","false","false","true","a343g000000gcx5AAA","","","",""
"a0sWD00000XpfQAYAZ","005al00000RVcKvAAL","false","Checking Dep Account Open","false","false","true","a343g000000gcxAAAQ","","","",""
"a0sWD00000XpfQBYAZ","005al00000RVcKvAAL","false","CD Deposit Acct Open","false","false","true","a343g000000gcxBAAQ","","","",""
"a0sWD00000XpfQCYAZ","005al00000RVcKvAAL","false","Relationship Statistics","false","false","true","a343g000000gcxCAAQ","","","",""
"a0sWD00000XpfQDYAZ","005al00000RVcKvAAL","false","ID Verification","false","false","true","a343g000000gcxDAAQ","","","",""
"a0sWD00000XpfQEYAZ","005al00000RVcKvAAL","false","Funding Methods","false","false","true","a343g000000gcxIAAQ","","","",""
"a0sWD00000XpfQFYAZ","005al00000RVcKvAAL","false","Ancillary Services","false","false","true","a343g000000gcxNAAQ","","","",""
"a0sWD00000XpfQGYAZ","005al00000RVcKvAAL","false","Debit Card","false","false","true","a343g000000gcxaAAA","","","",""
"a0sWD00000XpfQHYAZ","005al00000RVcKvAAL","false","ATM Card","false","false","true","a343g000000gcxbAAA","","","",""
"a0sWD00000XpfQIYAZ","005al00000RVcKvAAL","false","Checks","false","false","true","a343g000000gcxcAAA","","","",""
"a0sWD00000XpfQJYAZ","005al00000RVcKvAAL","false","Titled Aircraft","false","false","true","a343g000000gcxdAAA","","","",""
"a0sWD00000XpfQKYAZ","005al00000RVcKvAAL","false","Loan Credit Memo","false","false","true","a343g000000gczGAAQ","","","",""
"a0sWD00000XpfQLYAZ","005al00000RVcKvAAL","false","Online Banking","false","false","true","a344x000000kHzrAAE","","","",""
"a0sWD00000XpfQMYAZ","005al00000RVcKvAAL","false","Overdraft Protection","false","false","true","a344x000000kHzsAAE","","","",""
"a0sWD00000XpfQNYAZ","005al00000RVcKvAAL","false","Collateral2","false","false","true","a344x000000kI1QAAU","","","",""
"a0sWD00000XpfQOYAZ","005al00000RVcKvAAL","false","Loan covenants","false","false","true","a344x000000kI2PAAU","","","",""
"a0sWD00000XpfQPYAZ","005al00000RVcKvAAL","false","Relationship covenants","false","false","true","a344x000000kI2QAAU","","","",""
"a0sWD00000XpfQQYAZ","005al00000RVcKvAAL","false","Covenant Compliances","false","false","true","a344x000000kI2RAAU","","","",""
"a0sWD00000XpfQRYAZ","005al00000RVcKvAAL","false","Preliminary Information","false","false","true","a344x000000kI2SAAU","","","",""
"a0sWD00000XpfQSYAZ","005al00000RVcKvAAL","false","Online Application Details UI","false","false","true","a344x000000kI2TAAU","","","",""
"a0sWD00000XpfQTYAZ","005al00000RVcKvAAL","false","SBA Application Details","false","false","true","a344x000000kI2UAAU","","","",""
"a0sWD00000XpfQUYAZ","005al00000RVcKvAAL","false","Unavailable Credit Information","false","false","true","a344x000000kI2VAAU","","","",""
"a0sWD00000XpfQVYAZ","005al00000RVcKvAAL","false","Loan Details Application UI","false","false","true","a344x000000kI2WAAU","","","",""
"a0sWD00000XpfQWYAZ","005al00000RVcKvAAL","false","Online App Deposits UI","false","false","true","a344x000000kI2XAAU","","","",""
"a0sWD00000XpfQXYAZ","005al00000RVcKvAAL","false","Contexts Relationship UI","false","false","true","a344x000000kI2YAAU","","","",""
"a0sWD00000XpfQYYAZ","005al00000RVcKvAAL","false","Use of Proceeds UI","false","false","true","a344x000000kI2ZAAU","","","",""
"a0sWD00000XpfQZYAZ","005al00000RVcKvAAL","false","SBA Application Change of Ownership UI","false","false","true","a344x000000kI2aAAE","","","",""
"a0sWD00000XpfQaYAJ","005al00000RVcKvAAL","false","CD Renewal","false","false","true","a344x000000kI2gAAE","","","",""
"a0sWD00000XpfQbYAJ","005al00000RVcKvAAL","false","Opportunity History","false","false","true","a344x000000kI37AAE","","","",""
"a0sWD00000XpfQcYAJ","005al00000RVcKvAAL","false","SBL Eligibility","false","false","true","a344x000000kI3EAAU","","","",""
"a0sWD00000XpfQdYAJ","005al00000RVcKvAAL","false","Consumer Personal","false","false","true","a344x000000kI3FAAU","","","",""
"a0sWD00000XpfQeYAJ","005al00000RVcKvAAL","false","Deposit Rate Table","false","false","true","a344x000000kI3QAAU","","","",""
"a0sWD00000XpfQfYAJ","005al00000RVcKvAAL","false","Needs Assessment","false","false","true","a344x000000kI3RAAU","","","",""
"a0sWD00000XpfQgYAJ","005al00000RVcKvAAL","false","Personal Info","false","false","true","a344x000000kI3SAAU","","","",""
"a0sWD00000XpfQhYAJ","005al00000RVcKvAAL","false","Work Information","false","false","true","a344x000000kI3TAAU","","","",""
"a0sWD00000XpfQiYAJ","005al00000RVcKvAAL","false","Loans and Credit","false","false","true","a344x000000kI3UAAU","","","",""
"a0sWD00000XpfQjYAJ","005al00000RVcKvAAL","false","Legal Proccessing","false","false","true","a344x000000kI3VAAU","","","",""
"a0sWD00000XpfQkYAJ","005al00000RVcKvAAL","false","Mortgage Product","false","false","true","a344x000000kI3WAAU","","","",""
"a0sWD00000XpfQlYAJ","005al00000RVcKvAAL","false","Financial Difficulty","false","false","true","a344x000000kI3fAAE","","","",""
"a0sWD00000XpfQmYAJ","005al00000RVcKvAAL","false","Order Entry-Wire-Transfer","false","false","true","a344x000000kI8YAAU","","","",""
"a0sWD00000XpfQnYAJ","005al00000RVcKvAAL","false","Order Entry-Remote-Deposit","false","false","true","a344x000000kI8ZAAU","","","",""
"a0sWD00000XpfQoYAJ","005al00000RVcKvAAL","false","Order Entry-Retail-Lockbox","false","false","true","a344x000000kI8aAAE","","","",""
"a0sWD00000XpfQpYAJ","005al00000RVcKvAAL","false","Certifications","false","false","true","a344x000000kI8tAAE","","","",""
"a0sWD00000XpfQqYAJ","005al00000RVcKvAAL","false","Conditions","false","false","true","a344x000000kI96AAE","","","",""
"a0sWD00000XpfQrYAJ","005al00000RVcKvAAL","false","Loan Details-Card","false","false","true","a344x000000kI99AAE","","","",""
"a0sWD00000XpfQsYAJ","005al00000RVcKvAAL","false","Adverse Action","false","false","true","a38021d1-937b-04b8","","","",""
"a0sWD00000XpfQtYAJ","005al00000RVcKvAAL","false","Covenants","false","false","true","a917795c-f6a2-63ba","","","",""
"a0sWD00000XpfQuYAJ","005al00000RVcKvAAL","false","Pricing","false","false","true","a9f8bc1d-d045-c29c","","","",""
"a0sWD00000XpfQvYAJ","005al00000RVcKvAAL","false","SBA Form 601","false","false","true","aab270c2-945e-b11a","","","",""
"a0sWD00000XpfQwYAJ","005al00000RVcKvAAL","false","Change of Ownership","false","false","true","aaea8b41-fc17-a4df","","","",""
"a0sWD00000XpfQxYAJ","005al00000RVcKvAAL","false","Construction Info","false","false","true","ac4a8ec8-c97d-c554","","","",""
"a0sWD00000XpfQyYAJ","005al00000RVcKvAAL","false","Certifications","false","false","true","ad40eb76-7239-61fb","","","",""
"a0sWD00000XpfQzYAJ","005al00000RVcKvAAL","false","Adverse Actions","false","false","true","af5fad50-aa59-c514","","","",""
"a0sWD00000XpfR0YAJ","005al00000RVcKvAAL","false","Open Activities","false","false","true","afe0d6c6-2073-12b6","","","",""
"a0sWD00000XpbK6YAJ","005al00000RVcKvAAL","false","Product Package Details LOE","false","false","true","andrew12345","","","",""
"a0sWD00000XpbCVYAZ","005al00000RVcKvAAL","false","Security","false","false","true","apac-res-mtg-collateral-screen","","","",""
"a0sWD00000XpfR1YAJ","005al00000RVcKvAAL","false","CRA Screen","false","false","true","b399882d-a592-ca5a","","","",""
"a0sWD00000XpfR2YAJ","005al00000RVcKvAAL","false","Balance Details Booked","false","false","true","bb56b674-2bfd-1944","","","",""
"a0sWD00000XpbCWYAZ","005al00000RVcKvAAL","false","Borrower Information","false","false","true","borrower-info-screen","","","",""
"a0sWD00000XpfR3YAJ","005al00000RVcKvAAL","false","HMDA Screen 2","false","false","true","c3182407-886f-e9e8","","","",""
"a0sWD00000XpfR4YAJ","005al00000RVcKvAAL","false","Attorney Information Approved","false","false","true","c31e8a64-5eaa-ca4b","","","",""
"a0sWD00000XpfR5YAJ","005al00000RVcKvAAL","false","Overview","false","false","true","c396a631-7285-d0ec","","","",""
"a0sWD00000XpfR6YAJ","005al00000RVcKvAAL","false","SBA Form 912","false","false","true","c4416043-73d0-75d6","","","",""
"a0sWD00000XpfR7YAJ","005al00000RVcKvAAL","false","Post Closing Review Approved","false","false","true","c9850506-bae1-bc28","","","",""
"a0sWD00000XpfR8YAJ","005al00000RVcKvAAL","false","Loan Products","false","false","true","ca41fa3c-de1d-6073","","","",""
"a0sWD00000XpfR9YAJ","005al00000RVcKvAAL","false","Deposits","false","false","true","ce5ca4fd-eaef-0fb9","","","",""
"a0sWD00000XpfRAYAZ","005al00000RVcKvAAL","false","Collateral Pledged","false","false","true","ce7ae53c-b023-2461","","","",""
"a0sWD00000XpfRBYAZ","005al00000RVcKvAAL","false","Attorney Information","false","false","true","d247be51-5d14-8cc9","","","",""
"a0sWD00000XpfRCYAZ","005al00000RVcKvAAL","false","SBA Form 159","false","false","true","d4a35ab3-a4e8-dffb","","","",""
"a0sWD00000XpfRDYAZ","005al00000RVcKvAAL","false","HMDA Screen 1","false","false","true","d54b5909-1e8a-b692","","","",""
"a0sWD00000XpfREYAZ","005al00000RVcKvAAL","false","SBA Form 1920","false","false","true","d58f18d4-44cf-d48e","","","",""
"a0sWD00000XpfRFYAZ","005al00000RVcKvAAL","false","SBA Form 1920","false","false","true","d6655b3f-bad3-1922","","","",""
"a0sWD00000XpfRGYAZ","005al00000RVcKvAAL","false","Collateral","false","false","true","d8e51d9e-bfcf-dc7f","","","",""
"a0sWD00000XpfRHYAZ","005al00000RVcKvAAL","false","Overview","false","false","true","dbfc1acf-6458-578b","","","",""
"a0sWD00000XpfRIYAZ","005al00000RVcKvAAL","false","Secondary Market Approved","false","false","true","dced8f5b-5204-41a6","","","",""
"a0sWD00000XpfRJYAZ","005al00000RVcKvAAL","false","Exposure","false","false","true","de711b0b-a786-9693","","","",""
"a0sWD00000XpbKSYAZ","005al00000RVcKvAAL","false","Row Edit","false","false","true","dmwui-42142100344","","","",""
"a0sWD00000XpbKRYAZ","005al00000RVcKvAAL","false","Row Edit Pre Approval","false","false","true","dmwui-42307143918","","","",""
"a0sWD00000XpbKTYAZ","005al00000RVcKvAAL","false","All Treasury Services","false","false","true","dmwui-42393982789","","","",""
"a0sWD00000XpbNAYAZ","005al00000RVcKvAAL","false","Bulk Edit","false","false","true","dmwui-42833518380","","","",""
"a0sWD00000XpbMbYAJ","005al00000RVcKvAAL","false","Bulk Edit Post Approval","false","false","true","dmwui-428335183807","","","",""
"a0sWD00000XpbKXYAZ","005al00000RVcKvAAL","false","Pre Approval Loans","false","false","true","dmwui-42861164296","","","",""
"a0sWD00000XpbKWYAZ","005al00000RVcKvAAL","false","Post Approval Facilities","false","false","true","dmwui-42861164296A","","","",""
"a0sWD00000XpbKVYAZ","005al00000RVcKvAAL","false","Bulk Edit","false","false","true","dmwui-42975216429","","","",""
"a0sWD00000XpfRKYAZ","005al00000RVcKvAAL","false","Contacts","false","false","true","e0ae7dea-87a9-20e8","","","",""
"a0sWD00000XpfRLYAZ","005al00000RVcKvAAL","false","Fees","false","false","true","e11df281-22f2-efa7","","","",""
"a0sWD00000XpfRMYAZ","005al00000RVcKvAAL","false","Business Type","false","false","true","e3345a6c-5d2c-f2c3","","","",""
"a0sWD00000XpfRNYAZ","005al00000RVcKvAAL","false","SBA Form G845","false","false","true","e451b83c-dd9f-6469","","","",""
"a0sWD00000XpfROYAZ","005al00000RVcKvAAL","false","Use of Proceeds","false","false","true","e6b46659-24fb-d6bb","","","",""
"a0sWD00000XpfRPYAZ","005al00000RVcKvAAL","false","HMDA Screen 2","false","false","true","e8c581ba-7f79-0be2","","","",""
"a0sWD00000XpfRQYAZ","005al00000RVcKvAAL","false","Treasury","false","false","true","e962c289-c7c9-cadb","","","",""
"a0sWD00000XpfRRYAZ","005al00000RVcKvAAL","false","Conflict of Interest","false","false","true","e9865797-6f8c-98f2","","","",""
"a0sWD00000XpfRSYAZ","005al00000RVcKvAAL","false","Key Dates","false","false","true","eeab7c67-8f70-2239","","","",""
"a0sWD00000XpfRTYAZ","005al00000RVcKvAAL","false","Site Visits","false","false","true","ef756786-2bf4-7f5e","","","",""
"a0sWD00000XpfRUYAZ","005al00000RVcKvAAL","false","Structure Information Approved","false","false","true","f017d4a2-a8a9-c1c1","","","",""
"a0sWD00000XpfRVYAZ","005al00000RVcKvAAL","false","Loan Dashboard","false","false","true","f35edc29-f280-885f","","","",""
"a0sWD00000XpfRWYAZ","005al00000RVcKvAAL","false","SBA Form 1846","false","false","true","f515f55d-1b7d-ff6a","","","",""
"a0sWD00000XpfRXYAZ","005al00000RVcKvAAL","false","Activities","false","false","true","f5ebef79-ac64-a2c9","","","",""
"a0sWD00000XpfRYYAZ","005al00000RVcKvAAL","false","Other Information","false","false","true","f5f917d8-a041-da97","","","",""
"a0sWD00000XpfRZYAZ","005al00000RVcKvAAL","false","Primary Account","false","false","true","f6963cc6-e7e8-e360","","","",""
"a0sWD00000XpfRaYAJ","005al00000RVcKvAAL","false","Borrowing Structure","false","false","true","f69ceff8-b8f0-5f4a","","","",""
"a0sWD00000XpfRbYAJ","005al00000RVcKvAAL","false","Booked Information Booked","false","false","true","f763ed8d-e518-0f9b","","","",""
"a0sWD00000XpfRcYAJ","005al00000RVcKvAAL","false","Order Entry-Wire-Transfer","false","false","true","f7c7f348-49cb-dc22","","","",""
"a0sWD00000XpfRdYAJ","005al00000RVcKvAAL","false","Structure Information","false","false","true","fd3889ee-fcc7-53f7","","","",""
"a0sWD00000XpfReYAJ","005al00000RVcKvAAL","false","SBA Form 10","false","false","true","fd594452-a716-acce","","","",""
"a0sWD00000XpbCXYAZ","005al00000RVcKvAAL","false","Financial Overview","false","false","true","fin-overview-screen","","","",""
"a0sWD00000XpbCYYAZ","005al00000RVcKvAAL","false","Order Entry - Online Banking","false","false","true","kjahfisaduhfi7h2iyh","","","",""
"a0sWD00000cHTmLYAW","005al00000RVcKvAAL","false","nFORCE  Screen Record 001","false","false","true","kni51a3q6lzrzj","","","",""
"a0sWD00000XpbK7YAJ","005al00000RVcKvAAL","false","Processing","false","false","true","loan-scrn-processing","","","",""
"a0sWD00000XpbK8YAJ","005al00000RVcKvAAL","false","Credit","false","false","true","post-processing","","","",""
"a0sWD00000XpbKaYAJ","005al00000RVcKvAAL","false","Pricing Required Fields","false","false","true","pricingrequiredfields","","","",""
"a0sWD00000XpfRfYAJ","005al00000RVcKvAAL","false","Collateral Detail","false","false","true","qhfiqfyq7yweq87h2ih","","","",""
"a0sWD00000XpfRgYAJ","005al00000RVcKvAAL","false","Credit Actions","false","false","true","rcaui-42118951483","","","",""
"a0sWD00000XpbKcYAJ","005al00000RVcKvAAL","false","Short Term Extensions","false","false","true","rcaui-42146575989","","","",""
"a0sWD00000XpfW4YAJ","005al00000RVcKvAAL","false","Credit Actionable Loans","false","false","true","rcaui-42306007930","","","",""
"a0sWD00000XpfRhYAJ","005al00000RVcKvAAL","false","All Loans","false","false","true","rcaui-42325252175","","","",""
"a0sWD00000XpfW1YAJ","005al00000RVcKvAAL","false","All Loans","false","false","true","rcaui-42378653376","","","",""
"a0sWD00000XpbKdYAJ","005al00000RVcKvAAL","false","Credit Actionable Loans","false","false","true","rcaui-42425336604","","","",""
"a0sWD00000XpbKeYAJ","005al00000RVcKvAAL","false","Credit Actions","false","false","true","rcaui-42477727610","","","",""
"a0sWD00000XpfW2YAJ","005al00000RVcKvAAL","false","Credit Actions","false","false","true","rcaui-42580138346","","","",""
"a0sWD00000XpfRiYAJ","005al00000RVcKvAAL","false","Credit Actionable Loans","false","false","true","rcaui-42586247617","","","",""
"a0sWD00000XpbNBYAZ","005al00000RVcKvAAL","false","All Loans","false","false","true","rcaui-42706352307","","","",""
"a0sWD00000XpfW3YAJ","005al00000RVcKvAAL","false","Short Term Extensions","false","false","true","rcaui-42850348037","","","",""
"a0sWD00000XpfRjYAJ","005al00000RVcKvAAL","false","Short Term Extensions","false","false","true","rcaui-42889265539","","","",""
"a0sWD00000XpbCZYAZ","005al00000RVcKvAAL","false","Borrower Information","false","false","true","res-mtg-app-borrower-info-screen","","","",""
"a0sWD00000XpbCaYAJ","005al00000RVcKvAAL","false","Borrower Information - Mortgage - APAC","false","false","true","res-mtg-app-borrower-info-screen-apac","","","",""
"a0sWD00000XpbCbYAJ","005al00000RVcKvAAL","false","Property","false","false","true","res-mtg-app-property-screen","","","",""
"a0sWD00000XpfRkYAJ","005al00000RVcKvAAL","false","Loan Information","false","false","true","res-mtg-loan-info-screen","","","",""
"a0sWD00000XpbCcYAJ","005al00000RVcKvAAL","false","Borrower Information","false","false","true","res-mtg-refi-borrower-info-screen","","","",""
"a0sWD00000XpbCdYAJ","005al00000RVcKvAAL","false","Collateral","false","false","true","res-mtg-refi-collateral-screen","","","",""
"a0sWD00000XpbCeYAJ","005al00000RVcKvAAL","false","Financial Overview","false","false","true","res-mtg-refi-fin-overview-screen","","","",""
"a0sWD00000XpfRlYAJ","005al00000RVcKvAAL","false","Payroll Calc","false","false","true","scrn-payrollcalc","","","",""
"a0sWD00000XpfRmYAJ","005al00000RVcKvAAL","false","Book Loan","false","false","true","sn-bookloanacc","","","",""
"a0sWD00000XpbK9YAJ","005al00000RVcKvAAL","false","Closing","false","false","true","sn-closing-post","","","",""
"a0sWD00000XpbKAYAZ","005al00000RVcKvAAL","false","DocPrep","false","false","true","sn-docprep-post","","","",""
"a0sWD00000XpfRnYAJ","005al00000RVcKvAAL","false","Test Screen","false","false","true","test","","","",""
"a0sWD00000XpfRoYAJ","005al00000RVcKvAAL","false","DisplayTest","false","false","true","testvalue","","","",""
"a0sWD00000XpfRpYAJ","005al00000RVcKvAAL","false","Product Package Credit Memo","true","false","true","z5wdcf7rv9pionjbi4","","","",""
