"Id","IsDeleted","Name","OwnerId","nFORCE__Data__c","nFORCE__Icon__c","nFORCE__Is_Angular__c","nFORCE__Is_Knockout__c","nFORCE__Is_Narrative__c","nFORCE__Parameters__c","nFORCE__Script_Resource_Eight__c","nFORCE__Script_Resource_Eleven__c","nFORCE__Script_Resource_Fifteen__c","nFORCE__Script_Resource_Five__c","nFORCE__Script_Resource_Four__c","nFORCE__Script_Resource_Fourteen__c","nFORCE__Script_Resource_Nine__c","nFORCE__Script_Resource_One__c","nFORCE__Script_Resource_Seven__c","nFORCE__Script_Resource_Six__c","nFORCE__Script_Resource_Ten__c","nFORCE__Script_Resource_Thirteen__c","nFORCE__Script_Resource_Three__c","nFORCE__Script_Resource_Twelve__c","nFORCE__Script_Resource_Two__c","nFORCE__Stylesheet_Resource_Eight__c","nFORCE__Stylesheet_Resource_Five__c","nFORCE__Stylesheet_Resource_Four__c","nFORCE__Stylesheet_Resource_Nine__c","nFORCE__Stylesheet_Resource_One__c","nFORCE__Stylesheet_Resource_Seven__c","nFORCE__Stylesheet_Resource_Six__c","nFORCE__Stylesheet_Resource_Ten__c","nFORCE__Stylesheet_Resource_Three__c","nFORCE__Stylesheet_Resource_Two__c","nFORCE__Type__c","nFORCE__View__c","nFORCE__lookupKey__c"
"a2Jbn0000005sBbEAI","","LifeCycle.KO_Narrative","005bn000003k2JdAAI","","","","","","","","","","","","","","nFORCE__ko_narrative_app","","","","","nFORCE__ko_narrative_viewModel","","nFORCE__screen_models","","","","","","","","","","","Knockout","&lt;div data-bind=&quot;template: { name: &#39;narrative-template&#39; }&quot;&gt;&lt;/div&gt;","42003401524821863"
"a2Jbn0000005sBSEAY","","LifeCycle.KO_Narrative","005bn000003k2JdAAI","","","","","","","","","","","","","","nFORCE__ko_narrative_app","","","","","nFORCE__ko_narrative_viewModel","","nFORCE__screen_models","","","","","","","","","","","Knockout","&lt;div data-bind=&quot;template: { name: &#39;narrative-template&#39; }&quot;&gt;&lt;/div&gt;","42006302856308995"
"a2Jbn0000005s6HEAQ","","LifeCycle.KO_Narrative","005bn000003k2JdAAI","","","","","","maxSize: 12000000;","","","","","","","","nFORCE__ko_narrative_app","","","","","nFORCE__ko_narrative_viewModel","","nFORCE__screen_models","","","","","","","","","","","Knockout","&lt;div data-bind=&quot;template: { name: &#39;narrative-template&#39; }&quot;&gt;&lt;/div&gt;","42009885911446979"
"a2Jbn0000005s7iEAA","","LifeCycle.KO_Narrative","005bn000003k2JdAAI","","","","","","","","","","","","","","nFORCE__ko_narrative_app","","","","","nFORCE__ko_narrative_viewModel","","nFORCE__screen_models","","","","","","","","","","","Knockout","&lt;div data-bind=&quot;template: { name: &#39;narrative-template&#39; }&quot;&gt;&lt;/div&gt;","42012670141461340"
"a2Jbn0000005s7kEAA","","LifeCycle.KO_Narrative","005bn000003k2JdAAI","","","","","","","","","","","","","","nFORCE__ko_narrative_app","","","","","nFORCE__ko_narrative_viewModel","","nFORCE__screen_models","","","","","","","","","","","Knockout","&lt;div data-bind=&quot;template: { name: &#39;narrative-template&#39; }&quot;&gt;&lt;/div&gt;","42012708286261744"
"a2Jbn0000005s8kEAA","","LifeCycle.KO_Narrative","005bn000003k2JdAAI","","","","","","maxSize: 12000000;","","","","","","","","nFORCE__ko_narrative_app","","","","","nFORCE__ko_narrative_viewModel","","nFORCE__screen_models","","","","","","","","","","","Knockout","&lt;div data-bind=&quot;template: { name: &#39;narrative-template&#39; }&quot;&gt;&lt;/div&gt;","42014048416585417"
"a2Jbn0000005sAzEAI","","LifeCycle.KO_Narrative","005bn000003k2JdAAI","","","","","","","","","","","","","","nFORCE__ko_narrative_app","","","","","nFORCE__ko_narrative_viewModel","","nFORCE__screen_models","","","","","","","","","","","Knockout","&lt;div data-bind=&quot;template: { name: &#39;narrative-template&#39; }&quot;&gt;&lt;/div&gt;","42018358874732145"
"a2Jbn0000005s7ZEAQ","","LifeCycle.KO_Narrative","005bn000003k2JdAAI","","","","","","","","","","","","","","nFORCE__ko_narrative_app","","","","","nFORCE__ko_narrative_viewModel","","nFORCE__screen_models","","","","","","","","","","","Knockout","&lt;div data-bind=&quot;template: { name: &#39;narrative-template&#39; }&quot;&gt;&lt;/div&gt;","42022535694149425"
"a2Jbn0000005s8rEAA","","LifeCycle.KO_Narrative","005bn000003k2JdAAI","","","","","","","","","","","","","","nFORCE__ko_narrative_app","","","","","nFORCE__ko_narrative_viewModel","","nFORCE__screen_models","","","","","","","","","","","Knockout","&lt;div data-bind=&quot;template: { name: &#39;narrative-template&#39; }&quot;&gt;&lt;/div&gt;","42024448316466186"
"a2Jbn0000005sAmEAI","","LifeCycle.KO_Narrative","005bn000003k2JdAAI","","","","","","","","","","","","","","nFORCE__ko_narrative_app","","","","","nFORCE__ko_narrative_viewModel","","nFORCE__screen_models","","","","","","","","","","","Knockout","&lt;div data-bind=&quot;template: { name: &#39;narrative-template&#39; }&quot;&gt;&lt;/div&gt;","42024676911492140"
"a2Jbn0000005s8cEAA","","LifeCycle.KO_Narrative","005bn000003k2JdAAI","","","","","","","","","","","","","","nFORCE__ko_narrative_app","","","","","nFORCE__ko_narrative_viewModel","","nFORCE__screen_models","","","","","","","","","","","Knockout","&lt;div data-bind=&quot;template: { name: &#39;narrative-template&#39; }&quot;&gt;&lt;/div&gt;","42026223736916614"
"a2Jbn0000005s6qEAA","","LifeCycle.KO_Narrative","005bn000003k2JdAAI","","","","","","","","","","","","","","nFORCE__ko_narrative_app","","","","","nFORCE__ko_narrative_viewModel","","nFORCE__screen_models","","","","","","","","","","","Knockout","&lt;div data-bind=&quot;template: { name: &#39;narrative-template&#39; }&quot;&gt;&lt;/div&gt;","42026836738603062"
"a2Jbn0000005sBVEAY","","LifeCycle.KO_Narrative","005bn000003k2JdAAI","","","","","","","","","","","","","","nFORCE__ko_narrative_app","","","","","nFORCE__ko_narrative_viewModel","","nFORCE__screen_models","","","","","","","","","","","Knockout","&lt;div data-bind=&quot;template: { name: &#39;narrative-template&#39; }&quot;&gt;&lt;/div&gt;","42028050319989754"
"a2Jbn0000005sAOEAY","","LifeCycle.Default_Widget","005bn000003k2JdAAI","","","","","","","","","","","","","","LLC_BI__default_widget_app","","","","","","","LLC_BI__default_widget_viewModel","","","","","","","","","","","Knockout","&lt;table class=&quot;table&quot;&gt; &lt;tr&gt; &lt;th&gt;Date&lt;/th&gt; &lt;th&gt;Assigned To&lt;/th&gt; &lt;th&gt;Actual Approver&lt;/th&gt; &lt;th&gt;Status&lt;/th&gt; &lt;th&gt;Comments&lt;/th&gt; &lt;/tr&gt; &lt;!-- ko foreach: approvalHistory --&gt; &lt;!-- ko foreach: steps --&gt; &lt;tr&gt; &lt;td data-bind=&quot;dateText: theDate&quot; /&gt; &lt;td&gt; &lt;span data-bind=&quot;text: originalActor.name&quot; /&gt; &lt;/td&gt; &lt;td&gt; &lt;span data-bind=&quot;text: assignedActor.name&quot; /&gt; &lt;/td&gt; &lt;td data-bind=&quot;text: status&quot; /&gt; &lt;td data-bind=&quot;text: comments&quot; /&gt; &lt;/tr&gt; &lt;!-- /ko --&gt; &lt;!-- /ko --&gt; &lt;/table&gt;","42031584059579587"
"a2Jbn0000005s8vEAA","","LifeCycle.KO_Narrative","005bn000003k2JdAAI","","","","","","","","","","","","","","nFORCE__ko_narrative_app","","","","","nFORCE__ko_narrative_viewModel","","nFORCE__screen_models","","","","","","","","","","","Knockout","&lt;div data-bind=&quot;template: { name: &#39;narrative-template&#39; }&quot;&gt;&lt;/div&gt;","42046756365031767"
"a2Jbn0000005sBGEAY","","LifeCycle.KO_Narrative","005bn000003k2JdAAI","","","","","","","","","","","","","","nFORCE__ko_narrative_app","","","","","nFORCE__ko_narrative_viewModel","","nFORCE__screen_models","","","","","","","","","","","Knockout","&lt;div data-bind=&quot;template: { name: &#39;narrative-template&#39; }&quot;&gt;&lt;/div&gt;","42047069549145718"
"a2Jbn0000005sBCEAY","","Risk_Grade_Worksheet","005bn000003k2JdAAI","","","","","","readOnly:true;","","","","","","","","LLC_BI__risk_grade_worksheet_app","","","","","LLC_BI__risk_grade_worksheet_viewModel","","LLC_BI__risk_grade_models","","","","","LLC_BI__risk_grade_worksheet_css","","","","","","Knockout","&lt;div data-bind=&quot;template: {name: &#39;riskGradeWorksheet-template&#39;}&quot; /&gt;","42048009888301711"
"a2Jbn0000005sBOEAY","","LifeCycle.KO_Narrative","005bn000003k2JdAAI","","","","","","","","","","","","","","nFORCE__ko_narrative_app","","","","","nFORCE__ko_narrative_viewModel","","nFORCE__screen_models","","","","","","","","","","","Knockout","&lt;div data-bind=&quot;template: { name: &#39;narrative-template&#39; }&quot;&gt;&lt;/div&gt;","42050958183119559"
"a2Jbn0000005s7lEAA","","LifeCycle.KO_Narrative","005bn000003k2JdAAI","","","","","","","","","","","","","","nFORCE__ko_narrative_app","","","","","nFORCE__ko_narrative_viewModel","","nFORCE__screen_models","","","","","","","","","","","Knockout","&lt;div data-bind=&quot;template: { name: &#39;narrative-template&#39; }&quot;&gt;&lt;/div&gt;","42059618126401459"
"a2Jbn0000005sANEAY","","LifeCycle.KO_Narrative","005bn000003k2JdAAI","","","","","","","","","","","","","","nFORCE__ko_narrative_app","","","","","nFORCE__ko_narrative_viewModel","","nFORCE__screen_models","","","","","","","","","","","Knockout","&lt;div data-bind=&quot;template: { name: &#39;narrative-template&#39; }&quot;&gt;&lt;/div&gt;","42067274303062005"
"a2Jbn0000005s8mEAA","","LifeCycle.KO_Narrative","005bn000003k2JdAAI","","","","","","maxSize: 12000000;","","","","","","","","nFORCE__ko_narrative_app","","","","","nFORCE__ko_narrative_viewModel","","nFORCE__screen_models","","","","","","","","","","","Knockout","&lt;div data-bind=&quot;template: { name: &#39;narrative-template&#39; }&quot;&gt;&lt;/div&gt;","42068025770207738"
"a2Jbn0000005s87EAA","","LifeCycle.KO_Narrative","005bn000003k2JdAAI","","","","","","","","","","","","","","nFORCE__ko_narrative_app","","","","","nFORCE__ko_narrative_viewModel","","nFORCE__screen_models","","","","","","","","","","","Knockout","&lt;div data-bind=&quot;template: { name: &#39;narrative-template&#39; }&quot;&gt;&lt;/div&gt;","42070028469399658"
"a2Jbn0000005sAjEAI","","LifeCycle.KO_Narrative","005bn000003k2JdAAI","","","","","","","","","","","","","","nFORCE__ko_narrative_app","","","","","nFORCE__ko_narrative_viewModel","","nFORCE__screen_models","","","","","","","","","","","Knockout","&lt;div data-bind=&quot;template: { name: &#39;narrative-template&#39; }&quot;&gt;&lt;/div&gt;","42075515717744859"
"a2Jbn0000005s8CEAQ","","LifeCycle.KO_Narrative","005bn000003k2JdAAI","","","","","","","","","","","","","","nFORCE__ko_narrative_app","","","","","nFORCE__ko_narrative_viewModel","","nFORCE__screen_models","","","","","","","","","","","Knockout","&lt;div data-bind=&quot;template: { name: &#39;narrative-template&#39; }&quot;&gt;&lt;/div&gt;","42083155614786264"
"a2Jbn0000005sBREAY","","LifeCycle.KO_Narrative","005bn000003k2JdAAI","","","","","","","","","","","","","","nFORCE__ko_narrative_app","","","","","nFORCE__ko_narrative_viewModel","","nFORCE__screen_models","","","","","","","","","","","Knockout","&lt;div data-bind=&quot;template: { name: &#39;narrative-template&#39; }&quot;&gt;&lt;/div&gt;","42087857961812542"
"a2Jbn0000005s80EAA","","LifeCycle.KO_Narrative","005bn000003k2JdAAI","","","","","","","","","","","","","","nFORCE__ko_narrative_app","","","","","nFORCE__ko_narrative_viewModel","","nFORCE__screen_models","","","","","","","","","","","Knockout","&lt;div data-bind=&quot;template: { name: &#39;narrative-template&#39; }&quot;&gt;&lt;/div&gt;","42095919695991333"
"a2Jbn0000005sBQEAY","","LifeCycle.KO_Narrative","005bn000003k2JdAAI","","","","","","","","","","","","","","nFORCE__ko_narrative_app","","","","","nFORCE__ko_narrative_viewModel","","nFORCE__screen_models","","","","","","","","","","","Knockout","&lt;div data-bind=&quot;template: { name: &#39;narrative-template&#39; }&quot;&gt;&lt;/div&gt;","42106740097263942"
"a2Jbn0000005sBJEAY","","LifeCycle.KO_Narrative","005bn000003k2JdAAI","","","","","","","","","","","","","","nFORCE__ko_narrative_app","","","","","nFORCE__ko_narrative_viewModel","","nFORCE__screen_models","","","","","","","","","","","Knockout","&lt;div data-bind=&quot;template: { name: &#39;narrative-template&#39; }&quot;&gt;&lt;/div&gt;","42107394870337440"
"a2Jbn0000005sAtEAI","","LifeCycle.KO_Narrative","005bn000003k2JdAAI","","","","","","","","","","","","","","nFORCE__ko_narrative_app","","","","","nFORCE__ko_narrative_viewModel","","nFORCE__screen_models","","","","","","","","","","","Knockout","&lt;div data-bind=&quot;template: { name: &#39;narrative-template&#39; }&quot;&gt;&lt;/div&gt;","42109302200407473"
"a2Jbn0000005sAKEAY","","LifeCycle.Spread_Base","005bn000003k2JdAAI","","","","","","filterSpreadsByLoanId:true","","","","","","","","","","","","","","","","","","","","","","","","","","Knockout","","42111373674249163"
"a2Jbn0000005sApEAI","","LifeCycle.KO_Narrative","005bn000003k2JdAAI","","","","","","","","","","","","","","nFORCE__ko_narrative_app","","","","","nFORCE__ko_narrative_viewModel","","nFORCE__screen_models","","","","","","","","","","","Knockout","&lt;div data-bind=&quot;template: { name: &#39;narrative-template&#39; }&quot;&gt;&lt;/div&gt;","42114798196320018"
"a2Jbn0000005s77EAA","","LifeCycle.KO_Narrative","005bn000003k2JdAAI","","","","","","","","","","","","","","nFORCE__ko_narrative_app","","","","","nFORCE__ko_narrative_viewModel","","nFORCE__screen_models","","","","","","","","","","","Knockout","&lt;div data-bind=&quot;template: { name: &#39;narrative-template&#39; }&quot;&gt;&lt;/div&gt;","42114926681793476"
"a2Jbn0000005sBIEAY","","LifeCycle.KO_Narrative","005bn000003k2JdAAI","","","","","","","","","","","","","","nFORCE__ko_narrative_app","","","","","nFORCE__ko_narrative_viewModel","","nFORCE__screen_models","","","","","","","","","","","Knockout","&lt;div data-bind=&quot;template: { name: &#39;narrative-template&#39; }&quot;&gt;&lt;/div&gt;","42115208461604074"
"a2Jbn0000005sAoEAI","","LifeCycle.KO_Narrative","005bn000003k2JdAAI","","","","","","","","","","","","","","nFORCE__ko_narrative_app","","","","","nFORCE__ko_narrative_viewModel","","nFORCE__screen_models","","","","","","","","","","","Knockout","&lt;div data-bind=&quot;template: { name: &#39;narrative-template&#39; }&quot;&gt;&lt;/div&gt;","42118740669044497"
"a2Jbn0000005s6UEAQ","","LifeCycle.KO_Narrative","005bn000003k2JdAAI","","","","","","","","","","","","","","nFORCE__ko_narrative_app","","","","","nFORCE__ko_narrative_viewModel","","nFORCE__screen_models","","","","","","","","","","","Knockout","&lt;div data-bind=&quot;template: { name: &#39;narrative-template&#39; }&quot;&gt;&lt;/div&gt;","42121071618343657"
"a2Jbn0000005s6vEAA","","LifeCycle.KO_Narrative","005bn000003k2JdAAI","","","","","","","","","","","","","","nFORCE__ko_narrative_app","","","","","nFORCE__ko_narrative_viewModel","","nFORCE__screen_models","","","","","","","","","","","Knockout","&lt;div data-bind=&quot;template: { name: &#39;narrative-template&#39; }&quot;&gt;&lt;/div&gt;","42122323151233351"
"a2Jbn0000005s7wEAA","","LifeCycle.KO_Narrative","005bn000003k2JdAAI","","","","","","","","","","","","","","nFORCE__ko_narrative_app","","","","","nFORCE__ko_narrative_viewModel","","nFORCE__screen_models","","","","","","","","","","","Knockout","&lt;div data-bind=&quot;template: { name: &#39;narrative-template&#39; }&quot;&gt;&lt;/div&gt;","42124860296729099"
"a2Jbn0000005sBYEAY","","LifeCycle.KO_Narrative","005bn000003k2JdAAI","","","","","","","","","","","","","","nFORCE__ko_narrative_app","","","","","nFORCE__ko_narrative_viewModel","","nFORCE__screen_models","","","","","","","","","","","Knockout","&lt;div data-bind=&quot;template: { name: &#39;narrative-template&#39; }&quot;&gt;&lt;/div&gt;","42126175228763952"
"a2Jbn0000005sAMEAY","","LifeCycle.KO_Narrative","005bn000003k2JdAAI","","","","","","","","","","","","","","nFORCE__ko_narrative_app","","","","","nFORCE__ko_narrative_viewModel","","nFORCE__screen_models","","","","","","","","","","","Knockout","&lt;div data-bind=&quot;template: { name: &#39;narrative-template&#39; }&quot;&gt;&lt;/div&gt;","42134553761774068"
"a2Jbn0000005sAxEAI","","LifeCycle.KO_Narrative","005bn000003k2JdAAI","","","","","","","","","","","","","","nFORCE__ko_narrative_app","","","","","nFORCE__ko_narrative_viewModel","","nFORCE__screen_models","","","","","","","","","","","Knockout","&lt;div data-bind=&quot;template: { name: &#39;narrative-template&#39; }&quot;&gt;&lt;/div&gt;","42141122885554291"
"a2Jbn0000005s7UEAQ","","LifeCycle.KO_Narrative","005bn000003k2JdAAI","","","","","","","","","","","","","","nFORCE__ko_narrative_app","","","","","nFORCE__ko_narrative_viewModel","","nFORCE__screen_models","","","","","","","","","","","Knockout","&lt;div data-bind=&quot;template: { name: &#39;narrative-template&#39; }&quot;&gt;&lt;/div&gt;","42144238868439873"
"a2Jbn0000005sBeEAI","","LifeCycle.KO_Narrative","005bn000003k2JdAAI","","","","","","","","","","","","","","nFORCE__ko_narrative_app","","","","","nFORCE__ko_narrative_viewModel","","nFORCE__screen_models","","","","","","","","","","","Knockout","&lt;div data-bind=&quot;template: { name: &#39;narrative-template&#39; }&quot;&gt;&lt;/div&gt;","42150247859615980"
"a2Jbn0000005s6OEAQ","","LifeCycle.Default_Widget","005bn000003k2JdAAI","","","","","","","","","","","","","","LLC_BI__default_widget_app","","","","","","","LLC_BI__default_widget_viewModel","","","","","","","","","","","Knockout","&lt;table class=&quot;table&quot;&gt; &lt;tr&gt; &lt;th&gt;Date&lt;/th&gt; &lt;th&gt;Assigned To&lt;/th&gt; &lt;th&gt;Actual Approver&lt;/th&gt; &lt;th&gt;Status&lt;/th&gt; &lt;th&gt;Comments&lt;/th&gt; &lt;/tr&gt; &lt;!-- ko foreach: approvalHistory --&gt; &lt;!-- ko foreach: steps --&gt; &lt;tr&gt; &lt;td data-bind=&quot;dateText: theDate&quot; /&gt; &lt;td&gt; &lt;span data-bind=&quot;text: originalActor.name&quot; /&gt; &lt;/td&gt; &lt;td&gt; &lt;span data-bind=&quot;text: assignedActor.name&quot; /&gt; &lt;/td&gt; &lt;td data-bind=&quot;text: status&quot; /&gt; &lt;td data-bind=&quot;text: comments&quot; /&gt; &lt;/tr&gt; &lt;!-- /ko --&gt; &lt;!-- /ko --&gt; &lt;/table&gt;","42153591005945550"
"a2Jbn0000005sAiEAI","","LifeCycle.KO_Narrative","005bn000003k2JdAAI","","","","","","","","","","","","","","nFORCE__ko_narrative_app","","","","","nFORCE__ko_narrative_viewModel","","nFORCE__screen_models","","","","","","","","","","","Knockout","&lt;div data-bind=&quot;template: { name: &#39;narrative-template&#39; }&quot;&gt;&lt;/div&gt;","42154744960102467"
"a2Jbn0000005s6dEAA","","LifeCycle.KO_Narrative","005bn000003k2JdAAI","","","","","","","","","","","","","","nFORCE__ko_narrative_app","","","","","nFORCE__ko_narrative_viewModel","","nFORCE__screen_models","","","","","","","","","","","Knockout","&lt;div data-bind=&quot;template: { name: &#39;narrative-template&#39; }&quot;&gt;&lt;/div&gt;","42167303237366064"
"a2Jbn0000005s8SEAQ","","LifeCycle.KO_Narrative","005bn000003k2JdAAI","","","","","","maxSize: 12000000;","","","","","","","","nFORCE__ko_narrative_app","","","","","nFORCE__ko_narrative_viewModel","","nFORCE__screen_models","","","","","","","","","","","Knockout","&lt;div data-bind=&quot;template: { name: &#39;narrative-template&#39; }&quot;&gt;&lt;/div&gt;","42167380681636667"
"a2Jbn0000005s7WEAQ","","LifeCycle.KO_Narrative","005bn000003k2JdAAI","","","","","","","","","","","","","","nFORCE__ko_narrative_app","","","","","nFORCE__ko_narrative_viewModel","","nFORCE__screen_models","","","","","","","","","","","Knockout","&lt;div data-bind=&quot;template: { name: &#39;narrative-template&#39; }&quot;&gt;&lt;/div&gt;","42168243976644615"
"a2Jbn0000005s7sEAA","","LifeCycle.KO_Narrative","005bn000003k2JdAAI","","","","","","","","","","","","","","nFORCE__ko_narrative_app","","","","","nFORCE__ko_narrative_viewModel","","nFORCE__screen_models","","","","","","","","","","","Knockout","&lt;div data-bind=&quot;template: { name: &#39;narrative-template&#39; }&quot;&gt;&lt;/div&gt;","42172393657136323"
"a2Jbn0000005s6fEAA","","LifeCycle.Spread_Base","005bn000003k2JdAAI","","","","","","","","","","","","","","","","","","","","","","","","","","","","","","","","Knockout","","42172395681080154"
"a2Jbn0000005s94EAA","","LifeCycle.KO_Narrative","005bn000003k2JdAAI","","","","","","","","","","","","","","nFORCE__ko_narrative_app","","","","","nFORCE__ko_narrative_viewModel","","nFORCE__screen_models","","","","","","","","","","","Knockout","&lt;div data-bind=&quot;template: { name: &#39;narrative-template&#39; }&quot;&gt;&lt;/div&gt;","42172548194046789"
"a2Jbn0000005s8dEAA","","LifeCycle.KO_Narrative","005bn000003k2JdAAI","","","","","","","","","","","","","","nFORCE__ko_narrative_app","","","","","nFORCE__ko_narrative_viewModel","","nFORCE__screen_models","","","","","","","","","","","Knockout","&lt;div data-bind=&quot;template: { name: &#39;narrative-template&#39; }&quot;&gt;&lt;/div&gt;","42175023606100780"
"a2Jbn0000005s7OEAQ","","LifeCycle.KO_Narrative","005bn000003k2JdAAI","","","","","","","","","","","","","","nFORCE__ko_narrative_app","","","","","nFORCE__ko_narrative_viewModel","","nFORCE__screen_models","","","","","","","","","","","Knockout","&lt;div data-bind=&quot;template: { name: &#39;narrative-template&#39; }&quot;&gt;&lt;/div&gt;","42175891389198252"
"a2Jbn0000005s8PEAQ","","LifeCycle.KO_Narrative","005bn000003k2JdAAI","","","","","","maxSize: 12000000;","","","","","","","","nFORCE__ko_narrative_app","","","","","nFORCE__ko_narrative_viewModel","","nFORCE__screen_models","","","","","","","","","","","Knockout","&lt;div data-bind=&quot;template: { name: &#39;narrative-template&#39; }&quot;&gt;&lt;/div&gt;","42211482084803636"
"a2Jbn0000005s8BEAQ","","LifeCycle.KO_Narrative","005bn000003k2JdAAI","","","","","","","","","","","","","","nFORCE__ko_narrative_app","","","","","nFORCE__ko_narrative_viewModel","","nFORCE__screen_models","","","","","","","","","","","Knockout","&lt;div data-bind=&quot;template: { name: &#39;narrative-template&#39; }&quot;&gt;&lt;/div&gt;","42212804354250726"
"a2Jbn0000005sAfEAI","","LifeCycle.KO_Narrative","005bn000003k2JdAAI","","","","","","","","","","","","","","nFORCE__ko_narrative_app","","","","","nFORCE__ko_narrative_viewModel","","nFORCE__screen_models","","","","","","","","","","","Knockout","&lt;div data-bind=&quot;template: { name: &#39;narrative-template&#39; }&quot;&gt;&lt;/div&gt;","42226153912943863"
"a2Jbn0000005s8JEAQ","","LifeCycle.KO_Narrative","005bn000003k2JdAAI","","","","","","","","","","","","","","nFORCE__ko_narrative_app","","","","","nFORCE__ko_narrative_viewModel","","nFORCE__screen_models","","","","","","","","","","","Knockout","&lt;div data-bind=&quot;template: { name: &#39;narrative-template&#39; }&quot;&gt;&lt;/div&gt;","42229815176908552"
"a2Jbn0000005s7aEAA","","LifeCycle.KO_Narrative","005bn000003k2JdAAI","","","","","","","","","","","","","","nFORCE__ko_narrative_app","","","","","nFORCE__ko_narrative_viewModel","","nFORCE__screen_models","","","","","","","","","","","Knockout","&lt;div data-bind=&quot;template: { name: &#39;narrative-template&#39; }&quot;&gt;&lt;/div&gt;","42230249652179485"
"a2Jbn0000005s6uEAA","","LifeCycle.KO_Narrative","005bn000003k2JdAAI","","","","","","","","","","","","","","nFORCE__ko_narrative_app","","","","","nFORCE__ko_narrative_viewModel","","nFORCE__screen_models","","","","","","","","","","","Knockout","&lt;div data-bind=&quot;template: { name: &#39;narrative-template&#39; }&quot;&gt;&lt;/div&gt;","42245067637427458"
"a2Jbn0000005s7oEAA","","LifeCycle.KO_Narrative","005bn000003k2JdAAI","","","","","","","","","","","","","","nFORCE__ko_narrative_app","","","","","nFORCE__ko_narrative_viewModel","","nFORCE__screen_models","","","","","","","","","","","Knockout","&lt;div data-bind=&quot;template: { name: &#39;narrative-template&#39; }&quot;&gt;&lt;/div&gt;","42253854619471598"
"a2Jbn0000005sBPEAY","","LifeCycle.KO_Narrative","005bn000003k2JdAAI","","","","","","","","","","","","","","nFORCE__ko_narrative_app","","","","","nFORCE__ko_narrative_viewModel","","nFORCE__screen_models","","","","","","","","","","","Knockout","&lt;div data-bind=&quot;template: { name: &#39;narrative-template&#39; }&quot;&gt;&lt;/div&gt;","42258998344232128"
"a2Jbn0000005s7TEAQ","","LifeCycle.KO_Narrative","005bn000003k2JdAAI","","","","","","","","","","","","","","nFORCE__ko_narrative_app","","","","","nFORCE__ko_narrative_viewModel","","nFORCE__screen_models","","","","","","","","","","","Knockout","&lt;div data-bind=&quot;template: { name: &#39;narrative-template&#39; }&quot;&gt;&lt;/div&gt;","42259609752547895"
"a2Jbn0000005s6WEAQ","","LifeCycle.KO_Narrative","005bn000003k2JdAAI","","","","","","","","","","","","","","nFORCE__ko_narrative_app","","","","","nFORCE__ko_narrative_viewModel","","nFORCE__screen_models","","","","","","","","","","","Knockout","&lt;div data-bind=&quot;template: { name: &#39;narrative-template&#39; }&quot;&gt;&lt;/div&gt;","42260190325764114"
"a2Jbn0000005sBZEAY","","LifeCycle.KO_Narrative","005bn000003k2JdAAI","","","","","","","","","","","","","","nFORCE__ko_narrative_app","","","","","nFORCE__ko_narrative_viewModel","","nFORCE__screen_models","","","","","","","","","","","Knockout","&lt;div data-bind=&quot;template: { name: &#39;narrative-template&#39; }&quot;&gt;&lt;/div&gt;","42267756694683589"
"a2Jbn0000005sBfEAI","","LifeCycle.KO_Narrative","005bn000003k2JdAAI","","","","","","","","","","","","","","nFORCE__ko_narrative_app","","","","","nFORCE__ko_narrative_viewModel","","nFORCE__screen_models","","","","","","","","","","","Knockout","&lt;div data-bind=&quot;template: { name: &#39;narrative-template&#39; }&quot;&gt;&lt;/div&gt;","42268457478773307"
"a2Jbn0000005s7mEAA","","LifeCycle.KO_Narrative","005bn000003k2JdAAI","","","","","","","","","","","","","","nFORCE__ko_narrative_app","","","","","nFORCE__ko_narrative_viewModel","","nFORCE__screen_models","","","","","","","","","","","Knockout","&lt;div data-bind=&quot;template: { name: &#39;narrative-template&#39; }&quot;&gt;&lt;/div&gt;","42272328149282737"
"a2Jbn0000005s6TEAQ","","LifeCycle.KO_Narrative","005bn000003k2JdAAI","","","","","","","","","","","","","","nFORCE__ko_narrative_app","","","","","nFORCE__ko_narrative_viewModel","","nFORCE__screen_models","","","","","","","","","","","Knockout","&lt;div data-bind=&quot;template: { name: &#39;narrative-template&#39; }&quot;&gt;&lt;/div&gt;","42275753867298239"
"a2Jbn0000005s8xEAA","","LifeCycle.KO_Narrative","005bn000003k2JdAAI","","","","","","","","","","","","","","nFORCE__ko_narrative_app","","","","","nFORCE__ko_narrative_viewModel","","nFORCE__screen_models","","","","","","","","","","","Knockout","&lt;div data-bind=&quot;template: { name: &#39;narrative-template&#39; }&quot;&gt;&lt;/div&gt;","42282967572697160"
"a2Jbn0000005sAnEAI","","LifeCycle.KO_Narrative","005bn000003k2JdAAI","","","","","","","","","","","","","","nFORCE__ko_narrative_app","","","","","nFORCE__ko_narrative_viewModel","","nFORCE__screen_models","","","","","","","","","","","Knockout","&lt;div data-bind=&quot;template: { name: &#39;narrative-template&#39; }&quot;&gt;&lt;/div&gt;","42287913510889359"
"a2Jbn0000005sB4EAI","","LifeCycle.KO_Narrative","005bn000003k2JdAAI","","","","","","","","","","","","","","nFORCE__ko_narrative_app","","","","","nFORCE__ko_narrative_viewModel","","nFORCE__screen_models","","","","","","","","","","","Knockout","&lt;div data-bind=&quot;template: { name: &#39;narrative-template&#39; }&quot;&gt;&lt;/div&gt;","42291156415763943"
"a2Jbn0000005s7DEAQ","","LifeCycle.KO_Narrative","005bn000003k2JdAAI","","","","","","","","","","","","","","nFORCE__ko_narrative_app","","","","","nFORCE__ko_narrative_viewModel","","nFORCE__screen_models","","","","","","","","","","","Knockout","&lt;div data-bind=&quot;template: { name: &#39;narrative-template&#39; }&quot;&gt;&lt;/div&gt;","42291373520472174"
"a2Jbn0000005s78EAA","","LifeCycle.KO_Narrative","005bn000003k2JdAAI","","","","","","","","","","","","","","nFORCE__ko_narrative_app","","","","","nFORCE__ko_narrative_viewModel","","nFORCE__screen_models","","","","","","","","","","","Knockout","&lt;div data-bind=&quot;template: { name: &#39;narrative-template&#39; }&quot;&gt;&lt;/div&gt;","42292917451230110"
"a2Jbn0000005s6eEAA","","LifeCycle.Default_Widget","005bn000003k2JdAAI","","","","","","","","","","","","","","LLC_BI__default_widget_app","","","","","","","LLC_BI__default_widget_viewModel","","","","","","","","","","","Knockout","&lt;table class=&quot;table&quot;&gt; &lt;tr&gt; &lt;th&gt;Date&lt;/th&gt; &lt;th&gt;Assigned To&lt;/th&gt; &lt;th&gt;Actual Approver&lt;/th&gt; &lt;th&gt;Status&lt;/th&gt; &lt;th&gt;Comments&lt;/th&gt; &lt;/tr&gt; &lt;!-- ko foreach: approvalHistory --&gt; &lt;!-- ko foreach: steps --&gt; &lt;tr&gt; &lt;td data-bind=&quot;dateText: theDate&quot; /&gt; &lt;td&gt; &lt;span data-bind=&quot;text: originalActor.name&quot; /&gt; &lt;/td&gt; &lt;td&gt; &lt;span data-bind=&quot;text: assignedActor.name&quot; /&gt; &lt;/td&gt; &lt;td data-bind=&quot;text: status&quot; /&gt; &lt;td data-bind=&quot;text: comments&quot; /&gt; &lt;/tr&gt; &lt;!-- /ko --&gt; &lt;!-- /ko --&gt; &lt;/table&gt;","42307522083867878"
"a2Jbn0000005s7bEAA","","LifeCycle.KO_Narrative","005bn000003k2JdAAI","","","","","","","","","","","","","","nFORCE__ko_narrative_app","","","","","nFORCE__ko_narrative_viewModel","","nFORCE__screen_models","","","","","","","","","","","Knockout","&lt;div data-bind=&quot;template: { name: &#39;narrative-template&#39; }&quot;&gt;&lt;/div&gt;","42307600072727923"
"a2Jbn0000005s6ZEAQ","","LifeCycle.KO_Narrative","005bn000003k2JdAAI","","","","","","","","","","","","","","nFORCE__ko_narrative_app","","","","","nFORCE__ko_narrative_viewModel","","nFORCE__screen_models","","","","","","","","","","","Knockout","&lt;div data-bind=&quot;template: { name: &#39;narrative-template&#39; }&quot;&gt;&lt;/div&gt;","42307915905379902"
"a2Jbn0000005s7QEAQ","","LifeCycle.KO_Narrative","005bn000003k2JdAAI","","","","","","","","","","","","","","nFORCE__ko_narrative_app","","","","","nFORCE__ko_narrative_viewModel","","nFORCE__screen_models","","","","","","","","","","","Knockout","&lt;div data-bind=&quot;template: { name: &#39;narrative-template&#39; }&quot;&gt;&lt;/div&gt;","42311353253840619"
"a2Jbn0000005s6aEAA","","LifeCycle.KO_Narrative","005bn000003k2JdAAI","","","","","","","","","","","","","","nFORCE__ko_narrative_app","","","","","nFORCE__ko_narrative_viewModel","","nFORCE__screen_models","","","","","","","","","","","Knockout","&lt;div data-bind=&quot;template: { name: &#39;narrative-template&#39; }&quot;&gt;&lt;/div&gt;","42315597995746780"
"a2Jbn0000005s7SEAQ","","LifeCycle.KO_Narrative","005bn000003k2JdAAI","","","","","","","","","","","","","","nFORCE__ko_narrative_app","","","","","nFORCE__ko_narrative_viewModel","","nFORCE__screen_models","","","","","","","","","","","Knockout","&lt;div data-bind=&quot;template: { name: &#39;narrative-template&#39; }&quot;&gt;&lt;/div&gt;","42315949871880428"
"a2Jbn0000005s6pEAA","","LifeCycle.KO_Narrative","005bn000003k2JdAAI","","","","","","","","","","","","","","nFORCE__ko_narrative_app","","","","","nFORCE__ko_narrative_viewModel","","nFORCE__screen_models","","","","","","","","","","","Knockout","&lt;div data-bind=&quot;template: { name: &#39;narrative-template&#39; }&quot;&gt;&lt;/div&gt;","42322222939619715"
"a2Jbn0000005s7FEAQ","","LifeCycle.KO_Narrative","005bn000003k2JdAAI","","","","","","","","","","","","","","nFORCE__ko_narrative_app","","","","","nFORCE__ko_narrative_viewModel","","nFORCE__screen_models","","","","","","","","","","","Knockout","&lt;div data-bind=&quot;template: { name: &#39;narrative-template&#39; }&quot;&gt;&lt;/div&gt;","42330505375308035"
"a2Jbn0000005s7REAQ","","LifeCycle.KO_Narrative","005bn000003k2JdAAI","","","","","","","","","","","","","","nFORCE__ko_narrative_app","","","","","nFORCE__ko_narrative_viewModel","","nFORCE__screen_models","","","","","","","","","","","Knockout","&lt;div data-bind=&quot;template: { name: &#39;narrative-template&#39; }&quot;&gt;&lt;/div&gt;","42336121593298764"
"a2Jbn0000005s8iEAA","","LifeCycle.KO_Narrative","005bn000003k2JdAAI","","","","","","maxSize: 12000000;","","","","","","","","nFORCE__ko_narrative_app","","","","","nFORCE__ko_narrative_viewModel","","nFORCE__screen_models","","","","","","","","","","","Knockout","&lt;div data-bind=&quot;template: { name: &#39;narrative-template&#39; }&quot;&gt;&lt;/div&gt;","42337330948281038"
"a2Jbn0000005s7LEAQ","","LifeCycle.KO_Narrative","005bn000003k2JdAAI","","","","","","","","","","","","","","nFORCE__ko_narrative_app","","","","","nFORCE__ko_narrative_viewModel","","nFORCE__screen_models","","","","","","","","","","","Knockout","&lt;div data-bind=&quot;template: { name: &#39;narrative-template&#39; }&quot;&gt;&lt;/div&gt;","42338003974200825"
"a2Jbn0000005s6LEAQ","","LifeCycle.Spread_Base","005bn000003k2JdAAI","","","","","","","","","","","","","","","","","","","","","","","","","","","","","","","","Knockout","","42344744038053548"
"a2Jbn0000005s83EAA","","LifeCycle.KO_Narrative","005bn000003k2JdAAI","","","","","","","","","","","","","","nFORCE__ko_narrative_app","","","","","nFORCE__ko_narrative_viewModel","","nFORCE__screen_models","","","","","","","","","","","Knockout","&lt;div data-bind=&quot;template: { name: &#39;narrative-template&#39; }&quot;&gt;&lt;/div&gt;","42344994081541692"
"a2Jbn0000005s6oEAA","","LifeCycle.KO_Narrative","005bn000003k2JdAAI","","","","","","","","","","","","","","nFORCE__ko_narrative_app","","","","","nFORCE__ko_narrative_viewModel","","nFORCE__screen_models","","","","","","","","","","","Knockout","&lt;div data-bind=&quot;template: { name: &#39;narrative-template&#39; }&quot;&gt;&lt;/div&gt;","42354847235906144"
"a2Jbn0000005s6tEAA","","LifeCycle.KO_Narrative","005bn000003k2JdAAI","","","","","","","","","","","","","","nFORCE__ko_narrative_app","","","","","nFORCE__ko_narrative_viewModel","","nFORCE__screen_models","","","","","","","","","","","Knockout","&lt;div data-bind=&quot;template: { name: &#39;narrative-template&#39; }&quot;&gt;&lt;/div&gt;","42357555450075445"
"a2Jbn0000005s7MEAQ","","LifeCycle.KO_Narrative","005bn000003k2JdAAI","","","","","","","","","","","","","","nFORCE__ko_narrative_app","","","","","nFORCE__ko_narrative_viewModel","","nFORCE__screen_models","","","","","","","","","","","Knockout","&lt;div data-bind=&quot;template: { name: &#39;narrative-template&#39; }&quot;&gt;&lt;/div&gt;","42358312851381308"
"a2Jbn0000005s7HEAQ","","LifeCycle.KO_Narrative","005bn000003k2JdAAI","","","","","","","","","","","","","","nFORCE__ko_narrative_app","","","","","nFORCE__ko_narrative_viewModel","","nFORCE__screen_models","","","","","","","","","","","Knockout","&lt;div data-bind=&quot;template: { name: &#39;narrative-template&#39; }&quot;&gt;&lt;/div&gt;","42366367520666843"
"a2Jbn0000005s7CEAQ","","LifeCycle.KO_Narrative","005bn000003k2JdAAI","","","","","","","","","","","","","","nFORCE__ko_narrative_app","","","","","nFORCE__ko_narrative_viewModel","","nFORCE__screen_models","","","","","","","","","","","Knockout","&lt;div data-bind=&quot;template: { name: &#39;narrative-template&#39; }&quot;&gt;&lt;/div&gt;","42375003790831257"
"a2Jbn0000005s7XEAQ","","LifeCycle.KO_Narrative","005bn000003k2JdAAI","","","","","","","","","","","","","","nFORCE__ko_narrative_app","","","","","nFORCE__ko_narrative_viewModel","","nFORCE__screen_models","","","","","","","","","","","Knockout","&lt;div data-bind=&quot;template: { name: &#39;narrative-template&#39; }&quot;&gt;&lt;/div&gt;","42380470230958288"
"a2Jbn0000005s8uEAA","","LifeCycle.KO_Narrative","005bn000003k2JdAAI","","","","","","","","","","","","","","nFORCE__ko_narrative_app","","","","","nFORCE__ko_narrative_viewModel","","nFORCE__screen_models","","","","","","","","","","","Knockout","&lt;div data-bind=&quot;template: { name: &#39;narrative-template&#39; }&quot;&gt;&lt;/div&gt;","42382193028126037"
"a2Jbn0000005s7pEAA","","LifeCycle.KO_Narrative","005bn000003k2JdAAI","","","","","","","","","","","","","","nFORCE__ko_narrative_app","","","","","nFORCE__ko_narrative_viewModel","","nFORCE__screen_models","","","","","","","","","","","Knockout","&lt;div data-bind=&quot;template: { name: &#39;narrative-template&#39; }&quot;&gt;&lt;/div&gt;","42388999723258922"
"a2Jbn0000005sAsEAI","","LifeCycle.KO_Narrative","005bn000003k2JdAAI","","","","","","","","","","","","","","nFORCE__ko_narrative_app","","","","","nFORCE__ko_narrative_viewModel","","nFORCE__screen_models","","","","","","","","","","","Knockout","&lt;div data-bind=&quot;template: { name: &#39;narrative-template&#39; }&quot;&gt;&lt;/div&gt;","42390305517083256"
"a2Jbn0000005s6xEAA","","LifeCycle.KO_Narrative","005bn000003k2JdAAI","","","","","","","","","","","","","","nFORCE__ko_narrative_app","","","","","nFORCE__ko_narrative_viewModel","","nFORCE__screen_models","","","","","","","","","","","Knockout","&lt;div data-bind=&quot;template: { name: &#39;narrative-template&#39; }&quot;&gt;&lt;/div&gt;","42396593774386342"
"a2Jbn0000005s7IEAQ","","LifeCycle.KO_Narrative","005bn000003k2JdAAI","","","","","","","","","","","","","","nFORCE__ko_narrative_app","","","","","nFORCE__ko_narrative_viewModel","","nFORCE__screen_models","","","","","","","","","","","Knockout","&lt;div data-bind=&quot;template: { name: &#39;narrative-template&#39; }&quot;&gt;&lt;/div&gt;","42397365835582955"
"a2Jbn0000005s89EAA","","LifeCycle.KO_Narrative","005bn000003k2JdAAI","","","","","","","","","","","","","","nFORCE__ko_narrative_app","","","","","nFORCE__ko_narrative_viewModel","","nFORCE__screen_models","","","","","","","","","","","Knockout","&lt;div data-bind=&quot;template: { name: &#39;narrative-template&#39; }&quot;&gt;&lt;/div&gt;","42397513505912154"
"a2Jbn0000005s7vEAA","","LifeCycle.KO_Narrative","005bn000003k2JdAAI","","","","","","","","","","","","","","nFORCE__ko_narrative_app","","","","","nFORCE__ko_narrative_viewModel","","nFORCE__screen_models","","","","","","","","","","","Knockout","&lt;div data-bind=&quot;template: { name: &#39;narrative-template&#39; }&quot;&gt;&lt;/div&gt;","42400776719583768"
"a2Jbn0000005s6wEAA","","LifeCycle.KO_Narrative","005bn000003k2JdAAI","","","","","","","","","","","","","","nFORCE__ko_narrative_app","","","","","nFORCE__ko_narrative_viewModel","","nFORCE__screen_models","","","","","","","","","","","Knockout","&lt;div data-bind=&quot;template: { name: &#39;narrative-template&#39; }&quot;&gt;&lt;/div&gt;","42403015057612002"
"a2Jbn0000005s8MEAQ","","LifeCycle.KO_Narrative","005bn000003k2JdAAI","","","","","","","","","","","","","","nFORCE__ko_narrative_app","","","","","nFORCE__ko_narrative_viewModel","","nFORCE__screen_models","","","","","","","","","","","Knockout","&lt;div data-bind=&quot;template: { name: &#39;narrative-template&#39; }&quot;&gt;&lt;/div&gt;","42407959122878986"
"a2Jbn0000005s86EAA","","LifeCycle.KO_Narrative","005bn000003k2JdAAI","","","","","","","","","","","","","","nFORCE__ko_narrative_app","","","","","nFORCE__ko_narrative_viewModel","","nFORCE__screen_models","","","","","","","","","","","Knockout","&lt;div data-bind=&quot;template: { name: &#39;narrative-template&#39; }&quot;&gt;&lt;/div&gt;","42409372366434051"
"a2Jbn0000005s8fEAA","","LifeCycle.KO_Narrative","005bn000003k2JdAAI","","","","","","maxSize: 12000000;","","","","","","","","nFORCE__ko_narrative_app","","","","","nFORCE__ko_narrative_viewModel","","nFORCE__screen_models","","","","","","","","","","","Knockout","&lt;div data-bind=&quot;template: { name: &#39;narrative-template&#39; }&quot;&gt;&lt;/div&gt;","42416995142142117"
"a2Jbn0000005s75EAA","","LifeCycle.KO_Narrative","005bn000003k2JdAAI","","","","","","","","","","","","","","nFORCE__ko_narrative_app","","","","","nFORCE__ko_narrative_viewModel","","nFORCE__screen_models","","","","","","","","","","","Knockout","&lt;div data-bind=&quot;template: { name: &#39;narrative-template&#39; }&quot;&gt;&lt;/div&gt;","42423055273065787"
"a2Jbn0000005s6hEAA","","LifeCycle.Spread_Base","005bn000003k2JdAAI","","","","","","","","","","","","","","","","","","","","","","","","","","","","","","","","Knockout","","42424777606365410"
"a2Jbn0000005sBMEAY","","LifeCycle.KO_Narrative","005bn000003k2JdAAI","","","","","","","","","","","","","","nFORCE__ko_narrative_app","","","","","nFORCE__ko_narrative_viewModel","","nFORCE__screen_models","","","","","","","","","","","Knockout","&lt;div data-bind=&quot;template: { name: &#39;narrative-template&#39; }&quot;&gt;&lt;/div&gt;","42428539319662132"
"a2Jbn0000005s6sEAA","","LifeCycle.KO_Narrative","005bn000003k2JdAAI","","","","","","","","","","","","","","nFORCE__ko_narrative_app","","","","","nFORCE__ko_narrative_viewModel","","nFORCE__screen_models","","","","","","","","","","","Knockout","&lt;div data-bind=&quot;template: { name: &#39;narrative-template&#39; }&quot;&gt;&lt;/div&gt;","42431342986268417"
"a2Jbn0000005s8oEAA","","LifeCycle.KO_Narrative","005bn000003k2JdAAI","","","","","","","","","","","","","","nFORCE__ko_narrative_app","","","","","nFORCE__ko_narrative_viewModel","","nFORCE__screen_models","","","","","","","","","","","Knockout","&lt;div data-bind=&quot;template: { name: &#39;narrative-template&#39; }&quot;&gt;&lt;/div&gt;","42432144907378181"
"a2Jbn0000005s7hEAA","","LifeCycle.KO_Narrative","005bn000003k2JdAAI","","","","","","","","","","","","","","nFORCE__ko_narrative_app","","","","","nFORCE__ko_narrative_viewModel","","nFORCE__screen_models","","","","","","","","","","","Knockout","&lt;div data-bind=&quot;template: { name: &#39;narrative-template&#39; }&quot;&gt;&lt;/div&gt;","42446204255197252"
"a2Jbn0000005sBLEAY","","LifeCycle.KO_Narrative","005bn000003k2JdAAI","","","","","","","","","","","","","","nFORCE__ko_narrative_app","","","","","nFORCE__ko_narrative_viewModel","","nFORCE__screen_models","","","","","","","","","","","Knockout","&lt;div data-bind=&quot;template: { name: &#39;narrative-template&#39; }&quot;&gt;&lt;/div&gt;","42446777613907675"
"a2Jbn0000005sBaEAI","","LifeCycle.KO_Narrative","005bn000003k2JdAAI","","","","","","","","","","","","","","nFORCE__ko_narrative_app","","","","","nFORCE__ko_narrative_viewModel","","nFORCE__screen_models","","","","","","","","","","","Knockout","&lt;div data-bind=&quot;template: { name: &#39;narrative-template&#39; }&quot;&gt;&lt;/div&gt;","42453330692275539"
"a2Jbn0000005s7BEAQ","","LifeCycle.KO_Narrative","005bn000003k2JdAAI","","","","","","","","","","","","","","nFORCE__ko_narrative_app","","","","","nFORCE__ko_narrative_viewModel","","nFORCE__screen_models","","","","","","","","","","","Knockout","&lt;div data-bind=&quot;template: { name: &#39;narrative-template&#39; }&quot;&gt;&lt;/div&gt;","42462690044220051"
"a2Jbn0000005s95EAA","","LifeCycle.KO_Narrative","005bn000003k2JdAAI","","","","","","","","","","","","","","nFORCE__ko_narrative_app","","","","","nFORCE__ko_narrative_viewModel","","nFORCE__screen_models","","","","","","","","","","","Knockout","&lt;div data-bind=&quot;template: { name: &#39;narrative-template&#39; }&quot;&gt;&lt;/div&gt;","42462854672033431"
"a2Jbn0000005s7nEAA","","LifeCycle.KO_Narrative","005bn000003k2JdAAI","","","","","","","","","","","","","","nFORCE__ko_narrative_app","","","","","nFORCE__ko_narrative_viewModel","","nFORCE__screen_models","","","","","","","","","","","Knockout","&lt;div data-bind=&quot;template: { name: &#39;narrative-template&#39; }&quot;&gt;&lt;/div&gt;","42464295567685778"
"a2Jbn0000005s8AEAQ","","LifeCycle.KO_Narrative","005bn000003k2JdAAI","","","","","","","","","","","","","","nFORCE__ko_narrative_app","","","","","nFORCE__ko_narrative_viewModel","","nFORCE__screen_models","","","","","","","","","","","Knockout","&lt;div data-bind=&quot;template: { name: &#39;narrative-template&#39; }&quot;&gt;&lt;/div&gt;","42464740632174878"
"a2Jbn0000005s7rEAA","","LifeCycle.KO_Narrative","005bn000003k2JdAAI","","","","","","","","","","","","","","nFORCE__ko_narrative_app","","","","","nFORCE__ko_narrative_viewModel","","nFORCE__screen_models","","","","","","","","","","","Knockout","&lt;div data-bind=&quot;template: { name: &#39;narrative-template&#39; }&quot;&gt;&lt;/div&gt;","42476180397998848"
"a2Jbn0000005s8bEAA","","LifeCycle.KO_Narrative","005bn000003k2JdAAI","","","","","","","","","","","","","","nFORCE__ko_narrative_app","","","","","nFORCE__ko_narrative_viewModel","","nFORCE__screen_models","","","","","","","","","","","Knockout","&lt;div data-bind=&quot;template: { name: &#39;narrative-template&#39; }&quot;&gt;&lt;/div&gt;","42476290680291396"
"a2Jbn0000005s79EAA","","LifeCycle.KO_Narrative","005bn000003k2JdAAI","","","","","","","","","","","","","","nFORCE__ko_narrative_app","","","","","nFORCE__ko_narrative_viewModel","","nFORCE__screen_models","","","","","","","","","","","Knockout","&lt;div data-bind=&quot;template: { name: &#39;narrative-template&#39; }&quot;&gt;&lt;/div&gt;","42483155325855632"
"a2Jbn0000005s8zEAA","","LifeCycle.KO_Narrative","005bn000003k2JdAAI","","","","","","","","","","","","","","nFORCE__ko_narrative_app","","","","","nFORCE__ko_narrative_viewModel","","nFORCE__screen_models","","","","","","","","","","","Knockout","&lt;div data-bind=&quot;template: { name: &#39;narrative-template&#39; }&quot;&gt;&lt;/div&gt;","42497615317252560"
"a2Jbn0000005s6kEAA","","LifeCycle.KO_Narrative","005bn000003k2JdAAI","","","","","","","","","","","","","","nFORCE__ko_narrative_app","","","","","nFORCE__ko_narrative_viewModel","","nFORCE__screen_models","","","","","","","","","","","Knockout","&lt;div data-bind=&quot;template: { name: &#39;narrative-template&#39; }&quot;&gt;&lt;/div&gt;","42498907608509576"
"a2Jbn0000005s8TEAQ","","LifeCycle.KO_Narrative","005bn000003k2JdAAI","","","","","","maxSize: 12000000;","","","","","","","","nFORCE__ko_narrative_app","","","","","nFORCE__ko_narrative_viewModel","","nFORCE__screen_models","","","","","","","","","","","Knockout","&lt;div data-bind=&quot;template: { name: &#39;narrative-template&#39; }&quot;&gt;&lt;/div&gt;","42499599262913463"
"a2Jbn0000005sAuEAI","","LifeCycle.KO_Narrative","005bn000003k2JdAAI","","","","","","","","","","","","","","nFORCE__ko_narrative_app","","","","","nFORCE__ko_narrative_viewModel","","nFORCE__screen_models","","","","","","","","","","","Knockout","&lt;div data-bind=&quot;template: { name: &#39;narrative-template&#39; }&quot;&gt;&lt;/div&gt;","42500051010557966"
"a2Jbn0000005s6bEAA","","LifeCycle.KO_Narrative","005bn000003k2JdAAI","","","","","","","","","","","","","","nFORCE__ko_narrative_app","","","","","nFORCE__ko_narrative_viewModel","","nFORCE__screen_models","","","","","","","","","","","Knockout","&lt;div data-bind=&quot;template: { name: &#39;narrative-template&#39; }&quot;&gt;&lt;/div&gt;","42503729432218099"
"a2Jbn0000005s8eEAA","","LifeCycle.KO_Narrative","005bn000003k2JdAAI","","","","","","maxSize: 12000000;","","","","","","","","nFORCE__ko_narrative_app","","","","","nFORCE__ko_narrative_viewModel","","nFORCE__screen_models","","","","","","","","","","","Knockout","&lt;div data-bind=&quot;template: { name: &#39;narrative-template&#39; }&quot;&gt;&lt;/div&gt;","42511051737144462"
"a2Jbn0000005s70EAA","","LifeCycle.KO_Narrative","005bn000003k2JdAAI","","","","","","","","","","","","","","nFORCE__ko_narrative_app","","","","","nFORCE__ko_narrative_viewModel","","nFORCE__screen_models","","","","","","","","","","","Knockout","&lt;div data-bind=&quot;template: { name: &#39;narrative-template&#39; }&quot;&gt;&lt;/div&gt;","42511735162433415"
"a2Jbn0000005s6EEAQ","","LifeCycle.Spread_Base","005bn000003k2JdAAI","","","","","","","","","","","","","","","","","","","","","","","","","","","","","","","","Knockout","","42512360882426635"
"a2Jbn0000005s6rEAA","","LifeCycle.KO_Narrative","005bn000003k2JdAAI","","","","","","","","","","","","","","nFORCE__ko_narrative_app","","","","","nFORCE__ko_narrative_viewModel","","nFORCE__screen_models","","","","","","","","","","","Knockout","&lt;div data-bind=&quot;template: { name: &#39;narrative-template&#39; }&quot;&gt;&lt;/div&gt;","42514840312909292"
"a2Jbn0000005s6PEAQ","","LifeCycle.Spread_Base","005bn000003k2JdAAI","","","","","","","","","","","","","","","","","","","","","","","","","","","","","","","","Knockout","","42520999487136321"
"a2Jbn0000005s7cEAA","","ProjectRollUpScreenSection","005bn000003k2JdAAI","","","","","","","","","","","","","","","","","","","","","","","","","","","","","","","","Angular","&lt;cre-project-roll-up data-bind=&quot;attr: { contextId: contextObject.Id, none: (function(){ LifeCycle.bootstrapProjectRollUp(); })() }&quot;&gt;&lt;/cre-project-roll-up&gt;","42523025420109377"
"a2Jbn0000005s6KEAQ","","LifeCycle.Default_Widget","005bn000003k2JdAAI","","","","","","","","","","","","","","LLC_BI__default_widget_app","","","","","","","LLC_BI__default_widget_viewModel","","","","","","","","","","","Knockout","&lt;table class=&quot;table&quot;&gt; &lt;tr&gt; &lt;th&gt;Date&lt;/th&gt; &lt;th&gt;Assigned To&lt;/th&gt; &lt;th&gt;Actual Approver&lt;/th&gt; &lt;th&gt;Status&lt;/th&gt; &lt;th&gt;Comments&lt;/th&gt; &lt;/tr&gt; &lt;!-- ko foreach: approvalHistory --&gt; &lt;!-- ko foreach: steps.sort(sortDates) --&gt; &lt;tr&gt; &lt;td data-bind=&quot;dateText: theDate&quot; /&gt; &lt;td&gt; &lt;span data-bind=&quot;text: originalActor.lastName&quot; /&gt; , &lt;span data-bind=&quot;text: originalActor.firstName&quot; /&gt; &lt;/td&gt; &lt;td&gt; &lt;span data-bind=&quot;text: assignedActor.lastName&quot; /&gt; , &lt;span data-bind=&quot;text: assignedActor.firstName&quot; /&gt; &lt;/td&gt; &lt;td data-bind=&quot;text: status&quot; /&gt; &lt;td data-bind=&quot;text: comments&quot; /&gt; &lt;/tr&gt; &lt;!-- /ko --&gt; &lt;!-- /ko --&gt; &lt;script&gt; function sortDates(a,b){if(a.theDate()&lt;b.theDate()){return -1; }else if(Date.parse(a.theDate())&gt; Date.parse(b.theDate())) {return 1; }else {return 0; } } &lt;/script&gt; &lt;/table&gt;","42534025667158794"
"a2Jbn0000005sBNEAY","","LifeCycle.KO_Narrative","005bn000003k2JdAAI","","","","","","","","","","","","","","nFORCE__ko_narrative_app","","","","","nFORCE__ko_narrative_viewModel","","nFORCE__screen_models","","","","","","","","","","","Knockout","&lt;div data-bind=&quot;template: { name: &#39;narrative-template&#39; }&quot;&gt;&lt;/div&gt;","42537476117743438"
"a2Jbn0000005s82EAA","","LifeCycle.KO_Narrative","005bn000003k2JdAAI","","","","","","","","","","","","","","nFORCE__ko_narrative_app","","","","","nFORCE__ko_narrative_viewModel","","nFORCE__screen_models","","","","","","","","","","","Knockout","&lt;div data-bind=&quot;template: { name: &#39;narrative-template&#39; }&quot;&gt;&lt;/div&gt;","42543802801434119"
"a2Jbn0000005s6VEAQ","","LifeCycle.KO_Narrative","005bn000003k2JdAAI","","","","","","","","","","","","","","nFORCE__ko_narrative_app","","","","","nFORCE__ko_narrative_viewModel","","nFORCE__screen_models","","","","","","","","","","","Knockout","&lt;div data-bind=&quot;template: { name: &#39;narrative-template&#39; }&quot;&gt;&lt;/div&gt;","42552010708172211"
"a2Jbn0000005s8wEAA","","LifeCycle.KO_Narrative","005bn000003k2JdAAI","","","","","","","","","","","","","","nFORCE__ko_narrative_app","","","","","nFORCE__ko_narrative_viewModel","","nFORCE__screen_models","","","","","","","","","","","Knockout","&lt;div data-bind=&quot;template: { name: &#39;narrative-template&#39; }&quot;&gt;&lt;/div&gt;","42561086712115774"
"a2Jbn0000005sALEAY","","LifeCycle.KO_Narrative","005bn000003k2JdAAI","","","","","","","","","","","","","","nFORCE__ko_narrative_app","","","","","nFORCE__ko_narrative_viewModel","","nFORCE__screen_models","","","","","","","","","","","Knockout","&lt;div data-bind=&quot;template: { name: &#39;narrative-template&#39; }&quot;&gt;&lt;/div&gt;","42573101076398111"
"a2Jbn0000005s91EAA","","LifeCycle.KO_Narrative","005bn000003k2JdAAI","","","","","","","","","","","","","","nFORCE__ko_narrative_app","","","","","nFORCE__ko_narrative_viewModel","","nFORCE__screen_models","","","","","","","","","","","Knockout","&lt;div data-bind=&quot;template: { name: &#39;narrative-template&#39; }&quot;&gt;&lt;/div&gt;","42573321226087672"
"a2Jbn0000005sBdEAI","","LifeCycle.KO_Narrative","005bn000003k2JdAAI","","","","","","","","","","","","","","nFORCE__ko_narrative_app","","","","","nFORCE__ko_narrative_viewModel","","nFORCE__screen_models","","","","","","","","","","","Knockout","&lt;div data-bind=&quot;template: { name: &#39;narrative-template&#39; }&quot;&gt;&lt;/div&gt;","42582436153525922"
"a2Jbn0000005s7yEAA","","LifeCycle.KO_Narrative","005bn000003k2JdAAI","","","","","","","","","","","","","","nFORCE__ko_narrative_app","","","","","nFORCE__ko_narrative_viewModel","","nFORCE__screen_models","","","","","","","","","","","Knockout","&lt;div data-bind=&quot;template: { name: &#39;narrative-template&#39; }&quot;&gt;&lt;/div&gt;","42583959308951552"
"a2Jbn0000005sBFEAY","","LifeCycle.KO_Narrative","005bn000003k2JdAAI","","","","","","","","","","","","","","nFORCE__ko_narrative_app","","","","","nFORCE__ko_narrative_viewModel","","nFORCE__screen_models","","","","","","","","","","","Knockout","&lt;div data-bind=&quot;template: { name: &#39;narrative-template&#39; }&quot;&gt;&lt;/div&gt;","42590622646882173"
"a2Jbn0000005s85EAA","","LifeCycle.KO_Narrative","005bn000003k2JdAAI","","","","","","","","","","","","","","nFORCE__ko_narrative_app","","","","","nFORCE__ko_narrative_viewModel","","nFORCE__screen_models","","","","","","","","","","","Knockout","&lt;div data-bind=&quot;template: { name: &#39;narrative-template&#39; }&quot;&gt;&lt;/div&gt;","42592435153904628"
"a2Jbn0000005sBXEAY","","LifeCycle.KO_Narrative","005bn000003k2JdAAI","","","","","","","","","","","","","","nFORCE__ko_narrative_app","","","","","nFORCE__ko_narrative_viewModel","","nFORCE__screen_models","","","","","","","","","","","Knockout","&lt;div data-bind=&quot;template: { name: &#39;narrative-template&#39; }&quot;&gt;&lt;/div&gt;","42604293467915318"
"a2Jbn0000005s6zEAA","","LifeCycle.KO_Narrative","005bn000003k2JdAAI","","","","","","","","","","","","","","nFORCE__ko_narrative_app","","","","","nFORCE__ko_narrative_viewModel","","nFORCE__screen_models","","","","","","","","","","","Knockout","&lt;div data-bind=&quot;template: { name: &#39;narrative-template&#39; }&quot;&gt;&lt;/div&gt;","42604802731248490"
"a2Jbn0000005s7zEAA","","LifeCycle.KO_Narrative","005bn000003k2JdAAI","","","","","","","","","","","","","","nFORCE__ko_narrative_app","","","","","nFORCE__ko_narrative_viewModel","","nFORCE__screen_models","","","","","","","","","","","Knockout","&lt;div data-bind=&quot;template: { name: &#39;narrative-template&#39; }&quot;&gt;&lt;/div&gt;","42606918955282500"
"a2Jbn0000005s90EAA","","Default_Widget","005bn000003k2JdAAI","","","","","","","","","","","","","","nFORCE__default_widget_app","","","","","nFORCE__screen_models","","nFORCE__default_widget_viewModel","","","","","","","","","","","Knockout","&lt;table class=&quot;table&quot;&gt;<br>   &lt;tr&gt;<br>      &lt;th&gt;Date&lt;/th&gt;<br>      &lt;th&gt;Assigned To&lt;/th&gt;<br>      &lt;th&gt;Actual Approver&lt;/th&gt;<br>      &lt;th&gt;Status&lt;/th&gt;<br>      &lt;th&gt;Comments&lt;/th&gt;<br>   &lt;/tr&gt;<br>   &lt;!--ko foreach: contextObject.approvalHistory--&gt; &lt;!-- ko foreach: steps --&gt; <br>   &lt;tr&gt;<br>      &lt;td data-bind=&quot;dateText: theDate&quot; /&gt; <br>      &lt;td&gt; &lt;span data-bind=&quot;text: originalActor.name&quot; /&gt; &lt;/td&gt;<br>      &lt;td&gt; &lt;span data-bind=&quot;text: assignedActor.name&quot; /&gt; &lt;/td&gt;<br>      &lt;td data-bind=&quot;text: status&quot; /&gt; <br>      &lt;td data-bind=&quot;text: comments&quot; /&gt; <br>   &lt;/tr&gt;<br>   &lt;!-- /ko --&gt; &lt;!-- /ko --&gt; &lt;script&gt; function sortDates(a,b){if(a.theDate()&lt;b.theDate()){return -1; }else if(Date.parse(a.theDate())&gt; Date.parse(b.theDate())) {return 1; }else {return 0; } } &lt;/script&gt; <br>&lt;/table&gt;","42615946399218793"
"a2Jbn0000005sArEAI","","LifeCycle.KO_Narrative","005bn000003k2JdAAI","","","","","","","","","","","","","","nFORCE__ko_narrative_app","","","","","nFORCE__ko_narrative_viewModel","","nFORCE__screen_models","","","","","","","","","","","Knockout","&lt;div data-bind=&quot;template: { name: &#39;narrative-template&#39; }&quot;&gt;&lt;/div&gt;","42621455617358722"
"a2Jbn0000005sAgEAI","","LifeCycle.KO_Narrative","005bn000003k2JdAAI","","","","","","","","","","","","","","nFORCE__ko_narrative_app","","","","","nFORCE__ko_narrative_viewModel","","nFORCE__screen_models","","","","","","","","","","","Knockout","&lt;div data-bind=&quot;template: { name: &#39;narrative-template&#39; }&quot;&gt;&lt;/div&gt;","42621828227380223"
"a2Jbn0000005s7NEAQ","","LifeCycle.KO_Narrative","005bn000003k2JdAAI","","","","","","","","","","","","","","nFORCE__ko_narrative_app","","","","","nFORCE__ko_narrative_viewModel","","nFORCE__screen_models","","","","","","","","","","","Knockout","&lt;div data-bind=&quot;template: { name: &#39;narrative-template&#39; }&quot;&gt;&lt;/div&gt;","42623161899103503"
"a2Jbn0000005sBKEAY","","LifeCycle.KO_Narrative","005bn000003k2JdAAI","","","","","","","","","","","","","","nFORCE__ko_narrative_app","","","","","nFORCE__ko_narrative_viewModel","","nFORCE__screen_models","","","","","","","","","","","Knockout","&lt;div data-bind=&quot;template: { name: &#39;narrative-template&#39; }&quot;&gt;&lt;/div&gt;","42624925125987421"
"a2Jbn0000005sBHEAY","","LifeCycle.KO_Narrative","005bn000003k2JdAAI","","","","","","","","","","","","","","nFORCE__ko_narrative_app","","","","","nFORCE__ko_narrative_viewModel","","nFORCE__screen_models","","","","","","","","","","","Knockout","&lt;div data-bind=&quot;template: { name: &#39;narrative-template&#39; }&quot;&gt;&lt;/div&gt;","42625975377415866"
"a2Jbn0000005s7eEAA","","LifeCycle.Default_Widget","005bn000003k2JdAAI","","","","","","","","","","","","","","LLC_BI__default_widget_app","","","","","","","LLC_BI__default_widget_viewModel","","","","","","","","","","","Knockout","&lt;table class=&quot;table&quot;&gt; &lt;tr&gt; &lt;th&gt;Date&lt;/th&gt; &lt;th&gt;Assigned To&lt;/th&gt; &lt;th&gt;Actual Approver&lt;/th&gt; &lt;th&gt;Status&lt;/th&gt; &lt;th&gt;Comments&lt;/th&gt; &lt;/tr&gt; &lt;!-- ko foreach: approvalHistory --&gt; &lt;!-- ko foreach: steps.sort(sortDates) --&gt; &lt;tr&gt; &lt;td data-bind=&quot;dateText: theDate&quot; /&gt; &lt;td&gt; &lt;span data-bind=&quot;text: originalActor.lastName&quot; /&gt; , &lt;span data-bind=&quot;text: originalActor.firstName&quot; /&gt; &lt;/td&gt; &lt;td&gt; &lt;span data-bind=&quot;text: assignedActor.lastName&quot; /&gt; , &lt;span data-bind=&quot;text: assignedActor.firstName&quot; /&gt; &lt;/td&gt; &lt;td data-bind=&quot;text: status&quot; /&gt; &lt;td data-bind=&quot;text: comments&quot; /&gt; &lt;/tr&gt; &lt;!-- /ko --&gt; &lt;!-- /ko --&gt; &lt;script&gt; function sortDates(a,b){if(a.theDate()&lt;b.theDate()){return -1; }else if(Date.parse(a.theDate())&gt; Date.parse(b.theDate())) {return 1; }else {return 0; } } &lt;/script&gt; &lt;/table&gt;","42634886771528119"
"a2Jbn0000005sBUEAY","","LifeCycle.KO_Narrative","005bn000003k2JdAAI","","","","","","","","","","","","","","nFORCE__ko_narrative_app","","","","","nFORCE__ko_narrative_viewModel","","nFORCE__screen_models","","","","","","","","","","","Knockout","&lt;div data-bind=&quot;template: { name: &#39;narrative-template&#39; }&quot;&gt;&lt;/div&gt;","42638947403767885"
"a2Jbn0000005s6JEAQ","","LifeCycle.Spread_Base","005bn000003k2JdAAI","","","","","","","","","","","","","","","","","","","","","","","","","","","","","","","","Knockout","","42639370889985975"
"a2Jbn0000005s6QEAQ","","LifeCycle.KO_Narrative","005bn000003k2JdAAI","","","","","","","","","","","","","","nFORCE__ko_narrative_app","","","","","nFORCE__ko_narrative_viewModel","","nFORCE__screen_models","","","","","","","","","","","Knockout","&lt;div data-bind=&quot;template: { name: &#39;narrative-template&#39; }&quot;&gt;&lt;/div&gt;","42639461112436314"
"a2Jbn0000005sBWEAY","","LifeCycle.KO_Narrative","005bn000003k2JdAAI","","","","","","","","","","","","","","nFORCE__ko_narrative_app","","","","","nFORCE__ko_narrative_viewModel","","nFORCE__screen_models","","","","","","","","","","","Knockout","&lt;div data-bind=&quot;template: { name: &#39;narrative-template&#39; }&quot;&gt;&lt;/div&gt;","42640414248691339"
"a2Jbn0000005s7jEAA","","LifeCycle.KO_Narrative","005bn000003k2JdAAI","","","","","","","","","","","","","","nFORCE__ko_narrative_app","","","","","nFORCE__ko_narrative_viewModel","","nFORCE__screen_models","","","","","","","","","","","Knockout","&lt;div data-bind=&quot;template: { name: &#39;narrative-template&#39; }&quot;&gt;&lt;/div&gt;","42645115308353648"
"a2Jbn0000005sB2EAI","","LifeCycle.KO_Narrative","005bn000003k2JdAAI","","","","","","","","","","","","","","nFORCE__ko_narrative_app","","","","","nFORCE__ko_narrative_viewModel","","nFORCE__screen_models","","","","","","","","","","","Knockout","&lt;div data-bind=&quot;template: { name: &#39;narrative-template&#39; }&quot;&gt;&lt;/div&gt;","4264749774469906"
"a2Jbn0000005s84EAA","","LifeCycle.KO_Narrative","005bn000003k2JdAAI","","","","","","","","","","","","","","nFORCE__ko_narrative_app","","","","","nFORCE__ko_narrative_viewModel","","nFORCE__screen_models","","","","","","","","","","","Knockout","&lt;div data-bind=&quot;template: { name: &#39;narrative-template&#39; }&quot;&gt;&lt;/div&gt;","42651152608702739"
"a2Jbn0000005sBDEAY","","LifeCycle.KO_Narrative","005bn000003k2JdAAI","","","","","","","","","","","","","","nFORCE__ko_narrative_app","","","","","nFORCE__ko_narrative_viewModel","","nFORCE__screen_models","","","","","","","","","","","Knockout","&lt;div data-bind=&quot;template: { name: &#39;narrative-template&#39; }&quot;&gt;&lt;/div&gt;","4265215896338404"
"a2Jbn0000005s8REAQ","","LifeCycle.KO_Narrative","005bn000003k2JdAAI","","","","","","maxSize: 12000000;","","","","","","","","nFORCE__ko_narrative_app","","","","","nFORCE__ko_narrative_viewModel","","nFORCE__screen_models","","","","","","","","","","","Knockout","&lt;div data-bind=&quot;template: { name: &#39;narrative-template&#39; }&quot;&gt;&lt;/div&gt;","42652333583868227"
"a2Jbn0000005s8YEAQ","","LifeCycle.KO_Narrative","005bn000003k2JdAAI","","","","","","","","","","","","","","nFORCE__ko_narrative_app","","","","","nFORCE__ko_narrative_viewModel","","nFORCE__screen_models","","","","","","","","","","","Knockout","&lt;div data-bind=&quot;template: { name: &#39;narrative-template&#39; }&quot;&gt;&lt;/div&gt;","42654961802050478"
"a2Jbn0000005sBTEAY","","LifeCycle.KO_Narrative","005bn000003k2JdAAI","","","","","","","","","","","","","","nFORCE__ko_narrative_app","","","","","nFORCE__ko_narrative_viewModel","","nFORCE__screen_models","","","","","","","","","","","Knockout","&lt;div data-bind=&quot;template: { name: &#39;narrative-template&#39; }&quot;&gt;&lt;/div&gt;","42659380279524921"
"a2Jbn0000005s6gEAA","","LifeCycle.Default_Widget","005bn000003k2JdAAI","","","","","","","","","","","","","","LLC_BI__default_widget_app","","","","","","","LLC_BI__default_widget_viewModel","","","","","","","","","","","Knockout","&lt;table class=&quot;table&quot;&gt; &lt;tr&gt; &lt;th&gt;Date&lt;/th&gt; &lt;th&gt;Assigned To&lt;/th&gt; &lt;th&gt;Actual Approver&lt;/th&gt; &lt;th&gt;Status&lt;/th&gt; &lt;th&gt;Comments&lt;/th&gt; &lt;/tr&gt; &lt;!-- ko foreach: approvalHistory --&gt; &lt;!-- ko foreach: steps --&gt; &lt;tr&gt; &lt;td data-bind=&quot;dateText: theDate&quot; /&gt; &lt;td&gt; &lt;span data-bind=&quot;text: originalActor.name&quot; /&gt; &lt;/td&gt; &lt;td&gt; &lt;span data-bind=&quot;text: assignedActor.name&quot; /&gt; &lt;/td&gt; &lt;td data-bind=&quot;text: status&quot; /&gt; &lt;td data-bind=&quot;text: comments&quot; /&gt; &lt;/tr&gt; &lt;!-- /ko --&gt; &lt;!-- /ko --&gt; &lt;/table&gt;","42661290947214164"
"a2Jbn0000005sAhEAI","","LifeCycle.KO_Narrative","005bn000003k2JdAAI","","","","","","","","","","","","","","nFORCE__ko_narrative_app","","","","","nFORCE__ko_narrative_viewModel","","nFORCE__screen_models","","","","","","","","","","","Knockout","&lt;div data-bind=&quot;template: { name: &#39;narrative-template&#39; }&quot;&gt;&lt;/div&gt;","42664288956592718"
"a2Jbn0000005s6GEAQ","","LifeCycle.Default_Widget","005bn000003k2JdAAI","","","","","","","","","","","","","","LLC_BI__default_widget_app","","","","","","","LLC_BI__default_widget_viewModel","","","","","","","","","","","Knockout","&lt;table class=&quot;table&quot;&gt; &lt;tr&gt; &lt;th&gt;Date&lt;/th&gt; &lt;th&gt;Assigned To&lt;/th&gt; &lt;th&gt;Actual Approver&lt;/th&gt; &lt;th&gt;Status&lt;/th&gt; &lt;th&gt;Comments&lt;/th&gt; &lt;/tr&gt; &lt;!-- ko foreach: approvalHistory --&gt; &lt;!-- ko foreach: steps.sort(sortDates) --&gt; &lt;tr&gt; &lt;td data-bind=&quot;dateText: theDate&quot; /&gt; &lt;td&gt; &lt;span data-bind=&quot;text: originalActor.lastName&quot; /&gt; , &lt;span data-bind=&quot;text: originalActor.firstName&quot; /&gt; &lt;/td&gt; &lt;td&gt; &lt;span data-bind=&quot;text: assignedActor.lastName&quot; /&gt; , &lt;span data-bind=&quot;text: assignedActor.firstName&quot; /&gt; &lt;/td&gt; &lt;td data-bind=&quot;text: status&quot; /&gt; &lt;td data-bind=&quot;text: comments&quot; /&gt; &lt;/tr&gt; &lt;!-- /ko --&gt; &lt;!-- /ko --&gt; &lt;script&gt; function sortDates(a,b){if(a.theDate()&lt;b.theDate()){return -1; }else if(Date.parse(a.theDate())&gt; Date.parse(b.theDate())) {return 1; }else {return 0; } } &lt;/script&gt; &lt;/table&gt;","42664307250453048"
"a2Jbn0000005s7EEAQ","","LifeCycle.KO_Narrative","005bn000003k2JdAAI","","","","","","","","","","","","","","nFORCE__ko_narrative_app","","","","","nFORCE__ko_narrative_viewModel","","nFORCE__screen_models","","","","","","","","","","","Knockout","&lt;div data-bind=&quot;template: { name: &#39;narrative-template&#39; }&quot;&gt;&lt;/div&gt;","42667580767431945"
"a2Jbn0000005s6mEAA","","LifeCycle.KO_Narrative","005bn000003k2JdAAI","","","","","","","","","","","","","","nFORCE__ko_narrative_app","","","","","nFORCE__ko_narrative_viewModel","","nFORCE__screen_models","","","","","","","","","","","Knockout","&lt;div data-bind=&quot;template: { name: &#39;narrative-template&#39; }&quot;&gt;&lt;/div&gt;","42669896545923639"
"a2Jbn0000005s74EAA","","LifeCycle.KO_Narrative","005bn000003k2JdAAI","","","","","","","","","","","","","","nFORCE__ko_narrative_app","","","","","nFORCE__ko_narrative_viewModel","","nFORCE__screen_models","","","","","","","","","","","Knockout","&lt;div data-bind=&quot;template: { name: &#39;narrative-template&#39; }&quot;&gt;&lt;/div&gt;","42680601928845685"
"a2Jbn0000005s7xEAA","","LifeCycle.KO_Narrative","005bn000003k2JdAAI","","","","","","","","","","","","","","nFORCE__ko_narrative_app","","","","","nFORCE__ko_narrative_viewModel","","nFORCE__screen_models","","","","","","","","","","","Knockout","&lt;div data-bind=&quot;template: { name: &#39;narrative-template&#39; }&quot;&gt;&lt;/div&gt;","42683233425935591"
"a2Jbn0000005sB9EAI","","LifeCycle.KO_Narrative","005bn000003k2JdAAI","","","","","","","","","","","","","","nFORCE__ko_narrative_app","","","","","nFORCE__ko_narrative_viewModel","","nFORCE__screen_models","","","","","","","","","","","Knockout","&lt;div data-bind=&quot;template: { name: &#39;narrative-template&#39; }&quot;&gt;&lt;/div&gt;","42683849843237941"
"a2Jbn0000005s7YEAQ","","LifeCycle.KO_Narrative","005bn000003k2JdAAI","","","","","","","","","","","","","","nFORCE__ko_narrative_app","","","","","nFORCE__ko_narrative_viewModel","","nFORCE__screen_models","","","","","","","","","","","Knockout","&lt;div data-bind=&quot;template: { name: &#39;narrative-template&#39; }&quot;&gt;&lt;/div&gt;","42684876239014761"
"a2Jbn0000005s7AEAQ","","LifeCycle.KO_Narrative","005bn000003k2JdAAI","","","","","","","","","","","","","","nFORCE__ko_narrative_app","","","","","nFORCE__ko_narrative_viewModel","","nFORCE__screen_models","","","","","","","","","","","Knockout","&lt;div data-bind=&quot;template: { name: &#39;narrative-template&#39; }&quot;&gt;&lt;/div&gt;","42685833253947948"
"a2Jbn0000005s8OEAQ","","LifeCycle.KO_Narrative","005bn000003k2JdAAI","","","","","","","","","","","","","","nFORCE__ko_narrative_app","","","","","nFORCE__ko_narrative_viewModel","","nFORCE__screen_models","","","","","","","","","","","Knockout","&lt;div data-bind=&quot;template: { name: &#39;narrative-template&#39; }&quot;&gt;&lt;/div&gt;","42687175584237647"
"a2Jbn0000005sB5EAI","","LifeCycle.KO_Narrative","005bn000003k2JdAAI","","","","","","","","","","","","","","nFORCE__ko_narrative_app","","","","","nFORCE__ko_narrative_viewModel","","nFORCE__screen_models","","","","","","","","","","","Knockout","&lt;div data-bind=&quot;template: { name: &#39;narrative-template&#39; }&quot;&gt;&lt;/div&gt;","42692802203940100"
"a2Jbn0000005s96EAA","","LifeCycle.KO_Narrative","005bn000003k2JdAAI","","","","","","","","","","","","","","nFORCE__ko_narrative_app","","","","","nFORCE__ko_narrative_viewModel","","nFORCE__screen_models","","","","","","","","","","","Knockout","&lt;div data-bind=&quot;template: { name: &#39;narrative-template&#39; }&quot;&gt;&lt;/div&gt;","42698882674081407"
"a2Jbn0000005sB0EAI","","LifeCycle.KO_Narrative","005bn000003k2JdAAI","","","","","","","","","","","","","","nFORCE__ko_narrative_app","","","","","nFORCE__ko_narrative_viewModel","","nFORCE__screen_models","","","","","","","","","","","Knockout","&lt;div data-bind=&quot;template: { name: &#39;narrative-template&#39; }&quot;&gt;&lt;/div&gt;","42699318283387139"
"a2Jbn0000005sB8EAI","","LifeCycle.KO_Narrative","005bn000003k2JdAAI","","","","","","","","","","","","","","nFORCE__ko_narrative_app","","","","","nFORCE__ko_narrative_viewModel","","nFORCE__screen_models","","","","","","","","","","","Knockout","&lt;div data-bind=&quot;template: { name: &#39;narrative-template&#39; }&quot;&gt;&lt;/div&gt;","42701413316017675"
"a2Jbn0000005s8yEAA","","LifeCycle.KO_Narrative","005bn000003k2JdAAI","","","","","","","","","","","","","","nFORCE__ko_narrative_app","","","","","nFORCE__ko_narrative_viewModel","","nFORCE__screen_models","","","","","","","","","","","Knockout","&lt;div data-bind=&quot;template: { name: &#39;narrative-template&#39; }&quot;&gt;&lt;/div&gt;","42717382516171589"
"a2Jbn0000005s6iEAA","","LifeCycle.Default_Widget","005bn000003k2JdAAI","","","","","","","","","","","","","","LLC_BI__default_widget_app","","","","","","","LLC_BI__default_widget_viewModel","","","","","","","","","","","Knockout","&lt;table class=&quot;table&quot;&gt; &lt;tr&gt; &lt;th&gt;Date&lt;/th&gt; &lt;th&gt;Assigned To&lt;/th&gt; &lt;th&gt;Actual Approver&lt;/th&gt; &lt;th&gt;Status&lt;/th&gt; &lt;th&gt;Comments&lt;/th&gt; &lt;/tr&gt; &lt;!-- ko foreach: approvalHistory --&gt; &lt;!-- ko foreach: steps.sort(sortDates) --&gt; &lt;tr&gt; &lt;td data-bind=&quot;dateText: theDate&quot; /&gt; &lt;td&gt; &lt;span data-bind=&quot;text: originalActor.lastName&quot; /&gt; , &lt;span data-bind=&quot;text: originalActor.firstName&quot; /&gt; &lt;/td&gt; &lt;td&gt; &lt;span data-bind=&quot;text: assignedActor.lastName&quot; /&gt; , &lt;span data-bind=&quot;text: assignedActor.firstName&quot; /&gt; &lt;/td&gt; &lt;td data-bind=&quot;text: status&quot; /&gt; &lt;td data-bind=&quot;text: comments&quot; /&gt; &lt;/tr&gt; &lt;!-- /ko --&gt; &lt;!-- /ko --&gt; &lt;script&gt; function sortDates(a,b){if(a.theDate()&lt;b.theDate()){return -1; }else if(Date.parse(a.theDate())&gt; Date.parse(b.theDate())) {return 1; }else {return 0; } } &lt;/script&gt; &lt;/table&gt;","42722739745461095"
"a2Jbn0000005s8aEAA","","LifeCycle.KO_Narrative","005bn000003k2JdAAI","","","","","","","","","","","","","","nFORCE__ko_narrative_app","","","","","nFORCE__ko_narrative_viewModel","","nFORCE__screen_models","","","","","","","","","","","Knockout","&lt;div data-bind=&quot;template: { name: &#39;narrative-template&#39; }&quot;&gt;&lt;/div&gt;","42723409468888127"
"a2Jbn0000005s6jEAA","","LifeCycle.Spread_Base","005bn000003k2JdAAI","","","","","","","","","","","","","","","","","","","","","","","","","","","","","","","","Knockout","","42732856405816938"
"a2Jbn0000005s6cEAA","","LifeCycle.KO_Narrative","005bn000003k2JdAAI","","","","","","","","","","","","","","nFORCE__ko_narrative_app","","","","","nFORCE__ko_narrative_viewModel","","nFORCE__screen_models","","","","","","","","","","","Knockout","&lt;div data-bind=&quot;template: { name: &#39;narrative-template&#39; }&quot;&gt;&lt;/div&gt;","42734959730615745"
"a2Jbn0000005sAPEAY","","LifeCycle.Spread_Base","005bn000003k2JdAAI","","","","","","filterSpreadsByLoanId:true","","","","","","","","","","","","","","","","","","","","","","","","","","Knockout","","42741364917595828"
"a2Jbn0000005s73EAA","","LifeCycle.KO_Narrative","005bn000003k2JdAAI","","","","","","","","","","","","","","nFORCE__ko_narrative_app","","","","","nFORCE__ko_narrative_viewModel","","nFORCE__screen_models","","","","","","","","","","","Knockout","&lt;div data-bind=&quot;template: { name: &#39;narrative-template&#39; }&quot;&gt;&lt;/div&gt;","42745910885723988"
"a2Jbn0000005s6XEAQ","","LifeCycle.KO_Narrative","005bn000003k2JdAAI","","","","","","","","","","","","","","nFORCE__ko_narrative_app","","","","","nFORCE__ko_narrative_viewModel","","nFORCE__screen_models","","","","","","","","","","","Knockout","&lt;div data-bind=&quot;template: { name: &#39;narrative-template&#39; }&quot;&gt;&lt;/div&gt;","42746587262549645"
"a2Jbn0000005s8jEAA","","LifeCycle.KO_Narrative","005bn000003k2JdAAI","","","","","","maxSize: 12000000;","","","","","","","","nFORCE__ko_narrative_app","","","","","nFORCE__ko_narrative_viewModel","","nFORCE__screen_models","","","","","","","","","","","Knockout","&lt;div data-bind=&quot;template: { name: &#39;narrative-template&#39; }&quot;&gt;&lt;/div&gt;","42753070176242755"
"a2Jbn0000005s6yEAA","","LifeCycle.KO_Narrative","005bn000003k2JdAAI","","","","","","","","","","","","","","nFORCE__ko_narrative_app","","","","","nFORCE__ko_narrative_viewModel","","nFORCE__screen_models","","","","","","","","","","","Knockout","&lt;div data-bind=&quot;template: { name: &#39;narrative-template&#39; }&quot;&gt;&lt;/div&gt;","42762665247632822"
"a2Jbn0000005sBgEAI","","LifeCycle.KO_Narrative","005bn000003k2JdAAI","","","","","","","","","","","","","","nFORCE__ko_narrative_app","","","","","nFORCE__ko_narrative_viewModel","","nFORCE__screen_models","","","","","","","","","","","Knockout","&lt;div data-bind=&quot;template: { name: &#39;narrative-template&#39; }&quot;&gt;&lt;/div&gt;","42772707293881423"
"a2Jbn0000005sAlEAI","","LifeCycle.KO_Narrative","005bn000003k2JdAAI","","","","","","","","","","","","","","nFORCE__ko_narrative_app","","","","","nFORCE__ko_narrative_viewModel","","nFORCE__screen_models","","","","","","","","","","","Knockout","&lt;div data-bind=&quot;template: { name: &#39;narrative-template&#39; }&quot;&gt;&lt;/div&gt;","42777233261016914"
"a2Jbn0000005s7gEAA","","LifeCycle.KO_Narrative","005bn000003k2JdAAI","","","","","","","","","","","","","","nFORCE__ko_narrative_app","","","","","nFORCE__ko_narrative_viewModel","","nFORCE__screen_models","","","","","","","","","","","Knockout","&lt;div data-bind=&quot;template: { name: &#39;narrative-template&#39; }&quot;&gt;&lt;/div&gt;","42780637171591254"
"a2Jbn0000005s6nEAA","","LifeCycle.KO_Narrative","005bn000003k2JdAAI","","","","","","","","","","","","","","nFORCE__ko_narrative_app","","","","","nFORCE__ko_narrative_viewModel","","nFORCE__screen_models","","","","","","","","","","","Knockout","&lt;div data-bind=&quot;template: { name: &#39;narrative-template&#39; }&quot;&gt;&lt;/div&gt;","42781061647506303"
"a2Jbn0000005s6DEAQ","","LifeCycle.Default_Widget","005bn000003k2JdAAI","","","","","","","","","","","","","","LLC_BI__default_widget_app","","","","","","","LLC_BI__default_widget_viewModel","","","","","","","","","","","Knockout","&lt;table class=&quot;table&quot;&gt; &lt;tr&gt; &lt;th&gt;Date&lt;/th&gt; &lt;th&gt;Assigned To&lt;/th&gt; &lt;th&gt;Actual Approver&lt;/th&gt; &lt;th&gt;Status&lt;/th&gt; &lt;th&gt;Comments&lt;/th&gt; &lt;/tr&gt; &lt;!-- ko foreach: approvalHistory --&gt; &lt;!-- ko foreach: steps.sort(sortDates) --&gt; &lt;tr&gt; &lt;td data-bind=&quot;dateText: theDate&quot; /&gt; &lt;td&gt; &lt;span data-bind=&quot;text: originalActor.lastName&quot; /&gt; , &lt;span data-bind=&quot;text: originalActor.firstName&quot; /&gt; &lt;/td&gt; &lt;td&gt; &lt;span data-bind=&quot;text: assignedActor.lastName&quot; /&gt; , &lt;span data-bind=&quot;text: assignedActor.firstName&quot; /&gt; &lt;/td&gt; &lt;td data-bind=&quot;text: status&quot; /&gt; &lt;td data-bind=&quot;text: comments&quot; /&gt; &lt;/tr&gt; &lt;!-- /ko --&gt; &lt;!-- /ko --&gt; &lt;script&gt; function sortDates(a,b){if(a.theDate()&lt;b.theDate()){return -1; }else if(Date.parse(a.theDate())&gt; Date.parse(b.theDate())) {return 1; }else {return 0; } } &lt;/script&gt; &lt;/table&gt;","42785334641927067"
"a2Jbn0000005sAvEAI","","LifeCycle.KO_Narrative","005bn000003k2JdAAI","","","","","","","","","","","","","","nFORCE__ko_narrative_app","","","","","nFORCE__ko_narrative_viewModel","","nFORCE__screen_models","","","","","","","","","","","Knockout","&lt;div data-bind=&quot;template: { name: &#39;narrative-template&#39; }&quot;&gt;&lt;/div&gt;","42786929301074160"
"a2Jbn0000005sAeEAI","","LifeCycle.KO_Narrative","005bn000003k2JdAAI","","","","","","","","","","","","","","nFORCE__ko_narrative_app","","","","","nFORCE__ko_narrative_viewModel","","nFORCE__screen_models","","","","","","","","","","","Knockout","&lt;div data-bind=&quot;template: { name: &#39;narrative-template&#39; }&quot;&gt;&lt;/div&gt;","42789903582195713"
"a2Jbn0000005s7JEAQ","","LifeCycle.KO_Narrative","005bn000003k2JdAAI","","","","","","","","","","","","","","nFORCE__ko_narrative_app","","","","","nFORCE__ko_narrative_viewModel","","nFORCE__screen_models","","","","","","","","","","","Knockout","&lt;div data-bind=&quot;template: { name: &#39;narrative-template&#39; }&quot;&gt;&lt;/div&gt;","42790075979151715"
"a2Jbn0000005sBcEAI","","LifeCycle.KO_Narrative","005bn000003k2JdAAI","","","","","","","","","","","","","","nFORCE__ko_narrative_app","","","","","nFORCE__ko_narrative_viewModel","","nFORCE__screen_models","","","","","","","","","","","Knockout","&lt;div data-bind=&quot;template: { name: &#39;narrative-template&#39; }&quot;&gt;&lt;/div&gt;","42798022555786111"
"a2Jbn0000005s93EAA","","LifeCycle.KO_Narrative","005bn000003k2JdAAI","","","","","","","","","","","","","","nFORCE__ko_narrative_app","","","","","nFORCE__ko_narrative_viewModel","","nFORCE__screen_models","","","","","","","","","","","Knockout","&lt;div data-bind=&quot;template: { name: &#39;narrative-template&#39; }&quot;&gt;&lt;/div&gt;","42803293325915742"
"a2Jbn0000005sB6EAI","","LifeCycle.KO_Narrative","005bn000003k2JdAAI","","","","","","","","","","","","","","nFORCE__ko_narrative_app","","","","","nFORCE__ko_narrative_viewModel","","nFORCE__screen_models","","","","","","","","","","","Knockout","&lt;div data-bind=&quot;template: { name: &#39;narrative-template&#39; }&quot;&gt;&lt;/div&gt;","42814141186251188"
"a2Jbn0000005s8qEAA","","LifeCycle.KO_Narrative","005bn000003k2JdAAI","","","","","","","","","","","","","","nFORCE__ko_narrative_app","","","","","nFORCE__ko_narrative_viewModel","","nFORCE__screen_models","","","","","","","","","","","Knockout","&lt;div data-bind=&quot;template: { name: &#39;narrative-template&#39; }&quot;&gt;&lt;/div&gt;","42816947800446363"
"a2Jbn0000005s8LEAQ","","LifeCycle.KO_Narrative","005bn000003k2JdAAI","","","","","","","","","","","","","","nFORCE__ko_narrative_app","","","","","nFORCE__ko_narrative_viewModel","","nFORCE__screen_models","","","","","","","","","","","Knockout","&lt;div data-bind=&quot;template: { name: &#39;narrative-template&#39; }&quot;&gt;&lt;/div&gt;","42819794516069556"
"a2Jbn0000005s8hEAA","","LifeCycle.KO_Narrative","005bn000003k2JdAAI","","","","","","maxSize: 12000000;","","","","","","","","nFORCE__ko_narrative_app","","","","","nFORCE__ko_narrative_viewModel","","nFORCE__screen_models","","","","","","","","","","","Knockout","&lt;div data-bind=&quot;template: { name: &#39;narrative-template&#39; }&quot;&gt;&lt;/div&gt;","42826046966379174"
"a2Jbn0000005s71EAA","","LifeCycle.KO_Narrative","005bn000003k2JdAAI","","","","","","","","","","","","","","nFORCE__ko_narrative_app","","","","","nFORCE__ko_narrative_viewModel","","nFORCE__screen_models","","","","","","","","","","","Knockout","&lt;div data-bind=&quot;template: { name: &#39;narrative-template&#39; }&quot;&gt;&lt;/div&gt;","42830423129231727"
"a2Jbn0000005s88EAA","","LifeCycle.KO_Narrative","005bn000003k2JdAAI","","","","","","","","","","","","","","nFORCE__ko_narrative_app","","","","","nFORCE__ko_narrative_viewModel","","nFORCE__screen_models","","","","","","","","","","","Knockout","&lt;div data-bind=&quot;template: { name: &#39;narrative-template&#39; }&quot;&gt;&lt;/div&gt;","42850072414073091"
"a2Jbn0000005s7PEAQ","","LifeCycle.KO_Narrative","005bn000003k2JdAAI","","","","","","","","","","","","","","nFORCE__ko_narrative_app","","","","","nFORCE__ko_narrative_viewModel","","nFORCE__screen_models","","","","","","","","","","","Knockout","&lt;div data-bind=&quot;template: { name: &#39;narrative-template&#39; }&quot;&gt;&lt;/div&gt;","42850467142348247"
"a2Jbn0000005sBAEAY","","LifeCycle.KO_Narrative","005bn000003k2JdAAI","","","","","","","","","","","","","","nFORCE__ko_narrative_app","","","","","nFORCE__ko_narrative_viewModel","","nFORCE__screen_models","","","","","","","","","","","Knockout","&lt;div data-bind=&quot;template: { name: &#39;narrative-template&#39; }&quot;&gt;&lt;/div&gt;","42851196473604813"
"a2Jbn0000005sAqEAI","","LifeCycle.KO_Narrative","005bn000003k2JdAAI","","","","","","","","","","","","","","nFORCE__ko_narrative_app","","","","","nFORCE__ko_narrative_viewModel","","nFORCE__screen_models","","","","","","","","","","","Knockout","&lt;div data-bind=&quot;template: { name: &#39;narrative-template&#39; }&quot;&gt;&lt;/div&gt;","42853230338378250"
"a2Jbn0000005sB3EAI","","LifeCycle.KO_Narrative","005bn000003k2JdAAI","","","","","","","","","","","","","","nFORCE__ko_narrative_app","","","","","nFORCE__ko_narrative_viewModel","","nFORCE__screen_models","","","","","","","","","","","Knockout","&lt;div data-bind=&quot;template: { name: &#39;narrative-template&#39; }&quot;&gt;&lt;/div&gt;","42855854735269061"
"a2Jbn0000005s6IEAQ","","LifeCycle.Default_Widget","005bn000003k2JdAAI","","","","","","","","","","","","","","LLC_BI__default_widget_app","","","","","","","LLC_BI__default_widget_viewModel","","","","","","","","","","","Knockout","&lt;table class=&quot;table&quot;&gt; &lt;tr&gt; &lt;th&gt;Date&lt;/th&gt; &lt;th&gt;Assigned To&lt;/th&gt; &lt;th&gt;Actual Approver&lt;/th&gt; &lt;th&gt;Status&lt;/th&gt; &lt;th&gt;Comments&lt;/th&gt; &lt;/tr&gt; &lt;!-- ko foreach: approvalHistory --&gt; &lt;!-- ko foreach: steps.sort(sortDates) --&gt; &lt;tr&gt; &lt;td data-bind=&quot;dateText: theDate&quot; /&gt; &lt;td&gt; &lt;span data-bind=&quot;text: originalActor.lastName&quot; /&gt; , &lt;span data-bind=&quot;text: originalActor.firstName&quot; /&gt; &lt;/td&gt; &lt;td&gt; &lt;span data-bind=&quot;text: assignedActor.lastName&quot; /&gt; , &lt;span data-bind=&quot;text: assignedActor.firstName&quot; /&gt; &lt;/td&gt; &lt;td data-bind=&quot;text: status&quot; /&gt; &lt;td data-bind=&quot;text: comments&quot; /&gt; &lt;/tr&gt; &lt;!-- /ko --&gt; &lt;!-- /ko --&gt; &lt;script&gt; function sortDates(a,b){if(a.theDate()&lt;b.theDate()){return -1; }else if(Date.parse(a.theDate())&gt; Date.parse(b.theDate())) {return 1; }else {return 0; } } &lt;/script&gt; &lt;/table&gt;","42857101888453687"
"a2Jbn0000005sB1EAI","","LifeCycle.KO_Narrative","005bn000003k2JdAAI","","","","","","","","","","","","","","nFORCE__ko_narrative_app","","","","","nFORCE__ko_narrative_viewModel","","nFORCE__screen_models","","","","","","","","","","","Knockout","&lt;div data-bind=&quot;template: { name: &#39;narrative-template&#39; }&quot;&gt;&lt;/div&gt;","42857302320151476"
"a2Jbn0000005s6FEAQ","","LifeCycle.Spread_Base","005bn000003k2JdAAI","","","","","","","","","","","","","","","","","","","","","","","","","","","","","","","","Knockout","","42858028696772567"
"a2Jbn0000005s72EAA","","LifeCycle.KO_Narrative","005bn000003k2JdAAI","","","","","","","","","","","","","","nFORCE__ko_narrative_app","","","","","nFORCE__ko_narrative_viewModel","","nFORCE__screen_models","","","","","","","","","","","Knockout","&lt;div data-bind=&quot;template: { name: &#39;narrative-template&#39; }&quot;&gt;&lt;/div&gt;","42862287111436589"
"a2Jbn0000005sAkEAI","","LifeCycle.KO_Narrative","005bn000003k2JdAAI","","","","","","","","","","","","","","nFORCE__ko_narrative_app","","","","","nFORCE__ko_narrative_viewModel","","nFORCE__screen_models","","","","","","","","","","","Knockout","&lt;div data-bind=&quot;template: { name: &#39;narrative-template&#39; }&quot;&gt;&lt;/div&gt;","42869438810208977"
"a2Jbn0000005s7VEAQ","","LifeCycle.KO_Narrative","005bn000003k2JdAAI","","","","","","","","","","","","","","nFORCE__ko_narrative_app","","","","","nFORCE__ko_narrative_viewModel","","nFORCE__screen_models","","","","","","","","","","","Knockout","&lt;div data-bind=&quot;template: { name: &#39;narrative-template&#39; }&quot;&gt;&lt;/div&gt;","42873298718413405"
"a2Jbn0000005s8sEAA","","LifeCycle.KO_Narrative","005bn000003k2JdAAI","","","","","","","","","","","","","","nFORCE__ko_narrative_app","","","","","nFORCE__ko_narrative_viewModel","","nFORCE__screen_models","","","","","","","","","","","Knockout","&lt;div data-bind=&quot;template: { name: &#39;narrative-template&#39; }&quot;&gt;&lt;/div&gt;","42876619653221529"
"a2Jbn0000005sAwEAI","","LifeCycle.KO_Narrative","005bn000003k2JdAAI","","","","","","","","","","","","","","nFORCE__ko_narrative_app","","","","","nFORCE__ko_narrative_viewModel","","nFORCE__screen_models","","","","","","","","","","","Knockout","&lt;div data-bind=&quot;template: { name: &#39;narrative-template&#39; }&quot;&gt;&lt;/div&gt;","42877259381802739"
"a2Jbn0000005s7GEAQ","","LifeCycle.KO_Narrative","005bn000003k2JdAAI","","","","","","","","","","","","","","nFORCE__ko_narrative_app","","","","","nFORCE__ko_narrative_viewModel","","nFORCE__screen_models","","","","","","","","","","","Knockout","&lt;div data-bind=&quot;template: { name: &#39;narrative-template&#39; }&quot;&gt;&lt;/div&gt;","42884670805237110"
"a2Jbn0000005s7fEAA","","LifeCycle.KO_Narrative","005bn000003k2JdAAI","","","","","","","","","","","","","","nFORCE__ko_narrative_app","","","","","nFORCE__ko_narrative_viewModel","","nFORCE__screen_models","","","","","","","","","","","Knockout","&lt;div data-bind=&quot;template: { name: &#39;narrative-template&#39; }&quot;&gt;&lt;/div&gt;","42888136599805245"
"a2Jbn0000005s7uEAA","","LifeCycle.KO_Narrative","005bn000003k2JdAAI","","","","","","","","","","","","","","nFORCE__ko_narrative_app","","","","","nFORCE__ko_narrative_viewModel","","nFORCE__screen_models","","","","","","","","","","","Knockout","&lt;div data-bind=&quot;template: { name: &#39;narrative-template&#39; }&quot;&gt;&lt;/div&gt;","42888391827823652"
"a2Jbn0000005s8tEAA","","LifeCycle.KO_Narrative","005bn000003k2JdAAI","","","","","","","","","","","","","","nFORCE__ko_narrative_app","","","","","nFORCE__ko_narrative_viewModel","","nFORCE__screen_models","","","","","","","","","","","Knockout","&lt;div data-bind=&quot;template: { name: &#39;narrative-template&#39; }&quot;&gt;&lt;/div&gt;","42892326271363792"
"a2Jbn0000005s8lEAA","","LifeCycle.KO_Narrative","005bn000003k2JdAAI","","","","","","maxSize: 12000000;","","","","","","","","nFORCE__ko_narrative_app","","","","","nFORCE__ko_narrative_viewModel","","nFORCE__screen_models","","","","","","","","","","","Knockout","&lt;div data-bind=&quot;template: { name: &#39;narrative-template&#39; }&quot;&gt;&lt;/div&gt;","42901356655891154"
"a2Jbn0000005s81EAA","","LifeCycle.KO_Narrative","005bn000003k2JdAAI","","","","","","","","","","","","","","nFORCE__ko_narrative_app","","","","","nFORCE__ko_narrative_viewModel","","nFORCE__screen_models","","","","","","","","","","","Knockout","&lt;div data-bind=&quot;template: { name: &#39;narrative-template&#39; }&quot;&gt;&lt;/div&gt;","42904888694908769"
"a2Jbn0000005s8ZEAQ","","LifeCycle.KO_Narrative","005bn000003k2JdAAI","","","","","","","","","","","","","","nFORCE__ko_narrative_app","","","","","nFORCE__ko_narrative_viewModel","","nFORCE__screen_models","","","","","","","","","","","Knockout","&lt;div data-bind=&quot;template: { name: &#39;narrative-template&#39; }&quot;&gt;&lt;/div&gt;","42905882741040549"
"a2Jbn0000005s8QEAQ","","LifeCycle.KO_Narrative","005bn000003k2JdAAI","","","","","","maxSize: 12000000;","","","","","","","","nFORCE__ko_narrative_app","","","","","nFORCE__ko_narrative_viewModel","","nFORCE__screen_models","","","","","","","","","","","Knockout","&lt;div data-bind=&quot;template: { name: &#39;narrative-template&#39; }&quot;&gt;&lt;/div&gt;","42911959688622334"
"a2Jbn0000005s7tEAA","","LifeCycle.KO_Narrative","005bn000003k2JdAAI","","","","","","","","","","","","","","nFORCE__ko_narrative_app","","","","","nFORCE__ko_narrative_viewModel","","nFORCE__screen_models","","","","","","","","","","","Knockout","&lt;div data-bind=&quot;template: { name: &#39;narrative-template&#39; }&quot;&gt;&lt;/div&gt;","42917311140598011"
"a2Jbn0000005s7KEAQ","","LifeCycle.KO_Narrative","005bn000003k2JdAAI","","","","","","","","","","","","","","nFORCE__ko_narrative_app","","","","","nFORCE__ko_narrative_viewModel","","nFORCE__screen_models","","","","","","","","","","","Knockout","&lt;div data-bind=&quot;template: { name: &#39;narrative-template&#39; }&quot;&gt;&lt;/div&gt;","42918774139714568"
"a2Jbn0000005s8gEAA","","LifeCycle.KO_Narrative","005bn000003k2JdAAI","","","","","","maxSize: 12000000;","","","","","","","","nFORCE__ko_narrative_app","","","","","nFORCE__ko_narrative_viewModel","","nFORCE__screen_models","","","","","","","","","","","Knockout","&lt;div data-bind=&quot;template: { name: &#39;narrative-template&#39; }&quot;&gt;&lt;/div&gt;","42919279241020791"
"a2Jbn0000005s8nEAA","","LifeCycle.KO_Narrative","005bn000003k2JdAAI","","","","","","maxSize: 12000000;","","","","","","","","nFORCE__ko_narrative_app","","","","","nFORCE__ko_narrative_viewModel","","nFORCE__screen_models","","","","","","","","","","","Knockout","&lt;div data-bind=&quot;template: { name: &#39;narrative-template&#39; }&quot;&gt;&lt;/div&gt;","42923358956773671"
"a2Jbn0000005sB7EAI","","LifeCycle.KO_Narrative","005bn000003k2JdAAI","","","","","","","","","","","","","","nFORCE__ko_narrative_app","","","","","nFORCE__ko_narrative_viewModel","","nFORCE__screen_models","","","","","","","","","","","Knockout","&lt;div data-bind=&quot;template: { name: &#39;narrative-template&#39; }&quot;&gt;&lt;/div&gt;","42940137331848379"
"a2Jbn0000005s8pEAA","","LifeCycle.KO_Narrative","005bn000003k2JdAAI","","","","","","","","","","","","","","nFORCE__ko_narrative_app","","","","","nFORCE__ko_narrative_viewModel","","nFORCE__screen_models","","","","","","","","","","","Knockout","&lt;div data-bind=&quot;template: { name: &#39;narrative-template&#39; }&quot;&gt;&lt;/div&gt;","42940324802353302"
"a2Jbn0000005s8KEAQ","","LifeCycle.KO_Narrative","005bn000003k2JdAAI","","","","","","","","","","","","","","nFORCE__ko_narrative_app","","","","","nFORCE__ko_narrative_viewModel","","nFORCE__screen_models","","","","","","","","","","","Knockout","&lt;div data-bind=&quot;template: { name: &#39;narrative-template&#39; }&quot;&gt;&lt;/div&gt;","42945444203394134"
"a2Jbn0000005s6YEAQ","","LifeCycle.KO_Narrative","005bn000003k2JdAAI","","","","","","","","","","","","","","nFORCE__ko_narrative_app","","","","","nFORCE__ko_narrative_viewModel","","nFORCE__screen_models","","","","","","","","","","","Knockout","&lt;div data-bind=&quot;template: { name: &#39;narrative-template&#39; }&quot;&gt;&lt;/div&gt;","42957114667831082"
"a2Jbn0000005s76EAA","","LifeCycle.KO_Narrative","005bn000003k2JdAAI","","","","","","","","","","","","","","nFORCE__ko_narrative_app","","","","","nFORCE__ko_narrative_viewModel","","nFORCE__screen_models","","","","","","","","","","","Knockout","&lt;div data-bind=&quot;template: { name: &#39;narrative-template&#39; }&quot;&gt;&lt;/div&gt;","42960963247417303"
"a2Jbn0000005s92EAA","","LifeCycle.KO_Narrative","005bn000003k2JdAAI","","","","","","","","","","","","","","nFORCE__ko_narrative_app","","","","","nFORCE__ko_narrative_viewModel","","nFORCE__screen_models","","","","","","","","","","","Knockout","&lt;div data-bind=&quot;template: { name: &#39;narrative-template&#39; }&quot;&gt;&lt;/div&gt;","42965387831288249"
"a2Jbn0000005sBEEAY","","LifeCycle.KO_Narrative","005bn000003k2JdAAI","","","","","","","","","","","","","","nFORCE__ko_narrative_app","","","","","nFORCE__ko_narrative_viewModel","","nFORCE__screen_models","","","","","","","","","","","Knockout","&lt;div data-bind=&quot;template: { name: &#39;narrative-template&#39; }&quot;&gt;&lt;/div&gt;","42966859825274486"
"a2Jbn0000005s6SEAQ","","LifeCycle.KO_Narrative","005bn000003k2JdAAI","","","","","","","","","","","","","","nFORCE__ko_narrative_app","","","","","nFORCE__ko_narrative_viewModel","","nFORCE__screen_models","","","","","","","","","","","Knockout","&lt;div data-bind=&quot;template: { name: &#39;narrative-template&#39; }&quot;&gt;&lt;/div&gt;","42966894519849347"
"a2Jbn0000005s6lEAA","","LifeCycle.KO_Narrative","005bn000003k2JdAAI","","","","","","","","","","","","","","nFORCE__ko_narrative_app","","","","","nFORCE__ko_narrative_viewModel","","nFORCE__screen_models","","","","","","","","","","","Knockout","&lt;div data-bind=&quot;template: { name: &#39;narrative-template&#39; }&quot;&gt;&lt;/div&gt;","42971378385436417"
"a2Jbn0000005sAyEAI","","LifeCycle.KO_Narrative","005bn000003k2JdAAI","","","","","","","","","","","","","","nFORCE__ko_narrative_app","","","","","nFORCE__ko_narrative_viewModel","","nFORCE__screen_models","","","","","","","","","","","Knockout","&lt;div data-bind=&quot;template: { name: &#39;narrative-template&#39; }&quot;&gt;&lt;/div&gt;","42975351414933743"
"a2Jbn0000005s8NEAQ","","LifeCycle.KO_Narrative","005bn000003k2JdAAI","","","","","","","","","","","","","","nFORCE__ko_narrative_app","","","","","nFORCE__ko_narrative_viewModel","","nFORCE__screen_models","","","","","","","","","","","Knockout","&lt;div data-bind=&quot;template: { name: &#39;narrative-template&#39; }&quot;&gt;&lt;/div&gt;","42979403119303387"
"a2Jbn0000005s6REAQ","","LifeCycle.KO_Narrative","005bn000003k2JdAAI","","","","","","","","","","","","","","nFORCE__ko_narrative_app","","","","","nFORCE__ko_narrative_viewModel","","nFORCE__screen_models","","","","","","","","","","","Knockout","&lt;div data-bind=&quot;template: { name: &#39;narrative-template&#39; }&quot;&gt;&lt;/div&gt;","42981778576826513"
"a2Jbn0000005sBBEAY","","LifeCycle.KO_Narrative","005bn000003k2JdAAI","","","","","","","","","","","","","","nFORCE__ko_narrative_app","","","","","nFORCE__ko_narrative_viewModel","","nFORCE__screen_models","","","","","","","","","","","Knockout","&lt;div data-bind=&quot;template: { name: &#39;narrative-template&#39; }&quot;&gt;&lt;/div&gt;","42993682320189290"
"a2Jbn0000005s7dEAA","","LifeCycle.Spread_Base","005bn000003k2JdAAI","","","","","","","","","","","","","","","","","","","","","","","","","","","","","","","","Knockout","","42999423109191099"
"a2Jbn0000005s7qEAA","","LifeCycle.KO_Narrative","005bn000003k2JdAAI","","","","","","","","","","","","","","nFORCE__ko_narrative_app","","","","","nFORCE__ko_narrative_viewModel","","nFORCE__screen_models","","","","","","","","","","","Knockout","&lt;div data-bind=&quot;template: { name: &#39;narrative-template&#39; }&quot;&gt;&lt;/div&gt;","42999938157668872"
"a2Jbn0000005s97EAA","","LifeCycle.KO_Narrative","005bn000003k2JdAAI","","","","","","","","","","","","","","nFORCE__ko_narrative_app","","","","","nFORCE__ko_narrative_viewModel","","nFORCE__screen_models","","","","","","","","","","","Knockout","&lt;div data-bind=&quot;template: { name: &#39;narrative-template&#39; }&quot;&gt;&lt;/div&gt;","a05bn000003kCkPAAU"
"a2Jbn0000005s98EAA","","LifeCycle.KO_Narrative","005bn000003k2JdAAI","","","","","","","","","","","","","","nFORCE__ko_narrative_app","","","","","nFORCE__ko_narrative_viewModel","","nFORCE__screen_models","","","","","","","","","","","Knockout","&lt;div data-bind=&quot;template: { name: &#39;narrative-template&#39; }&quot;&gt;&lt;/div&gt;","a05bn000003kCkQAAU"
"a2Jbn0000005s99EAA","","LifeCycle.KO_Narrative","005bn000003k2JdAAI","","","","","","","","","","","","","","nFORCE__ko_narrative_app","","","","","nFORCE__ko_narrative_viewModel","","nFORCE__screen_models","","","","","","","","","","","Knockout","&lt;div data-bind=&quot;template: { name: &#39;narrative-template&#39; }&quot;&gt;&lt;/div&gt;","a05bn000003kCkRAAU"
"a2Jbn0000005s9AEAQ","","LifeCycle.KO_Narrative","005bn000003k2JdAAI","","","","","","","","","","","","","","nFORCE__ko_narrative_app","","","","","nFORCE__ko_narrative_viewModel","","nFORCE__screen_models","","","","","","","","","","","Knockout","&lt;div data-bind=&quot;template: { name: &#39;narrative-template&#39; }&quot;&gt;&lt;/div&gt;","a05bn000003kCkSAAU"
"a2Jbn0000005s9BEAQ","","LifeCycle.KO_Narrative","005bn000003k2JdAAI","","","","","","","","","","","","","","nFORCE__ko_narrative_app","","","","","nFORCE__ko_narrative_viewModel","","nFORCE__screen_models","","","","","","","","","","","Knockout","&lt;div data-bind=&quot;template: { name: &#39;narrative-template&#39; }&quot;&gt;&lt;/div&gt;","a05bn000003kCkTAAU"
"a2Jbn0000005s9CEAQ","","LifeCycle.KO_Narrative","005bn000003k2JdAAI","","","","","","","","","","","","","","nFORCE__ko_narrative_app","","","","","nFORCE__ko_narrative_viewModel","","nFORCE__screen_models","","","","","","","","","","","Knockout","&lt;div data-bind=&quot;template: { name: &#39;narrative-template&#39; }&quot;&gt;&lt;/div&gt;","a05bn000003kCkUAAU"
"a2Jbn0000005s9DEAQ","","LifeCycle.KO_Narrative","005bn000003k2JdAAI","","","","","","","","","","","","","","nFORCE__ko_narrative_app","","","","","nFORCE__ko_narrative_viewModel","","nFORCE__screen_models","","","","","","","","","","","Knockout","&lt;div data-bind=&quot;template: { name: &#39;narrative-template&#39; }&quot;&gt;&lt;/div&gt;","a05bn000003kCkVAAU"
"a2Jbn0000005s9EEAQ","","LifeCycle.KO_Narrative","005bn000003k2JdAAI","","","","","","","","","","","","","","nFORCE__ko_narrative_app","","","","","nFORCE__ko_narrative_viewModel","","nFORCE__screen_models","","","","","","","","","","","Knockout","&lt;div data-bind=&quot;template: { name: &#39;narrative-template&#39; }&quot;&gt;&lt;/div&gt;","a05bn000003kCkWAAU"
"a2Jbn0000005s9FEAQ","","LifeCycle.DebtSchedule","005bn000003k2JdAAI","","","","","","","","","","","LLC_BI__keymaster","","","LLC_BI__debt_schedule_app","","","","","LLC_BI__debt_schedule_models","","LLC_BI__debt_schedule_viewModel","","","","","","","","","","","Knockout","","a05bn000003kCkXAAU"
"a2Jbn0000005s9GEAQ","","LifeCycle.GlobalAnalysis","005bn000003k2JdAAI","","","","","","","","","","","","","","","","","","","","","","","","","","","","","","","","Knockout","&lt;div data-bind=&quot;template: { name: &#39;globalAnalysisPrintTemplate&#39; }&quot; /&gt;","a05bn000003kCkYAAU"
"a2Jbn0000005s9HEAQ","","LifeCycle.Default_Widget","005bn000003k2JdAAI","","","","","","","","","","","","","","LLC_BI__default_widget_app","","","","","","","LLC_BI__default_widget_viewModel","","","","","","","","","","","Knockout","&lt;table class=&quot;table&quot;&gt;
    &lt;tr&gt;
        &lt;th&gt;Date&lt;/th&gt;
        &lt;th&gt;Assigned To&lt;/th&gt;
        &lt;th&gt;Actual Approver&lt;/th&gt;
        &lt;th&gt;Status&lt;/th&gt;
        &lt;th&gt;Comments&lt;/th&gt;
    &lt;/tr&gt;
    &lt;!-- ko foreach: approvalHistory --&gt;
    	&lt;!-- ko foreach: steps --&gt;
    		&lt;tr&gt;
		        &lt;td data-bind=&quot;dateText: theDate&quot; /&gt;
		        &lt;td&gt;
					&lt;span data-bind=&quot;text: originalActor.name&quot; /&gt;
		        &lt;/td&gt;
		        &lt;td&gt;
					&lt;span data-bind=&quot;text: assignedActor.name&quot; /&gt; 
		        &lt;/td&gt;
		        &lt;td data-bind=&quot;text: status&quot; /&gt;
		        &lt;td data-bind=&quot;text: comments&quot; /&gt;
		    &lt;/tr&gt;
    	&lt;!-- /ko --&gt;
    &lt;!-- /ko --&gt;
&lt;/table&gt;","a05bn000003kCkZAAU"
"a2Jbn0000005s9LEAQ","","LifeCycle.Spread_Base","005bn000003k2JdAAI","","","","","","","","","","","","","","","","","","","","","","","","","","","","","","","","Knockout","","a05bn000003kCkaAAE"
"a2Jbn0000005s6MEAQ","","LifeCycle.Default_Widget","005bn000003k2JdAAI","","","","","","","","","","","","","","LLC_BI__default_widget_app","","","","","","","LLC_BI__default_widget_viewModel","","","","","","","","","","","Knockout","&lt;table class=&quot;table&quot;&gt; &lt;tr&gt; &lt;th&gt;Date&lt;/th&gt; &lt;th&gt;Assigned To&lt;/th&gt; &lt;th&gt;Actual Approver&lt;/th&gt; &lt;th&gt;Status&lt;/th&gt; &lt;th&gt;Comments&lt;/th&gt; &lt;/tr&gt; &lt;!-- ko foreach: approvalHistory --&gt; &lt;!-- ko foreach: steps --&gt; &lt;tr&gt; &lt;td data-bind=&quot;dateText: theDate&quot; /&gt; &lt;td&gt; &lt;span data-bind=&quot;text: originalActor.name&quot; /&gt; &lt;/td&gt; &lt;td&gt; &lt;span data-bind=&quot;text: assignedActor.name&quot; /&gt; &lt;/td&gt; &lt;td data-bind=&quot;text: status&quot; /&gt; &lt;td data-bind=&quot;text: comments&quot; /&gt; &lt;/tr&gt; &lt;!-- /ko --&gt; &lt;!-- /ko --&gt; &lt;/table&gt;","a05bn000003kCkbAAE"
"a2Jbn0000005s9MEAQ","","LifeCycle.KO_Narrative","005bn000003k2JdAAI","","","","","","","","","","","","","","nFORCE__ko_narrative_app","","","","","nFORCE__ko_narrative_viewModel","","nFORCE__screen_models","","","","","","","","","","","Knockout","&lt;div data-bind=&quot;template: { name: &#39;narrative-template&#39; }&quot;&gt;&lt;/div&gt;","a05bn000003kCkcAAE"
"a2Jbn0000005s9NEAQ","","LifeCycle.KO_Narrative","005bn000003k2JdAAI","","","","","","","","","","","","","","nFORCE__ko_narrative_app","","","","","nFORCE__ko_narrative_viewModel","","nFORCE__screen_models","","","","","","","","","","","Knockout","&lt;div data-bind=&quot;template: { name: &#39;narrative-template&#39; }&quot;&gt;&lt;/div&gt;","a05bn000003kCkdAAE"
"a2Jbn0000005s9QEAQ","","LifeCycle.KO_Narrative","005bn000003k2JdAAI","","","","","","","","","","","","","","nFORCE__ko_narrative_app","","","","","nFORCE__ko_narrative_viewModel","","nFORCE__screen_models","","","","","","","","","","","Knockout","&lt;div data-bind=&quot;template: { name: &#39;narrative-template&#39; }&quot;&gt;&lt;/div&gt;","a05bn000003kCkeAAE"
"a2Jbn0000005s9IEAQ","","LifeCycle.Spread_Base","005bn000003k2JdAAI","","","","","","","","","","","","","","","","","","","","","","","","","","","","","","","","Knockout","","a05bn000003kCkfAAE"
"a2Jbn0000005s9JEAQ","","LifeCycle.KO_Narrative","005bn000003k2JdAAI","","","","","","","","","","","","","","nFORCE__ko_narrative_app","","","","","nFORCE__ko_narrative_viewModel","","nFORCE__screen_models","","","","","","","","","","","Knockout","&lt;div data-bind=&quot;template: { name: &#39;narrative-template&#39; }&quot;&gt;&lt;/div&gt;","a05bn000003kCkgAAE"
"a2Jbn0000005s9KEAQ","","LifeCycle.KO_Narrative","005bn000003k2JdAAI","","","","","","","","","","","","","","nFORCE__ko_narrative_app","","","","","nFORCE__ko_narrative_viewModel","","nFORCE__screen_models","","","","","","","","","","","Knockout","&lt;div data-bind=&quot;template: { name: &#39;narrative-template&#39; }&quot;&gt;&lt;/div&gt;","a05bn000003kCkhAAE"
"a2Jbn0000005s9OEAQ","","LifeCycle.KO_Narrative","005bn000003k2JdAAI","","","","","","","","","","","","","","nFORCE__ko_narrative_app","","","","","nFORCE__ko_narrative_viewModel","","nFORCE__screen_models","","","","","","","","","","","Knockout","&lt;div data-bind=&quot;template: { name: &#39;narrative-template&#39; }&quot;&gt;&lt;/div&gt;","a05bn000003kCkiAAE"
"a2Jbn0000005s9PEAQ","","LifeCycle.KO_Narrative","005bn000003k2JdAAI","","","","","","","","","","","","","","nFORCE__ko_narrative_app","","","","","nFORCE__ko_narrative_viewModel","","nFORCE__screen_models","","","","","","","","","","","Knockout","&lt;div data-bind=&quot;template: { name: &#39;narrative-template&#39; }&quot;&gt;&lt;/div&gt;","a05bn000003kCkjAAE"
"a2Jbn0000005s9REAQ","","LifeCycle.KO_Narrative","005bn000003k2JdAAI","","","","","","","","","","","","","","nFORCE__ko_narrative_app","","","","","nFORCE__ko_narrative_viewModel","","nFORCE__screen_models","","","","","","","","","","","Knockout","&lt;div data-bind=&quot;template: { name: &#39;narrative-template&#39; }&quot;&gt;&lt;/div&gt;","a05bn000003kCkkAAE"
"a2Jbn0000005s9SEAQ","","LifeCycle.KO_Narrative","005bn000003k2JdAAI","","","","","","","","","","","","","","nFORCE__ko_narrative_app","","","","","nFORCE__ko_narrative_viewModel","","nFORCE__screen_models","","","","","","","","","","","Knockout","&lt;div data-bind=&quot;template: { name: &#39;narrative-template&#39; }&quot;&gt;&lt;/div&gt;","a05bn000003kCklAAE"
"a2Jbn0000005s9TEAQ","","LifeCycle.KO_Narrative","005bn000003k2JdAAI","","","","","","","","","","","","","","nFORCE__ko_narrative_app","","","","","nFORCE__ko_narrative_viewModel","","nFORCE__screen_models","","","","","","","","","","","Knockout","&lt;div data-bind=&quot;template: { name: &#39;narrative-template&#39; }&quot;&gt;&lt;/div&gt;","a05bn000003kCkmAAE"
"a2Jbn0000005s9UEAQ","","LifeCycle.KO_Narrative","005bn000003k2JdAAI","","","","","","","","","","","","","","nFORCE__ko_narrative_app","","","","","nFORCE__ko_narrative_viewModel","","nFORCE__screen_models","","","","","","","","","","","Knockout","&lt;div data-bind=&quot;template: { name: &#39;narrative-template&#39; }&quot;&gt;&lt;/div&gt;","a05bn000003kCknAAE"
"a2Jbn0000005s9VEAQ","","LifeCycle.KO_Narrative","005bn000003k2JdAAI","","","","","","","","","","","","","","nFORCE__ko_narrative_app","","","","","nFORCE__ko_narrative_viewModel","","nFORCE__screen_models","","","","","","","","","","","Knockout","&lt;div data-bind=&quot;template: { name: &#39;narrative-template&#39; }&quot;&gt;&lt;/div&gt;","a05bn000003kCkoAAE"
"a2Jbn0000005s9WEAQ","","LifeCycle.KO_Narrative","005bn000003k2JdAAI","","","","","","","","","","","","","","nFORCE__ko_narrative_app","","","","","nFORCE__ko_narrative_viewModel","","nFORCE__screen_models","","","","","","","","","","","Knockout","&lt;div data-bind=&quot;template: { name: &#39;narrative-template&#39; }&quot;&gt;&lt;/div&gt;","a05bn000003kCkpAAE"
"a2Jbn0000005s9XEAQ","","LifeCycle.KO_Narrative","005bn000003k2JdAAI","","","","","","","","","","","","","","nFORCE__ko_narrative_app","","","","","nFORCE__ko_narrative_viewModel","","nFORCE__screen_models","","","","","","","","","","","Knockout","&lt;div data-bind=&quot;template: { name: &#39;narrative-template&#39; }&quot;&gt;&lt;/div&gt;","a05bn000003kCkqAAE"
"a2Jbn0000005s9YEAQ","","LifeCycle.KO_Narrative","005bn000003k2JdAAI","","","","","","","","","","","","","","nFORCE__ko_narrative_app","","","","","nFORCE__ko_narrative_viewModel","","nFORCE__screen_models","","","","","","","","","","","Knockout","&lt;div data-bind=&quot;template: { name: &#39;narrative-template&#39; }&quot;&gt;&lt;/div&gt;","a05bn000003kCkrAAE"
"a2Jbn0000005s9ZEAQ","","LifeCycle.KO_Narrative","005bn000003k2JdAAI","","","","","","","","","","","","","","nFORCE__ko_narrative_app","","","","","nFORCE__ko_narrative_viewModel","","nFORCE__screen_models","","","","","","","","","","","Knockout","&lt;div data-bind=&quot;template: { name: &#39;narrative-template&#39; }&quot;&gt;&lt;/div&gt;","a05bn000003kCksAAE"
"a2Jbn0000005s9aEAA","","LifeCycle.Spread_Base","005bn000003k2JdAAI","","","","","","","","","","","","","","","","","","","","","","","","","","","","","","","","Knockout","","a05bn000003kCktAAE"
"a2Jbn0000005s6NEAQ","","LifeCycle.Default_Widget","005bn000003k2JdAAI","","","","","","","","","","","","","","LLC_BI__default_widget_app","","","","","","","LLC_BI__default_widget_viewModel","","","","","","","","","","","Knockout","&lt;table class=&quot;table&quot;&gt; &lt;tr&gt; &lt;th&gt;Date&lt;/th&gt; &lt;th&gt;Assigned To&lt;/th&gt; &lt;th&gt;Actual Approver&lt;/th&gt; &lt;th&gt;Status&lt;/th&gt; &lt;th&gt;Comments&lt;/th&gt; &lt;/tr&gt; &lt;!-- ko foreach: approvalHistory --&gt; &lt;!-- ko foreach: steps --&gt; &lt;tr&gt; &lt;td data-bind=&quot;dateText: theDate&quot; /&gt; &lt;td&gt; &lt;span data-bind=&quot;text: originalActor.name&quot; /&gt; &lt;/td&gt; &lt;td&gt; &lt;span data-bind=&quot;text: assignedActor.name&quot; /&gt; &lt;/td&gt; &lt;td data-bind=&quot;text: status&quot; /&gt; &lt;td data-bind=&quot;text: comments&quot; /&gt; &lt;/tr&gt; &lt;!-- /ko --&gt; &lt;!-- /ko --&gt; &lt;/table&gt;","a05bn000003kCkuAAE"
"a2Jbn0000005s9bEAA","","LifeCycle.KO_Narrative","005bn000003k2JdAAI","","","","","","","","","","","","","","nFORCE__ko_narrative_app","","","","","nFORCE__ko_narrative_viewModel","","nFORCE__screen_models","","","","","","","","","","","Knockout","&lt;div data-bind=&quot;template: { name: &#39;narrative-template&#39; }&quot;&gt;&lt;/div&gt;","a05bn000003kCkvAAE"
"a2Jbn0000005s9fEAA","","LifeCycle.KO_Narrative","005bn000003k2JdAAI","","","","","","","","","","","","","","nFORCE__ko_narrative_app","","","","","nFORCE__ko_narrative_viewModel","","nFORCE__screen_models","","","","","","","","","","","Knockout","&lt;div data-bind=&quot;template: { name: &#39;narrative-template&#39; }&quot;&gt;&lt;/div&gt;","a05bn000003kCkwAAE"
"a2Jbn0000005s9cEAA","","LifeCycle.KO_Narrative","005bn000003k2JdAAI","","","","","","","","","","","","","","nFORCE__ko_narrative_app","","","","","nFORCE__ko_narrative_viewModel","","nFORCE__screen_models","","","","","","","","","","","Knockout","&lt;div data-bind=&quot;template: { name: &#39;narrative-template&#39; }&quot;&gt;&lt;/div&gt;","a05bn000003kCkxAAE"
"a2Jbn0000005s9dEAA","","LifeCycle.KO_Narrative","005bn000003k2JdAAI","","","","","","","","","","","","","","nFORCE__ko_narrative_app","","","","","nFORCE__ko_narrative_viewModel","","nFORCE__screen_models","","","","","","","","","","","Knockout","&lt;div data-bind=&quot;template: { name: &#39;narrative-template&#39; }&quot;&gt;&lt;/div&gt;","a05bn000003kCkyAAE"
"a2Jbn0000005s9eEAA","","LifeCycle.KO_Narrative","005bn000003k2JdAAI","","","","","","","","","","","","","","nFORCE__ko_narrative_app","","","","","nFORCE__ko_narrative_viewModel","","nFORCE__screen_models","","","","","","","","","","","Knockout","&lt;div data-bind=&quot;template: { name: &#39;narrative-template&#39; }&quot;&gt;&lt;/div&gt;","a05bn000003kCkzAAE"
"a2Jbn0000005s9gEAA","","LifeCycle.KO_Narrative","005bn000003k2JdAAI","","","","","","","","","","","","","","nFORCE__ko_narrative_app","","","","","nFORCE__ko_narrative_viewModel","","nFORCE__screen_models","","","","","","","","","","","Knockout","&lt;div data-bind=&quot;template: { name: &#39;narrative-template&#39; }&quot;&gt;&lt;/div&gt;","a05bn000003kCl0AAE"
"a2Jbn0000005s9hEAA","","LifeCycle.KO_Narrative","005bn000003k2JdAAI","","","","","","","","","","","","","","nFORCE__ko_narrative_app","","","","","nFORCE__ko_narrative_viewModel","","nFORCE__screen_models","","","","","","","","","","","Knockout","&lt;div data-bind=&quot;template: { name: &#39;narrative-template&#39; }&quot;&gt;&lt;/div&gt;","a05bn000003kCl1AAE"
"a2Jbn0000005s9iEAA","","LifeCycle.KO_Narrative","005bn000003k2JdAAI","","","","","","","","","","","","","","nFORCE__ko_narrative_app","","","","","nFORCE__ko_narrative_viewModel","","nFORCE__screen_models","","","","","","","","","","","Knockout","&lt;div data-bind=&quot;template: { name: &#39;narrative-template&#39; }&quot;&gt;&lt;/div&gt;","a05bn000003kCl2AAE"
"a2Jbn0000005s9jEAA","","LifeCycle.KO_Narrative","005bn000003k2JdAAI","","","","","","","","","","","","","","nFORCE__ko_narrative_app","","","","","nFORCE__ko_narrative_viewModel","","nFORCE__screen_models","","","","","","","","","","","Knockout","&lt;div data-bind=&quot;template: { name: &#39;narrative-template&#39; }&quot;&gt;&lt;/div&gt;","a05bn000003kCl3AAE"
"a2Jbn0000005s9kEAA","","LifeCycle.KO_Narrative","005bn000003k2JdAAI","","","","","","","","","","","","","","nFORCE__ko_narrative_app","","","","","nFORCE__ko_narrative_viewModel","","nFORCE__screen_models","","","","","","","","","","","Knockout","&lt;div data-bind=&quot;template: { name: &#39;narrative-template&#39; }&quot;&gt;&lt;/div&gt;","a05bn000003kCl4AAE"
"a2Jbn0000005s9lEAA","","LifeCycle.KO_Narrative","005bn000003k2JdAAI","","","","","","","","","","","","","","nFORCE__ko_narrative_app","","","","","nFORCE__ko_narrative_viewModel","","nFORCE__screen_models","","","","","","","","","","","Knockout","&lt;div data-bind=&quot;template: { name: &#39;narrative-template&#39; }&quot;&gt;&lt;/div&gt;","a05bn000003kCl5AAE"
"a2Jbn0000005s9mEAA","","LifeCycle.KO_Narrative","005bn000003k2JdAAI","","","","","","","","","","","","","","nFORCE__ko_narrative_app","","","","","nFORCE__ko_narrative_viewModel","","nFORCE__screen_models","","","","","","","","","","","Knockout","&lt;div data-bind=&quot;template: { name: &#39;narrative-template&#39; }&quot;&gt;&lt;/div&gt;","a05bn000003kCl6AAE"
"a2Jbn0000005s9nEAA","","LifeCycle.KO_Narrative","005bn000003k2JdAAI","","","","","","","","","","","","","","nFORCE__ko_narrative_app","","","","","nFORCE__ko_narrative_viewModel","","nFORCE__screen_models","","","","","","","","","","","Knockout","&lt;div data-bind=&quot;template: { name: &#39;narrative-template&#39; }&quot;&gt;&lt;/div&gt;","a05bn000003kCl7AAE"
"a2Jbn0000005s9oEAA","","LifeCycle.KO_Narrative","005bn000003k2JdAAI","","","","","","","","","","","","","","nFORCE__ko_narrative_app","","","","","nFORCE__ko_narrative_viewModel","","nFORCE__screen_models","","","","","","","","","","","Knockout","&lt;div data-bind=&quot;template: { name: &#39;narrative-template&#39; }&quot;&gt;&lt;/div&gt;","a05bn000003kCl8AAE"
"a2Jbn0000005s9rEAA","","LifeCycle.KO_Narrative","005bn000003k2JdAAI","","","","","","","","","","","","","","nFORCE__ko_narrative_app","","","","","nFORCE__ko_narrative_viewModel","","nFORCE__screen_models","","","","","","","","","","","Knockout","&lt;div data-bind=&quot;template: { name: &#39;narrative-template&#39; }&quot;&gt;&lt;/div&gt;","a05bn000003kCl9AAE"
"a2Jbn0000005s9sEAA","","LifeCycle.KO_Narrative","005bn000003k2JdAAI","","","","","","","","","","","","","","nFORCE__ko_narrative_app","","","","","nFORCE__ko_narrative_viewModel","","nFORCE__screen_models","","","","","","","","","","","Knockout","&lt;div data-bind=&quot;template: { name: &#39;narrative-template&#39; }&quot;&gt;&lt;/div&gt;","a05bn000003kClAAAU"
"a2Jbn0000005s9tEAA","","LifeCycle.Spread_Base","005bn000003k2JdAAI","","","","","","","","","","","","","","","","","","","","","","","","","","","","","","","","Knockout","","a05bn000003kClBAAU"
"a2Jbn0000005s9uEAA","","LifeCycle.Default_Widget","005bn000003k2JdAAI","","","","","","","","","","","","","","LLC_BI__default_widget_app","","","","","","","LLC_BI__default_widget_viewModel","","","","","","","","","","","Knockout","&lt;table class=&quot;table&quot;&gt; &lt;tr&gt; &lt;th&gt;Date&lt;/th&gt; &lt;th&gt;Assigned To&lt;/th&gt; &lt;th&gt;Actual Approver&lt;/th&gt; &lt;th&gt;Status&lt;/th&gt; &lt;th&gt;Comments&lt;/th&gt; &lt;/tr&gt; &lt;!-- ko foreach: approvalHistory --&gt; &lt;!-- ko foreach: steps --&gt; &lt;tr&gt; &lt;td data-bind=&quot;dateText: theDate&quot; /&gt; &lt;td&gt; &lt;span data-bind=&quot;text: originalActor.name&quot; /&gt; &lt;/td&gt; &lt;td&gt; &lt;span data-bind=&quot;text: assignedActor.name&quot; /&gt; &lt;/td&gt; &lt;td data-bind=&quot;text: status&quot; /&gt; &lt;td data-bind=&quot;text: comments&quot; /&gt; &lt;/tr&gt; &lt;!-- /ko --&gt; &lt;!-- /ko --&gt; &lt;/table&gt;","a05bn000003kClCAAU"
"a2Jbn0000005s9vEAA","","LifeCycle.KO_Narrative","005bn000003k2JdAAI","","","","","","","","","","","","","","nFORCE__ko_narrative_app","","","","","nFORCE__ko_narrative_viewModel","","nFORCE__screen_models","","","","","","","","","","","Knockout","&lt;div data-bind=&quot;template: { name: &#39;narrative-template&#39; }&quot;&gt;&lt;/div&gt;","a05bn000003kClDAAU"
"a2Jbn0000005s9wEAA","","LifeCycle.KO_Narrative","005bn000003k2JdAAI","","","","","","","","","","","","","","nFORCE__ko_narrative_app","","","","","nFORCE__ko_narrative_viewModel","","nFORCE__screen_models","","","","","","","","","","","Knockout","&lt;div data-bind=&quot;template: { name: &#39;narrative-template&#39; }&quot;&gt;&lt;/div&gt;","a05bn000003kClEAAU"
"a2Jbn0000005s9xEAA","","LifeCycle.KO_Narrative","005bn000003k2JdAAI","","","","","","","","","","","","","","nFORCE__ko_narrative_app","","","","","nFORCE__ko_narrative_viewModel","","nFORCE__screen_models","","","","","","","","","","","Knockout","&lt;div data-bind=&quot;template: { name: &#39;narrative-template&#39; }&quot;&gt;&lt;/div&gt;","a05bn000003kClFAAU"
"a2Jbn0000005s9yEAA","","LifeCycle.KO_Narrative","005bn000003k2JdAAI","","","","","","","","","","","","","","nFORCE__ko_narrative_app","","","","","nFORCE__ko_narrative_viewModel","","nFORCE__screen_models","","","","","","","","","","","Knockout","&lt;div data-bind=&quot;template: { name: &#39;narrative-template&#39; }&quot;&gt;&lt;/div&gt;","a05bn000003kClGAAU"
"a2Jbn0000005s9zEAA","","LifeCycle.KO_Narrative","005bn000003k2JdAAI","","","","","","","","","","","","","","nFORCE__ko_narrative_app","","","","","nFORCE__ko_narrative_viewModel","","nFORCE__screen_models","","","","","","","","","","","Knockout","&lt;div data-bind=&quot;template: { name: &#39;narrative-template&#39; }&quot;&gt;&lt;/div&gt;","a05bn000003kClHAAU"
"a2Jbn0000005sA0EAI","","LifeCycle.KO_Narrative","005bn000003k2JdAAI","","","","","","","","","","","","","","nFORCE__ko_narrative_app","","","","","nFORCE__ko_narrative_viewModel","","nFORCE__screen_models","","","","","","","","","","","Knockout","&lt;div data-bind=&quot;template: { name: &#39;narrative-template&#39; }&quot;&gt;&lt;/div&gt;","a05bn000003kClIAAU"
"a2Jbn0000005sA1EAI","","LifeCycle.KO_Narrative","005bn000003k2JdAAI","","","","","","","","","","","","","","nFORCE__ko_narrative_app","","","","","nFORCE__ko_narrative_viewModel","","nFORCE__screen_models","","","","","","","","","","","Knockout","&lt;div data-bind=&quot;template: { name: &#39;narrative-template&#39; }&quot;&gt;&lt;/div&gt;","a05bn000003kClJAAU"
"a2Jbn0000005sA2EAI","","LifeCycle.KO_Narrative","005bn000003k2JdAAI","","","","","","","","","","","","","","nFORCE__ko_narrative_app","","","","","nFORCE__ko_narrative_viewModel","","nFORCE__screen_models","","","","","","","","","","","Knockout","&lt;div data-bind=&quot;template: { name: &#39;narrative-template&#39; }&quot;&gt;&lt;/div&gt;","a05bn000003kClKAAU"
"a2Jbn0000005sA3EAI","","LifeCycle.KO_Narrative","005bn000003k2JdAAI","","","","","","","","","","","","","","nFORCE__ko_narrative_app","","","","","nFORCE__ko_narrative_viewModel","","nFORCE__screen_models","","","","","","","","","","","Knockout","&lt;div data-bind=&quot;template: { name: &#39;narrative-template&#39; }&quot;&gt;&lt;/div&gt;","a05bn000003kClLAAU"
"a2Jbn0000005sA4EAI","","LifeCycle.KO_Narrative","005bn000003k2JdAAI","","","","","","","","","","","","","","nFORCE__ko_narrative_app","","","","","nFORCE__ko_narrative_viewModel","","nFORCE__screen_models","","","","","","","","","","","Knockout","&lt;div data-bind=&quot;template: { name: &#39;narrative-template&#39; }&quot;&gt;&lt;/div&gt;","a05bn000003kClMAAU"
"a2Jbn0000005sA5EAI","","LifeCycle.Default_Widget","005bn000003k2JdAAI","","","","","","","","","","","","","","LLC_BI__default_widget_app","","","","","","","LLC_BI__default_widget_viewModel","","","","","","","","","","","Knockout","&lt;table class=&quot;table&quot;&gt; &lt;tr&gt; &lt;th&gt;Date&lt;/th&gt; &lt;th&gt;Assigned To&lt;/th&gt; &lt;th&gt;Actual Approver&lt;/th&gt; &lt;th&gt;Status&lt;/th&gt; &lt;th&gt;Comments&lt;/th&gt; &lt;/tr&gt; &lt;!-- ko foreach: approvalHistory --&gt; &lt;!-- ko foreach: steps.sort(sortDates) --&gt; &lt;tr&gt; &lt;td data-bind=&quot;dateText: theDate&quot; /&gt; &lt;td&gt; &lt;span data-bind=&quot;text: originalActor.lastName&quot; /&gt; , &lt;span data-bind=&quot;text: originalActor.firstName&quot; /&gt; &lt;/td&gt; &lt;td&gt; &lt;span data-bind=&quot;text: assignedActor.lastName&quot; /&gt; , &lt;span data-bind=&quot;text: assignedActor.firstName&quot; /&gt; &lt;/td&gt; &lt;td data-bind=&quot;text: status&quot; /&gt; &lt;td data-bind=&quot;text: comments&quot; /&gt; &lt;/tr&gt; &lt;!-- /ko --&gt; &lt;!-- /ko --&gt; &lt;script&gt; function sortDates(a,b){if(a.theDate()&lt;b.theDate()){return -1; }else if(Date.parse(a.theDate())&gt; Date.parse(b.theDate())) {return 1; }else {return 0; } } &lt;/script&gt; &lt;/table&gt;","a05bn000003kClNAAU"
"a2Jbn0000005s9pEAA","","LifeCycle.KO_Narrative","005bn000003k2JdAAI","","","","","","","","","","","","","","nFORCE__ko_narrative_app","","","","","nFORCE__ko_narrative_viewModel","","nFORCE__screen_models","","","","","","","","","","","Knockout","&lt;div data-bind=&quot;template: { name: &#39;narrative-template&#39; }&quot;&gt;&lt;/div&gt;","a05bn000003kClOAAU"
"a2Jbn0000005s9qEAA","","LifeCycle.KO_Narrative","005bn000003k2JdAAI","","","","","","","","","","","","","","nFORCE__ko_narrative_app","","","","","nFORCE__ko_narrative_viewModel","","nFORCE__screen_models","","","","","","","","","","","Knockout","&lt;div data-bind=&quot;template: { name: &#39;narrative-template&#39; }&quot;&gt;&lt;/div&gt;","a05bn000003kClPAAU"
"a2Jbn0000005sA6EAI","","LifeCycle.KO_Narrative","005bn000003k2JdAAI","","","","","","","","","","","","","","nFORCE__ko_narrative_app","","","","","nFORCE__ko_narrative_viewModel","","nFORCE__screen_models","","","","","","","","","","","Knockout","&lt;div data-bind=&quot;template: { name: &#39;narrative-template&#39; }&quot;&gt;&lt;/div&gt;","a05bn000003kClQAAU"
"a2Jbn0000005sA7EAI","","LifeCycle.KO_Narrative","005bn000003k2JdAAI","","","","","","","","","","","","","","nFORCE__ko_narrative_app","","","","","nFORCE__ko_narrative_viewModel","","nFORCE__screen_models","","","","","","","","","","","Knockout","&lt;div data-bind=&quot;template: { name: &#39;narrative-template&#39; }&quot;&gt;&lt;/div&gt;","a05bn000003kClRAAU"
"a2Jbn0000005sA8EAI","","LifeCycle.KO_Narrative","005bn000003k2JdAAI","","","","","","","","","","","","","","nFORCE__ko_narrative_app","","","","","nFORCE__ko_narrative_viewModel","","nFORCE__screen_models","","","","","","","","","","","Knockout","&lt;div data-bind=&quot;template: { name: &#39;narrative-template&#39; }&quot;&gt;&lt;/div&gt;","a05bn000003kClSAAU"
"a2Jbn0000005sA9EAI","","LifeCycle.KO_Narrative","005bn000003k2JdAAI","","","","","","","","","","","","","","nFORCE__ko_narrative_app","","","","","nFORCE__ko_narrative_viewModel","","nFORCE__screen_models","","","","","","","","","","","Knockout","&lt;div data-bind=&quot;template: { name: &#39;narrative-template&#39; }&quot;&gt;&lt;/div&gt;","a05bn000003kClTAAU"
"a2Jbn0000005sAAEAY","","LifeCycle.KO_Narrative","005bn000003k2JdAAI","","","","","","","","","","","","","","nFORCE__ko_narrative_app","","","","","nFORCE__ko_narrative_viewModel","","nFORCE__screen_models","","","","","","","","","","","Knockout","&lt;div data-bind=&quot;template: { name: &#39;narrative-template&#39; }&quot;&gt;&lt;/div&gt;","a05bn000003kClUAAU"
"a2Jbn0000005sABEAY","","LifeCycle.KO_Narrative","005bn000003k2JdAAI","","","","","","","","","","","","","","nFORCE__ko_narrative_app","","","","","nFORCE__ko_narrative_viewModel","","nFORCE__screen_models","","","","","","","","","","","Knockout","&lt;div data-bind=&quot;template: { name: &#39;narrative-template&#39; }&quot;&gt;&lt;/div&gt;","a05bn000003kClVAAU"
"a2Jbn0000005sACEAY","","LifeCycle.KO_Narrative","005bn000003k2JdAAI","","","","","","","","","","","","","","nFORCE__ko_narrative_app","","","","","nFORCE__ko_narrative_viewModel","","nFORCE__screen_models","","","","","","","","","","","Knockout","&lt;div data-bind=&quot;template: { name: &#39;narrative-template&#39; }&quot;&gt;&lt;/div&gt;","a05bn000003kClWAAU"
"a2Jbn0000005sADEAY","","LifeCycle.KO_Narrative","005bn000003k2JdAAI","","","","","","","","","","","","","","nFORCE__ko_narrative_app","","","","","nFORCE__ko_narrative_viewModel","","nFORCE__screen_models","","","","","","","","","","","Knockout","&lt;div data-bind=&quot;template: { name: &#39;narrative-template&#39; }&quot;&gt;&lt;/div&gt;","a05bn000003kClXAAU"
"a2Jbn0000005sAEEAY","","LifeCycle.KO_Narrative","005bn000003k2JdAAI","","","","","","","","","","","","","","nFORCE__ko_narrative_app","","","","","nFORCE__ko_narrative_viewModel","","nFORCE__screen_models","","","","","","","","","","","Knockout","&lt;div data-bind=&quot;template: { name: &#39;narrative-template&#39; }&quot;&gt;&lt;/div&gt;","a05bn000003kClYAAU"
"a2Jbn0000005sAFEAY","","LifeCycle.KO_Narrative","005bn000003k2JdAAI","","","","","","","","","","","","","","nFORCE__ko_narrative_app","","","","","nFORCE__ko_narrative_viewModel","","nFORCE__screen_models","","","","","","","","","","","Knockout","&lt;div data-bind=&quot;template: { name: &#39;narrative-template&#39; }&quot;&gt;&lt;/div&gt;","a05bn000003kClZAAU"
"a2Jbn0000005sAGEAY","","LifeCycle.KO_Narrative","005bn000003k2JdAAI","","","","","","","","","","","","","","nFORCE__ko_narrative_app","","","","","nFORCE__ko_narrative_viewModel","","nFORCE__screen_models","","","","","","","","","","","Knockout","&lt;div data-bind=&quot;template: { name: &#39;narrative-template&#39; }&quot;&gt;&lt;/div&gt;","a05bn000003kClaAAE"
"a2Jbn0000005sAHEAY","","LifeCycle.KO_Narrative","005bn000003k2JdAAI","","","","","","","","","","","","","","nFORCE__ko_narrative_app","","","","","nFORCE__ko_narrative_viewModel","","nFORCE__screen_models","","","","","","","","","","","Knockout","&lt;div data-bind=&quot;template: { name: &#39;narrative-template&#39; }&quot;&gt;&lt;/div&gt;","a05bn000003kClbAAE"
"a2Jbn0000005sAIEAY","","LifeCycle.KO_Narrative","005bn000003k2JdAAI","","","","","","","","","","","","","","nFORCE__ko_narrative_app","","","","","nFORCE__ko_narrative_viewModel","","nFORCE__screen_models","","","","","","","","","","","Knockout","&lt;div data-bind=&quot;template: { name: &#39;narrative-template&#39; }&quot;&gt;&lt;/div&gt;","a05bn000003kClcAAE"
"a2Jbn0000005sAJEAY","","LifeCycle.KO_Narrative","005bn000003k2JdAAI","","","","","","","","","","","","","","nFORCE__ko_narrative_app","","","","","nFORCE__ko_narrative_viewModel","","nFORCE__screen_models","","","","","","","","","","","Knockout","&lt;div data-bind=&quot;template: { name: &#39;narrative-template&#39; }&quot;&gt;&lt;/div&gt;","a05bn000003kCldAAE"
"a2Jbn0000005s8DEAQ","","LifeCycle.KO_Narrative","005bn000003k2JdAAI","","","","","","maxSize: 12000000;","","","","","","","","nFORCE__ko_narrative_app","","","","","nFORCE__ko_narrative_viewModel","","nFORCE__screen_models","","","","","","","","","","","Knockout","&lt;div data-bind=&quot;template: { name: &#39;narrative-template&#39; }&quot;&gt;&lt;/div&gt;","a2Jbn0000005s8DEAQ"
"a2Jbn0000005s8EEAQ","","LifeCycle.KO_Narrative","005bn000003k2JdAAI","","","","","","maxSize: 12000000;","","","","","","","","nFORCE__ko_narrative_app","","","","","nFORCE__ko_narrative_viewModel","","nFORCE__screen_models","","","","","","","","","","","Knockout","&lt;div data-bind=&quot;template: { name: &#39;narrative-template&#39; }&quot;&gt;&lt;/div&gt;","a2Jbn0000005s8EEAQ"
"a2Jbn0000005s8FEAQ","","LifeCycle.KO_Narrative","005bn000003k2JdAAI","","","","","","maxSize: 12000000;","","","","","","","","nFORCE__ko_narrative_app","","","","","nFORCE__ko_narrative_viewModel","","nFORCE__screen_models","","","","","","","","","","","Knockout","&lt;div data-bind=&quot;template: { name: &#39;narrative-template&#39; }&quot;&gt;&lt;/div&gt;","a2Jbn0000005s8FEAQ"
"a2Jbn0000005s8GEAQ","","LifeCycle.KO_Narrative","005bn000003k2JdAAI","","","","","","maxSize: 12000000;","","","","","","","","nFORCE__ko_narrative_app","","","","","nFORCE__ko_narrative_viewModel","","nFORCE__screen_models","","","","","","","","","","","Knockout","&lt;div data-bind=&quot;template: { name: &#39;narrative-template&#39; }&quot;&gt;&lt;/div&gt;","a2Jbn0000005s8GEAQ"
"a2Jbn0000005s8HEAQ","","LifeCycle.KO_Narrative","005bn000003k2JdAAI","","","","","","maxSize: 12000000;","","","","","","","","nFORCE__ko_narrative_app","","","","","nFORCE__ko_narrative_viewModel","","nFORCE__screen_models","","","","","","","","","","","Knockout","&lt;div data-bind=&quot;template: { name: &#39;narrative-template&#39; }&quot;&gt;&lt;/div&gt;","a2Jbn0000005s8HEAQ"
"a2Jbn0000005s8IEAQ","","LifeCycle.KO_Narrative","005bn000003k2JdAAI","","","","","","maxSize: 12000000;","","","","","","","","nFORCE__ko_narrative_app","","","","","nFORCE__ko_narrative_viewModel","","nFORCE__screen_models","","","","","","","","","","","Knockout","&lt;div data-bind=&quot;template: { name: &#39;narrative-template&#39; }&quot;&gt;&lt;/div&gt;","a2Jbn0000005s8IEAQ"
"a2Jbn0000005s8UEAQ","","LifeCycle.KO_Narrative","005bn000003k2JdAAI","","","","","","maxSize: 12000000;","","","","","","","","nFORCE__ko_narrative_app","","","","","nFORCE__ko_narrative_viewModel","","nFORCE__screen_models","","","","","","","","","","","Knockout","&lt;div data-bind=&quot;template: { name: &#39;narrative-template&#39; }&quot;&gt;&lt;/div&gt;","a2Jbn0000005s8UEAQ"
"a2Jbn0000005s8VEAQ","","LifeCycle.KO_Narrative","005bn000003k2JdAAI","","","","","","maxSize: 12000000;","","","","","","","","nFORCE__ko_narrative_app","","","","","nFORCE__ko_narrative_viewModel","","nFORCE__screen_models","","","","","","","","","","","Knockout","&lt;div data-bind=&quot;template: { name: &#39;narrative-template&#39; }&quot;&gt;&lt;/div&gt;","a2Jbn0000005s8VEAQ"
"a2Jbn0000005s8WEAQ","","LifeCycle.KO_Narrative","005bn000003k2JdAAI","","","","","","maxSize: 12000000;","","","","","","","","nFORCE__ko_narrative_app","","","","","nFORCE__ko_narrative_viewModel","","nFORCE__screen_models","","","","","","","","","","","Knockout","&lt;div data-bind=&quot;template: { name: &#39;narrative-template&#39; }&quot;&gt;&lt;/div&gt;","a2Jbn0000005s8WEAQ"
"a2Jbn0000005s8XEAQ","","LifeCycle.KO_Narrative","005bn000003k2JdAAI","","","","","","maxSize: 12000000;","","","","","","","","nFORCE__ko_narrative_app","","","","","nFORCE__ko_narrative_viewModel","","nFORCE__screen_models","","","","","","","","","","","Knockout","&lt;div data-bind=&quot;template: { name: &#39;narrative-template&#39; }&quot;&gt;&lt;/div&gt;","a2Jbn0000005s8XEAQ"
"a2Jbn0000005sAQEAY","","LifeCycle.KO_Narrative","005bn000003k2JdAAI","","","","","","","","","","","","","","nFORCE__ko_narrative_app","","","","","nFORCE__ko_narrative_viewModel","","nFORCE__screen_models","","","","","","","","","","","Knockout","&lt;div data-bind=&quot;template: { name: &#39;narrative-template&#39; }&quot;&gt;&lt;/div&gt;","a2Jbn0000005sAQ"
"a2Jbn0000005sAREAY","","LifeCycle.KO_Narrative","005bn000003k2JdAAI","","","","","","","","","","","","","","nFORCE__ko_narrative_app","","","","","nFORCE__ko_narrative_viewModel","","nFORCE__screen_models","","","","","","","","","","","Knockout","&lt;div data-bind=&quot;template: { name: &#39;narrative-template&#39; }&quot;&gt;&lt;/div&gt;","a2Jbn0000005sAREAY"
"a2Jbn0000005sASEAY","","LifeCycle.KO_Narrative","005bn000003k2JdAAI","","","","","","","","","","","","","","nFORCE__ko_narrative_app","","","","","nFORCE__ko_narrative_viewModel","","nFORCE__screen_models","","","","","","","","","","","Knockout","&lt;div data-bind=&quot;template: { name: &#39;narrative-template&#39; }&quot;&gt;&lt;/div&gt;","a2Jbn0000005sASEAY"
"a2Jbn0000005sATEAY","","LifeCycle.KO_Narrative","005bn000003k2JdAAI","","","","","","","","","","","","","","nFORCE__ko_narrative_app","","","","","nFORCE__ko_narrative_viewModel","","nFORCE__screen_models","","","","","","","","","","","Knockout","&lt;div data-bind=&quot;template: { name: &#39;narrative-template&#39; }&quot;&gt;&lt;/div&gt;","a2Jbn0000005sATEAY"
"a2Jbn0000005sAUEAY","","LifeCycle.KO_Narrative","005bn000003k2JdAAI","","","","","","","","","","","","","","nFORCE__ko_narrative_app","","","","","nFORCE__ko_narrative_viewModel","","nFORCE__screen_models","","","","","","","","","","","Knockout","&lt;div data-bind=&quot;template: { name: &#39;narrative-template&#39; }&quot;&gt;&lt;/div&gt;","a2Jbn0000005sAUEAY"
"a2Jbn0000005sAVEAY","","LifeCycle.KO_Narrative","005bn000003k2JdAAI","","","","","","","","","","","","","","nFORCE__ko_narrative_app","","","","","nFORCE__ko_narrative_viewModel","","nFORCE__screen_models","","","","","","","","","","","Knockout","&lt;div data-bind=&quot;template: { name: &#39;narrative-template&#39; }&quot;&gt;&lt;/div&gt;","a2Jbn0000005sAVEAY"
"a2Jbn0000005sAWEAY","","LifeCycle.KO_Narrative","005bn000003k2JdAAI","","","","","","","","","","","","","","nFORCE__ko_narrative_app","","","","","nFORCE__ko_narrative_viewModel","","nFORCE__screen_models","","","","","","","","","","","Knockout","&lt;div data-bind=&quot;template: { name: &#39;narrative-template&#39; }&quot;&gt;&lt;/div&gt;","a2Jbn0000005sAWEAY"
"a2Jbn0000005sAXEAY","","LifeCycle.KO_Narrative","005bn000003k2JdAAI","","","","","","","","","","","","","","nFORCE__ko_narrative_app","","","","","nFORCE__ko_narrative_viewModel","","nFORCE__screen_models","","","","","","","","","","","Knockout","&lt;div data-bind=&quot;template: { name: &#39;narrative-template&#39; }&quot;&gt;&lt;/div&gt;","a2Jbn0000005sAXEAY"
"a2Jbn0000005sAYEAY","","LifeCycle.KO_Narrative","005bn000003k2JdAAI","","","","","","","","","","","","","","nFORCE__ko_narrative_app","","","","","nFORCE__ko_narrative_viewModel","","nFORCE__screen_models","","","","","","","","","","","Knockout","&lt;div data-bind=&quot;template: { name: &#39;narrative-template&#39; }&quot;&gt;&lt;/div&gt;","a2Jbn0000005sAYEAY"
"a2Jbn0000005sAZEAY","","LifeCycle.KO_Narrative","005bn000003k2JdAAI","","","","","","","","","","","","","","nFORCE__ko_narrative_app","","","","","nFORCE__ko_narrative_viewModel","","nFORCE__screen_models","","","","","","","","","","","Knockout","&lt;div data-bind=&quot;template: { name: &#39;narrative-template&#39; }&quot;&gt;&lt;/div&gt;","a2Jbn0000005sAZEAY"
"a2Jbn0000005sAaEAI","","LifeCycle.KO_Narrative","005bn000003k2JdAAI","","","","","","","","","","","","","","nFORCE__ko_narrative_app","","","","","nFORCE__ko_narrative_viewModel","","nFORCE__screen_models","","","","","","","","","","","Knockout","&lt;div data-bind=&quot;template: { name: &#39;narrative-template&#39; }&quot;&gt;&lt;/div&gt;","a2Jbn0000005sAaEAI"
"a2Jbn0000005sAbEAI","","LifeCycle.KO_Narrative","005bn000003k2JdAAI","","","","","","","","","","","","","","nFORCE__ko_narrative_app","","","","","nFORCE__ko_narrative_viewModel","","nFORCE__screen_models","","","","","","","","","","","Knockout","&lt;div data-bind=&quot;template: { name: &#39;narrative-template&#39; }&quot;&gt;&lt;/div&gt;","a2Jbn0000005sAbEAI"
"a2Jbn0000005sAcEAI","","LifeCycle.KO_Narrative","005bn000003k2JdAAI","","","","","","","","","","","","","","nFORCE__ko_narrative_app","","","","","nFORCE__ko_narrative_viewModel","","nFORCE__screen_models","","","","","","","","","","","Knockout","&lt;div data-bind=&quot;template: { name: &#39;narrative-template&#39; }&quot;&gt;&lt;/div&gt;","a2Jbn0000005sAcEAI"
"a2Jbn0000005sAdEAI","","LifeCycle.KO_Narrative","005bn000003k2JdAAI","","","","","","","","","","","","","","nFORCE__ko_narrative_app","","","","","nFORCE__ko_narrative_viewModel","","nFORCE__screen_models","","","","","","","","","","","Knockout","&lt;div data-bind=&quot;template: { name: &#39;narrative-template&#39; }&quot;&gt;&lt;/div&gt;","a2Jbn0000005sAdEAI"
