"Id","IsDeleted","Name","LLC_BI__Classification__c","LLC_BI__Spread_Statement_Record__c","LLC_BI__lookupKey__c"
"a3fbn000000ft7mAAA","","a3fbn000000fu0A","a3Ybn0000004xDeEAI","a18bn000001a1ecAAA","01fd3c36-130e-4737-8e69-86b31775ed07"
"a3fbn000000ftisAAA","","a4Wbn000000hSI4","a3Ybn0000004xCxEAI","a18bn000001a11tAAA","02236886-dde9-4c72-aa9f-93e04cd62f3d"
"a3fbn000000ftpMAAQ","","a3jbn000000le2c","a3Ybn0000004xDKEAY","a18bn000001a1LYAAY","02877008-d589-4f88-8b0c-3c323179f992"
"a3fbn000000ftjzAAA","","a3jbn000000le1K","a3Ybn0000004xGzEAI","a18bn000001a10HAAQ","0485156f-ec76-4f18-a2c2-99b43d543d68"
"a3fbn000000ftsNAAQ","","a3jbn000000le3I","a3Ybn0000004xIZEAY","a18bn000001a1KSAAY","048eb90b-9295-4e0d-9c24-e9a213c48f54"
"a3fbn000000ft7tAAA","","a3fbn000000fu0H","a3Ybn0000004xDeEAI","a18bn000001a1PtAAI","04b3fccb-8ace-4716-9a83-15539ed79d5a"
"a3fbn000000ftyZAAQ","","a3jbn000000le4K","a3Ybn0000004xDHEAY","a18bn000001a1LRAAY","05318607-9844-482d-94dc-ba430f06625c"
"a3fbn000000ftrBAAQ","","a3jbn000000le2z","a3Ybn0000004xJjEAI","a18bn000001a1J2AAI","08c47e72-0b1b-45fc-ab18-f35eafac83ad"
"a3fbn000000ftpkAAA","","a3jbn000000le2h","a3Ybn0000004xDNEAY","a18bn000001a1G0AAI","0927c901-a913-4509-acf8-148c5cd8996b"
"a3fbn000000ftrFAAQ","","a3jbn000000le32","a3Ybn0000004xG2EAI","a18bn000001a1J4AAI","0a17c541-9a5b-4c28-8710-223409eb8dac"
"a3fbn000000ftpsAAA","","a3jbn000000le2l","a3Ybn0000004xDNEAY","a18bn000001a1G4AAI","0b90ddf8-7d53-4613-b399-a2406f06bfdf"
"a3fbn000000ftjrAAA","","a3jbn000000le1G","a3Ybn0000004xGoEAI","a18bn000001a10DAAQ","0c0b8d18-bd90-40f3-a2b4-cd25f23b7d50"
"a3fbn000000ftPaAAI","","a3fbn000000fu34","a3Ybn0000004xDeEAI","a18bn000001a1hJAAQ","0ca5a4a2-7ac0-4dab-9b0a-b63abdceaf17"
"a3fbn000000fthoAAA","","a3jbn000000le0y","a3Ybn0000004xGoEAI","a18bn000001a106AAA","0d2bf999-7d4d-4201-85e3-8187054c8a95"
"a3fbn000000ftPbAAI","","a3fbn000000fu35","a3Ybn0000004xDeEAI","a18bn000001a1nnAAA","0d4504ce-56a7-4d82-8211-bd2fa34f2e6a"
"a3fbn000000ftpEAAQ","","a3jbn000000le2X","a3Ybn0000004xDHEAY","a18bn000001a1LUAAY","0e62ae13-8afc-4dc7-b0e2-6d9e45c08abd"
"a3fbn000000ftqlAAA","","a3jbn000000le2w","a3Ybn0000004xG2EAI","a18bn000001a1J1AAI","1046e90e-0b6a-4909-8e1f-b20212e4ecbd"
"a3fbn000000ftrdAAA","","a3jbn000000le3E","a3Ybn0000004xG2EAI","a18bn000001a1JmAAI","10cf1d79-f318-411b-ad70-b4e65456f465"
"a3fbn000000ft7nAAA","","a3fbn000000fu0B","a3Ybn0000004xDeEAI","a18bn000001a1efAAA","11b3e558-b3f8-4dcc-9179-a91bba6b81f6"
"a3fbn000000ft7TAAQ","","a3fbn000000ftzr","a3Ybn0000004xE7EAI","a18bn000001a1RRAAY","11d94ab1-75aa-4915-b8e3-247e21f57f66"
"a3fbn000000ft7sAAA","","a3fbn000000fu0G","a3Ybn0000004xEEEAY","a18bn000001a1aJAAQ","1373db61-1c2f-4a46-bb4e-4a2ebde15728"
"a3fbn000000fthmAAA","","a3jbn000000le0x","a3Ybn0000004xGtEAI","a18bn000001a105AAA","14169291-9d82-46b8-86cc-241c5e13ff94"
"a3fbn000000ftifAAA","","a4Wbn000000hSHG","a3Ybn0000004xDFEAY","a18bn000001a0zpAAA","15d3337d-b0f3-480b-a1fa-4d4277a742ca"
"a3fbn000000ftlRAAQ","","a3jbn000000le1q","a3Ybn0000004xCnEAI","a18bn000001a12CAAQ","160aaeea-c69c-426b-afea-1129c7bc3963"
"a3fbn000000ftmOAAQ","","a4Wbn000000hSI7","a3Ybn0000004xH5EAI","a18bn000001a11wAAA","162f3686-ea3b-4912-b714-25491dc2fbc9"
"a3fbn000000ft7uAAA","","a3fbn000000fu0I","a3Ybn0000004xDeEAI","a18bn000001a1Q5AAI","176b8bb8-3a96-4937-a7c3-944f6004165e"
"a3fbn000000ftv8AAA","","a3jbn000000le3p","a3Ybn0000004xDEEAY","a18bn000001a1C1AAI","17d89787-9604-449e-b91d-79c43f35af75"
"a3fbn000000ftvoAAA","","a3jbn000000le45","a3Ybn0000004xHKEAY","a18bn000001a1C9AAI","17e635c4-ff8c-4d24-a129-7b8845182769"
"a3fbn000000fte1AAA","","a5xbn000000Joxc","a3Ybn0000004xKIEAY","a18bn000001a18vAAA","182ce149-f317-401f-ae16-840b1e3c63c4"
"a3fbn000000ftqOAAQ","","a5xbn000000Joxe","a3Ybn0000004xGSEAY","a18bn000001a1BnAAI","193b7623-948f-4669-bfb3-578abc2c591c"
"a3fbn000000ft78AAA","","a3fbn000000ftzX","a3Ybn0000004xDeEAI","a18bn000001a1P3AAI","1b4f6161-cfc4-4f49-934e-d71724f2a07f"
"a3fbn000000ft7wAAA","","a3fbn000000fu0K","a3Ybn0000004xEFEAY","a18bn000001a1RZAAY","1b7b1ddb-a694-4ba5-a6c2-d6aea246cb21"
"a3fbn000000ftmmAAA","","a3jbn000000le1t","a3Ybn0000004xGnEAI","a18bn000001a0zzAAA","1ba2d73f-0eab-492a-9bb5-8f540dadbf65"
"a3fbn000000ft7aAAA","","a3fbn000000ftzy","a3Ybn0000004xDeEAI","a18bn000001a1PnAAI","1c4500bb-4847-4ea9-89ef-58ac88945db1"
"a3fbn000000ft6XAAQ","","a3fbn000000ftzT","a3Ybn0000004xDfEAI","a18bn000001a1dQAAQ","1d7823ae-df56-45b9-8251-4531ab5a634a"
"a3fbn000000ftgtAAA","","a4Wbn000000hSHB","a3Ybn0000004xCxEAI","a18bn000001a0zjAAA","1de1f8b6-13b2-420c-9f8d-d7985fd6c355"
"a3fbn000000ft7vAAA","","a3fbn000000fu0J","a3Ybn0000004xDeEAI","a18bn000001a1fCAAQ","1e234322-7047-4863-845c-822a8af2c9b1"
"a3fbn000000ftlcAAA","","a4Wbn000000hSI6","a3Ybn0000004xCxEAI","a18bn000001a11vAAA","2077ef02-a796-48e1-8f93-e1e993981938"
"a3fbn000000ft9GAAQ","","a3fbn000000fu0d","a3Ybn0000004xFOEAY","a18bn000001a1eZAAQ","2154c17c-60f5-4529-b764-9a068e13ed47"
"a3fbn000000ftkyAAA","","a3jbn000000le1k","a3Ybn0000004xGVEAY","a18bn000001a0zqAAA","22b45640-ecf2-4b3a-a06e-74b43508d671"
"a3fbn000000ft84AAA","","a3fbn000000fu0S","a3Ybn0000004xEIEAY","a18bn000001a1afAAA","24bc290f-6952-4d94-ba0f-d3131cf4066c"
"a3fbn000000ftbcAAA","","a3jbn000000ldzk","a3Ybn0000004xIUEAY","a18bn000001a12SAAQ","26ba4c61-9af0-4e4f-803d-816f9f0c68c8"
"a3fbn000000ftbyAAA","","a5xbn000000JoxS","a3Ybn0000004xG8EAI","a18bn000001a11jAAA","275c3351-275f-4184-b8ed-9aa60252e853"
"a3fbn000000ft7xAAA","","a3fbn000000fu0L","a3Ybn0000004xDeEAI","a18bn000001a1PrAAI","2880b480-6bcd-4b9c-88bd-193858f35981"
"a3fbn000000ftM6AAI","","a3fbn000000fu2V","a3Ybn0000004xEEEAY","a18bn000001a1aLAAQ","2a35587c-a73b-4579-a193-77121ebac10f"
"a3fbn000000ftucAAA","","a3jbn000000le3d","a3Ybn0000004xH5EAI","a18bn000001a1BvAAI","2a46f31c-e15c-4f30-9ab9-36497f87a875"
"a3fbn000000ft7UAAQ","","a3fbn000000ftzs","a3Ybn0000004xE8EAI","a18bn000001a1RTAAY","2b93be15-9b40-4c8d-9dff-0716fdd05d31"
"a3fbn000000ft7bAAA","","a3fbn000000ftzz","a3Ybn0000004xDeEAI","a18bn000001a1PbAAI","2b969a1c-de44-48c9-81e9-232f89547c7a"
"a3fbn000000ftl1AAA","","a3jbn000000le1l","a3Ybn0000004xGVEAY","a18bn000001a0zrAAA","2c20cd23-22c4-43e8-83eb-d6f65e0fd305"
"a3fbn000000ftfCAAQ","","a3jbn000000le0f","a3Ybn0000004xG2EAI","a18bn000001a1A5AAI","2c555d31-e9ce-482b-b10b-456a933f3271"
"a3fbn000000ft7IAAQ","","a3fbn000000ftzg","a3Ybn0000004xE2EAI","a18bn000001a1RSAAY","2d0cf7f7-ec15-468f-9e05-310ee04ed301"
"a3fbn000000ftAeAAI","","a3fbn000000fu12","a3Ybn0000004xFyEAI","a18bn000001a1eaAAA","2ee15010-187f-4f0c-8cb4-6a85b7096e89"
"a3fbn000000ft7JAAQ","","a3fbn000000ftzh","a3Ybn0000004xE3EAI","a18bn000001a1RQAAY","3100e210-1e9c-4fa8-8273-8b4a3d729a3f"
"a3fbn000000ftQDAAY","","a3fbn000000fu38","a3Ybn0000004xDeEAI","a18bn000001a1ngAAA","311a6fbe-2cdb-4c19-98b7-466884939601"
"a3fbn000000ftVMAAY","","a3fbn000000fu3E","a3Ybn0000004xGTEAY","a18bn000001a1stAAA","318d5465-12ab-47ad-8d9d-bc1a666cf895"
"a3fbn000000ft7iAAA","","a3fbn000000fu06","a3Ybn0000004xDeEAI","a18bn000001a1PxAAI","35336b71-c013-483c-a2ff-34651f4ab177"
"a3fbn000000ftbDAAQ","","a3jbn000000ldzd","a3Ybn0000004xDKEAY","a18bn000001a1AzAAI","35dda343-6509-49f4-835e-31d393212945"
"a3fbn000000fthsAAA","","a3jbn000000le10","a3Ybn0000004xGtEAI","a18bn000001a108AAA","360920b9-6167-4fae-b3c3-98540e89c4b2"
"a3fbn000000ft7ZAAQ","","a3fbn000000ftzx","a3Ybn0000004xDeEAI","a18bn000001a1ehAAA","361110f4-f91a-46b7-8c3a-527f2946f573"
"a3fbn000000ftNMAAY","","a3fbn000000fu2u","a3Ybn0000004xDeEAI","a18bn000001a1eeAAA","37052c39-ac0e-4915-af42-2e87b5fc9478"
"a3fbn000000ftqgAAA","","a3jbn000000le2u","a3Ybn0000004xHtEAI","a18bn000001a1FGAAY","382f9ec8-c465-4aee-8707-0bd7730fcf5e"
"a3fbn000000ft7DAAQ","","a3fbn000000ftzb","a3Ybn0000004xDzEAI","a18bn000001a1eNAAQ","3866b8d0-88d1-437c-9ee6-b6ae3001a14e"
"a3fbn000000ftidAAA","","a4Wbn000000hSHy","a3Ybn0000004xH5EAI","a18bn000001a0zoAAA","38c382c0-abac-4ff2-a74b-e4592c7922dc"
"a3fbn000000ftyOAAQ","","a4Wbn000000hSHt","a3Ybn0000004xDNEAY","a18bn000001a1BMAAY","39baa1e5-8564-4130-8e2f-b5e43dd3546c"
"a3fbn000000ftmoAAA","","a3jbn000000le1u","a3Ybn0000004xGoEAI","a18bn000001a100AAA","3b16f2aa-62dd-4662-a30d-92daaf3e4dbd"
"a3fbn000000ftuCAAQ","","a4Wbn000000hSIE","a3Ybn0000004xHKEAY","a18bn000001a1B2AAI","3b2a4081-8806-4888-94c9-82e0398ec71e"
"a3fbn000000ftrVAAQ","","a3jbn000000le3A","a3Ybn0000004xG2EAI","a18bn000001a1JiAAI","3b9b69d6-e980-4d0b-b356-fc02cff05465"
"a3fbn000000ftv2AAA","","a3jbn000000le3m","a3Ybn0000004xCxEAI","a18bn000001a1ByAAI","3d16eaf5-f547-4194-ae2f-c9d0650fc432"
"a3fbn000000ftAdAAI","","a3fbn000000fu14","a3Ybn0000004xFxEAI","a18bn000001a1abAAA","3e14b0a6-9a17-4366-b90b-4314b2bde7dc"
"a3fbn000000fthIAAQ","","a3fbn000000fu4O","a3Ybn0000004xH5EAI","a18bn000001a191AAA","4.907047069009352"
"a3fbn000000ftjvAAA","","a3jbn000000le1I","a3Ybn0000004xGoEAI","a18bn000001a10FAAQ","40146700-687c-45f7-b84d-919561a80331"
"a3fbn000000ftb1AAA","","Book Depreciation and Depletion","a3Ybn0000004xK0EAI","a18bn000001a1gzAAA","42002627748818817"
"a3fbn000000ftEfAAI","","a5xbn000000Jorl","a3Ybn0000004xCvEAI","a18bn000001a1SxAAI","42002974044073948"
"a3fbn000000ftr0AAA","","a5xbn000000Jp3A","a3Ybn0000004xH3EAI","a18bn000001a1KsAAI","42004199419839559"
"a3fbn000000fth0AAA","","a5xbn000000Jp2S","a3Ybn0000004xIGEAY","a18bn000001a19PAAQ","42004827692314123"
"a3fbn000000ftCjAAI","","a9Ibn000001OAiK","a3Ybn0000004xG3EAI","a18bn000001a1RzAAI","42004917388097352"
"a3fbn000000ft9lAAA","","a3fbn000000fu0n","a3Ybn0000004xDeEAI","a18bn000001a1dyAAA","42004950787191271"
"a3fbn000000ftvxAAA","","a5xbn000000Jp3l","a3Ybn0000004xHeEAI","a18bn000001a1CEAAY","42005067749785657"
"a3fbn000000ftWHAAY","","a5xbn000000JoyV","a3Ybn0000004xCvEAI","a18bn000001a1jJAAQ","42005157975921176"
"a3fbn000000ftGjAAI","","a3jbn000000ldvz","a3Ybn0000004xGoEAI","a18bn000001a1VbAAI","42005289273910646"
"a3fbn000000ftRjAAI","","a5xbn000000JouY","a3Ybn0000004xJgEAI","a18bn000001a1qfAAA","42005521167689361"
"a3fbn000000ftARAAY","","a5xbn000000JooZ","a3Ybn0000004xFqEAI","a18bn000001a1asAAA","42005525296734278"
"a3fbn000000ftqZAAQ","","a5xbn000000Jp2R","a3Ybn0000004xDaEAI","a18bn000001a1JMAAY","42005776351578953"
"a3fbn000000ft9mAAA","","PFS - Total Long Term Liabs","a3Ybn0000004xFcEAI","a18bn000001a1dzAAA","42005924651224435"
"a3fbn000000ftZfAAI","","a5xbn000000JouI","a3Ybn0000004xDyEAI","a18bn000001a1kBAAQ","42006515255709480"
"a3fbn000000ft9CAAQ","","a5xbn000000Jont","a3Ybn0000004xFKEAY","a18bn000001a1dVAAQ","42006912818009067"
"a3fbn000000ftamAAA","","a3jbn000000ldzV","a3Ybn0000004xGVEAY","a18bn000001a1k9AAA","42007021442705426"
"a3fbn000000ftOWAAY","","a5xbn000000Jout","a3Ybn0000004xGjEAI","a18bn000001a1QjAAI","42007111795180129"
"a3fbn000000ftr4AAA","","a3fbn000000fu4u","a3Ybn0000004xGjEAI","a18bn000001a1E0AAI","42007402853946347"
"a3fbn000000ftqKAAQ","","a5xbn000000Jp3u","a3Ybn0000004xGZEAY","a18bn000001a1GIAAY","42007618034312765"
"a3fbn000000ftSCAAY","","a5xbn000000JomL","a3Ybn0000004xDUEAY","a18bn000001a1sFAAQ","42007989175371734"
"a3fbn000000ft6aAAA","","a5xbn000000JomW","a3Ybn0000004xDgEAI","a18bn000001a1MOAAY","42008144965566236"
"a3fbn000000ftsAAAQ","","a3fbn000000fu4E","a3Ybn0000004xGtEAI","a18bn000001a1HwAAI","42008349943930088"
"a3fbn000000ftPdAAI","","a5xbn000000Jovo","a3Ybn0000004xJtEAI","a18bn000001a1mpAAA","42008559008898611"
"a3fbn000000ftoFAAQ","","a5xbn000000Jp53","a3Ybn0000004xCrEAI","a18bn000001a0zaAAA","42008642009258345"
"a3fbn000000ftiiAAA","","a5xbn000000Jp31","a3Ybn0000004xH7EAI","a18bn000001a11pAAA","42008838897603063"
"a3fbn000000ftlCAAQ","","a5xbn000000JowQ","a3Ybn0000004xHBEAY","a18bn000001a15MAAQ","42008888889069657"
"a3fbn000000ftqhAAA","","a5xbn000000Jp5W","a3Ybn0000004xCvEAI","a18bn000001a1IzAAI","42008975849805375"
"a3fbn000000ft8PAAQ","","a5xbn000000JonH","a3Ybn0000004xEZEAY","a18bn000001a1c2AAA","42009368455152747"
"a3fbn000000ftA6AAI","","a5xbn000000JooG","a3Ybn0000004xFiEAI","a18bn000001a1eJAAQ","42009711125713173"
"a3fbn000000ftpHAAQ","","a5xbn000000Jp5H","a3Ybn0000004xIOEAY","a18bn000001a1LWAAY","42010440794954389"
"a3fbn000000ftP2AAI","","a5xbn000000Jooj","a3Ybn0000004xCvEAI","a18bn000001a1NsAAI","42011743364532367"
"a3fbn000000ftAOAAY","","a3fbn000000fu0z","a3Ybn0000004xFlEAI","a18bn000001a1apAAA","42012120490813337"
"a3fbn000000ftvzAAA","","a5xbn000000Jp4s","a3Ybn0000004xHeEAI","a18bn000001a1LPAAY","42012283481901670"
"a3fbn000000fttXAAQ","","a5xbn000000Jp4t","a3Ybn0000004xIJEAY","a18bn000001a1GrAAI","42012619975900622"
"a3fbn000000ftklAAA","","a5xbn000000Jp3p","a3Ybn0000004xHlEAI","a18bn000001a156AAA","42013062634671309"
"a3fbn000000ftj6AAA","","a3fbn000000fu4b","a3Ybn0000004xHvEAI","a18bn000001ZszxAAC","42013091343474425"
"a3fbn000000ftDdAAI","","a5xbn000000Joqr","a3Ybn0000004xGyEAI","a18bn000001a1TzAAI","42013135142460955"
"a3fbn000000ftZUAAY","","a3jbn000000ldz5","a3Ybn0000004xDHEAY","a18bn000001a1laAAA","42013272157055011"
"a3fbn000000ftRuAAI","","a5xbn000000JomA","a3Ybn0000004xDIEAY","a18bn000001a1r7AAA","42013308732847244"
"a3fbn000000ftUlAAI","","a5xbn000000Jox9","a3Ybn0000004xK9EAI","a18bn000001a1taAAA","42013457506073838"
"a3fbn000000ftwRAAQ","","a5xbn000000Jp6D","a3Ybn0000004xH1EAI","a18bn000001a1LCAAY","42013516860269012"
"a3fbn000000ftHsAAI","","a3jbn000000ldwR","a3Ybn0000004xDFEAY","a18bn000001a1YOAAY","42013755949996119"
"a3fbn000000ftWnAAI","","a5xbn000000Joyr","a3Ybn0000004xKMEAY","a18bn000001a1jfAAA","42014002585433057"
"a3fbn000000ftE7AAI","","a5xbn000000JorE","a3Ybn0000004xCvEAI","a18bn000001a1SXAAY","42015045725454134"
"a3fbn000000ftuBAAQ","","a5xbn000000Jp5r","a3Ybn0000004xHJEAY","a18bn000001a1B2AAI","42016570546758545"
"a3fbn000000ftTjAAI","","a5xbn000000Jom7","a3Ybn0000004xCvEAI","a18bn000001a1pJAAQ","42016748685947829"
"a3fbn000000ftIiAAI","","a5xbn000000Jotd","a3Ybn0000004xCqEAI","a18bn000001a1XOAAY","42016848939716116"
"a3fbn000000ft5XAAQ","","a5xbn000000Jolz","a3Ybn0000004xCwEAI","a18bn000001a1R2AAI","42017389496607317"
"a3fbn000000ftHLAAY","","a3fbn000000fu1L","a3Ybn0000004xHvEAI","a18bn000001a1ZDAAY","42017409724041631"
"a3fbn000000ftQJAAY","","a5xbn000000Jouo","a3Ybn0000004xGbEAI","a18bn000001a1rrAAA","42017432839875413"
"a3fbn000000ftmxAAA","","a5xbn000000Jour","a3Ybn0000004xGkEAI","a18bn000001a0zQAAQ","42017439086323372"
"a3fbn000000ftNWAAY","","a5xbn000000JouX","a3Ybn0000004xICEAY","a18bn000001a1NXAAY","42017760896973545"
"a3fbn000000ftIjAAI","","a3fbn000000fu1a","a3Ybn0000004xCwEAI","a18bn000001a1Z6AAI","42018423292392327"
"a3fbn000000ftStAAI","","a5xbn000000Jomr","a3Ybn0000004xDrEAI","a18bn000001a1sPAAQ","42018830458842250"
"a3fbn000000ftieAAA","","a5xbn000000Jom8","a3Ybn0000004xDDEAY","a18bn000001a0zpAAA","42018838510656888"
"a3fbn000000fth7AAA","","a5xbn000000Jp2U","a3Ybn0000004xI0EAI","a18bn000001a1AeAAI","42019388904419443"
"a3fbn000000ftJvAAI","","a3fbn000000fu1s","a3Ybn0000004xIYEAY","a18bn000001a1VSAAY","42019677373951580"
"a3fbn000000ft9OAAQ","","PFS - Total Current Assets","a3Ybn0000004xFUEAY","a18bn000001a1dgAAA","42019840176929864"
"a3fbn000000ftU0AAI","","a3jbn000000ldyc","a3Ybn0000004xG5EAI","a18bn000001a1pnAAA","42019846450985923"
"a3fbn000000ftZ3AAI","","priorperiodtotalassets","a3Ybn0000004xDQEAY","a18bn000001a1jsAAA","42019883736624407"
"a3fbn000000ftWDAAY","","a5xbn000000JoyT","a3Ybn0000004xCvEAI","a18bn000001a1jGAAQ","42020813871012414"
"a3fbn000000fttzAAA","","a5xbn000000Jp5q","a3Ybn0000004xKMEAY","a18bn000001a1DwAAI","42020978992893491"
"a3fbn000000ftMTAAY","","a3jbn000000ldxz","a3Ybn0000004xJ8EAI","a18bn000001a1aTAAQ","42021296009640077"
"a3fbn000000ftlTAAQ","","a5xbn000000Jp49","a3Ybn0000004xGYEAY","a18bn000001a172AAA","42021503096760206"
"a3fbn000000ft8oAAA","","a5xbn000000Jone","a3Ybn0000004xEyEAI","a18bn000001a1cPAAQ","42021525269233431"
"a3fbn000000ftLhAAI","","a5xbn000000JouF","a3Ybn0000004xCvEAI","a18bn000001a1W4AAI","42021542020625638"
"a3fbn000000ftesAAA","","a5xbn000000Jp1s","a3Ybn0000004xDgEAI","a18bn000001a1AXAAY","42021879997086714"
"a3fbn000000ftSUAAY","","a5xbn000000JomT","a3Ybn0000004xDcEAI","a18bn000001a1sLAAQ","42021928305248727"
"a3fbn000000ftezAAA","","a3fbn000000fu43","a3Ybn0000004xIuEAI","a18bn000001a15XAAQ","42022056342799577"
"a3fbn000000ftyFAAQ","","a5xbn000000Jp6i","a3Ybn0000004xHPEAY","a18bn000001a1BIAAY","42022498093811609"
"a3fbn000000ftSaAAI","","a5xbn000000JomV","a3Ybn0000004xCvEAI","a18bn000001a1siAAA","42023291495326490"
"a3fbn000000ftBTAAY","","a5xbn000000Joow","a3Ybn0000004xGBEAY","a18bn000001a1gXAAQ","42023917512090525"
"a3fbn000000fttGAAQ","","a5xbn000000Jp5T","a3Ybn0000004xDPEAY","a18bn000001a1HSAAY","42024178377093960"
"a3fbn000000ftywAAA","","a5xbn000000Jp1r","a3Ybn0000004xFjEAI","a18bn000001a1KjAAI","42024332613805600"
"a3fbn000000ftWkAAI","","a9Ibn000001OBFH","a3Ybn0000004xIZEAY","a18bn000001a1jcAAA","42024997235943344"
"a3fbn000000ftyVAAQ","","a5xbn000000Jovn","a3Ybn0000004xJsEAI","a18bn000001a1BqAAI","42025211907329068"
"a3fbn000000fthxAAA","","a5xbn000000Jp2m","a3Ybn0000004xFPEAY","a18bn000001a10BAAQ","42025458720534442"
"a3fbn000000ftXFAAY","","a5xbn000000JozG","a3Ybn0000004xICEAY","a18bn000001a1isAAA","42025786334257036"
"a3fbn000000ftHdAAI","","a5xbn000000Jot6","a3Ybn0000004xI1EAI","a18bn000001a1VMAAY","42025995583926255"
"a3fbn000000ftJzAAI","","a3fbn000000fu1v","a3Ybn0000004xFrEAI","a18bn000001a1VUAAY","42026161550737195"
"a3fbn000000ftx0AAA","","a5xbn000000Jp6O","a3Ybn0000004xG4EAI","a18bn000001a1EcAAI","42026755165253712"
"a3fbn000000ftpeAAA","","a5xbn000000Jp5M","a3Ybn0000004xGfEAI","a18bn000001a1LKAAY","42027206264116597"
"a3fbn000000ft9IAAQ","","Grain Inventory","a3Ybn0000004xFQEAY","a18bn000001a1daAAA","42027310696622795"
"a3fbn000000ftatAAA","","a3jbn000000ldzZ","a3Ybn0000004xKVEAY","a18bn000001a1mdAAA","42027654331915220"
"a3fbn000000fteMAAQ","","a5xbn000000Jp1n","a3Ybn0000004xFvEAI","a18bn000001a17oAAA","42027664149652102"
"a3fbn000000ftTCAAY","","a5xbn000000Joup","a3Ybn0000004xGcEAI","a18bn000001a1rzAAA","42027952478927468"
"a3fbn000000ftxsAAA","","a5xbn000000Jp6b","a3Ybn0000004xFiEAI","a18bn000001a1DqAAI","42028314112860402"
"a3fbn000000ft8XAAQ","","a5xbn000000JonP","a3Ybn0000004xEhEAI","a18bn000001a1cAAAQ","42028337712252843"
"a3fbn000000ftxyAAA","","a9Ibn000001OBFl","a3Ybn0000004xIZEAY","a18bn000001a1DsAAI","42028714227407073"
"a3fbn000000ftlVAAQ","","a5xbn000000Joum","a3Ybn0000004xCvEAI","a18bn000001a173AAA","42028733293924504"
"a3fbn000000ftICAAY","","a3fbn000000fu1T","a3Ybn0000004xH5EAI","a18bn000001a1Z2AAI","42029369085448295"
"a3fbn000000ftm2AAA","","a5xbn000000JowO","a3Ybn0000004xCvEAI","a18bn000001a12yAAA","42029636825975028"
"a3fbn000000ftZpAAI","","a5xbn000000Jp0g","a3Ybn0000004xCvEAI","a18bn000001a1lBAAQ","42030037211802071"
"a3fbn000000ftc6AAA","","a3jbn000000ldzn","a3Ybn0000004xG2EAI","a18bn000001a10oAAA","42030078033208011"
"a3fbn000000ft95AAA","","a5xbn000000Jonp","a3Ybn0000004xFFEAY","a18bn000001a1d4AAA","42030461186321304"
"a3fbn000000ftkdAAA","","a3jbn000000le1p","a3Ybn0000004xGoEAI","a18bn000001a1AkAAI","42030472639421531"
"a3fbn000000ftyUAAQ","","a5xbn000000JomH","a3Ybn0000004xDPEAY","a18bn000001a1BpAAI","42030596923417474"
"a3fbn000000ftK9AAI","","a5xbn000000Jotl","a3Ybn0000004xDJEAY","a18bn000001a1XfAAI","42030604414519093"
"a3fbn000000ftCLAAY","","a3fbn000000fu15","a3Ybn0000004xG9EAI","a18bn000001a1RlAAI","42030619860614724"
"a3fbn000000ftu4AAA","","a5xbn000000JomS","a3Ybn0000004xDZEAY","a18bn000001a1KJAAY","42030684305773717"
"a3fbn000000ftivAAA","","a5xbn000000Jp37","a3Ybn0000004xI1EAI","a18bn000001a1AfAAI","42031872986874415"
"a3fbn000000ftpxAAA","","a5xbn000000Jp5R","a3Ybn0000004xCvEAI","a18bn000001a1LOAAY","42032321407326707"
"a3fbn000000ftvGAAQ","","a5xbn000000Jp3c","a3Ybn0000004xHyEAI","a18bn000001a1C5AAI","42032433962819303"
"a3fbn000000ftIhAAI","","a3jbn000000ldwd","a3Ybn0000004xCnEAI","a18bn000001a1XNAAY","42033454744529648"
"a3fbn000000ftBeAAI","","a5xbn000000Jop6","a3Ybn0000004xG6EAI","a18bn000001a1RiAAI","42034290048318002"
"a3fbn000000ftgwAAA","","a5xbn000000Jp2P","a3Ybn0000004xDYEAY","a18bn000001a19MAAQ","42034459509421864"
"a3fbn000000ftaEAAQ","","a3fbn000000fu3Z","a3Ybn0000004xHZEAY","a18bn000001a1l8AAA","42035107475876078"
"a3fbn000000ftXMAAY","","a5xbn000000JozM","a3Ybn0000004xCvEAI","a18bn000001a1iSAAQ","42035531830386669"
"a3fbn000000ftkEAAQ","","a5xbn000000Jp3e","a3Ybn0000004xH6EAI","a18bn000001Zt06AAC","42035739952931634"
"a3fbn000000ftdZAAQ","","a3jbn000000le0P","a3Ybn0000004xDNEAY","a18bn000001a11GAAQ","42036450281253935"
"a3fbn000000ftYSAAY","","a5xbn000000Jp0D","a3Ybn0000004xDoEAI","a18bn000001a1m5AAA","42036853972441191"
"a3fbn000000ftg1AAA","","a3fbn000000fu4F","a3Ybn0000004xHgEAI","a18bn000001a19SAAQ","42037903987826639"
"a3fbn000000ftizAAA","","a5xbn000000Jp38","a3Ybn0000004xI2EAI","a18bn000001a18UAAQ","42038344573749737"
"a3fbn000000ftgmAAA","","a5xbn000000Jp2M","a3Ybn0000004xFTEAY","a18bn000001a0zfAAA","42038529671995972"
"a3fbn000000ft6BAAQ","","a3fbn000000ftzQ","a3Ybn0000004xDNEAY","a18bn000001a1RBAAY","42038576444036055"
"a3fbn000000ftq5AAA","","a3fbn000000fu4r","a3Ybn0000004xGVEAY","a18bn000001a1BcAAI","42038867757131492"
"a3fbn000000ftWyAAI","","a5xbn000000Joz0","a3Ybn0000004xCvEAI","a18bn000001a1iKAAQ","42039182391154688"
"a3fbn000000ftoLAAQ","","a5xbn000000Jovm","a3Ybn0000004xIVEAY","a18bn000001a0zdAAA","42039367529429173"
"a3fbn000000ftEFAAY","","a5xbn000000JorM","a3Ybn0000004xCvEAI","a18bn000001a1SfAAI","42039638585732742"
"a3fbn000000ftU2AAI","","a3jbn000000ldye","a3Ybn0000004xG6EAI","a18bn000001a1pmAAA","42040131801254475"
"a3fbn000000ftoDAAQ","","a5xbn000000Jovl","a3Ybn0000004xCrEAI","a18bn000001a0zZAAQ","42040605129878923"
"a3fbn000000ftbzAAA","","a5xbn000000Jp1K","a3Ybn0000004xCvEAI","a18bn000001a1AuAAI","42040696825607202"
"a3fbn000000ftGlAAI","","a3jbn000000ldw1","a3Ybn0000004xGoEAI","a18bn000001a1W5AAI","42040858901049233"
"a3fbn000000ftZOAAY","","a5xbn000000Jp0Z","a3Ybn0000004xFiEAI","a18bn000001a1kXAAQ","42041992581299586"
"a3fbn000000ftEEAAY","","a5xbn000000JorL","a3Ybn0000004xCvEAI","a18bn000001a1SeAAI","42042445433228487"
"a3fbn000000ftEyAAI","","a5xbn000000Jory","a3Ybn0000004xHBEAY","a18bn000001a1TDAAY","42043089292204016"
"a3fbn000000ftBZAAY","","a5xbn000000Jop1","a3Ybn0000004xG5EAI","a18bn000001a1RdAAI","42043557287641841"
"a3fbn000000ftDzAAI","","a5xbn000000Jor7","a3Ybn0000004xFiEAI","a18bn000001a1UeAAI","42044384985355567"
"a3fbn000000ftkjAAA","","a3fbn000000fu4g","a3Ybn0000004xGoEAI","a18bn000001a155AAA","42044611738702119"
"a3fbn000000ftRoAAI","","a5xbn000000Jom3","a3Ybn0000004xCvEAI","a18bn000001a1ncAAA","42044944093806656"
"a3fbn000000ftyvAAA","","a3jbn000000le4V","a3Ybn0000004xG2EAI","a18bn000001a1KiAAI","42045345931405671"
"a3fbn000000ft6jAAA","","EBIT","a3Ybn0000004xDlEAI","a18bn000001a1NNAAY","42045705936393207"
"a3fbn000000ftExAAI","","a5xbn000000Jorx","a3Ybn0000004xFvEAI","a18bn000001a1T9AAI","42045866350489813"
"a3fbn000000ftHEAAY","","a3jbn000000ldwD","a3Ybn0000004xHuEAI","a18bn000001a1VvAAI","42046057770078020"
"a3fbn000000ftuLAAQ","","a5xbn000000Jp20","a3Ybn0000004xI6EAI","a18bn000001a1GQAAY","42046633795826913"
"a3fbn000000ftUPAAY","","a5xbn000000Jowm","a3Ybn0000004xGBEAY","a18bn000001a1tdAAA","42046957016399075"
"a3fbn000000ft8QAAQ","","a5xbn000000JonJ","a3Ybn0000004xEaEAI","a18bn000001a1c4AAA","42047597641530959"
"a3fbn000000ftZhAAI","","a3fbn000000fu3R","a3Ybn0000004xGVEAY","a18bn000001a1kCAAQ","42047922919047870"
"a3fbn000000ftKEAAY","","a3fbn000000fu1x","a3Ybn0000004xCsEAI","a18bn000001a1WAAAY","42048272185438237"
"a3fbn000000ftxYAAQ","","a5xbn000000Jp27","a3Ybn0000004xDrEAI","a18bn000001a1H0AAI","42048378185141179"
"a3fbn000000ftRLAAY","","a5xbn000000JovD","a3Ybn0000004xCvEAI","a18bn000001a1phAAA","42048390439642041"
"a3fbn000000ftRhAAI","","a5xbn000000JouX","a3Ybn0000004xICEAY","a18bn000001a1qeAAA","42049546726818403"
"a3fbn000000ftbXAAQ","","a3jbn000000ldzi","a3Ybn0000004xG2EAI","a18bn000001a10lAAA","42050503743104316"
"a3fbn000000ftvYAAQ","","a5xbn000000JouY","a3Ybn0000004xJgEAI","a18bn000001a1JXAAY","42050712732048313"
"a3fbn000000ftA8AAI","","a5xbn000000JooI","a3Ybn0000004xFiEAI","a18bn000001a1eLAAQ","42050862533708492"
"a3fbn000000ftAzAAI","","a6Qbn000000HYOr","a3Ybn0000004xG3EAI","a18bn000001a1fgAAA","42051527232524811"
"a3fbn000000ftGPAAY","","a3fbn000000fu19","a3Ybn0000004xGnEAI","a18bn000001a1UnAAI","42051828374719956"
"a3fbn000000ftlnAAA","","a5xbn000000JovY","a3Ybn0000004xGsEAI","a18bn000001Zt0eAAC","42052186654364047"
"a3fbn000000fteyAAA","","a3fbn000000fu42","a3Ybn0000004xIiEAI","a18bn000001a15XAAQ","42052274220903321"
"a3fbn000000ftF6AAI","","a4Wbn000000hSHP","a3Ybn0000004xHDEAY","a18bn000001a1SQAAY","42052289713120916"
"a3fbn000000ftFSAAY","","a5xbn000000JosD","a3Ybn0000004xHNEAY","a18bn000001a1TOAAY","42052716110478712"
"a3fbn000000ft8ZAAQ","","a5xbn000000JonQ","a3Ybn0000004xEjEAI","a18bn000001a1cBAAQ","42052834367726496"
"a3fbn000000ftWBAAY","","a5xbn000000JoyR","a3Ybn0000004xCvEAI","a18bn000001a1hhAAA","42052869038374972"
"a3fbn000000ftLFAAY","","a3fbn000000fu2K","a3Ybn0000004xHnEAI","a18bn000001a1VgAAI","42053052958771365"
"a3fbn000000ftLJAAY","","a3jbn000000ldxV","a3Ybn0000004xGoEAI","a18bn000001a1ViAAI","42053336455497392"
"a3fbn000000fthEAAQ","","a3fbn000000fu4M","a3Ybn0000004xCvEAI","a18bn000001a18jAAA","42053495127086614"
"a3fbn000000ftQHAAY","","a6Qbn000000HYOy","a3Ybn0000004xDeEAI","a18bn000001a1rtAAA","42053681972139465"
"a3fbn000000ftS7AAI","","DaysinPeriodTemplate","a3Ybn0000004xDOEAY","a18bn000001a1s8AAA","42053686689590731"
"a3fbn000000ftQOAAY","","a6Qbn000000HYOz","a3Ybn0000004xG3EAI","a18bn000001a1rqAAA","42053872281764379"
"a3fbn000000ftVPAAY","","a5xbn000000Joxm","a3Ybn0000004xDaEAI","a18bn000001a1ihAAA","42054170325522690"
"a3fbn000000fta1AAA","","a3jbn000000ldzC","a3Ybn0000004xG3EAI","a18bn000001a1mQAAQ","42054286544603364"
"a3fbn000000ftUvAAI","","a5xbn000000JoxJ","a3Ybn0000004xGCEAY","a18bn000001a1szAAA","42054753514111944"
"a3fbn000000ft9YAAQ","","a3fbn000000fu0k","a3Ybn0000004xFYEAY","a18bn000001a1dpAAA","42054765939529972"
"a3fbn000000ftOgAAI","","a5xbn000000Jov2","a3Ybn0000004xCvEAI","a18bn000001a1OvAAI","42055444213097431"
"a3fbn000000ftMkAAI","","a3fbn000000fu2d","a3Ybn0000004xJHEAY","a18bn000001a1LmAAI","42055586419730263"
"a3fbn000000fteIAAQ","","a5xbn000000JouQ","a3Ybn0000004xCvEAI","a18bn000001a1ABAAY","42055725748260268"
"a3fbn000000ftLRAAY","","a3jbn000000ldvy","a3Ybn0000004xGoEAI","a18bn000001a1VmAAI","42055730224089374"
"a3fbn000000ftPvAAI","","a5xbn000000Jow6","a3Ybn0000004xCwEAI","a18bn000001a1nIAAQ","42055763908938496"
"a3fbn000000ftMeAAI","","a3jbn000000ldyA","a3Ybn0000004xCvEAI","a18bn000001a1LcAAI","42056248721965415"
"a3fbn000000ftp8AAA","","a3jbn000000le2V","a3Ybn0000004xHsEAI","a18bn000001a1AoAAI","42056373511560809"
"a3fbn000000ftPQAAY","","a5xbn000000Jool","a3Ybn0000004xCnEAI","a18bn000001a1QtAAI","42056522488304477"
"a3fbn000000ftIVAAY","","a5xbn000000JotX","a3Ybn0000004xIGEAY","a18bn000001a1VDAAY","42057168898166223"
"a3fbn000000ftRxAAI","","a5xbn000000JomC","a3Ybn0000004xCvEAI","a18bn000001a1q7AAA","42057681983327700"
"a3fbn000000fthBAAQ","","a3fbn000000fu4I","a3Ybn0000004xCrEAI","a18bn000001a18hAAA","42057922564875738"
"a3fbn000000ftF8AAI","","a4Wbn000000hSHQ","a3Ybn0000004xH5EAI","a18bn000001a1SRAAY","42058019611814643"
"a3fbn000000ftu9AAA","","a5xbn000000Jomg","a3Ybn0000004xDnEAI","a18bn000001a1EKAAY","42058748029841977"
"a3fbn000000ftjKAAQ","","a3fbn000000fu4f","a3Ybn0000004xCvEAI","a18bn000001a18VAAQ","42059090965655084"
"a3fbn000000fth3AAA","","a5xbn000000Jp1l","a3Ybn0000004xDbEAI","a18bn000001a1AJAAY","42059150585808577"
"a3fbn000000ftQIAAY","","a5xbn000000Joum","a3Ybn0000004xCvEAI","a18bn000001a1ruAAA","42059268539310927"
"a3fbn000000ft5ZAAQ","","a5xbn000000Jom0","a3Ybn0000004xCyEAI","a18bn000001a1R3AAI","42059416594364732"
"a3fbn000000ftxTAAQ","","a5xbn000000Jom3","a3Ybn0000004xCvEAI","a18bn000001a1GVAAY","42059470634299378"
"a3fbn000000ftEKAAY","","a5xbn000000JorR","a3Ybn0000004xCvEAI","a18bn000001a1SkAAI","42059497568724707"
"a3fbn000000ft8cAAA","","a5xbn000000JonU","a3Ybn0000004xEmEAI","a18bn000001a1cFAAQ","42059997020041749"
"a3fbn000000ftR7AAI","","a5xbn000000Jovj","a3Ybn0000004xJpEAI","a18bn000001a1rgAAA","42060039725650329"
"a3fbn000000ftdXAAQ","","a5xbn000000Jp1f","a3Ybn0000004xG1EAI","a18bn000001a11FAAQ","42060248660026489"
"a3fbn000000ftLzAAI","","a5xbn000000JouH","a3Ybn0000004xIaEAI","a18bn000001a1VQAAY","42060678846422701"
"a3fbn000000ftwjAAA","","a5xbn000000JouV","a3Ybn0000004xJfEAI","a18bn000001a1JVAAY","42061149836540251"
"a3fbn000000ftOAAAY","","a9Ibn000001OAiG","a3Ybn0000004xG2EAI","a18bn000001a1OeAAI","42061300638587848"
"a3fbn000000fthtAAA","","a5xbn000000Jp2k","a3Ybn0000004xHjEAI","a18bn000001a109AAA","42061361245324118"
"a3fbn000000ftv1AAA","","a5xbn000000Jp64","a3Ybn0000004xHGEAY","a18bn000001a1ByAAI","42061613496456199"
"a3fbn000000ftdLAAQ","","a3jbn000000le0I","a3Ybn0000004xDNEAY","a18bn000001a119AAA","42061807094199397"
"a3fbn000000ftWqAAI","","a5xbn000000Joyt","a3Ybn0000004xCvEAI","a18bn000001a1hkAAA","42062453939395534"
"a3fbn000000ft8VAAQ","","a5xbn000000JonK","a3Ybn0000004xEfEAI","a18bn000001a1c6AAA","42062584510463403"
"a3fbn000000fth1AAA","","a5xbn000000Jp1j","a3Ybn0000004xDdEAI","a18bn000001a1AKAAY","42062613702880271"
"a3fbn000000ftZbAAI","","a5xbn000000Jp0e","a3Ybn0000004xCvEAI","a18bn000001a1mBAAQ","42062850654302051"
"a3fbn000000ftMfAAI","","a3jbn000000ldyB","a3Ybn0000004xCvEAI","a18bn000001a1LdAAI","42062878916377581"
"a3fbn000000ftPrAAI","","a5xbn000000Jow2","a3Ybn0000004xHYEAY","a18bn000001a1nDAAQ","42063015918265076"
"a3fbn000000fthTAAQ","","a5xbn000000Jp2Z","a3Ybn0000004xISEAY","a18bn000001a12QAAQ","42063107644292787"
"a3fbn000000ftDoAAI","","a5xbn000000Joqz","a3Ybn0000004xCvEAI","a18bn000001a1USAAY","42063119167593743"
"a3fbn000000fttNAAQ","","a3fbn000000fu51","a3Ybn0000004xIkEAI","a18bn000001a1DVAAY","42063169112923856"
"a3fbn000000ftQhAAI","","a5xbn000000Jouf","a3Ybn0000004xH2EAI","a18bn000001a1quAAA","42063559830029262"
"a3fbn000000ftZoAAI","","a3fbn000000fu3V","a3Ybn0000004xHYEAY","a18bn000001a1l6AAA","42064625475718603"
"a3fbn000000ftmpAAA","","a5xbn000000Jp4h","a3Ybn0000004xHfEAI","a18bn000001a101AAA","42064817782909793"
"a3fbn000000ftRNAAY","","a5xbn000000JovG","a3Ybn0000004xCvEAI","a18bn000001a1oOAAQ","42064932570463599"
"a3fbn000000ftQ9AAI","","a5xbn000000JowJ","a3Ybn0000004xJiEAI","a18bn000001a1nZAAQ","42066132777969047"
"a3fbn000000ftSdAAI","","a5xbn000000Jomb","a3Ybn0000004xCvEAI","a18bn000001a1skAAA","42066277201275532"
"a3fbn000000fts9AAA","","a3fbn000000fu4z","a3Ybn0000004xHiEAI","a18bn000001a1HwAAI","42066644514532345"
"a3fbn000000ftXKAAY","","Returns and Allowances","a3Ybn0000004xJhEAI","a18bn000001a1ixAAA","42067531152872605"
"a3fbn000000fthJAAQ","","a3fbn000000fu4P","a3Ybn0000004xHIEAY","a18bn000001a191AAA","42067855255581211"
"a3fbn000000ftvHAAQ","","a5xbn000000Jp65","a3Ybn0000004xCvEAI","a18bn000001a1B1AAI","42069431547992831"
"a3fbn000000ft6rAAA","","a5xbn000000Jomm","a3Ybn0000004xCvEAI","a18bn000001a1OEAAY","42069650134095767"
"a3fbn000000ftmiAAA","","a5xbn000000Jp4d","a3Ybn0000004xIiEAI","a18bn000001a0zxAAA","42069904874938713"
"a3fbn000000ftPgAAI","","a5xbn000000Jovs","a3Ybn0000004xDcEAI","a18bn000001a1mwAAA","42070251162676724"
"a3fbn000000ftwFAAQ","","a5xbn000000Jp6B","a3Ybn0000004xFjEAI","a18bn000001a1L6AAI","42071382201182051"
"a3fbn000000fthNAAQ","","a5xbn000000Jp2X","a3Ybn0000004xCqEAI","a18bn000001a12NAAQ","42071523966339271"
"a3fbn000000ftD8AAI","","a5xbn000000JoqR","a3Ybn0000004xCvEAI","a18bn000001a1SyAAI","42071677747961361"
"a3fbn000000ftyKAAQ","","a5xbn000000Jooo","a3Ybn0000004xG0EAI","a18bn000001a1BLAAY","42071853239928551"
"a3fbn000000ftuXAAQ","","a5xbn000000Jp5x","a3Ybn0000004xCwEAI","a18bn000001a1BtAAI","42071861258722325"
"a3fbn000000ftC5AAI","","a5xbn000000JopU","a3Ybn0000004xGCEAY","a18bn000001a1gEAAQ","42072389984217583"
"a3fbn000000fta9AAA","","a3jbn000000ldzH","a3Ybn0000004xCvEAI","a18bn000001a1mWAAQ","42072968390320613"
"a3fbn000000ftvnAAA","","a5xbn000000Jp3i","a3Ybn0000004xI9EAI","a18bn000001a1C9AAI","42073280546018582"
"a3fbn000000ftx3AAA","","a9Ibn000001OBFg","a3Ybn0000004xGVEAY","a18bn000001a1EdAAI","42073417383277085"
"a3fbn000000ftB5AAI","","a3jbn000000ldvd","a3Ybn0000004xG6EAI","a18bn000001a1fKAAQ","42073506109741807"
"a3fbn000000ftxSAAQ","","a5xbn000000Jp6Y","a3Ybn0000004xCvEAI","a18bn000001a1GSAAY","42073894983752045"
"a3fbn000000ftfdAAA","","a5xbn000000Jp1y","a3Ybn0000004xI7EAI","a18bn000001a16qAAA","42073904446110488"
"a3fbn000000ft9VAAQ","","a3fbn000000fu0j","a3Ybn0000004xDeEAI","a18bn000001a1dkAAA","42074495679245852"
"a3fbn000000fty5AAA","","a3jbn000000le4H","a3Ybn0000004xG2EAI","a18bn000001a1B9AAI","42074693297474404"
"a3fbn000000ftQNAAY","","Book Depreciation and Depletion","a3Ybn0000004xK0EAI","a18bn000001a1ryAAA","42075200928709196"
"a3fbn000000ftJoAAI","","a3jbn000000ldwz","a3Ybn0000004xDHEAY","a18bn000001a1XZAAY","42075571137341121"
"a3fbn000000ftogAAA","","a5xbn000000JowS","a3Ybn0000004xHREAY","a18bn000001a124AAA","42075651977748564"
"a3fbn000000ftYLAAY","","a5xbn000000Jp07","a3Ybn0000004xHLEAY","a18bn000001a1lZAAQ","42075773835877947"
"a3fbn000000ftaGAAQ","","a3fbn000000fu3b","a3Ybn0000004xH0EAI","a18bn000001a1l7AAA","42076188242054869"
"a3fbn000000ftRyAAI","","a4Wbn000000hSHs","a3Ybn0000004xHSEAY","a18bn000001a1q8AAA","42076270865978957"
"a3fbn000000ftByAAI","","a5xbn000000JopQ","a3Ybn0000004xGLEAY","a18bn000001a1RvAAI","42076665964746474"
"a3fbn000000ftQ1AAI","","a3fbn000000fu36","a3Ybn0000004xFgEAI","a18bn000001a1nQAAQ","42077407311984678"
"a3fbn000000ft5sAAA","","a3fbn000000ftzJ","a3Ybn0000004xD9EAI","a18bn000001a1MxAAI","42077993786043393"
"a3fbn000000ftK7AAI","","a3jbn000000ldwk","a3Ybn0000004xDKEAY","a18bn000001a1XeAAI","42078051141345362"
"a3fbn000000fti2AAA","","a5xbn000000Jom0","a3Ybn0000004xCyEAI","a18bn000001a0zkAAA","42078187782766538"
"a3fbn000000ft71AAA","","a5xbn000000Jomw","a3Ybn0000004xCvEAI","a18bn000001a1MRAAY","42079053464449141"
"a3fbn000000ftClAAI","","a5xbn000000Joq6","a3Ybn0000004xCvEAI","a18bn000001a1S0AAI","42079673747193326"
"a3fbn000000ftURAAY","","a5xbn000000Jowq","a3Ybn0000004xG7EAI","a18bn000001a1tjAAA","42079742551044604"
"a3fbn000000ftWzAAI","","a5xbn000000Joz2","a3Ybn0000004xCvEAI","a18bn000001a1iMAAQ","42079771969364231"
"a3fbn000000ftx1AAA","","a9Ibn000001OBFf","a3Ybn0000004xG3EAI","a18bn000001a1EcAAI","42079907642955236"
"a3fbn000000ftXQAAY","","a5xbn000000JozP","a3Ybn0000004xCvEAI","a18bn000001a1jEAAQ","42080708102114051"
"a3fbn000000ftHAAAY","","a5xbn000000Josy","a3Ybn0000004xHsEAI","a18bn000001a1VuAAI","42081028804800590"
"a3fbn000000ftnWAAQ","","a3jbn000000le1Y","a3Ybn0000004xDFEAY","a18bn000001a0ykAAA","42081763889219944"
"a3fbn000000ft6CAAQ","","a3fbn000000ftzP","a3Ybn0000004xDMEAY","a18bn000001a1RBAAY","42082266460101483"
"a3fbn000000ftf1AAA","","a3fbn000000fu45","a3Ybn0000004xIvEAI","a18bn000001a15YAAQ","42083321152690147"
"a3fbn000000ftloAAA","","a5xbn000000JovZ","a3Ybn0000004xGtEAI","a18bn000001Zt0eAAC","42084079407137349"
"a3fbn000000ftLgAAI","","a3jbn000000ldxe","a3Ybn0000004xHSEAY","a18bn000001a1W3AAI","42084280244280044"
"a3fbn000000ftABAAY","","a5xbn000000JooL","a3Ybn0000004xFiEAI","a18bn000001a1ePAAQ","42084444398255123"
"a3fbn000000ftF1AAI","","a9Ibn000001OBEn","a3Ybn0000004xG2EAI","a18bn000001a1TEAAY","42085001204923457"
"a3fbn000000ftXwAAI","","a5xbn000000Jozs","a3Ybn0000004xCvEAI","a18bn000001a1hzAAA","42085204114660912"
"a3fbn000000ftpwAAA","","a5xbn000000Jp5Q","a3Ybn0000004xCvEAI","a18bn000001a1G7AAI","42085257453827418"
"a3fbn000000ftX0AAI","","a5xbn000000Joz1","a3Ybn0000004xCvEAI","a18bn000001a1iLAAQ","42085518357151511"
"a3fbn000000ftdJAAQ","","a5xbn000000Jp1Y","a3Ybn0000004xIrEAI","a18bn000001a118AAA","42085686095570199"
"a3fbn000000ftxtAAA","","a9Ibn000001OBFj","a3Ybn0000004xG2EAI","a18bn000001a1DqAAI","42085714684742143"
"a3fbn000000ftykAAA","","a3jbn000000le4Q","a3Ybn0000004xHtEAI","a18bn000001a1KcAAI","42086784480064720"
"a3fbn000000ftMJAAY","","a5xbn000000JouM","a3Ybn0000004xJ0EAI","a18bn000001a1aQAAQ","42087464309723591"
"a3fbn000000ftQXAAY","","a5xbn000000JovJ","a3Ybn0000004xCvEAI","a18bn000001a1oJAAQ","42088231223391634"
"a3fbn000000ftQ2AAI","","a5xbn000000JowC","a3Ybn0000004xJkEAI","a18bn000001a1nSAAQ","42088327011399891"
"a3fbn000000ftojAAA","","a5xbn000000JomF","a3Ybn0000004xCvEAI","a18bn000001a125AAA","42088436386497729"
"a3fbn000000ftRTAAY","","a5xbn000000Jolw","a3Ybn0000004xCqEAI","a18bn000001a1r0AAA","42088539619059461"
"a3fbn000000ftG9AAI","","a5xbn000000Josi","a3Ybn0000004xCnEAI","a18bn000001a1SFAAY","42088785190290150"
"a3fbn000000ft6sAAA","","a5xbn000000Jomn","a3Ybn0000004xDpEAI","a18bn000001a1OHAAY","42089058111602130"
"a3fbn000000ftJmAAI","","a3jbn000000ldwx","a3Ybn0000004xDKEAY","a18bn000001a1XXAAY","42089186699074457"
"a3fbn000000ftiPAAQ","","a5xbn000000JomY","a3Ybn0000004xDhEAI","a18bn000001a15EAAQ","42089793239948921"
"a3fbn000000ftKMAAY","","a5xbn000000Jotv","a3Ybn0000004xIXEAY","a18bn000001a1XjAAI","42089815371794563"
"a3fbn000000ftUcAAI","","a5xbn000000Jox1","a3Ybn0000004xK7EAI","a18bn000001a1tRAAQ","42089857228532292"
"a3fbn000000ftUYAAY","","a5xbn000000Joww","a3Ybn0000004xGCEAY","a18bn000001a1tLAAQ","42090329171017418"
"a3fbn000000ftMRAAY","","a3jbn000000ldxx","a3Ybn0000004xJ7EAI","a18bn000001a1aSAAQ","42090337395650799"
"a3fbn000000ftnqAAA","","a5xbn000000Jp2V","a3Ybn0000004xCpEAI","a18bn000001a12KAAQ","42090921342366058"
"a3fbn000000ftXUAAY","","a9Ibn000001OBFK","a3Ybn0000004xHuEAI","a18bn000001a1iyAAA","42090922677280438"
"a3fbn000000ftnEAAQ","","a5xbn000000Jp4n","a3Ybn0000004xCvEAI","a18bn000001a16jAAA","42091686381156766"
"a3fbn000000ftAnAAI","","a5xbn000000Joon","a3Ybn0000004xCvEAI","a18bn000001a1emAAA","42092099493518320"
"a3fbn000000ftsgAAA","","Returns and Allowances","a3Ybn0000004xJhEAI","a18bn000001a1JYAAY","42092642692361646"
"a3fbn000000ftaAAAQ","","a3jbn000000ldzI","a3Ybn0000004xDlEAI","a18bn000001a1mWAAQ","42092848385697735"
"a3fbn000000ftNSAAY","","a5xbn000000JouS","a3Ybn0000004xCvEAI","a18bn000001a1NSAAY","42092980075274403"
"a3fbn000000ftaVAAQ","","a5xbn000000Jp0s","a3Ybn0000004xHTEAY","a18bn000001a1kaAAA","42093603848256076"
"a3fbn000000ftGOAAY","","a3fbn000000fu17","a3Ybn0000004xFIEAY","a18bn000001a1UnAAI","42093989362605003"
"a3fbn000000ftZRAAY","","a5xbn000000Jp0a","a3Ybn0000004xFiEAI","a18bn000001a1jxAAA","42094910687906045"
"a3fbn000000ftAJAAY","","a5xbn000000JooS","a3Ybn0000004xFiEAI","a18bn000001a1eWAAQ","42094917074721620"
"a3fbn000000ftTcAAI","","a5xbn000000Jov0","a3Ybn0000004xCvEAI","a18bn000001a1qLAAQ","42095711296261399"
"a3fbn000000ftgEAAQ","","a5xbn000000Jp2J","a3Ybn0000004xCvEAI","a18bn000001Zt0pAAC","42096362164611254"
"a3fbn000000fte5AAA","","a5xbn000000Jp1j","a3Ybn0000004xDdEAI","a18bn000001a1ATAAY","42097534510906584"
"a3fbn000000ftcCAAQ","","a3jbn000000ldzt","a3Ybn0000004xFiEAI","a18bn000001a12gAAA","42097979831188702"
"a3fbn000000ftMGAAY","","a5xbn000000JouK","a3Ybn0000004xJ0EAI","a18bn000001a1aOAAQ","42098062516516131"
"a3fbn000000ftbZAAQ","","a5xbn000000Jp1G","a3Ybn0000004xFTEAY","a18bn000001a12RAAQ","42098345510460736"
"a3fbn000000ftz0AAA","","a5xbn000000Jp5a","a3Ybn0000004xJiEAI","a18bn000001a1B7AAI","42099305958457097"
"a3fbn000000ftZKAAY","","a3fbn000000fu1e","a3Ybn0000004xCyEAI","a18bn000001a1mKAAQ","42099407154521377"
"a3fbn000000ftYOAAY","","a5xbn000000Jp09","a3Ybn0000004xJvEAI","a18bn000001a1jwAAA","42100079613170698"
"a3fbn000000ftQxAAI","","a5xbn000000JovZ","a3Ybn0000004xGtEAI","a18bn000001a1rcAAA","42100093262338862"
"a3fbn000000ftvJAAQ","","a5xbn000000JovE","a3Ybn0000004xCvEAI","a18bn000001a1BBAAY","42100112805895780"
"a3fbn000000ftoOAAQ","","a5xbn000000Jp59","a3Ybn0000004xH9EAI","a18bn000001a0ypAAA","42100141055129971"
"a3fbn000000ftDMAAY","","a5xbn000000Joqe","a3Ybn0000004xGoEAI","a18bn000001a1TqAAI","42100233578259499"
"a3fbn000000ftSwAAI","","a5xbn000000Jomv","a3Ybn0000004xDwEAI","a18bn000001a1sYAAQ","42100484694914632"
"a3fbn000000ftRBAAY","","a5xbn000000Joue","a3Ybn0000004xFlEAI","a18bn000001a1qqAAA","42100602108446231"
"a3fbn000000ftGCAAY","","a5xbn000000Josk","a3Ybn0000004xCwEAI","a18bn000001a1SHAAY","42100954735659875"
"a3fbn000000ftsVAAQ","","a5xbn000000Jp1Q","a3Ybn0000004xKKEAY","a18bn000001a1KVAAY","42101167388366847"
"a3fbn000000fttFAAQ","","DaysinPeriodTemplate","a3Ybn0000004xDOEAY","a18bn000001a1HpAAI","42101393166408814"
"a3fbn000000ftOvAAI","","a5xbn000000JovG","a3Ybn0000004xCvEAI","a18bn000001a1MoAAI","42101886627536036"
"a3fbn000000ftBSAAY","","a5xbn000000Joov","a3Ybn0000004xGBEAY","a18bn000001a1gWAAQ","42101919022434868"
"a3fbn000000ftpgAAA","","a5xbn000000Jp5O","a3Ybn0000004xGhEAI","a18bn000001a1LMAAY","42102890621747533"
"a3fbn000000ftVdAAI","","a5xbn000000Joxw","a3Ybn0000004xCvEAI","a18bn000001a1htAAA","42102945764061542"
"a3fbn000000ftJHAAY","","a5xbn000000Jotm","a3Ybn0000004xHNEAY","a18bn000001a1X7AAI","42103036653089214"
"a3fbn000000ftwJAAQ","","a9Ibn000001OBFU","a3Ybn0000004xG2EAI","a18bn000001a1L8AAI","42103961663967902"
"a3fbn000000ftj7AAA","","a3fbn000000fu4b","a3Ybn0000004xHvEAI","a18bn000001ZszyAAC","42104353177194729"
"a3fbn000000ftRJAAY","","a5xbn000000JovB","a3Ybn0000004xCvEAI","a18bn000001a1pfAAA","42104415965026872"
"a3fbn000000ftS1AAI","","a5xbn000000JowT","a3Ybn0000004xHUEAY","a18bn000001a1q9AAA","42105028043162336"
"a3fbn000000ft72AAA","","a5xbn000000Jomx","a3Ybn0000004xCvEAI","a18bn000001a1MSAAY","42105592135074116"
"a3fbn000000ftB9AAI","","a3jbn000000ldvh","a3Ybn0000004xG7EAI","a18bn000001a1fOAAQ","42106544288926169"
"a3fbn000000ftQYAAY","","a5xbn000000JovL","a3Ybn0000004xCvEAI","a18bn000001a1oKAAQ","42106573655865497"
"a3fbn000000ft9xAAA","","a5xbn000000JooC","a3Ybn0000004xFfEAI","a18bn000001a1e9AAA","42106582584209253"
"a3fbn000000ftvTAAQ","","a5xbn000000Jp3e","a3Ybn0000004xH6EAI","a18bn000001a1C7AAI","42106642483973068"
"a3fbn000000ftQ5AAI","","a5xbn000000JowF","a3Ybn0000004xFiEAI","a18bn000001a1nVAAQ","42107376286616358"
"a3fbn000000ftQ0AAI","","a5xbn000000JowB","a3Ybn0000004xHsEAI","a18bn000001a1nPAAQ","42107633595317655"
"a3fbn000000ftJwAAI","","a3fbn000000fu1t","a3Ybn0000004xIZEAY","a18bn000001a1VSAAY","42107700266989128"
"a3fbn000000ftVhAAI","","a5xbn000000Joy1","a3Ybn0000004xCvEAI","a18bn000001a1i2AAA","42108057964205285"
"a3fbn000000ftSPAAY","","a9Ibn000001OBF1","a3Ybn0000004xHuEAI","a18bn000001a1qnAAA","42108578943324402"
"a3fbn000000ft6AAAQ","","a5xbn000000JomC","a3Ybn0000004xCvEAI","a18bn000001a1RAAAY","42108668891306531"
"a3fbn000000ftB7AAI","","a3jbn000000ldvf","a3Ybn0000004xG7EAI","a18bn000001a1fMAAQ","42109296895242026"
"a3fbn000000ftgiAAA","","a5xbn000000Jolt","a3Ybn0000004xCoEAI","a18bn000001a0zdAAA","42109315587967854"
"a3fbn000000ftWhAAI","","a9Ibn000001OBFG","a3Ybn0000004xK2EAI","a18bn000001a1jbAAA","42109399957393431"
"a3fbn000000ftqTAAQ","","priorperiodnetworth","a3Ybn0000004xDSEAY","a18bn000001a1JGAAY","42109840008843526"
"a3fbn000000ftDLAAY","","a5xbn000000Joqd","a3Ybn0000004xFPEAY","a18bn000001a1TqAAI","42109846009159025"
"a3fbn000000ftrsAAA","","a5xbn000000Jp5e","a3Ybn0000004xDjEAI","a18bn000001a1ESAAY","42110581092029491"
"a3fbn000000ftuAAAQ","","a3fbn000000fu5A","a3Ybn0000004xDFEAY","a18bn000001a1HaAAI","42110847788802895"
"a3fbn000000ftMhAAI","","a3jbn000000ldyD","a3Ybn0000004xJEEAY","a18bn000001a1LfAAI","42111169540068456"
"a3fbn000000ftYjAAI","","a5xbn000000Jp0N","a3Ybn0000004xFjEAI","a18bn000001a1kQAAQ","42111232658534930"
"a3fbn000000ftYfAAI","","a5xbn000000Jp0L","a3Ybn0000004xFjEAI","a18bn000001a1kOAAQ","42111371419254891"
"a3fbn000000ftbHAAQ","","a5xbn000000Jp17","a3Ybn0000004xCvEAI","a18bn000001a18cAAA","42111462144475191"
"a3fbn000000ftALAAY","","a5xbn000000JooU","a3Ybn0000004xFmEAI","a18bn000001a1amAAA","42111649014559325"
"a3fbn000000ftZDAAY","","a3fbn000000fu3M","a3Ybn0000004xHCEAY","a18bn000001a1mGAAQ","42112452723092095"
"a3fbn000000ftHDAAY","","a3jbn000000ldwC","a3Ybn0000004xHsEAI","a18bn000001a1VvAAI","42112606996538185"
"a3fbn000000ft6vAAA","","a5xbn000000Joms","a3Ybn0000004xDsEAI","a18bn000001a1OLAAY","42112639624205146"
"a3fbn000000ftBNAAY","","a3jbn000000ldvv","a3Ybn0000004xG9EAI","a18bn000001a1faAAA","42112885131356397"
"a3fbn000000ftiqAAA","","a5xbn000000Jolz","a3Ybn0000004xCwEAI","a18bn000001a0zjAAA","42113634111303778"
"a3fbn000000ftvjAAA","","a5xbn000000Jp2o","a3Ybn0000004xIpEAI","a18bn000001a1KQAAY","42114318681877448"
"a3fbn000000ftunAAA","","a5xbn000000Jp25","a3Ybn0000004xDoEAI","a18bn000001a1GoAAI","42114554722998464"
"a3fbn000000ft9NAAQ","","a5xbn000000Joo0","a3Ybn0000004xFTEAY","a18bn000001a1dfAAA","42114943153467175"
"a3fbn000000ftOqAAI","","a5xbn000000JovA","a3Ybn0000004xCvEAI","a18bn000001a1MhAAI","42115001882658287"
"a3fbn000000ftUFAAY","","a5xbn000000Jowe","a3Ybn0000004xK3EAI","a18bn000001a1tHAAQ","42115660954615201"
"a3fbn000000ftNmAAI","","a3fbn000000fu30","a3Ybn0000004xGVEAY","a18bn000001a1OPAAY","42115844214330678"
"a3fbn000000ftDHAAY","","a5xbn000000Joqa","a3Ybn0000004xGoEAI","a18bn000001a1ToAAI","42115853820295015"
"a3fbn000000ft8AAAQ","","a5xbn000000Jon2","a3Ybn0000004xCvEAI","a18bn000001a1blAAA","42116007808145758"
"a3fbn000000ftN3AAI","","a3jbn000000ldyL","a3Ybn0000004xJaEAI","a18bn000001a1MBAAY","42116152504104904"
"a3fbn000000ftnRAAQ","","a5xbn000000Jp4s","a3Ybn0000004xHeEAI","a18bn000001a0yiAAA","42117656467164042"
"a3fbn000000ftSTAAY","","a5xbn000000Jouc","a3Ybn0000004xCvEAI","a18bn000001a1qjAAA","42117808318937638"
"a3fbn000000ftAIAAY","","a5xbn000000JooR","a3Ybn0000004xFiEAI","a18bn000001a1eVAAQ","42117838029678215"
"a3fbn000000ftUkAAI","","a5xbn000000Jox8","a3Ybn0000004xK7EAI","a18bn000001a1tZAAQ","42118208735986183"
"a3fbn000000ftSqAAI","","a5xbn000000Jomn","a3Ybn0000004xDpEAI","a18bn000001a1sQAAQ","42118752694567954"
"a3fbn000000ftudAAA","","a5xbn000000Jp60","a3Ybn0000004xFXEAY","a18bn000001a1BwAAI","42118975179953309"
"a3fbn000000ftTeAAI","","a9Ibn000001OAiG","a3Ybn0000004xG2EAI","a18bn000001a1qCAAQ","42119409501482609"
"a3fbn000000ftAHAAY","","a5xbn000000JooQ","a3Ybn0000004xFiEAI","a18bn000001a1eUAAQ","42119409601143227"
"a3fbn000000ftTkAAI","","M1 2 Income incl in SchK","a3Ybn0000004xD1EAI","a18bn000001a1nqAAA","42119549932311643"
"a3fbn000000ftPZAAY","","a5xbn000000Jovn","a3Ybn0000004xJsEAI","a18bn000001a1hQAAQ","42119669301016917"
"a3fbn000000ft67AAA","","a3fbn000000ftzM","a3Ybn0000004xDKEAY","a18bn000001a1R8AAI","42119779878827969"
"a3fbn000000ftZkAAI","","a3fbn000000fu1v","a3Ybn0000004xFrEAI","a18bn000001a1kDAAQ","42120291606472715"
"a3fbn000000ft8HAAQ","","a5xbn000000Jon6","a3Ybn0000004xESEAY","a18bn000001a1btAAA","42120317207239390"
"a3fbn000000ftREAAY","","a9Ibn000001OBEv","a3Ybn0000004xHtEAI","a18bn000001a1qrAAA","42120429575651366"
"a3fbn000000ftjqAAA","","a5xbn000000Jp1G","a3Ybn0000004xFTEAY","a18bn000001a181AAA","42120485497988131"
"a3fbn000000ftpjAAA","","a5xbn000000Jp1d","a3Ybn0000004xHTEAY","a18bn000001a1G0AAI","42120507637484550"
"a3fbn000000ftHSAAY","","a3jbn000000ldwI","a3Ybn0000004xDFEAY","a18bn000001a1YGAAY","42120521637151916"
"a3fbn000000ftP3AAI","","a5xbn000000JovN","a3Ybn0000004xCvEAI","a18bn000001a1NtAAI","42120973956987563"
"a3fbn000000ftaZAAQ","","a5xbn000000Jp0u","a3Ybn0000004xCvEAI","a18bn000001a1krAAA","42122161180130160"
"a3fbn000000ftlAAAQ","","a5xbn000000Jp3y","a3Ybn0000004xIvEAI","a18bn000001a0zwAAA","42122550773581301"
"a3fbn000000ftFWAAY","","a5xbn000000JosF","a3Ybn0000004xHPEAY","a18bn000001a1TTAAY","42122690840652976"
"a3fbn000000ft8MAAQ","","a5xbn000000JonE","a3Ybn0000004xEWEAY","a18bn000001a1bzAAA","42122813634081860"
"a3fbn000000ftpZAAQ","","a5xbn000000Jom5","a3Ybn0000004xCvEAI","a18bn000001a1H3AAI","42122991845501813"
"a3fbn000000ftLHAAY","","a3jbn000000ldxT","a3Ybn0000004xGoEAI","a18bn000001a1VhAAI","42123251234126515"
"a3fbn000000ftDSAAY","","a5xbn000000Joqk","a3Ybn0000004xGoEAI","a18bn000001a1TtAAI","42123329764251954"
"a3fbn000000ftQsAAI","","a5xbn000000Joua","a3Ybn0000004xDyEAI","a18bn000001a1qlAAA","42124146249889415"
"a3fbn000000ftDVAAY","","a5xbn000000Joqn","a3Ybn0000004xGwEAI","a18bn000001a1TvAAI","42125089418158538"
"a3fbn000000ftbGAAQ","","a5xbn000000Joom","a3Ybn0000004xCvEAI","a18bn000001a18bAAA","42125361466831760"
"a3fbn000000ftcFAAQ","","a3jbn000000ldzi","a3Ybn0000004xG2EAI","a18bn000001a12iAAA","42125683934905249"
"a3fbn000000ftFQAAY","","a4Wbn000000hSHa","a3Ybn0000004xDKEAY","a18bn000001a1TMAAY","42126588189139888"
"a3fbn000000ftCRAAY","","a5xbn000000Jopp","a3Ybn0000004xCvEAI","a18bn000001a1TiAAI","42127262720920006"
"a3fbn000000ftQ4AAI","","a5xbn000000JowE","a3Ybn0000004xFiEAI","a18bn000001a1nUAAQ","42127481558372901"
"a3fbn000000ftEuAAI","","a4Wbn000000hSHO","a3Ybn0000004xDKEAY","a18bn000001a1TQAAY","42127953546401818"
"a3fbn000000ftPyAAI","","a5xbn000000Jow9","a3Ybn0000004xHdEAI","a18bn000001a1nLAAQ","42127997785060059"
"a3fbn000000ftUGAAY","","a5xbn000000Jowd","a3Ybn0000004xGBEAY","a18bn000001a1tGAAQ","42128348142458299"
"a3fbn000000fthLAAQ","","a5xbn000000Jp2W","a3Ybn0000004xCqEAI","a18bn000001a12MAAQ","42128560704017721"
"a3fbn000000ft6gAAA","","a5xbn000000Jomc","a3Ybn0000004xDjEAI","a18bn000001a1NKAAY","42129057512853485"
"a3fbn000000ftxdAAA","","a5xbn000000Jp2C","a3Ybn0000004xDtEAI","a18bn000001a1HeAAI","42129244116209716"
"a3fbn000000ft6UAAQ","","a5xbn000000JomT","a3Ybn0000004xDcEAI","a18bn000001a1MMAAY","42129274794506854"
"a3fbn000000ftTfAAI","","a5xbn000000Joul","a3Ybn0000004xCvEAI","a18bn000001a1qBAAQ","42129332979638335"
"a3fbn000000ftTWAAY","","a5xbn000000Jov4","a3Ybn0000004xCvEAI","a18bn000001a1rBAAQ","42129396631164092"
"a3fbn000000ft5UAAQ","","a6Qbn000000HYOh","a3Ybn0000004xCtEAI","a18bn000001a1R0AAI","42129713650005644"
"a3fbn000000ftMWAAY","","a3jbn000000ldy2","a3Ybn0000004xJAEAY","a18bn000001a1aVAAQ","42129732511339238"
"a3fbn000000ftJ9AAI","","a5xbn000000Jotj","a3Ybn0000004xIMEAY","a18bn000001a1X4AAI","42130328969159632"
"a3fbn000000ftHcAAI","","a5xbn000000Jot8","a3Ybn0000004xI0EAI","a18bn000001a1VKAAY","42130431652034325"
"a3fbn000000ftA0AAI","","a5xbn000000JooD","a3Ybn0000004xFgEAI","a18bn000001a1eBAAQ","42130450229799847"
"a3fbn000000ftPzAAI","","a5xbn000000JowA","a3Ybn0000004xDGEAY","a18bn000001a1nMAAQ","42131013748027909"
"a3fbn000000ftnxAAA","","a5xbn000000Jous","a3Ybn0000004xJmEAI","a18bn000001Zt0JAAS","42131522987307588"
"a3fbn000000ftIOAAY","","a3jbn000000ldwY","a3Ybn0000004xFiEAI","a18bn000001a1VzAAI","42132374037260965"
"a3fbn000000ftfrAAA","","a5xbn000000Jp2B","a3Ybn0000004xDsEAI","a18bn000001a163AAA","42132440554487915"
"a3fbn000000ftr9AAA","","a3jbn000000le30","a3Ybn0000004xCvEAI","a18bn000001a1I2AAI","42132728924776451"
"a3fbn000000ft92AAA","","Average Total Farm Equity","a3Ybn0000004xFCEAY","a18bn000001a1cgAAA","42132736108806728"
"a3fbn000000ftfxAAA","","a3fbn000000fu4E","a3Ybn0000004xGtEAI","a18bn000001a19QAAQ","42132806359685744"
"a3fbn000000ftIXAAY","","tangiblenetworthclass","a3Ybn0000004xDhEAI","a18bn000001a1VEAAY","42132998157376933"
"a3fbn000000ftQuAAI","","a5xbn000000JovW","a3Ybn0000004xGrEAI","a18bn000001a1raAAA","42133393430956909"
"a3fbn000000ftVrAAI","","a5xbn000000Joy9","a3Ybn0000004xDoEAI","a18bn000001a1iAAAQ","42133728776268188"
"a3fbn000000ftoBAAQ","","a5xbn000000Jovj","a3Ybn0000004xJpEAI","a18bn000001a0zYAAQ","42134057724463346"
"a3fbn000000ftIxAAI","","a5xbn000000JotI","a3Ybn0000004xDGEAY","a18bn000001a1YUAAY","42134180866886396"
"a3fbn000000ftdSAAQ","","a5xbn000000Jp1d","a3Ybn0000004xHTEAY","a18bn000001a11DAAQ","42134330564217285"
"a3fbn000000ftSoAAI","","a5xbn000000Joml","a3Ybn0000004xCvEAI","a18bn000001a1qVAAQ","42134615236896032"
"a3fbn000000ftLmAAI","","a3fbn000000fu2N","a3Ybn0000004xIiEAI","a18bn000001a1ZNAAY","42135036245452453"
"a3fbn000000ftMpAAI","","a3fbn000000fu2i","a3Ybn0000004xJMEAY","a18bn000001a1LtAAI","42136036158594604"
"a3fbn000000ftjLAAQ","","a5xbn000000Jp3E","a3Ybn0000004xJeEAI","a18bn000001a18AAAQ","42136622595681732"
"a3fbn000000ftX6AAI","","a5xbn000000Joz8","a3Ybn0000004xCvEAI","a18bn000001a1iDAAQ","42137035066893929"
"a3fbn000000ftKsAAI","","a5xbn000000Jots","a3Ybn0000004xCpEAI","a18bn000001a1XDAAY","42138090092038924"
"a3fbn000000ftwfAAA","","a5xbn000000Jouj","a3Ybn0000004xJlEAI","a18bn000001a1DoAAI","42138795537238174"
"a3fbn000000ftkqAAA","","a5xbn000000Jp3q","a3Ybn0000004xCvEAI","a18bn000001Zt0sAAC","42138990198644872"
"a3fbn000000ftKZAAY","","Non-Cash Interest Expense","a3Ybn0000004xIfEAI","a18bn000001a1VWAAY","42139267679250918"
"a3fbn000000ftBKAAY","","a3jbn000000ldvs","a3Ybn0000004xG9EAI","a18bn000001a1fbAAA","42139328442254128"
"a3fbn000000ftYuAAI","","a3jbn000000ldz0","a3Ybn0000004xHtEAI","a18bn000001a1kVAAQ","42139475197182335"
"a3fbn000000ftqHAAQ","","a3jbn000000le2q","a3Ybn0000004xGVEAY","a18bn000001a1GGAAY","42139723673216809"
"a3fbn000000ftMMAAY","","a3jbn000000ldxu","a3Ybn0000004xJ6EAI","a18bn000001a1aRAAQ","42139784999447645"
"a3fbn000000ftYHAAY","","a5xbn000000Jp02","a3Ybn0000004xDiEAI","a18bn000001a1k7AAA","42140135681780398"
"a3fbn000000ftNZAAY","","a9Ibn000001OBEp","a3Ybn0000004xHAEAY","a18bn000001a1NZAAY","42140270093196871"
"a3fbn000000ftaTAAQ","","a5xbn000000Jp0r","a3Ybn0000004xHVEAY","a18bn000001a1kZAAQ","42140311172436341"
"a3fbn000000ftMYAAY","","a3jbn000000ldy4","a3Ybn0000004xJBEAY","a18bn000001a1aWAAQ","42140400227732956"
"a3fbn000000ftOpAAI","","a5xbn000000JovB","a3Ybn0000004xCvEAI","a18bn000001a1MiAAI","42140497952503201"
"a3fbn000000ftcgAAA","","a3jbn000000le0A","a3Ybn0000004xDIEAY","a18bn000001a10xAAA","42140819902495966"
"a3fbn000000ftUsAAI","","a5xbn000000JoxG","a3Ybn0000004xGCEAY","a18bn000001a1swAAA","42141677215863182"
"a3fbn000000ftAsAAI","","a5xbn000000Joop","a3Ybn0000004xG1EAI","a18bn000001a1g7AAA","42141991826756351"
"a3fbn000000ftheAAA","","a5xbn000000Jp2d","a3Ybn0000004xCvEAI","a18bn000001a0z0AAA","42142059934028785"
"a3fbn000000ftDBAAY","","a5xbn000000JoqQ","a3Ybn0000004xGjEAI","a18bn000001a1TlAAI","42142071461872250"
"a3fbn000000ftxDAAQ","","a3fbn000000fu5F","a3Ybn0000004xCrEAI","a18bn000001a1DRAAY","42142701251102736"
"a3fbn000000ftiIAAQ","","a5xbn000000JomO","a3Ybn0000004xDXEAY","a18bn000001a1AbAAI","42143054380066079"
"a3fbn000000ftnXAAQ","","a5xbn000000Jp3k","a3Ybn0000004xDGEAY","a18bn000001a0ylAAA","42143533884565124"
"a3fbn000000ftoVAAQ","","a3jbn000000le2H","a3Ybn0000004xDHEAY","a18bn000001a0ysAAA","42143620149538898"
"a3fbn000000ftYbAAI","","a3fbn000000fu3G","a3Ybn0000004xFXEAY","a18bn000001a1mDAAQ","42143702314105275"
"a3fbn000000ftVFAAY","","a5xbn000000Joxc","a3Ybn0000004xKIEAY","a18bn000001a1uDAAQ","42143809423327448"
"a3fbn000000ftOlAAI","","a5xbn000000Jov6","a3Ybn0000004xCvEAI","a18bn000001a1PJAAY","42144561670222404"
"a3fbn000000ftyxAAA","","a3jbn000000le4W","a3Ybn0000004xG2EAI","a18bn000001a1KjAAI","42144570051451056"
"a3fbn000000ftFnAAI","","a5xbn000000JosN","a3Ybn0000004xCrEAI","a18bn000001a1U0AAI","42144627905771321"
"a3fbn000000ftmKAAQ","","a5xbn000000Joml","a3Ybn0000004xCvEAI","a18bn000001a19DAAQ","42146092323192077"
"a3fbn000000ftKTAAY","","a5xbn000000Jotw","a3Ybn0000004xIdEAI","a18bn000001a1XmAAI","42146348812466724"
"a3fbn000000ftnOAAQ","","a5xbn000000Jp4r","a3Ybn0000004xFiEAI","a18bn000001a10gAAA","42146373557491006"
"a3fbn000000ftGpAAI","","a3fbn000000fu1H","a3Ybn0000004xCsEAI","a18bn000001a1W8AAI","42146450368813374"
"a3fbn000000ftY3AAI","","a5xbn000000Jozw","a3Ybn0000004xGfEAI","a18bn000001a1kvAAA","42146818268424922"
"a3fbn000000ftjkAAA","","a5xbn000000Jp3R","a3Ybn0000004xH7EAI","a18bn000001Zt02AAC","42147281960461120"
"a3fbn000000ftMoAAI","","a3fbn000000fu2h","a3Ybn0000004xJLEAY","a18bn000001a1LsAAI","42147296322617348"
"a3fbn000000ftnAAAQ","","a5xbn000000Jomt","a3Ybn0000004xDtEAI","a18bn000001a16fAAA","42147437790975100"
"a3fbn000000ftG8AAI","","a5xbn000000Josh","a3Ybn0000004xCqEAI","a18bn000001a1SFAAY","42148440664164971"
"a3fbn000000ftUXAAY","","a5xbn000000Jowv","a3Ybn0000004xK6EAI","a18bn000001a1tKAAQ","42148449865972560"
"a3fbn000000ftydAAA","","a5xbn000000Jp1n","a3Ybn0000004xFvEAI","a18bn000001a1KZAAY","42148571359643902"
"a3fbn000000ftNaAAI","","a3fbn000000fu2v","a3Ybn0000004xHAEAY","a18bn000001a1NaAAI","42148861598720948"
"a3fbn000000fterAAA","","debtlesssubdebt","a3Ybn0000004xIHEAY","a18bn000001a1AWAAY","42149179827260683"
"a3fbn000000ftvFAAQ","","a5xbn000000JovC","a3Ybn0000004xCvEAI","a18bn000001a1B0AAI","42149638046234991"
"a3fbn000000ftAcAAI","","a5xbn000000Jooh","a3Ybn0000004xFwEAI","a18bn000001a1biAAA","42149733370182192"
"a3fbn000000ftEmAAI","","a5xbn000000Jorr","a3Ybn0000004xDDEAY","a18bn000001a1SNAAY","42149975401571499"
"a3fbn000000ftvXAAQ","","a5xbn000000JouT","a3Ybn0000004xJdEAI","a18bn000001a1JWAAY","42150292404655850"
"a3fbn000000ftwMAAQ","","a9Ibn000001OBEt","a3Ybn0000004xG2EAI","a18bn000001a1L9AAI","42150753128220860"
"a3fbn000000ftGeAAI","","a3jbn000000ldvx","a3Ybn0000004xGoEAI","a18bn000001a1VZAAY","42151170963753541"
"a3fbn000000ftm5AAA","","a5xbn000000JovK","a3Ybn0000004xCvEAI","a18bn000001a132AAA","42151295015347273"
"a3fbn000000ftKSAAY","","a3jbn000000ldxE","a3Ybn0000004xDNEAY","a18bn000001a1XmAAI","42151779857453648"
"a3fbn000000ftruAAA","","a5xbn000000Jp5g","a3Ybn0000004xDqEAI","a18bn000001a1F9AAI","42152452222415187"
"a3fbn000000ftgHAAQ","","a5xbn000000Jp2L","a3Ybn0000004xGXEAY","a18bn000001Zt0rAAC","42152618950230271"
"a3fbn000000ftL2AAI","","a5xbn000000Jou2","a3Ybn0000004xImEAI","a18bn000001a1XIAAY","42152913244329057"
"a3fbn000000ftUHAAY","","a5xbn000000Jowf","a3Ybn0000004xK4EAI","a18bn000001a1tIAAQ","42153149844616970"
"a3fbn000000ftMwAAI","","a3fbn000000fu2p","a3Ybn0000004xJTEAY","a18bn000001a1M2AAI","42153664064518714"
"a3fbn000000ftLZAAY","","a5xbn000000JouB","a3Ybn0000004xIrEAI","a18bn000001a1XoAAI","42153873236575637"
"a3fbn000000ftwVAAQ","","a5xbn000000Jouf","a3Ybn0000004xH2EAI","a18bn000001a1LEAAY","42154286988410052"
"a3fbn000000ftRRAAY","","a5xbn000000Jolu","a3Ybn0000004xCpEAI","a18bn000001a1rjAAA","42155433543103725"
"a3fbn000000fttJAAQ","","priorperiodtotalassets","a3Ybn0000004xDQEAY","a18bn000001a1HsAAI","42155623244194799"
"a3fbn000000ftWuAAI","","a5xbn000000Joyx","a3Ybn0000004xJnEAI","a18bn000001a1hpAAA","42155828208059139"
"a3fbn000000ftDNAAY","","a5xbn000000Joqf","a3Ybn0000004xGrEAI","a18bn000001a1TrAAI","42155890488129867"
"a3fbn000000ftqLAAQ","","a3jbn000000le2s","a3Ybn0000004xGVEAY","a18bn000001a1GIAAY","42155970632917655"
"a3fbn000000ftGmAAI","","a5xbn000000Joss","a3Ybn0000004xHnEAI","a18bn000001a1W6AAI","42156236592324687"
"a3fbn000000ftakAAA","","a5xbn000000Jp0z","a3Ybn0000004xKKEAY","a18bn000001a1k9AAA","42156292463122160"
"a3fbn000000ftTKAAY","","a5xbn000000Jon0","a3Ybn0000004xCvEAI","a18bn000001a1sbAAA","42156292884687280"
"a3fbn000000ftWpAAI","","a5xbn000000Joys","a3Ybn0000004xCvEAI","a18bn000001a1hjAAA","42156299967449924"
"a3fbn000000ftynAAA","","a5xbn000000Jp1p","a3Ybn0000004xHsEAI","a18bn000001a1KfAAI","42156932168702030"
"a3fbn000000ft94AAA","","Operator Draw","a3Ybn0000004xFEEAY","a18bn000001a1cxAAA","42157403791416063"
"a3fbn000000ftRVAAY","","a6Qbn000000HYOf","a3Ybn0000004xCrEAI","a18bn000001a1r1AAA","42157930577111019"
"a3fbn000000ftReAAI","","a5xbn000000JouU","a3Ybn0000004xJeEAI","a18bn000001a1qbAAA","42158945224613481"
"a3fbn000000ftIaAAI","","a5xbn000000JotZ","a3Ybn0000004xDgEAI","a18bn000001a1VHAAY","42159037915469420"
"a3fbn000000ftHBAAY","","a3jbn000000ldwA","a3Ybn0000004xHtEAI","a18bn000001a1VtAAI","42159279205545501"
"a3fbn000000ftFqAAI","","a5xbn000000JosP","a3Ybn0000004xCsEAI","a18bn000001a1U1AAI","42160088733748736"
"a3fbn000000ftDFAAY","","a5xbn000000JoqX","a3Ybn0000004xFIEAY","a18bn000001a1TnAAI","42160677613489068"
"a3fbn000000ft9yAAA","","a3fbn000000fu0v","a3Ybn0000004xFgEAI","a18bn000001a1eAAAQ","42161091388673940"
"a3fbn000000ft9iAAA","","a3fbn000000fu0m","a3Ybn0000004xDeEAI","a18bn000001a1dxAAA","42161462918071946"
"a3fbn000000ftTzAAI","","a3jbn000000ldyb","a3Ybn0000004xG5EAI","a18bn000001a1pkAAA","42161796111391661"
"a3fbn000000ftC3AAI","","a5xbn000000JopW","a3Ybn0000004xGCEAY","a18bn000001a1gCAAQ","42161809732906659"
"a3fbn000000ftK3AAI","","a3jbn000000ldx8","a3Ybn0000004xDIEAY","a18bn000001a1XcAAI","42162101879874427"
"a3fbn000000ftT9AAI","","a5xbn000000Joou","a3Ybn0000004xFiEAI","a18bn000001a1qCAAQ","42162248908339872"
"a3fbn000000ftUxAAI","","a5xbn000000JoxL","a3Ybn0000004xKFEAY","a18bn000001a1t1AAA","42162671197802825"
"a3fbn000000ftQgAAI","","a9Ibn000001OBEw","a3Ybn0000004xG2EAI","a18bn000001a1qtAAA","42163185812765812"
"a3fbn000000ftkzAAA","","a5xbn000000Jp3t","a3Ybn0000004xGaEAI","a18bn000001a0zqAAA","42163342747443651"
"a3fbn000000ftQRAAY","","a3fbn000000fu3A","a3Ybn0000004xEDEAY","a18bn000001a1ouAAA","42164076454748932"
"a3fbn000000ftglAAA","","a5xbn000000Jolv","a3Ybn0000004xCnEAI","a18bn000001a0zeAAA","42164226135940894"
"a3fbn000000ftz9AAA","","a3fbn000000fu5Y","a3Ybn0000004xH5EAI","a18bn000001a1FtAAI","42164702218144253"
"a3fbn000000ftrqAAA","","a5xbn000000Jp38","a3Ybn0000004xI2EAI","a18bn000001a1KvAAI","42165074458066207"
"a3fbn000000fts2AAA","","a3fbn000000fu46","a3Ybn0000004xGnEAI","a18bn000001a1E2AAI","42165736081782507"
"a3fbn000000ftycAAA","","TCFManualAdjustHDS","a3Ybn0000004xJmEAI","a18bn000001a1DdAAI","42165839425964357"
"a3fbn000000ftGAAAY","","a5xbn000000Josj","a3Ybn0000004xHcEAI","a18bn000001a1SGAAY","42166199833898493"
"a3fbn000000ftPcAAI","","Sch. C - Expenses","a3Ybn0000004xGCEAY","a18bn000001a1tMAAQ","42166532676771493"
"a3fbn000000ftEhAAI","","a5xbn000000Joro","a3Ybn0000004xCvEAI","a18bn000001a1UOAAY","42166863756256964"
"a3fbn000000ftjlAAA","","a3jbn000000le1F","a3Ybn0000004xDFEAY","a18bn000001Zt02AAC","42167686352437300"
"a3fbn000000ftbIAAQ","","a5xbn000000Jp18","a3Ybn0000004xCvEAI","a18bn000001a18dAAA","42167744347237681"
"a3fbn000000ftTxAAI","","a5xbn000000Jout","a3Ybn0000004xGjEAI","a18bn000001a1pvAAA","42167911239015327"
"a3fbn000000ftjJAAQ","","a3fbn000000fu4e","a3Ybn0000004xCvEAI","a18bn000001a18CAAQ","42168321691889175"
"a3fbn000000ftElAAI","","a4Wbn000000hSHK","a3Ybn0000004xH5EAI","a18bn000001a1SMAAY","42168547701501760"
"a3fbn000000ftcaAAA","","a3jbn000000le04","a3Ybn0000004xDIEAY","a18bn000001a10uAAA","42168922064973817"
"a3fbn000000ft60AAA","","a4Wbn000000hSHC","a3Ybn0000004xDFEAY","a18bn000001a1R4AAI","42168987923974846"
"a3fbn000000ftqFAAQ","","a5xbn000000Jp3q","a3Ybn0000004xCvEAI","a18bn000001a1GFAAY","42169198073809380"
"a3fbn000000ftKnAAI","","a3fbn000000fu2E","a3Ybn0000004xIkEAI","a18bn000001a1XAAAY","42169439543986033"
"a3fbn000000ftGoAAI","","a3fbn000000fu1G","a3Ybn0000004xCvEAI","a18bn000001a1W7AAI","42170245420810220"
"a3fbn000000ftTaAAI","","a5xbn000000Jov8","a3Ybn0000004xCvEAI","a18bn000001a1rGAAQ","42170335039464994"
"a3fbn000000ftl4AAA","","a5xbn000000Jp3w","a3Ybn0000004xCvEAI","a18bn000001a0ztAAA","42170852031501397"
"a3fbn000000ftIYAAY","","debtlesssubdebt","a3Ybn0000004xIHEAY","a18bn000001a1VFAAY","42170868676993406"
"a3fbn000000ftSZAAY","","a5xbn000000JomX","a3Ybn0000004xCvEAI","a18bn000001a1shAAA","42171375261064801"
"a3fbn000000ftOMAAY","","a6Qbn000000HYOx","a3Ybn0000004xDeEAI","a18bn000001a1NeAAI","42171420442277142"
"a3fbn000000ftVWAAY","","a5xbn000000Joxp","a3Ybn0000004xDcEAI","a18bn000001a1iiAAA","42171446471058659"
"a3fbn000000ftb7AAA","","a5xbn000000Jp12","a3Ybn0000004xHNEAY","a18bn000001a1AwAAI","42172044119091761"
"a3fbn000000ftIRAAY","","a3jbn000000ldwZ","a3Ybn0000004xG2EAI","a18bn000001a1W1AAI","42172217006619255"
"a3fbn000000ftfsAAA","","a5xbn000000Jp2C","a3Ybn0000004xDtEAI","a18bn000001a164AAA","42172563066510829"
"a3fbn000000ftQiAAI","","a9Ibn000001OBEu","a3Ybn0000004xG2EAI","a18bn000001a1quAAA","42172872168285654"
"a3fbn000000ft9gAAA","","a5xbn000000Joo7","a3Ybn0000004xFZEAY","a18bn000001a1dvAAA","42173522285531856"
"a3fbn000000ftwCAAQ","","a9Ibn000001OBEq","a3Ybn0000004xHuEAI","a18bn000001a1L3AAI","42173574857091398"
"a3fbn000000ftCGAAY","","a5xbn000000Jopi","a3Ybn0000004xG9EAI","a18bn000001a1goAAA","42173838698254176"
"a3fbn000000ftW0AAI","","a9Ibn000001OBF5","a3Ybn0000004xGVEAY","a18bn000001a1jjAAA","42173938647854874"
"a3fbn000000ftBaAAI","","a5xbn000000Jop2","a3Ybn0000004xG5EAI","a18bn000001a1ReAAI","42174429644151776"
"a3fbn000000ftEUAAY","","a5xbn000000Jorc","a3Ybn0000004xH3EAI","a18bn000001a1T1AAI","42174500800448560"
"a3fbn000000ftIoAAI","","a3fbn000000fu1f","a3Ybn0000004xDEEAY","a18bn000001a1Z8AAI","42174639870729561"
"a3fbn000000ftRaAAI","","a5xbn000000Jolz","a3Ybn0000004xCwEAI","a18bn000001a1r4AAA","42174758312272546"
"a3fbn000000ftoNAAQ","","a3jbn000000le2E","a3Ybn0000004xDHEAY","a18bn000001a0yoAAA","42175622407179931"
"a3fbn000000ftuvAAA","","a3jbn000000le3i","a3Ybn0000004xCnEAI","a18bn000001a1HBAAY","42175702137400610"
"a3fbn000000ftv5AAA","","a5xbn000000Jp62","a3Ybn0000004xCyEAI","a18bn000001a1C0AAI","42176256108113455"
"a3fbn000000ftLwAAI","","a3jbn000000ldxl","a3Ybn0000004xFiEAI","a18bn000001a1V9AAI","42176492498591540"
"a3fbn000000ftYhAAI","","a5xbn000000Jp0M","a3Ybn0000004xFlEAI","a18bn000001a1kPAAQ","42176566358402457"
"a3fbn000000ftwvAAA","","a5xbn000000Jp6M","a3Ybn0000004xFrEAI","a18bn000001a1EZAAY","42176671886645868"
"a3fbn000000ftgrAAA","","a5xbn000000Jp2O","a3Ybn0000004xHcEAI","a18bn000001a0ziAAA","42176680206183910"
"a3fbn000000ftQWAAY","","a5xbn000000JovK","a3Ybn0000004xCvEAI","a18bn000001a1oFAAQ","42177404167762297"
"a3fbn000000ftUdAAI","","a5xbn000000Jowy","a3Ybn0000004xK7EAI","a18bn000001a1tSAAQ","42177829761106692"
"a3fbn000000ftl7AAA","","a5xbn000000Jp3x","a3Ybn0000004xGjEAI","a18bn000001a0zvAAA","42178501809384177"
"a3fbn000000ftG5AAI","","a5xbn000000Jose","a3Ybn0000004xCnEAI","a18bn000001a1SDAAY","42179205689926684"
"a3fbn000000ftI1AAI","","a5xbn000000JotL","a3Ybn0000004xH3EAI","a18bn000001a1V0AAI","42179578193139605"
"a3fbn000000ftpaAAA","","a5xbn000000Jom1","a3Ybn0000004xCvEAI","a18bn000001a1H4AAI","42180170621723926"
"a3fbn000000ftAmAAI","","a5xbn000000Jom4","a3Ybn0000004xCvEAI","a18bn000001a1elAAA","42180307888781767"
"a3fbn000000ftUeAAI","","a5xbn000000Jox2","a3Ybn0000004xK7EAI","a18bn000001a1tTAAQ","42180566880367348"
"a3fbn000000ftCnAAI","","a9Ibn000001OAiL","a3Ybn0000004xGVEAY","a18bn000001a1RxAAI","42180601076885793"
"a3fbn000000ftlbAAA","","a5xbn000000Jp4B","a3Ybn0000004xHHEAY","a18bn000001a11vAAA","42180632714190616"
"a3fbn000000ftZeAAI","","a5xbn000000Jp0f","a3Ybn0000004xKMEAY","a18bn000001a1kAAAQ","42181886342972136"
"a3fbn000000ftLCAAY","","a5xbn000000Jou7","a3Ybn0000004xIqEAI","a18bn000001a1VfAAI","42182571563717952"
"a3fbn000000ftG4AAI","","a5xbn000000Josd","a3Ybn0000004xCpEAI","a18bn000001a1SDAAY","42182638796968291"
"a3fbn000000ftFaAAI","","a4Wbn000000hSHf","a3Ybn0000004xDHEAY","a18bn000001a1TTAAY","42182732776911942"
"a3fbn000000ftBoAAI","","a5xbn000000JopG","a3Ybn0000004xGFEAY","a18bn000001a1ggAAA","42183097874406521"
"a3fbn000000ftLMAAY","","a3jbn000000ldxW","a3Ybn0000004xGoEAI","a18bn000001a1VjAAI","42183483839769831"
"a3fbn000000ftGYAAY","","a3fbn000000fu1D","a3Ybn0000004xHhEAI","a18bn000001a1UsAAI","42183972899840087"
"a3fbn000000ftxWAAQ","","a5xbn000000Jomk","a3Ybn0000004xDoEAI","a18bn000001a1HYAAY","42184023797587006"
"a3fbn000000ftJpAAI","","a3jbn000000ldx0","a3Ybn0000004xDIEAY","a18bn000001a1XZAAY","42184048026620489"
"a3fbn000000ftSWAAY","","a5xbn000000JomR","a3Ybn0000004xDbEAI","a18bn000001a1sNAAQ","42184553508194020"
"a3fbn000000ftXDAAY","","a5xbn000000JozF","a3Ybn0000004xCvEAI","a18bn000001a1ieAAA","42184583300487079"
"a3fbn000000ftmFAAQ","","a5xbn000000JovR","a3Ybn0000004xCvEAI","a18bn000001a18XAAQ","42184642108688455"
"a3fbn000000ftY2AAI","","a5xbn000000Jozv","a3Ybn0000004xKNEAY","a18bn000001a1ktAAA","42184784262610752"
"a3fbn000000ft9pAAA","","a3fbn000000fu0q","a3Ybn0000004xDeEAI","a18bn000001a1e1AAA","42184968737799993"
"a3fbn000000ftS6AAI","","a5xbn000000JomF","a3Ybn0000004xCvEAI","a18bn000001a1s7AAA","42185337944532971"
"a3fbn000000ftyHAAQ","","a5xbn000000JomC","a3Ybn0000004xCvEAI","a18bn000001a1BJAAY","42185541647950092"
"a3fbn000000ftv9AAA","","a5xbn000000Jp3C","a3Ybn0000004xHdEAI","a18bn000001a1C2AAI","42185712995749053"
"a3fbn000000ftUgAAI","","a5xbn000000Jox4","a3Ybn0000004xK7EAI","a18bn000001a1tVAAQ","42185772973783540"
"a3fbn000000ftGHAAY","","a4Wbn000000hSHq","a3Ybn0000004xDFEAY","a18bn000001a1SJAAY","42185971256462752"
"a3fbn000000ftFNAAY","","a4Wbn000000hSHY","a3Ybn0000004xDKEAY","a18bn000001a1TLAAY","42186457154241926"
"a3fbn000000ftumAAA","","a5xbn000000Jp5h","a3Ybn0000004xKQEAY","a18bn000001a1GnAAI","42186699208163187"
"a3fbn000000ftEtAAI","","a5xbn000000Jorv","a3Ybn0000004xFZEAY","a18bn000001a1TQAAY","42187449211630175"
"a3fbn000000ftcsAAA","","a3fbn000000fu3q","a3Ybn0000004xGVEAY","a18bn000001a12rAAA","42187639950427119"
"a3fbn000000ftBPAAY","","a5xbn000000Jooq","a3Ybn0000004xGAEAY","a18bn000001a1gTAAQ","42187779100576411"
"a3fbn000000ftN5AAI","","a3jbn000000ldyM","a3Ybn0000004xCvEAI","a18bn000001a1MDAAY","42187815323977672"
"a3fbn000000ftwpAAA","","a5xbn000000Jp6K","a3Ybn0000004xKKEAY","a18bn000001a1EXAAY","42188240534725634"
"a3fbn000000ftMsAAI","","a3fbn000000fu2l","a3Ybn0000004xJPEAY","a18bn000001a1LwAAI","42188372016519802"
"a3fbn000000ftXhAAI","","a5xbn000000Jozd","a3Ybn0000004xDSEAY","a18bn000001a1iXAAQ","42188529817541443"
"a3fbn000000ftjpAAA","","a3jbn000000le19","a3Ybn0000004xCnEAI","a18bn000001a181AAA","42188864441517031"
"a3fbn000000ftqXAAQ","","a5xbn000000Jp2P","a3Ybn0000004xDYEAY","a18bn000001a1JJAAY","42190371900618726"
"a3fbn000000ftn8AAA","","a5xbn000000Jomn","a3Ybn0000004xDpEAI","a18bn000001a16gAAA","42190794580494633"
"a3fbn000000ftlwAAA","","a5xbn000000Jp4N","a3Ybn0000004xGoEAI","a18bn000001a0zNAAQ","42191881343077847"
"a3fbn000000ftldAAA","","a5xbn000000JovT","a3Ybn0000004xFIEAY","a18bn000001Zt0ZAAS","42192358127555319"
"a3fbn000000ftwTAAQ","","a5xbn000000Jouh","a3Ybn0000004xFiEAI","a18bn000001a1LDAAY","42192721370570121"
"a3fbn000000ftz8AAA","","a3fbn000000fu5X","a3Ybn0000004xHcEAI","a18bn000001a1FsAAI","42193248962002075"
"a3fbn000000ftGqAAI","","a3fbn000000fu1I","a3Ybn0000004xCrEAI","a18bn000001a1W8AAI","42193618783218650"
"a3fbn000000ftQjAAI","","a5xbn000000JowQ","a3Ybn0000004xHBEAY","a18bn000001a1rkAAA","42194251676241282"
"a3fbn000000ftlDAAQ","","a9Ibn000001OBF0","a3Ybn0000004xG2EAI","a18bn000001a15MAAQ","42194881916289918"
"a3fbn000000ftaeAAA","","a5xbn000000Jp0v","a3Ybn0000004xFiEAI","a18bn000001a1jyAAA","42195512496669375"
"a3fbn000000ftIgAAI","","a5xbn000000Jotc","a3Ybn0000004xHaEAI","a18bn000001a1XNAAY","42196035689377241"
"a3fbn000000ftRXAAY","","a6Qbn000000HYOh","a3Ybn0000004xCtEAI","a18bn000001a1r2AAA","42196120776458683"
"a3fbn000000ftDcAAI","","a5xbn000000JoqW","a3Ybn0000004xGmEAI","a18bn000001a1TyAAI","42196311765410780"
"a3fbn000000ftnsAAA","","a5xbn000000Jp50","a3Ybn0000004xCqEAI","a18bn000001a12LAAQ","42197021182114016"
"a3fbn000000ftwPAAQ","","a5xbn000000JowP","a3Ybn0000004xJxEAI","a18bn000001a1LBAAY","42197097235523392"
"a3fbn000000ftiVAAQ","","a3fbn000000fu4Q","a3Ybn0000004xCxEAI","a18bn000001a19GAAQ","42197129389089534"
"a3fbn000000ftTDAAY","","a5xbn000000Jous","a3Ybn0000004xJmEAI","a18bn000001a1s1AAA","42197477160438063"
"a3fbn000000ftymAAA","","a5xbn000000Jp1p","a3Ybn0000004xHsEAI","a18bn000001a1KdAAI","42197502172871134"
"a3fbn000000ftSrAAI","","a5xbn000000Jomo","a3Ybn0000004xCvEAI","a18bn000001a1sSAAQ","42198034309751414"
"a3fbn000000ftqVAAQ","","priorperiodnetprofit","a3Ybn0000004xDVEAY","a18bn000001a1JIAAY","42198308630924043"
"a3fbn000000ftIMAAY","","a3jbn000000ldwW","a3Ybn0000004xG2EAI","a18bn000001a1VyAAI","42198321057212494"
"a3fbn000000ftnHAAQ","","a5xbn000000Jp4o","a3Ybn0000004xJxEAI","a18bn000001a10dAAA","42198324366408751"
"a3fbn000000ftH2AAI","","ProformaDSmanualadjust","a3Ybn0000004xHqEAI","a18bn000001a1YqAAI","42198922812686932"
"a3fbn000000ftDWAAY","","a5xbn000000Joqo","a3Ybn0000004xGoEAI","a18bn000001a1TvAAI","42199190355387697"
"a3fbn000000ftYeAAI","","a5xbn000000Jp0K","a3Ybn0000004xCvEAI","a18bn000001a1kNAAQ","42200792527279213"
"a3fbn000000ftfvAAA","","a5xbn000000Jp2F","a3Ybn0000004xGfEAI","a18bn000001a16vAAA","42202263635888842"
"a3fbn000000ftomAAA","","a5xbn000000JomG","a3Ybn0000004xDREAY","a18bn000001a13ZAAQ","42202330494701377"
"a3fbn000000fts5AAA","","a3fbn000000fu4D","a3Ybn0000004xGsEAI","a18bn000001a1HuAAI","42202603773899913"
"a3fbn000000ftioAAA","","a5xbn000000Jp35","a3Ybn0000004xHCEAY","a18bn000001a11sAAA","42203016972296816"
"a3fbn000000ftS2AAI","","a5xbn000000JowU","a3Ybn0000004xHVEAY","a18bn000001a1s5AAA","42203120625128785"
"a3fbn000000ftWbAAI","","a9Ibn000001OBFC","a3Ybn0000004xG2EAI","a18bn000001a1jYAAQ","42203499901524083"
"a3fbn000000ftX8AAI","","a5xbn000000JozA","a3Ybn0000004xCvEAI","a18bn000001a1iGAAQ","42204126086281700"
"a3fbn000000ftvBAAQ","","a5xbn000000Jp3R","a3Ybn0000004xH7EAI","a18bn000001a1C3AAI","42204274573391817"
"a3fbn000000ftwIAAQ","","a9Ibn000001OBEs","a3Ybn0000004xJjEAI","a18bn000001a1L7AAI","42204524147298716"
"a3fbn000000ftXBAAY","","a5xbn000000JozD","a3Ybn0000004xCvEAI","a18bn000001a1j4AAA","42205316430173170"
"a3fbn000000ftTnAAI","","M1 3a Depreciation","a3Ybn0000004xD2EAI","a18bn000001a1nkAAA","42205519017933842"
"a3fbn000000ftMlAAI","","a3fbn000000fu2e","a3Ybn0000004xJIEAY","a18bn000001a1LnAAI","42205582974948741"
"a3fbn000000ftOCAAY","","a5xbn000000Joul","a3Ybn0000004xCvEAI","a18bn000001a1MYAAY","42206512590845359"
"a3fbn000000ftU3AAI","","a3jbn000000ldyf","a3Ybn0000004xG6EAI","a18bn000001a1ppAAA","42206689847580015"
"a3fbn000000fteJAAQ","","a5xbn000000JouO","a3Ybn0000004xCvEAI","a18bn000001a1ACAAY","42207883308200488"
"a3fbn000000ftfzAAA","","a3fbn000000fu4E","a3Ybn0000004xGtEAI","a18bn000001a19RAAQ","42208741389288177"
"a3fbn000000ftAlAAI","","a5xbn000000Joom","a3Ybn0000004xCvEAI","a18bn000001a1ekAAA","42208895871273833"
"a3fbn000000ftEkAAI","","a5xbn000000Jorq","a3Ybn0000004xFXEAY","a18bn000001a1SMAAY","42209002128915531"
"a3fbn000000ftoyAAA","","a5xbn000000Jp5I","a3Ybn0000004xIPEAY","a18bn000001a10rAAA","42209334583718268"
"a3fbn000000ftEHAAY","","a5xbn000000JorO","a3Ybn0000004xCvEAI","a18bn000001a1ShAAI","42209894354339943"
"a3fbn000000ftmIAAQ","","a5xbn000000Jomh","a3Ybn0000004xCvEAI","a18bn000001a19CAAQ","42210022978487045"
"a3fbn000000ftIbAAI","","a3jbn000000ldwa","a3Ybn0000004xCnEAI","a18bn000001a1XKAAY","42210033966757400"
"a3fbn000000ftXPAAY","","a5xbn000000JozQ","a3Ybn0000004xCvEAI","a18bn000001a1iVAAQ","42210050580614028"
"a3fbn000000ftd4AAA","","a5xbn000000Jp1U","a3Ybn0000004xGYEAY","a18bn000001a18TAAQ","42210136694006435"
"a3fbn000000ftq8AAA","","a3fbn000000fu4p","a3Ybn0000004xGVEAY","a18bn000001a1BeAAI","42210245686746932"
"a3fbn000000ftH9AAI","","a5xbn000000Josx","a3Ybn0000004xHrEAI","a18bn000001a1VtAAI","42210340757573894"
"a3fbn000000ftRUAAY","","a5xbn000000Jolx","a3Ybn0000004xCnEAI","a18bn000001a1r0AAA","42210623794599991"
"a3fbn000000ft5wAAA","","a6Qbn000000HYOl","a3Ybn0000004xDBEAY","a18bn000001a1PHAAY","42210878623461840"
"a3fbn000000ftSeAAI","","a5xbn000000Jomc","a3Ybn0000004xDjEAI","a18bn000001a1smAAA","42210892410013323"
"a3fbn000000ftDyAAI","","a9Ibn000001OBEj","a3Ybn0000004xG2EAI","a18bn000001a1UdAAI","42210989538590980"
"a3fbn000000ftYmAAI","","a3jbn000000ldyw","a3Ybn0000004xJjEAI","a18bn000001a1kRAAQ","42211036197956609"
"a3fbn000000ftlOAAQ","","a5xbn000000Jour","a3Ybn0000004xGkEAI","a18bn000001Zt0XAAS","42212084399339733"
"a3fbn000000fttPAAQ","","a3fbn000000fu53","a3Ybn0000004xIlEAI","a18bn000001a1DWAAY","42212226008159029"
"a3fbn000000ftXYAAY","","a5xbn000000JozW","a3Ybn0000004xFiEAI","a18bn000001a1jLAAQ","42212879581140783"
"a3fbn000000ftB3AAI","","a3jbn000000ldvb","a3Ybn0000004xG5EAI","a18bn000001a1fIAAQ","42213333784600274"
"a3fbn000000ftAMAAY","","a5xbn000000JooV","a3Ybn0000004xFnEAI","a18bn000001a1anAAA","42213640853560209"
"a3fbn000000ftjAAAQ","","a3fbn000000fu4b","a3Ybn0000004xHvEAI","a18bn000001ZszzAAC","42213670469374167"
"a3fbn000000ftvvAAA","","a5xbn000000Jp3j","a3Ybn0000004xHLEAY","a18bn000001a1CDAAY","42213702848884156"
"a3fbn000000fttmAAA","","a3fbn000000fu4T","a3Ybn0000004xCxEAI","a18bn000001a1HEAAY","42213843246664435"
"a3fbn000000ft5fAAA","","a5xbn000000Jom2","a3Ybn0000004xCvEAI","a18bn000001a1O3AAI","42214066907402369"
"a3fbn000000ftNYAAY","","a5xbn000000JouZ","a3Ybn0000004xFvEAI","a18bn000001a1NZAAY","42214121805603398"
"a3fbn000000ftC0AAI","","a5xbn000000JopS","a3Ybn0000004xGCEAY","a18bn000001a1gAAAQ","42214437446311556"
"a3fbn000000ftMSAAY","","a3jbn000000ldxy","a3Ybn0000004xJ0EAI","a18bn000001a1aTAAQ","42214503601328098"
"a3fbn000000ftJWAAY","","a3jbn000000ldwm","a3Ybn0000004xCnEAI","a18bn000001a1XOAAY","42214504142891090"
"a3fbn000000ftMKAAY","","a3jbn000000ldxt","a3Ybn0000004xJ5EAI","a18bn000001a1aQAAQ","42214528528291174"
"a3fbn000000ftAfAAI","","a6Qbn000000HYOm","a3Ybn0000004xCvEAI","a18bn000001a1fhAAA","42214885128276611"
"a3fbn000000ftyPAAQ","","a5xbn000000Joop","a3Ybn0000004xG1EAI","a18bn000001a1BNAAY","42214945913435310"
"a3fbn000000ftYwAAI","","DaysinPeriodTemplate","a3Ybn0000004xDOEAY","a18bn000001a1kkAAA","42215160293927503"
"a3fbn000000ftPHAAY","","a5xbn000000Jova","a3Ybn0000004xHfEAI","a18bn000001a1QpAAI","42215162712075229"
"a3fbn000000ftFwAAI","","a5xbn000000JosV","a3Ybn0000004xHYEAY","a18bn000001a1S9AAI","42215476537111566"
"a3fbn000000ftTEAAY","","a5xbn000000JowW","a3Ybn0000004xCvEAI","a18bn000001a1s3AAA","42215493141413101"
"a3fbn000000ftkTAAQ","","a5xbn000000Jp3m","a3Ybn0000004xIKEAY","a18bn000001a13eAAA","42215681627098745"
"a3fbn000000ftQKAAY","","a5xbn000000Joun","a3Ybn0000004xCvEAI","a18bn000001a1rvAAA","42215723439476104"
"a3fbn000000ftvkAAA","","a3jbn000000le43","a3Ybn0000004xGoEAI","a18bn000001a1KQAAY","42215764623494306"
"a3fbn000000ftmnAAA","","a5xbn000000Jp4g","a3Ybn0000004xGwEAI","a18bn000001a100AAA","42216247787379119"
"a3fbn000000ftXtAAI","","a5xbn000000Jozp","a3Ybn0000004xJpEAI","a18bn000001a1hwAAA","42217042121501893"
"a3fbn000000ftJJAAY","","a5xbn000000Jotp","a3Ybn0000004xCqEAI","a18bn000001a1XPAAY","42217168344384048"
"a3fbn000000ftxvAAA","","a5xbn000000Jp6c","a3Ybn0000004xH2EAI","a18bn000001a1DrAAI","42217615411891124"
"a3fbn000000ft8vAAA","","a5xbn000000Jonl","a3Ybn0000004xF5EAI","a18bn000001a1cWAAQ","42218223193251130"
"a3fbn000000ftiaAAA","","a3fbn000000fu4U","a3Ybn0000004xHGEAY","a18bn000001a19IAAQ","42219080349977040"
"a3fbn000000ftGXAAY","","a3fbn000000fu1B","a3Ybn0000004xGtEAI","a18bn000001a1UrAAI","42219159075148119"
"a3fbn000000ftCYAAY","","a9Ibn000001OAiH","a3Ybn0000004xGVEAY","a18bn000001a1UgAAI","42219240984995347"
"a3fbn000000ftw5AAA","","a5xbn000000Jp69","a3Ybn0000004xGlEAI","a18bn000001a1B3AAI","42219322081882918"
"a3fbn000000ftlmAAA","","a5xbn000000JovX","a3Ybn0000004xGoEAI","a18bn000001Zt0dAAC","42219585898370115"
"a3fbn000000ftVHAAY","","a5xbn000000Joxf","a3Ybn0000004xGSEAY","a18bn000001a1tgAAA","42220474734498500"
"a3fbn000000ftuNAAQ","","a3fbn000000fu4V","a3Ybn0000004xCyEAI","a18bn000001a1HbAAI","42220714979151259"
"a3fbn000000ftLnAAI","","a3fbn000000fu2O","a3Ybn0000004xIvEAI","a18bn000001a1ZNAAY","42221140066799290"
"a3fbn000000ftKVAAY","","a3jbn000000ldxG","a3Ybn0000004xIeEAI","a18bn000001a1XnAAI","42221314675011302"
"a3fbn000000ftHpAAI","","a5xbn000000JotH","a3Ybn0000004xH8EAI","a18bn000001a1YMAAY","42221348757902198"
"a3fbn000000ftltAAA","","a5xbn000000Jp4K","a3Ybn0000004xGxEAI","a18bn000001a0zOAAQ","42221358031512210"
"a3fbn000000ftabAAA","","a3fbn000000fu3j","a3Ybn0000004xCvEAI","a18bn000001a1ksAAA","42221678830615008"
"a3fbn000000ftTLAAY","","a5xbn000000Jomw","a3Ybn0000004xCvEAI","a18bn000001a1scAAA","42221713871309166"
"a3fbn000000ftCtAAI","","a5xbn000000JoqB","a3Ybn0000004xCvEAI","a18bn000001a1S4AAI","42221955210396001"
"a3fbn000000ft5iAAA","","M1 Net Income per book","a3Ybn0000004xD0EAI","a18bn000001a1O7AAI","42223746385152214"
"a3fbn000000ftOIAAY","","a6Qbn000000HYOo","a3Ybn0000004xG3EAI","a18bn000001a1MbAAI","42223901576021840"
"a3fbn000000ftR6AAI","","a5xbn000000Jovi","a3Ybn0000004xJoEAI","a18bn000001a1rgAAA","42224264671100113"
"a3fbn000000ftQUAAY","","a5xbn000000JovI","a3Ybn0000004xCvEAI","a18bn000001a1oGAAQ","42224348427862670"
"a3fbn000000ft5eAAA","","a5xbn000000Jom6","a3Ybn0000004xCvEAI","a18bn000001a1O4AAI","42224433126392115"
"a3fbn000000ftPLAAY","","a5xbn000000Jove","a3Ybn0000004xCtEAI","a18bn000001a1QrAAI","42224566381306965"
"a3fbn000000ftXVAAY","","a5xbn000000JozU","a3Ybn0000004xHrEAI","a18bn000001a1izAAA","42225060081500687"
"a3fbn000000ft9TAAQ","","PFS - Total Long Term Assets","a3Ybn0000004xFWEAY","a18bn000001a1diAAA","42225459536081549"
"a3fbn000000ftSvAAI","","a5xbn000000Jomu","a3Ybn0000004xDuEAI","a18bn000001a1sVAAQ","42225751666858540"
"a3fbn000000ftaCAAQ","","a3fbn000000fu3Y","a3Ybn0000004xDnEAI","a18bn000001a1mXAAQ","42226381515322894"
"a3fbn000000ftDsAAI","","a5xbn000000Jor3","a3Ybn0000004xCvEAI","a18bn000001a1UZAAY","42226580247595993"
"a3fbn000000ftDZAAY","","a5xbn000000JoqU","a3Ybn0000004xGkEAI","a18bn000001a1TxAAI","42226900306798637"
"a3fbn000000ftIlAAI","","a3fbn000000fu1c","a3Ybn0000004xDFEAY","a18bn000001a1Z7AAI","42227153481826391"
"a3fbn000000ftHrAAI","","a5xbn000000JotI","a3Ybn0000004xDGEAY","a18bn000001a1YOAAY","42227872415473211"
"a3fbn000000ftFZAAY","","a5xbn000000JosG","a3Ybn0000004xDIEAY","a18bn000001a1TSAAY","42227892297735425"
"a3fbn000000ftQlAAI","","a5xbn000000Jour","a3Ybn0000004xGkEAI","a18bn000001a1pvAAA","42228276095301094"
"a3fbn000000ftl2AAA","","a5xbn000000Jp3v","a3Ybn0000004xIhEAI","a18bn000001a0zsAAA","4222900474602414"
"a3fbn000000fttTAAQ","","a3fbn000000fu57","a3Ybn0000004xCuEAI","a18bn000001a1GpAAI","42229399978307361"
"a3fbn000000ftg8AAA","","a5xbn000000Jp2I","a3Ybn0000004xFrEAI","a18bn000001Zt0mAAC","42229691633672948"
"a3fbn000000ftIyAAI","","a3jbn000000ldwR","a3Ybn0000004xDFEAY","a18bn000001a1YSAAY","42229710544185624"
"a3fbn000000ftCzAAI","","a5xbn000000JoqH","a3Ybn0000004xGgEAI","a18bn000001a1U9AAI","42230247650570291"
"a3fbn000000ftjCAAQ","","a5xbn000000Jp3B","a3Ybn0000004xHwEAI","a18bn000001Zt00AAC","42230306456513221"
"a3fbn000000ftLNAAY","","a3jbn000000ldxX","a3Ybn0000004xGoEAI","a18bn000001a1VkAAI","42231019907452814"
"a3fbn000000ftIvAAI","","a5xbn000000Jotf","a3Ybn0000004xFiEAI","a18bn000001a1V6AAI","42231543837423828"
"a3fbn000000ftToAAI","","a6Qbn000000HYOj","a3Ybn0000004xCzEAI","a18bn000001a1nlAAA","42231720012398738"
"a3fbn000000ftT6AAI","","a5xbn000000Jouj","a3Ybn0000004xJlEAI","a18bn000001a1roAAA","42231741769407896"
"a3fbn000000ftDeAAI","","a5xbn000000Joqs","a3Ybn0000004xGzEAI","a18bn000001a1TzAAI","42231927386332700"
"a3fbn000000ftqzAAA","","a5xbn000000Jp5Z","a3Ybn0000004xJnEAI","a18bn000001a1KtAAI","42232320677338765"
"a3fbn000000ftCdAAI","","a5xbn000000Joq0","a3Ybn0000004xCvEAI","a18bn000001a1S6AAI","42232825983789648"
"a3fbn000000ftWMAAY","","a9Ibn000001OBF8","a3Ybn0000004xG2EAI","a18bn000001a1jMAAQ","42232927421276179"
"a3fbn000000ftNgAAI","","a9Ibn000001OBEr","a3Ybn0000004xGVEAY","a18bn000001a1OQAAY","42233136803098716"
"a3fbn000000fttHAAQ","","chgnetfixedassetstemplate","a3Ybn0000004xJsEAI","a18bn000001a1HqAAI","42233701382455053"
"a3fbn000000ftPnAAI","","a5xbn000000Jovy","a3Ybn0000004xGrEAI","a18bn000001a1nAAAQ","42233756565951376"
"a3fbn000000ftYUAAY","","a5xbn000000Jp0F","a3Ybn0000004xJgEAI","a18bn000001a1m9AAA","42234303648110973"
"a3fbn000000ftosAAA","","a5xbn000000Jp14","a3Ybn0000004xDJEAY","a18bn000001a0ywAAA","42234907772059829"
"a3fbn000000ftQnAAI","","a5xbn000000Jouu","a3Ybn0000004xGlEAI","a18bn000001a1pwAAA","42235370231482363"
"a3fbn000000ftBiAAI","","a5xbn000000JopA","a3Ybn0000004xGBEAY","a18bn000001a1gjAAA","42236276128776294"
"a3fbn000000ftFoAAI","","a5xbn000000JosO","a3Ybn0000004xHVEAY","a18bn000001a1TgAAI","42236514262338862"
"a3fbn000000ftlpAAA","","a5xbn000000Jp4G","a3Ybn0000004xGuEAI","a18bn000001Zt0fAAC","42236536052470299"
"a3fbn000000ftXfAAI","","a5xbn000000JozZ","a3Ybn0000004xDQEAY","a18bn000001a1jAAAQ","42237107122546928"
"a3fbn000000ftRdAAI","","a5xbn000000JouT","a3Ybn0000004xJdEAI","a18bn000001a1qYAAQ","42237430390890231"
"a3fbn000000ftMgAAI","","a3jbn000000ldyC","a3Ybn0000004xCvEAI","a18bn000001a1LeAAI","42237642333431698"
"a3fbn000000ftHVAAY","","a3jbn000000ldwK","a3Ybn0000004xDFEAY","a18bn000001a1YIAAY","42238066746597117"
"a3fbn000000ftxbAAA","","a5xbn000000Jp2A","a3Ybn0000004xDvEAI","a18bn000001a1HcAAI","42238443627911337"
"a3fbn000000ftlaAAA","","CFAvailtoServiceDebt","a3Ybn0000004xHpEAI","a18bn000001Zt0EAAS","42238528180454511"
"a3fbn000000ftOdAAI","","a5xbn000000Jouz","a3Ybn0000004xCvEAI","a18bn000001a1OsAAI","422387361065332"
"a3fbn000000ftMFAAY","","a3jbn000000ldxr","a3Ybn0000004xJ3EAI","a18bn000001a1aOAAQ","42238849066790193"
"a3fbn000000ftexAAA","","a3jbn000000le0d","a3Ybn0000004xDlEAI","a18bn000001a15WAAQ","42238950531522042"
"a3fbn000000ftQzAAI","","a5xbn000000Jovb","a3Ybn0000004xGnEAI","a18bn000001a1rbAAA","42239122629118598"
"a3fbn000000ftR9AAI","","a5xbn000000Jovl","a3Ybn0000004xCrEAI","a18bn000001a1rhAAA","42239340307371910"
"a3fbn000000ftevAAA","","a3jbn000000le0b","a3Ybn0000004xCvEAI","a18bn000001a15VAAQ","42239608041250762"
"a3fbn000000ftAGAAY","","a5xbn000000JooP","a3Ybn0000004xFiEAI","a18bn000001a1eTAAQ","42240396768684599"
"a3fbn000000ftmJAAQ","","a5xbn000000Jomj","a3Ybn0000004xCvEAI","a18bn000001a190AAA","42240636922468549"
"a3fbn000000ft9HAAQ","","a5xbn000000Jonx","a3Ybn0000004xFPEAY","a18bn000001a1dZAAQ","42241096372352688"
"a3fbn000000ftI3AAI","","a3fbn000000fu1P","a3Ybn0000004xCvEAI","a18bn000001a1V2AAI","42241174973719803"
"a3fbn000000ftJOAAY","","Investment in Subsidiaries","a3Ybn0000004xIREAY","a18bn000001a1XSAAY","42241778030325583"
"a3fbn000000ftcyAAA","","a3fbn000000fu3u","a3Ybn0000004xGVEAY","a18bn000001a12uAAA","42241904581614449"
"a3fbn000000ftNeAAI","","a5xbn000000Jouc","a3Ybn0000004xCvEAI","a18bn000001a1NcAAI","42241941033452330"
"a3fbn000000ftaOAAQ","","a5xbn000000Jp0o","a3Ybn0000004xGvEAI","a18bn000001a1kJAAQ","42241958469505498"
"a3fbn000000ftOiAAI","","a5xbn000000Jov3","a3Ybn0000004xCvEAI","a18bn000001a1PKAAY","42242157734208416"
"a3fbn000000ft62AAA","","a4Wbn000000hSHE","a3Ybn0000004xDHEAY","a18bn000001a1R6AAI","42242275181071351"
"a3fbn000000fttnAAA","","a3fbn000000fu4T","a3Ybn0000004xCxEAI","a18bn000001a1HGAAY","42242297853337935"
"a3fbn000000ftA9AAI","","a5xbn000000JooJ","a3Ybn0000004xFjEAI","a18bn000001a1eMAAQ","42243645440728320"
"a3fbn000000ftX3AAI","","a5xbn000000Joz5","a3Ybn0000004xCvEAI","a18bn000001a1iPAAQ","42244055705452694"
"a3fbn000000ftm8AAA","","a5xbn000000Jp4S","a3Ybn0000004xCvEAI","a18bn000001a135AAA","42244695901771466"
"a3fbn000000ftIrAAI","","a3fbn000000fu1i","a3Ybn0000004xIKEAY","a18bn000001a1ZAAAY","42244841039925814"
"a3fbn000000ftPoAAI","","a5xbn000000Jovz","a3Ybn0000004xH0EAI","a18bn000001a1n9AAA","42244964623634296"
"a3fbn000000ftoIAAQ","","a5xbn000000Jp56","a3Ybn0000004xHbEAI","a18bn000001a0zcAAA","42245079637261386"
"a3fbn000000ftQyAAI","","a5xbn000000Jova","a3Ybn0000004xHfEAI","a18bn000001a1rbAAA","42245203008345681"
"a3fbn000000ftdEAAQ","","a3jbn000000le0F","a3Ybn0000004xDKEAY","a18bn000001a115AAA","42245208430197817"
"a3fbn000000fte6AAA","","a5xbn000000Jp1k","a3Ybn0000004xDcEAI","a18bn000001a1AUAAY","42245370586866588"
"a3fbn000000ftZAAAY","","a3fbn000000fu3J","a3Ybn0000004xH5EAI","a18bn000001a1mGAAQ","42246009708342915"
"a3fbn000000ftGBAAY","","a4Wbn000000hSHn","a3Ybn0000004xH5EAI","a18bn000001a1SGAAY","42246241962692138"
"a3fbn000000ftu8AAA","","a5xbn000000Jomc","a3Ybn0000004xDjEAI","a18bn000001a1EJAAY","42246519288653179"
"a3fbn000000ftncAAA","","a5xbn000000Jp4t","a3Ybn0000004xIJEAY","a18bn000001a12DAAQ","42246684358044325"
"a3fbn000000ftFPAAY","","a5xbn000000JosC","a3Ybn0000004xDLEAY","a18bn000001a1TNAAY","42246970944381828"
"a3fbn000000ftBgAAI","","a5xbn000000Jop7","a3Ybn0000004xG6EAI","a18bn000001a1RjAAI","42247341905679125"
"a3fbn000000ftXNAAY","","a5xbn000000JozN","a3Ybn0000004xCvEAI","a18bn000001a1iTAAQ","42247400570011129"
"a3fbn000000ftNGAAY","","a3jbn000000ldyX","a3Ybn0000004xCvEAI","a18bn000001a1ZbAAI","42247557311959565"
"a3fbn000000ftR5AAI","","a5xbn000000Jovg","a3Ybn0000004xHXEAY","a18bn000001a1rfAAA","42247684455611023"
"a3fbn000000ftUbAAI","","a5xbn000000Jox0","a3Ybn0000004xK7EAI","a18bn000001a1tQAAQ","42247808314159644"
"a3fbn000000ftrcAAA","","a5xbn000000Jp1N","a3Ybn0000004xFiEAI","a18bn000001a1JmAAI","42248087547819990"
"a3fbn000000ftBWAAY","","a5xbn000000Jooy","a3Ybn0000004xGBEAY","a18bn000001a1gaAAA","42248101575903924"
"a3fbn000000ftS8AAI","","a5xbn000000JomH","a3Ybn0000004xDPEAY","a18bn000001a1s9AAA","42248254443376045"
"a3fbn000000ftECAAY","","a5xbn000000JorJ","a3Ybn0000004xCvEAI","a18bn000001a1SYAAY","42248338500979244"
"a3fbn000000ftoEAAQ","","a5xbn000000Jp52","a3Ybn0000004xHZEAY","a18bn000001a0zaAAA","42248472984660273"
"a3fbn000000ftrIAAQ","","a5xbn000000Jp1A","a3Ybn0000004xFiEAI","a18bn000001a1J6AAI","42248611035863386"
"a3fbn000000fticAAA","","a5xbn000000Jp2z","a3Ybn0000004xFXEAY","a18bn000001a0zoAAA","42248613109239123"
"a3fbn000000ftVqAAI","","a5xbn000000Joy7","a3Ybn0000004xDnEAI","a18bn000001a1i7AAA","42248755192035048"
"a3fbn000000ftxVAAQ","","a5xbn000000Jome","a3Ybn0000004xCvEAI","a18bn000001a1HFAAY","42248945002081758"
"a3fbn000000ftPfAAI","","a5xbn000000Jovq","a3Ybn0000004xDZEAY","a18bn000001a1muAAA","42249059953749039"
"a3fbn000000ftC7AAI","","a5xbn000000JopZ","a3Ybn0000004xGCEAY","a18bn000001a1gGAAQ","42249192689192599"
"a3fbn000000ftP7AAI","","a5xbn000000JovR","a3Ybn0000004xCvEAI","a18bn000001a1NxAAI","42249455944608706"
"a3fbn000000ftkaAAA","","a3jbn000000le1a","a3Ybn0000004xGoEAI","a18bn000001a1AjAAI","42249799250125362"
"a3fbn000000ftqiAAA","","a5xbn000000Jp5X","a3Ybn0000004xFjEAI","a18bn000001a1J0AAI","42250143349938120"
"a3fbn000000ftYxAAI","","priorperiodtotalsales","a3Ybn0000004xDTEAY","a18bn000001a1klAAA","42250289007093855"
"a3fbn000000ftRpAAI","","a5xbn000000Jom0","a3Ybn0000004xCyEAI","a18bn000001a1r5AAA","42250812878642067"
"a3fbn000000ftHgAAI","","a5xbn000000JotB","a3Ybn0000004xI4EAI","a18bn000001a1UjAAI","42250992589551943"
"a3fbn000000ftXRAAY","","a5xbn000000JozR","a3Ybn0000004xCvEAI","a18bn000001a1jDAAQ","42251157509929340"
"a3fbn000000ftZBAAY","","a3fbn000000fu3I","a3Ybn0000004xH5EAI","a18bn000001a1mFAAQ","42251221306116287"
"a3fbn000000ftsOAAQ","","a5xbn000000Jp5S","a3Ybn0000004xKMEAY","a18bn000001a1JoAAI","42251682653502892"
"a3fbn000000ftAYAAY","","a5xbn000000Joof","a3Ybn0000004xFvEAI","a18bn000001a1bDAAQ","42251753311581693"
"a3fbn000000ftCIAAY","","a5xbn000000Jopk","a3Ybn0000004xG9EAI","a18bn000001a1gqAAA","42251858659320472"
"a3fbn000000ftIfAAI","","a5xbn000000Jotb","a3Ybn0000004xHaEAI","a18bn000001a1XMAAY","42252466408894586"
"a3fbn000000ftxhAAA","","a5xbn000000Jp2F","a3Ybn0000004xGfEAI","a18bn000001a1INAAY","42252480496440156"
"a3fbn000000ftK8AAI","","a5xbn000000Jotl","a3Ybn0000004xDJEAY","a18bn000001a1XeAAI","42252596112638109"
"a3fbn000000ftPFAAY","","a5xbn000000JovY","a3Ybn0000004xGsEAI","a18bn000001a1QoAAI","42252710618771787"
"a3fbn000000ftoqAAA","","a5xbn000000Jp5H","a3Ybn0000004xIOEAY","a18bn000001a0yvAAA","42253260916518321"
"a3fbn000000ftrCAAQ","","a5xbn000000Jp5b","a3Ybn0000004xFjEAI","a18bn000001a1J3AAI","42253294567929137"
"a3fbn000000ftGnAAI","","a3jbn000000ldw0","a3Ybn0000004xGoEAI","a18bn000001a1W6AAI","42253432752838570"
"a3fbn000000ftZ1AAI","","a5xbn000000Jp0U","a3Ybn0000004xDPEAY","a18bn000001a1koAAA","42253609381531012"
"a3fbn000000ftQcAAI","","a5xbn000000JowP","a3Ybn0000004xJxEAI","a18bn000001a1qsAAA","42254655913328378"
"a3fbn000000ft6uAAA","","a5xbn000000Jomo","a3Ybn0000004xCvEAI","a18bn000001a1OIAAY","42254922966936559"
"a3fbn000000ftV5AAI","","a5xbn000000JoxT","a3Ybn0000004xG8EAI","a18bn000001a1tvAAA","42255884947805971"
"a3fbn000000ftcqAAA","","a3fbn000000fu3q","a3Ybn0000004xGVEAY","a18bn000001a12qAAA","42257282547557931"
"a3fbn000000ftDOAAY","","a5xbn000000Joqg","a3Ybn0000004xGoEAI","a18bn000001a1TrAAI","42257382274064857"
"a3fbn000000ftp3AAA","","a3jbn000000le2Q","a3Ybn0000004xHAEAY","a18bn000001a1AmAAI","42257466325555587"
"a3fbn000000ftCHAAY","","a5xbn000000Jopj","a3Ybn0000004xG9EAI","a18bn000001a1gpAAA","42258031461141501"
"a3fbn000000ftUWAAY","","a5xbn000000Jowu","a3Ybn0000004xG7EAI","a18bn000001a1tqAAA","42258309279427988"
"a3fbn000000ftsIAAQ","","a3jbn000000le3H","a3Ybn0000004xGoEAI","a18bn000001a1I0AAI","42258801442298030"
"a3fbn000000ftHaAAI","","a3jbn000000ldwM","a3Ybn0000004xDFEAY","a18bn000001a1YKAAY","42258917646151398"
"a3fbn000000ftcJAAQ","","a3jbn000000ldzu","a3Ybn0000004xGVEAY","a18bn000001a12jAAA","42259549848758264"
"a3fbn000000ftY8AAI","","a5xbn000000Jozz","a3Ybn0000004xFvEAI","a18bn000001a1k6AAA","42260638129534247"
"a3fbn000000ftTOAAY","","a5xbn000000JouQ","a3Ybn0000004xCvEAI","a18bn000001a1rSAAQ","42260646629750439"
"a3fbn000000ft9kAAA","","PFS - Total Current Liabilities","a3Ybn0000004xFaEAI","a18bn000001a1dxAAA","42261472219066614"
"a3fbn000000ftmEAAQ","","a5xbn000000Jooj","a3Ybn0000004xCvEAI","a18bn000001a13AAAQ","42261695896181470"
"a3fbn000000ftRzAAI","","a5xbn000000JowS","a3Ybn0000004xHREAY","a18bn000001a1q8AAA","42262015760502811"
"a3fbn000000ftNkAAI","","a3fbn000000fu2y","a3Ybn0000004xGVEAY","a18bn000001a1OSAAY","42262443171557724"
"a3fbn000000ftMtAAI","","a3fbn000000fu2m","a3Ybn0000004xJQEAY","a18bn000001a1LxAAI","42263053678596217"
"a3fbn000000ftCEAAY","","a5xbn000000Jopg","a3Ybn0000004xGCEAY","a18bn000001a1gLAAQ","42263199086145808"
"a3fbn000000ftFjAAI","","a5xbn000000JosL","a3Ybn0000004xHUEAY","a18bn000001a1TeAAI","42263548867586862"
"a3fbn000000ftuxAAA","","a3jbn000000le3j","a3Ybn0000004xCnEAI","a18bn000001a1HCAAY","42263796069366340"
"a3fbn000000ftZ8AAI","","workingcapitaltemplate","a3Ybn0000004xDZEAY","a18bn000001a1k5AAA","42264394945141624"
"a3fbn000000ft66AAA","","a3fbn000000ftzL","a3Ybn0000004xDJEAY","a18bn000001a1R8AAI","42264666629408654"
"a3fbn000000ftPJAAY","","a5xbn000000Jovc","a3Ybn0000004xGyEAI","a18bn000001a1QqAAI","42265004900925178"
"a3fbn000000ft5jAAA","","M1 2 Income incl in SchK","a3Ybn0000004xD1EAI","a18bn000001a1O8AAI","42265747710276690"
"a3fbn000000ftciAAA","","a3jbn000000le0C","a3Ybn0000004xDHEAY","a18bn000001a10yAAA","42265859132657592"
"a3fbn000000ftwsAAA","","a5xbn000000Joua","a3Ybn0000004xDyEAI","a18bn000001a1EVAAY","42266918842543416"
"a3fbn000000fto4AAA","","a5xbn000000Jove","a3Ybn0000004xCtEAI","a18bn000001a0zVAAQ","42267007066532485"
"a3fbn000000ftDTAAY","","a5xbn000000Joql","a3Ybn0000004xGvEAI","a18bn000001a1TuAAI","42267019625712536"
"a3fbn000000ftsMAAQ","","a3jbn000000le3J","a3Ybn0000004xGoEAI","a18bn000001a1KMAAY","42267274101718913"
"a3fbn000000ftwmAAA","","a9Ibn000001OBFZ","a3Ybn0000004xGVEAY","a18bn000001a1DxAAI","42267897694858456"
"a3fbn000000ftwBAAQ","","a5xbn000000Jouc","a3Ybn0000004xCvEAI","a18bn000001a1L4AAI","42267910271002940"
"a3fbn000000ftSJAAY","","a5xbn000000JomJ","a3Ybn0000004xDSEAY","a18bn000001a1sAAAQ","42267980197815106"
"a3fbn000000ftL8AAI","","a5xbn000000Jou5","a3Ybn0000004xFPEAY","a18bn000001a1VdAAI","42268039357829649"
"a3fbn000000ftcHAAQ","","a5xbn000000Jp1O","a3Ybn0000004xCvEAI","a18bn000001a12fAAA","42268098159377545"
"a3fbn000000ftnTAAQ","","a3jbn000000le24","a3Ybn0000004xDFEAY","a18bn000001a0yjAAA","42268844667076202"
"a3fbn000000ftyNAAQ","","a5xbn000000JowT","a3Ybn0000004xHUEAY","a18bn000001a1BMAAY","42268976620677849"
"a3fbn000000ftPhAAI","","a5xbn000000Jovr","a3Ybn0000004xDdEAI","a18bn000001a1mvAAA","42269625507923360"
"a3fbn000000fta3AAA","","a3jbn000000ldzF","a3Ybn0000004xGVEAY","a18bn000001a1mSAAQ","42269625908293908"
"a3fbn000000ftI9AAI","","a3fbn000000fu1R","a3Ybn0000004xCvEAI","a18bn000001a1ZFAAY","42269687507958183"
"a3fbn000000ftVfAAI","","a5xbn000000Joxy","a3Ybn0000004xDqEAI","a18bn000001a1huAAA","42269728491076749"
"a3fbn000000ftW4AAI","","a5xbn000000JoyL","a3Ybn0000004xCvEAI","a18bn000001a1hbAAA","42269819936634532"
"a3fbn000000ftXoAAI","","a5xbn000000Jozk","a3Ybn0000004xDYEAY","a18bn000001a1ifAAA","42270014803497760"
"a3fbn000000ftgqAAA","","a5xbn000000Joly","a3Ybn0000004xCvEAI","a18bn000001a0zhAAA","42270036891937888"
"a3fbn000000ftJhAAI","","a3fbn000000fu1q","a3Ybn0000004xCvEAI","a18bn000001a1YxAAI","42270337217178590"
"a3fbn000000ftVaAAI","","a5xbn000000Joxt","a3Ybn0000004xDiEAI","a18bn000001a1imAAA","42270425268514310"
"a3fbn000000ftjaAAA","","a5xbn000000Jp3L","a3Ybn0000004xCvEAI","a18bn000001a0zGAAQ","42270729418740491"
"a3fbn000000ftIJAAY","","a5xbn000000JotR","a3Ybn0000004xFjEAI","a18bn000001a1VxAAI","42271338183945080"
"a3fbn000000ftYJAAY","","a5xbn000000Jp05","a3Ybn0000004xDnEAI","a18bn000001a1joAAA","42271348500281204"
"a3fbn000000ftk4AAA","","a5xbn000000Jp3Z","a3Ybn0000004xIjEAI","a18bn000001a12AAAQ","42271469667774861"
"a3fbn000000ftDQAAY","","a5xbn000000Joqi","a3Ybn0000004xGtEAI","a18bn000001a1TsAAI","42272332705238737"
"a3fbn000000ftVCAAY","","k1class","a3Ybn0000004xKIEAY","a18bn000001a1uAAAQ","42273051409087702"
"a3fbn000000ftIuAAI","","a3jbn000000ldwe","a3Ybn0000004xG2EAI","a18bn000001a1V5AAI","42274089637135992"
"a3fbn000000fttYAAQ","","a3jbn000000le3P","a3Ybn0000004xCnEAI","a18bn000001a1GrAAI","42274305432636211"
"a3fbn000000ftzGAAQ","","a3fbn000000fu4K","a3Ybn0000004xCxEAI","a18bn000001a1KmAAI","42274502193032425"
"a3fbn000000ftQBAAY","","a5xbn000000JowK","a3Ybn0000004xJyEAI","a18bn000001a1mfAAA","42274818292871246"
"a3fbn000000fteHAAQ","","a5xbn000000Jon0","a3Ybn0000004xCvEAI","a18bn000001a1A7AAI","42274943810528916"
"a3fbn000000ftU8AAI","","a3jbn000000ldyk","a3Ybn0000004xG7EAI","a18bn000001a1puAAA","42275469291486160"
"a3fbn000000ftAqAAI","","a5xbn000000Jooo","a3Ybn0000004xG0EAI","a18bn000001a1feAAA","42275960027163125"
"a3fbn000000ftCmAAI","","a5xbn000000Joq7","a3Ybn0000004xGYEAY","a18bn000001a1RxAAI","42276317204688275"
"a3fbn000000ftKjAAI","","a3fbn000000fu2B","a3Ybn0000004xIiEAI","a18bn000001a1ZMAAY","42276555692620013"
"a3fbn000000ftsQAAQ","","a5xbn000000Jp5j","a3Ybn0000004xIYEAY","a18bn000001a1KSAAY","42276584598600509"
"a3fbn000000ftlzAAA","","a3jbn000000le1c","a3Ybn0000004xGoEAI","a18bn000001a158AAA","42276809606416674"
"a3fbn000000ft9JAAQ","","a5xbn000000Jony","a3Ybn0000004xCqEAI","a18bn000001a1dbAAA","42276858805639253"
"a3fbn000000ftLtAAI","","a3jbn000000ldxi","a3Ybn0000004xFiEAI","a18bn000001a1V8AAI","42277771979623085"
"a3fbn000000ftIZAAY","","a5xbn000000JotY","a3Ybn0000004xIIEAY","a18bn000001a1VGAAY","42277974148131764"
"a3fbn000000ftRQAAY","","a5xbn000000Jolt","a3Ybn0000004xCoEAI","a18bn000001a1riAAA","42278021823309546"
"a3fbn000000ftFiAAI","","a4Wbn000000hSHj","a3Ybn0000004xDNEAY","a18bn000001a1TdAAI","42278147148167314"
"a3fbn000000ft70AAA","","a5xbn000000Jomv","a3Ybn0000004xDwEAI","a18bn000001a1MQAAY","42278736366667790"
"a3fbn000000ftYDAAY","","a5xbn000000Josy","a3Ybn0000004xHsEAI","a18bn000001a1kMAAQ","42278835827956372"
"a3fbn000000ftjOAAQ","","a5xbn000000Jp3H","a3Ybn0000004xH4EAI","a18bn000001a18oAAA","42280025700696795"
"a3fbn000000ftanAAA","","a3jbn000000ldzW","a3Ybn0000004xJ0EAI","a18bn000001a1maAAA","42280211117176599"
"a3fbn000000fti6AAA","","a5xbn000000Jp2q","a3Ybn0000004xHeEAI","a18bn000001a0zmAAA","42280760621789086"
"a3fbn000000ftHQAAY","","a3jbn000000ldwH","a3Ybn0000004xDFEAY","a18bn000001a1YFAAY","42281188846732304"
"a3fbn000000ftJVAAY","","a3jbn000000ldwv","a3Ybn0000004xCnEAI","a18bn000001a1XUAAY","42281455869961016"
"a3fbn000000ftmBAAQ","","a5xbn000000Jooi","a3Ybn0000004xCvEAI","a18bn000001a138AAA","42281894158314647"
"a3fbn000000ftJLAAY","","a3jbn000000ldwo","a3Ybn0000004xCnEAI","a18bn000001a1XQAAY","42282120760456352"
"a3fbn000000ft5kAAA","","M1 3a Depreciation","a3Ybn0000004xD2EAI","a18bn000001a1O9AAI","42282121459016704"
"a3fbn000000ftJMAAY","","a5xbn000000Jotq","a3Ybn0000004xIQEAY","a18bn000001a1XRAAY","42282188340454692"
"a3fbn000000ft5xAAA","","a3fbn000000ftzK","a3Ybn0000004xDCEAY","a18bn000001a1PzAAI","42282213978366233"
"a3fbn000000ftZ0AAI","","chgnetfixedassetstemplate","a3Ybn0000004xJsEAI","a18bn000001a1kpAAA","42282805618758432"
"a3fbn000000ftylAAA","","a3jbn000000le4R","a3Ybn0000004xHuEAI","a18bn000001a1KdAAI","42284223177719335"
"a3fbn000000ftubAAA","","a5xbn000000Jp5z","a3Ybn0000004xHIEAY","a18bn000001a1BvAAI","42284271313381519"
"a3fbn000000ftyYAAQ","","a5xbn000000JomL","a3Ybn0000004xDUEAY","a18bn000001a1KFAAY","42284321757888479"
"a3fbn000000ftz6AAA","","a3fbn000000fu5V","a3Ybn0000004xH5EAI","a18bn000001a1FrAAI","42284434183421179"
"a3fbn000000ftMqAAI","","a3fbn000000fu2j","a3Ybn0000004xJNEAY","a18bn000001a1LuAAI","42284789924230999"
"a3fbn000000ft6eAAA","","a5xbn000000JomX","a3Ybn0000004xCvEAI","a18bn000001a1NHAAY","42285389114721651"
"a3fbn000000ftXXAAY","","a5xbn000000JozV","a3Ybn0000004xCvEAI","a18bn000001a1j0AAA","42285429159377810"
"a3fbn000000ft5qAAA","","K1 Section 179 Deduction","a3Ybn0000004xD7EAI","a18bn000001a1QFAAY","42285653032145964"
"a3fbn000000ftRCAAY","","a9Ibn000001OBEt","a3Ybn0000004xG2EAI","a18bn000001a1qqAAA","42286210393522692"
"a3fbn000000ftVKAAY","","a5xbn000000Joxh","a3Ybn0000004xKJEAY","a18bn000001a1tiAAA","42286366993671139"
"a3fbn000000ftxzAAA","","a5xbn000000Jp6e","a3Ybn0000004xIgEAI","a18bn000001a1DuAAI","42286693605165871"
"a3fbn000000ftzFAAQ","","a3fbn000000fu4N","a3Ybn0000004xCwEAI","a18bn000001a1KmAAI","42287217745860753"
"a3fbn000000ft9wAAA","","a5xbn000000JooB","a3Ybn0000004xFeEAI","a18bn000001a1e8AAA","42287378789428882"
"a3fbn000000ftUQAAY","","a5xbn000000Jowo","a3Ybn0000004xK5EAI","a18bn000001a1t6AAA","42287492223185283"
"a3fbn000000ftSnAAI","","a5xbn000000Jomj","a3Ybn0000004xCvEAI","a18bn000001a1qUAAQ","42288531376338887"
"a3fbn000000ftkcAAA","","a5xbn000000Jp3U","a3Ybn0000004xGxEAI","a18bn000001a153AAA","42288570908542627"
"a3fbn000000ftBhAAI","","a5xbn000000Jop9","a3Ybn0000004xGBEAY","a18bn000001a1gcAAA","42288926239536789"
"a3fbn000000ftpCAAQ","","a5xbn000000Jp5C","a3Ybn0000004xHQEAY","a18bn000001a1LTAAY","42289048451931911"
"a3fbn000000ftU5AAI","","a3jbn000000ldyi","a3Ybn0000004xCvEAI","a18bn000001a1psAAA","42290227058113070"
"a3fbn000000ftPpAAI","","a5xbn000000Jow0","a3Ybn0000004xJwEAI","a18bn000001a1nBAAQ","42290718408529869"
"a3fbn000000ftxCAAQ","","a3fbn000000fu5I","a3Ybn0000004xGyEAI","a18bn000001a1DRAAY","42291323366634411"
"a3fbn000000ftYvAAI","","a5xbn000000Jp0T","a3Ybn0000004xH1EAI","a18bn000001a1kWAAQ","42291449311048828"
"a3fbn000000ftuOAAQ","","a3fbn000000fu5B","a3Ybn0000004xIKEAY","a18bn000001a1HaAAI","42291643012963750"
"a3fbn000000ftr2AAA","","a3jbn000000le2y","a3Ybn0000004xCvEAI","a18bn000001a1DyAAI","42291670469716547"
"a3fbn000000ftQSAAY","","a3fbn000000fu3B","a3Ybn0000004xJrEAI","a18bn000001a1pCAAQ","42292264790852410"
"a3fbn000000ftRcAAI","","a5xbn000000JouS","a3Ybn0000004xCvEAI","a18bn000001a1qaAAA","42292588326069334"
"a3fbn000000fttyAAA","","a9Ibn000001OBFP","a3Ybn0000004xGVEAY","a18bn000001a1DvAAI","42292599883229139"
"a3fbn000000ftu2AAA","","a5xbn000000JomN","a3Ybn0000004xDWEAY","a18bn000001a1KHAAY","42293643110726020"
"a3fbn000000ftEBAAY","","a5xbn000000JorI","a3Ybn0000004xCvEAI","a18bn000001a1ScAAI","42293807849943718"
"a3fbn000000ftvcAAA","","a3jbn000000le3z","a3Ybn0000004xGoEAI","a18bn000001a1KNAAY","42293842664874577"
"a3fbn000000ftniAAA","","a5xbn000000Jp4w","a3Ybn0000004xIoEAI","a18bn000001a12GAAQ","42294014224722622"
"a3fbn000000ftceAAA","","a3jbn000000le08","a3Ybn0000004xDKEAY","a18bn000001a10wAAA","42294159266782037"
"a3fbn000000fthvAAA","","a5xbn000000Jp2l","a3Ybn0000004xGsEAI","a18bn000001a10AAAQ","42294353091718864"
"a3fbn000000ftUjAAI","","a5xbn000000Jox7","a3Ybn0000004xK7EAI","a18bn000001a1tYAAQ","42294382000467600"
"a3fbn000000ftcSAAQ","","a3fbn000000fu3m","a3Ybn0000004xIYEAY","a18bn000001a12oAAA","42294617059504776"
"a3fbn000000ftV6AAI","","a5xbn000000JoxU","a3Ybn0000004xG8EAI","a18bn000001a1tsAAA","42294638400736153"
"a3fbn000000ftFcAAI","","a4Wbn000000hSHg","a3Ybn0000004xDHEAY","a18bn000001a1TUAAY","42294832494462247"
"a3fbn000000fthdAAA","","a5xbn000000Jov3","a3Ybn0000004xCvEAI","a18bn000001a0yzAAA","42295256945868555"
"a3fbn000000ftdOAAQ","","a5xbn000000Jp1b","a3Ybn0000004xItEAI","a18bn000001a11BAAQ","42295914024247582"
"a3fbn000000ftneAAA","","a5xbn000000Jp4u","a3Ybn0000004xImEAI","a18bn000001a12EAAQ","42296101063954871"
"a3fbn000000ftoPAAQ","","a3jbn000000le2F","a3Ybn0000004xDHEAY","a18bn000001a0ypAAA","42296416219044389"
"a3fbn000000ftIHAAY","","a3fbn000000fu1Y","a3Ybn0000004xCxEAI","a18bn000001a1Z5AAI","42297151166323715"
"a3fbn000000ftlKAAQ","","a5xbn000000Jp47","a3Ybn0000004xCvEAI","a18bn000001a1AEAAY","42298351136284787"
"a3fbn000000ftOTAAY","","a5xbn000000Jouq","a3Ybn0000004xCvEAI","a18bn000001a1OgAAI","42299568752830450"
"a3fbn000000ftFvAAI","","a5xbn000000JosR","a3Ybn0000004xCnEAI","a18bn000001a1S8AAI","42300005409243527"
"a3fbn000000ftdFAAQ","","a5xbn000000Jp1W","a3Ybn0000004xCvEAI","a18bn000001a116AAA","42300157084093204"
"a3fbn000000ftRgAAI","","a5xbn000000JouW","a3Ybn0000004xIDEAY","a18bn000001a1qdAAA","42300258882104387"
"a3fbn000000ftb3AAA","","a5xbn000000JowZ","a3Ybn0000004xCvEAI","a18bn000001a1h4AAA","42301276503674051"
"a3fbn000000ftDRAAY","","a5xbn000000Joqj","a3Ybn0000004xGuEAI","a18bn000001a1TtAAI","42301474228898974"
"a3fbn000000ftGZAAY","","a3fbn000000fu1B","a3Ybn0000004xGtEAI","a18bn000001a1UsAAI","42301597981929356"
"a3fbn000000ftu7AAA","","EBIT","a3Ybn0000004xDlEAI","a18bn000001a1EIAAY","42301971793707057"
"a3fbn000000ftArAAI","","a4Wbn000000hSHH","a3Ybn0000004xDNEAY","a18bn000001a1feAAA","42302041526757387"
"a3fbn000000ftVEAAY","","a5xbn000000Joxb","a3Ybn0000004xKIEAY","a18bn000001a1uCAAQ","42302264060946464"
"a3fbn000000ftadAAA","","a3fbn000000fu3i","a3Ybn0000004xGmEAI","a18bn000001a1jqAAA","42302275691329107"
"a3fbn000000ftqCAAQ","","a3jbn000000le2o","a3Ybn0000004xG3EAI","a18bn000001a1BgAAI","42302350752906395"
"a3fbn000000ftwZAAQ","","a5xbn000000Jp6F","a3Ybn0000004xFiEAI","a18bn000001a1DlAAI","42302636485327595"
"a3fbn000000ftrEAAQ","","a5xbn000000Jp5c","a3Ybn0000004xJlEAI","a18bn000001a1J4AAI","42302665520863880"
"a3fbn000000ftXZAAY","","a9Ibn000001OBFM","a3Ybn0000004xG2EAI","a18bn000001a1jLAAQ","42303340713069889"
"a3fbn000000ftNiAAI","","a5xbn000000Joua","a3Ybn0000004xDyEAI","a18bn000001a1ORAAY","42304204720452716"
"a3fbn000000ftJIAAY","","a5xbn000000Joto","a3Ybn0000004xCqEAI","a18bn000001a1XQAAY","42304968703192715"
"a3fbn000000ftKrAAI","","a3fbn000000fu2I","a3Ybn0000004xCvEAI","a18bn000001a1XCAAY","42305367471216130"
"a3fbn000000ftVnAAI","","a5xbn000000Joy6","a3Ybn0000004xDjEAI","a18bn000001a1i8AAA","42305808536133384"
"a3fbn000000ftCFAAY","","a5xbn000000Joph","a3Ybn0000004xG9EAI","a18bn000001a1gnAAA","42306342581720254"
"a3fbn000000ftMyAAI","","a3jbn000000ldyF","a3Ybn0000004xJVEAY","a18bn000001a1M6AAI","42306351805435649"
"a3fbn000000ftlhAAA","","a5xbn000000Jp4C","a3Ybn0000004xGqEAI","a18bn000001Zt0bAAC","42306504559750036"
"a3fbn000000ftkKAAQ","","a5xbn000000Jp3h","a3Ybn0000004xH8EAI","a18bn000001Zt09AAC","42306594625474163"
"a3fbn000000ftKfAAI","","a3fbn000000fu2A","a3Ybn0000004xIgEAI","a18bn000001a1ZIAAY","42307105292904746"
"a3fbn000000ftnVAAQ","","a5xbn000000Jp3k","a3Ybn0000004xDGEAY","a18bn000001a0ykAAA","42307286845582969"
"a3fbn000000ftKXAAY","","a3fbn000000fu24","a3Ybn0000004xGVEAY","a18bn000001a1VWAAY","42307287153506205"
"a3fbn000000ftFdAAI","","a5xbn000000JosI","a3Ybn0000004xHREAY","a18bn000001a1TbAAI","42307864747061464"
"a3fbn000000ftjNAAQ","","a5xbn000000Jp3G","a3Ybn0000004xJgEAI","a18bn000001a18mAAA","42307887920996977"
"a3fbn000000ftJQAAY","","a5xbn000000Jotr","a3Ybn0000004xISEAY","a18bn000001a1XTAAY","42308734145071678"
"a3fbn000000ftzAAAQ","","a3fbn000000fu5Z","a3Ybn0000004xHCEAY","a18bn000001a1FtAAI","42309140094184725"
"a3fbn000000ftdWAAQ","","a3jbn000000le0O","a3Ybn0000004xDNEAY","a18bn000001a11FAAQ","42310048588838061"
"a3fbn000000ft8DAAQ","","a5xbn000000Jon5","a3Ybn0000004xEOEAY","a18bn000001a1boAAA","42311033009319210"
"a3fbn000000ftw4AAA","","a5xbn000000JovG","a3Ybn0000004xCvEAI","a18bn000001a1BCAAY","42311047980585980"
"a3fbn000000ftMjAAI","","a3fbn000000fu2c","a3Ybn0000004xJGEAY","a18bn000001a1LlAAI","42311510746026377"
"a3fbn000000ftVbAAI","","a5xbn000000Joxu","a3Ybn0000004xDhEAI","a18bn000001a1inAAA","42311641368069817"
"a3fbn000000ftTJAAY","","a5xbn000000Jouw","a3Ybn0000004xJnEAI","a18bn000001a1qMAAQ","42311730473817064"
"a3fbn000000ftu3AAA","","a5xbn000000JomQ","a3Ybn0000004xDaEAI","a18bn000001a1KIAAY","4231274283867441"
"a3fbn000000ftryAAA","","a5xbn000000Jp3G","a3Ybn0000004xJgEAI","a18bn000001a1K2AAI","42313041440746103"
"a3fbn000000ftxfAAA","","a5xbn000000Jp2D","a3Ybn0000004xKNEAY","a18bn000001a1HkAAI","42313097351581085"
"a3fbn000000ftTHAAY","","a5xbn000000Joux","a3Ybn0000004xCvEAI","a18bn000001a1qJAAQ","42313356552713955"
"a3fbn000000ftYKAAY","","a5xbn000000Jp06","a3Ybn0000004xDjEAI","a18bn000001a1juAAA","42313441253655070"
"a3fbn000000ftQ6AAI","","a5xbn000000JowG","a3Ybn0000004xFiEAI","a18bn000001a1nWAAQ","42314175358055337"
"a3fbn000000ftSuAAI","","a5xbn000000Joms","a3Ybn0000004xDsEAI","a18bn000001a1sUAAQ","42314819691045857"
"a3fbn000000ftT2AAI","","a9Ibn000001OBEx","a3Ybn0000004xG2EAI","a18bn000001a1rmAAA","42315154941489066"
"a3fbn000000ftO9AAI","","a5xbn000000Joou","a3Ybn0000004xFiEAI","a18bn000001a1OeAAI","42315260231946662"
"a3fbn000000ft6yAAA","","a5xbn000000Jomu","a3Ybn0000004xDuEAI","a18bn000001a1OOAAY","42315735092443174"
"a3fbn000000fts8AAA","","a3fbn000000fu4E","a3Ybn0000004xGtEAI","a18bn000001a1HvAAI","42316056460086666"
"a3fbn000000ftalAAA","","a5xbn000000Jp0y","a3Ybn0000004xCvEAI","a18bn000001a1k1AAA","42316166573246203"
"a3fbn000000ftvgAAA","","a3jbn000000le41","a3Ybn0000004xGoEAI","a18bn000001a1KOAAY","42316757725181804"
"a3fbn000000ftJnAAI","","a3jbn000000ldwy","a3Ybn0000004xDKEAY","a18bn000001a1XYAAY","42316890682683617"
"a3fbn000000ftxMAAQ","","a5xbn000000Jp6V","a3Ybn0000004xCvEAI","a18bn000001a1BiAAI","42316970795597025"
"a3fbn000000ftqUAAQ","","priorperiodtotalsales","a3Ybn0000004xDTEAY","a18bn000001a1JHAAY","42317129344037306"
"a3fbn000000ftEYAAY","","a5xbn000000Jorf","a3Ybn0000004xCvEAI","a18bn000001a1SrAAI","42317212339013392"
"a3fbn000000ftfAAAQ","","a3fbn000000fu4B","a3Ybn0000004xCvEAI","a18bn000001a19oAAA","42317222460117530"
"a3fbn000000ftuyAAA","","a5xbn000000Jp2Z","a3Ybn0000004xISEAY","a18bn000001a1HDAAY","42317501462066008"
"a3fbn000000ftKKAAY","","a3fbn000000fu22","a3Ybn0000004xDKEAY","a18bn000001a1XiAAI","42318409730527360"
"a3fbn000000ftOrAAI","","a5xbn000000JovC","a3Ybn0000004xCvEAI","a18bn000001a1MjAAI","42318442549955741"
"a3fbn000000ftPUAAY","","a5xbn000000Jovm","a3Ybn0000004xIVEAY","a18bn000001a1QxAAI","42318445142266489"
"a3fbn000000ftGxAAI","","a5xbn000000Jost","a3Ybn0000004xHoEAI","a18bn000001a1WeAAI","42318542559488896"
"a3fbn000000ftoJAAQ","","a5xbn000000Jp57","a3Ybn0000004xCnEAI","a18bn000001a0zcAAA","42318696620086815"
"a3fbn000000ftnoAAA","","a5xbn000000Jp4z","a3Ybn0000004xHaEAI","a18bn000001a12JAAQ","42318889454564205"
"a3fbn000000ftTsAAI","","K1 Section 179 Deduction","a3Ybn0000004xD7EAI","a18bn000001a1pTAAQ","42319415888174839"
"a3fbn000000ftonAAA","","a5xbn000000JomJ","a3Ybn0000004xDSEAY","a18bn000001a13aAAA","42319431355118155"
"a3fbn000000ftY4AAI","","a5xbn000000Jozx","a3Ybn0000004xGeEAI","a18bn000001a1kwAAA","42319770631072456"
"a3fbn000000ft6fAAA","","a5xbn000000Jomb","a3Ybn0000004xCvEAI","a18bn000001a1NIAAY","42319795922868786"
"a3fbn000000ftyuAAA","","a5xbn000000Jp5Y","a3Ybn0000004xFlEAI","a18bn000001a1KiAAI","42319932239319146"
"a3fbn000000ftsFAAQ","","a5xbn000000Jp4g","a3Ybn0000004xGwEAI","a18bn000001a1HzAAI","42320255513598385"
"a3fbn000000ftytAAA","","a3jbn000000le4U","a3Ybn0000004xG2EAI","a18bn000001a1KhAAI","42320496501408884"
"a3fbn000000ftD9AAI","","a5xbn000000JoqS","a3Ybn0000004xCvEAI","a18bn000001a1SzAAI","42321046571349884"
"a3fbn000000ftHvAAI","","a5xbn000000JotK","a3Ybn0000004xHeEAI","a18bn000001a1YQAAY","42321200853393041"
"a3fbn000000ftnaAAA","","a3jbn000000le23","a3Ybn0000004xDFEAY","a18bn000001a0ymAAA","42321368416732905"
"a3fbn000000ftGrAAI","","a3fbn000000fu1J","a3Ybn0000004xCrEAI","a18bn000001a1W9AAI","42321525628337212"
"a3fbn000000ftjcAAA","","a5xbn000000Jp3M","a3Ybn0000004xCvEAI","a18bn000001a0zIAAQ","42321915290202550"
"a3fbn000000ftnQAAQ","","a3jbn000000le22","a3Ybn0000004xDFEAY","a18bn000001a0yhAAA","42323639722995856"
"a3fbn000000ftfwAAA","","a3fbn000000fu4D","a3Ybn0000004xGsEAI","a18bn000001a19QAAQ","42324160764264347"
"a3fbn000000ftYIAAY","","a5xbn000000Jp04","a3Ybn0000004xJnEAI","a18bn000001a1jnAAA","42324517285863533"
"a3fbn000000ftPEAAY","","a5xbn000000JovX","a3Ybn0000004xGoEAI","a18bn000001a1QnAAI","42324535533366875"
"a3fbn000000ftH5AAI","","a3jbn000000ldw6","a3Ybn0000004xFvEAI","a18bn000001a1VOAAY","42324989916406427"
"a3fbn000000ftr5AAA","","a3fbn000000fu4v","a3Ybn0000004xGkEAI","a18bn000001a1E0AAI","42325461292657010"
"a3fbn000000ftxGAAQ","","a3fbn000000fu5K","a3Ybn0000004xH0EAI","a18bn000001a1DSAAY","42325610989232401"
"a3fbn000000ftObAAI","","a5xbn000000Joux","a3Ybn0000004xCvEAI","a18bn000001a1OmAAI","42325694846443603"
"a3fbn000000ftANAAY","","a5xbn000000JooW","a3Ybn0000004xFiEAI","a18bn000001a1aoAAA","42325735757436331"
"a3fbn000000ftVsAAI","","a5xbn000000JoyA","a3Ybn0000004xCvEAI","a18bn000001a1iBAAQ","42327265602352519"
"a3fbn000000ftRvAAI","","a5xbn000000JomB","a3Ybn0000004xDJEAY","a18bn000001a1q6AAA","42327553834815847"
"a3fbn000000ftxuAAA","","a9Ibn000001OBFk","a3Ybn0000004xG2EAI","a18bn000001a1DrAAI","42328056663445855"
"a3fbn000000ftI4AAI","","a3fbn000000fu1Q","a3Ybn0000004xCvEAI","a18bn000001a1V4AAI","42328382625182718"
"a3fbn000000ftx5AAA","","a9Ibn000001OBFh","a3Ybn0000004xGVEAY","a18bn000001a1EeAAI","42328894514510413"
"a3fbn000000ftBkAAI","","a5xbn000000JopE","a3Ybn0000004xGCEAY","a18bn000001a1gdAAA","42329217185550607"
"a3fbn000000ftKlAAI","","a3fbn000000fu2C","a3Ybn0000004xIjEAI","a18bn000001a1X9AAI","42329353628337984"
"a3fbn000000ftN0AAI","","a3jbn000000ldyH","a3Ybn0000004xJXEAY","a18bn000001a1M8AAI","42329780481960688"
"a3fbn000000ftw1AAA","","a5xbn000000Jp58","a3Ybn0000004xHPEAY","a18bn000001a1LQAAY","42330067389233622"
"a3fbn000000ftKvAAI","","a5xbn000000Jott","a3Ybn0000004xFTEAY","a18bn000001a1XEAAY","42330717169755871"
"a3fbn000000ftxHAAQ","","a3fbn000000fu5L","a3Ybn0000004xCrEAI","a18bn000001a1DSAAY","42330848432525611"
"a3fbn000000ftcWAAQ","","a3jbn000000le01","a3Ybn0000004xDKEAY","a18bn000001a10rAAA","42331280329183813"
"a3fbn000000ftEsAAI","","a5xbn000000Joru","a3Ybn0000004xH8EAI","a18bn000001a1SQAAY","42331387161015199"
"a3fbn000000ftw7AAA","","a9Ibn000001OBEp","a3Ybn0000004xHAEAY","a18bn000001a1JZAAY","42331625797295645"
"a3fbn000000ftkIAAQ","","a5xbn000000Jp3g","a3Ybn0000004xHJEAY","a18bn000001Zt08AAC","42332434633504941"
"a3fbn000000ftCKAAY","","a5xbn000000Jopl","a3Ybn0000004xG9EAI","a18bn000001a1gsAAA","42332881153397682"
"a3fbn000000ftXnAAI","","a5xbn000000Jozj","a3Ybn0000004xDXEAY","a18bn000001a1icAAA","42333292244160503"
"a3fbn000000ftL6AAI","","a5xbn000000Jou4","a3Ybn0000004xIoEAI","a18bn000001a1XKAAY","42333371101059936"
"a3fbn000000ftS3AAI","","a5xbn000000JomD","a3Ybn0000004xCvEAI","a18bn000001a1s6AAA","42333386915074249"
"a3fbn000000ftJKAAY","","a3jbn000000ldwn","a3Ybn0000004xCnEAI","a18bn000001a1XPAAY","42333449136833753"
"a3fbn000000ftYpAAI","","a5xbn000000Jp0R","a3Ybn0000004xJxEAI","a18bn000001a1kUAAQ","42333668868269745"
"a3fbn000000ftuzAAA","","a3jbn000000le3k","a3Ybn0000004xCnEAI","a18bn000001a1HDAAY","42333715026661140"
"a3fbn000000ftYQAAY","","a5xbn000000Jp0B","a3Ybn0000004xKPEAY","a18bn000001a1m7AAA","42334148364226787"
"a3fbn000000ftLSAAY","","a5xbn000000Jou8","a3Ybn0000004xGrEAI","a18bn000001a1VnAAI","42334704370681263"
"a3fbn000000ftOyAAI","","a5xbn000000JovJ","a3Ybn0000004xCvEAI","a18bn000001a1NlAAI","42335126047975459"
"a3fbn000000ftT1AAI","","a5xbn000000Joui","a3Ybn0000004xFiEAI","a18bn000001a1rmAAA","42336109056052480"
"a3fbn000000ftI2AAI","","a5xbn000000JotM","a3Ybn0000004xIAEAY","a18bn000001a1V1AAI","42336216031062421"
"a3fbn000000ftlQAAQ","","a5xbn000000Jouv","a3Ybn0000004xGmEAI","a18bn000001Zt0YAAS","42336239055582883"
"a3fbn000000ftpDAAQ","","a5xbn000000Jp59","a3Ybn0000004xH9EAI","a18bn000001a1LUAAY","42337147601470249"
"a3fbn000000ftpFAAQ","","a5xbn000000Jp5D","a3Ybn0000004xINEAY","a18bn000001a1LVAAY","42337252981102639"
"a3fbn000000ft61AAA","","a5xbn000000Jom9","a3Ybn0000004xDGEAY","a18bn000001a1R4AAI","42337698592943133"
"a3fbn000000ftNFAAY","","a3jbn000000ldyW","a3Ybn0000004xCvEAI","a18bn000001a1ZaAAI","42337907867084974"
"a3fbn000000ftllAAA","","a5xbn000000JovW","a3Ybn0000004xGrEAI","a18bn000001Zt0dAAC","42338443382693506"
"a3fbn000000ftEjAAI","","a4Wbn000000hSHJ","a3Ybn0000004xDFEAY","a18bn000001a1SLAAY","42338581815308061"
"a3fbn000000ftZHAAY","","a3fbn000000fu1Y","a3Ybn0000004xCxEAI","a18bn000001a1mIAAQ","42338912014425856"
"a3fbn000000ftF3AAI","","a5xbn000000Jos1","a3Ybn0000004xFiEAI","a18bn000001a1UKAAY","42339243996982070"
"a3fbn000000ftWiAAI","","a5xbn000000Joyo","a3Ybn0000004xCvEAI","a18bn000001a1jdAAA","42339257248455575"
"a3fbn000000ftHKAAY","","a3fbn000000fu1M","a3Ybn0000004xDFEAY","a18bn000001a1ZCAAY","42339729517710913"
"a3fbn000000ftZaAAI","","a3fbn000000fu3P","a3Ybn0000004xJpEAI","a18bn000001a1m3AAA","42340717482504858"
"a3fbn000000ftqWAAQ","","priorperiodoperatingprofit","a3Ybn0000004xDUEAY","a18bn000001a1JKAAY","42340719859767738"
"a3fbn000000ftERAAY","","a5xbn000000JorY","a3Ybn0000004xCvEAI","a18bn000001a1TaAAI","42341154093356318"
"a3fbn000000ftLLAAY","","Other Accounts Receivable CP","a3Ybn0000004xGpEAI","a18bn000001a1VkAAI","42341285992301114"
"a3fbn000000ftGWAAY","","a3fbn000000fu1A","a3Ybn0000004xGsEAI","a18bn000001a1UrAAI","42341473301223359"
"a3fbn000000ftRMAAY","","a5xbn000000JovE","a3Ybn0000004xCvEAI","a18bn000001a1piAAA","42341703487554805"
"a3fbn000000ftU7AAI","","a3jbn000000ldyj","a3Ybn0000004xG7EAI","a18bn000001a1ptAAA","42342879267360337"
"a3fbn000000ft5nAAA","","M1 5 Income recorded","a3Ybn0000004xD4EAI","a18bn000001a1OzAAI","42343148000157432"
"a3fbn000000ft6ZAAQ","","a5xbn000000JomV","a3Ybn0000004xCvEAI","a18bn000001a1NFAAY","42343552643941901"
"a3fbn000000ftFKAAY","","a5xbn000000Jos9","a3Ybn0000004xHLEAY","a18bn000001a1TKAAY","42343621904862088"
"a3fbn000000ftxPAAQ","","a5xbn000000JovP","a3Ybn0000004xCvEAI","a18bn000001a1BlAAI","42344691770583672"
"a3fbn000000ftZCAAY","","a3fbn000000fu3L","a3Ybn0000004xHcEAI","a18bn000001a1mFAAQ","42344779858605920"
"a3fbn000000ftEMAAY","","a5xbn000000JorT","a3Ybn0000004xCvEAI","a18bn000001a1TVAAY","42344784501149950"
"a3fbn000000ftFXAAY","","a4Wbn000000hSHc","a3Ybn0000004xDHEAY","a18bn000001a1TRAAY","42345068862750492"
"a3fbn000000ftZPAAY","","a3jbn000000ldz2","a3Ybn0000004xG2EAI","a18bn000001a1kXAAQ","42345127455921521"
"a3fbn000000ftCNAAY","","a5xbn000000Jopn","a3Ybn0000004xGSEAY","a18bn000001a1glAAA","423451624010934"
"a3fbn000000ft8tAAA","","a5xbn000000Jonj","a3Ybn0000004xF3EAI","a18bn000001a1cTAAQ","42345408000855354"
"a3fbn000000ftiOAAQ","","a5xbn000000JomZ","a3Ybn0000004xDiEAI","a18bn000001a15DAAQ","42346009079955466"
"a3fbn000000fthGAAQ","","a3fbn000000fu4N","a3Ybn0000004xCwEAI","a18bn000001a1ApAAI","42346131569992643"
"a3fbn000000ftppAAA","","a5xbn000000Jp1c","a3Ybn0000004xHVEAY","a18bn000001a1G3AAI","42346277744674159"
"a3fbn000000ftOkAAI","","a5xbn000000Jov5","a3Ybn0000004xCvEAI","a18bn000001a1PMAAY","42346499479006396"
"a3fbn000000ftPCAAY","","a5xbn000000JovV","a3Ybn0000004xGpEAI","a18bn000001a1QmAAI","42347171339915782"
"a3fbn000000ftJSAAY","","a3jbn000000ldws","a3Ybn0000004xCnEAI","a18bn000001a1XVAAY","42347860464191297"
"a3fbn000000ftLyAAI","","a3jbn000000ldxm","a3Ybn0000004xGVEAY","a18bn000001a1VAAAY","42348786156000759"
"a3fbn000000fttpAAA","","a5xbn000000Jp5l","a3Ybn0000004xHpEAI","a18bn000001a1IHAAY","42348807066599244"
"a3fbn000000ftKuAAI","","a3jbn000000ldwv","a3Ybn0000004xCnEAI","a18bn000001a1XEAAY","42348889436608027"
"a3fbn000000ftLxAAI","","a5xbn000000JouG","a3Ybn0000004xGUEAY","a18bn000001a1VAAAY","42349041276649064"
"a3fbn000000ftX2AAI","","a5xbn000000Joz4","a3Ybn0000004xCvEAI","a18bn000001a1iOAAQ","42349205707546917"
"a3fbn000000ft8gAAA","","a5xbn000000JonY","a3Ybn0000004xEqEAI","a18bn000001a1cKAAQ","42349452348256336"
"a3fbn000000ftaRAAQ","","a5xbn000000Jp0q","a3Ybn0000004xG0EAI","a18bn000001a1lEAAQ","42349814199328811"
"a3fbn000000ftQMAAY","","CFAvailtoServiceDebt","a3Ybn0000004xHpEAI","a18bn000001a1rxAAA","42350131498150284"
"a3fbn000000ftaKAAQ","","a3fbn000000fu3f","a3Ybn0000004xCrEAI","a18bn000001a1l9AAA","42350300322596024"
"a3fbn000000ftc1AAA","","a5xbn000000Jp1L","a3Ybn0000004xCvEAI","a18bn000001a1AvAAI","42350786293408492"
"a3fbn000000ftRPAAY","","a5xbn000000Jovm","a3Ybn0000004xIVEAY","a18bn000001a1riAAA","42351012453915553"
"a3fbn000000ftoxAAA","","a3jbn000000le0F","a3Ybn0000004xDKEAY","a18bn000001a10sAAA","42351041092499840"
"a3fbn000000ftFGAAY","","a5xbn000000Jos7","a3Ybn0000004xHIEAY","a18bn000001a1TIAAY","42351519031704806"
"a3fbn000000fte8AAA","","tangiblenetworthclass","a3Ybn0000004xDhEAI","a18bn000001a1AVAAY","42351913605056319"
"a3fbn000000ftVcAAI","","a5xbn000000Joxv","a3Ybn0000004xCvEAI","a18bn000001a1hsAAA","42352223815252251"
"a3fbn000000ftk9AAA","","a3jbn000000le1P","a3Ybn0000004xDFEAY","a18bn000001Zt03AAC","42353127550068796"
"a3fbn000000ftWAAAY","","a5xbn000000JoyQ","a3Ybn0000004xCvEAI","a18bn000001a1hgAAA","42353290826431327"
"a3fbn000000ftoWAAQ","","a3jbn000000le2J","a3Ybn0000004xDKEAY","a18bn000001a0ytAAA","42353443336732821"
"a3fbn000000ftKcAAI","","a3fbn000000fu28","a3Ybn0000004xIgEAI","a18bn000001a1ZHAAY","42353497488491176"
"a3fbn000000ftpnAAA","","a5xbn000000Jp1f","a3Ybn0000004xG1EAI","a18bn000001a1G2AAI","42354488431442687"
"a3fbn000000ftP4AAI","","a5xbn000000Jooi","a3Ybn0000004xCvEAI","a18bn000001a1NuAAI","42354500797476633"
"a3fbn000000ftiyAAA","","a5xbn000000Jp1t","a3Ybn0000004xIAEAY","a18bn000001a1AiAAI","42355262859322590"
"a3fbn000000ft8EAAQ","","a5xbn000000Jon7","a3Ybn0000004xEPEAY","a18bn000001a1bqAAA","42355386633810832"
"a3fbn000000ftwaAAA","","a9Ibn000001OBFX","a3Ybn0000004xG2EAI","a18bn000001a1DlAAI","42357215422501887"
"a3fbn000000ftcMAAQ","","a5xbn000000Jp1R","a3Ybn0000004xIaEAI","a18bn000001a12lAAA","42357726913310411"
"a3fbn000000ft9SAAQ","","a3fbn000000fu0i","a3Ybn0000004xDeEAI","a18bn000001a1diAAA","42358401449202424"
"a3fbn000000ftxBAAQ","","a3fbn000000fu5H","a3Ybn0000004xGyEAI","a18bn000001a1DPAAY","42359294751499925"
"a3fbn000000ftWfAAI","","a9Ibn000001OBFE","a3Ybn0000004xHtEAI","a18bn000001a1jaAAA","42359384685866750"
"a3fbn000000ftOhAAI","","a5xbn000000Jov1","a3Ybn0000004xCvEAI","a18bn000001a1OuAAI","42359694929063177"
"a3fbn000000ftrGAAQ","","a5xbn000000Jp4o","a3Ybn0000004xJxEAI","a18bn000001a1J5AAI","42360270435013133"
"a3fbn000000ftckAAA","","a3jbn000000le0B","a3Ybn0000004xDIEAY","a18bn000001a10zAAA","42360482160757484"
"a3fbn000000ftCWAAY","","a9Ibn000001OAiI","a3Ybn0000004xGVEAY","a18bn000001a1UfAAI","42360615350761857"
"a3fbn000000ftZmAAI","","a3fbn000000fu3T","a3Ybn0000004xGyEAI","a18bn000001a1kcAAA","42361214085735905"
"a3fbn000000ftP8AAI","","a5xbn000000JovO","a3Ybn0000004xCvEAI","a18bn000001a1NyAAI","42361512553759170"
"a3fbn000000ftkWAAQ","","a5xbn000000Jp3o","a3Ybn0000004xH4EAI","a18bn000001a1AGAAY","42361597082220948"
"a3fbn000000fty1AAA","","a5xbn000000Jomu","a3Ybn0000004xDuEAI","a18bn000001a1ERAAY","42362493933773399"
"a3fbn000000ftmRAAQ","","a5xbn000000JomB","a3Ybn0000004xDJEAY","a18bn000001a11yAAA","42362965415303702"
"a3fbn000000ftbWAAQ","","a5xbn000000Jp1E","a3Ybn0000004xFiEAI","a18bn000001a10lAAA","42363148428239411"
"a3fbn000000ftvhAAA","","a5xbn000000Jp2m","a3Ybn0000004xFPEAY","a18bn000001a1KPAAY","42363207263112880"
"a3fbn000000ftWtAAI","","a5xbn000000Joyw","a3Ybn0000004xCvEAI","a18bn000001a1hoAAA","42363482168869669"
"a3fbn000000ftxnAAA","","a3fbn000000fu5D","a3Ybn0000004xIUEAY","a18bn000001a1FmAAI","42363500971254114"
"a3fbn000000ftAZAAY","","a5xbn000000Joog","a3Ybn0000004xFvEAI","a18bn000001a1bEAAQ","42364031479804682"
"a3fbn000000ftVtAAI","","a5xbn000000JoyB","a3Ybn0000004xDsEAI","a18bn000001a1iCAAQ","42364178366860337"
"a3fbn000000ftfyAAA","","a3fbn000000fu4D","a3Ybn0000004xGsEAI","a18bn000001a19RAAQ","42364276423234039"
"a3fbn000000ftcQAAQ","","a3jbn000000ldzy","a3Ybn0000004xGVEAY","a18bn000001a12nAAA","42364299862177123"
"a3fbn000000ftUtAAI","","a5xbn000000JoxH","a3Ybn0000004xGCEAY","a18bn000001a1sxAAA","42364792756177029"
"a3fbn000000ftnNAAQ","","a3jbn000000le20","a3Ybn0000004xHtEAI","a18bn000001a10fAAA","42364909172196283"
"a3fbn000000ftHHAAY","","a3fbn000000fu1L","a3Ybn0000004xHvEAI","a18bn000001a1ZBAAY","42364942514160765"
"a3fbn000000ftQvAAI","","a5xbn000000JovY","a3Ybn0000004xGsEAI","a18bn000001a1rcAAA","42365729544301286"
"a3fbn000000ftCJAAY","","a5xbn000000Jopl","a3Ybn0000004xG9EAI","a18bn000001a1grAAA","42365939133073487"
"a3fbn000000ftb0AAA","","a5xbn000000JowN","a3Ybn0000004xCvEAI","a18bn000001a1gyAAA","42366497146096758"
"a3fbn000000fturAAA","","a3jbn000000le3g","a3Ybn0000004xCnEAI","a18bn000001a1GzAAI","42367197501389352"
"a3fbn000000ftHGAAY","","a3jbn000000ldwF","a3Ybn0000004xHsEAI","a18bn000001a1VwAAI","42368521813287834"
"a3fbn000000ftf3AAA","","a3fbn000000fu49","a3Ybn0000004xHfEAI","a18bn000001a15aAAA","42368932536566683"
"a3fbn000000ftTuAAI","","a6Qbn000000HYOl","a3Ybn0000004xDBEAY","a18bn000001a1onAAA","42368941999123231"
"a3fbn000000ft9vAAA","","a5xbn000000JooA","a3Ybn0000004xFdEAI","a18bn000001a1e7AAA","42369394755059405"
"a3fbn000000ft9aAAA","","a3fbn000000fu0l","a3Ybn0000004xFYEAY","a18bn000001a1dqAAA","42369862989028346"
"a3fbn000000fth9AAA","","a3fbn000000fu4G","a3Ybn0000004xCrEAI","a18bn000001a15AAAQ","42370642755841271"
"a3fbn000000fttkAAA","","a3jbn000000le3V","a3Ybn0000004xCnEAI","a18bn000001a1GxAAI","42371927285232940"
"a3fbn000000ftOFAAY","","a6Qbn000000HYOo","a3Ybn0000004xG3EAI","a18bn000001a1MaAAI","42371976086644746"
"a3fbn000000ftUhAAI","","a5xbn000000Jox5","a3Ybn0000004xK8EAI","a18bn000001a1tWAAQ","42372121715143781"
"a3fbn000000ftulAAA","","a5xbn000000Jp24","a3Ybn0000004xIBEAY","a18bn000001a1GmAAI","42372310408117447"
"a3fbn000000ftWGAAY","","a5xbn000000JoyX","a3Ybn0000004xHfEAI","a18bn000001a1jBAAQ","42373641849234473"
"a3fbn000000ft6OAAQ","","a5xbn000000JomN","a3Ybn0000004xDWEAY","a18bn000001a1MGAAY","42374085399554347"
"a3fbn000000ftTIAAY","","ProformaCFC","a3Ybn0000004xI8EAI","a18bn000001a1qGAAQ","42374819910787537"
"a3fbn000000ftXWAAY","","a9Ibn000001OBFL","a3Ybn0000004xHuEAI","a18bn000001a1izAAA","42374895659438617"
"a3fbn000000ftaiAAA","","a5xbn000000Jp0x","a3Ybn0000004xFiEAI","a18bn000001a1k0AAA","42375388074889318"
"a3fbn000000ft8lAAA","","a5xbn000000Jonb","a3Ybn0000004xEvEAI","a18bn000001a1cMAAQ","42375491992137216"
"a3fbn000000ftPMAAY","","a5xbn000000Jovf","a3Ybn0000004xCuEAI","a18bn000001a1QrAAI","42376312517065522"
"a3fbn000000ftxQAAQ","","a5xbn000000Jp6W","a3Ybn0000004xCvEAI","a18bn000001a1GTAAY","42376467471876861"
"a3fbn000000ftIeAAI","","a3jbn000000ldwc","a3Ybn0000004xCnEAI","a18bn000001a1XMAAY","42376556395775615"
"a3fbn000000ftUpAAI","","a5xbn000000JoxD","a3Ybn0000004xGLEAY","a18bn000001a1hXAAQ","42377524686923934"
"a3fbn000000ftZsAAI","","a3fbn000000fu1t","a3Ybn0000004xIZEAY","a18bn000001a1kEAAQ","42378646402250443"
"a3fbn000000ftQfAAI","","a5xbn000000Jouh","a3Ybn0000004xFiEAI","a18bn000001a1qtAAA","42378690842091361"
"a3fbn000000ftYdAAI","","a3fbn000000fu3I","a3Ybn0000004xH5EAI","a18bn000001a1mEAAQ","42378920620542046"
"a3fbn000000ftwtAAA","","a9Ibn000001OBFc","a3Ybn0000004xGVEAY","a18bn000001a1EYAAY","42379191124849142"
"a3fbn000000ftVAAAY","","a5xbn000000JoxW","a3Ybn0000004xKHEAY","a18bn000001a1u4AAA","42379412654017805"
"a3fbn000000fthDAAQ","","a3fbn000000fu4L","a3Ybn0000004xH0EAI","a18bn000001a18iAAA","42379484969108003"
"a3fbn000000ftLuAAI","","a3jbn000000ldxj","a3Ybn0000004xG2EAI","a18bn000001a1V8AAI","42379535459415853"
"a3fbn000000fto0AAA","","a5xbn000000Jouw","a3Ybn0000004xJnEAI","a18bn000001Zt0NAAS","42379770317103671"
"a3fbn000000ftSHAAY","","a5xbn000000JomP","a3Ybn0000004xDYEAY","a18bn000001a1sRAAQ","42379959432657270"
"a3fbn000000ftCrAAI","","a9Ibn000001OAiN","a3Ybn0000004xGVEAY","a18bn000001a1S2AAI","42380120924561137"
"a3fbn000000ftGgAAI","","a5xbn000000Joso","a3Ybn0000004xHkEAI","a18bn000001a1VZAAY","42380164144712193"
"a3fbn000000ftDvAAI","","a5xbn000000Jor5","a3Ybn0000004xFiEAI","a18bn000001a1UcAAI","42380349294770660"
"a3fbn000000ftDqAAI","","a5xbn000000Jor1","a3Ybn0000004xCvEAI","a18bn000001a1UVAAY","42380845324004435"
"a3fbn000000ftRlAAI","","a5xbn000000Jom5","a3Ybn0000004xCvEAI","a18bn000001a1o1AAA","42381053543012409"
"a3fbn000000ftUfAAI","","a5xbn000000Jox3","a3Ybn0000004xK7EAI","a18bn000001a1tUAAQ","42381344509514318"
"a3fbn000000ftkgAAA","","a3jbn000000le1d","a3Ybn0000004xGoEAI","a18bn000001a154AAA","42381516294807975"
"a3fbn000000ftk8AAA","","a5xbn000000Jp3b","a3Ybn0000004xHXEAY","a18bn000001a12CAAQ","42381567644683066"
"a3fbn000000ft6TAAQ","","a5xbn000000JomR","a3Ybn0000004xDbEAI","a18bn000001a1MKAAY","42381589763923105"
"a3fbn000000ftH7AAI","","a3jbn000000ldw8","a3Ybn0000004xHAEAY","a18bn000001a1VrAAI","42381710568357676"
"a3fbn000000ftjmAAA","","a5xbn000000Jp3S","a3Ybn0000004xHxEAI","a18bn000001Zt03AAC","42383625427693000"
"a3fbn000000ftMHAAY","","a5xbn000000JouL","a3Ybn0000004xJ0EAI","a18bn000001a1aPAAQ","42383972584541722"
"a3fbn000000ftRDAAY","","a5xbn000000Joug","a3Ybn0000004xJkEAI","a18bn000001a1qrAAA","42383979586118825"
"a3fbn000000ftRZAAY","","a5xbn000000Joly","a3Ybn0000004xCvEAI","a18bn000001a1r3AAA","42385302644927682"
"a3fbn000000ftO1AAI","","a5xbn000000Jouj","a3Ybn0000004xJlEAI","a18bn000001a1OaAAI","42385824387250919"
"a3fbn000000ftdGAAQ","","a5xbn000000Jp1X","a3Ybn0000004xIdEAI","a18bn000001a117AAA","42385913006993499"
"a3fbn000000ftkSAAQ","","a5xbn000000Jp3l","a3Ybn0000004xHeEAI","a18bn000001a0yhAAA","42386361258593848"
"a3fbn000000ftj8AAA","","a3fbn000000fu4c","a3Ybn0000004xDFEAY","a18bn000001ZszxAAC","42386888214595704"
"a3fbn000000ftINAAY","","a3jbn000000ldwX","a3Ybn0000004xG2EAI","a18bn000001a1VzAAI","42387184185758364"
"a3fbn000000ftOKAAY","","a6Qbn000000HYOo","a3Ybn0000004xG3EAI","a18bn000001a1McAAI","42387224821683961"
"a3fbn000000ftq7AAA","","a3fbn000000fu4s","a3Ybn0000004xFrEAI","a18bn000001a1BdAAI","42387504350693384"
"a3fbn000000ftUzAAI","","a5xbn000000JoxO","a3Ybn0000004xGCEAY","a18bn000001a1t3AAA","42387506452241438"
"a3fbn000000ft8uAAA","","a5xbn000000Jonh","a3Ybn0000004xF4EAI","a18bn000001a1cVAAQ","42387910710188761"
"a3fbn000000ftngAAA","","a5xbn000000Jp4v","a3Ybn0000004xInEAI","a18bn000001a12FAAQ","42388428308133699"
"a3fbn000000ftZQAAY","","a3jbn000000ldz3","a3Ybn0000004xG2EAI","a18bn000001a1kYAAQ","42388715143183343"
"a3fbn000000ftO5AAI","","a9Ibn000001OAiG","a3Ybn0000004xG2EAI","a18bn000001a1ObAAI","42389019032956545"
"a3fbn000000ftlWAAQ","","a5xbn000000Jp4A","a3Ybn0000004xCvEAI","a18bn000001Zt0AAAS","42389385377352231"
"a3fbn000000ftwcAAA","","a9Ibn000001OBEx","a3Ybn0000004xG2EAI","a18bn000001a1DmAAI","42389566759192308"
"a3fbn000000fthWAAQ","","templatechangeinre","a3Ybn0000004xGiEAI","a18bn000001a16wAAA","42389587352276441"
"a3fbn000000ftyqAAA","","a5xbn000000Jp1q","a3Ybn0000004xFjEAI","a18bn000001a1KgAAI","42389954215936382"
"a3fbn000000ftrOAAQ","","a5xbn000000Jp4r","a3Ybn0000004xFiEAI","a18bn000001a1JfAAI","42390171442723114"
"a3fbn000000ftpbAAA","","a5xbn000000Jom7","a3Ybn0000004xCvEAI","a18bn000001a1LHAAY","42390282516724307"
"a3fbn000000ftYVAAY","","a5xbn000000Jp0G","a3Ybn0000004xDrEAI","a18bn000001a1mLAAQ","42390594930445915"
"a3fbn000000ftaPAAQ","","a5xbn000000Jp0p","a3Ybn0000004xGuEAI","a18bn000001a1kKAAQ","42391150250493733"
"a3fbn000000ft9AAAQ","","a5xbn000000Jonr","a3Ybn0000004xFIEAY","a18bn000001a1dTAAQ","42391173181616037"
"a3fbn000000fttaAAA","","a3jbn000000le3Q","a3Ybn0000004xCnEAI","a18bn000001a1GsAAI","42391352806091483"
"a3fbn000000ftiRAAQ","","a5xbn000000Joma","a3Ybn0000004xCvEAI","a18bn000001a16XAAQ","42391766051494418"
"a3fbn000000ftTTAAY","","a5xbn000000JowY","a3Ybn0000004xCvEAI","a18bn000001a1r8AAA","42391874934538547"
"a3fbn000000ftQPAAY","","Estimated Tax Penalty","a3Ybn0000004xK1EAI","a18bn000001a1rqAAA","42391875995700339"
"a3fbn000000ftS4AAI","","a4Wbn000000hSHu","a3Ybn0000004xHWEAY","a18bn000001a1s5AAA","42391934815177997"
"a3fbn000000ftBsAAI","","a5xbn000000JopK","a3Ybn0000004xGJEAY","a18bn000001a1guAAA","42392046261631261"
"a3fbn000000ftDEAAY","","a5xbn000000JoqW","a3Ybn0000004xGmEAI","a18bn000001a1TmAAI","42393749744251754"
"a3fbn000000ftE6AAI","","a5xbn000000JorD","a3Ybn0000004xCvEAI","a18bn000001a1SVAAY","42394064080966222"
"a3fbn000000ftEVAAY","","a5xbn000000Jorb","a3Ybn0000004xCvEAI","a18bn000001a1T4AAI","42394215599945614"
"a3fbn000000ftv3AAA","","a5xbn000000Jp3B","a3Ybn0000004xHwEAI","a18bn000001a1BzAAI","42394515479737635"
"a3fbn000000ftcXAAQ","","a3jbn000000le02","a3Ybn0000004xDKEAY","a18bn000001a10tAAA","42394819508951816"
"a3fbn000000ftK6AAI","","a3jbn000000ldx8","a3Ybn0000004xDIEAY","a18bn000001a1XdAAI","42395345808634934"
"a3fbn000000ftHkAAI","","ebitdaannualizedname","a3Ybn0000004xDXEAY","a18bn000001a1UyAAI","42395659557482308"
"a3fbn000000ftHXAAY","","a3jbn000000ldwL","a3Ybn0000004xDFEAY","a18bn000001a1YJAAY","42396014962485558"
"a3fbn000000ftdHAAQ","","a3jbn000000le0G","a3Ybn0000004xDNEAY","a18bn000001a117AAA","42396129303380049"
"a3fbn000000fteBAAQ","","a3jbn000000le0U","a3Ybn0000004xG1EAI","a18bn000001a13bAAA","42396427344179599"
"a3fbn000000ftczAAA","","Non-Cash Interest Expense","a3Ybn0000004xIfEAI","a18bn000001a12uAAA","42396672017527876"
"a3fbn000000ftZEAAY","","a3fbn000000fu3N","a3Ybn0000004xHIEAY","a18bn000001a1mHAAQ","42396823498195798"
"a3fbn000000fto9AAA","","a5xbn000000Jook","a3Ybn0000004xFzEAI","a18bn000001a0zXAAQ","42397025327007868"
"a3fbn000000ftjRAAQ","","a5xbn000000Jp1G","a3Ybn0000004xFTEAY","a18bn000001a18xAAA","42397131752096783"
"a3fbn000000ftliAAA","","a5xbn000000Jp4E","a3Ybn0000004xFPEAY","a18bn000001Zt0cAAC","42397161832663622"
"a3fbn000000ftf8AAA","","a3jbn000000le0e","a3Ybn0000004xCvEAI","a18bn000001a19nAAA","42398005263226090"
"a3fbn000000ftJ6AAI","","a5xbn000000Joth","a3Ybn0000004xIMEAY","a18bn000001a1YXAAY","42398895881176761"
"a3fbn000000ftJdAAI","","a3fbn000000fu1m","a3Ybn0000004xIUEAY","a18bn000001a1YvAAI","42399577241657396"
"a3fbn000000ftW8AAI","","a5xbn000000JoyO","a3Ybn0000004xCvEAI","a18bn000001a1heAAA","42399590682331079"
"a3fbn000000ftVmAAI","","EBIT","a3Ybn0000004xDlEAI","a18bn000001a1i6AAA","42400391523974201"
"a3fbn000000ftX7AAI","","a5xbn000000Joz9","a3Ybn0000004xCvEAI","a18bn000001a1iFAAQ","42400673912756324"
"a3fbn000000ftdPAAQ","","a3jbn000000le0J","a3Ybn0000004xDNEAY","a18bn000001a11BAAQ","42400941921617348"
"a3fbn000000ftPjAAI","","a5xbn000000Jovt","a3Ybn0000004xDjEAI","a18bn000001a1mxAAA","42401352082700579"
"a3fbn000000ftJPAAY","","a3jbn000000ldwq","a3Ybn0000004xCnEAI","a18bn000001a1XSAAY","42401524508221999"
"a3fbn000000ftN7AAI","","a3jbn000000ldyO","a3Ybn0000004xJbEAI","a18bn000001a1ZQAAY","42402315756144768"
"a3fbn000000ftuJAAQ","","a5xbn000000Jp1z","a3Ybn0000004xI5EAI","a18bn000001a1GOAAY","42402708947611757"
"a3fbn000000ftM9AAI","","a3fbn000000fu2X","a3Ybn0000004xIxEAI","a18bn000001a1aCAAQ","42402758660842321"
"a3fbn000000ftWwAAI","","ProformaCFC","a3Ybn0000004xI8EAI","a18bn000001a1iEAAQ","42402995485731204"
"a3fbn000000ftKgAAI","","a5xbn000000Joty","a3Ybn0000004xGYEAY","a18bn000001a1ZKAAY","42403037382340077"
"a3fbn000000ftEWAAY","","a5xbn000000Jord","a3Ybn0000004xH4EAI","a18bn000001a1TBAAY","42403342928387160"
"a3fbn000000ftVLAAY","","a5xbn000000Joxi","a3Ybn0000004xKJEAY","a18bn000001a1uEAAQ","42403586111783715"
"a3fbn000000fto7AAA","","a5xbn000000Jovh","a3Ybn0000004xCnEAI","a18bn000001a0zWAAQ","42405026851972917"
"a3fbn000000ftWRAAY","","a5xbn000000Joyc","a3Ybn0000004xJiEAI","a18bn000001a1jXAAQ","42405122478020556"
"a3fbn000000ftcdAAA","","a3jbn000000le07","a3Ybn0000004xHMEAY","a18bn000001a10wAAA","42405300316297901"
"a3fbn000000ftBpAAI","","a5xbn000000JopH","a3Ybn0000004xGGEAY","a18bn000001a1ghAAA","42405332142790172"
"a3fbn000000ftDXAAY","","a5xbn000000Joqq","a3Ybn0000004xGoEAI","a18bn000001a1TwAAI","42405553641192760"
"a3fbn000000ftFYAAY","","a4Wbn000000hSHe","a3Ybn0000004xDHEAY","a18bn000001a1TSAAY","42406134173705745"
"a3fbn000000ftyjAAA","","a5xbn000000Jp5V","a3Ybn0000004xHrEAI","a18bn000001a1KcAAI","42406446019157703"
"a3fbn000000ftC8AAI","","a5xbn000000Jopa","a3Ybn0000004xGNEAY","a18bn000001a1gNAAQ","42406512583409988"
"a3fbn000000ftOYAAY","","a5xbn000000Jouu","a3Ybn0000004xGlEAI","a18bn000001a1QkAAI","42406642037911127"
"a3fbn000000ftScAAI","","a5xbn000000JomW","a3Ybn0000004xDgEAI","a18bn000001a1sfAAA","42406688606756649"
"a3fbn000000ftawAAA","","a5xbn000000JowP","a3Ybn0000004xJxEAI","a18bn000001a1h0AAA","42407432391290192"
"a3fbn000000ftIEAAY","","a3fbn000000fu1W","a3Ybn0000004xHHEAY","a18bn000001a1Z3AAI","42408077559071493"
"a3fbn000000ftmHAAQ","","a5xbn000000Jp4U","a3Ybn0000004xCvEAI","a18bn000001a18yAAA","42408150505114330"
"a3fbn000000ftgnAAA","","a5xbn000000Jp2N","a3Ybn0000004xCnEAI","a18bn000001a0zfAAA","42409252067904677"
"a3fbn000000ftV8AAI","","a5xbn000000JoxX","a3Ybn0000004xG9EAI","a18bn000001a1tyAAA","42410094628792939"
"a3fbn000000ftgyAAA","","a5xbn000000Jp2Q","a3Ybn0000004xDWEAY","a18bn000001a19NAAQ","42410435749957208"
"a3fbn000000ftFFAAY","","a4Wbn000000hSHV","a3Ybn0000004xCxEAI","a18bn000001a1TCAAY","42410789084905595"
"a3fbn000000ftEnAAI","","a4Wbn000000hSHL","a3Ybn0000004xDFEAY","a18bn000001a1SNAAY","42411229925889268"
"a3fbn000000ftBwAAI","","a5xbn000000JopN","a3Ybn0000004xGLEAY","a18bn000001a1RsAAI","42411641609626659"
"a3fbn000000ftwhAAA","","a5xbn000000JouS","a3Ybn0000004xCvEAI","a18bn000001a1JTAAY","42411681713507804"
"a3fbn000000ftaWAAQ","","a3jbn000000ldzP","a3Ybn0000004xDNEAY","a18bn000001a1kaAAA","42412317564476498"
"a3fbn000000ft5yAAA","","a5xbn000000Jom8","a3Ybn0000004xDDEAY","a18bn000001a1R5AAI","42412340444854802"
"a3fbn000000ftP0AAI","","a5xbn000000JovL","a3Ybn0000004xCvEAI","a18bn000001a1NqAAI","42412603772103064"
"a3fbn000000ftU1AAI","","a3jbn000000ldyd","a3Ybn0000004xG6EAI","a18bn000001a1poAAA","42413049004095586"
"a3fbn000000ft9XAAQ","","a5xbn000000Joo1","a3Ybn0000004xFXEAY","a18bn000001a1dmAAA","42413324290464313"
"a3fbn000000ft8nAAA","","a5xbn000000Jond","a3Ybn0000004xExEAI","a18bn000001a1cOAAQ","42413497540205769"
"a3fbn000000ftXEAAY","","a5xbn000000JozH","a3Ybn0000004xIDEAY","a18bn000001a1itAAA","42413683082413480"
"a3fbn000000ftIWAAY","","a5xbn000000JotU","a3Ybn0000004xDbEAI","a18bn000001a1VBAAY","42414915782159168"
"a3fbn000000ftqyAAA","","a5xbn000000Jp39","a3Ybn0000004xI8EAI","a18bn000001a1KrAAI","42415468064578693"
"a3fbn000000ftBCAAY","","a3jbn000000ldvk","a3Ybn0000004xCvEAI","a18bn000001a1fRAAQ","42415590720877538"
"a3fbn000000ftwbAAA","","a5xbn000000Joui","a3Ybn0000004xFiEAI","a18bn000001a1DmAAI","42415602848938485"
"a3fbn000000ftJgAAI","","a3fbn000000fu1p","a3Ybn0000004xIUEAY","a18bn000001a1YwAAI","42415684898381095"
"a3fbn000000ftsTAAQ","","a5xbn000000Jp5k","a3Ybn0000004xGWEAY","a18bn000001a1KUAAY","42415883999858841"
"a3fbn000000ftB4AAI","","a3jbn000000ldvc","a3Ybn0000004xG5EAI","a18bn000001a1fJAAQ","42415976982903616"
"a3fbn000000ftozAAA","","a5xbn000000Jp5J","a3Ybn0000004xGcEAI","a18bn000001a15IAAQ","42416340186791269"
"a3fbn000000ftxAAAQ","","a3fbn000000fu5G","a3Ybn0000004xGzEAI","a18bn000001a1DPAAY","42416346576214035"
"a3fbn000000ft5WAAQ","","a5xbn000000Joly","a3Ybn0000004xCvEAI","a18bn000001a1R1AAI","42416699397040659"
"a3fbn000000ftwSAAQ","","a9Ibn000001OBFV","a3Ybn0000004xG2EAI","a18bn000001a1LCAAY","42416768973151829"
"a3fbn000000ftlgAAA","","a5xbn000000JovS","a3Ybn0000004xGoEAI","a18bn000001Zt0aAAC","42416817139546761"
"a3fbn000000ftokAAA","","DaysinPeriodTemplate","a3Ybn0000004xDOEAY","a18bn000001a127AAA","42417025977336610"
"a3fbn000000ftdDAAQ","","a5xbn000000Jp1V","a3Ybn0000004xIXEAY","a18bn000001a115AAA","42417480080010803"
"a3fbn000000ftjPAAQ","","a3jbn000000le18","a3Ybn0000004xCnEAI","a18bn000001a18kAAA","42417757709453915"
"a3fbn000000ft8LAAQ","","a5xbn000000JonD","a3Ybn0000004xCvEAI","a18bn000001a1byAAA","42417827698354919"
"a3fbn000000ftXHAAY","","a5xbn000000JozJ","a3Ybn0000004xJfEAI","a18bn000001a1iuAAA","42418013486051151"
"a3fbn000000ftBIAAY","","a3jbn000000ldvq","a3Ybn0000004xG9EAI","a18bn000001a1fXAAQ","42418510510524345"
"a3fbn000000ftRiAAI","","a5xbn000000JovO","a3Ybn0000004xCvEAI","a18bn000001a1ndAAA","42418982728212322"
"a3fbn000000ftMVAAY","","a3jbn000000ldy1","a3Ybn0000004xJ9EAI","a18bn000001a1aUAAQ","42419280713805397"
"a3fbn000000ftR2AAI","","a5xbn000000Jove","a3Ybn0000004xCtEAI","a18bn000001a1reAAA","42419293777220744"
"a3fbn000000fttKAAQ","","priorperiodnetworth","a3Ybn0000004xDSEAY","a18bn000001a1HtAAI","42419659229414270"
"a3fbn000000ft9cAAA","","a5xbn000000Joo3","a3Ybn0000004xDIEAY","a18bn000001a1dsAAA","42419741598210326"
"a3fbn000000ftXAAAY","","a5xbn000000JozB","a3Ybn0000004xCvEAI","a18bn000001a1iIAAQ","42420151542836553"
"a3fbn000000ftDAAAY","","a5xbn000000JoqT","a3Ybn0000004xCvEAI","a18bn000001a1T0AAI","42420224185549847"
"a3fbn000000ftIkAAI","","a3fbn000000fu1b","a3Ybn0000004xCxEAI","a18bn000001a1Z6AAI","42420272027276872"
"a3fbn000000ftobAAA","","a5xbn000000JowZ","a3Ybn0000004xCvEAI","a18bn000001Zt0TAAS","42420932358307677"
"a3fbn000000ftihAAA","","a5xbn000000Jp30","a3Ybn0000004xH6EAI","a18bn000001a11oAAA","42421468494297996"
"a3fbn000000ftGVAAY","","a3fbn000000fu1B","a3Ybn0000004xGtEAI","a18bn000001a1UqAAI","42421728824701767"
"a3fbn000000ft6bAAA","","a5xbn000000JomY","a3Ybn0000004xDhEAI","a18bn000001a1MPAAY","42422283291715058"
"a3fbn000000ftlMAAQ","","a5xbn000000JouR","a3Ybn0000004xH3EAI","a18bn000001a1AFAAY","42422707476080573"
"a3fbn000000ftc0AAA","","a5xbn000000Jp1J","a3Ybn0000004xCvEAI","a18bn000001a1AtAAI","42423525530946401"
"a3fbn000000ftsHAAQ","","a5xbn000000Jp4i","a3Ybn0000004xHnEAI","a18bn000001a1I0AAI","42423772403218583"
"a3fbn000000ftk6AAA","","a5xbn000000Jp3a","a3Ybn0000004xIkEAI","a18bn000001a12BAAQ","42424133870953990"
"a3fbn000000ftoAAAQ","","a5xbn000000Jovi","a3Ybn0000004xJoEAI","a18bn000001a0zYAAQ","42424504968056668"
"a3fbn000000ftxFAAQ","","a3fbn000000fu5J","a3Ybn0000004xKREAY","a18bn000001a1DQAAY","42426358132481361"
"a3fbn000000ftK0AAI","","a3fbn000000fu1u","a3Ybn0000004xGVEAY","a18bn000001a1VUAAY","42426755581829183"
"a3fbn000000ftYXAAY","","a5xbn000000Jp0I","a3Ybn0000004xDvEAI","a18bn000001a1mNAAQ","42426764542800639"
"a3fbn000000ftRAAAY","","a9Ibn000001OBEs","a3Ybn0000004xJjEAI","a18bn000001a1qmAAA","42427172814450841"
"a3fbn000000ftu1AAA","","a5xbn000000JomM","a3Ybn0000004xDVEAY","a18bn000001a1KGAAY","42427341072567823"
"a3fbn000000ftg4AAA","","a5xbn000000Jp2H","a3Ybn0000004xKLEAY","a18bn000001Zt0kAAC","42427607957108908"
"a3fbn000000ftPuAAI","","a5xbn000000Jow5","a3Ybn0000004xHJEAY","a18bn000001a1nHAAQ","42428529907557733"
"a3fbn000000ftVYAAY","","a5xbn000000Joxr","a3Ybn0000004xDZEAY","a18bn000001a1ikAAA","42428968535816335"
"a3fbn000000ftWZAAY","","a9Ibn000001OBFB","a3Ybn0000004xJjEAI","a18bn000001a1jXAAQ","42429230045509586"
"a3fbn000000ftELAAY","","a5xbn000000JorS","a3Ybn0000004xCvEAI","a18bn000001a1SlAAI","42429493173507246"
"a3fbn000000ftSlAAI","","a5xbn000000Jomk","a3Ybn0000004xDoEAI","a18bn000001a1qSAAQ","42429546472432223"
"a3fbn000000ftq4AAA","","a3fbn000000fu4q","a3Ybn0000004xKLEAY","a18bn000001a1BcAAI","42429577526116192"
"a3fbn000000ftYsAAI","","a3jbn000000ldyz","a3Ybn0000004xK2EAI","a18bn000001a1kUAAQ","42430147330984975"
"a3fbn000000ftbAAAQ","","a5xbn000000Jp14","a3Ybn0000004xDJEAY","a18bn000001a1AyAAI","42430380885959883"
"a3fbn000000ftLEAAY","","a3fbn000000fu2J","a3Ybn0000004xGoEAI","a18bn000001a1VgAAI","42430744601080638"
"a3fbn000000ftluAAA","","a5xbn000000Jp4L","a3Ybn0000004xGoEAI","a18bn000001a0zOAAQ","4243099840198093"
"a3fbn000000ftn4AAA","","a5xbn000000Jp4l","a3Ybn0000004xCsEAI","a18bn000001a0zUAAQ","42431837077307661"
"a3fbn000000ftooAAA","","a3jbn000000le2K","a3Ybn0000004xCvEAI","a18bn000001a1A9AAI","42432718231667320"
"a3fbn000000ftL7AAI","","a3jbn000000ldxP","a3Ybn0000004xGoEAI","a18bn000001a1VcAAI","42433163674545527"
"a3fbn000000ftMxAAI","","a3fbn000000fu2q","a3Ybn0000004xJUEAY","a18bn000001a1M3AAI","42433164531572546"
"a3fbn000000ftCgAAI","","a5xbn000000Joq3","a3Ybn0000004xCvEAI","a18bn000001a1TAAAY","42433516791152384"
"a3fbn000000ftfcAAA","","a5xbn000000Jp1x","a3Ybn0000004xI4EAI","a18bn000001a16pAAA","42434534799519040"
"a3fbn000000ftF4AAI","","a9Ibn000001OBEo","a3Ybn0000004xG2EAI","a18bn000001a1UJAAY","42434787653936386"
"a3fbn000000ftqaAAA","","a5xbn000000Jp2S","a3Ybn0000004xIGEAY","a18bn000001a1JNAAY","42435763582562449"
"a3fbn000000ft8qAAA","","a5xbn000000Jong","a3Ybn0000004xF0EAI","a18bn000001a1cRAAQ","42436144415506401"
"a3fbn000000ftWEAAY","","a5xbn000000JoyU","a3Ybn0000004xCvEAI","a18bn000001a1jHAAQ","42436420376336992"
"a3fbn000000ftCVAAY","","a5xbn000000Jopu","a3Ybn0000004xGUEAY","a18bn000001a1UfAAI","42436838108096588"
"a3fbn000000ftcLAAQ","","a3jbn000000ldzv","a3Ybn0000004xGVEAY","a18bn000001a12kAAA","42437458717383307"
"a3fbn000000ftygAAA","","a3jbn000000le4N","a3Ybn0000004xHAEAY","a18bn000001a1KaAAI","42437468996840071"
"a3fbn000000ftcPAAQ","","a3jbn000000ldzx","a3Ybn0000004xGVEAY","a18bn000001a12mAAA","42437693882925313"
"a3fbn000000ftPmAAI","","a5xbn000000Jovx","a3Ybn0000004xGlEAI","a18bn000001a1n8AAA","42438000493740659"
"a3fbn000000ftpdAAA","","a5xbn000000Jp5L","a3Ybn0000004xGeEAI","a18bn000001a1LJAAY","42438398450562969"
"a3fbn000000ftu6AAA","","a5xbn000000Jomd","a3Ybn0000004xDkEAI","a18bn000001a1EHAAY","42438448776144251"
"a3fbn000000ftxqAAA","","a5xbn000000Jp6a","a3Ybn0000004xFiEAI","a18bn000001a1DpAAI","42438520361818485"
"a3fbn000000ftPWAAY","","a3fbn000000fu32","a3Ybn0000004xEDEAY","a18bn000001a1hKAAQ","42438994653426357"
"a3fbn000000ftBLAAY","","a3jbn000000ldvt","a3Ybn0000004xG9EAI","a18bn000001a1fZAAQ","42439538563011068"
"a3fbn000000ftUMAAY","","a5xbn000000Jowk","a3Ybn0000004xG6EAI","a18bn000001a1tlAAA","42439577549644398"
"a3fbn000000ftjeAAA","","a5xbn000000Jp3N","a3Ybn0000004xCvEAI","a18bn000001a0zKAAQ","42440039686657220"
"a3fbn000000ftC4AAI","","a5xbn000000JopX","a3Ybn0000004xGMEAY","a18bn000001a1gDAAQ","42440055658984070"
"a3fbn000000ftyRAAQ","","a5xbn000000JowU","a3Ybn0000004xHVEAY","a18bn000001a1BOAAY","42440158042581959"
"a3fbn000000ftUZAAY","","a5xbn000000Jowx","a3Ybn0000004xK7EAI","a18bn000001a1tOAAQ","42440889092659749"
"a3fbn000000ftkfAAA","","Other Accounts Receivable CP","a3Ybn0000004xGpEAI","a18bn000001a154AAA","42440918996787534"
"a3fbn000000ftdIAAQ","","a3jbn000000le0H","a3Ybn0000004xDNEAY","a18bn000001a118AAA","42441136452785805"
"a3fbn000000ftikAAA","","a5xbn000000Jp32","a3Ybn0000004xH8EAI","a18bn000001a11qAAA","42441191588243685"
"a3fbn000000ftNdAAI","","a5xbn000000Joub","a3Ybn0000004xHrEAI","a18bn000001a1NbAAI","42442122077299337"
"a3fbn000000ftHOAAY","","a3jbn000000ldwG","a3Ybn0000004xDFEAY","a18bn000001a1YEAAY","42442213075886981"
"a3fbn000000ftMXAAY","","a3jbn000000ldy3","a3Ybn0000004xJ0EAI","a18bn000001a1aWAAQ","42442222313469062"
"a3fbn000000ft6JAAQ","","a5xbn000000JomG","a3Ybn0000004xDREAY","a18bn000001a1RJAAY","42442468567701633"
"a3fbn000000ftqEAAQ","","a3jbn000000le2p","a3Ybn0000004xG3EAI","a18bn000001a1BhAAI","42443412505138627"
"a3fbn000000ftMcAAI","","a3jbn000000ldy8","a3Ybn0000004xCvEAI","a18bn000001a1LbAAI","42444077634791387"
"a3fbn000000ftHWAAY","","a5xbn000000Jot3","a3Ybn0000004xHyEAI","a18bn000001a1YIAAY","42444145298295185"
"a3fbn000000ftXgAAI","","a5xbn000000Jozc","a3Ybn0000004xDREAY","a18bn000001a1iWAAQ","42444798107648934"
"a3fbn000000ftBjAAI","","a5xbn000000JopB","a3Ybn0000004xGBEAY","a18bn000001a1gHAAQ","42445196809528097"
"a3fbn000000ftH8AAI","","a3jbn000000ldw9","a3Ybn0000004xFvEAI","a18bn000001a1VsAAI","42445296325925480"
"a3fbn000000ftCfAAI","","a5xbn000000Joq2","a3Ybn0000004xCvEAI","a18bn000001a1STAAY","42445751273053822"
"a3fbn000000ftEgAAI","","a5xbn000000Jorn","a3Ybn0000004xCvEAI","a18bn000001a1UNAAY","42445946623608432"
"a3fbn000000ftZYAAY","","a3jbn000000ldz7","a3Ybn0000004xDHEAY","a18bn000001a1lcAAA","42445953122730146"
"a3fbn000000ftM7AAI","","a3jbn000000ldxo","a3Ybn0000004xCvEAI","a18bn000001a1a6AAA","42446316549746041"
"a3fbn000000ftQGAAY","","a6Qbn000000HYOx","a3Ybn0000004xDeEAI","a18bn000001a1rsAAA","42446497112749492"
"a3fbn000000ftmrAAA","","a5xbn000000Jp4i","a3Ybn0000004xHnEAI","a18bn000001a102AAA","42446995706016882"
"a3fbn000000ftJkAAI","","a3jbn000000ldww","a3Ybn0000004xDKEAY","a18bn000001a1X8AAI","42447236126630822"
"a3fbn000000fttMAAQ","","a5xbn000000Jp5U","a3Ybn0000004xDiEAI","a18bn000001a1JdAAI","42448032743984023"
"a3fbn000000ftNbAAI","","a3fbn000000fu2w","a3Ybn0000004xJhEAI","a18bn000001a1NaAAI","42448042428018798"
"a3fbn000000ftayAAA","","a5xbn000000JowQ","a3Ybn0000004xHBEAY","a18bn000001a1h1AAA","42448082815344837"
"a3fbn000000ftrwAAA","","a5xbn000000Jp3E","a3Ybn0000004xJeEAI","a18bn000001a1K0AAI","42448599609224713"
"a3fbn000000ftvLAAQ","","a3fbn000000fu5D","a3Ybn0000004xIUEAY","a18bn000001a1FlAAI","42449000304176964"
"a3fbn000000ftLrAAI","","a5xbn000000JotT","a3Ybn0000004xFiEAI","a18bn000001a1V7AAI","42449172153398880"
"a3fbn000000ft6tAAA","","a5xbn000000Jomp","a3Ybn0000004xDqEAI","a18bn000001a1OJAAY","42449206430915145"
"a3fbn000000ftMOAAY","","a3jbn000000ldxv","a3Ybn0000004xJ0EAI","a18bn000001a1aSAAQ","42449949123795177"
"a3fbn000000ftD5AAI","","a5xbn000000JoqN","a3Ybn0000004xCvEAI","a18bn000001a1UFAAY","42450458571066155"
"a3fbn000000ftT8AAI","","a9Ibn000001OAiG","a3Ybn0000004xG2EAI","a18bn000001a1rpAAA","42450725017312440"
"a3fbn000000ftleAAA","","a5xbn000000JovU","a3Ybn0000004xGnEAI","a18bn000001Zt0ZAAS","42450911356899160"
"a3fbn000000ftSDAAY","","a5xbn000000JomM","a3Ybn0000004xDVEAY","a18bn000001a1sGAAQ","42451005535750179"
"a3fbn000000ftLdAAI","","a5xbn000000JouD","a3Ybn0000004xItEAI","a18bn000001a1W2AAI","42451110750946020"
"a3fbn000000ftDnAAI","","a5xbn000000Joqy","a3Ybn0000004xCvEAI","a18bn000001a1URAAY","42451554635756894"
"a3fbn000000ftOVAAY","","a5xbn000000Jous","a3Ybn0000004xJmEAI","a18bn000001a1OhAAI","42451748520426089"
"a3fbn000000ftolAAA","","a5xbn000000JomI","a3Ybn0000004xDQEAY","a18bn000001a13YAAQ","42451839403010300"
"a3fbn000000ftKGAAY","","a3fbn000000fu1z","a3Ybn0000004xGyEAI","a18bn000001a1WqAAI","42452116834059727"
"a3fbn000000ftcjAAA","","a3jbn000000le0C","a3Ybn0000004xDHEAY","a18bn000001a10zAAA","42453041035930937"
"a3fbn000000ftDlAAI","","a5xbn000000Joqw","a3Ybn0000004xCvEAI","a18bn000001a1UMAAY","42453876563404564"
"a3fbn000000ft5zAAA","","a4Wbn000000hSHD","a3Ybn0000004xDEEAY","a18bn000001a1R3AAI","42454472745429645"
"a3fbn000000ftc4AAA","","a3jbn000000ldzm","a3Ybn0000004xG2EAI","a18bn000001a10nAAA","42455335982512404"
"a3fbn000000fta0AAA","","a5xbn000000Jp0k","a3Ybn0000004xGXEAY","a18bn000001a1mRAAQ","42455561494093843"
"a3fbn000000ft8aAAA","","a5xbn000000JonS","a3Ybn0000004xEkEAI","a18bn000001a1cDAAQ","42456049941660466"
"a3fbn000000ft6pAAA","","a5xbn000000Jomk","a3Ybn0000004xDoEAI","a18bn000001a1OFAAY","42456116131011577"
"a3fbn000000ftpfAAA","","a5xbn000000Jp5N","a3Ybn0000004xGgEAI","a18bn000001a1LLAAY","42456389846840080"
"a3fbn000000ftwWAAQ","","a9Ibn000001OBEu","a3Ybn0000004xG2EAI","a18bn000001a1LEAAY","42456493954660494"
"a3fbn000000ftxXAAQ","","a5xbn000000Jomi","a3Ybn0000004xCvEAI","a18bn000001a1HZAAY","42457413872108341"
"a3fbn000000ftaaAAA","","a3fbn000000fu3k","a3Ybn0000004xGjEAI","a18bn000001a1jpAAA","42457745461962848"
"a3fbn000000ftUOAAY","","a5xbn000000Jown","a3Ybn0000004xGBEAY","a18bn000001a1t5AAA","42457772382200983"
"a3fbn000000ftdTAAQ","","a3jbn000000le0M","a3Ybn0000004xDNEAY","a18bn000001a11DAAQ","42457852448950487"
"a3fbn000000ftNuAAI","","a9Ibn000001OBEv","a3Ybn0000004xHtEAI","a18bn000001a1OWAAY","42457978975366846"
"a3fbn000000fts1AAA","","a3fbn000000fu4A","a3Ybn0000004xFIEAY","a18bn000001a1E2AAI","42458790308893287"
"a3fbn000000ftUIAAY","","a5xbn000000Jowg","a3Ybn0000004xGBEAY","a18bn000001a1tJAAQ","42458866169359551"
"a3fbn000000ftB1AAI","","a6Qbn000000HYOk","a3Ybn0000004xD8EAI","a18bn000001a1f3AAA","42458982456431683"
"a3fbn000000ftOjAAI","","a5xbn000000Jov4","a3Ybn0000004xCvEAI","a18bn000001a1PLAAY","42459105645543922"
"a3fbn000000ftyDAAQ","","a5xbn000000Jp6g","a3Ybn0000004xHQEAY","a18bn000001a1BHAAY","42459223330831824"
"a3fbn000000ftHxAAI","","a3jbn000000ldwT","a3Ybn0000004xDFEAY","a18bn000001a1YRAAY","42459541733923158"
"a3fbn000000ftKJAAY","","a5xbn000000Jotu","a3Ybn0000004xFZEAY","a18bn000001a1XhAAI","42459582567309495"
"a3fbn000000ftCcAAI","","a5xbn000000Jopz","a3Ybn0000004xCvEAI","a18bn000001a1T8AAI","42459609955932065"
"a3fbn000000ftYWAAY","","a5xbn000000Jp0H","a3Ybn0000004xDwEAI","a18bn000001a1mMAAQ","42460014516886650"
"a3fbn000000ftHmAAI","","a5xbn000000JotG","a3Ybn0000004xI9EAI","a18bn000001a1YNAAY","42460101115730263"
"a3fbn000000ftjVAAQ","","a3jbn000000le17","a3Ybn0000004xFTEAY","a18bn000001a17zAAA","42460349864574792"
"a3fbn000000ftEJAAY","","a5xbn000000JorQ","a3Ybn0000004xCvEAI","a18bn000001a1SjAAI","42460426485663921"
"a3fbn000000ftCwAAI","","a5xbn000000JoqE","a3Ybn0000004xGdEAI","a18bn000001a1U6AAI","42460449951751732"
"a3fbn000000ftGTAAY","","a3fbn000000fu1B","a3Ybn0000004xGtEAI","a18bn000001a1UpAAI","42461086028669831"
"a3fbn000000ftp4AAA","","a3jbn000000le2R","a3Ybn0000004xFvEAI","a18bn000001a1AmAAI","42461149586452361"
"a3fbn000000ftImAAI","","a3fbn000000fu1d","a3Ybn0000004xIKEAY","a18bn000001a1Z7AAI","42461177488840122"
"a3fbn000000ftJxAAI","","a3fbn000000fu1u","a3Ybn0000004xGVEAY","a18bn000001a1VTAAY","42461183667648424"
"a3fbn000000ftORAAY","","CFAvailtoServiceDebt","a3Ybn0000004xHpEAI","a18bn000001a1NkAAI","42462089272471596"
"a3fbn000000ft9sAAA","","a3fbn000000fu0t","a3Ybn0000004xDeEAI","a18bn000001a1e4AAA","42462564979806243"
"a3fbn000000ftwxAAA","","a5xbn000000Joul","a3Ybn0000004xCvEAI","a18bn000001a1EaAAI","42463130184876609"
"a3fbn000000ftwwAAA","","a9Ibn000001OBFd","a3Ybn0000004xGVEAY","a18bn000001a1EZAAY","42463359367617321"
"a3fbn000000ftSOAAY","","a9Ibn000001OBEp","a3Ybn0000004xHAEAY","a18bn000001a1qhAAA","42463364836987373"
"a3fbn000000ftN4AAI","","a3jbn000000ldyI","a3Ybn0000004xCvEAI","a18bn000001a1MCAAY","42464562977692386"
"a3fbn000000ftFuAAI","","a5xbn000000JosU","a3Ybn0000004xFzEAI","a18bn000001a1S8AAI","42464568325451931"
"a3fbn000000ftUmAAI","","a5xbn000000JoxA","a3Ybn0000004xK7EAI","a18bn000001a1tbAAA","42464580710512082"
"a3fbn000000ftA3AAI","","a3fbn000000fu0x","a3Ybn0000004xFhEAI","a18bn000001a1eGAAQ","42464927823432229"
"a3fbn000000ftlJAAQ","","a5xbn000000Jp45","a3Ybn0000004xCvEAI","a18bn000001a16UAAQ","42465512119300359"
"a3fbn000000ftlkAAA","","a5xbn000000Jp4F","a3Ybn0000004xGoEAI","a18bn000001Zt0cAAC","42466268495682120"
"a3fbn000000ftOoAAI","","a5xbn000000Jov9","a3Ybn0000004xCvEAI","a18bn000001a1MdAAI","42466434687479127"
"a3fbn000000ftK2AAI","","a3jbn000000ldx7","a3Ybn0000004xDIEAY","a18bn000001a1XbAAI","42466468995038164"
"a3fbn000000ftP9AAI","","a5xbn000000JovS","a3Ybn0000004xGoEAI","a18bn000001a1QmAAI","42466569732381664"
"a3fbn000000ftBFAAY","","a3jbn000000ldvn","a3Ybn0000004xG8EAI","a18bn000001a1fUAAQ","42467008683297481"
"a3fbn000000ftoUAAQ","","a5xbn000000Jp5C","a3Ybn0000004xHQEAY","a18bn000001a0ysAAA","42467107037374013"
"a3fbn000000ftiFAAQ","","a5xbn000000Jp2v","a3Ybn0000004xCvEAI","a18bn000001a0zBAAQ","42467302543576432"
"a3fbn000000ftApAAI","","a4Wbn000000hSHG","a3Ybn0000004xDFEAY","a18bn000001a1fpAAA","42467471002416342"
"a3fbn000000ftR3AAI","","a5xbn000000Jovf","a3Ybn0000004xCuEAI","a18bn000001a1reAAA","42467841049940564"
"a3fbn000000ftovAAA","","a3jbn000000le2N","a3Ybn0000004xDKEAY","a18bn000001a0yxAAA","42468622868820992"
"a3fbn000000ftgoAAA","","a5xbn000000Jolw","a3Ybn0000004xCqEAI","a18bn000001a0zgAAA","42468738272662484"
"a3fbn000000ftUuAAI","","a5xbn000000JoxI","a3Ybn0000004xGCEAY","a18bn000001a1syAAA","42468780868534687"
"a3fbn000000ftuhAAA","","a5xbn000000Jp5f","a3Ybn0000004xDpEAI","a18bn000001a1GiAAI","42469868419068766"
"a3fbn000000ftTlAAI","","M1 3 Expenses","a3Ybn0000004xCzEAI","a18bn000001a1pGAAQ","42469916159025838"
"a3fbn000000ftbYAAQ","","a5xbn000000Jp1F","a3Ybn0000004xFiEAI","a18bn000001a10mAAA","42470502852675432"
"a3fbn000000ftJUAAY","","a5xbn000000Jots","a3Ybn0000004xCpEAI","a18bn000001a1XWAAY","42470565873428755"
"a3fbn000000fthYAAQ","","a5xbn000000Jp2c","a3Ybn0000004xGgEAI","a18bn000001a16yAAA","42470887540249248"
"a3fbn000000ftiBAAQ","","a5xbn000000Jov5","a3Ybn0000004xCvEAI","a18bn000001a0z8AAA","42471149295313244"
"a3fbn000000ftMrAAI","","a3fbn000000fu2k","a3Ybn0000004xJOEAY","a18bn000001a1LvAAI","42471244589052328"
"a3fbn000000ftgpAAA","","a5xbn000000Jolx","a3Ybn0000004xCnEAI","a18bn000001a0zgAAA","42471584998507989"
"a3fbn000000ftarAAA","","a3jbn000000ldzY","a3Ybn0000004xKUEAY","a18bn000001a1mcAAA","42471972815926856"
"a3fbn000000ftwlAAA","","a5xbn000000Jp6I","a3Ybn0000004xGUEAY","a18bn000001a1DxAAI","42472129250774675"
"a3fbn000000ftQoAAI","","a5xbn000000JovT","a3Ybn0000004xFIEAY","a18bn000001a1rYAAQ","42473370358276154"
"a3fbn000000ftmyAAA","","a5xbn000000Jouu","a3Ybn0000004xGlEAI","a18bn000001a0zRAAQ","42473455107111662"
"a3fbn000000ftqfAAA","","a5xbn000000Jp5V","a3Ybn0000004xHrEAI","a18bn000001a1FGAAY","42473761583179061"
"a3fbn000000ft8FAAQ","","a5xbn000000Jon8","a3Ybn0000004xEQEAY","a18bn000001a1brAAA","42473767397815379"
"a3fbn000000ft9DAAQ","","a5xbn000000Jonu","a3Ybn0000004xFLEAY","a18bn000001a1dWAAQ","42473779965229297"
"a3fbn000000ftVGAAY","","a5xbn000000Joxd","a3Ybn0000004xGSEAY","a18bn000001a1teAAA","42474066280461663"
"a3fbn000000ftITAAY","","a5xbn000000JotW","a3Ybn0000004xDaEAI","a18bn000001a1VCAAY","42474265102627214"
"a3fbn000000ftOmAAI","","a5xbn000000Jov7","a3Ybn0000004xCvEAI","a18bn000001a1MeAAI","42474641112056205"
"a3fbn000000ftQbAAI","","a5xbn000000JovP","a3Ybn0000004xCvEAI","a18bn000001a1oNAAQ","42475410282628477"
"a3fbn000000ftBAAAY","","a3jbn000000ldvi","a3Ybn0000004xG7EAI","a18bn000001a1fPAAQ","42475599223717548"
"a3fbn000000ft8BAAQ","","a5xbn000000Jon3","a3Ybn0000004xCvEAI","a18bn000001a1bmAAA","42475659685068956"
"a3fbn000000ftMbAAI","","a3jbn000000ldy7","a3Ybn0000004xJDEAY","a18bn000001a1aYAAQ","42476007802556334"
"a3fbn000000ftw3AAA","","a5xbn000000Jp5A","a3Ybn0000004xDIEAY","a18bn000001a1LRAAY","42476056222893105"
"a3fbn000000ftTXAAY","","a5xbn000000Jov5","a3Ybn0000004xCvEAI","a18bn000001a1rCAAQ","42476250572844576"
"a3fbn000000ft6FAAQ","","a5xbn000000JomF","a3Ybn0000004xCvEAI","a18bn000001a1REAAY","42477157293137500"
"a3fbn000000ftYAAAY","","a3jbn000000ldyp","a3Ybn0000004xHAEAY","a18bn000001a1k8AAA","42477801129201328"
"a3fbn000000ftSFAAY","","a5xbn000000JomN","a3Ybn0000004xDWEAY","a18bn000001a1sIAAQ","42478667218914219"
"a3fbn000000fthgAAA","","a5xbn000000Jov6","a3Ybn0000004xCvEAI","a18bn000001a0z2AAA","42478873814620241"
"a3fbn000000ftnyAAA","","a5xbn000000JowX","a3Ybn0000004xHqEAI","a18bn000001Zt0LAAS","42479155577862278"
"a3fbn000000ftT5AAI","","a9Ibn000001OBEy","a3Ybn0000004xG2EAI","a18bn000001a1roAAA","42480166545520355"
"a3fbn000000ftYtAAI","","a5xbn000000Jp0S","a3Ybn0000004xJkEAI","a18bn000001a1kVAAQ","42480959242739509"
"a3fbn000000ftaIAAQ","","a3fbn000000fu3e","a3Ybn0000004xCsEAI","a18bn000001a1l9AAA","42481630264690430"
"a3fbn000000ftjiAAA","","a5xbn000000Jp3Q","a3Ybn0000004xCvEAI","a18bn000001a11LAAQ","42481683900380474"
"a3fbn000000ftdYAAQ","","a5xbn000000Jp1g","a3Ybn0000004xHUEAY","a18bn000001a11GAAQ","42482160129762599"
"a3fbn000000ftBfAAI","","a5xbn000000Jop8","a3Ybn0000004xG6EAI","a18bn000001a1RkAAI","42483005578489046"
"a3fbn000000ftRFAAY","","a9Ibn000001OBEr","a3Ybn0000004xGVEAY","a18bn000001a1qlAAA","42483045317410825"
"a3fbn000000ft9hAAA","","a5xbn000000Joo8","a3Ybn0000004xCvEAI","a18bn000001a1dwAAA","42483314735039676"
"a3fbn000000ftkpAAA","","a5xbn000000Jp3U","a3Ybn0000004xGxEAI","a18bn000001a158AAA","42483327543120868"
"a3fbn000000ftGUAAY","","a3fbn000000fu1C","a3Ybn0000004xHgEAI","a18bn000001a1UqAAI","42483393255126335"
"a3fbn000000ftCZAAY","","a5xbn000000Jopw","a3Ybn0000004xCvEAI","a18bn000001a1T5AAI","42483900485880626"
"a3fbn000000ftBrAAI","","a5xbn000000JopJ","a3Ybn0000004xGIEAY","a18bn000001a1gMAAQ","42484169365298302"
"a3fbn000000ftb2AAA","","a5xbn000000JowW","a3Ybn0000004xCvEAI","a18bn000001a1h2AAA","42484615543168632"
"a3fbn000000ftZgAAI","","a3jbn000000ldx3","a3Ybn0000004xGVEAY","a18bn000001a1kBAAQ","42484742993228697"
"a3fbn000000ftLVAAY","","a3jbn000000ldxW","a3Ybn0000004xGoEAI","a18bn000001a1VoAAI","42484933927449457"
"a3fbn000000ftX4AAI","","a5xbn000000Joz6","a3Ybn0000004xCvEAI","a18bn000001a1iQAAQ","42485184189680639"
"a3fbn000000ftAbAAI","","a3fbn000000fu13","a3Ybn0000004xFvEAI","a18bn000001a1bIAAQ","42485214581065319"
"a3fbn000000ftFeAAI","","a4Wbn000000hSHh","a3Ybn0000004xHSEAY","a18bn000001a1TbAAI","42486486034111638"
"a3fbn000000ftOXAAY","","a5xbn000000Jour","a3Ybn0000004xGkEAI","a18bn000001a1QjAAI","42486576598881032"
"a3fbn000000ftPIAAY","","a5xbn000000Jovb","a3Ybn0000004xGnEAI","a18bn000001a1QpAAI","42486862074281090"
"a3fbn000000ftEpAAI","","a4Wbn000000hSHM","a3Ybn0000004xDFEAY","a18bn000001a1SOAAY","42486959169106490"
"a3fbn000000ft5SAAQ","","a6Qbn000000HYOf","a3Ybn0000004xCrEAI","a18bn000001a1QzAAI","42487211725212112"
"a3fbn000000ftYyAAI","","priorperiodnetprofit","a3Ybn0000004xDVEAY","a18bn000001a1kmAAA","42487313177823651"
"a3fbn000000ftCoAAI","","a5xbn000000Joq8","a3Ybn0000004xGZEAY","a18bn000001a1S1AAI","42487704325308089"
"a3fbn000000ftKqAAI","","a3fbn000000fu2H","a3Ybn0000004xCrEAI","a18bn000001a1XBAAY","42487846797966163"
"a3fbn000000ftcUAAQ","","a3fbn000000fu3o","a3Ybn0000004xGVEAY","a18bn000001a12pAAA","42487919958461103"
"a3fbn000000ftR8AAI","","a5xbn000000Jovk","a3Ybn0000004xHYEAY","a18bn000001a1rhAAA","42488424965456249"
"a3fbn000000ftCTAAY","","a5xbn000000Jops","a3Ybn0000004xCvEAI","a18bn000001a1U3AAI","42489025003418296"
"a3fbn000000ftJ1AAI","","a3jbn000000ldwS","a3Ybn0000004xDFEAY","a18bn000001a1YVAAY","42489154838547907"
"a3fbn000000ftA2AAI","","a3fbn000000fu0w","a3Ybn0000004xFgEAI","a18bn000001a1eFAAQ","42489285180749831"
"a3fbn000000ftMaAAI","","a3jbn000000ldy6","a3Ybn0000004xJCEAY","a18bn000001a1aXAAQ","42489434942770704"
"a3fbn000000ftQ3AAI","","a5xbn000000JowD","a3Ybn0000004xJxEAI","a18bn000001a1nTAAQ","42489659692541246"
"a3fbn000000fttxAAA","","a5xbn000000Jp5p","a3Ybn0000004xIaEAI","a18bn000001a1DvAAI","42490039686621362"
"a3fbn000000ftkPAAQ","","a3jbn000000le1X","a3Ybn0000004xDFEAY","a18bn000001a0yfAAA","42490264391775256"
"a3fbn000000ftROAAY","","a5xbn000000JovF","a3Ybn0000004xCvEAI","a18bn000001a1pjAAA","42490384417236012"
"a3fbn000000fthXAAQ","","a5xbn000000Jp2b","a3Ybn0000004xHoEAI","a18bn000001a16xAAA","42490574473722228"
"a3fbn000000ft6mAAA","","a5xbn000000Jomh","a3Ybn0000004xCvEAI","a18bn000001a1OCAAY","42490958081159760"
"a3fbn000000ftweAAA","","a9Ibn000001OBFY","a3Ybn0000004xG2EAI","a18bn000001a1DnAAI","42490958148122391"
"a3fbn000000ftGSAAY","","a3fbn000000fu1A","a3Ybn0000004xGsEAI","a18bn000001a1UpAAI","42491920950563247"
"a3fbn000000ftNAAAY","","a3jbn000000ldyR","a3Ybn0000004xCvEAI","a18bn000001a1ZVAAY","42491976483407448"
"a3fbn000000ftWFAAY","","a5xbn000000JoyS","a3Ybn0000004xCvEAI","a18bn000001a1jIAAQ","42492965026158717"
"a3fbn000000ftKmAAI","","a3fbn000000fu2D","a3Ybn0000004xCrEAI","a18bn000001a1X9AAI","42493298383692566"
"a3fbn000000ftQpAAI","","a5xbn000000JovU","a3Ybn0000004xGnEAI","a18bn000001a1rYAAQ","42493527276354582"
"a3fbn000000ftKbAAI","","a3fbn000000fu27","a3Ybn0000004xGVEAY","a18bn000001a1ZHAAY","42493596175073172"
"a3fbn000000ftwkAAA","","a5xbn000000Jp6H","a3Ybn0000004xCsEAI","a18bn000001a1BSAAY","42493672286362677"
"a3fbn000000ft6oAAA","","a5xbn000000Jomj","a3Ybn0000004xCvEAI","a18bn000001a1OAAAY","42493980212891202"
"a3fbn000000ftvmAAA","","a3jbn000000le44","a3Ybn0000004xGoEAI","a18bn000001a1KRAAY","42493999169398164"
"a3fbn000000ftiGAAQ","","a5xbn000000Jov9","a3Ybn0000004xCvEAI","a18bn000001a0zCAAQ","42494147432727872"
"a3fbn000000ftS5AAI","","a5xbn000000JomE","a3Ybn0000004xCvEAI","a18bn000001a1s2AAA","42494156086174381"
"a3fbn000000ft8yAAA","","a5xbn000000Jono","a3Ybn0000004xF8EAI","a18bn000001a1ccAAA","42494439506326610"
"a3fbn000000ftTYAAY","","a5xbn000000Jov6","a3Ybn0000004xCvEAI","a18bn000001a1rDAAQ","42494557521008622"
"a3fbn000000ftGIAAY","","a4Wbn000000hSHr","a3Ybn0000004xDFEAY","a18bn000001a1SKAAY","42494617826890187"
"a3fbn000000ft8KAAQ","","a5xbn000000JonC","a3Ybn0000004xEVEAY","a18bn000001a1bxAAA","42495131785472580"
"a3fbn000000ftd1AAA","","a3fbn000000fu3w","a3Ybn0000004xIgEAI","a18bn000001a12vAAA","42495166033700122"
"a3fbn000000ft8wAAA","","a5xbn000000Jonm","a3Ybn0000004xF6EAI","a18bn000001a1cXAAQ","42495327402918303"
"a3fbn000000ftmhAAA","","a3fbn000000fu4l","a3Ybn0000004xCsEAI","a18bn000001a15AAAQ","42495634161566492"
"a3fbn000000ftpSAAQ","","a5xbn000000Jp1Z","a3Ybn0000004xG0EAI","a18bn000001a1FxAAI","42496156367645582"
"a3fbn000000ftVOAAY","","a5xbn000000Joxk","a3Ybn0000004xCvEAI","a18bn000001a1jCAAQ","4249618692486966"
"a3fbn000000fto1AAA","","a5xbn000000Jouy","a3Ybn0000004xCvEAI","a18bn000001Zt0OAAS","42496590281977227"
"a3fbn000000ftpJAAQ","","a5xbn000000Jp1V","a3Ybn0000004xIXEAY","a18bn000001a1LXAAY","42496941179376677"
"a3fbn000000ftCUAAY","","a5xbn000000Jopt","a3Ybn0000004xCvEAI","a18bn000001a1U4AAI","42497103403848375"
"a3fbn000000ftmlAAA","","a5xbn000000Jp4f","a3Ybn0000004xGpEAI","a18bn000001a0zzAAA","42497345227305659"
"a3fbn000000ftR1AAI","","a5xbn000000Jovd","a3Ybn0000004xGzEAI","a18bn000001a1rdAAA","42497463357453060"
"a3fbn000000fthaAAA","","a5xbn000000Jov2","a3Ybn0000004xCvEAI","a18bn000001Zt0VAAS","42498314061609153"
"a3fbn000000fteAAAQ","","a3jbn000000le0T","a3Ybn0000004xDNEAY","a18bn000001a13bAAA","42498568961234156"
"a3fbn000000ftiEAAQ","","a5xbn000000Jp2u","a3Ybn0000004xCvEAI","a18bn000001a0zAAAQ","42500379440878350"
"a3fbn000000ftNQAAY","","a5xbn000000JouR","a3Ybn0000004xH3EAI","a18bn000001a1NRAAY","42500513427473373"
"a3fbn000000ftmNAAQ","","a5xbn000000Jp4W","a3Ybn0000004xHIEAY","a18bn000001a11wAAA","42500603221146647"
"a3fbn000000ftJAAAY","","a3jbn000000ldwi","a3Ybn0000004xDKEAY","a18bn000001a1X4AAI","42500824083104680"
"a3fbn000000ftkBAAQ","","a5xbn000000Jp3c","a3Ybn0000004xHyEAI","a18bn000001Zt04AAC","42501224892965891"
"a3fbn000000ftnDAAQ","","a5xbn000000Jomv","a3Ybn0000004xDwEAI","a18bn000001a16iAAA","42501502336973631"
"a3fbn000000ftJBAAY","","a5xbn000000Jotk","a3Ybn0000004xIOEAY","a18bn000001a1X5AAI","42502660293356603"
"a3fbn000000ftG0AAI","","a5xbn000000Josa","a3Ybn0000004xHaEAI","a18bn000001a1SBAAY","42503302299265136"
"a3fbn000000ftSRAAY","","a9Ibn000001OBEq","a3Ybn0000004xHuEAI","a18bn000001a1qiAAA","42504018576732578"
"a3fbn000000fttoAAA","","a3fbn000000fu4U","a3Ybn0000004xHGEAY","a18bn000001a1HGAAY","42504235121789652"
"a3fbn000000ftUiAAI","","a5xbn000000Jox6","a3Ybn0000004xK7EAI","a18bn000001a1tXAAQ","42504452302085086"
"a3fbn000000ftMmAAI","","a3fbn000000fu2f","a3Ybn0000004xJJEAY","a18bn000001a1LpAAI","42504703819823198"
"a3fbn000000ftBOAAY","","a3jbn000000ldvw","a3Ybn0000004xG9EAI","a18bn000001a1fdAAA","42504709772766549"
"a3fbn000000ftiCAAQ","","a5xbn000000Jp2s","a3Ybn0000004xCvEAI","a18bn000001a0z7AAA","42504776008777218"
"a3fbn000000ftGbAAI","","a3fbn000000fu1B","a3Ybn0000004xGtEAI","a18bn000001a1UtAAI","42505432600357208"
"a3fbn000000ftUCAAY","","a5xbn000000Jowa","a3Ybn0000004xGBEAY","a18bn000001a1tDAAQ","42505493580893190"
"a3fbn000000ftTBAAY","","a6Qbn000000HYOu","a3Ybn0000004xHtEAI","a18bn000001a1rlAAA","42505675990790720"
"a3fbn000000ftjwAAA","","a5xbn000000Jp3V","a3Ybn0000004xH0EAI","a18bn000001a10GAAQ","42505765504003562"
"a3fbn000000ftY0AAI","","a5xbn000000Jozt","a3Ybn0000004xDtEAI","a18bn000001a1mPAAQ","42505904146308783"
"a3fbn000000ftw9AAA","","a9Ibn000001OBF1","a3Ybn0000004xHuEAI","a18bn000001a1JaAAI","42506275415974609"
"a3fbn000000ftYzAAI","","priorperiodoperatingprofit","a3Ybn0000004xDUEAY","a18bn000001a1knAAA","42506612564998779"
"a3fbn000000ftnBAAQ","","a5xbn000000Jomq","a3Ybn0000004xDvEAI","a18bn000001a16hAAA","42507446003243994"
"a3fbn000000ftiJAAQ","","a5xbn000000JomP","a3Ybn0000004xDYEAY","a18bn000001a1AcAAI","42508048849696073"
"a3fbn000000ftiQAAQ","","a5xbn000000JomV","a3Ybn0000004xCvEAI","a18bn000001a16YAAQ","42508292292522406"
"a3fbn000000ftJqAAI","","a3jbn000000ldx1","a3Ybn0000004xDKEAY","a18bn000001a1XaAAI","42508592706247515"
"a3fbn000000ftTUAAY","","a5xbn000000Jov1","a3Ybn0000004xCvEAI","a18bn000001a1r9AAA","42508803619048828"
"a3fbn000000ftRbAAI","","a4Wbn000000hSHB","a3Ybn0000004xCxEAI","a18bn000001a1r4AAA","42509122893119670"
"a3fbn000000ftMCAAY","","a5xbn000000JouJ","a3Ybn0000004xJ0EAI","a18bn000001a1aMAAQ","42509542733915326"
"a3fbn000000ftf7AAA","","a3fbn000000fu46","a3Ybn0000004xGnEAI","a18bn000001a15bAAA","42509633496135126"
"a3fbn000000ftaLAAQ","","a3fbn000000fu3g","a3Ybn0000004xCuEAI","a18bn000001a1lAAAQ","42509698945941900"
"a3fbn000000ftraAAA","","a5xbn000000Jp1M","a3Ybn0000004xFiEAI","a18bn000001a1JlAAI","42510050844091202"
"a3fbn000000ftb5AAA","","a5xbn000000JowY","a3Ybn0000004xCvEAI","a18bn000001a1h5AAA","42510194813834518"
"a3fbn000000ftd6AAA","","a3jbn000000le0D","a3Ybn0000004xDKEAY","a18bn000001a111AAA","42510287266558244"
"a3fbn000000ftfgAAA","","a5xbn000000Jp21","a3Ybn0000004xI3EAI","a18bn000001a17KAAQ","42510604475555510"
"a3fbn000000ftWPAAY","","a5xbn000000Joyb","a3Ybn0000004xFjEAI","a18bn000001a1jWAAQ","42510851046136226"
"a3fbn000000ftGcAAI","","a3fbn000000fu1F","a3Ybn0000004xHjEAI","a18bn000001a1VYAAY","42510872935162110"
"a3fbn000000ftUNAAY","","a5xbn000000Jowl","a3Ybn0000004xGBEAY","a18bn000001a1tcAAA","42511016038543730"
"a3fbn000000ftAPAAY","","a5xbn000000JooX","a3Ybn0000004xFoEAI","a18bn000001a1aiAAA","42511088918406322"
"a3fbn000000ftgCAAQ","","a5xbn000000Jp2I","a3Ybn0000004xFrEAI","a18bn000001Zt0oAAC","42511348520460848"
"a3fbn000000ft73AAA","","a5xbn000000Jomy","a3Ybn0000004xCvEAI","a18bn000001a1MTAAY","42511608648759352"
"a3fbn000000ftgkAAA","","a5xbn000000Jolu","a3Ybn0000004xCpEAI","a18bn000001a0zeAAA","42511689511012360"
"a3fbn000000ftFlAAI","","a5xbn000000JosM","a3Ybn0000004xG1EAI","a18bn000001a1TfAAI","42513602848236714"
"a3fbn000000ft6nAAA","","a5xbn000000Jomi","a3Ybn0000004xCvEAI","a18bn000001a1ODAAY","42513640040713489"
"a3fbn000000ft9zAAA","","a5xbn000000JooC","a3Ybn0000004xFfEAI","a18bn000001a1eDAAQ","42513715219830610"
"a3fbn000000ftvUAAQ","","a5xbn000000Jp68","a3Ybn0000004xILEAY","a18bn000001a1C8AAI","42513955457382885"
"a3fbn000000ftZqAAI","","a5xbn000000Jp0h","a3Ybn0000004xHUEAY","a18bn000001a1lDAAQ","42514873848664948"
"a3fbn000000ftjBAAQ","","a3fbn000000fu4c","a3Ybn0000004xDFEAY","a18bn000001ZszzAAC","42515319791318415"
"a3fbn000000ftBXAAY","","a5xbn000000Jooz","a3Ybn0000004xGBEAY","a18bn000001a1gbAAA","42515578842272736"
"a3fbn000000ftxrAAA","","a9Ibn000001OBFi","a3Ybn0000004xG2EAI","a18bn000001a1DpAAI","42515594542823104"
"a3fbn000000ftjEAAQ","","a5xbn000000Jp3C","a3Ybn0000004xHdEAI","a18bn000001Zt01AAC","42516063535445814"
"a3fbn000000ftGtAAI","","templatechangeinre","a3Ybn0000004xGiEAI","a18bn000001a1WZAAY","42516537519216165"
"a3fbn000000ftGwAAI","","a5xbn000000Josu","a3Ybn0000004xGhEAI","a18bn000001a1WcAAI","42516947887950446"
"a3fbn000000ftFDAAY","","a4Wbn000000hSHT","a3Ybn0000004xCxEAI","a18bn000001a1THAAY","42517775057476319"
"a3fbn000000ftbFAAQ","","a5xbn000000JovO","a3Ybn0000004xCvEAI","a18bn000001a18aAAA","42517835497157885"
"a3fbn000000ftlxAAA","","a5xbn000000Jova","a3Ybn0000004xHfEAI","a18bn000001a0zPAAQ","42517861211120758"
"a3fbn000000ftujAAA","","a5xbn000000Jp5g","a3Ybn0000004xDqEAI","a18bn000001a1GkAAI","42518145244121730"
"a3fbn000000ftXeAAI","","DaysinPeriodTemplate","a3Ybn0000004xDOEAY","a18bn000001a1j9AAA","42518341695031836"
"a3fbn000000ftiTAAQ","","a5xbn000000Jomb","a3Ybn0000004xCvEAI","a18bn000001a16aAAA","42519176524797768"
"a3fbn000000ftEbAAI","","a5xbn000000Jori","a3Ybn0000004xCvEAI","a18bn000001a1SuAAI","42519837821934724"
"a3fbn000000ftotAAA","","a3jbn000000le0D","a3Ybn0000004xDKEAY","a18bn000001a0ywAAA","42520282171504415"
"a3fbn000000ftwyAAA","","a5xbn000000Jp6N","a3Ybn0000004xGXEAY","a18bn000001a1EbAAI","42520562483415339"
"a3fbn000000ftseAAA","","chgnetfixedassetstemplate","a3Ybn0000004xJsEAI","a18bn000001a1JCAAY","42521334862364139"
"a3fbn000000ftPkAAI","","a5xbn000000Jovv","a3Ybn0000004xJvEAI","a18bn000001a1n0AAA","42521487408807362"
"a3fbn000000ftHFAAY","","a3jbn000000ldwE","a3Ybn0000004xHuEAI","a18bn000001a1VwAAI","42521604112176183"
"a3fbn000000ftcBAAQ","","a3jbn000000ldzs","a3Ybn0000004xG2EAI","a18bn000001a12gAAA","42522086456001026"
"a3fbn000000ftn2AAA","","a5xbn000000Jp4j","a3Ybn0000004xH0EAI","a18bn000001a0zTAAQ","42522874963369951"
"a3fbn000000ftWOAAY","","a9Ibn000001OBF9","a3Ybn0000004xG2EAI","a18bn000001a1jNAAQ","42523025228767103"
"a3fbn000000ftYFAAY","","a5xbn000000Jp03","a3Ybn0000004xKOEAY","a18bn000001a1jmAAA","42523069728827608"
"a3fbn000000fttrAAA","","a5xbn000000Jp5m","a3Ybn0000004xGbEAI","a18bn000001a1IwAAI","42523143516524964"
"a3fbn000000ft5rAAA","","a6Qbn000000HYOk","a3Ybn0000004xD8EAI","a18bn000001a1MtAAI","42523413001528956"
"a3fbn000000ftTVAAY","","a5xbn000000Jov3","a3Ybn0000004xCvEAI","a18bn000001a1rAAAQ","42524278200188927"
"a3fbn000000ftMdAAI","","a3jbn000000ldy9","a3Ybn0000004xCvEAI","a18bn000001a1LaAAI","42524846176730529"
"a3fbn000000ftVyAAI","","a5xbn000000JoyG","a3Ybn0000004xDuEAI","a18bn000001a1j1AAA","42525040686717770"
"a3fbn000000ftAiAAI","","a5xbn000000Jooj","a3Ybn0000004xCvEAI","a18bn000001a1f5AAA","42526546163386752"
"a3fbn000000ftLsAAI","","a3jbn000000ldwZ","a3Ybn0000004xG2EAI","a18bn000001a1V7AAI","42526587187708583"
"a3fbn000000ft8mAAA","","a5xbn000000Jonc","a3Ybn0000004xEwEAI","a18bn000001a1cNAAQ","42527560202184533"
"a3fbn000000ftkrAAA","","a5xbn000000Jp1U","a3Ybn0000004xGYEAY","a18bn000001Zt0tAAC","42528079519768473"
"a3fbn000000ftkkAAA","","a3fbn000000fu4h","a3Ybn0000004xHnEAI","a18bn000001a155AAA","42528704779568298"
"a3fbn000000ftGJAAY","","a5xbn000000Josn","a3Ybn0000004xHeEAI","a18bn000001a1SKAAY","42529150045366454"
"a3fbn000000ftd0AAA","","a3fbn000000fu3v","a3Ybn0000004xGVEAY","a18bn000001a12vAAA","42529936187160042"
"a3fbn000000ftS0AAI","","a4Wbn000000hSHt","a3Ybn0000004xDNEAY","a18bn000001a1q9AAA","42530273844231974"
"a3fbn000000ftQ7AAI","","a5xbn000000JowH","a3Ybn0000004xFiEAI","a18bn000001a1nXAAQ","42530357203370957"
"a3fbn000000ftlEAAQ","","a5xbn000000Jp40","a3Ybn0000004xCvEAI","a18bn000001a16RAAQ","42530563635930362"
"a3fbn000000ftnLAAQ","","a3jbn000000le1z","a3Ybn0000004xHtEAI","a18bn000001a10eAAA","42530676164247955"
"a3fbn000000ftDDAAY","","a5xbn000000JoqV","a3Ybn0000004xGlEAI","a18bn000001a1TmAAI","42532234669746828"
"a3fbn000000ftUqAAI","","a5xbn000000JoxE","a3Ybn0000004xKCEAY","a18bn000001a1hYAAQ","42532343232858605"
"a3fbn000000ftntAAA","","a5xbn000000Jp51","a3Ybn0000004xCvEAI","a18bn000001Zt0FAAS","42532361791357713"
"a3fbn000000ftHPAAY","","a5xbn000000Jot0","a3Ybn0000004xHdEAI","a18bn000001a1YFAAY","42533487347531164"
"a3fbn000000ftFRAAY","","a4Wbn000000hSHZ","a3Ybn0000004xDKEAY","a18bn000001a1TNAAY","42533490150533657"
"a3fbn000000ftP5AAI","","a5xbn000000JovP","a3Ybn0000004xCvEAI","a18bn000001a1NvAAI","42533849701946494"
"a3fbn000000ftkQAAQ","","a5xbn000000Jp3k","a3Ybn0000004xDGEAY","a18bn000001a0ygAAA","42533935749564383"
"a3fbn000000ftKWAAY","","a3fbn000000fu23","a3Ybn0000004xGVEAY","a18bn000001a1VVAAY","42534010693813891"
"a3fbn000000ftLYAAY","","a3jbn000000ldxb","a3Ybn0000004xDNEAY","a18bn000001a1XoAAI","42534422837299566"
"a3fbn000000fteCAAQ","","a3jbn000000le0V","a3Ybn0000004xIcEAI","a18bn000001a13cAAA","42534437248566093"
"a3fbn000000ftFLAAY","","a4Wbn000000hSHX","a3Ybn0000004xDFEAY","a18bn000001a1TKAAY","42534937824166638"
"a3fbn000000ftlvAAA","","a5xbn000000Jp4M","a3Ybn0000004xGwEAI","a18bn000001a0zNAAQ","42535115110090699"
"a3fbn000000ftr1AAA","","a3jbn000000le2x","a3Ybn0000004xCvEAI","a18bn000001a1DzAAI","42535312121316255"
"a3fbn000000ftOOAAY","","a5xbn000000Joum","a3Ybn0000004xCvEAI","a18bn000001a1NgAAI","42535321339962138"
"a3fbn000000ftfpAAA","","a5xbn000000Jp29","a3Ybn0000004xDuEAI","a18bn000001a15OAAQ","42536790358556040"
"a3fbn000000ftBDAAY","","a3jbn000000ldvl","a3Ybn0000004xG8EAI","a18bn000001a1fSAAQ","42536905869479386"
"a3fbn000000ft5QAAQ","","a5xbn000000Jolw","a3Ybn0000004xCqEAI","a18bn000001a1QvAAI","42537467805931641"
"a3fbn000000ftaQAAQ","","a3jbn000000ldzM","a3Ybn0000004xGoEAI","a18bn000001a1kKAAQ","42537933101182484"
"a3fbn000000ftGkAAI","","a5xbn000000Josr","a3Ybn0000004xHkEAI","a18bn000001a1VcAAI","42538169520089641"
"a3fbn000000ftCvAAI","","a5xbn000000JoqD","a3Ybn0000004xCvEAI","a18bn000001a1U5AAI","42538171764415903"
"a3fbn000000ftNvAAI","","a5xbn000000Jouh","a3Ybn0000004xFiEAI","a18bn000001a1OXAAY","42538364921407825"
"a3fbn000000ftsLAAQ","","a5xbn000000Jp2f","a3Ybn0000004xHmEAI","a18bn000001a1KMAAY","42538952885780116"
"a3fbn000000ft63AAA","","a5xbn000000JomA","a3Ybn0000004xDIEAY","a18bn000001a1R6AAI","42539067627792464"
"a3fbn000000ftTmAAI","","M1 Net Income per book","a3Ybn0000004xD0EAI","a18bn000001a1pKAAQ","42539517400916567"
"a3fbn000000ftnjAAA","","a5xbn000000Jp4x","a3Ybn0000004xIJEAY","a18bn000001a12HAAQ","42540326238816367"
"a3fbn000000ftbKAAQ","","a5xbn000000Joon","a3Ybn0000004xCvEAI","a18bn000001a18tAAA","42540346829134394"
"a3fbn000000ftZrAAI","","a3jbn000000ldzB","a3Ybn0000004xDNEAY","a18bn000001a1lDAAQ","42540493875103104"
"a3fbn000000ftRfAAI","","a5xbn000000JouV","a3Ybn0000004xJfEAI","a18bn000001a1qcAAA","42540530924676894"
"a3fbn000000ftEDAAY","","a5xbn000000JorK","a3Ybn0000004xCvEAI","a18bn000001a1SdAAI","42540587514396215"
"a3fbn000000ftZiAAI","","a3fbn000000fu3S","a3Ybn0000004xGWEAY","a18bn000001a1kCAAQ","42540660041921096"
"a3fbn000000ftIqAAI","","a3fbn000000fu1h","a3Ybn0000004xILEAY","a18bn000001a1Z9AAI","42541094742360566"
"a3fbn000000ftW2AAI","","a9Ibn000001OBF6","a3Ybn0000004xGVEAY","a18bn000001a1jkAAA","42541769665176698"
"a3fbn000000ftWLAAY","","a5xbn000000JoyZ","a3Ybn0000004xFiEAI","a18bn000001a1jMAAQ","42541783510423945"
"a3fbn000000ft8OAAQ","","a5xbn000000JonG","a3Ybn0000004xEYEAY","a18bn000001a1c1AAA","42542013188390580"
"a3fbn000000ftBmAAI","","a5xbn000000JopF","a3Ybn0000004xGDEAY","a18bn000001a1geAAA","42542251261168943"
"a3fbn000000fta7AAA","","a5xbn000000Jp0n","a3Ybn0000004xCvEAI","a18bn000001a1mUAAQ","42542274280047766"
"a3fbn000000ftx8AAA","","a5xbn000000Jp6T","a3Ybn0000004xCvEAI","a18bn000001a1EtAAI","42542718316673457"
"a3fbn000000ftB2AAI","","a3jbn000000ldva","a3Ybn0000004xG5EAI","a18bn000001a1fHAAQ","42542811289395553"
"a3fbn000000ftuHAAQ","","a5xbn000000Jp1w","a3Ybn0000004xKOEAY","a18bn000001a1GKAAY","42542864526597048"
"a3fbn000000ftZXAAY","","a5xbn000000Jp0d","a3Ybn0000004xHQEAY","a18bn000001a1lcAAA","42543155530656044"
"a3fbn000000ftXqAAI","","a5xbn000000Jozm","a3Ybn0000004xCuEAI","a18bn000001a1hxAAA","42543359902073052"
"a3fbn000000ftFhAAI","","a5xbn000000JosJ","a3Ybn0000004xG0EAI","a18bn000001a1TdAAI","42543381180918915"
"a3fbn000000ft9dAAA","","a5xbn000000Joo4","a3Ybn0000004xFZEAY","a18bn000001a1doAAA","42544181227800103"
"a3fbn000000ftUDAAY","","a5xbn000000Jowb","a3Ybn0000004xGBEAY","a18bn000001a1tEAAQ","42544419504343122"
"a3fbn000000ftguAAA","","priorperiodtotalsales","a3Ybn0000004xDTEAY","a18bn000001a19JAAQ","42544489588980862"
"a3fbn000000ftyMAAQ","","a5xbn000000JomA","a3Ybn0000004xDIEAY","a18bn000001a1BGAAY","42545538246986173"
"a3fbn000000ftZMAAY","","a5xbn000000Jp0Y","a3Ybn0000004xFiEAI","a18bn000001a1kYAAQ","42545640741045734"
"a3fbn000000ftj4AAA","","a3fbn000000fu4Z","a3Ybn0000004xIKEAY","a18bn000001ZszuAAC","42545776670129554"
"a3fbn000000ftmwAAA","","a9Ibn000001OAiG","a3Ybn0000004xG2EAI","a18bn000001a15NAAQ","42545945641267546"
"a3fbn000000ftYkAAI","","a3jbn000000ldyv","a3Ybn0000004xG2EAI","a18bn000001a1kQAAQ","42545959356472955"
"a3fbn000000ftMUAAY","","a3jbn000000ldy0","a3Ybn0000004xJ0EAI","a18bn000001a1aUAAQ","42546067651086711"
"a3fbn000000ftTiAAI","","a5xbn000000Jom6","a3Ybn0000004xCvEAI","a18bn000001a1pIAAQ","42546080855287954"
"a3fbn000000ftO6AAI","","a6Qbn000000HYOv","a3Ybn0000004xIYEAY","a18bn000001a1OcAAI","42546392023043826"
"a3fbn000000ftnCAAQ","","a5xbn000000JomW","a3Ybn0000004xDgEAI","a18bn000001a16WAAQ","42546488502191741"
"a3fbn000000ftsGAAQ","","a3jbn000000le3G","a3Ybn0000004xGoEAI","a18bn000001a1HzAAI","42546643409605467"
"a3fbn000000ftlUAAQ","","a9Ibn000001OBFN","a3Ybn0000004xGVEAY","a18bn000001a172AAA","42546937001190666"
"a3fbn000000ftUSAAY","","a5xbn000000Jowp","a3Ybn0000004xGBEAY","a18bn000001a1t4AAA","42546989004580622"
"a3fbn000000ftmcAAA","","a3fbn000000fu4k","a3Ybn0000004xCvEAI","a18bn000001a18rAAA","42548050250944735"
"a3fbn000000ftSXAAY","","a5xbn000000JomY","a3Ybn0000004xDhEAI","a18bn000001a1sOAAQ","42549251918530091"
"a3fbn000000ftd7AAA","","a5xbn000000Jp15","a3Ybn0000004xFZEAY","a18bn000001a112AAA","42549334008271876"
"a3fbn000000ftcTAAQ","","a3fbn000000fu3n","a3Ybn0000004xIZEAY","a18bn000001a12oAAA","42549688095758802"
"a3fbn000000ftLoAAI","","a3fbn000000fu2P","a3Ybn0000004xIiEAI","a18bn000001a1UkAAI","42551108721150155"
"a3fbn000000ft8IAAQ","","a5xbn000000JonA","a3Ybn0000004xETEAY","a18bn000001a1buAAA","42551325311025077"
"a3fbn000000ftE5AAI","","a5xbn000000JorC","a3Ybn0000004xCvEAI","a18bn000001a1SUAAY","42551374654613810"
"a3fbn000000ftbOAAQ","","a5xbn000000Jp1A","a3Ybn0000004xFiEAI","a18bn000001a10hAAA","42551404566933018"
"a3fbn000000ftE4AAI","","a5xbn000000JorB","a3Ybn0000004xCvEAI","a18bn000001a1SWAAY","42551637696187263"
"a3fbn000000ftOeAAI","","a5xbn000000Jouy","a3Ybn0000004xCvEAI","a18bn000001a1OpAAI","4255168534832703"
"a3fbn000000ftOHAAY","","a6Qbn000000HYOp","a3Ybn0000004xG4EAI","a18bn000001a1MbAAI","42552266928483099"
"a3fbn000000ftZIAAY","","a3fbn000000fu1Y","a3Ybn0000004xCxEAI","a18bn000001a1mJAAQ","42552385137898046"
"a3fbn000000ftpAAAQ","","a3fbn000000fu4o","a3Ybn0000004xCvEAI","a18bn000001a18IAAQ","42552486636961492"
"a3fbn000000ftkVAAQ","","a5xbn000000Jp3n","a3Ybn0000004xIKEAY","a18bn000001a13fAAA","42552673546856193"
"a3fbn000000fteKAAQ","","TCFManualAdjustHDS","a3Ybn0000004xJmEAI","a18bn000001Zt0hAAC","42553027865238542"
"a3fbn000000fteQAAQ","","a5xbn000000Jp1p","a3Ybn0000004xHsEAI","a18bn000001a17qAAA","42553237882771987"
"a3fbn000000fttIAAQ","","priorperiodtotalliabilities","a3Ybn0000004xDREAY","a18bn000001a1HrAAI","42553803429510715"
"a3fbn000000ft9RAAQ","","a3fbn000000fu0h","a3Ybn0000004xDeEAI","a18bn000001a1dhAAA","42553905041412292"
"a3fbn000000ftiNAAQ","","a5xbn000000Jp2y","a3Ybn0000004xCvEAI","a18bn000001a15CAAQ","42555341125662451"
"a3fbn000000ft6RAAQ","","a5xbn000000JomS","a3Ybn0000004xDZEAY","a18bn000001a1MLAAY","42555641264961854"
"a3fbn000000ftd2AAA","","a3fbn000000fu3x","a3Ybn0000004xGVEAY","a18bn000001a12wAAA","42555712718658501"
"a3fbn000000ftwYAAQ","","a9Ibn000001OBFW","a3Ybn0000004xG2EAI","a18bn000001a1LFAAY","42556273862864824"
"a3fbn000000ft6kAAA","","a5xbn000000Jomf","a3Ybn0000004xDmEAI","a18bn000001a1NOAAY","42556889352933157"
"a3fbn000000ftNNAAY","","a5xbn000000JouP","a3Ybn0000004xCvEAI","a18bn000001a1MWAAY","42557168884709835"
"a3fbn000000ftyzAAA","","a3jbn000000le4X","a3Ybn0000004xG2EAI","a18bn000001a1KlAAI","42557997532718317"
"a3fbn000000ftPiAAI","","a5xbn000000Jovu","a3Ybn0000004xDlEAI","a18bn000001a1myAAA","42558494537173783"
"a3fbn000000ftWVAAY","","a5xbn000000Joyg","a3Ybn0000004xCvEAI","a18bn000001a1jSAAQ","42558567285356710"
"a3fbn000000ftWQAAY","","a9Ibn000001OBFA","a3Ybn0000004xG2EAI","a18bn000001a1jWAAQ","42559105967600115"
"a3fbn000000ftj5AAA","","a3fbn000000fu4a","a3Ybn0000004xDFEAY","a18bn000001ZszuAAC","42559358141600104"
"a3fbn000000ftTqAAI","","M1 6 Deductions","a3Ybn0000004xD5EAI","a18bn000001a1noAAA","42559437517725254"
"a3fbn000000ftWeAAI","","a5xbn000000Joym","a3Ybn0000004xJkEAI","a18bn000001a1jaAAA","42559515417443375"
"a3fbn000000ftxgAAA","","a5xbn000000Jp2E","a3Ybn0000004xGhEAI","a18bn000001a1HnAAI","42560164368691171"
"a3fbn000000ftZFAAY","","a3fbn000000fu3H","a3Ybn0000004xH5EAI","a18bn000001a1mHAAQ","42560177011283510"
"a3fbn000000ftxJAAQ","","a3fbn000000fu5P","a3Ybn0000004xCrEAI","a18bn000001a1DUAAY","42560589118618122"
"a3fbn000000ftOxAAI","","a5xbn000000JovI","a3Ybn0000004xCvEAI","a18bn000001a1NnAAI","42560952108670448"
"a3fbn000000ftAwAAI","","a6Qbn000000HYOo","a3Ybn0000004xG3EAI","a18bn000001a1ffAAA","42561566458336968"
"a3fbn000000ftPRAAY","","a5xbn000000Jovi","a3Ybn0000004xJoEAI","a18bn000001a1QuAAI","42561696007478560"
"a3fbn000000ftrPAAQ","","a5xbn000000Jp1C","a3Ybn0000004xFiEAI","a18bn000001a1JhAAI","42561747718519512"
"a3fbn000000ftyTAAQ","","a5xbn000000JomD","a3Ybn0000004xCvEAI","a18bn000001a1BPAAY","42561864033033125"
"a3fbn000000ftFsAAI","","a5xbn000000JosS","a3Ybn0000004xHXEAY","a18bn000001a1S7AAI","42562100572860934"
"a3fbn000000ftFxAAI","","a5xbn000000JosW","a3Ybn0000004xCrEAI","a18bn000001a1S9AAI","42562787907876755"
"a3fbn000000ftnIAAQ","","a5xbn000000Jomw","a3Ybn0000004xCvEAI","a18bn000001a16mAAA","42563299571622718"
"a3fbn000000ftONAAY","","a6Qbn000000HYOy","a3Ybn0000004xDeEAI","a18bn000001a1NfAAI","42564093877910750"
"a3fbn000000ftLUAAY","","a5xbn000000Jou9","a3Ybn0000004xGxEAI","a18bn000001a1VoAAI","42564335818984172"
"a3fbn000000ftGuAAI","","templatechangeinre","a3Ybn0000004xGiEAI","a18bn000001a1WaAAI","42564615082743753"
"a3fbn000000ft6hAAA","","a5xbn000000Jomd","a3Ybn0000004xDkEAI","a18bn000001a1NLAAY","42565426870580145"
"a3fbn000000ftnFAAQ","","a5xbn000000Jomx","a3Ybn0000004xCvEAI","a18bn000001a16kAAA","42565433887542012"
"a3fbn000000ftcbAAA","","a3jbn000000le05","a3Ybn0000004xDKEAY","a18bn000001a10vAAA","42565540832235982"
"a3fbn000000ftr7AAA","","a3fbn000000fu4x","a3Ybn0000004xGlEAI","a18bn000001a1E1AAI","42565621066093433"
"a3fbn000000ftIcAAI","","a3jbn000000ldwb","a3Ybn0000004xCnEAI","a18bn000001a1XLAAY","42566761427184900"
"a3fbn000000ftewAAA","","a3jbn000000le0c","a3Ybn0000004xCvEAI","a18bn000001a15WAAQ","42567586122523732"
"a3fbn000000ftoTAAQ","","a5xbn000000Jp5B","a3Ybn0000004xIMEAY","a18bn000001a0yrAAA","42567692439036949"
"a3fbn000000ftTFAAY","","a5xbn000000Jouq","a3Ybn0000004xCvEAI","a18bn000001a1s4AAA","42567814916930443"
"a3fbn000000ftowAAA","","a5xbn000000Jp1V","a3Ybn0000004xIXEAY","a18bn000001a10sAAA","42568921345635778"
"a3fbn000000ftVuAAI","","a5xbn000000JoyC","a3Ybn0000004xDtEAI","a18bn000001a1ioAAA","42568935315429291"
"a3fbn000000ftauAAA","","a9Ibn000001OBF1","a3Ybn0000004xHuEAI","a18bn000001a1gxAAA","42569269574347000"
"a3fbn000000ftlfAAA","","a5xbn000000JovV","a3Ybn0000004xGpEAI","a18bn000001Zt0aAAC","42569951474597968"
"a3fbn000000ftZZAAY","","a3fbn000000fu3Q","a3Ybn0000004xJoEAI","a18bn000001a1m3AAA","42570392054711336"
"a3fbn000000ftFJAAY","","a4Wbn000000hSHW","a3Ybn0000004xHKEAY","a18bn000001a1TJAAY","42570392170040272"
"a3fbn000000ftiLAAQ","","a5xbn000000JomR","a3Ybn0000004xDbEAI","a18bn000001a1ArAAI","42570777979442134"
"a3fbn000000ft5lAAA","","a6Qbn000000HYOj","a3Ybn0000004xCzEAI","a18bn000001a1OxAAI","42571734362044659"
"a3fbn000000ftGEAAY","","a5xbn000000Josl","a3Ybn0000004xCyEAI","a18bn000001a1SIAAY","42571807723299074"
"a3fbn000000ftsCAAQ","","a3fbn000000fu4E","a3Ybn0000004xGtEAI","a18bn000001a1HxAAI","42572193940369922"
"a3fbn000000ft5YAAQ","","a4Wbn000000hSHB","a3Ybn0000004xCxEAI","a18bn000001a1R2AAI","42572458715634194"
"a3fbn000000ftTMAAY","","a5xbn000000Jomz","a3Ybn0000004xCvEAI","a18bn000001a1sdAAA","42572495216516668"
"a3fbn000000ftr3AAA","","a3fbn000000fu4t","a3Ybn0000004xDnEAI","a18bn000001a1DyAAI","42572876813042945"
"a3fbn000000ft64AAA","","a5xbn000000JomB","a3Ybn0000004xDJEAY","a18bn000001a1R7AAI","42573690787563326"
"a3fbn000000ftHiAAI","","a5xbn000000JotD","a3Ybn0000004xI6EAI","a18bn000001a1UxAAI","42573945958488697"
"a3fbn000000ftW5AAI","","a5xbn000000JoyI","a3Ybn0000004xCvEAI","a18bn000001a1jlAAA","42573978610298327"
"a3fbn000000ft9eAAA","","a5xbn000000Joo5","a3Ybn0000004xDIEAY","a18bn000001a1dtAAA","42574283455414233"
"a3fbn000000fttUAAQ","","a3fbn000000fu58","a3Ybn0000004xCtEAI","a18bn000001a1GpAAI","42574295035756386"
"a3fbn000000ftIAAAY","","a3fbn000000fu1S","a3Ybn0000004xCvEAI","a18bn000001a1ZGAAY","42574518183965792"
"a3fbn000000ftbdAAA","","a5xbn000000Jp1I","a3Ybn0000004xITEAY","a18bn000001a12TAAQ","42575465062182464"
"a3fbn000000ftdKAAQ","","a5xbn000000Jp1Z","a3Ybn0000004xG0EAI","a18bn000001a119AAA","42575616451157786"
"a3fbn000000ftRSAAY","","a5xbn000000Jolv","a3Ybn0000004xCnEAI","a18bn000001a1rjAAA","42575648049037961"
"a3fbn000000ftxUAAQ","","a5xbn000000Jp6Z","a3Ybn0000004xCvEAI","a18bn000001a1GWAAY","42575775617837917"
"a3fbn000000fti9AAA","","a5xbn000000Jov8","a3Ybn0000004xCvEAI","a18bn000001a0z6AAA","42576189333947409"
"a3fbn000000ftWxAAI","","a5xbn000000Joyz","a3Ybn0000004xCvEAI","a18bn000001a1iJAAQ","42576290207826336"
"a3fbn000000ftDbAAI","","a5xbn000000JoqV","a3Ybn0000004xGlEAI","a18bn000001a1TyAAI","42576518241117013"
"a3fbn000000ftGsAAI","","a3fbn000000fu1K","a3Ybn0000004xH0EAI","a18bn000001a1W9AAI","42576743299864091"
"a3fbn000000ftSYAAY","","a5xbn000000JomZ","a3Ybn0000004xDiEAI","a18bn000001a1sgAAA","42577395383833540"
"a3fbn000000ftIGAAY","","CP - Subordinated Debt","a3Ybn0000004xIEEAY","a18bn000001a1Z4AAI","42577439024470979"
"a3fbn000000ftEoAAI","","a5xbn000000Jors","a3Ybn0000004xH6EAI","a18bn000001a1SOAAY","42577654212150977"
"a3fbn000000ftESAAY","","a5xbn000000JorZ","a3Ybn0000004xCvEAI","a18bn000001a1T2AAI","42578053461077976"
"a3fbn000000ftCqAAI","","a9Ibn000001OAiM","a3Ybn0000004xGVEAY","a18bn000001a1S1AAI","42578271883854457"
"a3fbn000000ftaMAAQ","","a3jbn000000ldzL","a3Ybn0000004xGoEAI","a18bn000001a1kJAAQ","42578412296124510"
"a3fbn000000ftWaAAI","","a5xbn000000Joyk","a3Ybn0000004xHBEAY","a18bn000001a1jYAAQ","42578839604239232"
"a3fbn000000ftVNAAY","","a5xbn000000Joxl","a3Ybn0000004xCvEAI","a18bn000001a1jFAAQ","42579052536282538"
"a3fbn000000ftwKAAQ","","a5xbn000000Jp6C","a3Ybn0000004xHBEAY","a18bn000001a1L8AAI","42579238072566074"
"a3fbn000000ftvRAAQ","","a5xbn000000Jp3d","a3Ybn0000004xHzEAI","a18bn000001a1C6AAI","42579816683879874"
"a3fbn000000ftUnAAI","","a5xbn000000JoxB","a3Ybn0000004xKAEAY","a18bn000001a1hVAAQ","42579825826161553"
"a3fbn000000ftjGAAQ","","a3jbn000000le16","a3Ybn0000004xIUEAY","a18bn000001a12VAAQ","4257e2de-7450-484d-b016-1e4a622b5ff0"
"a3fbn000000ftuKAAQ","","a5xbn000000Jp5e","a3Ybn0000004xDjEAI","a18bn000001a1GPAAY","42580167644827198"
"a3fbn000000ftkoAAA","","a3jbn000000le1a","a3Ybn0000004xGoEAI","a18bn000001a157AAA","42580237538143055"
"a3fbn000000ftopAAA","","a3jbn000000le2L","a3Ybn0000004xDKEAY","a18bn000001a0yuAAA","42581119768831007"
"a3fbn000000ftlBAAQ","","a5xbn000000Jp3z","a3Ybn0000004xIuEAI","a18bn000001a0zxAAA","42581221468610385"
"a3fbn000000ft8rAAA","","a5xbn000000Joni","a3Ybn0000004xF1EAI","a18bn000001a1cSAAQ","42581361625875892"
"a3fbn000000ftJNAAY","","a3jbn000000ldwp","a3Ybn0000004xCnEAI","a18bn000001a1XRAAY","42582125464191089"
"a3fbn000000ftaXAAQ","","a3jbn000000ldzQ","a3Ybn0000004xDNEAY","a18bn000001a1kbAAA","42582130583431705"
"a3fbn000000ftdBAAQ","","a3fbn000000fu3z","a3Ybn0000004xDKEAY","a18bn000001a114AAA","42582314807721440"
"a3fbn000000ftRnAAI","","a5xbn000000JovR","a3Ybn0000004xCvEAI","a18bn000001a1nbAAA","42582854184409961"
"a3fbn000000ftp5AAA","","a3jbn000000le2S","a3Ybn0000004xHsEAI","a18bn000001a1AnAAI","42582891240214889"
"a3fbn000000ftM1AAI","","a5xbn000000JouI","a3Ybn0000004xDyEAI","a18bn000001a1VRAAY","42582939225880436"
"a3fbn000000ftQFAAY","","a5xbn000000Joua","a3Ybn0000004xDyEAI","a18bn000001a1qkAAA","42583115170801262"
"a3fbn000000ftVJAAY","","a5xbn000000Joxg","a3Ybn0000004xGSEAY","a18bn000001a1thAAA","42583228444870276"
"a3fbn000000fthbAAA","","a5xbn000000Jov1","a3Ybn0000004xCvEAI","a18bn000001a0yyAAA","42584353626924832"
"a3fbn000000ftG6AAI","","a5xbn000000Josf","a3Ybn0000004xFTEAY","a18bn000001a1SEAAY","42585181636418366"
"a3fbn000000ftcGAAQ","","a5xbn000000Jp1E","a3Ybn0000004xFiEAI","a18bn000001a12iAAA","42585718638439928"
"a3fbn000000ftEGAAY","","a5xbn000000JorN","a3Ybn0000004xCvEAI","a18bn000001a1SgAAI","42586036878952024"
"a3fbn000000fttsAAA","","a5xbn000000Jp5n","a3Ybn0000004xGsEAI","a18bn000001a1B5AAI","42586547565808500"
"a3fbn000000ftnwAAA","","a5xbn000000Jouq","a3Ybn0000004xCvEAI","a18bn000001Zt0IAAS","42586602819652945"
"a3fbn000000ftaHAAQ","","a3fbn000000fu3c","a3Ybn0000004xCrEAI","a18bn000001a1l7AAA","42586809647000170"
"a3fbn000000ftmGAAQ","","a5xbn000000Jp4T","a3Ybn0000004xCvEAI","a18bn000001a18YAAQ","42586877433905251"
"a3fbn000000ftMiAAI","","a3jbn000000ldyE","a3Ybn0000004xJFEAY","a18bn000001a1LgAAI","42587968435842698"
"a3fbn000000ftMDAAY","","a3jbn000000ldxp","a3Ybn0000004xJ1EAI","a18bn000001a1aMAAQ","42588379304407251"
"a3fbn000000ftOBAAY","","a5xbn000000Jouk","a3Ybn0000004xCvEAI","a18bn000001a1MXAAY","42588847229972632"
"a3fbn000000ftmLAAQ","","a5xbn000000Jomm","a3Ybn0000004xCvEAI","a18bn000001a19EAAQ","42589019049322038"
"a3fbn000000ftc3AAA","","a5xbn000000Jp1M","a3Ybn0000004xFiEAI","a18bn000001a10nAAA","42589452998080536"
"a3fbn000000ft8UAAQ","","a5xbn000000JonN","a3Ybn0000004xEeEAI","a18bn000001a1c8AAA","42589535085728869"
"a3fbn000000ftiMAAQ","","a5xbn000000Jp2x","a3Ybn0000004xCvEAI","a18bn000001a15BAAQ","42590137272708682"
"a3fbn000000ftF7AAI","","a5xbn000000Jos3","a3Ybn0000004xHEEAY","a18bn000001a1SRAAY","42590137526711472"
"a3fbn000000ftVzAAI","","a5xbn000000JoyH","a3Ybn0000004xKLEAY","a18bn000001a1jjAAA","42590185740515510"
"a3fbn000000ftfmAAA","","a5xbn000000Jp26","a3Ybn0000004xJdEAI","a18bn000001a15PAAQ","42590451916769592"
"a3fbn000000ftftAAA","","a5xbn000000Jp2D","a3Ybn0000004xKNEAY","a18bn000001a165AAA","42590588790552519"
"a3fbn000000ftoGAAQ","","a5xbn000000Jp54","a3Ybn0000004xHaEAI","a18bn000001a0zbAAA","42590751928114424"
"a3fbn000000fty7AAA","","a3fbn000000fu5Q","a3Ybn0000004xIVEAY","a18bn000001a1FnAAI","42590939398637624"
"a3fbn000000ftgFAAQ","","a5xbn000000Jp2K","a3Ybn0000004xG4EAI","a18bn000001Zt0qAAC","42591059783973997"
"a3fbn000000ft5NAAQ","","a5xbn000000Jolv","a3Ybn0000004xCnEAI","a18bn000001a1QyAAI","42591483185971259"
"a3fbn000000ftjUAAQ","","a3jbn000000le1C","a3Ybn0000004xCnEAI","a18bn000001a17zAAA","42592208725817157"
"a3fbn000000ftVgAAI","","a5xbn000000Joy0","a3Ybn0000004xDpEAI","a18bn000001a1i1AAA","42593497176663404"
"a3fbn000000ftCbAAI","","a5xbn000000Jopy","a3Ybn0000004xDgEAI","a18bn000001a1T7AAI","42593650153784419"
"a3fbn000000ftTdAAI","","a5xbn000000Jouz","a3Ybn0000004xCvEAI","a18bn000001a1qNAAQ","42593762494632124"
"a3fbn000000ftN2AAI","","a3jbn000000ldyJ","a3Ybn0000004xJYEAY","a18bn000001a1M9AAI","42593779959248338"
"a3fbn000000ftPGAAY","","a5xbn000000JovZ","a3Ybn0000004xGtEAI","a18bn000001a1QoAAI","42594902140830734"
"a3fbn000000ft6SAAQ","","a5xbn000000JomQ","a3Ybn0000004xDaEAI","a18bn000001a1MJAAY","42594987531208989"
"a3fbn000000ftX5AAI","","a5xbn000000Joz7","a3Ybn0000004xCvEAI","a18bn000001a1iRAAQ","42595388392992229"
"a3fbn000000ftbSAAQ","","a3jbn000000ldzg","a3Ybn0000004xG2EAI","a18bn000001a10jAAA","42595804245785487"
"a3fbn000000ftwdAAA","","a5xbn000000Jp6G","a3Ybn0000004xFiEAI","a18bn000001a1DnAAI","42595958060815881"
"a3fbn000000ftFzAAI","","a5xbn000000JosZ","a3Ybn0000004xCrEAI","a18bn000001a1SAAAY","42596020354675782"
"a3fbn000000ft8zAAA","","Prior Period Total Farm Assets","a3Ybn0000004xF9EAI","a18bn000001a1cdAAA","42596169729829156"
"a3fbn000000ftCQAAY","","a5xbn000000Jopo","a3Ybn0000004xCvEAI","a18bn000001a1SmAAI","42596176895321905"
"a3fbn000000ftqdAAA","","a5xbn000000Jp1p","a3Ybn0000004xHsEAI","a18bn000001a1FFAAY","425962171279185"
"a3fbn000000ftxiAAA","","a5xbn000000Jp2a","a3Ybn0000004xGeEAI","a18bn000001a1IOAAY","42596401442394307"
"a3fbn000000ftYNAAY","","a5xbn000000Jp08","a3Ybn0000004xDpEAI","a18bn000001a1jvAAA","42597983595798903"
"a3fbn000000ftiDAAQ","","a5xbn000000Jp2t","a3Ybn0000004xCvEAI","a18bn000001a0z9AAA","42599397835269192"
"a3fbn000000ftqcAAA","","a5xbn000000Jp5U","a3Ybn0000004xDiEAI","a18bn000001a1JzAAI","42599655708916477"
"a3fbn000000ftW6AAI","","a5xbn000000JoyM","a3Ybn0000004xCvEAI","a18bn000001a1hcAAA","42600222465327950"
"a3fbn000000ftAUAAY","","a5xbn000000Joob","a3Ybn0000004xFtEAI","a18bn000001a1b0AAA","42600535954534748"
"a3fbn000000ftQAAAY","","a3fbn000000fu37","a3Ybn0000004xFiEAI","a18bn000001a1meAAA","42600702317633735"
"a3fbn000000ftmaAAA","","a5xbn000000Jp4c","a3Ybn0000004xIDEAY","a18bn000001a18pAAA","42601106012311757"
"a3fbn000000ftV0AAI","","a5xbn000000JoxM","a3Ybn0000004xGCEAY","a18bn000001a1tBAAQ","42601387476384983"
"a3fbn000000ftVSAAY","","a5xbn000000Joxn","a3Ybn0000004xDyEAI","a18bn000001a1jhAAA","42601997668853933"
"a3fbn000000ftYoAAI","","a3jbn000000ldyx","a3Ybn0000004xG2EAI","a18bn000001a1kSAAQ","42602665207812858"
"a3fbn000000ftkHAAQ","","a5xbn000000Jp3f","a3Ybn0000004xHJEAY","a18bn000001Zt07AAC","42603209627320061"
"a3fbn000000ftN1AAI","","a3jbn000000ldyK","a3Ybn0000004xJZEAY","a18bn000001a1MAAAY","42603476914201168"
"a3fbn000000ftjHAAQ","","a5xbn000000Jp21","a3Ybn0000004xI3EAI","a18bn000001a18gAAA","42603921641084016"
"a3fbn000000ftFpAAI","","a4Wbn000000hSHm","a3Ybn0000004xHWEAY","a18bn000001a1TgAAI","42603991514234770"
"a3fbn000000ftCsAAI","","a5xbn000000JoqA","a3Ybn0000004xGbEAI","a18bn000001a1S3AAI","42604158332253887"
"a3fbn000000ftQwAAI","","a5xbn000000JovX","a3Ybn0000004xGoEAI","a18bn000001a1raAAA","42604378747077869"
"a3fbn000000ftBGAAY","","a3jbn000000ldvo","a3Ybn0000004xG8EAI","a18bn000001a1fVAAQ","42604512707696246"
"a3fbn000000ftdQAAQ","","a5xbn000000Jp1c","a3Ybn0000004xHVEAY","a18bn000001a11CAAQ","42604971154458634"
"a3fbn000000ftsRAAQ","","a5xbn000000Jp1P","a3Ybn0000004xGUEAY","a18bn000001a1KTAAY","42605173100821207"
"a3fbn000000ftO8AAI","","a9Ibn000001OAiG","a3Ybn0000004xG2EAI","a18bn000001a1OdAAI","42606532722137283"
"a3fbn000000ftyrAAA","","a5xbn000000Jp5X","a3Ybn0000004xFjEAI","a18bn000001a1KhAAI","42606621195711685"
"a3fbn000000ftcrAAA","","a3fbn000000fu3r","a3Ybn0000004xFrEAI","a18bn000001a12qAAA","42607345252536939"
"a3fbn000000ftf9AAA","","a5xbn000000Jp1u","a3Ybn0000004xCvEAI","a18bn000001a15cAAA","42607439482986999"
"a3fbn000000ft6iAAA","","a5xbn000000Jome","a3Ybn0000004xCvEAI","a18bn000001a1NMAAY","42607615552308450"
"a3fbn000000ftYPAAY","","a5xbn000000Jp0A","a3Ybn0000004xDqEAI","a18bn000001a1m6AAA","42607640327638614"
"a3fbn000000ft9LAAQ","","a3fbn000000fu0e","a3Ybn0000004xFREAY","a18bn000001a1ddAAA","42607963802564078"
"a3fbn000000ftqAAAQ","","a5xbn000000Jp2J","a3Ybn0000004xCvEAI","a18bn000001a1BfAAI","42608192521568589"
"a3fbn000000fthcAAA","","a5xbn000000JowY","a3Ybn0000004xCvEAI","a18bn000001Zt0WAAS","42609012037003955"
"a3fbn000000ftVoAAI","","a5xbn000000Joxz","a3Ybn0000004xDmEAI","a18bn000001a1hvAAA","42609387808036978"
"a3fbn000000ft6IAAQ","","a5xbn000000JomI","a3Ybn0000004xDQEAY","a18bn000001a1RIAAY","42609934586969638"
"a3fbn000000ftLIAAY","","a3jbn000000ldxU","a3Ybn0000004xGrEAI","a18bn000001a1ViAAI","42610027259308002"
"a3fbn000000ftKFAAY","","a3fbn000000fu1y","a3Ybn0000004xCrEAI","a18bn000001a1WAAAY","42610386538336030"
"a3fbn000000ftw8AAA","","a5xbn000000JowV","a3Ybn0000004xHsEAI","a18bn000001a1JaAAI","42610800167102540"
"a3fbn000000ftDaAAI","","a5xbn000000JoqQ","a3Ybn0000004xGjEAI","a18bn000001a1TxAAI","42610979045400701"
"a3fbn000000ftGMAAY","","a3fbn000000fu19","a3Ybn0000004xGnEAI","a18bn000001a1UlAAI","42611247976284002"
"a3fbn000000ftDpAAI","","a5xbn000000Jor0","a3Ybn0000004xCvEAI","a18bn000001a1UTAAY","42611734119378428"
"a3fbn000000ftC2AAI","","a5xbn000000JopV","a3Ybn0000004xGCEAY","a18bn000001a1gBAAQ","42612919512299935"
"a3fbn000000ftocAAA","","a5xbn000000Jp5F","a3Ybn0000004xCvEAI","a18bn000001Zt0UAAS","42613034092324057"
"a3fbn000000ftxRAAQ","","a5xbn000000Jp6X","a3Ybn0000004xCvEAI","a18bn000001a1GUAAY","42613106999761705"
"a3fbn000000ftx4AAA","","a5xbn000000Jp6Q","a3Ybn0000004xGaEAI","a18bn000001a1EeAAI","42613469457664726"
"a3fbn000000ftbfAAA","","a5xbn000000Jp1T","a3Ybn0000004xIVEAY","a18bn000001a12UAAQ","42613906892625323"
"a3fbn000000ftvZAAQ","","a9Ibn000001OBFR","a3Ybn0000004xHAEAY","a18bn000001a1JYAAY","42615604388474306"
"a3fbn000000ftWWAAY","","a5xbn000000Joyh","a3Ybn0000004xCvEAI","a18bn000001a1jTAAQ","42615840547651561"
"a3fbn000000ftrtAAA","","a5xbn000000Jp5f","a3Ybn0000004xDpEAI","a18bn000001a1ErAAI","42616716796272703"
"a3fbn000000ftDfAAI","","a5xbn000000Joqt","a3Ybn0000004xH0EAI","a18bn000001a1U0AAI","42617070518952537"
"a3fbn000000ft6MAAQ","","a5xbn000000JomL","a3Ybn0000004xDUEAY","a18bn000001a1MEAAY","42617210363242463"
"a3fbn000000ftVwAAI","","a5xbn000000JoyE","a3Ybn0000004xDwEAI","a18bn000001a1iqAAA","42617278794069780"
"a3fbn000000ftusAAA","","a5xbn000000Jp2X","a3Ybn0000004xCqEAI","a18bn000001a1HAAAY","42617836944614440"
"a3fbn000000ftOQAAY","","a5xbn000000Jouo","a3Ybn0000004xGbEAI","a18bn000001a1NiAAI","42618320910140023"
"a3fbn000000fth8AAA","","a5xbn000000Jp1s","a3Ybn0000004xDgEAI","a18bn000001a1APAAY","42618411271737726"
"a3fbn000000ftq2AAA","","a3fbn000000fu3n","a3Ybn0000004xIZEAY","a18bn000001a1BbAAI","42618448199616803"
"a3fbn000000ftjfAAA","","a5xbn000000Jp3O","a3Ybn0000004xCvEAI","a18bn000001a0zLAAQ","42618454167465736"
"a3fbn000000ftAaAAI","","a3fbn000000fu11","a3Ybn0000004xFvEAI","a18bn000001a1bHAAQ","42618700346401037"
"a3fbn000000ftLBAAY","","a3jbn000000ldxR","a3Ybn0000004xGoEAI","a18bn000001a1VeAAI","42619184856350117"
"a3fbn000000ftTRAAY","","a5xbn000000Jov2","a3Ybn0000004xCvEAI","a18bn000001a1qPAAQ","42619290718360286"
"a3fbn000000ftZ4AAI","","priorperiodnetworth","a3Ybn0000004xDSEAY","a18bn000001a1jtAAA","42619430883451281"
"a3fbn000000ftWjAAI","","a5xbn000000Joyp","a3Ybn0000004xIYEAY","a18bn000001a1jcAAA","42619466037046051"
"a3fbn000000ftsDAAQ","","a5xbn000000Jp5i","a3Ybn0000004xGuEAI","a18bn000001a1HyAAI","42619625568549376"
"a3fbn000000ftaFAAQ","","a3fbn000000fu3a","a3Ybn0000004xKREAY","a18bn000001a1l6AAA","42620097903380245"
"a3fbn000000ftjYAAQ","","a5xbn000000Jp3K","a3Ybn0000004xCvEAI","a18bn000001a0zEAAQ","42620376475269939"
"a3fbn000000fthRAAQ","","Investment in Subsidiaries","a3Ybn0000004xIREAY","a18bn000001a12PAAQ","42620481830836994"
"a3fbn000000ftKNAAY","","a3jbn000000ldwx","a3Ybn0000004xDKEAY","a18bn000001a1XjAAI","42621406992348246"
"a3fbn000000ftu5AAA","","a5xbn000000JomU","a3Ybn0000004xDdEAI","a18bn000001a1LGAAY","42621895718058488"
"a3fbn000000ftoCAAQ","","a5xbn000000Jovk","a3Ybn0000004xHYEAY","a18bn000001a0zZAAQ","42621950577058595"
"a3fbn000000ftiHAAQ","","a5xbn000000Jp2w","a3Ybn0000004xCvEAI","a18bn000001a0zDAAQ","42622361968164813"
"a3fbn000000ftHbAAI","","a5xbn000000Jot7","a3Ybn0000004xHJEAY","a18bn000001a1YLAAY","42622567849009855"
"a3fbn000000ftR4AAI","","a5xbn000000Jovh","a3Ybn0000004xCnEAI","a18bn000001a1rfAAA","42622711581701363"
"a3fbn000000ftXcAAI","","a5xbn000000Joza","a3Ybn0000004xCvEAI","a18bn000001a1j7AAA","42622800963697192"
"a3fbn000000fts0AAA","","a5xbn000000Jp4c","a3Ybn0000004xIDEAY","a18bn000001a1K4AAI","42624627389313308"
"a3fbn000000ftzCAAQ","","a3fbn000000fu5b","a3Ybn0000004xH5EAI","a18bn000001a1FuAAI","42624737882038268"
"a3fbn000000ftH4AAI","","a3jbn000000ldw5","a3Ybn0000004xHAEAY","a18bn000001a1VsAAI","42625013406193144"
"a3fbn000000ftvqAAA","","a5xbn000000Jp3f","a3Ybn0000004xHJEAY","a18bn000001a1CAAAY","42625416646803283"
"a3fbn000000ftNTAAY","","a5xbn000000JouU","a3Ybn0000004xJeEAI","a18bn000001a1NUAAY","42626074578511835"
"a3fbn000000ftavAAA","","a5xbn000000JowV","a3Ybn0000004xHsEAI","a18bn000001a1gxAAA","42626170220768924"
"a3fbn000000ftBlAAI","","a5xbn000000JopD","a3Ybn0000004xG7EAI","a18bn000001a1gmAAA","42626647216399202"
"a3fbn000000ftEPAAY","","a5xbn000000JorW","a3Ybn0000004xCvEAI","a18bn000001a1TYAAY","42626822743563264"
"a3fbn000000ftgvAAA","","priorperiodnetprofit","a3Ybn0000004xDVEAY","a18bn000001a19KAAQ","42627282721143224"
"a3fbn000000ftLQAAY","","a5xbn000000Josp","a3Ybn0000004xHlEAI","a18bn000001a1VmAAI","42627460297599941"
"a3fbn000000ftGzAAI","","a5xbn000000Josv","a3Ybn0000004xHpEAI","a18bn000001a1YmAAI","42627864944503590"
"a3fbn000000ftJjAAI","","a5xbn000000Jotu","a3Ybn0000004xFZEAY","a18bn000001a1XYAAY","42628169783341145"
"a3fbn000000ft9jAAA","","PFS - Total Intermediate Liabs","a3Ybn0000004xFbEAI","a18bn000001a1dyAAA","42628308432559500"
"a3fbn000000ftSfAAI","","a5xbn000000Jomd","a3Ybn0000004xDkEAI","a18bn000001a1snAAA","42629186185155845"
"a3fbn000000ftnuAAA","","a5xbn000000Joup","a3Ybn0000004xGcEAI","a18bn000001Zt0GAAS","42629776817447320"
"a3fbn000000ftWcAAI","","a5xbn000000Joyl","a3Ybn0000004xFlEAI","a18bn000001a1jZAAQ","42629949355035269"
"a3fbn000000ft6DAAQ","","a5xbn000000JomD","a3Ybn0000004xCvEAI","a18bn000001a1RCAAY","42629990805823179"
"a3fbn000000ftfDAAQ","","a5xbn000000Jp1v","a3Ybn0000004xIFEAY","a18bn000001a1A6AAI","42630290725534252"
"a3fbn000000ftxlAAA","","a3jbn000000le4E","a3Ybn0000004xGbEAI","a18bn000001a1IRAAY","42630621545605125"
"a3fbn000000ftthAAA","","a3jbn000000le3U","a3Ybn0000004xCnEAI","a18bn000001a1GwAAI","42630765432589720"
"a3fbn000000ftwGAAQ","","a9Ibn000001OBFT","a3Ybn0000004xG2EAI","a18bn000001a1L6AAI","42631340903155269"
"a3fbn000000ftLeAAI","","a3jbn000000ldxd","a3Ybn0000004xDNEAY","a18bn000001a1W2AAI","42631429834202866"
"a3fbn000000ftfqAAA","","a5xbn000000Jp2A","a3Ybn0000004xDvEAI","a18bn000001a162AAA","42632331998992579"
"a3fbn000000ftD0AAI","","a5xbn000000JoqI","a3Ybn0000004xGhEAI","a18bn000001a1UAAAY","42632873644372882"
"a3fbn000000ftn7AAA","","a5xbn000000Jomp","a3Ybn0000004xDqEAI","a18bn000001a160AAA","42633714258122653"
"a3fbn000000ft6PAAQ","","a5xbn000000JomO","a3Ybn0000004xDXEAY","a18bn000001a1MHAAY","42634319589963927"
"a3fbn000000ftQTAAY","","a5xbn000000JovH","a3Ybn0000004xCvEAI","a18bn000001a1oPAAQ","42634341768397135"
"a3fbn000000ftSzAAI","","a5xbn000000Jomx","a3Ybn0000004xCvEAI","a18bn000001a1sZAAQ","42634538895664785"
"a3fbn000000ftJiAAI","","a3fbn000000fu1r","a3Ybn0000004xCvEAI","a18bn000001a1Z1AAI","42634588684753327"
"a3fbn000000ftQZAAY","","a5xbn000000JovM","a3Ybn0000004xCvEAI","a18bn000001a1oLAAQ","42634666212372095"
"a3fbn000000ftPwAAI","","a5xbn000000Jow7","a3Ybn0000004xHFEAY","a18bn000001a1nJAAQ","42634880977861857"
"a3fbn000000ft9QAAQ","","PFS - Total Intermediate Assets","a3Ybn0000004xFVEAY","a18bn000001a1dhAAA","42634930428036821"
"a3fbn000000ftkiAAA","","a3jbn000000le1e","a3Ybn0000004xGoEAI","a18bn000001a152AAA","42635191132469632"
"a3fbn000000ftirAAA","","a5xbn000000Jp34","a3Ybn0000004xHFEAY","a18bn000001a11tAAA","42635790337277459"
"a3fbn000000ftBJAAY","","a3jbn000000ldvr","a3Ybn0000004xG9EAI","a18bn000001a1fYAAQ","42635854723218299"
"a3fbn000000ftd5AAA","","a3jbn000000le0E","a3Ybn0000004xGVEAY","a18bn000001a18TAAQ","42636345073872585"
"a3fbn000000ftc9AAA","","a3jbn000000ldzq","a3Ybn0000004xG2EAI","a18bn000001a10qAAA","42636554909388839"
"a3fbn000000ftwgAAA","","a9Ibn000001OBEy","a3Ybn0000004xG2EAI","a18bn000001a1DoAAI","42636719004381737"
"a3fbn000000ftSSAAY","","a5xbn000000Joub","a3Ybn0000004xHrEAI","a18bn000001a1qiAAA","42636927867662778"
"a3fbn000000ftOSAAY","","a5xbn000000Joup","a3Ybn0000004xGcEAI","a18bn000001a1OfAAI","42637357151020787"
"a3fbn000000ftphAAA","","a5xbn000000Jp5P","a3Ybn0000004xGiEAI","a18bn000001a1LNAAY","42637376713580749"
"a3fbn000000ftAxAAI","","a6Qbn000000HYOp","a3Ybn0000004xG4EAI","a18bn000001a1ffAAA","42637639721941817"
"a3fbn000000ftyhAAA","","a3jbn000000le4O","a3Ybn0000004xHAEAY","a18bn000001a1KbAAI","42638193328508844"
"a3fbn000000ftFCAAY","","a5xbn000000Jos5","a3Ybn0000004xHGEAY","a18bn000001a1THAAY","42638256413387235"
"a3fbn000000ftlqAAA","","a5xbn000000Jp4H","a3Ybn0000004xGoEAI","a18bn000001Zt0fAAC","42638391972305467"
"a3fbn000000ftDiAAI","","a9Ibn000001OBEf","a3Ybn0000004xG2EAI","a18bn000001a1ULAAY","42638599272217436"
"a3fbn000000ft90AAA","","Prior Period Total Farm Equity","a3Ybn0000004xFAEAY","a18bn000001a1ceAAA","42638897376958684"
"a3fbn000000ftaDAAQ","","a3jbn000000ldzK","a3Ybn0000004xCvEAI","a18bn000001a1mYAAQ","42639806438899845"
"a3fbn000000ftCkAAI","","a5xbn000000Joq5","a3Ybn0000004xG4EAI","a18bn000001a1RzAAI","42640080421466753"
"a3fbn000000ftcmAAA","","a3jbn000000le0D","a3Ybn0000004xDKEAY","a18bn000001a110AAA","42640472414113851"
"a3fbn000000ftRwAAI","","a4Wbn000000hSHF","a3Ybn0000004xDKEAY","a18bn000001a1q6AAA","42640850946955991"
"a3fbn000000ftNjAAI","","a3fbn000000fu2x","a3Ybn0000004xDyEAI","a18bn000001a1OSAAY","42641716423695893"
"a3fbn000000ftdbAAA","","a5xbn000000Jp1X","a3Ybn0000004xIdEAI","a18bn000001a11HAAQ","42642107716221518"
"a3fbn000000ftutAAA","","a3jbn000000le3h","a3Ybn0000004xCnEAI","a18bn000001a1HAAAY","42642404553460874"
"a3fbn000000ftSkAAI","","a5xbn000000Jomi","a3Ybn0000004xCvEAI","a18bn000001a1ssAAA","42642717378270181"
"a3fbn000000ftRGAAY","","a5xbn000000Joud","a3Ybn0000004xJiEAI","a18bn000001a1qmAAA","42642779039916651"
"a3fbn000000ft9oAAA","","a3fbn000000fu0p","a3Ybn0000004xDeEAI","a18bn000001a1e0AAA","42643848460829588"
"a3fbn000000ftv7AAA","","a5xbn000000Jp63","a3Ybn0000004xHvEAI","a18bn000001a1C1AAI","42643985085972556"
"a3fbn000000ftZxAAI","","a3fbn000000fu26","a3Ybn0000004xFrEAI","a18bn000001a1kGAAQ","42644026174197366"
"a3fbn000000ftmtAAA","","a5xbn000000Jp3p","a3Ybn0000004xHlEAI","a18bn000001a103AAA","42644806158316757"
"a3fbn000000ftKHAAY","","a3fbn000000fu20","a3Ybn0000004xCrEAI","a18bn000001a1WqAAI","42644934233674942"
"a3fbn000000ftYcAAI","","a3fbn000000fu3H","a3Ybn0000004xH5EAI","a18bn000001a1mDAAQ","42644991580476136"
"a3fbn000000ftfkAAA","","a5xbn000000Jp25","a3Ybn0000004xDoEAI","a18bn000001a17lAAA","42645106012956716"
"a3fbn000000ftp2AAA","","a3jbn000000le2P","a3Ybn0000004xHAEAY","a18bn000001a1AlAAI","42645170601851053"
"a3fbn000000ftUaAAI","","a5xbn000000Jowz","a3Ybn0000004xK7EAI","a18bn000001a1tPAAQ","42645322777128411"
"a3fbn000000ftTNAAY","","a5xbn000000JouP","a3Ybn0000004xCvEAI","a18bn000001a1seAAA","42645664933115078"
"a3fbn000000ft5PAAQ","","a5xbn000000Jolu","a3Ybn0000004xCpEAI","a18bn000001a1QyAAI","42646669831095096"
"a3fbn000000ft5mAAA","","a3fbn000000ftzH","a3Ybn0000004xD3EAI","a18bn000001a1OyAAI","42646795712481552"
"a3fbn000000ftAuAAI","","a5xbn000000Joou","a3Ybn0000004xFiEAI","a18bn000001a1fiAAA","42647586231287120"
"a3fbn000000ftV1AAI","","a5xbn000000JoxP","a3Ybn0000004xKGEAY","a18bn000001a1tCAAQ","42647595657558337"
"a3fbn000000ftFbAAI","","a5xbn000000JosH","a3Ybn0000004xHQEAY","a18bn000001a1TUAAY","42647596363003593"
"a3fbn000000ftJGAAY","","a5xbn000000Jotn","a3Ybn0000004xIPEAY","a18bn000001a1X8AAI","42647790239945704"
"a3fbn000000ftWUAAY","","a5xbn000000Joyf","a3Ybn0000004xCvEAI","a18bn000001a1jQAAQ","42647893651625675"
"a3fbn000000ft5bAAA","","a5xbn000000Jom3","a3Ybn0000004xCvEAI","a18bn000001a1NzAAI","42647988301571366"
"a3fbn000000ftbCAAQ","","a5xbn000000Jp15","a3Ybn0000004xFZEAY","a18bn000001a1AzAAI","42648570177211362"
"a3fbn000000ftT7AAI","","a5xbn000000Joou","a3Ybn0000004xFiEAI","a18bn000001a1rpAAA","42648677775431695"
"a3fbn000000ftUUAAY","","a5xbn000000Jows","a3Ybn0000004xG7EAI","a18bn000001a1toAAA","42649300488202015"
"a3fbn000000ftJbAAI","","a3fbn000000fu1n","a3Ybn0000004xIVEAY","a18bn000001a1YuAAI","42649557227130833"
"a3fbn000000ftOZAAY","","a5xbn000000Jouv","a3Ybn0000004xGmEAI","a18bn000001a1QkAAI","42649691863972958"
"a3fbn000000ftrUAAQ","","a5xbn000000Jp1D","a3Ybn0000004xFiEAI","a18bn000001a1JiAAI","42649862386579715"
"a3fbn000000ftjWAAQ","","a5xbn000000Jp3I","a3Ybn0000004xHHEAY","a18bn000001a13dAAA","42649882020324317"
"a3fbn000000ft8GAAQ","","a5xbn000000Jon9","a3Ybn0000004xEREAY","a18bn000001a1bsAAA","42649910987126784"
"a3fbn000000ftveAAA","","a5xbn000000Jp2i","a3Ybn0000004xHkEAI","a18bn000001a1KLAAY","42650098191465932"
"a3fbn000000ftlFAAQ","","a5xbn000000Jp41","a3Ybn0000004xCvEAI","a18bn000001a16SAAQ","42650652747486595"
"a3fbn000000ftRqAAI","","a4Wbn000000hSHD","a3Ybn0000004xDEEAY","a18bn000001a1r5AAA","42650921794424590"
"a3fbn000000ftnJAAQ","","a3jbn000000le1y","a3Ybn0000004xK2EAI","a18bn000001a10dAAA","42651062814647037"
"a3fbn000000fttgAAA","","a5xbn000000Jp4x","a3Ybn0000004xIJEAY","a18bn000001a1GvAAI","42652048949192160"
"a3fbn000000ftuIAAQ","","a5xbn000000Jp1x","a3Ybn0000004xI4EAI","a18bn000001a1GNAAY","42652159008257750"
"a3fbn000000ftLqAAI","","a3jbn000000ldxh","a3Ybn0000004xG2EAI","a18bn000001a1V6AAI","42652384253432864"
"a3fbn000000ftsKAAQ","","a3jbn000000le1g","a3Ybn0000004xGoEAI","a18bn000001a1KKAAY","42652965754458381"
"a3fbn000000ftKaAAI","","a3fbn000000fu26","a3Ybn0000004xFrEAI","a18bn000001a1VXAAY","42652981489443218"
"a3fbn000000ftmvAAA","","a5xbn000000Joou","a3Ybn0000004xFiEAI","a18bn000001a15NAAQ","42653003568755696"
"a3fbn000000ftIdAAI","","a5xbn000000Jota","a3Ybn0000004xIJEAY","a18bn000001a1XLAAY","42653156602459675"
"a3fbn000000ftWdAAI","","a9Ibn000001OBFD","a3Ybn0000004xG2EAI","a18bn000001a1jZAAQ","42653207686263626"
"a3fbn000000ftXLAAY","","a9Ibn000001OBFJ","a3Ybn0000004xHAEAY","a18bn000001a1ixAAA","42653795393627050"
"a3fbn000000ftPBAAY","","a5xbn000000JovT","a3Ybn0000004xFIEAY","a18bn000001a1QlAAI","42654059843740487"
"a3fbn000000ftzBAAQ","","a3fbn000000fu5a","a3Ybn0000004xHIEAY","a18bn000001a1FuAAI","42654980569780268"
"a3fbn000000fty4AAA","","a5xbn000000Jp5c","a3Ybn0000004xJlEAI","a18bn000001a1B9AAI","42655317105315382"
"a3fbn000000ftqbAAA","","workingcapitaltemplate","a3Ybn0000004xDZEAY","a18bn000001a1JyAAI","42655352402025966"
"a3fbn000000ftO0AAI","","a9Ibn000001OBEx","a3Ybn0000004xG2EAI","a18bn000001a1OZAAY","42656108553444893"
"a3fbn000000ftOcAAI","","ProformaCFC","a3Ybn0000004xI8EAI","a18bn000001a1OnAAI","42656188066480651"
"a3fbn000000ftWsAAI","","a5xbn000000Joyv","a3Ybn0000004xHqEAI","a18bn000001a1hnAAA","42656429778085055"
"a3fbn000000ftSNAAY","","a5xbn000000JouZ","a3Ybn0000004xFvEAI","a18bn000001a1qhAAA","42656645377286799"
"a3fbn000000ftBHAAY","","a3jbn000000ldvp","a3Ybn0000004xCvEAI","a18bn000001a1fWAAQ","42657360991924528"
"a3fbn000000fteuAAA","","a3fbn000000fu41","a3Ybn0000004xCvEAI","a18bn000001a18RAAQ","42657710387365133"
"a3fbn000000ftxeAAA","","a5xbn000000Jp29","a3Ybn0000004xDuEAI","a18bn000001a1HjAAI","42658620945807043"
"a3fbn000000ftctAAA","","a3fbn000000fu3r","a3Ybn0000004xFrEAI","a18bn000001a12rAAA","42658721837924835"
"a3fbn000000ftasAAA","","a5xbn000000Jp11","a3Ybn0000004xJ0EAI","a18bn000001a1mcAAA","42658749169146623"
"a3fbn000000ftD3AAI","","a5xbn000000JoqL","a3Ybn0000004xCvEAI","a18bn000001a1UDAAY","42659521710516969"
"a3fbn000000ftKUAAY","","a3jbn000000ldxF","a3Ybn0000004xDNEAY","a18bn000001a1XnAAI","42659782307655493"
"a3fbn000000ftjyAAA","","a5xbn000000Jp3W","a3Ybn0000004xGyEAI","a18bn000001a10HAAQ","42659844189265054"
"a3fbn000000ftYEAAY","","a5xbn000000Jp01","a3Ybn0000004xHJEAY","a18bn000001a1lYAAQ","42659980245127795"
"a3fbn000000ftWoAAI","","a9Ibn000001OBFI","a3Ybn0000004xGVEAY","a18bn000001a1jfAAA","42660091541624615"
"a3fbn000000ftFTAAY","","a4Wbn000000hSHb","a3Ybn0000004xHDEAY","a18bn000001a1TOAAY","42660139258935763"
"a3fbn000000ftD1AAI","","a5xbn000000JoqJ","a3Ybn0000004xGiEAI","a18bn000001a1UBAAY","42660163351334113"
"a3fbn000000ftFgAAI","","a4Wbn000000hSHi","a3Ybn0000004xDNEAY","a18bn000001a1TcAAI","42660376401712104"
"a3fbn000000ftQ8AAI","","a5xbn000000JowI","a3Ybn0000004xFiEAI","a18bn000001a1nYAAQ","42660393385558943"
"a3fbn000000ft8bAAA","","a5xbn000000JonT","a3Ybn0000004xElEAI","a18bn000001a1cEAAQ","42660485127255410"
"a3fbn000000ftInAAI","","a3fbn000000fu1e","a3Ybn0000004xCyEAI","a18bn000001a1Z8AAI","42660486286377933"
"a3fbn000000ftjMAAQ","","a5xbn000000Jp3F","a3Ybn0000004xICEAY","a18bn000001a18lAAA","42660545304029687"
"a3fbn000000ftK1AAI","","a3jbn000000ldx6","a3Ybn0000004xDHEAY","a18bn000001a1XbAAI","42660640647281436"
"a3fbn000000ftJEAAY","","a3jbn000000ldwk","a3Ybn0000004xDKEAY","a18bn000001a1X6AAI","42660779812350949"
"a3fbn000000ftyXAAQ","","a5xbn000000Jp5B","a3Ybn0000004xIMEAY","a18bn000001a1LSAAY","42661085600539758"
"a3fbn000000ftj2AAA","","a3fbn000000fu4X","a3Ybn0000004xGoEAI","a18bn000001ZszwAAC","42661338480481518"
"a3fbn000000ftcuAAA","","a3fbn000000fu3q","a3Ybn0000004xGVEAY","a18bn000001a12sAAA","42663038309733064"
"a3fbn000000ftG7AAI","","a5xbn000000Josg","a3Ybn0000004xCnEAI","a18bn000001a1SEAAY","42663063865631268"
"a3fbn000000ftBUAAY","","a5xbn000000Joox","a3Ybn0000004xGBEAY","a18bn000001a1gYAAQ","42663556798154081"
"a3fbn000000ftBqAAI","","a5xbn000000JopI","a3Ybn0000004xGHEAY","a18bn000001a1giAAA","42663632710341229"
"a3fbn000000fthVAAQ","","a5xbn000000Jp2a","a3Ybn0000004xGeEAI","a18bn000001a16tAAA","42664206778994671"
"a3fbn000000ftjjAAA","","a3jbn000000le1E","a3Ybn0000004xDFEAY","a18bn000001Zt01AAC","42664261105449261"
"a3fbn000000ftcNAAQ","","a3jbn000000ldzw","a3Ybn0000004xGVEAY","a18bn000001a12lAAA","42664453929457742"
"a3fbn000000ft6qAAA","","a5xbn000000Joml","a3Ybn0000004xCvEAI","a18bn000001a1OGAAY","42664491731399959"
"a3fbn000000ftcxAAA","","a3fbn000000fu3t","a3Ybn0000004xGVEAY","a18bn000001a12tAAA","42664519112770276"
"a3fbn000000ftGQAAY","","a3fbn000000fu1A","a3Ybn0000004xGsEAI","a18bn000001a1UoAAI","42664584192933349"
"a3fbn000000ftQCAAY","","a5xbn000000JowL","a3Ybn0000004xG4EAI","a18bn000001a1mgAAA","42664606686763164"
"a3fbn000000ftitAAA","","a5xbn000000Jp36","a3Ybn0000004xHGEAY","a18bn000001a11uAAA","42664644069153852"
"a3fbn000000ftdRAAQ","","a3jbn000000le0L","a3Ybn0000004xHWEAY","a18bn000001a11CAAQ","42664715602524950"
"a3fbn000000ftcKAAQ","","a5xbn000000Jp1Q","a3Ybn0000004xKKEAY","a18bn000001a12kAAA","42664792563236412"
"a3fbn000000ftI6AAI","","a5xbn000000JotO","a3Ybn0000004xICEAY","a18bn000001a1YzAAI","42664831451700840"
"a3fbn000000ftjoAAA","","a3jbn000000le18","a3Ybn0000004xCnEAI","a18bn000001a180AAA","42665174492147242"
"a3fbn000000ftXuAAI","","a5xbn000000Jozq","a3Ybn0000004xIVEAY","a18bn000001a1hyAAA","42665266585762374"
"a3fbn000000ftuPAAQ","","a3fbn000000fu4W","a3Ybn0000004xDEEAY","a18bn000001a1HbAAI","42665271980856382"
"a3fbn000000ftYYAAY","","a5xbn000000Jp0J","a3Ybn0000004xDsEAI","a18bn000001a1mOAAQ","42665399051091946"
"a3fbn000000ftN8AAI","","a3jbn000000ldyP","a3Ybn0000004xCvEAI","a18bn000001a1ZRAAY","42665537863587831"
"a3fbn000000ftXmAAI","","a5xbn000000Jozi","a3Ybn0000004xDVEAY","a18bn000001a1idAAA","42665684588211574"
"a3fbn000000ftbPAAQ","","a3jbn000000ldze","a3Ybn0000004xG2EAI","a18bn000001a10hAAA","42666080974739321"
"a3fbn000000ftBQAAY","","a5xbn000000Joor","a3Ybn0000004xGBEAY","a18bn000001a1gUAAQ","42666425869809136"
"a3fbn000000ftp0AAA","","ProformaDSmanualadjust","a3Ybn0000004xHqEAI","a18bn000001a15KAAQ","42666446726592803"
"a3fbn000000ft5hAAA","","M1 3 Expenses","a3Ybn0000004xCzEAI","a18bn000001a1O6AAI","42666607482363386"
"a3fbn000000ft8kAAA","","a5xbn000000Jona","a3Ybn0000004xEuEAI","a18bn000001a1cGAAQ","42666966351518662"
"a3fbn000000ftTbAAI","","a5xbn000000Jouy","a3Ybn0000004xCvEAI","a18bn000001a1qQAAQ","42667177494843215"
"a3fbn000000ftL0AAI","","a5xbn000000Jou1","a3Ybn0000004xIJEAY","a18bn000001a1XHAAY","42668337557155918"
"a3fbn000000ft5cAAA","","a5xbn000000Jom4","a3Ybn0000004xCvEAI","a18bn000001a1O0AAI","42668369196036846"
"a3fbn000000ftF9AAI","","a4Wbn000000hSHR","a3Ybn0000004xH5EAI","a18bn000001a1TFAAY","42668698247042068"
"a3fbn000000ftfoAAA","","a5xbn000000Jp28","a3Ybn0000004xDwEAI","a18bn000001a161AAA","42669066042823017"
"a3fbn000000ftKAAAY","","a3jbn000000ldwk","a3Ybn0000004xDKEAY","a18bn000001a1XfAAI","42669986227070201"
"a3fbn000000ftVxAAI","","a5xbn000000JoyF","a3Ybn0000004xDrEAI","a18bn000001a1j3AAA","42670447695545428"
"a3fbn000000ftE0AAI","","a9Ibn000001OBEk","a3Ybn0000004xG2EAI","a18bn000001a1UeAAI","42670482171372228"
"a3fbn000000ftUyAAI","","a5xbn000000JoxN","a3Ybn0000004xGCEAY","a18bn000001a1t2AAA","42670505564099612"
"a3fbn000000ftWvAAI","","a5xbn000000Joyy","a3Ybn0000004xCvEAI","a18bn000001a1hqAAA","42670741044338974"
"a3fbn000000ftOsAAI","","a5xbn000000JovD","a3Ybn0000004xCvEAI","a18bn000001a1MlAAI","42671142103170945"
"a3fbn000000ftY7AAI","","TCFManualAdjustHDS","a3Ybn0000004xJmEAI","a18bn000001a1lyAAA","42671177028888157"
"a3fbn000000ftLlAAI","","a3fbn000000fu2M","a3Ybn0000004xIuEAI","a18bn000001a1ZMAAY","42671537040669904"
"a3fbn000000ftteAAA","","a3jbn000000le3S","a3Ybn0000004xCnEAI","a18bn000001a1GuAAI","42672074822889956"
"a3fbn000000ftx6AAA","","a5xbn000000Jp6R","a3Ybn0000004xCvEAI","a18bn000001a1EfAAI","42672259280564725"
"a3fbn000000fttSAAQ","","a3fbn000000fu56","a3Ybn0000004xCrEAI","a18bn000001a1DXAAY","42672315047153796"
"a3fbn000000fty3AAA","","a3jbn000000le4G","a3Ybn0000004xG2EAI","a18bn000001a1B8AAI","42673316590744376"
"a3fbn000000ftkCAAQ","","a5xbn000000Jp3d","a3Ybn0000004xHzEAI","a18bn000001Zt05AAC","42673436087248579"
"a3fbn000000ftvIAAQ","","a5xbn000000JovF","a3Ybn0000004xCvEAI","a18bn000001a1BAAAY","42674753749647302"
"a3fbn000000ftxaAAA","","a5xbn000000Jp28","a3Ybn0000004xDwEAI","a18bn000001a1H1AAI","42674863618389447"
"a3fbn000000ftWmAAI","","a9Ibn000001OBFF","a3Ybn0000004xGVEAY","a18bn000001a1jeAAA","42674890365541106"
"a3fbn000000ftZyAAI","","a5xbn000000Jp0i","a3Ybn0000004xCvEAI","a18bn000001a1kHAAQ","42675421219864705"
"a3fbn000000ftG2AAI","","a5xbn000000Josb","a3Ybn0000004xHbEAI","a18bn000001a1SCAAY","42675487471963235"
"a3fbn000000ftG3AAI","","a5xbn000000Josc","a3Ybn0000004xCnEAI","a18bn000001a1SCAAY","42675764620977922"
"a3fbn000000ftMAAAY","","a3fbn000000fu2Y","a3Ybn0000004xIyEAI","a18bn000001a1aDAAQ","42676179351695610"
"a3fbn000000ftzEAAQ","","a3fbn000000fu5b","a3Ybn0000004xH5EAI","a18bn000001a1KkAAI","42676223209634425"
"a3fbn000000ftKRAAY","","a3jbn000000ldxD","a3Ybn0000004xDNEAY","a18bn000001a1XlAAI","42677309622176707"
"a3fbn000000ftiwAAA","","a5xbn000000Jp39","a3Ybn0000004xI8EAI","a18bn000001a1AgAAI","42677475472577642"
"a3fbn000000ft8TAAQ","","a5xbn000000JonL","a3Ybn0000004xEcEAI","a18bn000001a1c5AAA","42678456328292628"
"a3fbn000000ftEcAAI","","a5xbn000000Jorj","a3Ybn0000004xCvEAI","a18bn000001a1SvAAI","42679590123483840"
"a3fbn000000ftJsAAI","","a3jbn000000ldx3","a3Ybn0000004xGVEAY","a18bn000001a1VRAAY","42680036272427516"
"a3fbn000000ftjFAAQ","","a5xbn000000Jp3D","a3Ybn0000004xIVEAY","a18bn000001a12VAAQ","42680253989308108"
"a3fbn000000ftJuAAI","","a3jbn000000ldx5","a3Ybn0000004xDyEAI","a18bn000001a1VPAAY","42680473370139405"
"a3fbn000000ftYlAAI","","a5xbn000000Jp0O","a3Ybn0000004xJiEAI","a18bn000001a1kRAAQ","42681143349395976"
"a3fbn000000ftQrAAI","","a9Ibn000001OBEr","a3Ybn0000004xGVEAY","a18bn000001a1qkAAA","42681556936644349"
"a3fbn000000ftEdAAI","","a5xbn000000Jork","a3Ybn0000004xCvEAI","a18bn000001a1SwAAI","42681799516080139"
"a3fbn000000ftnSAAQ","","a3jbn000000le23","a3Ybn0000004xDFEAY","a18bn000001a0yiAAA","42681962442831351"
"a3fbn000000ftHZAAY","","a5xbn000000Jot5","a3Ybn0000004xH6EAI","a18bn000001a1YKAAY","42682170872423259"
"a3fbn000000ftEAAAY","","a5xbn000000JorH","a3Ybn0000004xCvEAI","a18bn000001a1SbAAI","42682419936787389"
"a3fbn000000ftm7AAA","","a5xbn000000Jp4R","a3Ybn0000004xCvEAI","a18bn000001a134AAA","42682487413460389"
"a3fbn000000ftouAAA","","a5xbn000000Jp12","a3Ybn0000004xHNEAY","a18bn000001a0yxAAA","42682508792805656"
"a3fbn000000ftYBAAY","","a5xbn000000Jp00","a3Ybn0000004xJhEAI","a18bn000001a1k8AAA","42682737626541550"
"a3fbn000000ftprAAA","","a5xbn000000Jp1g","a3Ybn0000004xHUEAY","a18bn000001a1G4AAI","42682822654858520"
"a3fbn000000ftSjAAI","","a5xbn000000Jomg","a3Ybn0000004xDnEAI","a18bn000001a1srAAA","42682962447407612"
"a3fbn000000fts3AAA","","a3fbn000000fu4D","a3Ybn0000004xGsEAI","a18bn000001a1E3AAI","42683031994043614"
"a3fbn000000ftlrAAA","","a5xbn000000Jp4J","a3Ybn0000004xGoEAI","a18bn000001Zt0gAAC","42683170383452153"
"a3fbn000000ftn3AAA","","a5xbn000000Jp4k","a3Ybn0000004xCrEAI","a18bn000001a0zTAAQ","42683714965929269"
"a3fbn000000ftI8AAI","","a5xbn000000JotQ","a3Ybn0000004xIDEAY","a18bn000001a1ZEAAY","42684376274465633"
"a3fbn000000ftZwAAI","","a3fbn000000fu3X","a3Ybn0000004xGVEAY","a18bn000001a1kFAAQ","42685397961903491"
"a3fbn000000ftaSAAQ","","a3jbn000000ldzN","a3Ybn0000004xDNEAY","a18bn000001a1lEAAQ","42685406535966633"
"a3fbn000000ftuqAAA","","a5xbn000000Jp2W","a3Ybn0000004xCqEAI","a18bn000001a1GzAAI","42686071289357688"
"a3fbn000000ftI0AAI","","a3fbn000000fu1O","a3Ybn0000004xCvEAI","a18bn000001a1V3AAI","42686257022789479"
"a3fbn000000ftaJAAQ","","a3fbn000000fu3d","a3Ybn0000004xCrEAI","a18bn000001a1l8AAA","42687073725752757"
"a3fbn000000ftrMAAQ","","a5xbn000000Jp4q","a3Ybn0000004xH1EAI","a18bn000001a1JeAAI","42687589452929737"
"a3fbn000000ftNPAAY","","a5xbn000000JouO","a3Ybn0000004xCvEAI","a18bn000001a1NQAAY","42687760174398779"
"a3fbn000000ftp7AAA","","a3jbn000000le2U","a3Ybn0000004xHuEAI","a18bn000001a1AoAAI","42687891675313943"
"a3fbn000000ftrSAAQ","","a5xbn000000Jp1B","a3Ybn0000004xFiEAI","a18bn000001a1JgAAI","4268796128481825"
"a3fbn000000ftfBAAQ","","a3fbn000000fu4C","a3Ybn0000004xCvEAI","a18bn000001a19pAAA","42688999940515724"
"a3fbn000000ftcOAAQ","","a5xbn000000Jp1S","a3Ybn0000004xDyEAI","a18bn000001a12mAAA","42689193395681313"
"a3fbn000000ftB0AAI","","a6Qbn000000HYOs","a3Ybn0000004xD9EAI","a18bn000001a1f0AAA","42689814545581555"
"a3fbn000000ft9PAAQ","","a3fbn000000fu0g","a3Ybn0000004xDeEAI","a18bn000001a1dgAAA","42689915954061095"
"a3fbn000000ftRtAAI","","a4Wbn000000hSHE","a3Ybn0000004xDHEAY","a18bn000001a1r7AAA","42690410310714740"
"a3fbn000000ftG1AAI","","a5xbn000000JosX","a3Ybn0000004xCnEAI","a18bn000001a1SBAAY","42690890346308492"
"a3fbn000000ftP1AAI","","a5xbn000000JovM","a3Ybn0000004xCvEAI","a18bn000001a1NrAAI","42691688190501506"
"a3fbn000000ftmMAAQ","","a5xbn000000Jp4V","a3Ybn0000004xCvEAI","a18bn000001a19FAAQ","42691865877703765"
"a3fbn000000ftE1AAI","","a5xbn000000Jor8","a3Ybn0000004xCvEAI","a18bn000001a1SnAAI","42692147043643753"
"a3fbn000000ftRkAAI","","a5xbn000000JowR","a3Ybn0000004xCvEAI","a18bn000001a1neAAA","42692268807676269"
"a3fbn000000ftDGAAY","","a5xbn000000JoqY","a3Ybn0000004xGnEAI","a18bn000001a1TnAAI","42692890166431541"
"a3fbn000000ftm6AAA","","a5xbn000000JovL","a3Ybn0000004xCvEAI","a18bn000001a133AAA","42693422785479684"
"a3fbn000000ftDhAAI","","a9Ibn000001OAiO","a3Ybn0000004xG2EAI","a18bn000001a1UKAAY","42693650007563937"
"a3fbn000000ftCaAAI","","a5xbn000000Jopx","a3Ybn0000004xCvEAI","a18bn000001a1T6AAI","42693783070434049"
"a3fbn000000ftO3AAI","","a5xbn000000Joou","a3Ybn0000004xFiEAI","a18bn000001a1ObAAI","42694005145755852"
"a3fbn000000ftJlAAI","","a5xbn000000Jotv","a3Ybn0000004xIXEAY","a18bn000001a1XXAAY","42695408740507009"
"a3fbn000000ft5aAAA","","a5xbn000000Jom1","a3Ybn0000004xCvEAI","a18bn000001a1O2AAI","42695802804836508"
"a3fbn000000fte7AAA","","a5xbn000000Jp1l","a3Ybn0000004xDbEAI","a18bn000001a1ASAAY","42696307141415613"
"a3fbn000000ftNrAAI","","a5xbn000000Jouf","a3Ybn0000004xH2EAI","a18bn000001a1OVAAY","42696314271486719"
"a3fbn000000ftfiAAA","","a5xbn000000Jp22","a3Ybn0000004xJvEAI","a18bn000001a17iAAA","42696700941127222"
"a3fbn000000ftazAAA","","a9Ibn000001OBF0","a3Ybn0000004xG2EAI","a18bn000001a1h1AAA","42697029157936600"
"a3fbn000000ftPTAAY","","a5xbn000000Jovk","a3Ybn0000004xHYEAY","a18bn000001a1QwAAI","42697084445487651"
"a3fbn000000ftWNAAY","","a5xbn000000Joya","a3Ybn0000004xH2EAI","a18bn000001a1jNAAQ","42697549968587759"
"a3fbn000000ft5vAAA","","Book Other Income","a3Ybn0000004xDBEAY","a18bn000001a1PEAAY","42697794656429322"
"a3fbn000000ftZjAAI","","a3fbn000000fu1u","a3Ybn0000004xGVEAY","a18bn000001a1kDAAQ","4269780117957245"
"a3fbn000000ftbbAAA","","a5xbn000000Jp1H","a3Ybn0000004xIWEAY","a18bn000001a12SAAQ","42698112732220267"
"a3fbn000000ftoYAAQ","","a5xbn000000Jp13","a3Ybn0000004xIMEAY","a18bn000001a0yuAAA","42698200491062873"
"a3fbn000000ftW9AAI","","a5xbn000000JoyP","a3Ybn0000004xCvEAI","a18bn000001a1hfAAA","42699138663880253"
"a3fbn000000ftkAAAQ","","a3jbn000000le1Q","a3Ybn0000004xDFEAY","a18bn000001Zt04AAC","42699289130408858"
"a3fbn000000ftAVAAY","","a5xbn000000Jooc","a3Ybn0000004xFuEAI","a18bn000001a1b1AAA","42699393293143269"
"a3fbn000000ftm1AAA","","a5xbn000000Jp4O","a3Ybn0000004xCvEAI","a18bn000001a11PAAQ","42699573242002058"
"a3fbn000000ftIPAAY","","a5xbn000000JotT","a3Ybn0000004xFiEAI","a18bn000001a1W0AAI","42699863402055253"
"a3fbn000000ftpvAAA","","a5xbn000000Jp1u","a3Ybn0000004xCvEAI","a18bn000001a1G6AAI","42699890904375668"
"a3fbn000000fth2AAA","","a5xbn000000Jp1k","a3Ybn0000004xDcEAI","a18bn000001a1ALAAY","42699915359967282"
"a3fbn000000ftBnAAI","","a5xbn000000JopC","a3Ybn0000004xGEEAY","a18bn000001a1gfAAA","42700091372714902"
"a3fbn000000ftL4AAI","","a5xbn000000Jou3","a3Ybn0000004xInEAI","a18bn000001a1XJAAY","42700217553383612"
"a3fbn000000ftpyAAA","","a5xbn000000Jp5S","a3Ybn0000004xKMEAY","a18bn000001a1BZAAY","42700410609363879"
"a3fbn000000ftHyAAI","","a3jbn000000ldwU","a3Ybn0000004xHeEAI","a18bn000001a1YRAAY","42700811508798833"
"a3fbn000000ftO2AAI","","a9Ibn000001OBEy","a3Ybn0000004xG2EAI","a18bn000001a1OaAAI","42701010795950108"
"a3fbn000000ftbUAAQ","","a5xbn000000Jp1D","a3Ybn0000004xFiEAI","a18bn000001a10kAAA","42701168483578852"
"a3fbn000000ftLKAAY","","a5xbn000000Jou9","a3Ybn0000004xGxEAI","a18bn000001a1VjAAI","42701397804463995"
"a3fbn000000ftZdAAI","","a3jbn000000ldz9","a3Ybn0000004xGVEAY","a18bn000001a1kAAAQ","42701717767864756"
"a3fbn000000ftM0AAI","","a3jbn000000ldxn","a3Ybn0000004xGVEAY","a18bn000001a1VQAAY","42701792076043140"
"a3fbn000000fty8AAA","","a3fbn000000fu5S","a3Ybn0000004xIUEAY","a18bn000001a1FoAAI","42702287331036193"
"a3fbn000000ftF0AAI","","a9Ibn000001OBEm","a3Ybn0000004xG2EAI","a18bn000001a1TDAAY","42702394469223047"
"a3fbn000000ftqJAAQ","","a5xbn000000Jp3t","a3Ybn0000004xGaEAI","a18bn000001a1GHAAY","42702842598378328"
"a3fbn000000ftflAAA","","a5xbn000000Jp24","a3Ybn0000004xIBEAY","a18bn000001a17kAAA","42703414907816965"
"a3fbn000000ftADAAY","","a5xbn000000JooM","a3Ybn0000004xFjEAI","a18bn000001a1eQAAQ","42703702598454814"
"a3fbn000000ftxwAAA","","a5xbn000000Jouk","a3Ybn0000004xCvEAI","a18bn000001a1DtAAI","42704224509056925"
"a3fbn000000ftJ0AAI","","a5xbn000000JotK","a3Ybn0000004xHeEAI","a18bn000001a1YVAAY","42704835702210666"
"a3fbn000000ftQmAAI","","a5xbn000000Jouv","a3Ybn0000004xGmEAI","a18bn000001a1pwAAA","42704842845102512"
"a3fbn000000ftTQAAY","","a5xbn000000JouR","a3Ybn0000004xH3EAI","a18bn000001a1qZAAQ","42705169673262276"
"a3fbn000000ftGhAAI","","a5xbn000000Josp","a3Ybn0000004xHlEAI","a18bn000001a1VaAAI","42705528042758"
"a3fbn000000ftpVAAQ","","a5xbn000000Jp1b","a3Ybn0000004xItEAI","a18bn000001a1FzAAI","42705749374749892"
"a3fbn000000ftUrAAI","","a5xbn000000JoxF","a3Ybn0000004xKDEAY","a18bn000001a1svAAA","42706966641739274"
"a3fbn000000ftmDAAQ","","a5xbn000000JovQ","a3Ybn0000004xCvEAI","a18bn000001a18WAAQ","42707026733912587"
"a3fbn000000ftSxAAI","","a5xbn000000Jomt","a3Ybn0000004xDtEAI","a18bn000001a1sWAAQ","42707487108963033"
"a3fbn000000ftd3AAA","","a3fbn000000fu3y","a3Ybn0000004xIgEAI","a18bn000001a12wAAA","42708241930569958"
"a3fbn000000ftyiAAA","","a3jbn000000le4P","a3Ybn0000004xFvEAI","a18bn000001a1KbAAI","42708638709157299"
"a3fbn000000ftr6AAA","","a3fbn000000fu4w","a3Ybn0000004xGmEAI","a18bn000001a1E1AAI","42708851482443963"
"a3fbn000000ftnvAAA","","a5xbn000000JowW","a3Ybn0000004xCvEAI","a18bn000001Zt0HAAS","42709263796728095"
"a3fbn000000fttWAAQ","","a3jbn000000le3O","a3Ybn0000004xCnEAI","a18bn000001a1GqAAI","42709414712282909"
"a3fbn000000ftwLAAQ","","a5xbn000000Joue","a3Ybn0000004xFlEAI","a18bn000001a1L9AAI","42709704396049046"
"a3fbn000000ftuZAAQ","","a5xbn000000Jp5y","a3Ybn0000004xHcEAI","a18bn000001a1BuAAI","42709707320012985"
"a3fbn000000ftMNAAY","","a3jbn000000ldxw","a3Ybn0000004xJ0EAI","a18bn000001a1aVAAQ","42709806373325023"
"a3fbn000000ftCeAAI","","a5xbn000000Joq1","a3Ybn0000004xCvEAI","a18bn000001a1SSAAY","42710294596025715"
"a3fbn000000ftmfAAA","","templatechangeinre","a3Ybn0000004xGiEAI","a18bn000001a19cAAA","42710394921386860"
"a3fbn000000ftHfAAI","","a5xbn000000JotA","a3Ybn0000004xI3EAI","a18bn000001a1UiAAI","42710484159571098"
"a3fbn000000ftOGAAY","","a6Qbn000000HYOp","a3Ybn0000004xG4EAI","a18bn000001a1MaAAI","42710578116836943"
"a3fbn000000ftpLAAQ","","a5xbn000000Jp5I","a3Ybn0000004xIPEAY","a18bn000001a1LYAAY","42711082181976376"
"a3fbn000000ftiSAAQ","","a5xbn000000JomX","a3Ybn0000004xCvEAI","a18bn000001a16ZAAQ","42711405232732108"
"a3fbn000000ftiAAAQ","","a5xbn000000Jp2r","a3Ybn0000004xCvEAI","a18bn000001a0z4AAA","42711903607015369"
"a3fbn000000fta6AAA","","a3jbn000000ldzE","a3Ybn0000004xGVEAY","a18bn000001a1mTAAQ","42712037693325170"
"a3fbn000000ftuQAAQ","","a5xbn000000Jp5u","a3Ybn0000004xJpEAI","a18bn000001a1BUAAY","42713229999797106"
"a3fbn000000ftDxAAI","","a5xbn000000Jor6","a3Ybn0000004xH2EAI","a18bn000001a1UdAAI","42713935067417694"
"a3fbn000000ftwXAAQ","","a5xbn000000Jp6E","a3Ybn0000004xFiEAI","a18bn000001a1LFAAY","42714739161999858"
"a3fbn000000ftk2AAA","","a5xbn000000Jp3Y","a3Ybn0000004xIlEAI","a18bn000001a129AAA","42714773274358558"
"a3fbn000000ftIIAAY","","a3fbn000000fu1Z","a3Ybn0000004xHGEAY","a18bn000001a1Z5AAI","42714845494724285"
"a3fbn000000ftlsAAA","","a5xbn000000Jp4I","a3Ybn0000004xGvEAI","a18bn000001Zt0gAAC","42716896626352681"
"a3fbn000000fti4AAA","","a5xbn000000Jp2p","a3Ybn0000004xHdEAI","a18bn000001a0zlAAA","42717124053031319"
"a3fbn000000ftKCAAY","","a3jbn000000ldwy","a3Ybn0000004xDKEAY","a18bn000001a1XgAAI","42717320225351118"
"a3fbn000000ftV4AAI","","a5xbn000000JoxS","a3Ybn0000004xG8EAI","a18bn000001a1tuAAA","42717614240264198"
"a3fbn000000ftuVAAQ","","a5xbn000000Jp5t","a3Ybn0000004xHEEAY","a18bn000001a1BsAAI","42718002772852622"
"a3fbn000000ftVXAAY","","a5xbn000000Joxq","a3Ybn0000004xDbEAI","a18bn000001a1ijAAA","42718157960774140"
"a3fbn000000ftkwAAA","","a5xbn000000Jp3s","a3Ybn0000004xCvEAI","a18bn000001a11OAAQ","42718328156865650"
"a3fbn000000ftXJAAY","","a5xbn000000JozL","a3Ybn0000004xJgEAI","a18bn000001a1iwAAA","42718368950030818"
"a3fbn000000ftQkAAI","","a9Ibn000001OBF0","a3Ybn0000004xG2EAI","a18bn000001a1rkAAA","42719709364790857"
"a3fbn000000fti1AAA","","a5xbn000000Jp2o","a3Ybn0000004xIpEAI","a18bn000001a10DAAQ","42719805948544104"
"a3fbn000000ftsEAAQ","","a3jbn000000le3F","a3Ybn0000004xGoEAI","a18bn000001a1HyAAI","42720155168137314"
"a3fbn000000ftBEAAY","","a3jbn000000ldvm","a3Ybn0000004xG8EAI","a18bn000001a1fTAAQ","42720239722631429"
"a3fbn000000fttRAAQ","","a3fbn000000fu55","a3Ybn0000004xCsEAI","a18bn000001a1DXAAY","42720452606312162"
"a3fbn000000ftBBAAY","","a3jbn000000ldvj","a3Ybn0000004xG7EAI","a18bn000001a1fQAAQ","42720495739304099"
"a3fbn000000ftxjAAA","","a5xbn000000Jp2b","a3Ybn0000004xHoEAI","a18bn000001a1IPAAY","42720627235737815"
"a3fbn000000ftkYAAQ","","a5xbn000000JouW","a3Ybn0000004xIDEAY","a18bn000001a1AIAAY","42720918794308291"
"a3fbn000000ftTZAAY","","a5xbn000000Jov7","a3Ybn0000004xCvEAI","a18bn000001a1rFAAQ","42720921853153571"
"a3fbn000000ftDgAAI","","a5xbn000000Joqu","a3Ybn0000004xFiEAI","a18bn000001a1ULAAY","42721463562481059"
"a3fbn000000ftNVAAY","","a5xbn000000JouW","a3Ybn0000004xIDEAY","a18bn000001a1NWAAY","42721983108061697"
"a3fbn000000fthpAAA","","a5xbn000000Jp2i","a3Ybn0000004xHkEAI","a18bn000001a107AAA","42722113286886733"
"a3fbn000000ftCAAAY","","a5xbn000000Jopb","a3Ybn0000004xGPEAY","a18bn000001a1gOAAQ","42722223971097089"
"a3fbn000000ftl0AAA","","a5xbn000000Jp3u","a3Ybn0000004xGZEAY","a18bn000001a0zrAAA","42722464564570208"
"a3fbn000000ftplAAA","","a5xbn000000Jp1e","a3Ybn0000004xHREAY","a18bn000001a1G1AAI","42722680951025546"
"a3fbn000000fthFAAQ","","a5xbn000000Jp2V","a3Ybn0000004xCpEAI","a18bn000001a18kAAA","42722854365516036"
"a3fbn000000ftfeAAA","","a5xbn000000Jp1z","a3Ybn0000004xI5EAI","a18bn000001a16rAAA","42723889408328767"
"a3fbn000000ftTGAAY","","a5xbn000000JowX","a3Ybn0000004xHqEAI","a18bn000001a1qEAAQ","42724097802981251"
"a3fbn000000ftKpAAI","","a3fbn000000fu2G","a3Ybn0000004xIlEAI","a18bn000001a1XBAAY","42724105944726382"
"a3fbn000000ftLbAAI","","a5xbn000000JouC","a3Ybn0000004xIsEAI","a18bn000001a1XqAAI","42724136935331032"
"a3fbn000000ftcVAAQ","","a3fbn000000fu3p","a3Ybn0000004xGWEAY","a18bn000001a12pAAA","42724314786864456"
"a3fbn000000ftFBAAY","","a4Wbn000000hSHS","a3Ybn0000004xCxEAI","a18bn000001a1TGAAY","42724779998642072"
"a3fbn000000ftn0AAA","","a5xbn000000Jovc","a3Ybn0000004xGyEAI","a18bn000001a0zSAAQ","42724798277646390"
"a3fbn000000ftWJAAY","","a5xbn000000JoyW","a3Ybn0000004xJlEAI","a18bn000001a1jKAAQ","42725089915158470"
"a3fbn000000ftcZAAQ","","a3jbn000000le03","a3Ybn0000004xDHEAY","a18bn000001a10uAAA","42725164122226882"
"a3fbn000000ftD6AAI","","a5xbn000000JoqO","a3Ybn0000004xCvEAI","a18bn000001a1UGAAY","42726069545788957"
"a3fbn000000ftvtAAA","","a5xbn000000Jp3h","a3Ybn0000004xH8EAI","a18bn000001a1CCAAY","42726620060216020"
"a3fbn000000ftUVAAY","","a5xbn000000Jowt","a3Ybn0000004xG7EAI","a18bn000001a1tpAAA","42726646191327269"
"a3fbn000000ftNBAAY","","a3jbn000000ldyS","a3Ybn0000004xCvEAI","a18bn000001a1ZWAAY","42726702807390194"
"a3fbn000000ftRKAAY","","a5xbn000000JovC","a3Ybn0000004xCvEAI","a18bn000001a1pgAAA","42726731612616097"
"a3fbn000000ftSIAAY","","a5xbn000000JomS","a3Ybn0000004xDZEAY","a18bn000001a1sKAAQ","42727013524750308"
"a3fbn000000ftZlAAI","","a3jbn000000ldzA","a3Ybn0000004xDKEAY","a18bn000001a1lCAAQ","42727202417830027"
"a3fbn000000ftb4AAA","","a5xbn000000JowX","a3Ybn0000004xHqEAI","a18bn000001a1h3AAA","42728053792620331"
"a3fbn000000ftNnAAI","","a5xbn000000Joud","a3Ybn0000004xJiEAI","a18bn000001a1OTAAY","42728193977001918"
"a3fbn000000ftPeAAI","","a5xbn000000Jovp","a3Ybn0000004xJuEAI","a18bn000001a1mqAAA","42729508200409311"
"a3fbn000000ftShAAI","","EBIT","a3Ybn0000004xDlEAI","a18bn000001a1spAAA","42729544462605676"
"a3fbn000000ftUEAAY","","a5xbn000000Jowc","a3Ybn0000004xGBEAY","a18bn000001a1tFAAQ","42729808374283161"
"a3fbn000000ftufAAA","","a5xbn000000Jp61","a3Ybn0000004xHFEAY","a18bn000001a1BxAAI","42730144234248891"
"a3fbn000000ftz3AAA","","a3fbn000000fu5U","a3Ybn0000004xJoEAI","a18bn000001a1FpAAI","42730397649183378"
"a3fbn000000ftPKAAY","","a5xbn000000Jovd","a3Ybn0000004xGzEAI","a18bn000001a1QqAAI","42730400949305130"
"a3fbn000000ftFkAAI","","a4Wbn000000hSHk","a3Ybn0000004xDNEAY","a18bn000001a1TeAAI","42730471941800254"
"a3fbn000000ftPDAAY","","a5xbn000000JovW","a3Ybn0000004xGrEAI","a18bn000001a1QnAAI","42730801761539950"
"a3fbn000000ftnKAAQ","","a5xbn000000Jp4p","a3Ybn0000004xJkEAI","a18bn000001a10eAAA","42731058259733009"
"a3fbn000000ftUKAAY","","a5xbn000000Jowi","a3Ybn0000004xG5EAI","a18bn000001a1uOAAQ","42731223782389218"
"a3fbn000000ftkeAAA","","a3jbn000000le1c","a3Ybn0000004xGoEAI","a18bn000001a153AAA","42731454614703717"
"a3fbn000000ftL5AAI","","a3jbn000000ldxO","a3Ybn0000004xCnEAI","a18bn000001a1XJAAY","42731881891871458"
"a3fbn000000ftGKAAY","","a3fbn000000fu17","a3Ybn0000004xFIEAY","a18bn000001a1UmAAI","42731944920380421"
"a3fbn000000ftOfAAI","","a5xbn000000Jov0","a3Ybn0000004xCvEAI","a18bn000001a1OtAAI","42732009157726747"
"a3fbn000000ftV3AAI","","a5xbn000000JoxR","a3Ybn0000004xG8EAI","a18bn000001a1ttAAA","42732131023778014"
"a3fbn000000ftvKAAQ","","a3fbn000000fu5C","a3Ybn0000004xITEAY","a18bn000001a1FlAAI","42732249724094499"
"a3fbn000000ftYrAAI","","a3jbn000000ldyy","a3Ybn0000004xG2EAI","a18bn000001a1kTAAQ","42732579405835976"
"a3fbn000000ftXlAAI","","a5xbn000000Jozh","a3Ybn0000004xDUEAY","a18bn000001a1ibAAA","42732593068145713"
"a3fbn000000ftf6AAA","","a3fbn000000fu4A","a3Ybn0000004xFIEAY","a18bn000001a15bAAA","42732635455634855"
"a3fbn000000ftSyAAI","","a5xbn000000Jomq","a3Ybn0000004xDvEAI","a18bn000001a1sXAAQ","42733510102822394"
"a3fbn000000ftkJAAQ","","a3jbn000000le1U","a3Ybn0000004xHKEAY","a18bn000001Zt08AAC","42733713023659782"
"a3fbn000000ftm3AAA","","a5xbn000000Jp4P","a3Ybn0000004xCvEAI","a18bn000001a130AAA","42734515583422656"
"a3fbn000000ftZTAAY","","a5xbn000000Jp0b","a3Ybn0000004xHPEAY","a18bn000001a1laAAA","42734667987770329"
"a3fbn000000ftc8AAA","","a3jbn000000ldzp","a3Ybn0000004xG2EAI","a18bn000001a10pAAA","42735325618732431"
"a3fbn000000ftYaAAI","","a3fbn000000fu1a","a3Ybn0000004xCwEAI","a18bn000001a1mCAAQ","42735653585501715"
"a3fbn000000ftZnAAI","","a3fbn000000fu3U","a3Ybn0000004xGzEAI","a18bn000001a1kcAAA","42735955742522793"
"a3fbn000000ft8fAAA","","a5xbn000000JonX","a3Ybn0000004xEpEAI","a18bn000001a1cJAAQ","42736324305276380"
"a3fbn000000ftjhAAA","","a5xbn000000JovD","a3Ybn0000004xCvEAI","a18bn000001a11KAAQ","42736483154989662"
"a3fbn000000ftvaAAA","","a5xbn000000JouZ","a3Ybn0000004xFvEAI","a18bn000001a1JZAAY","42736613583691461"
"a3fbn000000ftEeAAI","","a5xbn000000Jorm","a3Ybn0000004xCvEAI","a18bn000001a1U2AAI","42736884644160199"
"a3fbn000000ftVkAAI","","a5xbn000000Joy4","a3Ybn0000004xCvEAI","a18bn000001a1i4AAA","42737165140546667"
"a3fbn000000ftC1AAI","","a5xbn000000JopT","a3Ybn0000004xGCEAY","a18bn000001a1g8AAA","42737306092643023"
"a3fbn000000ftMEAAY","","a3jbn000000ldxq","a3Ybn0000004xJ2EAI","a18bn000001a1aNAAQ","42737383243322002"
"a3fbn000000ft5pAAA","","a3fbn000000ftzI","a3Ybn0000004xD6EAI","a18bn000001a1P2AAI","42737522649032689"
"a3fbn000000ftJrAAI","","a3jbn000000ldx2","a3Ybn0000004xINEAY","a18bn000001a1XaAAI","42737975451628761"
"a3fbn000000fty9AAA","","a3fbn000000fu5R","a3Ybn0000004xIWEAY","a18bn000001a1FoAAI","42738021441887861"
"a3fbn000000ftI7AAI","","a5xbn000000JotP","a3Ybn0000004xH4EAI","a18bn000001a1Z0AAI","42738277782375128"
"a3fbn000000ftXsAAI","","a5xbn000000Jozo","a3Ybn0000004xJoEAI","a18bn000001a1hwAAA","42738401895460456"
"a3fbn000000ftcfAAA","","a3jbn000000le09","a3Ybn0000004xDHEAY","a18bn000001a10xAAA","42738663694689780"
"a3fbn000000ft8sAAA","","a5xbn000000Jonk","a3Ybn0000004xF2EAI","a18bn000001a1cUAAQ","42739242672072072"
"a3fbn000000ftVpAAI","","a5xbn000000Joy8","a3Ybn0000004xCvEAI","a18bn000001a1i9AAA","42739451390719756"
"a3fbn000000ftyWAAQ","","a5xbn000000JomK","a3Ybn0000004xDTEAY","a18bn000001a1KEAAY","42740476706248241"
"a3fbn000000ft9uAAA","","a5xbn000000Joo9","a3Ybn0000004xEBEAY","a18bn000001a1e6AAA","42740544683010290"
"a3fbn000000ftEXAAY","","a5xbn000000Jore","a3Ybn0000004xCvEAI","a18bn000001a1SqAAI","42740618125903767"
"a3fbn000000ftlHAAQ","","a5xbn000000Jp43","a3Ybn0000004xCvEAI","a18bn000001a170AAA","42740923108531211"
"a3fbn000000ft5OAAQ","","a5xbn000000Jolt","a3Ybn0000004xCoEAI","a18bn000001a1QxAAI","42741024644008081"
"a3fbn000000ftAQAAY","","a5xbn000000JooY","a3Ybn0000004xFpEAI","a18bn000001a1arAAA","42741047486163948"
"a3fbn000000ftrYAAQ","","a5xbn000000Jp1F","a3Ybn0000004xFiEAI","a18bn000001a1JkAAI","42741088461352783"
"a3fbn000000ftLcAAI","","a3jbn000000ldxc","a3Ybn0000004xDNEAY","a18bn000001a1XqAAI","42741503655959669"
"a3fbn000000ft8YAAQ","","a5xbn000000JonR","a3Ybn0000004xEiEAI","a18bn000001a1cCAAQ","42741597053464267"
"a3fbn000000ftpOAAQ","","a5xbn000000Jp1X","a3Ybn0000004xIdEAI","a18bn000001a1FvAAI","42741607162452451"
"a3fbn000000ftn1AAA","","a5xbn000000Jovd","a3Ybn0000004xGzEAI","a18bn000001a0zSAAQ","42741652582513107"
"a3fbn000000ftBcAAI","","a5xbn000000Jop5","a3Ybn0000004xG6EAI","a18bn000001a1RhAAI","42742288096718646"
"a3fbn000000ftwQAAQ","","a9Ibn000001OBEz","a3Ybn0000004xK2EAI","a18bn000001a1LBAAY","42742479523180459"
"a3fbn000000ftCPAAY","","a5xbn000000Jopq","a3Ybn0000004xCvEAI","a18bn000001a1TjAAI","42743134467544907"
"a3fbn000000ftb8AAA","","a5xbn000000Jp13","a3Ybn0000004xIMEAY","a18bn000001a1AxAAI","42743512685338113"
"a3fbn000000ftQLAAY","","a5xbn000000JowN","a3Ybn0000004xCvEAI","a18bn000001a1rwAAA","42743771878344246"
"a3fbn000000ftyBAAQ","","a5xbn000000Jp6f","a3Ybn0000004xCtEAI","a18bn000001a1BTAAY","42744674730779085"
"a3fbn000000ftfjAAA","","a5xbn000000Jp23","a3Ybn0000004xKPEAY","a18bn000001a17jAAA","42744788328193714"
"a3fbn000000ftxOAAQ","","a5xbn000000JovH","a3Ybn0000004xCvEAI","a18bn000001a1BkAAI","42745737546765289"
"a3fbn000000ftJ5AAI","","a3jbn000000ldwg","a3Ybn0000004xDKEAY","a18bn000001a1YXAAY","42745763867409361"
"a3fbn000000ftagAAA","","a3jbn000000ldzR","a3Ybn0000004xG2EAI","a18bn000001a1jyAAA","42745922323462439"
"a3fbn000000ftz7AAA","","a3fbn000000fu5V","a3Ybn0000004xH5EAI","a18bn000001a1FsAAI","42745979278508694"
"a3fbn000000ftT0AAI","","a5xbn000000Jomy","a3Ybn0000004xCvEAI","a18bn000001a1saAAA","42746294640760045"
"a3fbn000000ft9nAAA","","a3fbn000000fu0o","a3Ybn0000004xDeEAI","a18bn000001a1dzAAA","42746471453185254"
"a3fbn000000ftLOAAY","","a3jbn000000ldxY","a3Ybn0000004xGoEAI","a18bn000001a1VlAAI","42746888989132619"
"a3fbn000000ftbQAAQ","","a5xbn000000Jp1B","a3Ybn0000004xFiEAI","a18bn000001a10iAAA","42747274244473123"
"a3fbn000000ftkOAAQ","","a5xbn000000Jp3j","a3Ybn0000004xHLEAY","a18bn000001a0yfAAA","42747526401229761"
"a3fbn000000ftqYAAQ","","a5xbn000000Jp2Q","a3Ybn0000004xDWEAY","a18bn000001a1JLAAY","4274766813270095"
"a3fbn000000fta5AAA","","a5xbn000000Jp0m","a3Ybn0000004xGZEAY","a18bn000001a1mTAAQ","42748458038882452"
"a3fbn000000ftXTAAY","","a5xbn000000JozT","a3Ybn0000004xHsEAI","a18bn000001a1iyAAA","42748753171364740"
"a3fbn000000ftYMAAY","","a3jbn000000ldys","a3Ybn0000004xDFEAY","a18bn000001a1lZAAQ","42748880587452629"
"a3fbn000000ftnYAAQ","","a3jbn000000le1Y","a3Ybn0000004xDFEAY","a18bn000001a0ylAAA","42749486984739220"
"a3fbn000000ft5RAAQ","","a5xbn000000Jolx","a3Ybn0000004xCnEAI","a18bn000001a1QvAAI","42749649417790523"
"a3fbn000000ftxkAAA","","a5xbn000000Jp2c","a3Ybn0000004xGgEAI","a18bn000001a1IQAAY","42749823019988693"
"a3fbn000000ftHuAAI","","a3jbn000000ldwQ","a3Ybn0000004xDFEAY","a18bn000001a1YPAAY","42750834745043807"
"a3fbn000000ftE2AAI","","a5xbn000000JorA","a3Ybn0000004xCvEAI","a18bn000001a1SpAAI","42751009402673559"
"a3fbn000000ftuwAAA","","Investment in Subsidiaries","a3Ybn0000004xIREAY","a18bn000001a1HCAAY","42751140950820117"
"a3fbn000000ftZvAAI","","a3fbn000000fu25","a3Ybn0000004xGVEAY","a18bn000001a1kGAAQ","42751414735705098"
"a3fbn000000ftKwAAI","","a3jbn000000ldxJ","a3Ybn0000004xCnEAI","a18bn000001a1XFAAY","42751562316736938"
"a3fbn000000ftMvAAI","","a3fbn000000fu2o","a3Ybn0000004xJSEAY","a18bn000001a1M1AAI","42752245868198902"
"a3fbn000000ftAtAAI","","a4Wbn000000hSHI","a3Ybn0000004xDNEAY","a18bn000001a1g7AAA","42753469525510461"
"a3fbn000000fttjAAA","","a5xbn000000Jp4z","a3Ybn0000004xHaEAI","a18bn000001a1GxAAI","42753968828214105"
"a3fbn000000ftJaAAI","","a3fbn000000fu1m","a3Ybn0000004xIUEAY","a18bn000001a1YtAAI","42754309587937599"
"a3fbn000000ftgAAAQ","","a5xbn000000Jp1R","a3Ybn0000004xIaEAI","a18bn000001Zt0nAAC","42754366205668592"
"a3fbn000000ftyfAAA","","a5xbn000000Jp1o","a3Ybn0000004xJhEAI","a18bn000001a1KaAAI","42754701321456607"
"a3fbn000000ftLjAAI","","a3jbn000000ldxg","a3Ybn0000004xCvEAI","a18bn000001a1WXAAY","42754768691638338"
"a3fbn000000ftuoAAA","","a5xbn000000Jp50","a3Ybn0000004xCqEAI","a18bn000001a1GyAAI","42754776007967982"
"a3fbn000000ftwrAAA","","a5xbn000000Jp6L","a3Ybn0000004xKLEAY","a18bn000001a1EYAAY","42754824928111128"
"a3fbn000000fttuAAA","","a5xbn000000Jp5o","a3Ybn0000004xGvEAI","a18bn000001a1B6AAI","42755468809371287"
"a3fbn000000ftukAAA","","a5xbn000000Jp23","a3Ybn0000004xKPEAY","a18bn000001a1GlAAI","42755908337289425"
"a3fbn000000ftmbAAA","","a3fbn000000fu4j","a3Ybn0000004xCvEAI","a18bn000001a18qAAA","42755911171732798"
"a3fbn000000ftoRAAQ","","a3jbn000000le2G","a3Ybn0000004xDHEAY","a18bn000001a0yqAAA","42756355117319522"
"a3fbn000000ftQtAAI","","a5xbn000000JovS","a3Ybn0000004xGoEAI","a18bn000001a1rZAAQ","42756686597745871"
"a3fbn000000fthzAAA","","a5xbn000000Jp2n","a3Ybn0000004xGrEAI","a18bn000001a10CAAQ","42756889785893804"
"a3fbn000000fth6AAA","","a5xbn000000Jp2T","a3Ybn0000004xIIEAY","a18bn000001a1AOAAY","42757027821798579"
"a3fbn000000ftWrAAI","","a5xbn000000Joyu","a3Ybn0000004xJmEAI","a18bn000001a1hlAAA","42757152046891916"
"a3fbn000000ftwnAAA","","a9Ibn000001OBFa","a3Ybn0000004xGVEAY","a18bn000001a1EWAAY","42757275328464503"
"a3fbn000000ftEvAAI","","a5xbn000000Jorw","a3Ybn0000004xH9EAI","a18bn000001a1TRAAY","42757276473729206"
"a3fbn000000ft6NAAQ","","a5xbn000000JomM","a3Ybn0000004xDVEAY","a18bn000001a1MFAAY","42757422520234861"
"a3fbn000000ftjZAAQ","","a5xbn000000JovA","a3Ybn0000004xCvEAI","a18bn000001a0zFAAQ","42757995765005049"
"a3fbn000000ft6dAAA","","a5xbn000000Joma","a3Ybn0000004xCvEAI","a18bn000001a1NGAAY","42758567141975146"
"a3fbn000000fth5AAA","","debtlesssubdebt","a3Ybn0000004xIHEAY","a18bn000001a1ANAAY","42758931024901279"
"a3fbn000000ftIFAAY","","a3fbn000000fu1X","a3Ybn0000004xCxEAI","a18bn000001a1Z4AAI","42759206104019335"
"a3fbn000000ftvdAAA","","a3jbn000000le40","a3Ybn0000004xGoEAI","a18bn000001a1KLAAY","42759359530911875"
"a3fbn000000ftKQAAY","","a3jbn000000ldxC","a3Ybn0000004xIcEAI","a18bn000001a1XlAAI","42759728908543987"
"a3fbn000000ft9bAAA","","a5xbn000000Joo2","a3Ybn0000004xDIEAY","a18bn000001a1drAAA","42760214456480289"
"a3fbn000000fteEAAQ","","a5xbn000000JouP","a3Ybn0000004xCvEAI","a18bn000001a1AAAAY","42760414862945122"
"a3fbn000000ftnPAAQ","","a3jbn000000le21","a3Ybn0000004xG2EAI","a18bn000001a10gAAA","42760602537159656"
"a3fbn000000ftcEAAQ","","a3jbn000000ldzi","a3Ybn0000004xG2EAI","a18bn000001a12hAAA","42760707486390707"
"a3fbn000000ftxoAAA","","a5xbn000000Jp5i","a3Ybn0000004xGuEAI","a18bn000001a1B4AAI","42761456793625998"
"a3fbn000000ftNxAAI","","a6Qbn000000HYOt","a3Ybn0000004xJkEAI","a18bn000001a1OYAAY","42761486405415538"
"a3fbn000000ftGdAAI","","a3fbn000000fu1B","a3Ybn0000004xGtEAI","a18bn000001a1VYAAY","42761524461836901"
"a3fbn000000ftkmAAA","","a3jbn000000le1g","a3Ybn0000004xGoEAI","a18bn000001a156AAA","42761731231894446"
"a3fbn000000ftMzAAI","","a3jbn000000ldyG","a3Ybn0000004xJWEAY","a18bn000001a1M7AAI","42761948932334243"
"a3fbn000000ftVQAAY","","a5xbn000000Joxj","a3Ybn0000004xIaEAI","a18bn000001a1jgAAA","42762023745445691"
"a3fbn000000ftK5AAI","","a3jbn000000ldx9","a3Ybn0000004xDHEAY","a18bn000001a1XdAAI","42762311730410333"
"a3fbn000000ftAKAAY","","a5xbn000000JooT","a3Ybn0000004xFiEAI","a18bn000001a1eXAAQ","42762498371298088"
"a3fbn000000ftFEAAY","","a5xbn000000Jos6","a3Ybn0000004xHHEAY","a18bn000001a1TCAAY","42762672530689856"
"a3fbn000000ftU4AAI","","a3jbn000000ldyg","a3Ybn0000004xG6EAI","a18bn000001a1pqAAA","42762683033923385"
"a3fbn000000ftT4AAI","","a6Qbn000000HYOw","a3Ybn0000004xIZEAY","a18bn000001a1rnAAA","42762939592606029"
"a3fbn000000ftDwAAI","","a9Ibn000001OBEi","a3Ybn0000004xG2EAI","a18bn000001a1UcAAI","4276337431058638"
"a3fbn000000ftTtAAI","","Book Capital Gains","a3Ybn0000004xDAEAY","a18bn000001a1nvAAA","42763449659313331"
"a3fbn000000ftVBAAY","","a5xbn000000JoxZ","a3Ybn0000004xG9EAI","a18bn000001a1u0AAA","42763993792251563"
"a3fbn000000ftNOAAY","","a5xbn000000JouQ","a3Ybn0000004xCvEAI","a18bn000001a1NPAAY","42764174528424595"
"a3fbn000000ftcYAAQ","","a5xbn000000Jp15","a3Ybn0000004xFZEAY","a18bn000001a10tAAA","42764190346534794"
"a3fbn000000ftxKAAQ","","a3fbn000000fu5N","a3Ybn0000004xCrEAI","a18bn000001a1DTAAY","42765274688624151"
"a3fbn000000ftODAAY","","a6Qbn000000HYOq","a3Ybn0000004xG4EAI","a18bn000001a1MZAAY","42765684323096255"
"a3fbn000000ftNDAAY","","a3jbn000000ldyU","a3Ybn0000004xCvEAI","a18bn000001a1ZYAAY","42766228294236154"
"a3fbn000000ftg0AAA","","a3fbn000000fu4E","a3Ybn0000004xGtEAI","a18bn000001a19SAAQ","42766316716921440"
"a3fbn000000ftetAAA","","a5xbn000000Jp1t","a3Ybn0000004xIAEAY","a18bn000001a1AqAAI","42766398125682764"
"a3fbn000000ft9fAAA","","a5xbn000000Joo6","a3Ybn0000004xDIEAY","a18bn000001a1duAAA","42766908382426917"
"a3fbn000000ftGfAAI","","a3jbn000000ldvy","a3Ybn0000004xGoEAI","a18bn000001a1VaAAI","42767390954305764"
"a3fbn000000ft6GAAQ","","DaysinPeriodTemplate","a3Ybn0000004xDOEAY","a18bn000001a1RFAAY","42767428116696475"
"a3fbn000000ftLTAAY","","a3jbn000000ldxT","a3Ybn0000004xGoEAI","a18bn000001a1VnAAI","42767697377247878"
"a3fbn000000ftj9AAA","","a3fbn000000fu4c","a3Ybn0000004xDFEAY","a18bn000001ZszyAAC","42767720527595780"
"a3fbn000000ftErAAI","","a4Wbn000000hSHN","a3Ybn0000004xDFEAY","a18bn000001a1SPAAY","42767867784408652"
"a3fbn000000ft9rAAA","","a3fbn000000fu0s","a3Ybn0000004xDeEAI","a18bn000001a1e3AAA","42767981944096763"
"a3fbn000000ftCxAAI","","a5xbn000000JoqF","a3Ybn0000004xGeEAI","a18bn000001a1U7AAI","42768365548606142"
"a3fbn000000fty6AAA","","a3fbn000000fu5D","a3Ybn0000004xIUEAY","a18bn000001a1FnAAI","42768634744563248"
"a3fbn000000ftsdAAA","","DaysinPeriodTemplate","a3Ybn0000004xDOEAY","a18bn000001a1JBAAY","42768900002283321"
"a3fbn000000ftRHAAY","","a5xbn000000Jov9","a3Ybn0000004xCvEAI","a18bn000001a1rIAAQ","42769007146905555"
"a3fbn000000ftVjAAI","","a5xbn000000Joy3","a3Ybn0000004xCvEAI","a18bn000001a1i3AAA","42769392563499095"
"a3fbn000000ft65AAA","","a4Wbn000000hSHF","a3Ybn0000004xDKEAY","a18bn000001a1R7AAI","42769443211883976"
"a3fbn000000ft9EAAQ","","a5xbn000000Jonv","a3Ybn0000004xFMEAY","a18bn000001a1dXAAQ","42769493506156572"
"a3fbn000000ftaoAAA","","a3jbn000000ldzU","a3Ybn0000004xKSEAY","a18bn000001a1maAAA","42770506820769020"
"a3fbn000000ftAXAAY","","a5xbn000000Jooe","a3Ybn0000004xFvEAI","a18bn000001a1bCAAQ","42770790882405613"
"a3fbn000000ftIDAAY","","a3fbn000000fu1V","a3Ybn0000004xCxEAI","a18bn000001a1Z3AAI","42771158160291811"
"a3fbn000000ftFrAAI","","a5xbn000000JosQ","a3Ybn0000004xCrEAI","a18bn000001a1U1AAI","42771273800310147"
"a3fbn000000ft6VAAQ","","a5xbn000000JomU","a3Ybn0000004xDdEAI","a18bn000001a1MNAAY","42771297034012103"
"a3fbn000000ftysAAA","","a3jbn000000le4T","a3Ybn0000004xG2EAI","a18bn000001a1KgAAI","42771933272107349"
"a3fbn000000ftpcAAA","","a5xbn000000Jp5K","a3Ybn0000004xGdEAI","a18bn000001a1LIAAY","42772908476194026"
"a3fbn000000ft8CAAQ","","a5xbn000000Jon4","a3Ybn0000004xENEAY","a18bn000001a1bnAAA","42773564973616114"
"a3fbn000000ftHoAAI","","a3jbn000000ldwO","a3Ybn0000004xDFEAY","a18bn000001a1YMAAY","42773742884399808"
"a3fbn000000ftASAAY","","a3fbn000000fu10","a3Ybn0000004xFrEAI","a18bn000001a1atAAA","42773800824934240"
"a3fbn000000ft5gAAA","","a5xbn000000Jom7","a3Ybn0000004xCvEAI","a18bn000001a1O5AAI","42773834363535325"
"a3fbn000000ft9FAAQ","","a5xbn000000Jonw","a3Ybn0000004xFNEAY","a18bn000001a1dYAAQ","42773951564661560"
"a3fbn000000ftf2AAA","","a3fbn000000fu47","a3Ybn0000004xIiEAI","a18bn000001a15ZAAQ","42774701781496825"
"a3fbn000000ftmdAAA","","templatechangeinre","a3Ybn0000004xGiEAI","a18bn000001a19eAAA","42774947320420621"
"a3fbn000000ftIBAAY","","a3fbn000000fu1U","a3Ybn0000004xHIEAY","a18bn000001a1Z2AAI","42774961860690241"
"a3fbn000000ftUTAAY","","a5xbn000000Jowr","a3Ybn0000004xG7EAI","a18bn000001a1tnAAA","42775096925918941"
"a3fbn000000ftWSAAY","","a5xbn000000Joye","a3Ybn0000004xCvEAI","a18bn000001a1jRAAQ","42775109718088201"
"a3fbn000000ftTpAAI","","M1 5 Income recorded","a3Ybn0000004xD4EAI","a18bn000001a1nmAAA","42775464871008364"
"a3fbn000000ftVDAAY","","a5xbn000000Joxa","a3Ybn0000004xKIEAY","a18bn000001a1uBAAQ","42775473143193779"
"a3fbn000000ftm9AAA","","a5xbn000000JovJ","a3Ybn0000004xCvEAI","a18bn000001a136AAA","42775532470826010"
"a3fbn000000ftIwAAI","","a5xbn000000JotI","a3Ybn0000004xDGEAY","a18bn000001a1YSAAY","42775627992677013"
"a3fbn000000ftA5AAI","","a5xbn000000JooF","a3Ybn0000004xFiEAI","a18bn000001a1eIAAQ","42775662577801699"
"a3fbn000000ftFIAAY","","a5xbn000000Jos8","a3Ybn0000004xHJEAY","a18bn000001a1TJAAY","42775956729264883"
"a3fbn000000ftjbAAA","","a5xbn000000Jp3J","a3Ybn0000004xCvEAI","a18bn000001a0zHAAQ","42776047993721148"
"a3fbn000000ftHhAAI","","a5xbn000000JotC","a3Ybn0000004xI5EAI","a18bn000001a1UwAAI","42776436223679793"
"a3fbn000000ftF2AAI","","a5xbn000000Jos0","a3Ybn0000004xFiEAI","a18bn000001a1UJAAY","42776441074350355"
"a3fbn000000fthiAAA","","a5xbn000000Jov7","a3Ybn0000004xCvEAI","a18bn000001a0z3AAA","4277682355360863"
"a3fbn000000ftj1AAA","","a3fbn000000fu4W","a3Ybn0000004xDEEAY","a18bn000001ZszvAAC","42776965300881053"
"a3fbn000000ftXjAAI","","a5xbn000000Jozf","a3Ybn0000004xJsEAI","a18bn000001a1iYAAQ","42777129810585393"
"a3fbn000000ftf4AAA","","a3fbn000000fu48","a3Ybn0000004xIvEAI","a18bn000001a15ZAAQ","42777351801605032"
"a3fbn000000ftbTAAQ","","a5xbn000000Jp1C","a3Ybn0000004xFiEAI","a18bn000001a10jAAA","42777860515167725"
"a3fbn000000ftrrAAA","","a5xbn000000Jp5d","a3Ybn0000004xDnEAI","a18bn000001a1KuAAI","42779013906519944"
"a3fbn000000ftAkAAI","","a5xbn000000Jool","a3Ybn0000004xCnEAI","a18bn000001a1g5AAA","42779128974382186"
"a3fbn000000ftwiAAA","","a5xbn000000JouU","a3Ybn0000004xJeEAI","a18bn000001a1JUAAY","42779262860498239"
"a3fbn000000ftJZAAY","","a3fbn000000fu1l","a3Ybn0000004xITEAY","a18bn000001a1YtAAI","42779417531220818"
"a3fbn000000ftp6AAA","","a3jbn000000le2T","a3Ybn0000004xHuEAI","a18bn000001a1AnAAI","42779425072745878"
"a3fbn000000ftUoAAI","","a5xbn000000JoxC","a3Ybn0000004xKBEAY","a18bn000001a1hWAAQ","42779883121212122"
"a3fbn000000fte9AAA","","a3jbn000000le0S","a3Ybn0000004xIeEAI","a18bn000001a11IAAQ","427800451391146"
"a3fbn000000ftmPAAQ","","a5xbn000000Jp4X","a3Ybn0000004xHMEAY","a18bn000001a11xAAA","42780390491926411"
"a3fbn000000ftLvAAI","","a3jbn000000ldxk","a3Ybn0000004xG2EAI","a18bn000001a1V9AAI","42780632539848861"
"a3fbn000000ftJCAAY","","a3jbn000000ldwj","a3Ybn0000004xDKEAY","a18bn000001a1X5AAI","42781251266130509"
"a3fbn000000ftZzAAI","","a5xbn000000Jp0j","a3Ybn0000004xG4EAI","a18bn000001a1mQAAQ","42781351000502220"
"a3fbn000000ft6KAAQ","","a5xbn000000JomJ","a3Ybn0000004xDSEAY","a18bn000001a1RHAAY","42782264712220271"
"a3fbn000000ftNHAAY","","a3jbn000000ldyY","a3Ybn0000004xJcEAI","a18bn000001a1ZdAAI","42782348990941244"
"a3fbn000000ftHNAAY","","a5xbn000000Josz","a3Ybn0000004xHwEAI","a18bn000001a1YEAAY","42782366327823559"
"a3fbn000000ftTPAAY","","a5xbn000000JouO","a3Ybn0000004xCvEAI","a18bn000001a1qXAAQ","42782607832337917"
"a3fbn000000ftcvAAA","","a3fbn000000fu3r","a3Ybn0000004xFrEAI","a18bn000001a12sAAA","427828689579729"
"a3fbn000000ftO7AAI","","a5xbn000000Joou","a3Ybn0000004xFiEAI","a18bn000001a1OdAAI","42783111758666917"
"a3fbn000000ftYgAAI","","a3jbn000000ldyt","a3Ybn0000004xG2EAI","a18bn000001a1kOAAQ","42783299705785790"
"a3fbn000000ftbJAAQ","","a5xbn000000Jom4","a3Ybn0000004xCvEAI","a18bn000001a18eAAA","42783468247368166"
"a3fbn000000ftSKAAY","","a5xbn000000Jovn","a3Ybn0000004xJsEAI","a18bn000001a1sBAAQ","42783760764497364"
"a3fbn000000ftISAAY","","a5xbn000000JotT","a3Ybn0000004xFiEAI","a18bn000001a1W1AAI","42784073457958770"
"a3fbn000000ftqwAAA","","a5xbn000000Jp2U","a3Ybn0000004xI0EAI","a18bn000001a1KpAAI","42784073531876155"
"a3fbn000000ftBYAAY","","a5xbn000000Jop0","a3Ybn0000004xG5EAI","a18bn000001a1gwAAA","42784530966599725"
"a3fbn000000ftJ7AAI","","a3jbn000000ldwh","a3Ybn0000004xDKEAY","a18bn000001a1YYAAY","42784884393063495"
"a3fbn000000ftFfAAI","","a5xbn000000JosK","a3Ybn0000004xHTEAY","a18bn000001a1TcAAI","42784977537647985"
"a3fbn000000ftuiAAA","","a5xbn000000Jp22","a3Ybn0000004xJvEAI","a18bn000001a1GjAAI","42784996743370218"
"a3fbn000000ftQEAAY","","a5xbn000000JowM","a3Ybn0000004xJzEAI","a18bn000001a1mhAAA","42785464208814338"
"a3fbn000000ftSMAAY","","a3fbn000000fu2w","a3Ybn0000004xJhEAI","a18bn000001a1qgAAA","42785631344724306"
"a3fbn000000ftjDAAQ","","a3jbn000000le15","a3Ybn0000004xDFEAY","a18bn000001Zt00AAC","42785753072557704"
"a3fbn000000ftN6AAI","","a3jbn000000ldyN","a3Ybn0000004xCvEAI","a18bn000001a1ZPAAY","42786139633870147"
"a3fbn000000ftRsAAI","","a4Wbn000000hSHC","a3Ybn0000004xDFEAY","a18bn000001a1r6AAA","42786313564859603"
"a3fbn000000ftZ2AAI","","priorperiodtotalliabilities","a3Ybn0000004xDREAY","a18bn000001a1jrAAA","42786506100248927"
"a3fbn000000ftT3AAI","","a6Qbn000000HYOv","a3Ybn0000004xIYEAY","a18bn000001a1rnAAA","42786696173730722"
"a3fbn000000fttfAAA","","a3jbn000000le3T","a3Ybn0000004xCnEAI","a18bn000001a1GvAAI","42786830576672082"
"a3fbn000000ftknAAA","","a5xbn000000Jp2n","a3Ybn0000004xGrEAI","a18bn000001a157AAA","42787879314605991"
"a3fbn000000ftg2AAA","","a5xbn000000Jp2G","a3Ybn0000004xIgEAI","a18bn000001Zt0jAAC","42788019091208013"
"a3fbn000000ftS9AAI","","a5xbn000000JomI","a3Ybn0000004xDQEAY","a18bn000001a1sCAAQ","42788602769519610"
"a3fbn000000ftn6AAA","","a5xbn000000Jomo","a3Ybn0000004xCvEAI","a18bn000001a15zAAA","42788716161478461"
"a3fbn000000ftCDAAY","","a5xbn000000Jopf","a3Ybn0000004xGCEAY","a18bn000001a1gKAAQ","42788846450447440"
"a3fbn000000ftc5AAA","","a5xbn000000Jp1N","a3Ybn0000004xFiEAI","a18bn000001a10oAAA","42789627073870875"
"a3fbn000000ftD2AAI","","a5xbn000000JoqK","a3Ybn0000004xCvEAI","a18bn000001a1UCAAY","42789859680725046"
"a3fbn000000ftclAAA","","a5xbn000000Jp14","a3Ybn0000004xDJEAY","a18bn000001a110AAA","42791165092034978"
"a3fbn000000ftHlAAI","","a5xbn000000JotF","a3Ybn0000004xI8EAI","a18bn000001a1UzAAI","42791664681188297"
"a3fbn000000ftp9AAA","","a3fbn000000fu4n","a3Ybn0000004xCvEAI","a18bn000001a18HAAQ","42791760938753476"
"a3fbn000000ftUJAAY","","a5xbn000000Jowh","a3Ybn0000004xG5EAI","a18bn000001a1uNAAQ","42792451157392371"
"a3fbn000000ftAFAAY","","a5xbn000000JooO","a3Ybn0000004xFlEAI","a18bn000001a1eSAAQ","42792516915067282"
"a3fbn000000ftHYAAY","","a5xbn000000Jot4","a3Ybn0000004xHzEAI","a18bn000001a1YJAAY","42792601144080450"
"a3fbn000000ftJyAAI","","a3fbn000000fu1v","a3Ybn0000004xFrEAI","a18bn000001a1VTAAY","42792657702756621"
"a3fbn000000ft6zAAA","","a5xbn000000Jomq","a3Ybn0000004xDvEAI","a18bn000001a1ONAAY","42792715811814439"
"a3fbn000000ftHMAAY","","a3fbn000000fu1M","a3Ybn0000004xDFEAY","a18bn000001a1ZDAAY","42792758823805772"
"a3fbn000000ftahAAA","","a3jbn000000ldzS","a3Ybn0000004xG2EAI","a18bn000001a1jzAAA","42793419052458207"
"a3fbn000000ftafAAA","","a5xbn000000Jp0w","a3Ybn0000004xFiEAI","a18bn000001a1jzAAA","42793528708493300"
"a3fbn000000ftVRAAY","","a9Ibn000001OBF2","a3Ybn0000004xGVEAY","a18bn000001a1jgAAA","42793551896610029"
"a3fbn000000fthAAAQ","","a3fbn000000fu4H","a3Ybn0000004xCsEAI","a18bn000001a18hAAA","42794549181542535"
"a3fbn000000ftBvAAI","","a5xbn000000JopO","a3Ybn0000004xGLEAY","a18bn000001a1RtAAI","42794917994540490"
"a3fbn000000ftMLAAY","","a5xbn000000JouN","a3Ybn0000004xJ0EAI","a18bn000001a1aRAAQ","42795060550029496"
"a3fbn000000ftd8AAA","","a3jbn000000le02","a3Ybn0000004xDKEAY","a18bn000001a112AAA","42795390852869248"
"a3fbn000000ftuTAAQ","","a5xbn000000Jp5w","a3Ybn0000004xHCEAY","a18bn000001a1BrAAI","4279539614435218"
"a3fbn000000ftwqAAA","","a9Ibn000001OBFb","a3Ybn0000004xGVEAY","a18bn000001a1EXAAY","42795596781486268"
"a3fbn000000ftp1AAA","","a3jbn000000le2O","a3Ybn0000004xFvEAI","a18bn000001a1AlAAI","42796060322404258"
"a3fbn000000ftJ3AAI","","a5xbn000000Jotg","a3Ybn0000004xH9EAI","a18bn000001a1YWAAY","42796081080482023"
"a3fbn000000ftILAAY","","a5xbn000000JotS","a3Ybn0000004xIFEAY","a18bn000001a1VyAAI","42797533441559796"
"a3fbn000000ftFOAAY","","a5xbn000000JosB","a3Ybn0000004xDJEAY","a18bn000001a1TMAAY","42797874873913106"
"a3fbn000000ftDKAAY","","a5xbn000000Joqc","a3Ybn0000004xGoEAI","a18bn000001a1TpAAI","42798186200073769"
"a3fbn000000ftc7AAA","","a3jbn000000ldzo","a3Ybn0000004xFiEAI","a18bn000001a10pAAA","42798309101210181"
"a3fbn000000ftimAAA","","a5xbn000000Jp33","a3Ybn0000004xHEEAY","a18bn000001a11rAAA","42798551212923446"
"a3fbn000000ftNoAAI","","a9Ibn000001OBEs","a3Ybn0000004xJjEAI","a18bn000001a1OTAAY","42798692895420607"
"a3fbn000000ftGLAAY","","a3fbn000000fu18","a3Ybn0000004xHfEAI","a18bn000001a1UlAAI","42799641548389256"
"a3fbn000000ftgxAAA","","priorperiodoperatingprofit","a3Ybn0000004xDUEAY","a18bn000001a19LAAQ","42799790902036545"
"a3fbn000000ftpzAAA","","a3jbn000000le2n","a3Ybn0000004xGVEAY","a18bn000001a1BZAAY","42799795000803372"
"a3fbn000000ftAWAAY","","a5xbn000000Jood","a3Ybn0000004xFvEAI","a18bn000001a1bBAAQ","427998846818686"
"a3fbn000000ftSQAAY","","a5xbn000000JowV","a3Ybn0000004xHsEAI","a18bn000001a1qnAAA","42800335328220658"
"a3fbn000000ftAgAAI","","a6Qbn000000HYOn","a3Ybn0000004xCvEAI","a18bn000001a1g6AAA","42800344804588686"
"a3fbn000000ftm4AAA","","a5xbn000000Jp4Q","a3Ybn0000004xCvEAI","a18bn000001a131AAA","42800354631002792"
"a3fbn000000ftAjAAI","","a5xbn000000Jook","a3Ybn0000004xFzEAI","a18bn000001a1g5AAA","42801135860331280"
"a3fbn000000ftHIAAY","","a3fbn000000fu1M","a3Ybn0000004xDFEAY","a18bn000001a1ZBAAY","42801389036780951"
"a3fbn000000ftcwAAA","","a3fbn000000fu3s","a3Ybn0000004xIaEAI","a18bn000001a12tAAA","42802005336322999"
"a3fbn000000ftLWAAY","","a5xbn000000JouA","a3Ybn0000004xGwEAI","a18bn000001a1W5AAI","42803167098659205"
"a3fbn000000ftkvAAA","","a5xbn000000Jp3r","a3Ybn0000004xCvEAI","a18bn000001a11MAAQ","42803287294380357"
"a3fbn000000ftCXAAY","","a5xbn000000Jopv","a3Ybn0000004xGWEAY","a18bn000001a1UgAAI","42803508583117879"
"a3fbn000000ftCBAAY","","a5xbn000000Jopd","a3Ybn0000004xGQEAY","a18bn000001a1gRAAQ","42804093811793870"
"a3fbn000000ftnbAAA","","a3fbn000000fu4m","a3Ybn0000004xCvEAI","a18bn000001a0ynAAA","42804117088145359"
"a3fbn000000ftwOAAQ","","a9Ibn000001OBEv","a3Ybn0000004xHtEAI","a18bn000001a1LAAAY","42804958455312741"
"a3fbn000000ftmzAAA","","a5xbn000000Jouv","a3Ybn0000004xGmEAI","a18bn000001a0zRAAQ","42805860045196448"
"a3fbn000000ftNlAAI","","a3fbn000000fu2z","a3Ybn0000004xDyEAI","a18bn000001a1OPAAY","42806139993314019"
"a3fbn000000ftlIAAQ","","a5xbn000000Jp44","a3Ybn0000004xCvEAI","a18bn000001a16zAAA","42806741022824113"
"a3fbn000000ftLAAAY","","a5xbn000000Jou6","a3Ybn0000004xIpEAI","a18bn000001a1VeAAI","42806875050011533"
"a3fbn000000ftx9AAA","","a5xbn000000Jp6U","a3Ybn0000004xCvEAI","a18bn000001a1EuAAI","42807391755802906"
"a3fbn000000ftiXAAQ","","a3fbn000000fu4S","a3Ybn0000004xCxEAI","a18bn000001a19HAAQ","42807508411172428"
"a3fbn000000ftyoAAA","","a3jbn000000le4S","a3Ybn0000004xHuEAI","a18bn000001a1KfAAI","42807673161844111"
"a3fbn000000ft6wAAA","","a5xbn000000Jomr","a3Ybn0000004xDrEAI","a18bn000001a1OKAAY","42807946217129862"
"a3fbn000000ftCiAAI","","a9Ibn000001OAiJ","a3Ybn0000004xG3EAI","a18bn000001a1RyAAI","42808760947149587"
"a3fbn000000ftyIAAQ","","a5xbn000000Jp6h","a3Ybn0000004xHTEAY","a18bn000001a1BKAAY","42808813155070293"
"a3fbn000000ftrzAAA","","a5xbn000000Jp3H","a3Ybn0000004xH4EAI","a18bn000001a1K3AAI","42809219810138130"
"a3fbn000000ftg6AAA","","a5xbn000000Jp1S","a3Ybn0000004xDyEAI","a18bn000001Zt0lAAC","42809860487897863"
"a3fbn000000ft6EAAQ","","a5xbn000000JomE","a3Ybn0000004xCvEAI","a18bn000001a1RDAAY","42810036867401599"
"a3fbn000000ftZWAAY","","a3jbn000000ldz6","a3Ybn0000004xDHEAY","a18bn000001a1lbAAA","42810076869450189"
"a3fbn000000ftZ6AAI","","a5xbn000000Jp0W","a3Ybn0000004xDdEAI","a18bn000001a1k3AAA","42810109511805439"
"a3fbn000000ftlGAAQ","","a5xbn000000Jp42","a3Ybn0000004xCvEAI","a18bn000001a16QAAQ","42810305221481575"
"a3fbn000000ft8NAAQ","","a5xbn000000JonF","a3Ybn0000004xEXEAY","a18bn000001a1c0AAA","42810444401039655"
"a3fbn000000ftJ4AAI","","a3jbn000000ldwf","a3Ybn0000004xDHEAY","a18bn000001a1YWAAY","42810452617600293"
"a3fbn000000fthnAAA","","a5xbn000000Jp2h","a3Ybn0000004xHkEAI","a18bn000001a106AAA","42811089337441104"
"a3fbn000000ftYCAAY","","a3jbn000000ldyq","a3Ybn0000004xHuEAI","a18bn000001a1kMAAQ","42811311130217348"
"a3fbn000000ftVlAAI","","a5xbn000000Joy5","a3Ybn0000004xDkEAI","a18bn000001a1i5AAA","42811446099525517"
"a3fbn000000ftZtAAI","","a3fbn000000fu1s","a3Ybn0000004xIYEAY","a18bn000001a1kEAAQ","42811461580408753"
"a3fbn000000ftwHAAQ","","a5xbn000000Joud","a3Ybn0000004xJiEAI","a18bn000001a1L7AAI","42811698522369590"
"a3fbn000000ftcAAAQ","","a3jbn000000ldzr","a3Ybn0000004xFiEAI","a18bn000001a10qAAA","42811764185517535"
"a3fbn000000ftaYAAQ","","a5xbn000000Jp0t","a3Ybn0000004xG1EAI","a18bn000001a1kbAAA","42812842251977204"
"a3fbn000000ftkLAAQ","","a3jbn000000le1V","a3Ybn0000004xDFEAY","a18bn000001Zt09AAC","42813242726053723"
"a3fbn000000fto5AAA","","a5xbn000000Jovg","a3Ybn0000004xHXEAY","a18bn000001a0zWAAQ","42813299155919173"
"a3fbn000000ftJXAAY","","a3jbn000000ldwu","a3Ybn0000004xCnEAI","a18bn000001a1XWAAY","42813364857677064"
"a3fbn000000ftNzAAI","","a5xbn000000Joui","a3Ybn0000004xFiEAI","a18bn000001a1OZAAY","42813689273668230"
"a3fbn000000ftjnAAA","","a5xbn000000Jp2V","a3Ybn0000004xCpEAI","a18bn000001a180AAA","42813870274272604"
"a3fbn000000ftXpAAI","","a5xbn000000Jozl","a3Ybn0000004xDWEAY","a18bn000001a1igAAA","42814305533224126"
"a3fbn000000ftm0AAA","","a3fbn000000fu4i","a3Ybn0000004xCvEAI","a18bn000001a159AAA","42814569950549651"
"a3fbn000000ftWgAAI","","a5xbn000000Joyn","a3Ybn0000004xJxEAI","a18bn000001a1jbAAA","42814630165732842"
"a3fbn000000ftX9AAI","","a5xbn000000JozC","a3Ybn0000004xCvEAI","a18bn000001a1iHAAQ","42815443041465448"
"a3fbn000000ftqxAAA","","a5xbn000000Jp37","a3Ybn0000004xI1EAI","a18bn000001a1KqAAI","42815821966128090"
"a3fbn000000ft97AAA","","a3fbn000000fu0Z","a3Ybn0000004xFHEAY","a18bn000001a1dLAAQ","42815911753897747"
"a3fbn000000ftPXAAY","","M1 6a Depreciation","a3Ybn0000004xJqEAI","a18bn000001a1h6AAA","42816039363260707"
"a3fbn000000ftoiAAA","","a5xbn000000JomE","a3Ybn0000004xCvEAI","a18bn000001a126AAA","42816168154365950"
"a3fbn000000ftiZAAQ","","a3fbn000000fu4T","a3Ybn0000004xCxEAI","a18bn000001a19IAAQ","42816915355360404"
"a3fbn000000ftOJAAY","","a6Qbn000000HYOp","a3Ybn0000004xG4EAI","a18bn000001a1McAAI","42817043600504069"
"a3fbn000000ftFAAAY","","a5xbn000000Jos4","a3Ybn0000004xHFEAY","a18bn000001a1TGAAY","42818165387910212"
"a3fbn000000ftMnAAI","","a3fbn000000fu2g","a3Ybn0000004xJKEAY","a18bn000001a1LqAAI","42818635093357307"
"a3fbn000000ftFtAAI","","a5xbn000000JosT","a3Ybn0000004xCnEAI","a18bn000001a1S7AAI","42818848527685801"
"a3fbn000000ftTgAAI","","a5xbn000000Jouk","a3Ybn0000004xCvEAI","a18bn000001a1qAAAQ","42819732867274527"
"a3fbn000000ftRmAAI","","a5xbn000000Jom1","a3Ybn0000004xCvEAI","a18bn000001a1o2AAA","42819904656726899"
"a3fbn000000ftOaAAI","","a5xbn000000Jouw","a3Ybn0000004xJnEAI","a18bn000001a1OoAAI","42819990476050694"
"a3fbn000000ftNIAAY","","a3jbn000000ldyZ","a3Ybn0000004xCvEAI","a18bn000001a1ZeAAI","42820147294069434"
"a3fbn000000ftkbAAA","","a3jbn000000le1b","a3Ybn0000004xGrEAI","a18bn000001a1AkAAI","42821082635210386"
"a3fbn000000ftHwAAI","","a3jbn000000ldwS","a3Ybn0000004xDFEAY","a18bn000001a1YQAAY","42821389538847331"
"a3fbn000000ftNhAAI","","a9Ibn000001OBEr","a3Ybn0000004xGVEAY","a18bn000001a1ORAAY","42821425729076035"
"a3fbn000000ftuGAAQ","","a5xbn000000Jp5d","a3Ybn0000004xDnEAI","a18bn000001a1GMAAY","42821456568909472"
"a3fbn000000ftLPAAY","","a3jbn000000ldxZ","a3Ybn0000004xHkEAI","a18bn000001a1VlAAI","42821729836191360"
"a3fbn000000ftBtAAI","","a5xbn000000JopL","a3Ybn0000004xGKEAY","a18bn000001a1gvAAA","42822141104059769"
"a3fbn000000ftGDAAY","","a4Wbn000000hSHo","a3Ybn0000004xCxEAI","a18bn000001a1SHAAY","42822240753592586"
"a3fbn000000ftDjAAI","","a5xbn000000Joqv","a3Ybn0000004xFjEAI","a18bn000001a1UaAAI","42822684915090650"
"a3fbn000000ftZVAAY","","a5xbn000000Jp0c","a3Ybn0000004xDIEAY","a18bn000001a1lbAAA","42822708452235654"
"a3fbn000000ftBdAAI","","a5xbn000000Jop4","a3Ybn0000004xG6EAI","a18bn000001a1RgAAI","42822744823211704"
"a3fbn000000ft8SAAQ","","a5xbn000000JonM","a3Ybn0000004xEdEAI","a18bn000001a1c7AAA","42823151887487863"
"a3fbn000000fthrAAA","","a5xbn000000Jp2j","a3Ybn0000004xHiEAI","a18bn000001a108AAA","42823443240953928"
"a3fbn000000ftEaAAI","","a5xbn000000Jorh","a3Ybn0000004xCvEAI","a18bn000001a1StAAI","42823757954510678"
"a3fbn000000ftnMAAQ","","a5xbn000000Jp4q","a3Ybn0000004xH1EAI","a18bn000001a10fAAA","42823814987002690"
"a3fbn000000ftx7AAA","","a5xbn000000Jp6S","a3Ybn0000004xCvEAI","a18bn000001a1EgAAI","42824451577707667"
"a3fbn000000ftY9AAI","","a3jbn000000ldyo","a3Ybn0000004xHAEAY","a18bn000001a1k6AAA","42824573602594505"
"a3fbn000000ftfhAAA","","ebitdaannualizedname","a3Ybn0000004xDXEAY","a18bn000001a17LAAQ","42824593717597341"
"a3fbn000000ftX1AAI","","a5xbn000000Joz3","a3Ybn0000004xCvEAI","a18bn000001a1iNAAQ","42824805738198339"
"a3fbn000000ftnGAAQ","","a5xbn000000Jomy","a3Ybn0000004xCvEAI","a18bn000001a16lAAA","42824864000235527"
"a3fbn000000ftn5AAA","","a5xbn000000Jp4m","a3Ybn0000004xCrEAI","a18bn000001a0zUAAQ","42824905748754958"
"a3fbn000000fteFAAQ","","a5xbn000000Jp1m","a3Ybn0000004xCvEAI","a18bn000001a16nAAA","42825005724755336"
"a3fbn000000ftsBAAQ","","a3fbn000000fu50","a3Ybn0000004xHjEAI","a18bn000001a1HxAAI","42825171176991385"
"a3fbn000000ftKoAAI","","a3fbn000000fu2F","a3Ybn0000004xCrEAI","a18bn000001a1XAAAY","42825322541474789"
"a3fbn000000ftIQAAY","","a3jbn000000ldwZ","a3Ybn0000004xG2EAI","a18bn000001a1W0AAI","42825716374995868"
"a3fbn000000ftx2AAA","","a5xbn000000Jp6P","a3Ybn0000004xGZEAY","a18bn000001a1EdAAI","42825803858029278"
"a3fbn000000ftlPAAQ","","a5xbn000000Jouu","a3Ybn0000004xGlEAI","a18bn000001Zt0YAAS","42825837180741697"
"a3fbn000000ftuSAAQ","","a5xbn000000Jp5v","a3Ybn0000004xCvEAI","a18bn000001a1BVAAY","42826475255128022"
"a3fbn000000ftwDAAQ","","a5xbn000000Jp6A","a3Ybn0000004xFjEAI","a18bn000001a1L5AAI","42826547769605010"
"a3fbn000000ft5dAAA","","a5xbn000000Jom5","a3Ybn0000004xCvEAI","a18bn000001a1O1AAI","42826572625143444"
"a3fbn000000ftsJAAQ","","a5xbn000000Jp3p","a3Ybn0000004xHlEAI","a18bn000001a1KKAAY","42827322961967373"
"a3fbn000000ftccAAA","","a3jbn000000le06","a3Ybn0000004xINEAY","a18bn000001a10vAAA","42829191784443892"
"a3fbn000000ftqBAAQ","","a5xbn000000Jp2K","a3Ybn0000004xG4EAI","a18bn000001a1BgAAI","42829463908926720"
"a3fbn000000ftaUAAQ","","a3jbn000000ldzO","a3Ybn0000004xHWEAY","a18bn000001a1kZAAQ","42829797817293739"
"a3fbn000000ft9MAAQ","","a3fbn000000fu0f","a3Ybn0000004xFSEAY","a18bn000001a1deAAA","42830230420128223"
"a3fbn000000ftoQAAQ","","a5xbn000000Jp5A","a3Ybn0000004xDIEAY","a18bn000001a0yqAAA","42830235445339601"
"a3fbn000000ftY1AAI","","a5xbn000000Jozu","a3Ybn0000004xDuEAI","a18bn000001a1kfAAA","42830290085863284"
"a3fbn000000fttOAAQ","","a3fbn000000fu52","a3Ybn0000004xCrEAI","a18bn000001a1DVAAY","42830434338510015"
"a3fbn000000ftW7AAI","","a5xbn000000JoyN","a3Ybn0000004xCvEAI","a18bn000001a1hdAAA","42830449747677523"
"a3fbn000000ftvlAAA","","a5xbn000000Jp3T","a3Ybn0000004xIqEAI","a18bn000001a1KRAAY","42830726547759947"
"a3fbn000000fto2AAA","","ProformaCFC","a3Ybn0000004xI8EAI","a18bn000001Zt0PAAS","42831016732692300"
"a3fbn000000fta8AAA","","a3jbn000000ldzG","a3Ybn0000004xCvEAI","a18bn000001a1mVAAQ","42831076775625085"
"a3fbn000000ftChAAI","","a5xbn000000Joq4","a3Ybn0000004xGXEAY","a18bn000001a1RyAAI","42831093742945180"
"a3fbn000000ftDUAAY","","a5xbn000000Joqm","a3Ybn0000004xGoEAI","a18bn000001a1TuAAI","42831236360266341"
"a3fbn000000ftaNAAQ","","a3fbn000000fu3h","a3Ybn0000004xCtEAI","a18bn000001a1lAAAQ","42831445206620235"
"a3fbn000000ftD7AAI","","a5xbn000000JoqP","a3Ybn0000004xCvEAI","a18bn000001a1UIAAY","42832997415997244"
"a3fbn000000ftDPAAY","","a5xbn000000Joqh","a3Ybn0000004xGsEAI","a18bn000001a1TsAAI","42833015693836970"
"a3fbn000000ftwNAAQ","","a5xbn000000Joug","a3Ybn0000004xJkEAI","a18bn000001a1LAAAY","42833686660882900"
"a3fbn000000ftEwAAI","","a9Ibn000001OBEl","a3Ybn0000004xHAEAY","a18bn000001a1T9AAI","42833880012028487"
"a3fbn000000ftHUAAY","","a3jbn000000ldwJ","a3Ybn0000004xDFEAY","a18bn000001a1YHAAY","42834219525526203"
"a3fbn000000ftmZAAQ","","a5xbn000000Jp4b","a3Ybn0000004xHOEAY","a18bn000001a122AAA","42835276217552709"
"a3fbn000000ftXOAAY","","a5xbn000000JozO","a3Ybn0000004xCvEAI","a18bn000001a1iUAAQ","42835325396504519"
"a3fbn000000ftyyAAA","","a5xbn000000Jp1v","a3Ybn0000004xIFEAY","a18bn000001a1KlAAI","42835400313651196"
"a3fbn000000ft98AAA","","a3fbn000000fu0b","a3Ybn0000004xDeEAI","a18bn000001a1dRAAQ","42835662700500700"
"a3fbn000000ftWKAAY","","a9Ibn000001OBF7","a3Ybn0000004xG2EAI","a18bn000001a1jKAAQ","42836369530297815"
"a3fbn000000fty2AAA","","a5xbn000000Jp5b","a3Ybn0000004xFjEAI","a18bn000001a1B8AAI","42836769293518603"
"a3fbn000000ftuFAAQ","","a5xbn000000Jp5Z","a3Ybn0000004xJnEAI","a18bn000001a1GLAAY","42837094422609554"
"a3fbn000000ft9tAAA","","a3fbn000000fu0u","a3Ybn0000004xDeEAI","a18bn000001a1e5AAA","42838188416513404"
"a3fbn000000ft5tAAA","","a6Qbn000000HYOk","a3Ybn0000004xD8EAI","a18bn000001a1MzAAI","42838265488563887"
"a3fbn000000ftQqAAI","","a5xbn000000JovV","a3Ybn0000004xGpEAI","a18bn000001a1rZAAQ","42838463740522723"
"a3fbn000000ftXbAAI","","a5xbn000000JozX","a3Ybn0000004xCvEAI","a18bn000001a1j5AAA","42839176408286265"
"a3fbn000000ft75AAA","","a5xbn000000Jon0","a3Ybn0000004xCvEAI","a18bn000001a1MVAAY","42839178884558661"
"a3fbn000000ftAyAAI","","a6Qbn000000HYOq","a3Ybn0000004xG4EAI","a18bn000001a1fgAAA","42839183225140205"
"a3fbn000000ftaqAAA","","a5xbn000000Jp10","a3Ybn0000004xJ0EAI","a18bn000001a1mbAAA","42839358639312659"
"a3fbn000000ftU6AAI","","a3jbn000000ldyh","a3Ybn0000004xG6EAI","a18bn000001a1prAAA","42839432959657449"
"a3fbn000000ft68AAA","","a3fbn000000ftzN","a3Ybn0000004xDLEAY","a18bn000001a1R9AAI","42841439290012844"
"a3fbn000000ftK4AAI","","a3jbn000000ldx9","a3Ybn0000004xDHEAY","a18bn000001a1XcAAI","42841816672498847"
"a3fbn000000ftq0AAA","","a5xbn000000Jp1S","a3Ybn0000004xDyEAI","a18bn000001a1BaAAI","42842461731281163"
"a3fbn000000ftbLAAQ","","a5xbn000000Jom6","a3Ybn0000004xCvEAI","a18bn000001a18uAAA","42842554127594001"
"a3fbn000000ftc2AAA","","a3jbn000000ldzl","a3Ybn0000004xG2EAI","a18bn000001a10mAAA","42842692674543247"
"a3fbn000000ftiYAAQ","","CP - Subordinated Debt","a3Ybn0000004xIEEAY","a18bn000001a19HAAQ","42843342073547848"
"a3fbn000000ftRYAAY","","a6Qbn000000HYOi","a3Ybn0000004xCuEAI","a18bn000001a1r2AAA","42843381527701438"
"a3fbn000000ftdNAAQ","","a3jbn000000le0K","a3Ybn0000004xDNEAY","a18bn000001a11AAAQ","42843962611532970"
"a3fbn000000ftHeAAI","","a5xbn000000Jot9","a3Ybn0000004xI2EAI","a18bn000001a1UhAAI","42844148324319172"
"a3fbn000000fto6AAA","","a5xbn000000Jovf","a3Ybn0000004xCuEAI","a18bn000001a0zVAAQ","42844383800527772"
"a3fbn000000ftmXAAQ","","a5xbn000000Jp4a","a3Ybn0000004xFZEAY","a18bn000001a121AAA","42844569450511218"
"a3fbn000000ftnZAAQ","","a5xbn000000Jp4s","a3Ybn0000004xHeEAI","a18bn000001a0ymAAA","42844758149056091"
"a3fbn000000ftacAAA","","a3fbn000000fu3l","a3Ybn0000004xGkEAI","a18bn000001a1jpAAA","42844964294930928"
"a3fbn000000fttwAAA","","a9Ibn000001OBFO","a3Ybn0000004xGVEAY","a18bn000001a1DuAAI","42845269852784019"
"a3fbn000000ftNRAAY","","a5xbn000000JouT","a3Ybn0000004xJdEAI","a18bn000001a1NTAAY","42845756709455793"
"a3fbn000000ftOzAAI","","a5xbn000000JovK","a3Ybn0000004xCvEAI","a18bn000001a1NpAAI","42845859046399749"
"a3fbn000000fteDAAQ","","a3jbn000000le0W","a3Ybn0000004xDNEAY","a18bn000001a13cAAA","42846087735342243"
"a3fbn000000ftlLAAQ","","a5xbn000000Jp46","a3Ybn0000004xCvEAI","a18bn000001a1ADAAY","42846417595444167"
"a3fbn000000ft8pAAA","","a5xbn000000Jonf","a3Ybn0000004xEzEAI","a18bn000001a1cQAAQ","42847338744637615"
"a3fbn000000ftQVAAY","","a5xbn000000JowO","a3Ybn0000004xCvEAI","a18bn000001a1oHAAQ","42847414736547883"
"a3fbn000000ftJcAAI","","a3fbn000000fu1m","a3Ybn0000004xIUEAY","a18bn000001a1YuAAI","42847559746861090"
"a3fbn000000ftUAAAY","","a3jbn000000ldym","a3Ybn0000004xG9EAI","a18bn000001a1q5AAA","42848992271694566"
"a3fbn000000fttVAAQ","","a5xbn000000Jp3b","a3Ybn0000004xHXEAY","a18bn000001a1GqAAI","4284899529146974"
"a3fbn000000ftCCAAY","","a5xbn000000Jope","a3Ybn0000004xGBEAY","a18bn000001a1gSAAQ","42849203322085161"
"a3fbn000000ftoKAAQ","","a5xbn000000Jovb","a3Ybn0000004xGnEAI","a18bn000001a0zPAAQ","42849386027201913"
"a3fbn000000ftaBAAQ","","a3jbn000000ldzJ","a3Ybn0000004xCvEAI","a18bn000001a1mXAAQ","42849492011253940"
"a3fbn000000fty0AAA","","a5xbn000000Jomr","a3Ybn0000004xDrEAI","a18bn000001a1EQAAY","42849549547315082"
"a3fbn000000ftDIAAY","","a5xbn000000JoqZ","a3Ybn0000004xGpEAI","a18bn000001a1ToAAI","42849622669640652"
"a3fbn000000ftAvAAI","","a9Ibn000001OAiG","a3Ybn0000004xG2EAI","a18bn000001a1fiAAA","42850195796083328"
"a3fbn000000ftNpAAI","","a5xbn000000Joue","a3Ybn0000004xFlEAI","a18bn000001a1OUAAY","42850463158509735"
"a3fbn000000ftSAAAY","","a5xbn000000JomG","a3Ybn0000004xDREAY","a18bn000001a1sDAAQ","42850682001445114"
"a3fbn000000ftOtAAI","","a5xbn000000JovE","a3Ybn0000004xCvEAI","a18bn000001a1MmAAI","42851357737977227"
"a3fbn000000ftq3AAA","","a3fbn000000fu3m","a3Ybn0000004xIYEAY","a18bn000001a1BbAAI","42851408132830519"
"a3fbn000000ftVZAAY","","a5xbn000000Joxs","a3Ybn0000004xDdEAI","a18bn000001a1ilAAA","42851679889610010"
"a3fbn000000ftxEAAQ","","a3fbn000000fu5E","a3Ybn0000004xHYEAY","a18bn000001a1DQAAY","42851865131278080"
"a3fbn000000ftlNAAQ","","a5xbn000000Jout","a3Ybn0000004xGjEAI","a18bn000001Zt0XAAS","42852635037535695"
"a3fbn000000ftXvAAI","","a5xbn000000Jozr","a3Ybn0000004xCoEAI","a18bn000001a1hyAAA","42853092693039769"
"a3fbn000000ftBMAAY","","a3jbn000000ldvu","a3Ybn0000004xG9EAI","a18bn000001a1fcAAA","42853225272603850"
"a3fbn000000ftviAAA","","a3jbn000000le42","a3Ybn0000004xGoEAI","a18bn000001a1KPAAY","42853350865671849"
"a3fbn000000ftn9AAA","","a5xbn000000Joms","a3Ybn0000004xDsEAI","a18bn000001a15yAAA","42853433523671944"
"a3fbn000000ftXyAAI","","a3fbn000000fu3F","a3Ybn0000004xGlEAI","a18bn000001a1jqAAA","42853639720858016"
"a3fbn000000ftWCAAY","","CFAvailtoServiceDebt","a3Ybn0000004xHpEAI","a18bn000001a1hiAAA","42854001863283855"
"a3fbn000000ft9UAAQ","","a3fbn000000fu0j","a3Ybn0000004xDeEAI","a18bn000001a1djAAA","42854149804753565"
"a3fbn000000ft5TAAQ","","a6Qbn000000HYOg","a3Ybn0000004xCsEAI","a18bn000001a1QzAAI","42854736121959486"
"a3fbn000000ftV2AAI","","a5xbn000000JoxQ","a3Ybn0000004xG7EAI","a18bn000001a1trAAA","42855174664604063"
"a3fbn000000ftreAAA","","a5xbn000000Jp1O","a3Ybn0000004xCvEAI","a18bn000001a1JnAAI","42856178709539329"
"a3fbn000000ftkXAAQ","","a5xbn000000JouX","a3Ybn0000004xICEAY","a18bn000001a1AHAAY","42856258320758850"
"a3fbn000000ftThAAI","","a5xbn000000Jom2","a3Ybn0000004xCvEAI","a18bn000001a1pHAAQ","42856341282507117"
"a3fbn000000fta2AAA","","a3jbn000000ldzD","a3Ybn0000004xG3EAI","a18bn000001a1mRAAQ","42856365220461132"
"a3fbn000000ftSGAAY","","a5xbn000000JomO","a3Ybn0000004xDXEAY","a18bn000001a1sJAAQ","42856557574444757"
"a3fbn000000ftmjAAA","","a5xbn000000Jp4e","a3Ybn0000004xFIEAY","a18bn000001a0zyAAA","42856644062599822"
"a3fbn000000ftJ8AAI","","a5xbn000000Joti","a3Ybn0000004xINEAY","a18bn000001a1YYAAY","42856925817230423"
"a3fbn000000ftZ9AAI","","a3fbn000000fu3K","a3Ybn0000004xHEEAY","a18bn000001a1mEAAQ","42856943361346681"
"a3fbn000000ftCSAAY","","a5xbn000000Jopr","a3Ybn0000004xCvEAI","a18bn000001a1TkAAI","42857294473660882"
"a3fbn000000ftKyAAI","","a5xbn000000Jou0","a3Ybn0000004xHXEAY","a18bn000001a1XGAAY","42857514903802470"
"a3fbn000000ftYiAAI","","a3jbn000000ldyu","a3Ybn0000004xG2EAI","a18bn000001a1kPAAQ","42857594113192080"
"a3fbn000000fthfAAA","","a5xbn000000Jov4","a3Ybn0000004xCvEAI","a18bn000001a0z1AAA","42857670003077558"
"a3fbn000000ftpUAAQ","","a5xbn000000Jp1a","a3Ybn0000004xIsEAI","a18bn000001a1FyAAI","42857778449993818"
"a3fbn000000ftRIAAY","","a5xbn000000JovA","a3Ybn0000004xCvEAI","a18bn000001a1rJAAQ","42857837350370500"
"a3fbn000000ftGyAAI","","a3jbn000000ldw2","a3Ybn0000004xCvEAI","a18bn000001a1WfAAI","42858228898981463"
"a3fbn000000ftETAAY","","a5xbn000000Jora","a3Ybn0000004xCvEAI","a18bn000001a1T3AAI","42858443628669381"
"a3fbn000000ftkhAAA","","a3jbn000000le1f","a3Ybn0000004xHkEAI","a18bn000001a152AAA","42858456659935723"
"a3fbn000000ftH1AAI","","a5xbn000000Josw","a3Ybn0000004xGcEAI","a18bn000001a1YnAAI","42859401494785292"
"a3fbn000000ftKLAAY","","a3jbn000000ldwy","a3Ybn0000004xDKEAY","a18bn000001a1XhAAI","42859729328392505"
"a3fbn000000ftZLAAY","","a3fbn000000fu1f","a3Ybn0000004xDEEAY","a18bn000001a1mKAAQ","42860015373381948"
"a3fbn000000fttdAAA","","a3jbn000000le3R","a3Ybn0000004xCnEAI","a18bn000001a1GtAAI","42860024002789489"
"a3fbn000000ftAoAAI","","a5xbn000000Jom8","a3Ybn0000004xDDEAY","a18bn000001a1fpAAA","42860240439822575"
"a3fbn000000ftJ2AAI","","a3fbn000000fu1k","a3Ybn0000004xCvEAI","a18bn000001a1YTAAY","42860339160354553"
"a3fbn000000ftNtAAI","","a5xbn000000Joug","a3Ybn0000004xJkEAI","a18bn000001a1OWAAY","42860445720131592"
"a3fbn000000ftnUAAQ","","a3jbn000000le25","a3Ybn0000004xHeEAI","a18bn000001a0yjAAA","42860657334766673"
"a3fbn000000ftOEAAY","","a6Qbn000000HYOr","a3Ybn0000004xG3EAI","a18bn000001a1MZAAY","42860903692298588"
"a3fbn000000ftkDAAQ","","a3jbn000000le1R","a3Ybn0000004xDFEAY","a18bn000001Zt05AAC","42861053504292378"
"a3fbn000000ftR0AAI","","a5xbn000000Jovc","a3Ybn0000004xGyEAI","a18bn000001a1rdAAA","42861799865620998"
"a3fbn000000ftItAAI","","a5xbn000000Jote","a3Ybn0000004xFiEAI","a18bn000001a1V5AAI","42862606305751319"
"a3fbn000000ftljAAA","","a5xbn000000Jp4D","a3Ybn0000004xGoEAI","a18bn000001Zt0bAAC","42862829376272491"
"a3fbn000000ftH0AAI","","a3jbn000000ldw3","a3Ybn0000004xCvEAI","a18bn000001a1WgAAI","42862885320721048"
"a3fbn000000ftJDAAY","","a5xbn000000Jotl","a3Ybn0000004xDJEAY","a18bn000001a1X6AAI","42863203855158564"
"a3fbn000000ftGvAAI","","templatechangeinre","a3Ybn0000004xGiEAI","a18bn000001a1WbAAI","42865470041617111"
"a3fbn000000ftKiAAI","","a5xbn000000Jotz","a3Ybn0000004xIhEAI","a18bn000001a1ZLAAY","42865713059647052"
"a3fbn000000ftHRAAY","","a5xbn000000Jot1","a3Ybn0000004xH7EAI","a18bn000001a1YGAAY","42865742450008294"
"a3fbn000000ftz4AAA","","a5xbn000000Jp5v","a3Ybn0000004xCvEAI","a18bn000001a1FqAAI","42866157721498620"
"a3fbn000000ftNwAAI","","a9Ibn000001OBEw","a3Ybn0000004xG2EAI","a18bn000001a1OXAAY","42866471131563003"
"a3fbn000000ftYRAAY","","a5xbn000000Jp0C","a3Ybn0000004xKQEAY","a18bn000001a1m4AAA","4286674010493052"
"a3fbn000000ftULAAY","","a5xbn000000Jowj","a3Ybn0000004xG6EAI","a18bn000001a1tkAAA","42868222146225694"
"a3fbn000000ftSbAAI","","a5xbn000000Joma","a3Ybn0000004xCvEAI","a18bn000001a1sjAAA","42869131542770251"
"a3fbn000000ftKDAAY","","a3fbn000000fu1w","a3Ybn0000004xIaEAI","a18bn000001a1VVAAY","42869580098998556"
"a3fbn000000ftapAAA","","a3jbn000000ldzX","a3Ybn0000004xKTEAY","a18bn000001a1mbAAA","42869954601844312"
"a3fbn000000ftwuAAA","","a9Ibn000001OBEr","a3Ybn0000004xGVEAY","a18bn000001a1EVAAY","42870257337796994"
"a3fbn000000ftNcAAI","","a9Ibn000001OBEq","a3Ybn0000004xHuEAI","a18bn000001a1NbAAI","42870333627530974"
"a3fbn000000ftvOAAQ","","a5xbn000000Jp67","a3Ybn0000004xHZEAY","a18bn000001a1BRAAY","42870579237877665"
"a3fbn000000fttZAAQ","","a5xbn000000Jp4u","a3Ybn0000004xImEAI","a18bn000001a1GsAAI","42870626186841894"
"a3fbn000000ftptAAA","","a5xbn000000Jp1X","a3Ybn0000004xIdEAI","a18bn000001a1G5AAI","42870646020279446"
"a3fbn000000ftZGAAY","","a3fbn000000fu3O","a3Ybn0000004xHFEAY","a18bn000001a1mIAAQ","42870804475158611"
"a3fbn000000ftmgAAA","","a3jbn000000le1r","a3Ybn0000004xCvEAI","a18bn000001a1A8AAI","42870824159787629"
"a3fbn000000ftXaAAI","","a5xbn000000JozY","a3Ybn0000004xCvEAI","a18bn000001a1j6AAA","42870896024644169"
"a3fbn000000ftL9AAI","","a3jbn000000ldxQ","a3Ybn0000004xGoEAI","a18bn000001a1VdAAI","42871782766180855"
"a3fbn000000ftZuAAI","","a3fbn000000fu3W","a3Ybn0000004xKLEAY","a18bn000001a1kFAAQ","42872381691657687"
"a3fbn000000ftr8AAA","","a5xbn000000Jp5Q","a3Ybn0000004xCvEAI","a18bn000001a1ECAAY","42872429340357320"
"a3fbn000000ftXCAAY","","a5xbn000000JozE","a3Ybn0000004xCvEAI","a18bn000001a1j2AAA","42872676713191784"
"a3fbn000000ftbEAAQ","","a5xbn000000Jp16","a3Ybn0000004xCvEAI","a18bn000001a18ZAAQ","42873683814959581"
"a3fbn000000ftvbAAA","","a5xbn000000Jp2h","a3Ybn0000004xHkEAI","a18bn000001a1KNAAY","42873810978332322"
"a3fbn000000ftgzAAA","","a5xbn000000Jp2R","a3Ybn0000004xDaEAI","a18bn000001a19OAAQ","42874009712551275"
"a3fbn000000ftaxAAA","","a9Ibn000001OBEz","a3Ybn0000004xK2EAI","a18bn000001a1h0AAA","42874128163946982"
"a3fbn000000ftN9AAI","","a3jbn000000ldyQ","a3Ybn0000004xCvEAI","a18bn000001a1ZSAAY","42874787070226478"
"a3fbn000000ftBzAAI","","a5xbn000000JopR","a3Ybn0000004xGLEAY","a18bn000001a1RwAAI","42874811406351119"
"a3fbn000000ftYGAAY","","a3jbn000000ldyr","a3Ybn0000004xHKEAY","a18bn000001a1lYAAQ","42874872794235301"
"a3fbn000000ftsfAAA","","priorperiodtotalliabilities","a3Ybn0000004xDREAY","a18bn000001a1JDAAY","42874999457367443"
"a3fbn000000ftjQAAQ","","a3jbn000000le19","a3Ybn0000004xCnEAI","a18bn000001a18xAAA","42875216351170575"
"a3fbn000000fthCAAQ","","a3fbn000000fu4J","a3Ybn0000004xCrEAI","a18bn000001a18iAAA","42875408723654205"
"a3fbn000000ftDtAAI","","a5xbn000000Jor4","a3Ybn0000004xH1EAI","a18bn000001a1UbAAI","42875736882576017"
"a3fbn000000ftupAAA","","a3jbn000000le3f","a3Ybn0000004xCnEAI","a18bn000001a1GyAAI","42876257079881888"
"a3fbn000000fts6AAA","","a3fbn000000fu4E","a3Ybn0000004xGtEAI","a18bn000001a1HuAAI","42876274717444821"
"a3fbn000000ft89AAA","","a5xbn000000Jon1","a3Ybn0000004xCvEAI","a18bn000001a1bkAAA","42876569577395853"
"a3fbn000000fta4AAA","","a5xbn000000Jp0l","a3Ybn0000004xGaEAI","a18bn000001a1mSAAQ","42877562729666116"
"a3fbn000000fthjAAA","","a5xbn000000Jp2f","a3Ybn0000004xHmEAI","a18bn000001a104AAA","42877941410309585"
"a3fbn000000ftMZAAY","","a3jbn000000ldy5","a3Ybn0000004xJ0EAI","a18bn000001a1aXAAQ","42878238131278154"
"a3fbn000000fthPAAQ","","a5xbn000000Jp2Y","a3Ybn0000004xIQEAY","a18bn000001a12OAAQ","42878251186173117"
"a3fbn000000ftFmAAI","","a4Wbn000000hSHl","a3Ybn0000004xDNEAY","a18bn000001a1TfAAI","42878975407538920"
"a3fbn000000ftmTAAQ","","a5xbn000000Jp4Y","a3Ybn0000004xDLEAY","a18bn000001a11zAAA","42879178862596054"
"a3fbn000000ftIKAAY","","a3jbn000000ldwV","a3Ybn0000004xG2EAI","a18bn000001a1VxAAI","42879351299486763"
"a3fbn000000ftHCAAY","","a3jbn000000ldwB","a3Ybn0000004xHuEAI","a18bn000001a1VuAAI","42879599124276071"
"a3fbn000000ft8xAAA","","a5xbn000000Jonn","a3Ybn0000004xF7EAI","a18bn000001a1cYAAQ","42879659161098921"
"a3fbn000000fteOAAQ","","a5xbn000000Jp1o","a3Ybn0000004xJhEAI","a18bn000001a17pAAA","42880046167680759"
"a3fbn000000ftIsAAI","","a3fbn000000fu1j","a3Ybn0000004xDFEAY","a18bn000001a1ZAAAY","42880099938048610"
"a3fbn000000ftU9AAI","","a3jbn000000ldyl","a3Ybn0000004xG9EAI","a18bn000001a1pxAAA","42880735457967910"
"a3fbn000000ftTyAAI","","a3jbn000000ldya","a3Ybn0000004xG5EAI","a18bn000001a1plAAA","42880931715784743"
"a3fbn000000ftA7AAI","","a5xbn000000JooH","a3Ybn0000004xFiEAI","a18bn000001a1eKAAQ","42881100384047257"
"a3fbn000000ftixAAA","","a5xbn000000Jp3A","a3Ybn0000004xH3EAI","a18bn000001a1AhAAI","42881155122375659"
"a3fbn000000ftf5AAA","","a3fbn000000fu46","a3Ybn0000004xGnEAI","a18bn000001a15aAAA","42881224849009187"
"a3fbn000000ftLkAAI","","a3fbn000000fu2L","a3Ybn0000004xCvEAI","a18bn000001a1WWAAY","42881374188856642"
"a3fbn000000ftJFAAY","","a3jbn000000ldwl","a3Ybn0000004xDKEAY","a18bn000001a1X7AAI","42881983184259559"
"a3fbn000000ftoXAAQ","","a5xbn000000Jp5D","a3Ybn0000004xINEAY","a18bn000001a0ytAAA","42882047154214711"
"a3fbn000000ftq1AAA","","a3jbn000000ldzx","a3Ybn0000004xGVEAY","a18bn000001a1BaAAI","42882143558805179"
"a3fbn000000ftJRAAY","","a3jbn000000ldwr","a3Ybn0000004xCnEAI","a18bn000001a1XTAAY","42882366442888139"
"a3fbn000000ft9BAAQ","","a5xbn000000Jons","a3Ybn0000004xFJEAY","a18bn000001a1dUAAQ","42883003577202905"
"a3fbn000000fth4AAA","","tangiblenetworthclass","a3Ybn0000004xDhEAI","a18bn000001a1AMAAY","42883184545409455"
"a3fbn000000ftENAAY","","a5xbn000000JorU","a3Ybn0000004xCvEAI","a18bn000001a1TWAAY","42883341816397365"
"a3fbn000000ft8eAAA","","a5xbn000000JonW","a3Ybn0000004xEoEAI","a18bn000001a1cIAAQ","42883944860621313"
"a3fbn000000ftKtAAI","","a3jbn000000ldwu","a3Ybn0000004xCnEAI","a18bn000001a1XDAAY","42883972708439657"
"a3fbn000000ftWTAAY","","a5xbn000000Joyd","a3Ybn0000004xCvEAI","a18bn000001a1jPAAQ","42884471640984805"
"a3fbn000000ft99AAA","","a3fbn000000fu0c","a3Ybn0000004xDeEAI","a18bn000001a1dSAAQ","42884882991636240"
"a3fbn000000ftz1AAA","","a3jbn000000le4Y","a3Ybn0000004xJjEAI","a18bn000001a1B7AAI","42884945157895425"
"a3fbn000000ft9KAAQ","","a5xbn000000Jonz","a3Ybn0000004xCpEAI","a18bn000001a1dcAAA","42885315095540125"
"a3fbn000000ftKYAAY","","a3fbn000000fu25","a3Ybn0000004xGVEAY","a18bn000001a1VXAAY","42885698144321018"
"a3fbn000000ftH3AAI","","a3jbn000000ldw4","a3Ybn0000004xHAEAY","a18bn000001a1VOAAY","42885769279521987"
"a3fbn000000ftV7AAI","","a5xbn000000JoxV","a3Ybn0000004xG9EAI","a18bn000001a1twAAA","42885837033316565"
"a3fbn000000ftorAAA","","a3jbn000000le2M","a3Ybn0000004xDKEAY","a18bn000001a0yvAAA","42886153091366213"
"a3fbn000000ftTrAAI","","M1 6a Depreciation","a3Ybn0000004xJqEAI","a18bn000001a1npAAA","42886676944210462"
"a3fbn000000ftrKAAQ","","a5xbn000000Jp4p","a3Ybn0000004xJkEAI","a18bn000001a1J7AAI","42887000504536550"
"a3fbn000000ftdMAAQ","","a5xbn000000Jp1a","a3Ybn0000004xIsEAI","a18bn000001a11AAAQ","42887872295148990"
"a3fbn000000ftxxAAA","","a5xbn000000Jp6d","a3Ybn0000004xIYEAY","a18bn000001a1DsAAI","42888273841534102"
"a3fbn000000ft91AAA","","Average Total Farm Assets","a3Ybn0000004xFBEAY","a18bn000001a1cfAAA","42888428514314199"
"a3fbn000000fto8AAA","","a5xbn000000Jool","a3Ybn0000004xCnEAI","a18bn000001a0zXAAQ","42888841925503522"
"a3fbn000000ftKOAAY","","a3jbn000000ldxA","a3Ybn0000004xDNEAY","a18bn000001a1XkAAI","42888850985908161"
"a3fbn000000ftPPAAY","","a5xbn000000Jook","a3Ybn0000004xFzEAI","a18bn000001a1QtAAI","42889216127569177"
"a3fbn000000ftFyAAI","","a5xbn000000JosY","a3Ybn0000004xHZEAY","a18bn000001a1SAAAY","42889780356394212"
"a3fbn000000ft5uAAA","","Book Capital Gains","a3Ybn0000004xDAEAY","a18bn000001a1PDAAY","42890004323890981"
"a3fbn000000fttQAAQ","","a3fbn000000fu54","a3Ybn0000004xCrEAI","a18bn000001a1DWAAY","42890073514297254"
"a3fbn000000ftjsAAA","","a5xbn000000Jp3T","a3Ybn0000004xIqEAI","a18bn000001a10EAAQ","42890591830676829"
"a3fbn000000ftqGAAQ","","a5xbn000000Jp3v","a3Ybn0000004xIhEAI","a18bn000001a1GGAAY","42890645062081569"
"a3fbn000000ftL3AAI","","a3jbn000000ldxN","a3Ybn0000004xCnEAI","a18bn000001a1XIAAY","42891090683455807"
"a3fbn000000ftwUAAQ","","a9Ibn000001OBEw","a3Ybn0000004xG2EAI","a18bn000001a1LDAAY","42891751585382736"
"a3fbn000000ftlXAAQ","","a5xbn000000Joun","a3Ybn0000004xCvEAI","a18bn000001Zt0BAAS","42892332681276226"
"a3fbn000000ftJfAAI","","a3fbn000000fu1o","a3Ybn0000004xIWEAY","a18bn000001a1YwAAI","42892704841132799"
"a3fbn000000ftNqAAI","","a9Ibn000001OBEt","a3Ybn0000004xG2EAI","a18bn000001a1OUAAY","42893008820817374"
"a3fbn000000ftD4AAI","","a5xbn000000JoqM","a3Ybn0000004xCvEAI","a18bn000001a1UEAAY","42893045664675821"
"a3fbn000000fts7AAA","","a3fbn000000fu4y","a3Ybn0000004xHhEAI","a18bn000001a1HvAAI","42893154581554447"
"a3fbn000000ftfnAAA","","a5xbn000000Jp27","a3Ybn0000004xDrEAI","a18bn000001a15QAAQ","42893468648841629"
"a3fbn000000ftajAAA","","a3jbn000000ldzT","a3Ybn0000004xG2EAI","a18bn000001a1k0AAA","42893773388588571"
"a3fbn000000ftJTAAY","","a3jbn000000ldwt","a3Ybn0000004xFTEAY","a18bn000001a1XVAAY","42894469016645644"
"a3fbn000000ftSVAAY","","a5xbn000000JomU","a3Ybn0000004xDdEAI","a18bn000001a1sMAAQ","4289449159507167"
"a3fbn000000ft9WAAQ","","a3fbn000000fu0j","a3Ybn0000004xDeEAI","a18bn000001a1dlAAA","42894874603783243"
"a3fbn000000ftSpAAI","","a5xbn000000Jomm","a3Ybn0000004xCvEAI","a18bn000001a1qWAAQ","42896035885797939"
"a3fbn000000ftf0AAA","","a3fbn000000fu44","a3Ybn0000004xIiEAI","a18bn000001a15YAAQ","42896781836171400"
"a3fbn000000ftlZAAQ","","a5xbn000000Jouo","a3Ybn0000004xGbEAI","a18bn000001Zt0DAAS","42897180640538471"
"a3fbn000000ftOPAAY","","a5xbn000000Joun","a3Ybn0000004xCvEAI","a18bn000001a1NhAAI","42897257959700950"
"a3fbn000000ftXGAAY","","a5xbn000000JozI","a3Ybn0000004xJeEAI","a18bn000001a1irAAA","42897685854730037"
"a3fbn000000ftwEAAQ","","a9Ibn000001OBFS","a3Ybn0000004xG2EAI","a18bn000001a1L5AAI","42897722827435746"
"a3fbn000000ftLDAAY","","a3jbn000000ldxS","a3Ybn0000004xGoEAI","a18bn000001a1VfAAI","42897871487609887"
"a3fbn000000ftkZAAQ","","a5xbn000000Jp2n","a3Ybn0000004xGrEAI","a18bn000001a1AjAAI","42897967372156354"
"a3fbn000000ft8RAAQ","","a5xbn000000JonI","a3Ybn0000004xEbEAI","a18bn000001a1c3AAA","42898724717502944"
"a3fbn000000ftPSAAY","","a5xbn000000Jovj","a3Ybn0000004xJpEAI","a18bn000001a1QuAAI","42899104153868044"
"a3fbn000000ftE9AAI","","a5xbn000000JorG","a3Ybn0000004xCvEAI","a18bn000001a1SaAAI","42899160637991059"
"a3fbn000000ftHqAAI","","a3jbn000000ldwP","a3Ybn0000004xDFEAY","a18bn000001a1YNAAY","42899228475989318"
"a3fbn000000ftWlAAI","","a5xbn000000Joyq","a3Ybn0000004xIgEAI","a18bn000001a1jeAAA","42899290482670036"
"a3fbn000000ftjdAAA","","a5xbn000000JovB","a3Ybn0000004xCvEAI","a18bn000001a0zJAAQ","42899982742963326"
"a3fbn000000ft8dAAA","","a5xbn000000JonV","a3Ybn0000004xEnEAI","a18bn000001a1cHAAQ","42900686319926221"
"a3fbn000000ftLiAAI","","a3jbn000000ldxf","a3Ybn0000004xCvEAI","a18bn000001a1WVAAY","42900687965366013"
"a3fbn000000ftbVAAQ","","a3jbn000000ldzh","a3Ybn0000004xG2EAI","a18bn000001a10kAAA","42900729113184924"
"a3fbn000000ftOLAAY","","a6Qbn000000HYOn","a3Ybn0000004xCvEAI","a18bn000001a1NdAAI","42900876341954803"
"a3fbn000000fttbAAA","","a5xbn000000Jp4v","a3Ybn0000004xInEAI","a18bn000001a1GtAAI","42901132863479685"
"a3fbn000000ftxNAAQ","","a5xbn000000JovI","a3Ybn0000004xCvEAI","a18bn000001a1BjAAI","42901398018617862"
"a3fbn000000ftCpAAI","","a5xbn000000Joq9","a3Ybn0000004xGaEAI","a18bn000001a1S2AAI","42901418580808794"
"a3fbn000000ftLGAAY","","a5xbn000000Jou8","a3Ybn0000004xGrEAI","a18bn000001a1VhAAI","42901714537380861"
"a3fbn000000ftEOAAY","","a5xbn000000JorV","a3Ybn0000004xCvEAI","a18bn000001a1TXAAY","42901986505695518"
"a3fbn000000ftV9AAI","","a5xbn000000JoxY","a3Ybn0000004xG9EAI","a18bn000001a1tzAAA","42902990541626394"
"a3fbn000000ftzDAAQ","","a3fbn000000fu5c","a3Ybn0000004xFXEAY","a18bn000001a1KkAAI","42903898093643535"
"a3fbn000000ftxIAAQ","","a3fbn000000fu5M","a3Ybn0000004xHZEAY","a18bn000001a1DTAAY","42903903107948604"
"a3fbn000000fthhAAA","","a5xbn000000Jp2e","a3Ybn0000004xCvEAI","a18bn000001a0z5AAA","42904073126263908"
"a3fbn000000ftDJAAY","","a5xbn000000Joqb","a3Ybn0000004xGqEAI","a18bn000001a1TpAAI","42904245430470117"
"a3fbn000000ftEZAAY","","a5xbn000000Jorg","a3Ybn0000004xCvEAI","a18bn000001a1SsAAI","42904490053779383"
"a3fbn000000ftz5AAA","","a3fbn000000fu5W","a3Ybn0000004xHEEAY","a18bn000001a1FrAAI","42905880484613499"
"a3fbn000000fteSAAQ","","a5xbn000000Jp1q","a3Ybn0000004xFjEAI","a18bn000001a1A4AAI","42906065149294726"
"a3fbn000000ftXrAAI","","a5xbn000000Jozn","a3Ybn0000004xCtEAI","a18bn000001a1hxAAA","42906398544194477"
"a3fbn000000ftdUAAQ","","a5xbn000000Jp1e","a3Ybn0000004xHREAY","a18bn000001a11EAAQ","42906635369217088"
"a3fbn000000ftdcAAA","","a3jbn000000le0R","a3Ybn0000004xDNEAY","a18bn000001a11IAAQ","42907501555775641"
"a3fbn000000ftSsAAI","","a5xbn000000Jomp","a3Ybn0000004xDqEAI","a18bn000001a1sTAAQ","42907503381792609"
"a3fbn000000ftypAAA","","a5xbn000000Jp5W","a3Ybn0000004xCvEAI","a18bn000001a1KeAAI","42907801614686929"
"a3fbn000000ft6xAAA","","a5xbn000000Jomt","a3Ybn0000004xDtEAI","a18bn000001a1OMAAY","42907872451236250"
"a3fbn000000ftSBAAY","","a5xbn000000JomK","a3Ybn0000004xDTEAY","a18bn000001a1sEAAQ","42909094295971114"
"a3fbn000000ftYTAAY","","a5xbn000000Jp0E","a3Ybn0000004xJeEAI","a18bn000001a1m8AAA","42909473247176663"
"a3fbn000000ftdVAAQ","","a3jbn000000le0N","a3Ybn0000004xHSEAY","a18bn000001a11EAAQ","42909731438533464"
"a3fbn000000ftOwAAI","","a5xbn000000JovH","a3Ybn0000004xCvEAI","a18bn000001a1MpAAI","42909976591011600"
"a3fbn000000ftZ7AAI","","a5xbn000000Jp0X","a3Ybn0000004xDcEAI","a18bn000001a1k4AAA","42910718881162476"
"a3fbn000000ftHzAAI","","a3fbn000000fu1N","a3Ybn0000004xCvEAI","a18bn000001a1VqAAI","42910794912605548"
"a3fbn000000ftIpAAI","","a3fbn000000fu1g","a3Ybn0000004xGoEAI","a18bn000001a1Z9AAI","42910834927710168"
"a3fbn000000ftjIAAQ","","a3fbn000000fu4d","a3Ybn0000004xCvEAI","a18bn000001a18BAAQ","42911185213308732"
"a3fbn000000ftjuAAA","","a5xbn000000Jp3U","a3Ybn0000004xGxEAI","a18bn000001a10FAAQ","42911435898104831"
"a3fbn000000ftfuAAA","","a5xbn000000Jp2E","a3Ybn0000004xGhEAI","a18bn000001a16uAAA","42911507556275215"
"a3fbn000000ft6LAAQ","","a5xbn000000JomK","a3Ybn0000004xDTEAY","a18bn000001a1RKAAY","42912009794382688"
"a3fbn000000ftZJAAY","","a3fbn000000fu1Z","a3Ybn0000004xHGEAY","a18bn000001a1mJAAQ","42912116986085680"
"a3fbn000000ftqDAAQ","","a5xbn000000Jp2L","a3Ybn0000004xGXEAY","a18bn000001a1BhAAI","42912847826022470"
"a3fbn000000ftH6AAI","","a3jbn000000ldw7","a3Ybn0000004xFvEAI","a18bn000001a1VrAAI","42912967897317303"
"a3fbn000000ft9qAAA","","a3fbn000000fu0r","a3Ybn0000004xDeEAI","a18bn000001a1e2AAA","42914171286614188"
"a3fbn000000ftZcAAI","","a3jbn000000ldz8","a3Ybn0000004xHMEAY","a18bn000001a1lCAAQ","42915569580354863"
"a3fbn000000ftGaAAI","","a3fbn000000fu1E","a3Ybn0000004xHiEAI","a18bn000001a1UtAAI","42916115996029572"
"a3fbn000000ftSiAAI","","a5xbn000000Jomf","a3Ybn0000004xDmEAI","a18bn000001a1sqAAA","42916773198057306"
"a3fbn000000ftjgAAA","","a5xbn000000Jp3P","a3Ybn0000004xCvEAI","a18bn000001a0zMAAQ","42917058206500306"
"a3fbn000000fttiAAA","","a5xbn000000Jp4y","a3Ybn0000004xHaEAI","a18bn000001a1GwAAI","42917061883428754"
"a3fbn000000ftKBAAY","","a5xbn000000Jotu","a3Ybn0000004xFZEAY","a18bn000001a1XgAAI","42917318172727181"
"a3fbn000000ftBRAAY","","a5xbn000000Joos","a3Ybn0000004xGBEAY","a18bn000001a1gVAAQ","42917803848517998"
"a3fbn000000ftFUAAY","","a5xbn000000JosE","a3Ybn0000004xHOEAY","a18bn000001a1TPAAY","42918191245702980"
"a3fbn000000fthHAAQ","","a3fbn000000fu4K","a3Ybn0000004xCxEAI","a18bn000001a1ApAAI","42919294470987354"
"a3fbn000000ft6lAAA","","a5xbn000000Jomg","a3Ybn0000004xDnEAI","a18bn000001a1OBAAY","42919682201904565"
"a3fbn000000ftOnAAI","","a5xbn000000Jov8","a3Ybn0000004xCvEAI","a18bn000001a1MfAAI","42919718142118113"
"a3fbn000000ftpQAAQ","","a5xbn000000Jp1Y","a3Ybn0000004xIrEAI","a18bn000001a1FwAAI","42920592185153700"
"a3fbn000000ftO4AAI","","a6Qbn000000HYOw","a3Ybn0000004xIZEAY","a18bn000001a1OcAAI","42920827180809295"
"a3fbn000000ftXxAAI","","a3fbn000000fu1A","a3Ybn0000004xGsEAI","a18bn000001a1kIAAQ","42921119320567594"
"a3fbn000000ftE8AAI","","a5xbn000000JorF","a3Ybn0000004xCvEAI","a18bn000001a1SZAAY","42921243856774688"
"a3fbn000000ftj0AAA","","a3fbn000000fu4V","a3Ybn0000004xCyEAI","a18bn000001ZszvAAC","42921679804526653"
"a3fbn000000ftdCAAQ","","a3fbn000000fu40","a3Ybn0000004xIbEAI","a18bn000001a114AAA","42922004238631671"
"a3fbn000000ftrvAAA","","a5xbn000000Jp5h","a3Ybn0000004xKQEAY","a18bn000001a1F8AAI","42922317940782353"
"a3fbn000000ftPxAAI","","a5xbn000000Jow8","a3Ybn0000004xHGEAY","a18bn000001a1nKAAQ","42922456172398171"
"a3fbn000000fti8AAA","","a5xbn000000Jom9","a3Ybn0000004xDGEAY","a18bn000001a0znAAA","42922475804456166"
"a3fbn000000ftTvAAI","","Book Other Income","a3Ybn0000004xDBEAY","a18bn000001a1pFAAQ","42922814122073905"
"a3fbn000000ftfbAAA","","a5xbn000000Jp1w","a3Ybn0000004xKOEAY","a18bn000001a15FAAQ","42923256850459652"
"a3fbn000000fttlAAA","","a3fbn000000fu59","a3Ybn0000004xHFEAY","a18bn000001a1HEAAY","42923407548405956"
"a3fbn000000ftSgAAI","","a5xbn000000Jome","a3Ybn0000004xCvEAI","a18bn000001a1soAAA","42924005978137620"
"a3fbn000000ftLXAAY","","a3jbn000000ldxa","a3Ybn0000004xDNEAY","a18bn000001a1XpAAI","42924256813133016"
"a3fbn000000ftqSAAQ","","priorperiodtotalassets","a3Ybn0000004xDQEAY","a18bn000001a1JFAAY","42924576972190416"
"a3fbn000000ftiKAAQ","","a5xbn000000JomT","a3Ybn0000004xDcEAI","a18bn000001a1AdAAI","42924588432134808"
"a3fbn000000ftdAAAQ","","a3jbn000000le02","a3Ybn0000004xDKEAY","a18bn000001a113AAA","42924836819220216"
"a3fbn000000ftTAAAY","","a6Qbn000000HYOt","a3Ybn0000004xJkEAI","a18bn000001a1rlAAA","42924842142498544"
"a3fbn000000ftOuAAI","","a5xbn000000JovF","a3Ybn0000004xCvEAI","a18bn000001a1MnAAI","42925977368864630"
"a3fbn000000ftvDAAQ","","a5xbn000000Jp3S","a3Ybn0000004xHxEAI","a18bn000001a1C4AAI","42926428728960493"
"a3fbn000000ftYZAAY","","a3fbn000000fu1b","a3Ybn0000004xCxEAI","a18bn000001a1mCAAQ","42926563547618106"
"a3fbn000000ftVUAAY","","a5xbn000000Joxo","a3Ybn0000004xKKEAY","a18bn000001a1jiAAA","42927323366016026"
"a3fbn000000ftz2AAA","","a3fbn000000fu5T","a3Ybn0000004xJpEAI","a18bn000001a1FpAAI","42927745278637476"
"a3fbn000000ftuuAAA","","a5xbn000000Jp2Y","a3Ybn0000004xIQEAY","a18bn000001a1HBAAY","42927897131595069"
"a3fbn000000ftTwAAI","","a3fbn000000fu3C","a3Ybn0000004xEDEAY","a18bn000001a1p8AAA","42928237740698475"
"a3fbn000000ft93AAA","","a5xbn000000Jonq","a3Ybn0000004xFDEAY","a18bn000001a1chAAA","42928712894939788"
"a3fbn000000ftNsAAI","","a9Ibn000001OBEu","a3Ybn0000004xG2EAI","a18bn000001a1OVAAY","42928822073501361"
"a3fbn000000ftWXAAY","","a5xbn000000Joyi","a3Ybn0000004xCvEAI","a18bn000001a1jUAAQ","42928996732794882"
"a3fbn000000ftPsAAI","","a5xbn000000Jow3","a3Ybn0000004xCsEAI","a18bn000001a1nFAAQ","4292979022215736"
"a3fbn000000ftWYAAY","","a5xbn000000Joyj","a3Ybn0000004xCvEAI","a18bn000001a1jVAAQ","42930072436994737"
"a3fbn000000ftbRAAQ","","a3jbn000000ldzf","a3Ybn0000004xG2EAI","a18bn000001a10iAAA","42930477566856296"
"a3fbn000000ft9ZAAQ","","ST Notes Payable","a3Ybn0000004xFYEAY","a18bn000001a1dnAAA","42930752072965437"
"a3fbn000000ft5VAAQ","","a6Qbn000000HYOi","a3Ybn0000004xCuEAI","a18bn000001a1R0AAI","42931643805061707"
"a3fbn000000ftP6AAI","","a5xbn000000JovQ","a3Ybn0000004xCvEAI","a18bn000001a1NwAAI","42932302235176787"
"a3fbn000000ftW1AAI","","a5xbn000000JoyJ","a3Ybn0000004xFrEAI","a18bn000001a1jkAAA","42932498338483084"
"a3fbn000000ftGRAAY","","a3fbn000000fu1B","a3Ybn0000004xGtEAI","a18bn000001a1UoAAI","42932606978931213"
"a3fbn000000ftKeAAI","","a5xbn000000Jotx","a3Ybn0000004xCvEAI","a18bn000001a1ZJAAY","42932669305016717"
"a3fbn000000ftmCAAQ","","a5xbn000000JovN","a3Ybn0000004xCvEAI","a18bn000001a139AAA","42932941777045825"
"a3fbn000000ftGGAAY","","a5xbn000000Josm","a3Ybn0000004xHdEAI","a18bn000001a1SJAAY","42933034060924199"
"a3fbn000000ftj3AAA","","a3fbn000000fu4Y","a3Ybn0000004xILEAY","a18bn000001ZszwAAC","42933060771457064"
"a3fbn000000ftKkAAI","","a3jbn000000ldxI","a3Ybn0000004xGVEAY","a18bn000001a1ZLAAY","42933737641374483"
"a3fbn000000ft69AAA","","a3fbn000000ftzO","a3Ybn0000004xDKEAY","a18bn000001a1R9AAI","42933738563731352"
"a3fbn000000ftMBAAY","","a3fbn000000fu2Z","a3Ybn0000004xIzEAI","a18bn000001a1aEAAQ","42934408177199607"
"a3fbn000000ftlSAAQ","","a5xbn000000Jp48","a3Ybn0000004xCvEAI","a18bn000001a171AAA","42934755799846095"
"a3fbn000000ftuDAAQ","","a5xbn000000Jp5s","a3Ybn0000004xHLEAY","a18bn000001a1BFAAY","42935242020354203"
"a3fbn000000ftPNAAY","","a5xbn000000Jovh","a3Ybn0000004xCnEAI","a18bn000001a1QsAAI","42935616917077735"
"a3fbn000000ftB6AAI","","a3jbn000000ldve","a3Ybn0000004xG6EAI","a18bn000001a1fLAAQ","42935678427789390"
"a3fbn000000ftHnAAI","","a3jbn000000ldwN","a3Ybn0000004xHKEAY","a18bn000001a1YLAAY","42936577963152683"
"a3fbn000000ft8JAAQ","","a5xbn000000JonB","a3Ybn0000004xEUEAY","a18bn000001a1bwAAA","42936679163996150"
"a3fbn000000ftmAAAQ","","a5xbn000000JovM","a3Ybn0000004xCvEAI","a18bn000001a137AAA","42936932307607901"
"a3fbn000000ftqMAAQ","","a5xbn000000Jp3w","a3Ybn0000004xCvEAI","a18bn000001a1GJAAY","42936943764391985"
"a3fbn000000ftlyAAA","","a5xbn000000Jout","a3Ybn0000004xGjEAI","a18bn000001a0zQAAQ","42937020850950788"
"a3fbn000000ftBbAAI","","a5xbn000000Jop3","a3Ybn0000004xG5EAI","a18bn000001a1RfAAI","42937392878238965"
"a3fbn000000ftCMAAY","","a5xbn000000Jopm","a3Ybn0000004xGREAY","a18bn000001a1RoAAI","42937909273658452"
"a3fbn000000ftvMAAQ","","a5xbn000000Jp66","a3Ybn0000004xHYEAY","a18bn000001a1BQAAY","42938107955671853"
"a3fbn000000ft8hAAA","","a5xbn000000JonZ","a3Ybn0000004xErEAI","a18bn000001a1cLAAQ","42938162501046995"
"a3fbn000000ftKPAAY","","a3jbn000000ldxB","a3Ybn0000004xG1EAI","a18bn000001a1XkAAI","42938317881685917"
"a3fbn000000ftcnAAA","","a5xbn000000Jp14","a3Ybn0000004xDJEAY","a18bn000001a111AAA","42938702275959499"
"a3fbn000000ftA1AAI","","a3fbn000000fu0w","a3Ybn0000004xFgEAI","a18bn000001a1eEAAQ","42938716294140393"
"a3fbn000000ftqIAAQ","","a3jbn000000le2r","a3Ybn0000004xGVEAY","a18bn000001a1GHAAY","42938772062011156"
"a3fbn000000fts4AAA","","a3fbn000000fu4E","a3Ybn0000004xGtEAI","a18bn000001a1E3AAI","42939677090058407"
"a3fbn000000ftQdAAI","","a5xbn000000JovQ","a3Ybn0000004xCvEAI","a18bn000001a1naAAA","42940110856086841"
"a3fbn000000ftwzAAA","","a9Ibn000001OBFe","a3Ybn0000004xG3EAI","a18bn000001a1EbAAI","42940534183925119"
"a3fbn000000ftbMAAQ","","a5xbn000000Jom2","a3Ybn0000004xCvEAI","a18bn000001a1AZAAY","42940860560485748"
"a3fbn000000ftuMAAQ","","a5xbn000000Jp1y","a3Ybn0000004xI7EAI","a18bn000001a1GRAAY","42941135169278464"
"a3fbn000000ftktAAA","","a5xbn000000Jp3k","a3Ybn0000004xDGEAY","a18bn000001a13gAAA","42941264220942205"
"a3fbn000000ftkMAAQ","","a5xbn000000Jp3i","a3Ybn0000004xI9EAI","a18bn000001a0yeAAA","42941712928759656"
"a3fbn000000ftC9AAI","","a5xbn000000Jopc","a3Ybn0000004xGOEAY","a18bn000001a1gQAAQ","42941807164825028"
"a3fbn000000ftEqAAI","","a5xbn000000Jort","a3Ybn0000004xH7EAI","a18bn000001a1SPAAY","42942022115441939"
"a3fbn000000ftiUAAQ","","a5xbn000000Jomf","a3Ybn0000004xDmEAI","a18bn000001a16bAAA","42942140004840527"
"a3fbn000000ftVIAAY","","a5xbn000000Joxe","a3Ybn0000004xGSEAY","a18bn000001a1tfAAA","42942310919355655"
"a3fbn000000ftJYAAY","","a5xbn000000Jott","a3Ybn0000004xFTEAY","a18bn000001a1XUAAY","42942453743556893"
"a3fbn000000ftEzAAI","","a5xbn000000Jorz","a3Ybn0000004xFiEAI","a18bn000001a1TEAAY","42943351024496994"
"a3fbn000000ftBxAAI","","a5xbn000000JopP","a3Ybn0000004xGLEAY","a18bn000001a1RuAAI","42943377874710850"
"a3fbn000000ftNXAAY","","a5xbn000000JouY","a3Ybn0000004xJgEAI","a18bn000001a1NYAAY","42943499827732104"
"a3fbn000000fttcAAA","","a5xbn000000Jp4w","a3Ybn0000004xIoEAI","a18bn000001a1GuAAI","42943562905078485"
"a3fbn000000ftmeAAA","","templatechangeinre","a3Ybn0000004xGiEAI","a18bn000001a19fAAA","42943668074710439"
"a3fbn000000ftlYAAQ","","a5xbn000000JowN","a3Ybn0000004xCvEAI","a18bn000001Zt0CAAS","42944967666795657"
"a3fbn000000ftDCAAY","","a5xbn000000JoqU","a3Ybn0000004xGkEAI","a18bn000001a1TlAAI","42945008586859935"
"a3fbn000000ftVeAAI","","a5xbn000000Joxx","a3Ybn0000004xCvEAI","a18bn000001a1hrAAA","42946184678973849"
"a3fbn000000ft74AAA","","a5xbn000000Jomz","a3Ybn0000004xCvEAI","a18bn000001a1MUAAY","42947068219933932"
"a3fbn000000ftATAAY","","a5xbn000000Jooa","a3Ybn0000004xFsEAI","a18bn000001a1azAAA","42947909790923679"
"a3fbn000000ftY5AAI","","a5xbn000000Jozy","a3Ybn0000004xGgEAI","a18bn000001a1kxAAA","42948020359021969"
"a3fbn000000ftBuAAI","","a5xbn000000JopM","a3Ybn0000004xGLEAY","a18bn000001a1RrAAI","42948329391508774"
"a3fbn000000ftxcAAA","","a5xbn000000Jp2B","a3Ybn0000004xDsEAI","a18bn000001a1HdAAI","42949640823894835"
"a3fbn000000ftNEAAY","","a3jbn000000ldyV","a3Ybn0000004xCvEAI","a18bn000001a1ZZAAY","42950547550823850"
"a3fbn000000ftVTAAY","","a9Ibn000001OBF3","a3Ybn0000004xGVEAY","a18bn000001a1jhAAA","42950818614202144"
"a3fbn000000ftY6AAI","","a3jbn000000ldyn","a3Ybn0000004xGbEAI","a18bn000001a1kyAAA","42951538858514593"
"a3fbn000000ftNUAAY","","a5xbn000000JouV","a3Ybn0000004xJfEAI","a18bn000001a1NVAAY","42951735382387348"
"a3fbn000000ftLaAAI","","a5xbn000000Jotw","a3Ybn0000004xIdEAI","a18bn000001a1XpAAI","42951879316408083"
"a3fbn000000ftUwAAI","","a5xbn000000JoxK","a3Ybn0000004xKEEAY","a18bn000001a1t0AAA","42952060893202803"
"a3fbn000000fto3AAA","","a5xbn000000Jouz","a3Ybn0000004xCvEAI","a18bn000001Zt0QAAS","42952095920428467"
"a3fbn000000ftFVAAY","","a4Wbn000000hSHd","a3Ybn0000004xDFEAY","a18bn000001a1TPAAY","42952582888427212"
"a3fbn000000ftEIAAY","","a5xbn000000JorP","a3Ybn0000004xCvEAI","a18bn000001a1SiAAI","42953038431273497"
"a3fbn000000ftjTAAQ","","a3jbn000000le1B","a3Ybn0000004xIJEAY","a18bn000001a18zAAA","42953422583291558"
"a3fbn000000ftViAAI","","a5xbn000000Joy2","a3Ybn0000004xCvEAI","a18bn000001a1i0AAA","42953515479157052"
"a3fbn000000ftI5AAI","","a5xbn000000JotN","a3Ybn0000004xIBEAY","a18bn000001a1YyAAI","42953773919268625"
"a3fbn000000ftNCAAY","","a3jbn000000ldyT","a3Ybn0000004xCvEAI","a18bn000001a1ZXAAY","42954607613317975"
"a3fbn000000ftnzAAA","","a5xbn000000Joux","a3Ybn0000004xCvEAI","a18bn000001Zt0MAAS","42955462544648653"
"a3fbn000000ftugAAA","","ebitdaannualizedname","a3Ybn0000004xDXEAY","a18bn000001a1GhAAI","42955536710341643"
"a3fbn000000ft5oAAA","","M1 6 Deductions","a3Ybn0000004xD5EAI","a18bn000001a1P0AAI","42955820402884383"
"a3fbn000000ftFMAAY","","a5xbn000000JosA","a3Ybn0000004xHMEAY","a18bn000001a1TLAAY","42955835130222114"
"a3fbn000000ftXSAAY","","a5xbn000000JozS","a3Ybn0000004xCvEAI","a18bn000001a1jOAAQ","42955919919674631"
"a3fbn000000fttLAAQ","","workingcapitaltemplate","a3Ybn0000004xDZEAY","a18bn000001a1JcAAI","42957227507378756"
"a3fbn000000ftoMAAQ","","a5xbn000000Jp58","a3Ybn0000004xHPEAY","a18bn000001a0yoAAA","42957242792818902"
"a3fbn000000ftXzAAI","","a3fbn000000fu1B","a3Ybn0000004xGtEAI","a18bn000001a1kIAAQ","42957265125356666"
"a3fbn000000ftvfAAA","","a5xbn000000Jp5o","a3Ybn0000004xGvEAI","a18bn000001a1KOAAY","42957526078370672"
"a3fbn000000ftXIAAY","","a5xbn000000JozK","a3Ybn0000004xJdEAI","a18bn000001a1ivAAA","42957728890012671"
"a3fbn000000ftDuAAI","","a9Ibn000001OBEh","a3Ybn0000004xG2EAI","a18bn000001a1UbAAI","42957864776027362"
"a3fbn000000ftoaAAA","","a5xbn000000Jov0","a3Ybn0000004xCvEAI","a18bn000001Zt0SAAS","42958111670034025"
"a3fbn000000ftCyAAI","","a5xbn000000JoqG","a3Ybn0000004xGfEAI","a18bn000001a1U8AAI","42958156730797670"
"a3fbn000000ftPOAAY","","a5xbn000000Jovg","a3Ybn0000004xHXEAY","a18bn000001a1QsAAI","42958859880265318"
"a3fbn000000ftGNAAY","","a3fbn000000fu19","a3Ybn0000004xGnEAI","a18bn000001a1UmAAI","42959399737933809"
"a3fbn000000ftVvAAI","","a5xbn000000JoyD","a3Ybn0000004xDvEAI","a18bn000001a1ipAAA","42959520466662421"
"a3fbn000000ftHJAAY","","a3fbn000000fu1L","a3Ybn0000004xHvEAI","a18bn000001a1ZCAAY","42960757462761795"
"a3fbn000000ftiWAAQ","","a3fbn000000fu4R","a3Ybn0000004xHHEAY","a18bn000001a19GAAQ","42960832499670408"
"a3fbn000000ftq6AAA","","a3fbn000000fu4p","a3Ybn0000004xGVEAY","a18bn000001a1BdAAI","42961299460451209"
"a3fbn000000fthlAAA","","a5xbn000000Jp2g","a3Ybn0000004xHhEAI","a18bn000001a105AAA","42961393112240577"
"a3fbn000000ftybAAA","","a5xbn000000Jp5l","a3Ybn0000004xHpEAI","a18bn000001a1F5AAI","42961775223969825"
"a3fbn000000ftCuAAI","","a5xbn000000JoqC","a3Ybn0000004xGcEAI","a18bn000001a1S5AAI","42961905898307395"
"a3fbn000000ftrxAAA","","a5xbn000000Jp3F","a3Ybn0000004xICEAY","a18bn000001a1K1AAI","42962150732794370"
"a3fbn000000ftQQAAY","","a3fbn000000fu39","a3Ybn0000004xDCEAY","a18bn000001a1pDAAQ","42962406138129028"
"a3fbn000000ftoSAAQ","","a3jbn000000le2I","a3Ybn0000004xDKEAY","a18bn000001a0yrAAA","42962979241870942"
"a3fbn000000ftB8AAI","","a3jbn000000ldvg","a3Ybn0000004xG7EAI","a18bn000001a1fNAAQ","42963065760923825"
"a3fbn000000ftPlAAI","","a5xbn000000Jovw","a3Ybn0000004xGjEAI","a18bn000001a1n7AAA","42963367716035142"
"a3fbn000000ftIzAAI","","a3jbn000000ldwR","a3Ybn0000004xDFEAY","a18bn000001a1YUAAY","42963595163062933"
"a3fbn000000ftPtAAI","","a5xbn000000Jow4","a3Ybn0000004xCyEAI","a18bn000001a1nGAAQ","42964216990229935"
"a3fbn000000ftSmAAI","","a5xbn000000Jomh","a3Ybn0000004xCvEAI","a18bn000001a1qTAAQ","42964540222069845"
"a3fbn000000ftqvAAA","","a5xbn000000Jp2T","a3Ybn0000004xIIEAY","a18bn000001a1KoAAI","42964833993023536"
"a3fbn000000ftSLAAY","","a3fbn000000fu2v","a3Ybn0000004xHAEAY","a18bn000001a1qgAAA","42964967155356035"
"a3fbn000000ftqRAAQ","","a5xbn000000Jp5T","a3Ybn0000004xDPEAY","a18bn000001a1JEAAY","42965147117070301"
"a3fbn000000ftIUAAY","","a5xbn000000JotV","a3Ybn0000004xDYEAY","a18bn000001a1UuAAI","42965649147310396"
"a3fbn000000ftE3AAI","","a5xbn000000Jor9","a3Ybn0000004xCvEAI","a18bn000001a1SoAAI","42965823084159746"
"a3fbn000000ft6QAAQ","","a5xbn000000JomP","a3Ybn0000004xDYEAY","a18bn000001a1MIAAY","42965871708550903"
"a3fbn000000fteLAAQ","","ProformaDSmanualadjust","a3Ybn0000004xHqEAI","a18bn000001a15GAAQ","42966540593874760"
"a3fbn000000ftvrAAA","","a5xbn000000Jp3g","a3Ybn0000004xHJEAY","a18bn000001a1CBAAY","42966762529799719"
"a3fbn000000ftMIAAY","","a3jbn000000ldxs","a3Ybn0000004xJ4EAI","a18bn000001a1aPAAQ","42966782426029856"
"a3fbn000000ftq9AAA","","a3fbn000000fu4s","a3Ybn0000004xFrEAI","a18bn000001a1BeAAI","42966819570115564"
"a3fbn000000ftC6AAI","","a5xbn000000JopY","a3Ybn0000004xGCEAY","a18bn000001a1gFAAQ","42966879136473154"
"a3fbn000000ftPVAAY","","a5xbn000000Jovl","a3Ybn0000004xCrEAI","a18bn000001a1QwAAI","42968387381121846"
"a3fbn000000ftNyAAI","","a6Qbn000000HYOu","a3Ybn0000004xHtEAI","a18bn000001a1OYAAY","42968588646191337"
"a3fbn000000ftPAAAY","","a5xbn000000JovU","a3Ybn0000004xGnEAI","a18bn000001a1QlAAI","42969109667286655"
"a3fbn000000fteGAAQ","","a5xbn000000Jomz","a3Ybn0000004xCvEAI","a18bn000001a16oAAA","42970267763243165"
"a3fbn000000ftDmAAI","","a5xbn000000Joqx","a3Ybn0000004xCvEAI","a18bn000001a1UQAAY","42970373932889422"
"a3fbn000000ftJeAAI","","a3fbn000000fu1n","a3Ybn0000004xIVEAY","a18bn000001a1YvAAI","42970452129649176"
"a3fbn000000ftoZAAQ","","a5xbn000000Jp5E","a3Ybn0000004xCvEAI","a18bn000001Zt0RAAS","42970558586580786"
"a3fbn000000ftEiAAI","","a5xbn000000Jorp","a3Ybn0000004xDGEAY","a18bn000001a1SLAAY","42970609147761053"
"a3fbn000000ftcRAAQ","","a3jbn000000ldzz","a3Ybn0000004xDyEAI","a18bn000001a12nAAA","42970626881002382"
"a3fbn000000ftffAAA","","a5xbn000000Jp20","a3Ybn0000004xI6EAI","a18bn000001a16sAAA","42970865337964691"
"a3fbn000000ftKxAAI","","a3jbn000000ldxK","a3Ybn0000004xIJEAY","a18bn000001a1XFAAY","42971240354384922"
"a3fbn000000ftPYAAY","","a3fbn000000fu33","a3Ybn0000004xJrEAI","a18bn000001a1hLAAQ","42971714772373962"
"a3fbn000000ftrAAAQ","","a5xbn000000Jp5a","a3Ybn0000004xJiEAI","a18bn000001a1J2AAI","42971838069600061"
"a3fbn000000ftchAAA","","a3jbn000000le0B","a3Ybn0000004xDIEAY","a18bn000001a10yAAA","42972720252691444"
"a3fbn000000ftpNAAQ","","a5xbn000000Jp1W","a3Ybn0000004xCvEAI","a18bn000001a1LZAAY","42972799557373597"
"a3fbn000000ftkFAAQ","","a3jbn000000le1S","a3Ybn0000004xDFEAY","a18bn000001Zt06AAC","42973224335151911"
"a3fbn000000ftDkAAI","","a9Ibn000001OBEg","a3Ybn0000004xG2EAI","a18bn000001a1UaAAI","42973317233007984"
"a3fbn000000ftDYAAY","","a5xbn000000Joqp","a3Ybn0000004xGxEAI","a18bn000001a1TwAAI","42973584324268020"
"a3fbn000000ftwAAAQ","","a5xbn000000Joub","a3Ybn0000004xHrEAI","a18bn000001a1L3AAI","42973627977102575"
"a3fbn000000ftQeAAI","","a9Ibn000001OBEz","a3Ybn0000004xK2EAI","a18bn000001a1qsAAA","42973772516830686"
"a3fbn000000ftXiAAI","","a5xbn000000Joze","a3Ybn0000004xDPEAY","a18bn000001a1iZAAQ","42973827476249288"
"a3fbn000000ftqkAAA","","a5xbn000000Jp5Y","a3Ybn0000004xFlEAI","a18bn000001a1J1AAI","42973955077892538"
"a3fbn000000ftcIAAQ","","a5xbn000000Jp1P","a3Ybn0000004xGUEAY","a18bn000001a12jAAA","42973958468157054"
"a3fbn000000ftrWAAQ","","a5xbn000000Jp1E","a3Ybn0000004xFiEAI","a18bn000001a1JjAAI","42974471510632996"
"a3fbn000000ftRWAAY","","a6Qbn000000HYOg","a3Ybn0000004xCsEAI","a18bn000001a1r1AAA","42975184946015771"
"a3fbn000000ftWIAAY","","a5xbn000000JoyY","a3Ybn0000004xGnEAI","a18bn000001a1jBAAQ","42975753978058367"
"a3fbn000000ftVVAAY","","a9Ibn000001OBF4","a3Ybn0000004xGVEAY","a18bn000001a1jiAAA","42976420268600528"
"a3fbn000000ftkRAAQ","","a3jbn000000le1Y","a3Ybn0000004xDFEAY","a18bn000001a0ygAAA","42976890745362126"
"a3fbn000000ftkGAAQ","","a3jbn000000le1T","a3Ybn0000004xHKEAY","a18bn000001Zt07AAC","42977092525538884"
"a3fbn000000ftXkAAI","","a5xbn000000Jozg","a3Ybn0000004xDTEAY","a18bn000001a1iaAAA","42977347381855912"
"a3fbn000000ftLpAAI","","a3fbn000000fu2Q","a3Ybn0000004xIvEAI","a18bn000001a1UkAAI","42977824629437372"
"a3fbn000000ft6cAAA","","a5xbn000000JomZ","a3Ybn0000004xDiEAI","a18bn000001a1NEAAY","42978421639220448"
"a3fbn000000ftQaAAI","","a5xbn000000JovN","a3Ybn0000004xCvEAI","a18bn000001a1oMAAQ","42978904463527202"
"a3fbn000000ftRrAAI","","a5xbn000000Jom9","a3Ybn0000004xDGEAY","a18bn000001a1r6AAA","42979108911333934"
"a3fbn000000ftYqAAI","","a5xbn000000Jp0Q","a3Ybn0000004xJlEAI","a18bn000001a1kTAAQ","42979123709009184"
"a3fbn000000ftJtAAI","","a3jbn000000ldx4","a3Ybn0000004xGVEAY","a18bn000001a1VPAAY","42980088524138257"
"a3fbn000000ftnmAAA","","a5xbn000000Jp4y","a3Ybn0000004xHaEAI","a18bn000001a12IAAQ","42980290065972284"
"a3fbn000000ftMuAAI","","a3fbn000000fu2n","a3Ybn0000004xJREAY","a18bn000001a1M0AAI","42980586285316808"
"a3fbn000000ftZ5AAI","","a5xbn000000Jp0V","a3Ybn0000004xDWEAY","a18bn000001a1k2AAA","42981026484007623"
"a3fbn000000ftwoAAA","","a5xbn000000Jp6J","a3Ybn0000004xGWEAY","a18bn000001a1EWAAY","42981514125717353"
"a3fbn000000ftFHAAY","","a4Wbn000000hSHU","a3Ybn0000004xH5EAI","a18bn000001a1TIAAY","42982703015695386"
"a3fbn000000ftbNAAQ","","a5xbn000000Jp19","a3Ybn0000004xCvEAI","a18bn000001a1AsAAI","42982753602083397"
"a3fbn000000fteUAAQ","","a5xbn000000Jp1r","a3Ybn0000004xFjEAI","a18bn000001a1A5AAI","42983330377153913"
"a3fbn000000ftoHAAQ","","a5xbn000000Jp55","a3Ybn0000004xCnEAI","a18bn000001a0zbAAA","42983482644943786"
"a3fbn000000ftAEAAY","","a5xbn000000JooN","a3Ybn0000004xFjEAI","a18bn000001a1eRAAQ","42985222198334603"
"a3fbn000000ftTSAAY","","a5xbn000000JowZ","a3Ybn0000004xCvEAI","a18bn000001a1qOAAQ","42986145596353978"
"a3fbn000000ftpYAAQ","","a5xbn000000JowR","a3Ybn0000004xCvEAI","a18bn000001a1H2AAI","42986463961841480"
"a3fbn000000ftKdAAI","","a3fbn000000fu29","a3Ybn0000004xGVEAY","a18bn000001a1ZIAAY","42986648893003884"
"a3fbn000000ftkNAAQ","","a3jbn000000le1W","a3Ybn0000004xDFEAY","a18bn000001a0yeAAA","42986877795167094"
"a3fbn000000ftdaAAA","","a3jbn000000le0Q","a3Ybn0000004xDNEAY","a18bn000001a11HAAQ","42987084655920774"
"a3fbn000000ftPqAAI","","a5xbn000000Jow1","a3Ybn0000004xGyEAI","a18bn000001a1nCAAQ","42987107927240297"
"a3fbn000000ftL1AAI","","a3jbn000000ldxM","a3Ybn0000004xCnEAI","a18bn000001a1XHAAY","42987234447015761"
"a3fbn000000ftW3AAI","","a5xbn000000JoyK","a3Ybn0000004xCvEAI","a18bn000001a1haAAA","42987688470388268"
"a3fbn000000ftjSAAQ","","a3jbn000000le1A","a3Ybn0000004xCnEAI","a18bn000001a18zAAA","42988690589484291"
"a3fbn000000ftk0AAA","","a5xbn000000Jp3X","a3Ybn0000004xGyEAI","a18bn000001a128AAA","42988980639285221"
"a3fbn000000fttqAAA","","a5xbn000000Jp5J","a3Ybn0000004xGcEAI","a18bn000001a1IKAAY","42989331537007718"
"a3fbn000000ftxLAAQ","","a3fbn000000fu5O","a3Ybn0000004xIjEAI","a18bn000001a1DUAAY","42990971010611378"
"a3fbn000000ftd9AAA","","a5xbn000000Jp15","a3Ybn0000004xFZEAY","a18bn000001a113AAA","42991480112628409"
"a3fbn000000ftcDAAQ","","a5xbn000000Jp1E","a3Ybn0000004xFiEAI","a18bn000001a12hAAA","42991557776378794"
"a3fbn000000ftA4AAI","","a5xbn000000JooE","a3Ybn0000004xFiEAI","a18bn000001a1eHAAQ","42991566962184121"
"a3fbn000000ftHtAAI","","a5xbn000000JotJ","a3Ybn0000004xHeEAI","a18bn000001a1YPAAY","42991588245231061"
"a3fbn000000ftAhAAI","","a5xbn000000Jooi","a3Ybn0000004xCvEAI","a18bn000001a1f4AAA","42992104089926887"
"a3fbn000000ftmVAAQ","","a5xbn000000Jp4Z","a3Ybn0000004xHNEAY","a18bn000001a120AAA","42992201512281232"
"a3fbn000000ftZSAAY","","a3jbn000000ldz4","a3Ybn0000004xG2EAI","a18bn000001a1jxAAA","42992356162980919"
"a3fbn000000ftHTAAY","","a5xbn000000Jot2","a3Ybn0000004xHxEAI","a18bn000001a1YHAAY","42992485396790302"
"a3fbn000000ftKzAAI","","a3jbn000000ldxL","a3Ybn0000004xCnEAI","a18bn000001a1XGAAY","42992517033461146"
"a3fbn000000ftu0AAA","","a9Ibn000001OBFQ","a3Ybn0000004xGVEAY","a18bn000001a1DwAAI","42992798003283650"
"a3fbn000000ftGFAAY","","a4Wbn000000hSHp","a3Ybn0000004xDEEAY","a18bn000001a1SIAAY","42993962639738489"
"a3fbn000000ftBVAAY","","a5xbn000000Joot","a3Ybn0000004xGBEAY","a18bn000001a1gZAAQ","42994281530248305"
"a3fbn000000ftKhAAI","","a3jbn000000ldxH","a3Ybn0000004xGVEAY","a18bn000001a1ZKAAY","42994517905369346"
"a3fbn000000ftxmAAA","","a3fbn000000fu5Q","a3Ybn0000004xIVEAY","a18bn000001a1FmAAI","42994672612815460"
"a3fbn000000ftM8AAI","","a3fbn000000fu2W","a3Ybn0000004xIwEAI","a18bn000001a1aBAAQ","42994961733296263"
"a3fbn000000ft6HAAQ","","a5xbn000000JomH","a3Ybn0000004xDPEAY","a18bn000001a1RGAAY","42995244138877518"
"a3fbn000000ftYnAAI","","a5xbn000000Jp0P","a3Ybn0000004xFjEAI","a18bn000001a1kSAAQ","42995438845686089"
"a3fbn000000ftKIAAY","","a3fbn000000fu21","a3Ybn0000004xIbEAI","a18bn000001a1XiAAI","42995735301179250"
"a3fbn000000ftF5AAI","","a5xbn000000Jos2","a3Ybn0000004xHCEAY","a18bn000001a1TFAAY","42996101071921890"
"a3fbn000000ftLfAAI","","a5xbn000000JouE","a3Ybn0000004xHREAY","a18bn000001a1W3AAI","42996141572127893"
"a3fbn000000ftofAAA","","a5xbn000000Jp5G","a3Ybn0000004xH9EAI","a18bn000001a123AAA","42997252331682341"
"a3fbn000000ftEQAAY","","a5xbn000000JorX","a3Ybn0000004xCvEAI","a18bn000001a1TZAAY","42997643582185394"
"a3fbn000000ftAAAAY","","a5xbn000000JooK","a3Ybn0000004xFiEAI","a18bn000001a1eOAAQ","42997945503762506"
"a3fbn000000ftHjAAI","","a5xbn000000JotE","a3Ybn0000004xI7EAI","a18bn000001a1UvAAI","42997961467277896"
"a3fbn000000ftDrAAI","","a5xbn000000Jor2","a3Ybn0000004xCvEAI","a18bn000001a1UWAAY","42998099025101386"
"a3fbn000000ft8WAAQ","","a5xbn000000JonO","a3Ybn0000004xEgEAI","a18bn000001a1c9AAA","42998208422381697"
"a3fbn000000ftyeAAA","","a3jbn000000le4M","a3Ybn0000004xHAEAY","a18bn000001a1KZAAY","42998362080436657"
"a3fbn000000ftZNAAY","","a3jbn000000ldz1","a3Ybn0000004xHtEAI","a18bn000001a1kWAAQ","42998381543315341"
"a3fbn000000ftNfAAI","","a5xbn000000Joua","a3Ybn0000004xDyEAI","a18bn000001a1OQAAY","429987340455712"
"a3fbn000000ftXdAAI","","a5xbn000000Jozb","a3Ybn0000004xCvEAI","a18bn000001a1j8AAA","42999131439429080"
"a3fbn000000ftGiAAI","","a5xbn000000Josq","a3Ybn0000004xHmEAI","a18bn000001a1VbAAI","42999272544033911"
"a3fbn000000ftv4AAA","","a3jbn000000le3n","a3Ybn0000004xDFEAY","a18bn000001a1BzAAI","43715a5d-6237-48e2-b165-93508df72958"
"a3fbn000000ftyaAAA","","a3jbn000000le4L","a3Ybn0000004xDKEAY","a18bn000001a1LSAAY","438101d4-0bc8-43ae-b51d-f69aa8d7204a"
"a3fbn000000ft7lAAA","","a3fbn000000fu09","a3Ybn0000004xDeEAI","a18bn000001a1PwAAI","443acc6f-9eee-4f5f-9bab-31c354b9d10c"
"a3fbn000000ftpBAAQ","","a3jbn000000le2W","a3Ybn0000004xDHEAY","a18bn000001a1LTAAY","46cbb72a-518b-4e48-99a6-a2c74df05a23"
"a3fbn000000ftjXAAQ","","a3jbn000000le1D","a3Ybn0000004xCxEAI","a18bn000001a13dAAA","46f40cb8-40ff-4e71-90d4-cf4abc4b3879"
"a3fbn000000ft7eAAA","","a3fbn000000fu02","a3Ybn0000004xECEAY","a18bn000001a1RPAAY","478caab2-52a2-4209-9dfc-6e774445291f"
"a3fbn000000ftsSAAQ","","a3jbn000000le3L","a3Ybn0000004xGVEAY","a18bn000001a1KTAAY","47b76a3a-c718-4e31-bf4b-9a73acd4ac70"
"a3fbn000000ftvEAAQ","","a3jbn000000le3s","a3Ybn0000004xDFEAY","a18bn000001a1C4AAI","49bf7a28-23db-4dd8-a69e-1e23148dd0b2"
"a3fbn000000ftiuAAA","","a4Wbn000000hSI5","a3Ybn0000004xCxEAI","a18bn000001a11uAAA","49db0065-0c51-4f18-8d12-6ebe07ded7e1"
"a3fbn000000fthUAAQ","","a3jbn000000le0u","a3Ybn0000004xCnEAI","a18bn000001a12QAAQ","4a8c65fd-8022-41a4-91d2-09d0933d017a"
"a3fbn000000ftbBAAQ","","a3jbn000000ldzc","a3Ybn0000004xDKEAY","a18bn000001a1AyAAI","4b7c561d-9ce7-4bc4-ad7a-e59dc8f4f4b4"
"a3fbn000000ftvpAAA","","a3jbn000000le46","a3Ybn0000004xHKEAY","a18bn000001a1CAAAY","4b81bf26-02a0-467a-9af1-066ecf38c6a1"
"a3fbn000000ft7BAAQ","","a3fbn000000ftzZ","a3Ybn0000004xDeEAI","a18bn000001a1PUAAY","4bf13b0a-ae59-47e5-b4fe-b8766c4dac76"
"a3fbn000000ftpRAAQ","","a3jbn000000le2d","a3Ybn0000004xDNEAY","a18bn000001a1FwAAI","4ccfd859-ab15-4ee2-967c-2ba077f573cb"
"a3fbn000000ftgBAAQ","","a3jbn000000le0l","a3Ybn0000004xGVEAY","a18bn000001Zt0nAAC","4d6e1627-2ac8-4da2-b42a-008f8b7c4a8e"
"a3fbn000000ftipAAA","","a4Wbn000000hSI3","a3Ybn0000004xH5EAI","a18bn000001a11sAAA","4e165072-ca13-473c-b0fa-e9d386ca0cc4"
"a3fbn000000ftmqAAA","","a3jbn000000le1v","a3Ybn0000004xGnEAI","a18bn000001a101AAA","4e182433-f281-4683-bc69-988318191397"
"a3fbn000000ftg9AAA","","a3jbn000000le0k","a3Ybn0000004xGVEAY","a18bn000001Zt0mAAC","4f6e86d3-15c3-4f3a-9c36-7e9d9e7eea76"
"a3fbn000000ft6WAAQ","","a3fbn000000ftzR","a3Ybn0000004xDeEAI","a18bn000001a1PSAAY","50bf3320-0e4c-4e76-b469-76d076ec2475"
"a3fbn000000ftw0AAA","","a3jbn000000le4B","a3Ybn0000004xDFEAY","a18bn000001a1LPAAY","51734710-2cc4-4ce8-94b8-0aad776951c1"
"a3fbn000000ftjtAAA","","a3jbn000000le1H","a3Ybn0000004xGoEAI","a18bn000001a10EAAQ","51b15a9a-817d-4e13-92a8-3df9a121af2e"
"a3fbn000000ftk7AAA","","a3jbn000000le1O","a3Ybn0000004xCrEAI","a18bn000001a12BAAQ","5245df4f-cbc1-43fb-bb4e-84e8c8e30363"
"a3fbn000000ftgGAAQ","","a3jbn000000le0n","a3Ybn0000004xG3EAI","a18bn000001Zt0qAAC","5462410a-ee29-4495-82be-e9a5bded6fd9"
"a3fbn000000ftACAAY","","a3fbn000000fu0y","a3Ybn0000004xFkEAI","a18bn000001a1eYAAQ","54d3eed4-1de4-44ab-b01f-30bd80e324f7"
"a3fbn000000ftvWAAQ","","a3jbn000000le3y","a3Ybn0000004xDFEAY","a18bn000001a1C8AAI","560fa857-12c6-493e-acb1-8f06769168bb"
"a3fbn000000ftl5AAA","","a5xbn000000Jp1n","a3Ybn0000004xFvEAI","a18bn000001a0zuAAA","5881c2e4-dc09-4ddc-bb0b-4470da62a092"
"a3fbn000000ftnfAAA","","a3jbn000000le27","a3Ybn0000004xCnEAI","a18bn000001a12EAAQ","5b56fd1a-e857-4f88-8dd6-47cc9c558626"
"a3fbn000000ft7YAAQ","","a3fbn000000ftzw","a3Ybn0000004xDeEAI","a18bn000001a1RNAAY","5b64088f-dfc1-4411-b472-b729eb78ec5d"
"a3fbn000000ftpXAAQ","","a3jbn000000le2g","a3Ybn0000004xDNEAY","a18bn000001a1FzAAI","5e455917-8ad5-4b99-b369-579513b5fdef"
"a3fbn000000ftrHAAQ","","a3jbn000000le33","a3Ybn0000004xK2EAI","a18bn000001a1J5AAI","5e7d3668-432a-4c8d-ae63-03c0559a3863"
"a3fbn000000ftvCAAQ","","a3jbn000000le3r","a3Ybn0000004xDFEAY","a18bn000001a1C3AAI","601d369d-d2d0-438f-87c6-8d4666bf3201"
"a3fbn000000fti0AAA","","a3jbn000000le14","a3Ybn0000004xGoEAI","a18bn000001a10CAAQ","606342a7-d11f-4b8f-8a8a-3d8645fe1062"
"a3fbn000000ftvPAAQ","","a3jbn000000le3u","a3Ybn0000004xCrEAI","a18bn000001a1BRAAY","608a3e5d-612c-4d2b-8c44-270e577945f5"
"a3fbn000000ftcoAAA","","a5xbn000000JoxT","a3Ybn0000004xG8EAI","a18bn000001a11kAAA","64322abb-9d27-4e9f-b46d-ea707f3a41c5"
"a3fbn000000ft7EAAQ","","a3fbn000000ftzc","a3Ybn0000004xE0EAI","a18bn000001a1ROAAY","664341bb-3e2c-4ffa-8efe-e5cbc00883bd"
"a3fbn000000ft7QAAQ","","a3fbn000000ftzo","a3Ybn0000004xE5EAI","a18bn000001a1RXAAY","67c51b00-c16d-4913-a89d-22e4b7b391e4"
"a3fbn000000ftNJAAY","","a3fbn000000fu2r","a3Ybn0000004xDeEAI","a18bn000001a1PqAAI","686ca2b0-7ab6-4da3-9545-a0067cba2674"
"a3fbn000000ft7yAAA","","a3fbn000000fu0M","a3Ybn0000004xDeEAI","a18bn000001a1PuAAI","68b3ed75-73ec-4645-9a3a-0d64fb236b0d"
"a3fbn000000fteRAAQ","","a3jbn000000le0a","a3Ybn0000004xHuEAI","a18bn000001a17qAAA","68b801aa-3729-4a09-a01c-d955cd346021"
"a3fbn000000ftbeAAA","","a3jbn000000le00","a3Ybn0000004xIUEAY","a18bn000001a12TAAQ","68daa5d3-4efd-4251-bf80-c1d7f466d49b"
"a3fbn000000ft8iAAA","","a3fbn000000fu0X","a3Ybn0000004xEsEAI","a18bn000001a1ajAAA","6941795e-9e7f-4522-becc-9d2365baff13"
"a3fbn000000ftg7AAA","","a3jbn000000le0j","a3Ybn0000004xGVEAY","a18bn000001Zt0lAAC","69c721f5-7e0f-4ffb-9389-5f7e70029e85"
"a3fbn000000ft88AAA","","a3fbn000000fu0W","a3Ybn0000004xEMEAY","a18bn000001a1aeAAA","6d83bc5b-e0aa-4cfe-a620-cf47077e3716"
"a3fbn000000fthuAAA","","a3jbn000000le11","a3Ybn0000004xGtEAI","a18bn000001a109AAA","6eb3daa4-bbc3-46af-842b-c40f8133abe0"
"a3fbn000000ft7OAAQ","","a3fbn000000ftzm","a3Ybn0000004xDeEAI","a18bn000001a1PWAAY","7022bff6-d202-4e03-91d1-7cb6ce01ddff"
"a3fbn000000fthOAAQ","","a3jbn000000le0r","a3Ybn0000004xCnEAI","a18bn000001a12NAAQ","70ba0d2d-aa0f-4db9-9504-ace702218efd"
"a3fbn000000ftvsAAA","","a3jbn000000le47","a3Ybn0000004xHKEAY","a18bn000001a1CBAAY","71273674-496f-4b06-9e41-c945b7088c99"
"a3fbn000000ftvVAAQ","","a3jbn000000le3x","a3Ybn0000004xDFEAY","a18bn000001a1C7AAI","712fc95b-3d11-4091-8a60-ea7d9869af48"
"a3fbn000000fthwAAA","","a3jbn000000le12","a3Ybn0000004xGtEAI","a18bn000001a10AAAQ","74b2f114-84b7-4f97-9e17-266fd1d07235"
"a3fbn000000ft7qAAA","","a3fbn000000fu0E","a3Ybn0000004xDeEAI","a18bn000001a1ebAAA","750037b6-17ef-460b-8f9b-464006b5a8c9"
"a3fbn000000ftxZAAQ","","a4Wbn000000hSHE","a3Ybn0000004xDHEAY","a18bn000001a1BGAAY","7647695b-3140-4925-9d54-d86c2b0999b9"
"a3fbn000000ft81AAA","","a3fbn000000fu0Q","a3Ybn0000004xEGEAY","a18bn000001a1ahAAA","7659cf74-fc90-4abc-9dc7-a306c06b4d13"
"a3fbn000000ftgIAAQ","","a3jbn000000le0o","a3Ybn0000004xG3EAI","a18bn000001Zt0rAAC","767a605f-576d-4dab-9c2b-8a881c50c9df"
"a3fbn000000ft7hAAA","","a3fbn000000fu05","a3Ybn0000004xDeEAI","a18bn000001a1fEAAQ","769f3aa3-3eaf-40c9-b0f2-0259a724b0b5"
"a3fbn000000ftb9AAA","","a3jbn000000ldza","a3Ybn0000004xDKEAY","a18bn000001a1AxAAI","76dd480f-5870-4c57-9f87-c0f51ab92c70"
"a3fbn000000fthMAAQ","","a3jbn000000le0q","a3Ybn0000004xCnEAI","a18bn000001a12MAAQ","76fb828e-5a60-422e-b4ad-bd8146d15bd4"
"a3fbn000000ftqeAAA","","a3jbn000000le2t","a3Ybn0000004xHuEAI","a18bn000001a1FFAAY","775903c3-43e8-4873-b282-c70fbab60b73"
"a3fbn000000fthqAAA","","a3jbn000000le0z","a3Ybn0000004xGoEAI","a18bn000001a107AAA","78c0ef3f-b97a-4aee-8c4e-ad5ff0593219"
"a3fbn000000ftsUAAQ","","a3jbn000000le3M","a3Ybn0000004xGVEAY","a18bn000001a1KUAAY","79187f09-16e9-4975-a075-c6421552d075"
"a3fbn000000ftohAAA","","a4Wbn000000hSHs","a3Ybn0000004xHSEAY","a18bn000001a124AAA","79d3807c-6a53-4b1e-8b79-6a174fca5acc"
"a3fbn000000ftdyAAA","","a5xbn000000Joxb","a3Ybn0000004xKIEAY","a18bn000001a13VAAQ","79ec9cea-5c1e-4983-8f0b-69e444783d7a"
"a3fbn000000ftmSAAQ","","a4Wbn000000hSHF","a3Ybn0000004xDKEAY","a18bn000001a11yAAA","7a5d39e5-9a64-4dba-ad89-54adc07cdb47"
"a3fbn000000ftvQAAQ","","a3jbn000000le3v","a3Ybn0000004xDFEAY","a18bn000001a1C5AAI","7a7f19d1-8851-41c2-aa4d-8a09b73bceba"
"a3fbn000000ft87AAA","","a3fbn000000fu0V","a3Ybn0000004xELEAY","a18bn000001a1adAAA","7be0ea6e-672c-4820-92de-7c678e6dbf15"
"a3fbn000000ftksAAA","","a3jbn000000le1h","a3Ybn0000004xDFEAY","a18bn000001a13fAAA","7ca23265-1816-4a18-8186-ea00aeecf48f"
"a3fbn000000ftkuAAA","","a3jbn000000le1i","a3Ybn0000004xDFEAY","a18bn000001a13gAAA","7cfd4344-80e4-4f0e-b94b-0b107c76e413"
"a3fbn000000ftodAAA","","a4Wbn000000hSIC","a3Ybn0000004xDFEAY","a18bn000001a122AAA","7d46847a-5995-4b7f-8899-7653d28dbd0e"
"a3fbn000000fteTAAQ","","a3jbn000000le0Z","a3Ybn0000004xG2EAI","a18bn000001a1A4AAI","7f2cf63f-c126-4008-8e9d-18cc00f58362"
"a3fbn000000ftnnAAA","","a3jbn000000le2B","a3Ybn0000004xCnEAI","a18bn000001a12IAAQ","7f487612-1848-4054-a8ba-5226ac93b436"
"a3fbn000000ftk3AAA","","a3jbn000000le1M","a3Ybn0000004xCrEAI","a18bn000001a129AAA","7fb6e9f4-88c6-4dac-afb2-993890ad2e27"
"a3fbn000000ftM3AAI","","a3fbn000000fu2S","a3Ybn0000004xDeEAI","a18bn000001a1POAAY","80563bad-ab0b-4ef7-b21a-597d5480a241"
"a3fbn000000ftddAAA","","a5xbn000000JoxU","a3Ybn0000004xG8EAI","a18bn000001a11mAAA","80a216c2-290e-4ed8-80b0-5397435c6cb3"
"a3fbn000000ftmuAAA","","a3jbn000000le1x","a3Ybn0000004xGoEAI","a18bn000001a103AAA","8173e80b-bd4d-40e6-be8c-e92243e59c0d"
"a3fbn000000ftl9AAA","","a3jbn000000le1o","a3Ybn0000004xIiEAI","a18bn000001a0zwAAA","8198d650-1679-450b-9388-4aa0751f6d77"
"a3fbn000000ftpoAAA","","a3jbn000000le2j","a3Ybn0000004xDNEAY","a18bn000001a1G2AAI","819a2cc5-94d0-4ec5-8423-8d43e390c244"
"a3fbn000000ftuaAAA","","a3jbn000000le3c","a3Ybn0000004xH5EAI","a18bn000001a1BuAAI","81eb5532-3b92-46a3-a5fe-899d895f5517"
"a3fbn000000ftoeAAA","","a4Wbn000000hSID","a3Ybn0000004xDHEAY","a18bn000001a123AAA","81fc9020-45f2-427e-9b23-e75105a64807"
"a3fbn000000ftfQAAQ","","a5xbn000000Jopd","a3Ybn0000004xGQEAY","a18bn000001a178AAA","82022576948280534"
"a3fbn000000fteXAAQ","","a5xbn000000JopO","a3Ybn0000004xGLEAY","a18bn000001a16EAAQ","82024797997512096"
"a3fbn000000ftqtAAA","","a5xbn000000Jowv","a3Ybn0000004xK6EAI","a18bn000001a1I4AAI","82027904102120651"
"a3fbn000000ftfHAAQ","","a5xbn000000Jox0","a3Ybn0000004xK7EAI","a18bn000001a19sAAA","82029339509438683"
"a3fbn000000ftrnAAA","","a5xbn000000JoxA","a3Ybn0000004xK7EAI","a18bn000001a1EPAAY","82034506669799089"
"a3fbn000000ftfYAAQ","","a5xbn000000Joos","a3Ybn0000004xGBEAY","a18bn000001a17HAAQ","82037610073874385"
"a3fbn000000ftgOAAQ","","a5xbn000000Jowg","a3Ybn0000004xGBEAY","a18bn000001a15iAAA","82038271634572038"
"a3fbn000000fte4AAA","","a5xbn000000JopN","a3Ybn0000004xGLEAY","a18bn000001a16CAAQ","82052565216277039"
"a3fbn000000ftbhAAA","","a5xbn000000Jop1","a3Ybn0000004xG5EAI","a18bn000001a11SAAQ","82063290162860999"
"a3fbn000000ftblAAA","","a5xbn000000Jop5","a3Ybn0000004xG6EAI","a18bn000001a11WAAQ","82068322886968134"
"a3fbn000000ftelAAA","","a5xbn000000Jopf","a3Ybn0000004xGCEAY","a18bn000001a19TAAQ","82094834608797369"
"a3fbn000000ftdpAAA","","a5xbn000000Jopm","a3Ybn0000004xGREAY","a18bn000001a13MAAQ","82099887017990653"
"a3fbn000000ftsYAAQ","","a5xbn000000Jowm","a3Ybn0000004xGBEAY","a18bn000001a1E5AAI","82102598176871450"
"a3fbn000000ftbuAAA","","a5xbn000000Jowt","a3Ybn0000004xG7EAI","a18bn000001a11fAAA","82105252284788178"
"a3fbn000000ftriAAA","","a5xbn000000Jox3","a3Ybn0000004xK7EAI","a18bn000001a1IoAAI","82113935619583039"
"a3fbn000000ftsaAAA","","a5xbn000000Jown","a3Ybn0000004xGBEAY","a18bn000001a1E6AAI","82117133434597322"
"a3fbn000000ftfGAAQ","","a5xbn000000JopG","a3Ybn0000004xGFEAY","a18bn000001a19ZAAQ","82136064754319308"
"a3fbn000000ftdoAAA","","a5xbn000000Jp1i","a3Ybn0000004xGTEAY","a18bn000001a13LAAQ","82138663690218084"
"a3fbn000000ftquAAA","","a5xbn000000Joww","a3Ybn0000004xGCEAY","a18bn000001a1I5AAI","82161317032057327"
"a3fbn000000ftfSAAQ","","a5xbn000000Jowa","a3Ybn0000004xGBEAY","a18bn000001a17BAAQ","82175926083217502"
"a3fbn000000ftrlAAA","","a5xbn000000Jox8","a3Ybn0000004xK7EAI","a18bn000001a1ENAAY","82177967006619542"
"a3fbn000000ftroAAA","","a5xbn000000JoxP","a3Ybn0000004xKGEAY","a18bn000001a1EhAAI","82183410303098174"
"a3fbn000000ftfNAAQ","","a5xbn000000JopJ","a3Ybn0000004xGIEAY","a18bn000001a174AAA","82184447824108067"
"a3fbn000000fteaAAA","","a5xbn000000JopR","a3Ybn0000004xGLEAY","a18bn000001a16JAAQ","82197769716210405"
"a3fbn000000ftekAAA","","a5xbn000000JopY","a3Ybn0000004xGCEAY","a18bn000001a19AAAQ","82200562802589505"
"a3fbn000000ftbwAAA","","a5xbn000000Jowu","a3Ybn0000004xG7EAI","a18bn000001a11hAAA","82208941661694865"
"a3fbn000000ftbgAAA","","a5xbn000000Jop0","a3Ybn0000004xG5EAI","a18bn000001a11RAAQ","82211939689431508"
"a3fbn000000ftfPAAQ","","a5xbn000000Jopb","a3Ybn0000004xGPEAY","a18bn000001a176AAA","82216142909191400"
"a3fbn000000ftenAAA","","a5xbn000000JopE","a3Ybn0000004xGCEAY","a18bn000001a19VAAQ","82222524236591154"
"a3fbn000000ftqsAAA","","a5xbn000000JoxM","a3Ybn0000004xGCEAY","a18bn000001a1I3AAI","82226789917276563"
"a3fbn000000ftbqAAA","","a5xbn000000Jowk","a3Ybn0000004xG6EAI","a18bn000001a11bAAA","82234554557627558"
"a3fbn000000ftrkAAA","","a5xbn000000Jox7","a3Ybn0000004xK7EAI","a18bn000001a1ELAAY","82236794220392243"
"a3fbn000000ftfXAAQ","","a5xbn000000Jowd","a3Ybn0000004xGBEAY","a18bn000001a17FAAQ","82251992178468637"
"a3fbn000000ftrpAAA","","a5xbn000000Jope","a3Ybn0000004xGBEAY","a18bn000001a1EiAAI","82255859931093304"
"a3fbn000000ftfLAAQ","","a5xbn000000Jox6","a3Ybn0000004xK7EAI","a18bn000001a16dAAA","82256730806911695"
"a3fbn000000ftejAAA","","a5xbn000000JopU","a3Ybn0000004xGCEAY","a18bn000001a199AAA","82264483051642479"
"a3fbn000000ftdgAAA","","a5xbn000000JoxX","a3Ybn0000004xG9EAI","a18bn000001a13EAAQ","82268079752603580"
"a3fbn000000ftgJAAQ","","a5xbn000000Joot","a3Ybn0000004xGBEAY","a18bn000001a15eAAA","82270314420258612"
"a3fbn000000ftfIAAQ","","a5xbn000000Jox2","a3Ybn0000004xK7EAI","a18bn000001a19tAAA","82272174216808221"
"a3fbn000000ftqQAAQ","","a5xbn000000JoxD","a3Ybn0000004xGLEAY","a18bn000001a1EEAAY","82273127266751372"
"a3fbn000000ftfWAAQ","","a5xbn000000Joor","a3Ybn0000004xGBEAY","a18bn000001a17EAAQ","82287927871216694"
"a3fbn000000ftpiAAA","","a5xbn000000Jowi","a3Ybn0000004xG5EAI","a18bn000001a1BDAAY","82290125111098217"
"a3fbn000000fteeAAA","","a5xbn000000JopV","a3Ybn0000004xGCEAY","a18bn000001a16MAAQ","82291094986068092"
"a3fbn000000ftfFAAQ","","a5xbn000000Jowz","a3Ybn0000004xK7EAI","a18bn000001a19rAAA","82303319787032412"
"a3fbn000000ftrmAAA","","a5xbn000000Jox9","a3Ybn0000004xK9EAI","a18bn000001a1EOAAY","82306003069394074"
"a3fbn000000ftbxAAA","","a5xbn000000JoxQ","a3Ybn0000004xG7EAI","a18bn000001a11iAAA","82307932904748678"
"a3fbn000000ftrjAAA","","a5xbn000000Jox4","a3Ybn0000004xK7EAI","a18bn000001a1EMAAY","82323617799235183"
"a3fbn000000ftfUAAQ","","a5xbn000000Jowc","a3Ybn0000004xGBEAY","a18bn000001a17DAAQ","82323934643146535"
"a3fbn000000fteZAAQ","","a5xbn000000JopQ","a3Ybn0000004xGLEAY","a18bn000001a16IAAQ","82343276037196195"
"a3fbn000000ftbiAAA","","a5xbn000000Jop2","a3Ybn0000004xG5EAI","a18bn000001a11TAAQ","82356358996104365"
"a3fbn000000ftebAAA","","a5xbn000000JoxG","a3Ybn0000004xGCEAY","a18bn000001a16HAAQ","82356368938692778"
"a3fbn000000ftgQAAQ","","a5xbn000000Jooz","a3Ybn0000004xGBEAY","a18bn000001a15jAAA","82357908035485526"
"a3fbn000000ftqpAAA","","a5xbn000000JopW","a3Ybn0000004xGCEAY","a18bn000001a1HVAAY","82362068124715674"
"a3fbn000000ftfZAAQ","","a5xbn000000Joov","a3Ybn0000004xGBEAY","a18bn000001a17IAAQ","82363970101843248"
"a3fbn000000fteYAAQ","","a5xbn000000JopP","a3Ybn0000004xGLEAY","a18bn000001a16FAAQ","82368967569213122"
"a3fbn000000ftgMAAQ","","a5xbn000000Jowf","a3Ybn0000004xK4EAI","a18bn000001a15dAAA","82374149857482041"
"a3fbn000000ftboAAA","","a5xbn000000Jop8","a3Ybn0000004xG6EAI","a18bn000001a11ZAAQ","82416052375487938"
"a3fbn000000fteoAAA","","a5xbn000000Jopg","a3Ybn0000004xGCEAY","a18bn000001a19UAAQ","82425466043671173"
"a3fbn000000ftgPAAQ","","a5xbn000000JopA","a3Ybn0000004xGBEAY","a18bn000001a15gAAA","82426187197458333"
"a3fbn000000ftdeAAA","","a5xbn000000Jopi","a3Ybn0000004xG9EAI","a18bn000001a13CAAQ","82429056181126499"
"a3fbn000000ftqNAAQ","","a5xbn000000JoxZ","a3Ybn0000004xG9EAI","a18bn000001a1BmAAI","82458674250847301"
"a3fbn000000ftdnAAA","","a5xbn000000Jp1h","a3Ybn0000004xGTEAY","a18bn000001a13KAAQ","82470202014039682"
"a3fbn000000ftemAAA","","a5xbn000000JoxN","a3Ybn0000004xGCEAY","a18bn000001a19BAAQ","82473031104473285"
"a3fbn000000ftbmAAA","","a5xbn000000Jop6","a3Ybn0000004xG6EAI","a18bn000001a11XAAQ","82482887735595022"
"a3fbn000000ftdlAAA","","a5xbn000000Jopk","a3Ybn0000004xG9EAI","a18bn000001a13IAAQ","82483508697739304"
"a3fbn000000ftepAAA","","a5xbn000000JopF","a3Ybn0000004xGDEAY","a18bn000001a19YAAQ","82498177521200689"
"a3fbn000000ftdtAAA","","a5xbn000000JopK","a3Ybn0000004xGJEAY","a18bn000001a13RAAQ","82499414787309921"
"a3fbn000000ftbtAAA","","a5xbn000000Jows","a3Ybn0000004xG7EAI","a18bn000001a11eAAA","82507311287629899"
"a3fbn000000ftfMAAQ","","a5xbn000000JopI","a3Ybn0000004xGHEAY","a18bn000001a16eAAA","82510603837815078"
"a3fbn000000fteqAAA","","a5xbn000000JopC","a3Ybn0000004xGEEAY","a18bn000001a19qAAA","82514397918015002"
"a3fbn000000ftqrAAA","","a5xbn000000JoxO","a3Ybn0000004xGCEAY","a18bn000001a1HXAAY","82516739093770603"
"a3fbn000000ftrhAAA","","a5xbn000000Jowy","a3Ybn0000004xK7EAI","a18bn000001a1InAAI","82540630992285883"
"a3fbn000000ftgKAAQ","","a5xbn000000Joox","a3Ybn0000004xGBEAY","a18bn000001a17GAAQ","82547339770533133"
"a3fbn000000ftgLAAQ","","a5xbn000000Jooy","a3Ybn0000004xGBEAY","a18bn000001a15fAAA","82550013343336321"
"a3fbn000000ftfaAAA","","a5xbn000000Joow","a3Ybn0000004xGBEAY","a18bn000001a17JAAQ","82550048855314454"
"a3fbn000000ftdrAAA","","a5xbn000000Joxh","a3Ybn0000004xKJEAY","a18bn000001a13PAAQ","82564921124445707"
"a3fbn000000ftdqAAA","","a5xbn000000JoxW","a3Ybn0000004xKHEAY","a18bn000001a13NAAQ","82570435816902601"
"a3fbn000000ftfTAAQ","","a5xbn000000Jowb","a3Ybn0000004xGBEAY","a18bn000001a17CAAQ","82571242156941213"
"a3fbn000000ftsZAAQ","","a5xbn000000Jowl","a3Ybn0000004xGBEAY","a18bn000001a1E4AAI","82571344707427900"
"a3fbn000000ftqnAAA","","a5xbn000000JoxJ","a3Ybn0000004xGCEAY","a18bn000001a1EGAAY","82573548202335127"
"a3fbn000000ftbkAAA","","a5xbn000000Jop4","a3Ybn0000004xG6EAI","a18bn000001a11VAAQ","82575492768133336"
"a3fbn000000fte3AAA","","a5xbn000000JoxC","a3Ybn0000004xKBEAY","a18bn000001a16BAAQ","82579336282610462"
"a3fbn000000ftscAAA","","a5xbn000000Jowp","a3Ybn0000004xGBEAY","a18bn000001a1E8AAI","82597465341097147"
"a3fbn000000ftegAAA","","a5xbn000000JopX","a3Ybn0000004xGMEAY","a18bn000001a16OAAQ","82612951854121281"
"a3fbn000000ftqmAAA","","a5xbn000000JoxF","a3Ybn0000004xKDEAY","a18bn000001a1EFAAY","82614949290082245"
"a3fbn000000ftehAAA","","a5xbn000000JoxH","a3Ybn0000004xGCEAY","a18bn000001a16PAAQ","82666264341734059"
"a3fbn000000ftgRAAQ","","a5xbn000000JopB","a3Ybn0000004xGBEAY","a18bn000001a15kAAA","82671477309927854"
"a3fbn000000ftfVAAQ","","a5xbn000000Jooq","a3Ybn0000004xGAEAY","a18bn000001a17AAAQ","82679973129246380"
"a3fbn000000ftrgAAA","","a5xbn000000Jox1","a3Ybn0000004xK7EAI","a18bn000001a1ImAAI","82683406717797934"
"a3fbn000000ftefAAA","","a5xbn000000JoxI","a3Ybn0000004xGCEAY","a18bn000001a16NAAQ","82687060265646414"
"a3fbn000000ftecAAA","","a5xbn000000JopS","a3Ybn0000004xGCEAY","a18bn000001a16KAAQ","82691186296391878"
"a3fbn000000ftbrAAA","","a5xbn000000Jowq","a3Ybn0000004xG7EAI","a18bn000001a11cAAA","82695880565587610"
"a3fbn000000ftqqAAA","","a5xbn000000JopZ","a3Ybn0000004xGCEAY","a18bn000001a1HWAAY","82700207101921842"
"a3fbn000000ftsbAAA","","a5xbn000000Jowo","a3Ybn0000004xK5EAI","a18bn000001a1E7AAI","82712344255161586"
"a3fbn000000fteiAAA","","a5xbn000000JoxK","a3Ybn0000004xKEEAY","a18bn000001a16VAAQ","82729017803279376"
"a3fbn000000ftduAAA","","a5xbn000000JopL","a3Ybn0000004xGKEAY","a18bn000001a13OAAQ","82730702789759403"
"a3fbn000000ftbjAAA","","a5xbn000000Jop3","a3Ybn0000004xG5EAI","a18bn000001a11UAAQ","82735530714771375"
"a3fbn000000ftdfAAA","","a5xbn000000JoxV","a3Ybn0000004xG9EAI","a18bn000001a13DAAQ","82774610666596669"
"a3fbn000000ftrfAAA","","a5xbn000000Jowx","a3Ybn0000004xK7EAI","a18bn000001a1IlAAI","82777435870086747"
"a3fbn000000ftdhAAA","","a5xbn000000JoxY","a3Ybn0000004xG9EAI","a18bn000001a13FAAQ","82781643842433265"
"a3fbn000000fte2AAA","","a5xbn000000JoxB","a3Ybn0000004xKAEAY","a18bn000001a16AAAQ","82782806940041119"
"a3fbn000000ftbpAAA","","a5xbn000000Jowj","a3Ybn0000004xG6EAI","a18bn000001a11aAAA","82783762193862929"
"a3fbn000000ftbnAAA","","a5xbn000000Jop7","a3Ybn0000004xG6EAI","a18bn000001a11YAAQ","82790048170287691"
"a3fbn000000ftfKAAQ","","a5xbn000000Jox5","a3Ybn0000004xK8EAI","a18bn000001a16cAAA","82790684238934646"
"a3fbn000000ftsXAAQ","","a5xbn000000Jowe","a3Ybn0000004xK3EAI","a18bn000001a1EjAAI","82792029849578290"
"a3fbn000000ftqoAAA","","a5xbn000000JoxL","a3Ybn0000004xKFEAY","a18bn000001a1HUAAY","82843078971400226"
"a3fbn000000ftdiAAA","","a5xbn000000Joph","a3Ybn0000004xG9EAI","a18bn000001a13GAAQ","82844038196397084"
"a3fbn000000ftgNAAQ","","a5xbn000000Jop9","a3Ybn0000004xGBEAY","a18bn000001a15hAAA","82849387775340457"
"a3fbn000000ftdkAAA","","a5xbn000000Jowh","a3Ybn0000004xG5EAI","a18bn000001a11QAAQ","82875481205903357"
"a3fbn000000ftfRAAQ","","a5xbn000000Jopc","a3Ybn0000004xGOEAY","a18bn000001a179AAA","82878778927317723"
"a3fbn000000ftbvAAA","","a5xbn000000JopD","a3Ybn0000004xG7EAI","a18bn000001a11gAAA","82888116000903800"
"a3fbn000000ftdmAAA","","a5xbn000000Jopl","a3Ybn0000004xG9EAI","a18bn000001a13JAAQ","82889836800445238"
"a3fbn000000ftfOAAQ","","a5xbn000000Jopa","a3Ybn0000004xGNEAY","a18bn000001a175AAA","82904746883394185"
"a3fbn000000fteVAAQ","","a5xbn000000JoxE","a3Ybn0000004xKCEAY","a18bn000001a16GAAQ","82925220926214958"
"a3fbn000000ftfJAAQ","","a5xbn000000JopH","a3Ybn0000004xGGEAY","a18bn000001a19uAAA","82960937716530908"
"a3fbn000000ftdjAAA","","a5xbn000000Jopj","a3Ybn0000004xG9EAI","a18bn000001a13HAAQ","82968068134057280"
"a3fbn000000ftdsAAA","","a5xbn000000Joxi","a3Ybn0000004xKJEAY","a18bn000001a13QAAQ","82971653825041821"
"a3fbn000000ftbsAAA","","a5xbn000000Jowr","a3Ybn0000004xG7EAI","a18bn000001a11dAAA","82979779735971021"
"a3fbn000000fteWAAQ","","a5xbn000000JopM","a3Ybn0000004xGLEAY","a18bn000001a16DAAQ","82980239256010890"
"a3fbn000000ftedAAA","","a5xbn000000JopT","a3Ybn0000004xGCEAY","a18bn000001a16LAAQ","82988689887155690"
"a3fbn000000ftv0AAA","","a3jbn000000le3l","a3Ybn0000004xCxEAI","a18bn000001a1BxAAI","855adfa1-450c-426d-a592-1f07ce0130e9"
"a3fbn000000ft7PAAQ","","a3fbn000000ftzn","a3Ybn0000004xDeEAI","a18bn000001a1PXAAY","86fa47b8-f57c-4b64-9268-cd5ccd71c63f"
"a3fbn000000ftdzAAA","","a5xbn000000Joxg","a3Ybn0000004xGSEAY","a18bn000001a13WAAQ","87071758-dc8b-41db-b266-ea44982ec8de"
"a3fbn000000ftl8AAA","","a3jbn000000le1n","a3Ybn0000004xGkEAI","a18bn000001a0zvAAA","88736145-1717-458e-b2c7-10b63ffaaeb4"
"a3fbn000000ftl6AAA","","a3jbn000000le0X","a3Ybn0000004xHAEAY","a18bn000001a0zuAAA","8908a54d-3c1e-4e97-bfa7-4c57262066e2"
"a3fbn000000ftvSAAQ","","a3jbn000000le3w","a3Ybn0000004xDFEAY","a18bn000001a1C6AAI","89628933-1f94-4ebf-851b-d93fbbd510e2"
"a3fbn000000ftmkAAA","","a3jbn000000le1s","a3Ybn0000004xGnEAI","a18bn000001a0zyAAA","8990254b-baa8-4d4b-b2f7-58a4024883e7"
"a3fbn000000ftnhAAA","","a3jbn000000le28","a3Ybn0000004xCnEAI","a18bn000001a12FAAQ","8a196d5d-3e85-4262-8cf1-7d16001bfe4a"
"a3fbn000000ftyGAAQ","","a4Wbn000000hSIH","a3Ybn0000004xDHEAY","a18bn000001a1BIAAY","8c098afb-3c93-4487-802c-19e437c09c4d"
"a3fbn000000ftMQAAY","","a3fbn000000fu2b","a3Ybn0000004xDeEAI","a18bn000001a1edAAA","8cd7c2dc-bdae-4511-b4cc-55444127495e"
"a3fbn000000ftb6AAA","","a3jbn000000ldzb","a3Ybn0000004xHDEAY","a18bn000001a1AwAAI","8e20b9d0-af38-4b2f-9d51-db8e25f829da"
"a3fbn000000ftSEAAY","","a5xbn000000JomQ","a3Ybn0000004xDaEAI","a18bn000001a1sHAAQ","9.026895732011653"
"a3fbn000000ftgsAAA","","a4Wbn000000hSHv","a3Ybn0000004xH5EAI","a18bn000001a0ziAAA","907ec56b-4e11-44c4-8014-40c1c9cf7813"
"a3fbn000000ftdvAAA","","a5xbn000000Joxd","a3Ybn0000004xGSEAY","a18bn000001a13SAAQ","90a3db27-b8ab-41db-a909-2db9b62a3ef3"
"a3fbn000000fthSAAQ","","a3jbn000000le0t","a3Ybn0000004xCnEAI","a18bn000001a12PAAQ","927246f9-3c83-4741-b04a-286d8087dad4"
"a3fbn000000ftbaAAA","","a3jbn000000ldzj","a3Ybn0000004xCnEAI","a18bn000001a12RAAQ","92e5044a-d3ef-417b-8f18-7654b5f5f806"
"a3fbn000000fthKAAQ","","a3jbn000000le0p","a3Ybn0000004xCnEAI","a18bn000001a12LAAQ","9301e877-ac58-4b1f-b265-7184787ec23d"
"a3fbn000000ft79AAA","","a3fbn000000ftzU","a3Ybn0000004xDyEAI","a18bn000001a1auAAA","96c66994-3e88-4e9b-8e9f-79b6d4f92310"
"a3fbn000000ftrDAAQ","","a3jbn000000le31","a3Ybn0000004xG2EAI","a18bn000001a1J3AAI","96d135f7-ff7d-4dc2-a557-6e2c64f08a8f"
"a3fbn000000ftyEAAQ","","a4Wbn000000hSIG","a3Ybn0000004xDHEAY","a18bn000001a1BHAAY","96e92e11-91fc-444b-a8c2-8f6ee6d126c5"
"a3fbn000000ftmsAAA","","a3jbn000000le1w","a3Ybn0000004xGoEAI","a18bn000001a102AAA","97143b0a-c060-415c-a2b1-8d616ed08b04"
"a3fbn000000ftpKAAQ","","a3jbn000000le2a","a3Ybn0000004xDKEAY","a18bn000001a1LXAAY","9754b1bc-ea2a-4357-83be-9b7a29a76a4e"
"a3fbn000000ftttAAA","","a3jbn000000le3W","a3Ybn0000004xGtEAI","a18bn000001a1B5AAI","97cbeb77-e2bb-4b35-b118-93acbada61a7"
"a3fbn000000fti5AAA","","a4Wbn000000hSHw","a3Ybn0000004xDFEAY","a18bn000001a0zlAAA","97db283f-12b2-43f2-a80a-8509dc572984"
"a3fbn000000ftrLAAQ","","a3jbn000000le35","a3Ybn0000004xHtEAI","a18bn000001a1J7AAI","985c1305-1e5b-48cd-94e7-fe37c579be27"
"a3fbn000000fti7AAA","","a4Wbn000000hSHx","a3Ybn0000004xDFEAY","a18bn000001a0zmAAA","9a2d3197-04ef-4369-9193-d4af510f560e"
"a3fbn000000ftmWAAQ","","a4Wbn000000hSIA","a3Ybn0000004xHDEAY","a18bn000001a120AAA","9a69550a-ab84-4d1c-8420-f479166a4843"
"a3fbn000000ftrQAAQ","","a3jbn000000le37","a3Ybn0000004xG2EAI","a18bn000001a1JfAAI","9b925e9a-7b39-4085-950e-7cc40996a706"
"a3fbn000000ftM5AAI","","a3fbn000000fu2U","a3Ybn0000004xEEEAY","a18bn000001a1aFAAQ","9c1704de-27b2-49d4-a669-fdb2517cfbd7"
"a3fbn000000ftpTAAQ","","a3jbn000000le2e","a3Ybn0000004xDNEAY","a18bn000001a1FxAAI","9c4ca56b-fbec-4ff3-b33f-74a0cfaecd75"
"a3fbn000000ftyAAAQ","","a3jbn000000le4I","a3Ybn0000004xCrEAI","a18bn000001a1BSAAY","9d277ec6-7569-4230-89f5-4449c766e0c5"
"a3fbn000000ftinAAA","","a4Wbn000000hSI2","a3Ybn0000004xH5EAI","a18bn000001a11rAAA","9e5711cc-309a-4575-9499-0839d46e4e7c"
"a3fbn000000ft86AAA","","a3fbn000000fu0U","a3Ybn0000004xEKEAY","a18bn000001a1b9AAA","9e6c9c36-e111-4b33-93e5-ad262b72b868"
"a3fbn000000ft7rAAA","","a3fbn000000fu0F","a3Ybn0000004xDeEAI","a18bn000001a1Q4AAI","9e773bd2-67b5-419f-9756-2155ec6439a9"
"a3fbn000000fti3AAA","","a4Wbn000000hSHD","a3Ybn0000004xDEEAY","a18bn000001a0zkAAA","a1b8dfda-5779-4b29-85fa-98afaa1ae9a9"
"a3fbn000000ftndAAA","","a3jbn000000le26","a3Ybn0000004xCnEAI","a18bn000001a12DAAQ","a1bbcbca-dcf8-4b36-bbe4-d6f9cba4ee28"
"a3fbn000000ft7CAAQ","","a3fbn000000ftza","a3Ybn0000004xDeEAI","a18bn000001a1PVAAY","a1dd73d5-130a-479b-b0dc-697c6bd37f64"
"a3fbn000000ft7gAAA","","a3fbn000000fu04","a3Ybn0000004xDeEAI","a18bn000001a1PyAAI","a3324b33-defa-4365-8796-79695e50f411"
"a3fbn000000ftM2AAI","","a3fbn000000fu2R","a3Ybn0000004xDeEAI","a18bn000001a1PRAAY","a351da82-558a-4deb-9125-ce05182fdc17"
"a3fbn000000ft7pAAA","","a3fbn000000fu0D","a3Ybn0000004xDeEAI","a18bn000001a1egAAA","a3795431-75b1-425c-b476-9269d1fbd22a"
"a3fbn000000ft7fAAA","","a3fbn000000fu03","a3Ybn0000004xDeEAI","a18bn000001a1eiAAA","a40a8da4-b760-423c-a65e-eac232a376ba"
"a3fbn000000ftrJAAQ","","a3jbn000000le34","a3Ybn0000004xG2EAI","a18bn000001a1J6AAI","a8274a73-2f9c-46d3-9c28-b8b3b1eb7b48"
"a3fbn000000ft7HAAQ","","a3fbn000000ftzf","a3Ybn0000004xDeEAI","a18bn000001a1PYAAY","a9370bf3-11ed-453f-a51e-21eae645cb48"
"a3fbn000000ftpmAAA","","a3jbn000000le2i","a3Ybn0000004xHSEAY","a18bn000001a1G1AAI","ab048999-b57b-4ca3-afb4-67478fc72fdb"
"a3fbn000000ft7MAAQ","","a3fbn000000ftzk","a3Ybn0000004xDeEAI","a18bn000001a1PQAAY","ab5dcb55-77b2-409b-849c-a7882c0e1ffd"
"a3fbn000000ftpPAAQ","","a3jbn000000le2b","a3Ybn0000004xDNEAY","a18bn000001a1FvAAI","acd6079e-ae4d-4a76-a78c-4cfafad0b1ee"
"a3fbn000000ftcpAAA","","a5xbn000000JoxR","a3Ybn0000004xG8EAI","a18bn000001a11lAAA","ace02dee-8437-48de-9869-9e8c8d228fb3"
"a3fbn000000ft7RAAQ","","a3fbn000000ftzp","a3Ybn0000004xDeEAI","a18bn000001a1PZAAY","ad0fb31e-c3e3-4f42-972d-23d33238fc3f"
"a3fbn000000ftuRAAQ","","a3jbn000000le3Y","a3Ybn0000004xJoEAI","a18bn000001a1BUAAY","ad171551-e466-47dd-ab6f-889be348c70f"
"a3fbn000000ftyJAAQ","","a4Wbn000000hSII","a3Ybn0000004xDNEAY","a18bn000001a1BKAAY","adabf8f8-aeb1-4d07-a54d-b019c9aae6be"
"a3fbn000000ftuYAAQ","","a3jbn000000le3b","a3Ybn0000004xCxEAI","a18bn000001a1BtAAI","adce564a-ed5e-4e96-95e7-44eabce1aedd"
"a3fbn000000ft7FAAQ","","a3fbn000000ftzd","a3Ybn0000004xDeEAI","a18bn000001a1PcAAI","af136271-e2c6-4d55-9628-f3df24997b84"
"a3fbn000000ftshAAA","","Rental Income","a3Ybn0000004xKWEAY","a18bn000001a1CiAAI","asdflkadjsdfhasdkljfhaskjh16"
"a3fbn000000ftgSAAQ","","Rental Income","a3Ybn0000004xKWEAY","a18bn000001a13kAAA","asdflkadjsdfhasdkljfhaskjh17"
"a3fbn000000ftsmAAA","","Rental Income","a3Ybn0000004xKWEAY","a18bn000001a1D3AAI","asdflkadjsdfhasdkljfhaskjh18"
"a3fbn000000ftsoAAA","","Other Income","a3Ybn0000004xEEEAY","a18bn000001a1ChAAI","asdflkadjsdfhasdkljfhaskjh19"
"a3fbn000000ftspAAA","","Other Income","a3Ybn0000004xEEEAY","a18bn000001a1CjAAI","asdflkadjsdfhasdkljfhaskjh20"
"a3fbn000000ftgTAAQ","","Other Income","a3Ybn0000004xEEEAY","a18bn000001a13jAAA","asdflkadjsdfhasdkljfhaskjh21"
"a3fbn000000ftgUAAQ","","Other Income","a3Ybn0000004xEEEAY","a18bn000001a13lAAA","asdflkadjsdfhasdkljfhaskjh22"
"a3fbn000000ftsqAAA","","Other Income","a3Ybn0000004xEEEAY","a18bn000001a1CuAAI","asdflkadjsdfhasdkljfhaskjh23"
"a3fbn000000ftsrAAA","","Other Income","a3Ybn0000004xEEEAY","a18bn000001a1D4AAI","asdflkadjsdfhasdkljfhaskjh24"
"a3fbn000000ftsiAAA","","CRE Operating Expenses","a3Ybn0000004xJ0EAI","a18bn000001a1D9AAI","asdflkadjsdfhasdkljfhaskjh25"
"a3fbn000000ftsjAAA","","CRE Operating Expenses","a3Ybn0000004xJ0EAI","a18bn000001a1DAAAY","asdflkadjsdfhasdkljfhaskjh26"
"a3fbn000000ftskAAA","","CRE Operating Expenses","a3Ybn0000004xJ0EAI","a18bn000001a1CNAAY","asdflkadjsdfhasdkljfhaskjh27"
"a3fbn000000ftslAAA","","CRE Operating Expenses","a3Ybn0000004xJ0EAI","a18bn000001a1CLAAY","asdflkadjsdfhasdkljfhaskjh28"
"a3fbn000000ftsnAAA","","CRE Operating Expenses","a3Ybn0000004xJ0EAI","a18bn000001a1CMAAY","asdflkadjsdfhasdkljfhaskjh29"
"a3fbn000000ftssAAA","","CRE Operating Expenses","a3Ybn0000004xJ0EAI","a18bn000001a1COAAY","asdflkadjsdfhasdkljfhaskjh30"
"a3fbn000000ftstAAA","","CRE Operating Expenses","a3Ybn0000004xJ0EAI","a18bn000001a1DBAAY","asdflkadjsdfhasdkljfhaskjh31"
"a3fbn000000ftsuAAA","","CRE Operating Expenses","a3Ybn0000004xJ0EAI","a18bn000001a1CKAAY","asdflkadjsdfhasdkljfhaskjh32"
"a3fbn000000ftsvAAA","","CRE Operating Expenses","a3Ybn0000004xJ0EAI","a18bn000001a1CPAAY","asdflkadjsdfhasdkljfhaskjh33"
"a3fbn000000ftgVAAQ","","CRE Operating Expenses","a3Ybn0000004xJ0EAI","a18bn000001a13wAAA","asdflkadjsdfhasdkljfhaskjh34"
"a3fbn000000ftswAAA","","CRE Operating Expenses","a3Ybn0000004xJ0EAI","a18bn000001a1CGAAY","asdflkadjsdfhasdkljfhaskjh35"
"a3fbn000000ftsxAAA","","CRE Operating Expenses","a3Ybn0000004xJ0EAI","a18bn000001a1CHAAY","asdflkadjsdfhasdkljfhaskjh36"
"a3fbn000000ftgWAAQ","","CRE Operating Expenses","a3Ybn0000004xJ0EAI","a18bn000001a13yAAA","asdflkadjsdfhasdkljfhaskjh37"
"a3fbn000000ftgXAAQ","","CRE Operating Expenses","a3Ybn0000004xJ0EAI","a18bn000001a13zAAA","asdflkadjsdfhasdkljfhaskjh38"
"a3fbn000000ftsyAAA","","CRE Operating Expenses","a3Ybn0000004xJ0EAI","a18bn000001a1CIAAY","asdflkadjsdfhasdkljfhaskjh39"
"a3fbn000000ftgYAAQ","","CRE Operating Expenses","a3Ybn0000004xJ0EAI","a18bn000001a13uAAA","asdflkadjsdfhasdkljfhaskjh40"
"a3fbn000000ftgZAAQ","","CRE Operating Expenses","a3Ybn0000004xJ0EAI","a18bn000001a13xAAA","asdflkadjsdfhasdkljfhaskjh41"
"a3fbn000000ftgaAAA","","CRE Operating Expenses","a3Ybn0000004xJ0EAI","a18bn000001a140AAA","asdflkadjsdfhasdkljfhaskjh42"
"a3fbn000000ftszAAA","","CRE Operating Expenses","a3Ybn0000004xJ0EAI","a18bn000001a1CwAAI","asdflkadjsdfhasdkljfhaskjh43"
"a3fbn000000ftt0AAA","","CRE Operating Expenses","a3Ybn0000004xJ0EAI","a18bn000001a1CxAAI","asdflkadjsdfhasdkljfhaskjh44"
"a3fbn000000ftt1AAA","","CRE Operating Expenses","a3Ybn0000004xJ0EAI","a18bn000001a1D2AAI","asdflkadjsdfhasdkljfhaskjh45"
"a3fbn000000ftt2AAA","","CRE Operating Expenses","a3Ybn0000004xJ0EAI","a18bn000001a1D0AAI","asdflkadjsdfhasdkljfhaskjh46"
"a3fbn000000ftt3AAA","","CRE Operating Expenses","a3Ybn0000004xJ0EAI","a18bn000001a1D1AAI","asdflkadjsdfhasdkljfhaskjh47"
"a3fbn000000ftt5AAA","","CRE Operating Expenses","a3Ybn0000004xJ0EAI","a18bn000001a1CFAAY","asdflkadjsdfhasdkljfhaskjh48"
"a3fbn000000ftt4AAA","","CRE Operating Expenses","a3Ybn0000004xJ0EAI","a18bn000001a1CyAAI","asdflkadjsdfhasdkljfhaskjh49"
"a3fbn000000ftt6AAA","","CRE Operating Expenses","a3Ybn0000004xJ0EAI","a18bn000001a1CzAAI","asdflkadjsdfhasdkljfhaskjh50"
"a3fbn000000ftgbAAA","","CRE Operating Expenses","a3Ybn0000004xJ0EAI","a18bn000001a13pAAA","asdflkadjsdfhasdkljfhaskjh51"
"a3fbn000000ft77AAA","","a3fbn000000ftzW","a3Ybn0000004xDeEAI","a18bn000001a1PeAAI","b002d69d-490b-407f-9f83-60266da1f7b5"
"a3fbn000000ftrZAAQ","","a3jbn000000le3C","a3Ybn0000004xG2EAI","a18bn000001a1JkAAI","b0597545-921a-46ee-9f43-26752def677b"
"a3fbn000000ft7zAAA","","a3fbn000000fu0N","a3Ybn0000004xDeEAI","a18bn000001a1ejAAA","b08c6cf0-b123-48e7-95c3-06e4303ee5e9"
"a3fbn000000fthyAAA","","a3jbn000000le13","a3Ybn0000004xGoEAI","a18bn000001a10BAAQ","b0db8708-ebe2-4f1e-8a4d-93916b776051"
"a3fbn000000ftvuAAA","","a3jbn000000le48","a3Ybn0000004xHDEAY","a18bn000001a1CCAAY","b1af8ed2-7804-4c53-a3f5-07e8aaf599a8"
"a3fbn000000ft76AAA","","a3fbn000000ftzV","a3Ybn0000004xDxEAI","a18bn000001a1RLAAY","b36b275c-b46a-46aa-a636-9862f9820bf3"
"a3fbn000000ftk5AAA","","a3jbn000000le1N","a3Ybn0000004xCrEAI","a18bn000001a12AAAQ","b3da95e8-6077-485c-8304-524d8c4a6100"
"a3fbn000000ftnrAAA","","a3jbn000000le2C","a3Ybn0000004xCnEAI","a18bn000001a12KAAQ","b489704b-9d8a-4ff0-9f08-91dffd1d25fc"
"a3fbn000000fthQAAQ","","a3jbn000000le0s","a3Ybn0000004xCnEAI","a18bn000001a12OAAQ","b4c5e7d7-e504-4157-98b3-6bdf978b368b"
"a3fbn000000ft7SAAQ","","a3fbn000000ftzq","a3Ybn0000004xE6EAI","a18bn000001a1RVAAY","b5808ff0-dd84-488a-8d3a-8c67d8babcf2"
"a3fbn000000ftuUAAQ","","a3jbn000000le3Z","a3Ybn0000004xH5EAI","a18bn000001a1BrAAI","b5fb67a0-d274-4c0e-b305-45ba9062e75b"
"a3fbn000000ftsPAAQ","","a3jbn000000le3K","a3Ybn0000004xGVEAY","a18bn000001a1JoAAI","b7d83af5-6018-418d-938a-761b4e532109"
"a3fbn000000ft8jAAA","","a3fbn000000fu0Y","a3Ybn0000004xEtEAI","a18bn000001a1alAAA","b8e81198-fb4a-434b-9693-2b5af9abf719"
"a3fbn000000ft85AAA","","a3fbn000000fu0T","a3Ybn0000004xEJEAY","a18bn000001a1aaAAA","bb55052a-5669-4388-8093-5c834e4d6535"
"a3fbn000000ftpqAAA","","a3jbn000000le2k","a3Ybn0000004xHWEAY","a18bn000001a1G3AAI","bc51b74a-51f7-4423-a149-9ecced88141a"
"a3fbn000000ftCOAAY","","a3fbn000000fu16","a3Ybn0000004xGTEAY","a18bn000001a1g9AAA","bda382e6-d4e2-42cd-9af3-9b027f93aa53"
"a3fbn000000ft7WAAQ","","a3fbn000000ftzu","a3Ybn0000004xEAEAY","a18bn000001a1RMAAY","be3040a1-af4b-4ce4-9a4f-dddd65f4cabf"
"a3fbn000000ft80AAA","","a3fbn000000fu0O","a3Ybn0000004xDeEAI","a18bn000001a1PvAAI","bed9d334-fe4d-44ba-87e4-0f266f0f1a9d"
"a3fbn000000ftdxAAA","","a5xbn000000Jopn","a3Ybn0000004xGSEAY","a18bn000001a13UAAQ","bf968929-9cd8-4745-95b8-6c384be7c778"
"a3fbn000000ftuEAAQ","","a4Wbn000000hSIF","a3Ybn0000004xDFEAY","a18bn000001a1BFAAY","bfbf1cb8-7196-434f-bf4c-23cfe5259f17"
"a3fbn000000ftw6AAA","","a3jbn000000le4D","a3Ybn0000004xGmEAI","a18bn000001a1B3AAI","c01b4089-7150-4cfa-8fd2-17d76285a4e6"
"a3fbn000000ftv6AAA","","a3jbn000000le3o","a3Ybn0000004xDEEAY","a18bn000001a1C0AAI","c0bde9fe-433b-4dc4-9847-e9b222992b6d"
"a3fbn000000ftySAAQ","","a4Wbn000000hSHu","a3Ybn0000004xHWEAY","a18bn000001a1BOAAY","c2faae64-d4c2-4fc0-9f1d-c11e1f1654e9"
"a3fbn000000ftkUAAQ","","a3jbn000000le1Z","a3Ybn0000004xDFEAY","a18bn000001a13eAAA","c4801fde-ddaf-4bbb-b31a-291db0d37a45"
"a3fbn000000ftNKAAY","","a3fbn000000fu2s","a3Ybn0000004xDeEAI","a18bn000001a1fDAAQ","c5f1d677-5a43-49f2-9ce9-91fea7d300f3"
"a3fbn000000ft7jAAA","","a3fbn000000fu07","a3Ybn0000004xDeEAI","a18bn000001a1fGAAQ","c6134307-7331-4724-ad50-d8847b84dd6e"
"a3fbn000000fthkAAA","","a3jbn000000le0w","a3Ybn0000004xGoEAI","a18bn000001a104AAA","c61de5ac-c42f-4ebf-9375-367623102d00"
"a3fbn000000ft7kAAA","","a3fbn000000fu08","a3Ybn0000004xDeEAI","a18bn000001a1PsAAI","c9c2f734-d6a1-462c-b514-040cd7cbcd6f"
"a3fbn000000ftmQAAQ","","a4Wbn000000hSI8","a3Ybn0000004xDKEAY","a18bn000001a11xAAA","c9e51260-0a96-4573-a322-9af279a76fcb"
"a3fbn000000ftyQAAQ","","a4Wbn000000hSHI","a3Ybn0000004xDNEAY","a18bn000001a1BNAAY","cc97e48d-dd44-46ca-91f1-bd8843039652"
"a3fbn000000ftpGAAQ","","a3jbn000000le2Y","a3Ybn0000004xDKEAY","a18bn000001a1LVAAY","cce21f6a-fec2-4536-8e59-08ecbe48b9df"
"a3fbn000000ft7NAAQ","","a3fbn000000ftzl","a3Ybn0000004xDeEAI","a18bn000001a1PhAAI","d1bf7ba8-f376-4949-ab3a-094552688d02"
"a3fbn000000ftgDAAQ","","a3jbn000000le0m","a3Ybn0000004xGVEAY","a18bn000001Zt0oAAC","d1ce1e6c-c245-4548-b001-41b31635fc6d"
"a3fbn000000ftyCAAQ","","a3jbn000000le4J","a3Ybn0000004xCuEAI","a18bn000001a1BTAAY","d1d95df8-87a5-4a79-9385-54302490aea6"
"a3fbn000000ftvAAAQ","","a3jbn000000le3q","a3Ybn0000004xDFEAY","a18bn000001a1C2AAI","d22d2781-f47c-4b8e-b965-e30340ed8b52"
"a3fbn000000ftibAAA","","a4Wbn000000hSHC","a3Ybn0000004xDFEAY","a18bn000001a0znAAA","d2893518-a4dd-403a-b166-1dbd5f62d6af"
"a3fbn000000ftePAAQ","","a3jbn000000le0Y","a3Ybn0000004xHAEAY","a18bn000001a17pAAA","d2953edb-c997-45f7-9824-a2b94eba8d79"
"a3fbn000000ftNLAAY","","a3fbn000000fu2t","a3Ybn0000004xCvEAI","a18bn000001a1RbAAI","d33806cf-ba52-40ec-8946-f57a27603150"
"a3fbn000000ft7GAAQ","","a3fbn000000ftze","a3Ybn0000004xE1EAI","a18bn000001a1RWAAY","d44a6453-b23b-4797-af78-a4542390c809"
"a3fbn000000ftvNAAQ","","a3jbn000000le3t","a3Ybn0000004xCrEAI","a18bn000001a1BQAAY","d4b6b188-11a5-473b-ac9c-82cbcdbb631f"
"a3fbn000000ft83AAA","","a3fbn000000fu0R","a3Ybn0000004xEHEAY","a18bn000001a1agAAA","d6ec896c-125e-42e2-86a4-835040721b9f"
"a3fbn000000ft82AAA","","a3fbn000000fu0P","a3Ybn0000004xDeEAI","a18bn000001a1Q0AAI","d70d900b-1938-45f3-9cd5-1ca5b9c43692"
"a3fbn000000fthZAAQ","","a3jbn000000le0v","a3Ybn0000004xIUEAY","a18bn000001a12UAAQ","d79717ed-25ae-428c-bf0c-6c3e324e7fd9"
"a3fbn000000ftijAAA","","a4Wbn000000hSI0","a3Ybn0000004xDFEAY","a18bn000001a11pAAA","d7db9349-3ac0-4e90-9642-fbc9e6aaa3a4"
"a3fbn000000ftk1AAA","","a3jbn000000le1L","a3Ybn0000004xGzEAI","a18bn000001a128AAA","d8aa06f9-57e7-46ee-96da-73b498caa7d2"
"a3fbn000000ftrNAAQ","","a3jbn000000le36","a3Ybn0000004xHtEAI","a18bn000001a1JeAAI","d99ecb3f-ca73-4595-b74f-240c38c0f034"
"a3fbn000000ftsWAAQ","","a3jbn000000le3N","a3Ybn0000004xGVEAY","a18bn000001a1KVAAY","d9d9b14d-96c1-4da2-81c7-b87028bf1676"
"a3fbn000000ft7AAAQ","","a3fbn000000ftzY","a3Ybn0000004xDeEAI","a18bn000001a1PNAAY","da3a3184-ad6d-431f-82c5-b62a8b07e366"
"a3fbn000000ft7dAAA","","a3fbn000000fu01","a3Ybn0000004xDeEAI","a18bn000001a1PPAAY","dac0c545-45e4-4284-adf3-8f2d01df97c5"
"a3fbn000000ftigAAA","","a4Wbn000000hSHz","a3Ybn0000004xDFEAY","a18bn000001a11oAAA","df1517f5-4c18-4bb1-bdff-442cac85bcdd"
"a3fbn000000ftdwAAA","","a5xbn000000Joxf","a3Ybn0000004xGSEAY","a18bn000001a13TAAQ","dfcaf885-a426-441a-a8e7-7f81706728c1"
"a3fbn000000ftmYAAQ","","a4Wbn000000hSIB","a3Ybn0000004xDKEAY","a18bn000001a121AAA","e00fc269-2859-438a-8899-32ac73598d22"
"a3fbn000000ftM4AAI","","a3fbn000000fu2T","a3Ybn0000004xEEEAY","a18bn000001a1aIAAQ","e0d96b84-3fde-4c00-bf87-56f08478f37c"
"a3fbn000000ft6YAAQ","","a3fbn000000ftzS","a3Ybn0000004xDeEAI","a18bn000001a1PfAAI","e124c011-d0f3-4461-a864-9c8cd93ba0ef"
"a3fbn000000ftpuAAA","","a3jbn000000le2m","a3Ybn0000004xDNEAY","a18bn000001a1G5AAI","e181290a-1a82-4057-83f3-27745c3ca976"
"a3fbn000000ft96AAA","","a3fbn000000fu0a","a3Ybn0000004xFGEAY","a18bn000001a1acAAA","e197c6b1-aa1b-4bda-950a-fb6983f7416a"
"a3fbn000000ftw2AAA","","a3jbn000000le4C","a3Ybn0000004xDHEAY","a18bn000001a1LQAAY","e28c6b3c-2970-43ab-a023-eba70b057e71"
"a3fbn000000ftOUAAY","","a3fbn000000fu31","a3Ybn0000004xDeEAI","a18bn000001a1PgAAI","e3155ad1-8e9d-47eb-9e4d-d6ce632db8a8"
"a3fbn000000ftjxAAA","","a3jbn000000le1J","a3Ybn0000004xCrEAI","a18bn000001a10GAAQ","e32db059-99f6-4b0d-b64b-2708058af126"
"a3fbn000000ftrRAAQ","","a3jbn000000le38","a3Ybn0000004xG2EAI","a18bn000001a1JgAAI","e36dfae3-6956-405b-ac74-723bee966ac1"
"a3fbn000000ftvyAAA","","a3jbn000000le4A","a3Ybn0000004xDFEAY","a18bn000001a1CEAAY","e3928e39-f090-454e-b4fd-2ff24cd15fc1"
"a3fbn000000ftg3AAA","","a3jbn000000le0i","a3Ybn0000004xGVEAY","a18bn000001Zt0jAAC","e58e1e7a-a2c6-4516-92cc-04144e824b59"
"a3fbn000000ftnkAAA","","a3jbn000000le29","a3Ybn0000004xCnEAI","a18bn000001a12GAAQ","e5d7f84a-3bec-4b33-ad7b-245cd03c567f"
"a3fbn000000ftqPAAQ","","a5xbn000000Joxa","a3Ybn0000004xKIEAY","a18bn000001a1BoAAI","e6a060fb-0f29-4ed7-8f6e-e2d2084c8827"
"a3fbn000000ftkxAAA","","a3jbn000000le1j","a3Ybn0000004xGVEAY","a18bn000001Zt0tAAC","e8c0d737-c3d7-4ce5-a4fb-a6953fa71ca3"
"a3fbn000000ftmUAAQ","","a4Wbn000000hSI9","a3Ybn0000004xDKEAY","a18bn000001a11zAAA","e979daad-93cf-4a4d-a097-0b41acf3a335"
"a3fbn000000fteNAAQ","","a3jbn000000le0X","a3Ybn0000004xHAEAY","a18bn000001a17oAAA","e9915d2e-5522-40ee-8ab9-ecd686645fc0"
"a3fbn000000ftuWAAQ","","a3jbn000000le3a","a3Ybn0000004xH5EAI","a18bn000001a1BsAAI","e9b9734a-0946-48d9-b551-b1ecbb858bb3"
"a3fbn000000ft7cAAA","","a3fbn000000fu00","a3Ybn0000004xD4EAI","a18bn000001a1OwAAI","ed092a3a-349b-4949-9f55-bd86b60d6b35"
"a3fbn000000ftqjAAA","","a3jbn000000le2v","a3Ybn0000004xG2EAI","a18bn000001a1J0AAI","ee5c3c14-36d6-4479-8bb8-93960298fd1d"
"a3fbn000000fttvAAA","","a3jbn000000le3X","a3Ybn0000004xGoEAI","a18bn000001a1B6AAI","ee952bad-7a21-445b-96e9-d82cc447d510"
"a3fbn000000ftrbAAA","","a3jbn000000le3D","a3Ybn0000004xG2EAI","a18bn000001a1JlAAI","ef2780c0-f2ec-406c-856a-bb234326fd75"
"a3fbn000000ft7XAAQ","","a3fbn000000ftzv","a3Ybn0000004xEBEAY","a18bn000001a1eCAAQ","f08fedd2-2e41-4207-a8d3-91edffb84ba4"
"a3fbn000000ftilAAA","","a4Wbn000000hSI1","a3Ybn0000004xHDEAY","a18bn000001a11qAAA","f0df2fd9-e4cb-4751-9159-36603d8f7e4a"
"a3fbn000000ftvwAAA","","a3jbn000000le49","a3Ybn0000004xDFEAY","a18bn000001a1CDAAY","f12d7f36-6fb3-4718-adfc-cce8f0213261"
"a3fbn000000ftfEAAQ","","a3jbn000000le0g","a3Ybn0000004xG2EAI","a18bn000001a1A6AAI","f1dec333-e043-4a84-956c-026895b6055c"
"a3fbn000000ftMPAAY","","a3fbn000000fu2a","a3Ybn0000004xEEEAY","a18bn000001a1aKAAQ","f20a1250-1a66-4d4b-9406-fd57145521ae"
"a3fbn000000ftnpAAA","","a3jbn000000le2D","a3Ybn0000004xCnEAI","a18bn000001a12JAAQ","f450dad1-562b-47ce-8745-34ef6f197a35"
"a3fbn000000ft7KAAQ","","a3fbn000000ftzi","a3Ybn0000004xDeEAI","a18bn000001a1PaAAI","f4f6715a-8b73-4c60-b93a-18d81cba186d"
"a3fbn000000ft7oAAA","","a3fbn000000fu0C","a3Ybn0000004xEDEAY","a18bn000001a1Q2AAI","f6096a8e-3f9c-433a-8898-8bd3f52bf02a"
"a3fbn000000ftyLAAQ","","a4Wbn000000hSHH","a3Ybn0000004xDNEAY","a18bn000001a1BLAAY","f684d8e7-a9c3-4775-8acb-9c9e2e7f2d9b"
"a3fbn000000ft7VAAQ","","a3fbn000000ftzt","a3Ybn0000004xE9EAI","a18bn000001a1RUAAY","f7589599-9a1f-4c3d-b8b9-016a5d284414"
"a3fbn000000ftpWAAQ","","a3jbn000000le2f","a3Ybn0000004xDNEAY","a18bn000001a1FyAAI","f8b004f7-23b9-4b4c-bea0-b90e1002abed"
"a3fbn000000ft7LAAQ","","a3fbn000000ftzj","a3Ybn0000004xE4EAI","a18bn000001a1RYAAY","f96e5949-58eb-4ef0-8f79-f4eaad9a240d"
"a3fbn000000ftrTAAQ","","a3jbn000000le39","a3Ybn0000004xG2EAI","a18bn000001a1JhAAI","f98eaf94-6d5d-4091-a25a-f0a347df4d6c"
"a3fbn000000ftpIAAQ","","a3jbn000000le2Z","a3Ybn0000004xDKEAY","a18bn000001a1LWAAY","fa507c62-fb4e-40f5-98fd-9a4adf3cfb32"
"a3fbn000000ftxpAAA","","a3jbn000000le4F","a3Ybn0000004xGoEAI","a18bn000001a1B4AAI","faba562f-aa4d-40e1-b47a-94b1a31ce967"
"a3fbn000000ftueAAA","","a3jbn000000le3e","a3Ybn0000004xH5EAI","a18bn000001a1BwAAI","fb75a6d9-30a6-4918-a432-a3b45f907193"
"a3fbn000000ftrXAAQ","","a3jbn000000le3B","a3Ybn0000004xG2EAI","a18bn000001a1JjAAI","fb961c90-7c33-4b5c-b563-5ba3d2d2f8df"
"a3fbn000000ftnlAAA","","a3jbn000000le2A","a3Ybn0000004xCnEAI","a18bn000001a12HAAQ","fba2fd79-8ee0-4ce9-837c-cda95b2707ce"
"a3fbn000000ftUBAAY","","a3fbn000000fu3D","a3Ybn0000004xDeEAI","a18bn000001a1nfAAA","fbc6da7b-c7da-45ce-ab6b-a44c5b517ab2"
"a3fbn000000ftg5AAA","","a3jbn000000le0h","a3Ybn0000004xGVEAY","a18bn000001Zt0kAAC","fd7ea3fc-4604-4965-9c4f-2ab318bb668d"
"a3fbn000000ftl3AAA","","a3jbn000000le1m","a3Ybn0000004xGVEAY","a18bn000001a0zsAAA","ff9a740e-6428-4f2d-88bc-033f0e3f735e"
"a3fbn000000fte0AAA","","k1class","a3Ybn0000004xKIEAY","a18bn000001a13XAAQ","k1classlkl"
"a3fbn000000ftgcAAA","","Debt Service","a3Ybn0000004xJGEAY","a18bn000001a13sAAA","lkadjsdfhasdkljfhaskjh1"
"a3fbn000000fttBAAQ","","Vacancy Rate","a3Ybn0000004xIyEAI","a18bn000001a1D5AAI","lkadjsdfhasdkljfhaskjh10"
"a3fbn000000fttCAAQ","","Total Vacancy Amount","a3Ybn0000004xKXEAY","a18bn000001a1D7AAI","lkadjsdfhasdkljfhaskjh11"
"a3fbn000000fttDAAQ","","Debt Service","a3Ybn0000004xJGEAY","a18bn000001a1DCAAY","lkadjsdfhasdkljfhaskjh12"
"a3fbn000000fttEAAQ","","Cap Rate","a3Ybn0000004xJWEAY","a18bn000001a1DGAAY","lkadjsdfhasdkljfhaskjh13"
"a3fbn000000ftghAAA","","Room Revenue","a3Ybn0000004xKZEAY","a18bn000001a14GAAQ","lkadjsdfhasdkljfhaskjh14"
"a3fbn000000ftgjAAA","","Cap Rate","a3Ybn0000004xJWEAY","a18bn000001a146AAA","lkadjsdfhasdkljfhaskjh15"
"a3fbn000000ftt7AAA","","Cap Rate","a3Ybn0000004xJWEAY","a18bn000001a1CZAAY","lkadjsdfhasdkljfhaskjh2"
"a3fbn000000ftt8AAA","","Vacancy Rate","a3Ybn0000004xIyEAI","a18bn000001a1CkAAI","lkadjsdfhasdkljfhaskjh3"
"a3fbn000000ftt9AAA","","Total Vacancy Amount","a3Ybn0000004xKXEAY","a18bn000001a1CmAAI","lkadjsdfhasdkljfhaskjh4"
"a3fbn000000ftgdAAA","","Vacancy Rate","a3Ybn0000004xIyEAI","a18bn000001a13mAAA","lkadjsdfhasdkljfhaskjh5"
"a3fbn000000ftgeAAA","","Total Vacancy Amount","a3Ybn0000004xKXEAY","a18bn000001a13oAAA","lkadjsdfhasdkljfhaskjh6"
"a3fbn000000ftgfAAA","","Debt Service","a3Ybn0000004xJGEAY","a18bn000001a143AAA","lkadjsdfhasdkljfhaskjh7"
"a3fbn000000fttAAAQ","","Cap Rate","a3Ybn0000004xJWEAY","a18bn000001a1CrAAI","lkadjsdfhasdkljfhaskjh8"
"a3fbn000000ftggAAA","","Total Available Rooms","a3Ybn0000004xKYEAY","a18bn000001a14oAAA","lkadjsdfhasdkljfhaskjh9"
