"Id","OwnerId","IsDeleted","Name","nFORCE__Address_Part__c","nFORCE__Alternate_Label__c","nFORCE__Autocomplete_Attribute_Value__c","nFORCE__Conditional_Display_Criteria__c","nFORCE__Default_Value__c","nFORCE__Defined_Picklist_Values__c","nFORCE__Field_Hint__c","nFORCE__Field_Name__c","nFORCE__Filter_Criteria__c","nFORCE__Filter_Display_Name__c","nFORCE__Format_Description__c","nFORCE__Format_Enabled__c","nFORCE__Format_Expression__c","nFORCE__Format_Message__c","nFORCE__Is_Active__c","nFORCE__Is_Conditional_Lookup__c","nFORCE__Is_Editable__c","nFORCE__Is_Filter_Active__c","nFORCE__Is_Header__c","nFORCE__Is_Hidden__c","nFORCE__Is_Important__c","nFORCE__Is_Read_Only__c","nFORCE__Is_Required__c","nFORCE__Output_Expression__c","nFORCE__Route__c","nFORCE__SLDS_Column_Size__c","nFORCE__Screen_Section__c","nFORCE__Tooltip_Contents__c","nFORCE__Tooltip_Enabled__c","nFORCE__Tooltip_Text__c","nFORCE__lookupKey__c","nFORCE__sObject_Name__c","nPortal__Picklist_Buttons_Enabled__c"
"a0SWD000001lzqX2AQ","005al00000RVvFOAA1","false","FC-002004","","ZIP","","","","","","Mailing_Zip_code_nCino__c","","","","false","","","false","false","false","false","false","false","false","false","false","","a0mWD000003RDkLYAW","2.0","","","false","","00821598381727928","Contact",""
"a0SWD000001lzqY2AQ","005al00000RVvFOAA1","false","FC-002005","","","","","","","","LLC_BI__Home_Address__c","","","","false","","","false","false","false","false","false","false","false","false","false","","a0mWD000003RDmnYAG","","","","false","","02641598553324136","Contact",""
"a0SWD000001lzqa2AA","005al00000RVvFOAA1","false","FC-002007","","Is your mailing address the same as your physical address?","","","","","","cm_Mailing_Same_as_Physical__c","","","","false","","","false","false","false","false","false","false","false","false","false","","a0mWD000003RDkLYAW","","","","false","","03801598381727928","Contact",""
"a0SWD000001lzqb2AA","005al00000RVvFOAA1","false","FC-002008","","","","","","","","cm_Passport_Number__c","","","","false","","","false","false","false","false","false","false","false","false","false","","a0mWD000003RDmwYAG","2.0","","","false","","03801666029076777","Contact",""
"a0SWD000001lzqc2AA","005al00000RVvFOAA1","false","FC-002009","","","","","","","","LLC_BI__Employer_Name__c","","","","false","","","false","false","false","false","false","true","false","false","false","","a0mWD000003RDkLYAW","2.0","","","false","","03891598381727932","Contact",""
"a0SWD000001lzqd2AA","005al00000RVvFOAA1","false","FC-002010","","","","","","","","BirthDate","","","","false","","","false","false","false","false","false","false","false","false","false","","a0mWD000003RDmnYAG","2.0","","","false","","04591598553324134","Contact",""
"a0SWD000001lzq32AA","005al00000RVcKvAAL","false","FC-001974","","","","","","","","LLC_BI__Total_Direct_Exposure__c","","","","false","","","false","false","false","false","false","false","false","true","false","","","","a0qWD00000GSgTmYAL","","false","","04891663700626156","Account",""
"a0SWD000001lzqf2AA","005al00000RVvFOAA1","false","FC-002012","","","","","Customer Reported","","","LLC_BI__Income_Source__c","","","","false","","","false","false","false","false","false","true","false","false","false","","a0mWD000003RDk1YAG","","","","false","","06241666029076781","LLC_BI__Income__c",""
"a0SWD000001lzqg2AA","005al00000RVvFOAA1","false","FC-002013","","Physical Address","","","","","","MailingStreet","","","","false","","","false","false","false","false","false","false","false","false","false","","a0mWD000003RDmwYAG","","","","false","","06381666029076786","Contact",""
"a0SWD000001lzqi2AA","005al00000RVvFOAA1","false","FC-002015","","City","","","","","","LLC_BI__Home_City__c","","","","false","","","false","false","false","false","false","false","false","false","false","","a0mWD000003RDmnYAG","","","","false","","08301598553324130","Contact",""
"a0SWD000001lzqk2AA","005al00000RVcKvAAL","false","FC-002017","","","","","","","","LLC_BI__Product_Line__c","","","","false","","","false","false","false","false","false","true","false","false","false","","","","a0qWD00000GSgVEYA1","","false","","09451701790671658","LLC_BI__Deposit__c",""
"a0SWD000001lzqm2AA","005al00000RVvFOAA1","false","FC-002019","","Mobile Phone Number","","","","","","MobilePhone","","","","false","","","false","false","false","false","false","false","false","false","false","","a0mWD000003RDkLYAW","2.0","","","false","","11111598381727933","Contact",""
"a0SWD000001lzqn2AA","005al00000RVvFOAA1","false","FC-002020","","ZIP","","","","","","LLC_BI__Home_Zipcode__c","","","","false","","","false","false","false","false","false","false","false","false","false","","a0mWD000003RDmnYAG","2.0","","","false","","13071598553324137","Contact",""
"a0SWD000001lzqo2AA","005al00000RVcKvAAL","false","FC-002021","","","","","","","","LLC_BI__Product_Type__c","","","","false","","","false","false","false","false","false","true","false","false","false","","","","a0qWD00000GSgVEYA1","","false","","13071701790671659","LLC_BI__Deposit__c",""
"a0SWD000001lzq42AA","005al00000RVcKvAAL","false","FC-001975","","","","","","Alimony Support|Gross Annual Income|Investment/Trust Income|Other Income|Rental Income","","LLC_BI__Income_Type__c","","","","false","","","false","false","false","false","false","false","false","false","false","","","","a0qWD00000GSgUBYA1","","false","","14611666029076797","LLC_BI__Income__c",""
"a0SWD000001lzqr2AA","005al00000RVvFOAA1","false","FC-002024","","Date of Birth","","","","","","BirthDate","","","","false","","","false","false","false","false","false","false","false","false","false","","a0mWD000003RDkLYAW","2.0","","","false","","15121598381727930","Contact",""
"a0SWD000001lzqt2AA","005al00000RVvFOAA1","false","FC-002026","","","","","","","","LLC_BI__Country_of_Citizenship__c","","","","false","","","false","false","false","false","false","false","false","false","false","","a0mWD000003RDmnYAG","2.0","","","false","","16681598553324136","Contact",""
"a0SWD000001lzqv2AA","005al00000RVvFOAA1","false","FC-002028","","ZIP","","","","","","MailingPostalCode","","","","false","","","false","false","false","false","false","false","false","false","false","","a0mWD000003RDmwYAG","2.0","","","false","","18121666029076795","Contact",""
"a0SWD000001lzqw2AA","005al00000RVvFOAA1","false","FC-002029","","What industry does your business belong to?","","","","","","Industry","","","","false","","","false","false","false","false","false","false","false","false","false","","a0mWD000003RDkJYAW","","","","false","","20081666029076781","Account",""
"a0SWD000001lzqx2AA","005al00000RVvFOAA1","false","FC-002030","","","","","","","","cm_State_ID_Expiration_Date__c","","","","false","","","false","false","false","false","false","false","false","false","false","","a0mWD000003RDmwYAG","2.0","","","false","","20701666029076781","Contact",""
"a0SWD000001lzqy2AA","005al00000RVvFOAA1","false","FC-002031","","ZIP","","","","","","ShippingPostalCode","","","","false","","","false","false","false","false","false","false","false","false","false","","a0mWD000003RDkJYAW","2.0","","","false","","20781666029076776","Account",""
"a0SWD000001lzqz2AA","005al00000RVvFOAA1","false","FC-002032","","State","","","","","","BillingState","","","","false","","","false","false","false","false","false","false","false","false","false","","a0mWD000003RDkJYAW","2.0","","","false","","21781666029076786","Account",""
"a0SWD000001lzr02AA","005al00000RVvFOAA1","false","FC-002033","","","","","","","","cm_Passport_Issue_Date__c","","","","false","","","false","false","false","false","false","false","false","false","false","","a0mWD000003RDmwYAG","2.0","","","false","","23071666029076790","Contact",""
"a0SWD000001lzr12AA","005al00000RVvFOAA1","false","FC-002034","","Shipping Address","","","","","","ShippingStreet","","","","false","","","false","false","false","false","false","false","false","false","false","","a0mWD000003RDkJYAW","","","","false","","23581666029076789","Account",""
"a0SWD000001lzr22AA","005al00000RVvFOAA1","false","FC-002035","","City","","","","","","Mailing_City_nCino__c","","","","false","","","false","false","false","false","false","false","false","false","false","","a0mWD000003RDkLYAW","","","","false","","23731598381727933","Contact",""
"a0SWD000001lzr32AA","005al00000RVvFOAA1","false","FC-002036","","State","","","","","","Mailing_State_nCino__c","","","","false","","","false","false","false","false","false","false","false","false","false","","a0mWD000003RDkLYAW","2.0","","","false","","25451598381727929","Contact",""
"a0SWD000001lzr42AA","005al00000RVvFOAA1","false","FC-002037","","","","","","","","LLC_BI__Primary_ID_Issue_Date__c","","","","false","","","false","false","false","false","false","false","false","false","false","","a0mWD000003RDkLYAW","2.0","","","false","","25861598381727931","Contact",""
"a0SWD000001lzr52AA","005al00000RVvFOAA1","false","FC-002038","","Mailing Address","","","","","","Mailing_Address_nCino__c","","","","false","","","false","false","false","false","false","false","false","false","false","","a0mWD000003RDmnYAG","","","","false","","25901598553324133","Contact",""
"a0SWD000001lzr62AA","005al00000RVvFOAA1","false","FC-002039","","Are there additional business entities you need to add as Guarantors or Borrowers?","","","","","","cm_Additional_Businesses__c","","","","false","","","false","false","false","false","false","false","false","false","false","","a0mWD000003RDkAYAW","","","","false","","26241666029076793","LLC_BI__Loan__c",""
"a0SWD000001lzr72AA","005al00000RVvFOAA1","false","FC-002040","","","","","","","","FirstName","","","","false","","","false","false","false","false","false","false","false","false","false","","a0mWD000003RDmnYAG","2.0","","","false","","26691598553324134","Contact",""
"a0SWD000001lzr82AA","005al00000RVvFOAA1","false","FC-002041","","","","","Monthly Rent- Reported via Online App","","","Name","","","","false","","","false","false","false","false","false","true","false","false","false","","a0mWD000003RDmbYAG","","","","false","","27361666029076784","LLC_BI__Debt__c",""
"a0SWD000001lzrB2AQ","005al00000RVvFOAA1","false","FC-002044","","","","","{{Contact}}","","","LLC_BI__Contact__c","","","","false","","","false","false","false","false","false","true","false","false","false","","a0mWD000003RDmxYAG","","","","false","","28901666029076775","LLC_BI__Debt__c",""
"a0SWD000001lzrE2AQ","005al00000RVvFOAA1","false","FC-002047","","","","","","","","cm_Driver_License_Expiration_Date__c","","","","false","","","false","false","false","false","false","false","false","false","false","","a0mWD000003RDmwYAG","2.0","","","false","","30211666029076778","Contact",""
"a0SWD000001lzrF2AQ","005al00000RVvFOAA1","false","FC-002048","","City","","","","","","ShippingCity","","","","false","","","false","false","false","false","false","false","false","false","false","","a0mWD000003RDkJYAW","","","","false","","30241666029076780","Account",""
"a0SWD000001lzrH2AQ","005al00000RVvFOAA1","false","FC-002050","","ZIP","","","","","","LLC_BI__Home_Zipcode__c","","","","false","","","false","false","false","false","false","false","false","false","false","","a0mWD000003RDkLYAW","2.0","","","false","","30821598381727932","Contact",""
"a0SWD000001lzrI2AQ","005al00000RVvFOAA1","false","FC-002051","","","","","{{individual}}","","","LLC_BI__Account__c","","","","false","","","false","false","false","false","false","true","false","false","false","","a0mWD000003RDmxYAG","","","","false","","31231666029076796","LLC_BI__Debt__c",""
"a0SWD000001lzrL2AQ","005al00000RVvFOAA1","false","FC-002054","","","","","","","","cm_State_ID_Issue_Date__c","","","","false","","","false","false","false","false","false","false","false","false","false","","a0mWD000003RDmwYAG","2.0","","","false","","32561666029076787","Contact",""
"a0SWD000001lzrN2AQ","005al00000RVvFOAA1","false","FC-002056","","Date of Birth","","","","","","Birthdate","","","","false","","","false","false","false","false","false","false","false","false","false","","a0mWD000003RDmwYAG","2.0","","","false","","33681666029076774","Contact",""
"a0SWD000001lzrQ2AQ","005al00000RVvFOAA1","false","FC-002059","","","","","Customer Reported","","","LLC_BI__Income_Source__c","","","","false","","","false","false","false","false","false","true","false","false","false","","a0mWD000003RDk1YAG","","","","false","","34611666029076770","LLC_BI__Income__c",""
"a0SWD000001lzrR2AQ","005al00000RVvFOAA1","false","FC-002060","","State","","","","","","LLC_BI__Home_State__c","","","","false","","","false","false","false","false","false","false","false","false","false","","a0mWD000003RDmnYAG","2.0","","","false","","34671598553324135","Contact",""
"a0SWD000001lzrS2AQ","005al00000RVvFOAA1","false","FC-002061","","","","","","","","cm_Driver_License_Issue_Date__c","","","","false","","","false","false","false","false","false","false","false","false","false","","a0mWD000003RDmwYAG","2.0","","","false","","35761666029076797","Contact",""
"a0SWD000001lzrT2AQ","005al00000RVvFOAA1","false","FC-002062","","ZIP","","","","","","BillingPostalCode","","","","false","","","false","false","false","false","false","false","false","false","false","","a0mWD000003RDkJYAW","2.0","","","false","","35921666029076772","Account",""
"a0SWD000001lzrU2AQ","005al00000RVvFOAA1","false","FC-002063","","City","","","","","","OtherCity","","","","false","","","false","false","false","false","false","false","false","false","false","","a0mWD000003RDmwYAG","","","","false","","37121666029076772","Contact",""
"a0SWD000001lzrV2AQ","005al00000RVvFOAA1","false","FC-002064","","","","","","","","cm_State_ID_Issuing_State__c","","","","false","","","false","false","false","false","false","false","false","false","false","","a0mWD000003RDmwYAG","2.0","","","false","","37231666029076785","Contact",""
"a0SWD000001lzrW2AQ","005al00000RVvFOAA1","false","FC-002065","","","","","{{artifact}}","","","LLC_BI__Loan__c","","","","false","","","false","false","false","false","false","true","false","false","false","","a0mWD000003RDmxYAG","","","","false","","37301666029076783","LLC_BI__Debt__c",""
"a0SWD000001lzrY2AQ","005al00000RVvFOAA1","false","FC-002067","","","","","{{Contact}}","","","LLC_BI__Contact__c","","","","false","","","false","false","false","false","false","true","false","false","false","","a0mWD000003RDmbYAG","","","","false","","37951666029076775","LLC_BI__Debt__c",""
"a0SWD000001lzra2AA","005al00000RVvFOAA1","false","FC-002069","","","","","","","","LLC_BI__Primary_ID_Expiration_Date__c","","","","false","","","false","false","false","false","false","false","false","false","false","","a0mWD000003RDmnYAG","2.0","","","false","","40471598553324137","Contact",""
"a0SWD000001lzrb2AA","005al00000RVvFOAA1","false","FC-002070","","Social Security Number (SSN)","","","","","","LLC_BI__Tax_Identification_Number__c","","","","false","","","false","false","false","false","false","false","false","false","false","","a0mWD000003RDkoYAG","","","","false","","41291598381727932","LLC_BI__Beneficiary__c",""
"a0SWE000003Cghn2AC","005al00000RVvFOAA1","false","FC-002613","","City","","","","","","Mailing_City_nCino__c","","","","false","","","false","false","false","false","false","false","false","false","false","","","","","","false","","42014149847373033","Contact",""
"a0SWD000001lzrd2AA","005al00000RVvFOAA1","false","FC-002072","","State","","","","","","ShippingState","","","","false","","","false","false","false","false","false","false","false","false","false","","a0mWD000003RDloYAG","2.0","","","false","","42029879046397659","Account",""
"a0SWD000001lzre2AA","005al00000RVvFOAA1","false","FC-002073","","Mailing Zip Code","","","","","","Mailing_Zip_code_nCino__c","","","","false","","","false","false","false","false","false","false","false","false","false","","a0mWD000003RDlBYAW","","","","false","","42030675625400405","Contact",""
"a0SWE000003Cgih2AC","005al00000RVvFOAA1","false","FC-002669","","","","","","","","cm_State_ID_Issue_Date__c","","","","false","","","false","false","false","false","false","false","false","false","false","","","2.0","","","false","","42034809811905657","Contact",""
"a0SWE000003CgiT2AS","005al00000RVvFOAA1","false","FC-002655","","","","","","","","cm_Driver_License_Expiration_Date__c","","","","false","","","false","false","false","false","false","false","false","false","false","","","2.0","","","false","","42050995892028580","Contact",""
"a0SWD000001lzrg2AA","005al00000RVvFOAA1","false","FC-002075","","","","","","","","cm_Driver_License_Issue_Date__c","","","","false","","","false","false","false","false","false","false","false","false","false","","a0mWD000003RDkLYAW","2.0","","","false","","42062079390615919","Contact",""
"a0SWD000001lzrh2AA","005al00000RVvFOAA1","false","FC-002076","","","","","","","","cm_Driver_License_Issuing_State__c","","","","false","","","false","false","false","false","false","false","false","false","false","","a0mWD000003RDmnYAG","2.0","","","false","","42062944705024908","Contact",""
"a0SWD000001lzq82AA","005al00000RVcKvAAL","false","FC-001979","","","","","{{artifact}}","","","LLC_BI__Deposit__c","","","","false","","","false","false","false","false","false","true","false","false","false","","","","a0qWD00000GSgSYYA1","","false","","42085915559474043","LLC_BI__Beneficiary__c",""
"a0SWE000003Cghx2AC","005al00000RVvFOAA1","false","FC-002623","","City","","","","","","Mailing_City_nCino__c","","","","false","","","false","false","false","false","false","false","false","false","false","","","","","","false","","42086145414817725","Contact",""
"a0SWE000003Cgir2AC","005al00000RVvFOAA1","false","FC-002679","","Mailing State","","","","","","Mailing_State_nCino__c","","","","false","","","false","false","false","false","false","false","false","false","false","","","","","","false","","42090783292083562","Contact",""
"a0SWE000003Cghr2AC","005al00000RVvFOAA1","false","FC-002617","","Mobile Phone Number","","","","","","MobilePhone","","","","false","","","false","false","false","false","false","false","false","false","false","","","2.0","","","false","","42092201416522135","Contact",""
"a0SWE000003Cgij2AC","005al00000RVvFOAA1","false","FC-002671","","","","","","","","cm_Passport_Expiration_Date__c","","","","false","","","false","false","false","false","false","false","false","false","false","","","2.0","","","false","","42097747859210484","Contact",""
"a0SWE000003Cgi12AC","005al00000RVvFOAA1","false","FC-002627","","","","","","","","LLC_BI__Primary_ID_Issue_Date__c","","","","false","","","false","false","false","false","false","false","false","false","false","","","2.0","","","false","","42098778926805801","Contact",""
"a0SWD000001lzri2AA","005al00000RVvFOAA1","false","FC-002077","","","","","","","","cm_State_ID_Expiration_Date__c","","","","false","","","false","false","false","false","false","false","false","false","false","","a0mWD000003RDkLYAW","2.0","","","false","","42101867995863429","Contact",""
"a0SWD000001lzrj2AA","005al00000RVvFOAA1","false","FC-002078","","","","","","","","LastName","","","","false","","","false","false","false","false","false","false","false","false","false","","a0mWD000003RDkLYAW","2.0","","","false","","42103485638352626","Contact",""
"a0SWD000001lzrk2AA","005al00000RVvFOAA1","false","FC-002079","","Mailing Zip Code","","","","","","Mailing_Zip_code_nCino__c","","","","false","","","false","false","false","false","false","false","false","false","false","","a0mWD000003RDl6YAG","","","","false","","42104562907129732","Contact",""
"a0SWE000003Cghq2AC","005al00000RVvFOAA1","false","FC-002616","","Social Security Number (SSN)","","","","","XXXXXXXXX","LLC_BI__SS__c","","","","false","","","false","false","false","false","false","false","false","false","false","","","1.0","","As a federally regulated bank, we are required to know our customers. We use your SSN to pull your credit bureau data, which allows us to process your application.","true","Why do we need this?","42110702729842312","Contact",""
"a0SWE000003Cgi02AC","005al00000RVvFOAA1","false","FC-002626","","Primary ID Number","","","","","","LLC_BI__Drivers_License__c","","","","false","","","false","false","false","false","false","false","false","false","false","","","2.0","","","false","","42113738255485547","Contact",""
"a0SWD000001lzrl2AA","005al00000RVvFOAA1","false","FC-002080","","","","","","","","cm_Passport_Issue_Date__c","","","","false","","","false","false","false","false","false","false","false","false","false","","a0mWD000003RDkLYAW","2.0","","","false","","42119686156327069","Contact",""
"a0SWD000001lzrn2AA","005al00000RVcKvAAL","false","FC-002082","","","","","","","","LLC_BI__Account__c","","","","false","","","false","false","false","false","false","true","false","true","false","","","","a0qWD00000GSgV1YAL","","false","","42131868360334692","LLC_BI__Entity__r",""
"a0SWD000001lzro2AA","005al00000RVvFOAA1","false","FC-002083","","City","","","","","","BillingCity","","","","false","","","false","false","false","false","false","false","false","false","false","","a0mWD000003RDloYAG","","","","false","","42136983569324498","Account",""
"a0SWD000001lzrq2AA","005al00000RVvFOAA1","false","FC-002085","","","","","","","","LLC_BI__Controlling_Individual__c","","","","false","","","false","false","false","false","false","false","false","false","false","","a0mWD000003RDkLYAW","","","A controlling individual for beneficial ownership purposes is a single individual with significant responsibility to control, manage or direct the business. Examples include an executive officer or senior manager (Chief Executive Officer, Chief Financial Officer, Chief Operating Officer, President), or any other individual who regularly performs similar functions. One controlling individual must be identified for each legal entity customer.","true","What is this?","42140502656120424","LLC_BI__Connection__c",""
"a0SWE000003CgiQ2AS","005al00000RVvFOAA1","false","FC-002652","","","","","","","","cm_Passport_Issue_Date__c","","","","false","","","false","false","false","false","false","false","false","false","false","","","2.0","","","false","","42140722016187617","Contact",""
"a0SWE000003Cgic2AC","005al00000RVvFOAA1","false","FC-002664","","","","","","","","cm_Passport_Issue_Date__c","","","","false","","","false","false","false","false","false","false","false","false","false","","","2.0","","","false","","42142235528774263","Contact",""
"a0SWD000001lzrr2AA","005al00000RVvFOAA1","false","FC-002086","","","","","","","","cs_Type_of_Account_ACH_Int__c","","","","false","","","false","false","false","false","false","false","false","false","false","","a0mWD000003RDkRYAW","2.0","","","false","","42144555292645515","LLC_BI__Deposit__c",""
"a0SWD000001lzrs2AA","005al00000RVvFOAA1","false","FC-002087","","Business Type","","","","Association|Corporation|Limited Liability Company|Limited Partnership|Municipality|Partnership|Sole Proprietorship - Business","","Type","","","","false","","","false","false","false","false","false","false","false","false","false","","a0mWD000003RDloYAG","","","","false","","42147191808062575","Account",""
"a0SWE000003Cgio2AC","005al00000RVvFOAA1","false","FC-002676","","","","","","","","cm_Is_Existing_Customer__c","","","","false","","","false","false","false","false","false","true","false","false","false","","","","","","false","","42151742914299592","Contact",""
"a0SWE000003Cghw2AC","005al00000RVvFOAA1","false","FC-002622","","Mailing Address","","","","","","Mailing_Address_nCino__c","","","","false","","","false","false","false","false","false","false","false","false","false","","","","","","false","","42153355164288339","Contact",""
"a0SWE000003CgiP2AS","005al00000RVvFOAA1","false","FC-002651","","","","","","","","cm_Driver_License_Issue_Date__c","","","","false","","","false","false","false","false","false","false","false","false","false","","","2.0","","","false","","42154328871651408","Contact",""
"a0SWE000003Cgia2AC","005al00000RVvFOAA1","false","FC-002662","","","","","","","","cm_State_ID_Number__c","","","","false","","","false","false","false","false","false","false","false","false","false","","","2.0","","","false","","42176917962642918","Contact",""
"a0SWD000001lzru2AA","005al00000RVvFOAA1","false","FC-002089","","","","","","","","cm_State_ID_Number__c","","","","false","","","false","false","false","false","false","false","false","false","false","","a0mWD000003RDkLYAW","2.0","","","false","","42177070578822259","Contact",""
"a0SWD000001lzrv2AA","005al00000RVvFOAA1","false","FC-002090","","State","","","","","","MailingState","","","","false","","","false","false","false","false","false","false","false","false","false","","a0mWD000003RDmwYAG","2.0","","","false","","42181666029076792","Contact",""
"a0SWD000001lzyE2AQ","005al00000RVcKvAAL","false","FC-002481","","","","","","","","LLC_BI__Allocated_Facility_Amount__c","","","","false","","","false","false","false","false","false","false","false","true","false","","","","a0qWD00000GSggHYAT","","false","","42182148697712431","LLC_BI__Loan__c",""
"a0SWD000001lzrw2AA","005al00000RVvFOAA1","false","FC-002091","","","","","","","","LLC_BI__Identity_Verification_Status__c","","","","false","","","false","false","false","false","false","true","false","false","false","","a0mWD000003RDl6YAG","","","","false","","42184388780093697","Contact",""
"a0SWE000003Cgif2AC","005al00000RVvFOAA1","false","FC-002667","","","","","","","","cm_Driver_License_Issuing_State__c","","","","false","","","false","false","false","false","false","false","false","false","false","","","2.0","","","false","","42185577060599347","Contact",""
"a0SWE000003Cgid2AC","005al00000RVvFOAA1","false","FC-002665","","Mailing Street Address","","","","","","Mailing_Address_nCino__c","","","","false","","","false","false","false","false","false","false","false","false","false","","","","","","false","","42187297829067821","Contact",""
"a0SWE000003Cghs2AC","005al00000RVvFOAA1","false","FC-002618","","","","","","","","LLC_BI__Home_Address__c","","","","false","","","false","false","false","false","false","false","false","false","false","","","","","","false","","42197150328776289","Contact",""
"a0SWD000001lzry2AA","005al00000RVvFOAA1","false","FC-002093","","ZIP","","","","","","BillingPostalCode","","","","false","","","false","false","false","false","false","false","false","false","false","","a0mWD000003RDloYAG","2.0","","","false","","42201073979871220","Account",""
"a0SWD000001lzrz2AA","005al00000RVvFOAA1","false","FC-002094","","","","","","","","cm_Driver_License_Expiration_Date__c","","","","false","","","false","false","false","false","false","false","false","false","false","","a0mWD000003RDmnYAG","2.0","","","false","","42202255482498615","Contact",""
"a0SWE000003Cgiw2AC","005al00000RVvFOAA1","false","FC-002684","","County","","","","","","LLC_BI__Home_Address_County__c","","","","false","","","false","false","false","false","false","false","false","false","false","","","2.0","","","false","","42203766298756294","Contact",""
"a0SWE000003Cgik2AC","005al00000RVvFOAA1","false","FC-002672","","","","","","","","cm_State_ID_Issuing_State__c","","","","false","","","false","false","false","false","false","false","false","false","false","","","2.0","","","false","","42205770448811836","Contact",""
"a0SWD000001lzs02AA","005al00000RVvFOAA1","false","FC-002095","","","","","","","","cm_Driver_License_Expiration_Date__c","","","","false","","","false","false","false","false","false","false","false","false","false","","a0mWD000003RDkLYAW","2.0","","","false","","42206042231930577","Contact",""
"a0SWD000001lzs12AA","005al00000RVvFOAA1","false","FC-002096","","Routing Number","","","","","","cs_Routing_Number_ACH_Int__c","","","","false","","","false","false","false","false","false","false","false","false","false","","a0mWD000003RDkRYAW","2.0","","","false","","42206524088934928","LLC_BI__Deposit__c",""
"a0SWD000001lzs22AA","005al00000RVvFOAA1","false","FC-002097","","","","","","","","cm_Passport_Issue_Date__c","AAA","","","false","","","false","false","false","false","false","false","false","false","false","","a0mWD000003RDmnYAG","2.0","","","false","","42208538493111824","Contact",""
"a0SWE000003Cgi62AC","005al00000RVvFOAA1","false","FC-002632","","","","","","","","LLC_BI__Country_of_Citizenship__c","","","","false","","","false","false","false","false","false","false","false","false","false","","","2.0","","","false","","42217717125346212","Contact",""
"a0SWD000001lzs32AA","005al00000RVvFOAA1","false","FC-002098","","","","","a1f5f0000010ARDAA2","","","LLC_BI__Connection_Role__c","","","","false","","","false","false","false","false","false","true","false","false","false","","a0mWD000003RDmNYAW","","","","false","","42222975162292231","LLC_BI__Connection__c",""
"a0SWD000001lzs52AA","005al00000RVvFOAA1","false","FC-002100","","","","","","","","FirstName","","","","false","","","false","false","false","false","false","false","false","false","false","","a0mWD000003RDkLYAW","2.0","","","false","","42234958214003224","Contact",""
"a0SWD000001lzs72AA","005al00000RVvFOAA1","false","FC-002102","","","","","","","","Funding_Amount__c","","","","false","","","false","false","false","false","false","true","false","false","true","","a0mWD000003RDkpYAG","","","","false","","42239523133211357","LLC_BI__Funding_Method__c",""
"a0SWD000001lzij2AA","005al00000RVcKvAAL","false","FC-001520","","","","","","","","Name","","","","false","","","false","false","false","false","false","false","false","true","false","","","","a0qWD00000GSgNYYA1","","false","","42242293480412932","LLC_BI__Credit_Memo_Modifcation__c",""
"a0SWD000001lzs82AA","005al00000RVvFOAA1","false","FC-002103","","","","","","","","LLC_BI__Employer_Name__c","","","","false","","","false","false","false","false","false","true","false","false","false","","a0mWD000003RDl6YAG","","","","false","","42245395821819791","Contact",""
"a0SWE000003CgiC2AS","005al00000RVvFOAA1","false","FC-002638","","","","","","","","LLC_BI__Primary_ID_Issue_Date__c","","","","false","","","false","false","false","false","false","false","false","false","false","","","2.0","","","false","","42246230385693262","Contact",""
"a0SWD000001lzsA2AQ","005al00000RVvFOAA1","false","FC-002105","","","","","","","","cm_State_ID_Issue_Date__c","","","","false","","","false","false","false","false","false","false","false","false","false","","a0mWD000003RDmnYAG","2.0","","","false","","42251919564522158","Contact",""
"a0SWD000001lzsB2AQ","005al00000RVvFOAA1","false","FC-002106","","Business Type","","","","","","Legal_Entity_Type_cm__c","","","","false","","","false","false","false","false","false","false","false","false","false","","a0mWD000003RDloYAG","","","","false","","42254936313755270","Account",""
"a0SWE000003Cgj22AC","005al00000RVvFOAA1","false","FC-002690","","","","","","","","LLC_BI__Identity_Verification_Status__c","","","","false","","","false","false","false","false","false","true","false","false","false","","","","","","false","","42274285013268051","Contact",""
"a0SWE000003CgiI2AS","005al00000RVvFOAA1","false","FC-002644","","Please indicate whether or not you will be applying with any joint owners","","","No","","","cm_Applying_with_a_co_applicant__c","","","","false","","","false","false","true","false","false","false","false","false","true","","","","","","false","","42277418551315200","LLC_BI__Deposit__c",""
"a0SWD000001lzsC2AQ","005al00000RVvFOAA1","false","FC-002107","","Social Security Number (SSN)","","","","","XXXXXXXXX. Click here to view data -->","LLC_BI__SS__c","","","","false","","","false","false","false","false","false","false","false","false","false","","a0mWD000003RDkLYAW","1.0","","As a federally regulated bank, we are required to know our customers. We use your SSN to pull your credit bureau data, which allows us to process your application.","true","Why do we need this?","42277839849495506","Contact",""
"a0SWD000001lzsD2AQ","005al00000RVvFOAA1","false","FC-002108","","Mailing City","","","","","","Mailing_City_nCino__c","","","","false","","","false","false","false","false","false","false","false","false","false","","a0mWD000003RDlBYAW","","","","false","","42279708347184093","Contact",""
"a0SWE000003Cghz2AC","005al00000RVvFOAA1","false","FC-002625","","ZIP","","","","","","Mailing_Zip_code_nCino__c","","","","false","","","false","false","false","false","false","false","false","false","false","","","2.0","","","false","","42280016273045072","Contact",""
"a0SWD000001lzsE2AQ","005al00000RVvFOAA1","false","FC-002109","","","","","","","","cm_State_ID_Number__c","","","","false","","","false","false","false","false","false","false","false","false","false","","a0mWD000003RDmnYAG","2.0","","","false","","42284242043645238","Contact",""
"a0SWD000001lzsF2AQ","005al00000RVvFOAA1","false","FC-002110","","","","","","","","cm_Driver_License_Number__c","","","","false","","","false","false","false","false","false","false","false","false","false","","a0mWD000003RDmnYAG","2.0","","","false","","42297774907060956","Contact",""
"a0SWE000003CgiZ2AS","005al00000RVvFOAA1","false","FC-002661","","","","","","","","cm_State_ID_Expiration_Date__c","","","","false","","","false","false","false","false","false","false","false","false","false","","","2.0","","","false","","42312659049615237","Contact",""
"a0SWE000003CgiU2AS","005al00000RVvFOAA1","false","FC-002656","","","","","","","","cm_State_ID_Issuing_State__c","","","","false","","","false","false","false","false","false","false","false","false","false","","","2.0","","","false","","42316852133027920","Contact",""
"a0SWD000001lzsH2AQ","005al00000RVvFOAA1","false","FC-002112","","","","","","","","LLC_BI__Employer_Name__c","","","","false","","","false","false","false","false","false","true","false","false","false","","a0mWD000003RDlBYAW","","","","false","","42318087916159094","Contact",""
"a0SWE000003Cgi52AC","005al00000RVvFOAA1","false","FC-002631","","Date of Birth","","","","","","BirthDate","","","","false","","","false","false","false","false","false","false","false","false","false","","","2.0","","","false","","42322599804262013","Contact",""
"a0SWD000001lzsI2AQ","005al00000RVvFOAA1","false","FC-002113","","","","","","","","cm_Is_Existing_Customer__c","","","","false","","","false","false","false","false","false","true","false","false","false","","a0mWD000003RDl6YAG","","","","false","","42328191212231937","Contact",""
"a0SWD000001m0SA2AY","005al00000RVcKvAAL","false","FC-002527","","","","","","","","LLC_BI__Approved_Loan_Amount__c","","","","false","","","false","false","false","false","false","false","false","true","false","","","","a0qWD00000GT8abYAD","","false","","42330668526596006","LLC_BI__Loan__c",""
"a0SWD000001lzsJ2AQ","005al00000RVvFOAA1","false","FC-002114","","Account Number","","","","","Click the icon to the right to view data","cs_Account_Number_ACH_Int__c","","","","false","","","false","false","false","false","false","false","false","false","false","","a0mWD000003RDkRYAW","2.0","","","false","","42344525828240534","LLC_BI__Deposit__c",""
"a0SWE000003Cgim2AC","005al00000RVvFOAA1","false","FC-002674","","","","","","","","cm_Passport_Issuing_Country__c","","","","false","","","false","false","false","false","false","false","false","false","false","","","2.0","","","false","","42348536401492660","Contact",""
"a0SWD000001lzsK2AQ","005al00000RVcKvAAL","false","FC-002115","","Doing Business As","","","","","","LLC_BI__Doing_Business_As__r.Name","","","","false","","","false","false","false","false","false","false","false","false","false","","","","a0qWD00000GSgUUYA1","","false","","42351442277867026","LLC_BI__Legal_Entities__c",""
"a0SWE000003Cgig2AC","005al00000RVvFOAA1","false","FC-002668","","Mailing City","","","","","","Mailing_City_nCino__c","","","","false","","","false","false","false","false","false","false","false","false","false","","","","","","false","","42353381029885564","Contact",""
"a0SWD000001lzsM2AQ","005al00000RVvFOAA1","false","FC-002117","","","","","","","","LLC_BI__Ownership_Percentage__c","","","","false","","","false","false","false","false","false","false","false","false","false","","a0mWD000003RDkoYAG","","","Ownership Percentage must add up to 100%.","true","","42373678610170349","LLC_BI__Beneficiary__c",""
"a0SWE000003CgiY2AS","005al00000RVvFOAA1","false","FC-002660","","","","","","","","cm_Driver_License_Issue_Date__c","","","","false","","","false","false","false","false","false","false","false","false","false","","","2.0","","","false","","42374263449759102","Contact",""
"a0SWD000001lzy92AA","005al00000RVcKvAAL","false","FC-002476","","","","","Booked","","","LLC_BI__Stage__c","","Stages to Display","","false","","","false","false","false","false","false","false","false","false","false","","","","a0qWD00000GSgflYAD","","false","","42376372932960978","LLC_BI__Loan__c",""
"a0SWE000003Cghp2AC","005al00000RVvFOAA1","false","FC-002615","","ZIP","","","","","","Mailing_Zip_code_nCino__c","","","","false","","","false","false","false","false","false","false","false","false","false","","","2.0","","","false","","42383387322650082","Contact",""
"a0SWD000001lzsN2AQ","005al00000RVvFOAA1","false","FC-002118","","","","","","","","LLC_BI__Identity_Verification_Status__c","","","","false","","","false","false","false","false","false","true","false","false","false","","a0mWD000003RDlBYAW","","","","false","","42385078677671405","Contact",""
"a0SWD000001lzsO2AQ","005al00000RVvFOAA1","false","FC-002119","","","","","","","","cm_Driver_License_Number__c","","","","false","","","false","false","false","false","false","false","false","false","false","","a0mWD000003RDkLYAW","2.0","","","false","","42390459134943312","Contact",""
"a0SWD000001lzsP2AQ","005al00000RVvFOAA1","false","FC-002120","","Routing Number","","","","","","Routing_Number_text__c","","","","false","","","false","false","false","false","false","false","false","false","false","","a0mWD000003RDkpYAG","","","","false","","42392429195940475","LLC_BI__Funding_Method__c",""
"a0SWE000003CgiL2AS","005al00000RVvFOAA1","false","FC-002647","","Primary ID Number","","","","","","LLC_BI__Drivers_License__c","","","","false","","","false","false","false","false","false","false","false","false","false","","","2.0","","","false","","42401646606785320","Contact",""
"a0SWD000001lzqE2AQ","005al00000RVcKvAAL","false","FC-001985","","","","","{{artifact}}","","","LLC_BI__Loan__c","","","","false","","","false","false","false","false","false","true","false","false","false","","a0mWD000003RDk1YAG","","a0qWD00000GSgUBYA1","","false","","424061355665269857","LLC_BI__Income__c",""
"a0SWE000003Cghv2AC","005al00000RVvFOAA1","false","FC-002621","","ZIP","","","","","","LLC_BI__Home_Zipcode__c","","","","false","","","false","false","false","false","false","false","false","false","false","","","2.0","","","false","","42421244114970636","Contact",""
"a0SWD000001lzsS2AQ","005al00000RVvFOAA1","false","FC-002123","","% of Ownership","","","","","","LLC_BI__Ownership_Percent__c","","","","false","","","false","false","false","false","false","false","false","false","false","","a0mWD000003RDkLYAW","","","","false","","42426868571529296","LLC_BI__Connection__c",""
"a0SWD000001lzsT2AQ","005al00000RVvFOAA1","false","FC-002124","","Mailing Street Address","","","","","","Mailing_Address_nCino__c","","","","false","","","false","false","false","false","false","false","false","false","false","","a0mWD000003RDlBYAW","","","","false","","42428709304360074","Contact",""
"a0SWE000003Cghm2AC","005al00000RVvFOAA1","false","FC-002612","","Mailing Address","","","","","","Mailing_Address_nCino__c","","","","false","","","false","false","false","false","false","false","false","false","false","","","","","","false","","42429439045855396","Contact",""
"a0SWD000001lzsU2AQ","005al00000RVvFOAA1","false","FC-002125","","","","","","","","cm_Passport_Number__c","","","","false","","","false","false","false","false","false","false","false","false","false","","a0mWD000003RDmnYAG","2.0","","","false","","42430945410084737","Contact",""
"a0SWE000003Cgi22AC","005al00000RVvFOAA1","false","FC-002628","","","","","","","","LLC_BI__Primary_ID_Expiration_Date__c","","","","false","","","false","false","false","false","false","false","false","false","false","","","2.0","","","false","","42447738913024110","Contact",""
"a0SWE000003Cgis2AC","005al00000RVvFOAA1","false","FC-002680","","Mailing Zip Code","","","","","","Mailing_Zip_code_nCino__c","","","","false","","","false","false","false","false","false","false","false","false","false","","","","","","false","","42455215506718680","Contact",""
"a0SWE000003CgiO2AS","005al00000RVvFOAA1","false","FC-002650","","","","","","","","cm_Passport_Number__c","","","","false","","","false","false","false","false","false","false","false","false","false","","","2.0","","","false","","42459944147818003","Contact",""
"a0SWD000001lzsX2AQ","005al00000RVvFOAA1","false","FC-002128","","","","","","","","cs_Bank_Name_ACH_Int__c","","","","false","","","false","false","false","false","false","false","false","false","false","","a0mWD000003RDkRYAW","2.0","","","false","","42463909366769377","LLC_BI__Deposit__c",""
"a0SWD000001lzsY2AQ","005al00000RVvFOAA1","false","FC-002129","","","","","","","","Funding_Amount__c","","","","false","","","false","false","false","false","false","true","false","false","true","","a0mWD000003RDlSYAW","","","","false","","42463935261314287","LLC_BI__Funding_Method__c",""
"a0SWE000003CgiG2AS","005al00000RVvFOAA1","false","FC-002642","","","","","","","","cm_Is_Existing_Customer__c","","","","false","","","false","false","false","false","false","true","false","false","false","","","","","","false","","42471941799949685","Contact",""
"a0SWD000001lzsZ2AQ","005al00000RVvFOAA1","false","FC-002130","","Employer Identification Number (EIN)","","","","","","LLC_BI__Tax_Identification_Number__c","","","","false","","","false","false","false","false","false","false","false","false","false","","a0mWD000003RDl6YAG","1.0","","","false","","42472564272756073","Account",""
"a0SWD000001lzsa2AA","005al00000RVvFOAA1","false","FC-002131","","","","","","","","cm_Is_Existing_Customer__c","","","","false","","","false","false","false","false","false","true","false","false","false","","a0mWD000003RDmnYAG","","","","false","","42481523342647172","Contact",""
"a0SWD000001lzsc2AA","005al00000RVvFOAA1","false","FC-002133","","","","","","","","cm_Passport_Number__c","","","","false","","","false","false","false","false","false","false","false","false","false","","a0mWD000003RDkLYAW","2.0","","","false","","42489099032261627","Contact",""
"a0SWD000001lzsd2AA","005al00000RVvFOAA1","false","FC-002134","","What industry is your business? (ie: Photography)","","","","","","Naics_lookup_cm__c","","","","false","","","false","false","false","false","false","false","false","false","false","","a0mWD000003RDloYAG","","","","false","","42495671498959677","Account",""
"a0SWD000001lzse2AA","005al00000RVvFOAA1","false","FC-002135","","","","","","","","cm_Is_Existing_Customer__c","","","","false","","","false","false","false","false","false","true","false","false","false","","a0mWD000003RDlBYAW","","","","false","","42497079715605269","Contact",""
"a0SWD000001lzsf2AA","005al00000RVvFOAA1","false","FC-002136","","Number of employees","","","","","","NumberOfEmployees","","","","false","","","false","false","false","false","false","false","false","false","false","","a0mWD000003RDloYAG","","","","false","","42504945345575070","Account",""
"a0SWD000001lzsg2AA","005al00000RVvFOAA1","false","FC-002137","","","","","","","","cs_Personal_or_Business_Account_ACH_Int__c","","","","false","","","false","false","false","false","false","false","false","false","false","","a0mWD000003RDkRYAW","2.0","","","false","","42505016652479823","LLC_BI__Deposit__c",""
"a0SWD000001m0TO2AY","005al00000RVcKvAAL","false","FC-002603","","","","","","","","LLC_BI__Participation_Amount__c","Test Field Exclusion F1------ second","","","false","","","false","false","false","false","false","false","false","true","false","","","","a0qWD00000GT9QrYAL","Test Field Exclusion F1 ----second","false","","42514233700262164","LLC_BI__Participation__c",""
"a0SWD000001m0TP2AY","005al00000RVcKvAAL","false","FC-002604","","","","","","","","cm_Available_Amount__c","","","","false","","","false","false","false","false","false","false","false","true","false","","","","a0qWD00000GT9QrYAL","","false","","425142337002621641","LLC_BI__Participation__c",""
"a0SWD000001lzqF2AQ","005al00000RVcKvAAL","false","FC-001986","","Title","","","","","","LLC_BI__Official_Title__c","","","","false","","","false","false","false","false","false","false","false","false","false","","","","a0qWD00000GSgS5YAL","","false","","42514541898358303","LLC_BI__Connection__c",""
"a0SWD000001lzsh2AA","005al00000RVvFOAA1","false","FC-002138","","What industry does your business belong to?","","","","","","Industry","","","","false","","","false","false","false","false","false","false","false","false","false","","a0mWD000003RDloYAG","","","","false","","42517627447877330","Account",""
"a0SWE000003Cgi32AC","005al00000RVvFOAA1","false","FC-002629","","","","","","","","LLC_BI__Primary_ID_Issuing_State__c","","","","false","","","false","false","false","false","false","false","false","false","false","","","2.0","","","false","","42518805838936832","Contact",""
"a0SWD000001lzsi2AA","005al00000RVvFOAA1","false","FC-002139","","","","","","","","cm_Driver_License_Issue_Date__c","","","","false","","","false","false","false","false","false","false","false","false","false","","a0mWD000003RDmnYAG","2.0","","","false","","42529993265302356","Contact",""
"a0SWD000001lzsj2AA","005al00000RVvFOAA1","false","FC-002140","","","","","","","","cs_Title_of_Account_ACH_Int__c","","","","false","","","false","false","false","false","false","false","false","false","false","","a0mWD000003RDkRYAW","2.0","","","false","","4253221988277282","LLC_BI__Deposit__c",""
"a0SWD000001lzsk2AA","005al00000RVvFOAA1","false","FC-002141","","Employer Identification Number (EIN)","","","","","XXXXXXXXX. Click here to view data -->","LLC_BI__Tax_Identification_Number__c","","","Number must be either 11 characters exactly or 9 characters exactly.  It may be left blank for sole props.","true","(^ddddddddddd$)|(^ddddddddd$)|(^s*$)","If your business is registered, input your Employer Identification Number (EIN) here without hyphens, up to 11 digits.  If you are not yet registered, please enter your social security number without hyphens.","false","false","false","false","false","false","false","false","false","","a0mWD000003RDloYAG","1.0","","If registered business put your tax id here, if you are not registered, input your social security number.","true","Why do we need this?","42537585601716489","Account",""
"a0SWD000001lzsl2AA","005al00000RVvFOAA1","false","FC-002142","","ZIP","","","","","","ShippingPostalCode","","","","false","","","false","false","false","false","false","false","false","false","false","","a0mWD000003RDloYAG","2.0","","","false","","42538146184896753","Account",""
"a0SWD000001lzyI2AQ","005al00000RVcKvAAL","false","FC-002485","","","","","","","","LLC_BI__Risk_Grade__c","","","","false","","","false","false","false","false","false","false","false","true","false","","","","a0qWD00000GSggFYAT","","false","","42548186805845381","LLC_BI__Loan__c",""
"a0SWD000001lzsn2AA","005al00000RVvFOAA1","false","FC-002144","","","","","","","","Role_cm__c","","","","false","","","false","false","false","false","false","false","false","false","false","","a0mWD000003RDkLYAW","","","","false","","42567035753904353","LLC_BI__Connection__c",""
"a0SWE000003CgiW2AS","005al00000RVvFOAA1","false","FC-002658","","","","","","","","cm_Passport_Expiration_Date__c","","","","false","","","false","false","false","false","false","false","false","false","false","","","2.0","","","false","","42567464043188780","Contact",""
"a0SWE000003CgiK2AS","005al00000RVvFOAA1","false","FC-002646","","","","","","","","cm_Is_Existing_Customer__c","","","","false","","","false","false","false","false","false","true","false","false","false","","","","","","false","","42568860457147489","Contact",""
"a0SWE000003CgiS2AS","005al00000RVvFOAA1","false","FC-002654","","","","","","","","cm_State_ID_Issue_Date__c","","","","false","","","false","false","false","false","false","false","false","false","false","","","2.0","","","false","","42575302279568537","Contact",""
"a0SWE000003Cgi72AC","005al00000RVvFOAA1","false","FC-002633","","","","","","","","LLC_BI__Employer_Name__c","","","","false","","","false","false","false","false","false","false","false","false","false","","","2.0","","","false","","42579050111079790","Contact",""
"a0SWE000003CgiB2AS","005al00000RVvFOAA1","false","FC-002637","","","","","","","","LLC_BI__Primary_ID_Issuing_State__c","","","","false","","","false","false","false","false","false","false","false","false","false","","","2.0","","","false","","42584857274917120","Contact",""
"a0SWD000001lzqJ2AQ","005al00000RVcKvAAL","false","FC-001990","","","","","{{individual}}","","","LLC_BI__Account__c","","","","false","","","false","false","false","false","false","true","false","false","false","","a0mWD000003RDk1YAG","","a0qWD00000GSgUBYA1","","false","","425859702256566289","LLC_BI__Income__c",""
"a0SWE000003CgiN2AS","005al00000RVvFOAA1","false","FC-002649","","","","","","","","cm_State_ID_Number__c","","","","false","","","false","false","false","false","false","false","false","false","false","","","2.0","","","false","","42605195636242481","Contact",""
"a0SWE000003Cghk2AC","005al00000RVvFOAA1","false","FC-002610","","State","","","","","","LLC_BI__Home_State__c","","","","false","","","false","false","false","false","false","false","false","false","false","","","2.0","","","false","","42613266378371312","Contact",""
"a0SWD000001lzss2AA","005al00000RVvFOAA1","false","FC-002149","","County","","","","","","LLC_BI__Home_Address_County__c","","","","false","","","false","false","false","false","false","false","false","false","true","","a0mWD000003RDkLYAW","2.0","","","false","","42620506494852145","Contact",""
"a0SWE000003CgiX2AS","005al00000RVvFOAA1","false","FC-002659","","","","","","","","cm_Driver_License_Number__c","","","","false","","","false","false","false","false","false","false","false","false","false","","","2.0","","","false","","42626025916882137","Contact",""
"a0SWD000001lzst2AA","005al00000RVvFOAA1","false","FC-002150","","Industry","","","","","","cm_Industry_Code__c","","","","false","","","false","false","false","false","false","false","false","false","false","","a0mWD000003RDloYAG","","","","false","","42627099070015477","Account",""
"a0SWD000001lzqK2AQ","005al00000RVcKvAAL","false","FC-001991","","Is your physical address the same as mailing address?","","","","","","Business_Mailing_Address_Same_as_Physica__c","","","","false","","","false","false","false","false","false","false","false","false","false","","","","a0qWD00000GSgSRYA1","","false","","42635601628945905","Account",""
"a0SWD000001lzsw2AA","005al00000RVvFOAA1","false","FC-002153","","Primary ID Number","","","","","","LLC_BI__Drivers_License__c","","","","false","","","false","false","false","false","false","false","false","false","false","","a0mWD000003RDl6YAG","2.0","","","false","","42644119176463326","Contact",""
"a0SWD000001lzsz2AA","005al00000RVvFOAA1","false","FC-002156","","State","","","","","","BillingState","","","","false","","","false","false","false","false","false","false","false","false","false","","a0mWD000003RDloYAG","2.0","","","false","","42650537195122711","Account",""
"a0SWD000001lzt02AA","005al00000RVvFOAA1","false","FC-002157","","","","","","","","cm_Passport_Issuing_Country__c","","","","false","","","false","false","false","false","false","false","false","false","false","","a0mWD000003RDmnYAG","2.0","","","false","","42656029738596131","Contact",""
"a0SWE000003Cgie2AC","005al00000RVvFOAA1","false","FC-002666","","Mailing State","","","","","","Mailing_State_nCino__c","","","","false","","","false","false","false","false","false","false","false","false","false","","","","","","false","","42663755846072679","Contact",""
"a0SWE000003Cgib2AC","005al00000RVvFOAA1","false","FC-002663","","","","","","","","cm_Passport_Number__c","","","","false","","","false","false","false","false","false","false","false","false","false","","","2.0","","","false","","42672001438579776","Contact",""
"a0SWE000003Cghi2AC","005al00000RVvFOAA1","false","FC-002608","","Physical Address","","","","","","LLC_BI__Home_Address__c","","","","false","","","false","false","false","false","false","false","false","false","false","","","","","","false","","42672386830813474","Contact",""
"a0SWD000001lzt42AA","005al00000RVvFOAA1","false","FC-002161","","Business Name","","","","","","Name","","","","false","","","false","false","false","false","false","false","false","false","false","","a0mWD000003RDloYAG","","","","false","","42681911745122320","Account",""
"a0SWE000003Cgii2AC","005al00000RVvFOAA1","false","FC-002670","","","","","","","","cm_Driver_License_Expiration_Date__c","","","","false","","","false","false","false","false","false","false","false","false","false","","","2.0","","","false","","42687770662767431","Contact",""
"a0SWD000001lzt52AA","005al00000RVvFOAA1","false","FC-002162","","","","","","","","LLC_BI__Identity_Verification_Status__c","","","","false","","","false","false","false","false","false","true","false","false","false","","a0mWD000003RDmnYAG","","","","false","","42692540146307409","Contact",""
"a0SWD000001lzt62AA","005al00000RVvFOAA1","false","FC-002163","","Mailing Address","","","","","","ShippingStreet","","","","false","","","false","false","false","false","false","false","false","false","false","","a0mWD000003RDloYAG","","","","false","","42693006913581569","Account",""
"a0SWE000003Cgin2AC","005al00000RVvFOAA1","false","FC-002675","","Mailing City","","","","","","Mailing_City_nCino__c","","","","false","","","false","false","false","false","false","false","false","false","false","","","","","","false","","42694061190828941","Contact",""
"a0SWE000003Cgi92AC","005al00000RVvFOAA1","false","FC-002635","","","","","","","","LLC_BI__Overdraft_Consent__c","","","","false","","","false","false","false","false","false","false","false","false","false","","","","","","false","","42694903843073146","LLC_BI__Treasury_Service__c",""
"a0SWD000001lzt72AA","005al00000RVvFOAA1","false","FC-002164","","Mailing State","","","","","","Mailing_State_nCino__c","","","","false","","","false","false","false","false","false","false","false","false","false","","a0mWD000003RDlBYAW","","","","false","","42697245429312957","Contact",""
"a0SWE000003CgiJ2AS","005al00000RVvFOAA1","false","FC-002645","","","","","","","","cm_Is_Existing_Customer__c","","","","false","","","false","false","false","false","false","true","false","false","false","","","","","","false","","42707406347271298","Contact",""
"a0SWD000001m0SI2AY","005al00000RVcKvAAL","false","FC-002535","","","","","","","","LLC_BI__Employee_Relationship__c","","","","false","","","false","false","false","false","false","false","false","true","false","","","","a0qWD00000GTAEKYA5","","false","","42708478902968159","Account",""
"a0SWE000003CgiF2AS","005al00000RVvFOAA1","false","FC-002641","","","","","","","","BirthDate","","","","false","","","false","false","false","false","false","false","false","false","false","","","2.0","","","false","","42719344941492497","Contact",""
"a0SWD000001lzt82AA","005al00000RVvFOAA1","false","FC-002165","","","","","","","","cm_State_ID_Issue_Date__c","","","","false","","","false","false","false","false","false","false","false","false","false","","a0mWD000003RDkLYAW","2.0","","","false","","42721464494191276","Contact",""
"a0SWE000003Cgix2AC","005al00000RVvFOAA1","false","FC-002685","","Are you a US Citizen?","","","Yes","","","LLC_BI__US_Citizen__c","","","","false","","","false","false","false","false","false","false","false","false","true","","","","","","false","","42723019183882741","Contact",""
"a0SWE000003Cghy2AC","005al00000RVvFOAA1","false","FC-002624","","State","","","","","","Mailing_State_nCino__c","","","","false","","","false","false","false","false","false","false","false","false","false","","","2.0","","","false","","42730446738469620","Contact",""
"a0SWD000001lzt92AA","005al00000RVvFOAA1","false","FC-002166","","","","","","","","LLC_BI__Identity_Verification_Status__c","","","","false","","","false","false","false","false","false","true","false","false","false","","a0mWD000003RDkLYAW","","","","false","","42743479958457387","Contact",""
"a0SWD000001lztA2AQ","005al00000RVvFOAA1","false","FC-002167","","","","","","","","LLC_BI__Certifying_Individual__c","","","","false","","","false","false","false","false","false","false","false","false","false","","a0mWD000003RDkLYAW","2.0","","","false","","42745100612158354","LLC_BI__Connection__c",""
"a0SWD000001lztB2AQ","005al00000RVvFOAA1","false","FC-002168","","","","","","","","cm_Passport_Expiration_Date__c","","","","false","","","false","false","false","false","false","false","false","false","false","","a0mWD000003RDmnYAG","2.0","","","false","","42759182234806460","Contact",""
"a0SWD000001lztC2AQ","005al00000RVvFOAA1","false","FC-002169","","Primary ID Number","","","","","","LLC_BI__Drivers_License__c","","","","false","","","false","false","false","false","false","false","false","false","false","","a0mWD000003RDlBYAW","2.0","","","false","","42762634586662325","Contact",""
"a0SWE000003CgiV2AS","005al00000RVvFOAA1","false","FC-002657","","","","","","","","cm_State_ID_Expiration_Date__c","","","","false","","","false","false","false","false","false","false","false","false","false","","","2.0","","","false","","42767950586050973","Contact",""
"a0SWE000003Cght2AC","005al00000RVvFOAA1","false","FC-002619","","City","","","","","","LLC_BI__Home_City__c","","","","false","","","false","false","false","false","false","false","false","false","false","","","2.0","","","false","","42770528297172943","Contact",""
"a0SWE000003Cgiv2AC","005al00000RVvFOAA1","false","FC-002683","","County","","","","","","LLC_BI__Home_Address_County__c","","","","false","","","false","false","false","false","false","false","false","false","true","","","2.0","","","false","","42772003203185188","Contact",""
"a0SWE000003Cgip2AC","005al00000RVvFOAA1","false","FC-002677","","Mailing Zip Code","","","","","","Mailing_Zip_code_nCino__c","","","","false","","","false","false","false","false","false","false","false","false","false","","","","","","false","","42777848133203365","Contact",""
"a0SWE000003Cgj12AC","005al00000RVvFOAA1","false","FC-002689","","","","","","","","LLC_BI__Identity_Verification_Status__c","","","","false","","","false","false","false","false","false","true","false","false","false","","","","","","false","","42779073818678788","Contact",""
"a0SWE000003Cgiy2AC","005al00000RVvFOAA1","false","FC-002686","","Are you a US Citizen?","","","Yes","","","LLC_BI__US_Citizen__c","","","","false","","","false","false","false","false","false","false","false","false","true","","","","","","false","","42781791805149454","Contact",""
"a0SWE000003Cgiu2AC","005al00000RVvFOAA1","false","FC-002682","","","","","","","","Email","","","","false","","","false","false","false","false","false","false","false","false","false","","","2.0","","","false","","42786284743666440","Contact",""
"a0SWD000001lztD2AQ","005al00000RVvFOAA1","false","FC-002170","","County","","","","","","LLC_BI__Home_Address_County__c","","","","false","","","false","false","false","false","false","false","false","false","true","","a0mWD000003RDmnYAG","2.0","","","false","","42788258038224120","Contact",""
"a0SWD000001lztE2AQ","005al00000RVvFOAA1","false","FC-002171","","","","","Customer Reported","","","LLC_BI__Income_Source__c","","","","false","","","false","false","false","false","false","true","false","false","false","","a0mWD000003RDk1YAG","","","","false","","42791666029076773","LLC_BI__Income__c",""
"a0SWE000003CgiE2AS","005al00000RVvFOAA1","false","FC-002640","","Is your mailing address the same as your physical address?","","","Yes","","","cm_Mailing_Same_as_Physical__c","","","","false","","","false","false","false","false","false","false","false","false","false","","","","","","false","","42794606760670156","Contact",""
"a0SWD000001lztF2AQ","005al00000RVvFOAA1","false","FC-002172","","","","","","","","cm_State_ID_Issuing_State__c","","","","false","","","false","false","false","false","false","false","false","false","false","","a0mWD000003RDmnYAG","2.0","","","false","","42795524019941083","Contact",""
"a0SWD000001lztG2AQ","005al00000RVvFOAA1","false","FC-002173","","Mailing State","","","","","","Mailing_State_nCino__c","","","","false","","","false","false","false","false","false","false","false","false","false","","a0mWD000003RDl6YAG","","","","false","","42800524946572421","Contact",""
"a0SWD000001lztH2AQ","005al00000RVvFOAA1","false","FC-002174","","Routing Number","","","","","","Routing_Number_text__c","","","","false","","","false","false","false","false","false","false","false","false","false","","a0mWD000003RDlSYAW","","","","false","","42802066874970677","LLC_BI__Funding_Method__c",""
"a0SWE000003Cgj32AC","005al00000RVvFOAA1","false","FC-002691","","Account Number","","","","","","cs_Account_Number_ACH_Int__c","","","","false","","","false","false","false","false","false","false","false","false","false","","","","","","false","","42820142328730336","LLC_BI__Deposit__c",""
"a0SWD000001lztJ2AQ","005al00000RVvFOAA1","false","FC-002176","","Mailing Street Address","","","","","","Mailing_Address_nCino__c","","","","false","","","false","false","false","false","false","false","false","false","false","","a0mWD000003RDl6YAG","","","","false","","42821724724428806","Contact",""
"a0SWE000003Cgi82AC","005al00000RVvFOAA1","false","FC-002634","","","","","","","","MobilePhone","","","","false","^dddddddddd$","Mobile phone numbers must be provided in 10 digit formats without hyphens","false","false","false","false","false","false","false","false","false","","","2.0","","","false","","42841199839560553","Contact",""
"a0SWD000001lzqO2AQ","005al00000RVcKvAAL","false","FC-001995","","","","","{{Contact}}","","","LLC_BI__Contact__c","","","","false","","","false","false","false","false","false","true","false","false","false","","a0mWD000003RDk1YAG","","a0qWD00000GSgUBYA1","","false","","428483814000740701","LLC_BI__Income__c",""
"a0SWE000003Cghj2AC","005al00000RVvFOAA1","false","FC-002609","","City","","","","","","LLC_BI__Home_City__c","","","","false","","","false","false","false","false","false","false","false","false","false","","","2.0","","","false","","42860304661096174","Contact",""
"a0SWD000001lztN2AQ","005al00000RVvFOAA1","false","FC-002180","","","","","","","","cm_State_ID_Issuing_State__c","","","","false","","","false","false","false","false","false","false","false","false","false","","a0mWD000003RDkLYAW","2.0","","","false","","42861964562084382","Contact",""
"a0SWD000001lztO2AQ","005al00000RVvFOAA1","false","FC-002181","","Physical Address","","","","","","BillingStreet","","","","false","","","false","false","false","false","false","false","false","false","false","","a0mWD000003RDloYAG","","","","false","","42864666876165233","Account",""
"a0SWD000001lztP2AQ","005al00000RVvFOAA1","false","FC-002182","","","","","","","","cm_Passport_Expiration_Date__c","","","","false","","","false","false","false","false","false","false","false","false","false","","a0mWD000003RDkLYAW","2.0","","","false","","42865399386462269","Contact",""
"a0SWE000003Cghl2AC","005al00000RVvFOAA1","false","FC-002611","","ZIP","","","","","","LLC_BI__Home_Zipcode__c","","","","false","^ddddd$","Zip codes must be provided in 5 digit formats","false","false","false","false","false","false","false","false","false","","","2.0","","","false","","42871576252449486","Contact",""
"a0SWD000001lzyA2AQ","005al00000RVcKvAAL","false","FC-002477","","","","","Booked","","","LLC_BI__Stage__c","","Stages to Display","","false","","","false","false","false","false","false","false","false","false","false","","","","a0qWD00000GSgfqYAD","","false","","42874378885559190","LLC_BI__Loan__c",""
"a0SWE000003CgiD2AS","005al00000RVvFOAA1","false","FC-002639","","","","","","","","LLC_BI__Primary_ID_Expiration_Date__c","","","","false","","","false","false","false","false","false","false","false","false","false","","","2.0","","","false","","42876584995640380","Contact",""
"a0SWE000003Cgi42AC","005al00000RVvFOAA1","false","FC-002630","","Is your mailing address the same as your physical address?","","","Yes","","","cm_Mailing_Same_as_Physical__c","","","","false","","","false","false","false","false","false","false","false","false","false","","","","","","false","","42878170647582618","Contact",""
"a0SWD000001lztR2AQ","005al00000RVvFOAA1","false","FC-002184","","Is your physical address the same as mailing address?","","","","","","Business_Mailing_Address_Same_as_Physica__c","","","","false","","","false","false","false","false","false","false","false","false","false","","a0mWD000003RDtSYAW","","","","false","","42881327394067343","Account",""
"a0SWE000003Cgiq2AC","005al00000RVvFOAA1","false","FC-002678","","Mailing Street Address","","","","","","Mailing_Address_nCino__c","","","","false","","","false","false","false","false","false","false","false","false","false","","","","","","false","","42888436751204850","Contact",""
"a0SWD000001lztS2AQ","005al00000RVvFOAA1","false","FC-002185","","City","","","","","","ShippingCity","","","","false","","","false","false","false","false","false","false","false","false","false","","a0mWD000003RDloYAG","","","","false","","42888529303835256","Account",""
"a0SWE000003CgiM2AS","005al00000RVvFOAA1","false","FC-002648","","","","","","","","cm_Driver_License_Number__c","","","","false","","","false","false","false","false","false","false","false","false","false","","","2.0","","","false","","42891203174350436","Contact",""
"a0SWE000003CgiR2AS","005al00000RVvFOAA1","false","FC-002653","","","","","","","","cm_Driver_License_Issuing_State__c","","","","false","","","false","false","false","false","false","false","false","false","false","","","2.0","","","false","","42895656642475848","Contact",""
"a0SWE000003Cgj42AC","005al00000RVvFOAA1","false","FC-002692","","Routing Number","","","","","","cs_Routing_Number_ACH_Int__c","","","","false","","","false","false","false","false","false","false","false","false","false","","","","","","false","","42902512248571379","LLC_BI__Deposit__c",""
"a0SWD000001lztU2AQ","005al00000RVvFOAA1","false","FC-002187","","","","","","","","cm_State_ID_Expiration_Date__c","","","","false","","","false","false","false","false","false","false","false","false","false","","a0mWD000003RDmnYAG","2.0","","","false","","42903915075875059","Contact",""
"a0SWE000003Cgil2AC","005al00000RVvFOAA1","false","FC-002673","","","","","","","","cm_Driver_License_Issuing_State__c","","","","false","","","false","false","false","false","false","false","false","false","false","","","2.0","","","false","","42908933482000774","Contact",""
"a0SWD000001lztV2AQ","005al00000RVvFOAA1","false","FC-002188","","","","","","","","cm_Is_Existing_Customer__c","","","","false","","","false","false","false","false","false","true","false","false","false","","a0mWD000003RDkLYAW","","","","false","","42910836270739688","Contact",""
"a0SWD000001lztW2AQ","005al00000RVvFOAA1","false","FC-002189","","Industry","","","","","","cm_Industry_Code__c","","","","false","","","false","false","false","false","false","false","false","false","false","","a0mWD000003RDl6YAG","","","","false","","42922993310384083","Account",""
"a0SWD000001lzyQ2AQ","005al00000RVcKvAAL","false","FC-002493","","","","","","","","LLC_BI__Approval_Status__c","","","","false","","","false","false","false","false","false","false","false","true","false","","","","a0qWD00000GSggKYAT","","false","","42937821374556311","LLC_BI__Credit_Memo_Modifcation__c",""
"a0SWE000003Cgit2AC","005al00000RVvFOAA1","false","FC-002681","","","","","","","","Email","","","","false","","","false","false","false","false","false","false","false","false","false","","","2.0","","","false","","42941682173730543","Contact",""
"a0SWD000001lztX2AQ","005al00000RVvFOAA1","false","FC-002190","","Mailing City","","","","","","Mailing_City_nCino__c","","","","false","","","false","false","false","false","false","false","false","false","false","","a0mWD000003RDl6YAG","","","","false","","42943242998380394","Contact",""
"a0SWD000001lztY2AQ","005al00000RVvFOAA1","false","FC-002191","","","","","","","","cm_Driver_License_Issuing_State__c","","","","false","","","false","false","false","false","false","false","false","false","false","","a0mWD000003RDkLYAW","2.0","","","false","","42947732255424194","Contact",""
"a0SWE000003CgiH2AS","005al00000RVvFOAA1","false","FC-002643","","","","","","","","cm_Passport_Issuing_Country__c","","","","false","","","false","false","false","false","false","false","false","false","false","","","2.0","","","false","","42948074330755074","Contact",""
"a0SWD000001lztZ2AQ","005al00000RVvFOAA1","false","FC-002192","","","","","","","","cm_Passport_Issuing_Country__c","","","","false","","","false","false","false","false","false","false","false","false","false","","a0mWD000003RDkLYAW","2.0","","","false","","42955708147574057","Contact",""
"a0SWE000003Cghu2AC","005al00000RVvFOAA1","false","FC-002620","","State","","","","","","LLC_BI__Home_State__c","","","","false","","","false","false","false","false","false","false","false","false","false","","","2.0","","","false","","42963508015219388","Contact",""
"a0SWE000003Cgho2AC","005al00000RVvFOAA1","false","FC-002614","","State","","","","","","Mailing_State_nCino__c","","","","false","","","false","false","false","false","false","false","false","false","false","","","2.0","","","false","","42966195839692690","Contact",""
"a0SWE000003Cgiz2AC","005al00000RVvFOAA1","false","FC-002687","","","","","","","","LLC_BI__Identity_Verification_Status__c","","","","false","","","false","false","false","false","false","true","false","false","false","","","","","","false","","42969153747943585","Contact",""
"a0SWE000003Cgj02AC","005al00000RVvFOAA1","false","FC-002688","","","","","","","","LLC_BI__Identity_Verification_Status__c","","","","false","","","false","false","false","false","false","true","false","false","false","","","","","","false","","42983282892472785","Contact",""
"a0SWD000001lziy2AA","005al00000RVcKvAAL","false","FC-001535","","","","","New","","","LLC_BI__Approval_Status__c","","","","false","","","false","false","false","false","false","false","false","true","false","","","","a0qWD00000GSgNYYA1","","false","","42983664713190908","LLC_BI__Credit_Memo_Modifcation__c",""
"a0SWE000003CgiA2AS","005al00000RVvFOAA1","false","FC-002636","","Primary ID Number","","","","","","LLC_BI__Drivers_License__c","","","","false","","","false","false","false","false","false","false","false","false","false","","","2.0","","","false","","42994504337174287","Contact",""
"a0SWE000003Cghh2AC","005al00000RVvFOAA1","false","FC-002607","","Social Security Number (SSN)","","","","","XXXXXXXXX. Click here to view data -->","LLC_BI__SS__c","","","","false","","","false","false","false","false","false","false","false","false","false","","","1.0","","As a federally regulated bank, we are required to know our customers. We use your SSN to pull your credit bureau data, which allows us to process your application.","true","Why do we need this?","42998338116422114","Contact",""
"a0SWD000001lztb2AA","005al00000RVvFOAA1","false","FC-002194","","","","","{{individual}}","","","LLC_BI__Connected_To__c","","","","false","","","false","false","false","false","false","true","false","false","false","","a0mWD000003RDmNYAW","","","","false","","438749374193074","LLC_BI__Connection__c",""
"a0SWD000001m0SO2AY","005al00000RVcKvAAL","false","FC-002541","","Doing Business As","","","","","","LLC_BI__Doing_Business_As__r.Name","","","","false","","","false","false","false","false","false","false","false","false","false","","","","a0qWD00000GT8eWYAT","","false","","43961640791248635","LLC_BI__Legal_Entities__c",""
"a0SWD000001lztc2AA","005al00000RVvFOAA1","false","FC-002195","","Mobile Phone Number","","","","","","MobilePhone","","","","false","","","false","false","false","false","false","false","false","false","false","","a0mWD000003RDmnYAG","2.0","","","false","","44201598553324131","Contact",""
"a0SWD000001lzte2AA","005al00000RVvFOAA1","false","FC-002197","","Is your mailing address the same as your physical address?","","","Yes","","","cm_Mailing_Same_as_Physical__c","","","","false","","","false","false","false","false","false","false","false","false","false","","a0mWD000003RDmwYAG","","","","false","","45311666029076773","Contact",""
"a0SWD000001lztg2AA","005al00000RVvFOAA1","false","FC-002199","","Legal Business Name","","","","","","Name","","","","false","","","false","false","false","false","false","false","false","false","false","","a0mWD000003RDkJYAW","","","","false","","48511666029076787","Account",""
"a0SWD000001lzth2AA","005al00000RVcKvAAL","false","FC-002200","","","","","","","","LLC_BI__Lookupkey__c","","","","false","","","false","false","false","false","false","true","false","false","false","","","","a0qWD00000GSgUPYA1","","false","","49441701790671659","LLC_BI__Product_Reference__r",""
"a0SWD000001lzti2AA","005al00000RVvFOAA1","false","FC-002201","","","","","","","","cm_Driver_License_Issuing_State__c","","","","false","","","false","false","false","false","false","false","false","false","false","","a0mWD000003RDmwYAG","2.0","","","false","","50051666029076773","Contact",""
"a0SWD000001lztj2AA","005al00000RVvFOAA1","false","FC-002202","","","","","true","","","cm_Is_Existing_Customer__c","","","","false","","","false","false","false","false","false","true","false","false","false","","a0mWD000003RDkJYAW","","","","false","","51731666029076771","Account",""
"a0SWD000001lztl2AA","005al00000RVvFOAA1","false","FC-002204","","Social Security Number (SSN)","","","","","XXXXXXXXX","LLC_BI__SS__c","","","","false","","","false","false","false","false","false","false","false","false","false","","a0mWD000003RDmwYAG","1.0","","As a federally regulated bank, we are required to know our customers. We use your SSN to pull your credit bureau data, which allows us to process your application.","true","Why do we need this?","54831666029076774","Contact",""
"a0SWD000001lztm2AA","005al00000RVvFOAA1","false","FC-002205","","","","","","","","cm_Driver_License_Number__c","","","","false","","","false","false","false","false","false","false","false","false","false","","a0mWD000003RDmwYAG","2.0","","","false","","54861666029076789","Contact",""
"a0SWD000001lztn2AA","005al00000RVvFOAA1","false","FC-002206","","Is your mailing address the same as your physical address?","","","","","","cm_Mailing_Same_as_Physical__c","","","","false","","","false","false","false","false","false","false","false","false","false","","a0mWD000003RDmnYAG","","","","false","","55761598553324133","Contact",""
"a0SWD000001lzyS2AQ","005al00000RVcKvAAL","false","FC-002495","","","","","","","","Name","","","","false","","","false","false","false","false","false","false","false","true","false","","","","a0qWD00000GSggKYAT","","false","","575766443567986","LLC_BI__Credit_Memo_Modifcation__c",""
"a0SWD000001m0SX2AY","005al00000RVcKvAAL","false","FC-002550","","","","","","","","LLC_BI__Total_Direct_Exposure__c","","","","false","","","false","false","false","false","false","false","false","true","false","","","","a0qWD00000GT8diYAD","","false","","59711640791248637","Account",""
"a0SWD000001lztr2AA","005al00000RVvFOAA1","false","FC-002210","","","","","","","","LLC_BI__Primary_ID_Issue_Date__c","","","","false","","","false","false","false","false","false","false","false","false","false","","a0mWD000003RDmnYAG","2.0","","","false","","61611598553324134","Contact",""
"a0SWD000001lzts2AA","005al00000RVvFOAA1","false","FC-002211","","City","","","","","","LLC_BI__Home_City__c","","","","false","","","false","false","false","false","false","false","false","false","false","","a0mWD000003RDkLYAW","","","","false","","61711598381727931","Contact",""
"a0SWD000001lztt2AA","005al00000RVvFOAA1","false","FC-002212","","","","","{{individual}}","","","LLC_BI__Account__c","","","","false","","","false","false","false","false","false","false","false","false","false","","a0mWD000003RDmbYAG","","","","false","","61841666029076795","LLC_BI__Debt__c",""
"a0SWD000001lztu2AA","005al00000RVvFOAA1","false","FC-002213","","Social Security Number (SSN)","","","","","XXXXXXXXX","LLC_BI__SS__c","","","","false","","","false","false","false","false","false","false","false","false","false","","a0mWD000003RDmnYAG","1.0","","As a federally regulated bank, we are required to know our customers. We use your SSN to pull your credit bureau data, which allows us to process your application.","true","Why do we need this?","62171598553324132","Contact",""
"a0SWD000001lztv2AA","005al00000RVvFOAA1","false","FC-002214","","Tax Identification Number (TIN)","","","","","XX-XXXXXXX","LLC_BI__Tax_Identification_Number__c","","","","false","","","false","false","false","false","false","false","false","false","false","","a0mWD000003RDkJYAW","1.0","","As a federally regulated bank, we are required to know our customers. We use your TIN to pull your credit bureau data, which allows us to process your application.","true","Why do we need this?","62281666029076782","Account",""
"a0SWD000001lztz2AA","005al00000RVvFOAA1","false","FC-002218","","Primary ID Number","","","","","","LLC_BI__Drivers_License__c","","","","false","","","false","false","false","false","false","false","false","false","false","","a0mWD000003RDmnYAG","2.0","","","false","","63091598553324133","Contact",""
"a0SWD000001lzu02AA","005al00000RVvFOAA1","false","FC-002219","","","","","","","","cm_State_ID_Number__c","","","","false","","","false","false","false","false","false","false","false","false","false","","a0mWD000003RDmwYAG","2.0","","","false","","64911666029076795","Contact",""
"a0SWD000001lzu22AA","005al00000RVvFOAA1","false","FC-002221","","Number of employees","","","","","","NumberOfEmployees","","","","false","","","false","false","false","false","false","false","false","false","false","","a0mWD000003RDkJYAW","","","","false","","65161666029076771","Account",""
"a0SWD000001lzu32AA","005al00000RVvFOAA1","false","FC-002222","","","","","","","","cm_Is_existing_customer__c","","","","false","","","false","false","false","false","false","true","false","false","false","","a0mWD000003RDmwYAG","","","","false","","65341666029076793","Contact",""
"a0SWD000001lzu42AA","005al00000RVvFOAA1","false","FC-002223","","Mailing Address","","","","","","OtherStreet","","","","false","","","false","false","false","false","false","false","false","false","false","","a0mWD000003RDmwYAG","","","","false","","66301666029076778","Contact",""
"a0SWD000001lzu62AA","005al00000RVvFOAA1","false","FC-002225","","","","","","","","cm_Passport_Expiration_Date__c","","","","false","","","false","false","false","false","false","false","false","false","false","","a0mWD000003RDmwYAG","2.0","","","false","","67661666029076779","Contact",""
"a0SWD000001lzu72AA","005al00000RVvFOAA1","false","FC-002226","","Citizenship","","","","","","LLC_BI__Country_of_Citizenship__c","","","","false","","","false","false","false","false","false","false","false","false","false","","a0mWD000003RDkLYAW","2.0","","","false","","67871598381727932","Contact",""
"a0SWD000001lzu92AA","005al00000RVvFOAA1","false","FC-002228","","State","","","","","","ShippingState","","","","false","","","false","false","false","false","false","false","false","false","false","","a0mWD000003RDkJYAW","2.0","","","false","","68691666029076787","Account",""
"a0SWD000001lzuB2AQ","005al00000RVvFOAA1","false","FC-002230","","","","","","","","MailingStreet","","","","false","","","false","false","false","false","false","false","false","false","false","","a0mWD000003RDmwYAG","","","","false","","69411666029076794","Contact",""
"a0SWD000001lzuC2AQ","005al00000RVvFOAA1","false","FC-002231","","Legal Entity Type","","","","","","Type","","","","false","","","false","false","false","false","false","false","false","false","false","","a0mWD000003RDkJYAW","","","","false","","69611666029076784","Account",""
"a0SWD000001lzuD2AQ","005al00000RVvFOAA1","false","FC-002232","","","","","{{artifact}}","","","LLC_BI__Loan__c","","","","false","","","false","false","false","false","false","true","false","false","false","","a0mWD000003RDmbYAG","","","","false","","71241666029076782","LLC_BI__Debt__c",""
"a0SWD000001lzuF2AQ","005al00000RVvFOAA1","false","FC-002234","","","","","","","","LLC_BI__Employer_Name__c","","","","false","","","false","false","false","false","false","true","false","false","false","","a0mWD000003RDmnYAG","2.0","","","false","","73061598553324135","Contact",""
"a0SWD000001lzuI2AQ","005al00000RVvFOAA1","false","FC-002237","","","","","{{business}}","","","LLC_BI__Connected_From__c","","","","false","","","false","false","false","false","false","true","false","false","false","","a0mWD000003RDmNYAW","","","","false","","7438749374109374091","LLC_BI__Connection__c",""
"a0SWD000001lzuJ2AQ","005al00000RVvFOAA1","false","FC-002238","","","","","","","","LastName","","","","false","","","false","false","false","false","false","false","false","false","false","","a0mWD000003RDmnYAG","2.0","","","false","","74511598553324132","Contact",""
"a0SWD000001lzuL2AQ","005al00000RVvFOAA1","false","FC-002240","","State","","","","","","LLC_BI__Home_State__c","","","","false","","","false","false","false","false","false","false","false","false","false","","a0mWD000003RDkLYAW","2.0","","","false","","74871598381727933","Contact",""
"a0SWD000001lzuM2AQ","005al00000RVvFOAA1","false","FC-002241","","City","","","","","","Mailing_City_nCino__c","","","","false","","","false","false","false","false","false","false","false","false","false","","a0mWD000003RDmnYAG","","","","false","","75341598553324132","Contact",""
"a0SWD000001lzuN2AQ","005al00000RVvFOAA1","false","FC-002242","","","","","","","","LLC_BI__Primary_ID_Expiration_Date__c","","","","false","","","false","false","false","false","false","false","false","false","false","","a0mWD000003RDkLYAW","2.0","","","false","","75471598381727928","Contact",""
"a0SWD000001lzuO2AQ","005al00000RVvFOAA1","false","FC-002243","","","","","","","","LLC_BI__Primary_ID_Issuing_State__c","","","","false","","","false","false","false","false","false","false","false","false","false","","a0mWD000003RDkLYAW","2.0","","","false","","75551598381727929","Contact",""
"a0SWD000001lzuQ2AQ","005al00000RVcKvAAL","false","FC-002245","","","","","","","","LLC_BI__Lookupkey__c","","","","false","","","false","false","false","false","false","true","false","false","false","","","","a0qWD00000GSgVEYA1","","false","","78781701790671657","LLC_BI__Product_Reference__r",""
"a0SWD000001lzuR2AQ","005al00000RVvFOAA1","false","FC-002246","","State","","","","","","Mailing_State_nCino__c","","","","false","","","false","false","false","false","false","false","false","false","false","","a0mWD000003RDmnYAG","2.0","","","false","","79571598553324131","Contact",""
"a0SWD000001lzqU2AQ","005al00000RVcKvAAL","false","FC-002001","","","","","","","","LLC_BI__Account__c","","","","false","","","false","false","false","false","false","false","false","true","false","","","","a0qWD00000GSgTmYAL","","false","","80061663700626156","LLC_BI__Loan__c",""
"a0SWD000001lzuU2AQ","005al00000RVvFOAA1","false","FC-002249","","Billing Address","","","","","","BillingStreet","","","","false","","","false","false","false","false","false","false","false","false","false","","a0mWD000003RDkJYAW","","","","false","","80831666029076791","Account",""
"a0SWD000001lzuW2AQ","005al00000RVvFOAA1","false","FC-002251","","","","","Rent- Reported via Online App","","","LLC_BI__Debt_Type__c","","","","false","","","false","false","false","false","false","true","false","false","false","","a0mWD000003RDmbYAG","","","","false","","81931666029076783","LLC_BI__Debt__c",""
"a0SWD000001lzuX2AQ","005al00000RVvFOAA1","false","FC-002252","","","","","","","","LLC_BI__Primary_ID_Issuing_State__c","","","","false","","","false","false","false","false","false","false","false","false","false","","a0mWD000003RDmnYAG","2.0","","","false","","82341598553324135","Contact",""
"a0SWD000001lzuY2AQ","005al00000RVvFOAA1","false","FC-002253","","","","","","","","LLC_BI__Identity_Verification_Status__c","","","","false","","","false","false","false","false","false","true","false","false","false","","a0mWD000003RDmwYAG","","","","false","","83201666029076777","Contact",""
"a0SWD000001lzua2AA","005al00000RVvFOAA1","false","FC-002255","","","","","","","","cm_Passport_Issuing_Country__c","","","","false","","","false","false","false","false","false","false","false","false","false","","a0mWD000003RDmwYAG","2.0","","","false","","84031666029076785","Contact",""
"a0SWD000001lzub2AA","005al00000RVvFOAA1","false","FC-002256","","State","","","","","","OtherState","","","","false","","","false","false","false","false","false","false","false","false","false","","a0mWD000003RDmwYAG","2.0","","","false","","84251666029076777","Contact",""
"a0SWD000001lzuc2AA","005al00000RVvFOAA1","false","FC-002257","","ZIP","","","","","","Mailing_Zip_code_nCino__c","","","","false","","","false","false","false","false","false","false","false","false","false","","a0mWD000003RDmnYAG","2.0","","","false","","84371598553324136","Contact",""
"a0SWD000001lzug2AA","005al00000RVvFOAA1","false","FC-002261","","Mobile Phone Number","","","","","","MobilePhone","","","","false","","","false","false","false","false","false","false","false","false","false","","a0mWD000003RDmwYAG","","","","false","","86561666029076770","Contact",""
"a0SWD000001lzuj2AA","005al00000RVvFOAA1","false","FC-002264","","","","","","","","LLC_BI__Home_Address__c","","","","false","","","false","false","false","false","false","false","false","false","false","","a0mWD000003RDkLYAW","","","","false","","87531598381727930","Contact",""
"a0SWD000001lzuk2AA","005al00000RVvFOAA1","false","FC-002265","","Are there additional business entities you need to add to the borrowing structure?","","","","","","cm_Additional_Business_Entities_Involved__c","","","","false","","","false","false","false","false","false","false","false","false","false","","a0mWD000003RDkJYAW","","","","false","","87571666029076788","Account",""
"a0SWD000001lzuo2AA","005al00000RVvFOAA1","false","FC-002269","","","","","Customer Reported","","","LLC_BI__Income_Source__c","","","","false","","","false","false","false","false","false","true","false","false","false","","a0mWD000003RDk1YAG","","","","false","","88741666029076783","LLC_BI__Income__c",""
"a0SWD000001lzus2AA","005al00000RVvFOAA1","false","FC-002273","","City","","","","","","MailingCity","","","","false","","","false","false","false","false","false","false","false","false","false","","a0mWD000003RDmwYAG","","","","false","","91691666029076779","Contact",""
"a0SWD000001lzut2AA","005al00000RVvFOAA1","false","FC-002274","","Is Mailing Address Same as Physical Address?","","","","","","Business_Mailing_Address_Same_as_Physica__c","","","","false","","","false","false","false","false","false","false","false","false","false","","a0mWD000003RDkJYAW","","","","false","","91881666029076792","Account",""
"a0SWD000001lzuu2AA","005al00000RVvFOAA1","false","FC-002275","","ZIP","","","","","","OtherPostalCode","","","","false","","","false","false","false","false","false","false","false","false","false","","a0mWD000003RDmwYAG","2.0","","","false","","92141666029076796","Contact",""
"a0SWD000001m0Sw2AI","005al00000RVcKvAAL","false","FC-002575","","","","","","","","LLC_BI__Account__c","","","","false","","","false","false","false","false","false","false","false","true","false","","","","a0qWD00000GT8diYAD","","false","","92701640791248637","LLC_BI__Loan__c",""
"a0SWD000001lzuw2AA","005al00000RVvFOAA1","false","FC-002277","","Do you rent or own the current address?","","","","","","cm_Rent_or_Own_Current_Address__c","","","","false","","","false","false","false","false","false","false","false","false","false","","a0mWD000003RDmwYAG","","","","false","","92771666029076776","Contact",""
"a0SWD000001lzuz2AA","005al00000RVvFOAA1","false","FC-002280","","Mailing Address","","","","","","Mailing_Address_nCino__c","","","","false","","","false","false","false","false","false","false","false","false","false","","a0mWD000003RDkLYAW","","","","false","","97141598381727927","Contact",""
"a0SWD000001lzv02AA","005al00000RVvFOAA1","false","FC-002281","","Primary ID Number","","","","","","LLC_BI__Drivers_License__c","","","","false","","","false","false","false","false","false","false","false","false","false","","a0mWD000003RDkLYAW","2.0","","","false","","97601598381727934","Contact",""
"a0SWD000001lzv12AA","005al00000RVvFOAA1","false","FC-002282","","City","","","","","","BillingCity","","","","false","","","false","false","false","false","false","false","false","false","false","","a0mWD000003RDkJYAW","","","","false","","98461666029076791","Account",""
"a0SWD000001lzv22AA","005al00000RVvFOAA1","false","FC-002283","","Social Security Number (SSN)","","","","","XXXXXXXXX","LLC_BI__SS__c","","","","false","","","false","false","false","false","false","false","false","false","false","","a0mWD000003RDncYAG","1.0","","As a federally regulated bank, we are required to know our customers. We use your SSN to pull your credit bureau data, which allows us to process your application.","true","Why do we need this?","a3T4S000000CbmFUAS","Contact",""
"a0SWD000001lzv32AA","005al00000RVvFOAA1","false","FC-002284","","Mobile Phone Number","","","","","","MobilePhone","","","","false","","","false","false","false","false","false","false","false","false","false","","a0mWD000003RDncYAG","","","","false","","a3T4S000000CbmGUAS","Contact",""
"a0SWD000001lzv42AA","005al00000RVvFOAA1","false","FC-002285","","","","","","","","LLC_BI__Home_Address__c","","","","false","","","false","false","false","false","false","false","false","false","false","","a0mWD000003RDncYAG","","","","false","","a3T4S000000CbmHUAS","Contact",""
"a0SWD000001lzv52AA","005al00000RVvFOAA1","false","FC-002286","","City","","","","","","LLC_BI__Home_City__c","","","","false","","","false","false","false","false","false","false","false","false","false","","a0mWD000003RDncYAG","","","","false","","a3T4S000000CbmIUAS","Contact",""
"a0SWD000001lzv62AA","005al00000RVvFOAA1","false","FC-002287","","State","","","","","","LLC_BI__Home_State__c","","","","false","","","false","false","false","false","false","false","false","false","false","","a0mWD000003RDncYAG","2.0","","","false","","a3T4S000000CbmJUAS","Contact",""
"a0SWD000001lzv72AA","005al00000RVvFOAA1","false","FC-002288","","ZIP","","","","","","LLC_BI__Home_Zipcode__c","","","","false","","","false","false","false","false","false","false","false","false","false","","a0mWD000003RDncYAG","2.0","","","false","","a3T4S000000CbmKUAS","Contact",""
"a0SWD000001lzv82AA","005al00000RVvFOAA1","false","FC-002289","","Mailing Address","","","","","","Mailing_Address_nCino__c","","","","false","","","false","false","false","false","false","false","false","false","false","","a0mWD000003RDncYAG","","","","false","","a3T4S000000CbmLUAS","Contact",""
"a0SWD000001lzv92AA","005al00000RVvFOAA1","false","FC-002290","","City","","","","","","Mailing_City_nCino__c","","","","false","","","false","false","false","false","false","false","false","false","false","","a0mWD000003RDncYAG","","","","false","","a3T4S000000CbmMUAS","Contact",""
"a0SWD000001lzvA2AQ","005al00000RVvFOAA1","false","FC-002291","","State","","","","","","Mailing_State_nCino__c","","","","false","","","false","false","false","false","false","false","false","false","false","","a0mWD000003RDncYAG","2.0","","","false","","a3T4S000000CbmNUAS","Contact",""
"a0SWD000001lzvB2AQ","005al00000RVvFOAA1","false","FC-002292","","ZIP","","","","","","Mailing_Zip_code_nCino__c","","","","false","","","false","false","false","false","false","false","false","false","false","","a0mWD000003RDncYAG","2.0","","","false","","a3T4S000000CbmOUAS","Contact",""
"a0SWD000001lzvC2AQ","005al00000RVcKvAAL","false","FC-002293","","","","","","","","LLC_BI__Home_Address__c","","","","false","","","false","false","false","false","false","false","false","false","false","","","","a0qWD00000GSgiGYAT","","false","","a3T5f000000kOAdEAM","Contact",""
"a0SWD000001lzvD2AQ","005al00000RVcKvAAL","false","FC-002294","","","","","","","","nFORCE__Field_Name__c","","","","false","","","false","false","false","false","false","true","false","false","false","","","","a0qWD00000GSggLYAT","","false","","a3Tbn000000KmVEEA0","nFORCE__Field_Configuration__c",""
"a0SWD000001lzvE2AQ","005al00000RVcKvAAL","false","FC-002295","","","","","","","","nFORCE__Field_Name__c","","","","false","","","false","false","false","false","false","true","false","false","false","","","","a0qWD00000GSggLYAT","","false","","a3Tbn000000KmVFEA0","nFORCE__Field_Configuration__c",""
"a0SWD000001lzvF2AQ","005al00000RVcKvAAL","false","FC-002296","","","","","","","","nFORCE__Field_Name__c","","","","false","","","false","false","false","false","false","true","false","false","false","","","","a0qWD00000GSggLYAT","","false","","a3Tbn000000KmVGEA0","nFORCE__Field_Configuration__c",""
"a0SWD000001lzvG2AQ","005al00000RVcKvAAL","false","FC-002297","","","","","","","","LLC_BI__Tiers__c","","","","false","","","false","false","false","false","false","false","false","false","false","","","","a0qWD00000GSggMYAT","","false","","a3Tbn000000KmVHEA0","LLC_BI__Bill_Point__c",""
"a0SWD000001lzvH2AQ","005al00000RVcKvAAL","false","FC-002298","","","","","","","","LLC_BI__Price__c","","","","false","","","false","false","false","false","false","false","false","false","false","","","","a0qWD00000GSggMYAT","","false","","a3Tbn000000KmVIEA0","LLC_BI__Bill_Point__c",""
"a0SWD000001lzvI2AQ","005al00000RVvFOAA1","false","FC-002299","","Legal Business Name","","","","","","Name","","","","false","","","false","false","false","false","false","false","false","false","false","","a0mWD000003RDXlYAO","","","","false","","a3Tbn000000KmVKEA0","Account",""
"a0SWD000001lzvJ2AQ","005al00000RVvFOAA1","false","FC-002300","","Tax Identification Number (TIN)","","","","","XX-XXXXXXX","LLC_BI__Tax_Identification_Number__c","","","","false","","","false","false","false","false","false","false","false","false","false","","a0mWD000003RDXlYAO","1.0","","As a federally regulated bank, we are required to know our customers. We use your TIN to pull your credit bureau data, which allows us to process your application.","true","Why do we need this?","a3Tbn000000KmVLEA0","Account",""
"a0SWD000001lzvK2AQ","005al00000RVvFOAA1","false","FC-002301","","What industry does your business belong to?","","","","","","Industry","","","","false","","","false","false","false","false","false","false","false","false","false","","a0mWD000003RDXlYAO","","","","false","","a3Tbn000000KmVMEA0","Account",""
"a0SWD000001lzvL2AQ","005al00000RVvFOAA1","false","FC-002302","","Number of employees","","","","","","NumberOfEmployees","","","","false","","","false","false","false","false","false","false","false","false","false","","a0mWD000003RDXlYAO","","","","false","","a3Tbn000000KmVNEA0","Account",""
"a0SWD000001lzvM2AQ","005al00000RVvFOAA1","false","FC-002303","","Legal Entity Type","","","","","","Type","","","","false","","","false","false","false","false","false","false","false","false","false","","a0mWD000003RDXlYAO","","","","false","","a3Tbn000000KmVOEA0","Account",""
"a0SWD000001lzvN2AQ","005al00000RVvFOAA1","false","FC-002304","","Shipping Address","","","","","","ShippingStreet","","","","false","","","false","false","false","false","false","false","false","false","false","","a0mWD000003RDXlYAO","","","","false","","a3Tbn000000KmVPEA0","Account",""
"a0SWD000001lzvO2AQ","005al00000RVvFOAA1","false","FC-002305","","City","","","","","","ShippingCity","","","","false","","","false","false","false","false","false","false","false","false","false","","a0mWD000003RDXlYAO","","","","false","","a3Tbn000000KmVQEA0","Account",""
"a0SWD000001lzvP2AQ","005al00000RVvFOAA1","false","FC-002306","","State","","","","","","ShippingState","","","","false","","","false","false","false","false","false","false","false","false","false","","a0mWD000003RDXlYAO","2.0","","","false","","a3Tbn000000KmVREA0","Account",""
"a0SWD000001lzvQ2AQ","005al00000RVvFOAA1","false","FC-002307","","ZIP","","","","","","ShippingPostalCode","","","","false","","","false","false","false","false","false","false","false","false","false","","a0mWD000003RDXlYAO","2.0","","","false","","a3Tbn000000KmVSEA0","Account",""
"a0SWD000001lzvR2AQ","005al00000RVvFOAA1","false","FC-002308","","Billing Address","","","","","","BillingStreet","","","","false","","","false","false","false","false","false","false","false","false","false","","a0mWD000003RDXlYAO","","","","false","","a3Tbn000000KmVTEA0","Account",""
"a0SWD000001lzvS2AQ","005al00000RVvFOAA1","false","FC-002309","","City","","","","","","BillingCity","","","","false","","","false","false","false","false","false","false","false","false","false","","a0mWD000003RDXlYAO","","","","false","","a3Tbn000000KmVUEA0","Account",""
"a0SWD000001lzvT2AQ","005al00000RVvFOAA1","false","FC-002310","","State","","","","","","BillingState","","","","false","","","false","false","false","false","false","false","false","false","false","","a0mWD000003RDXlYAO","2.0","","","false","","a3Tbn000000KmVVEA0","Account",""
"a0SWD000001lzvU2AQ","005al00000RVvFOAA1","false","FC-002311","","ZIP","","","","","","BillingPostalCode","","","","false","","","false","false","false","false","false","false","false","false","false","","a0mWD000003RDXlYAO","2.0","","","false","","a3Tbn000000KmVWEA0","Account",""
"a0SWD000001lzvV2AQ","005al00000RVvFOAA1","false","FC-002312","","Social Security Number (SSN)","","","","","XXX-XX-XXXX","LLC_BI__SS__c","","","","false","","","false","false","false","false","false","false","false","false","false","","a0mWD000003RDTdYAO","1.0","","As a federally regulated bank, we are required to know our customers. We use your SSN to pull your credit bureau data, which allows us to process your application.","true","Why do we need this?","a3Tbn000000KmVXEA0","Contact",""
"a0SWD000001lzvW2AQ","005al00000RVvFOAA1","false","FC-002313","","Mobile Phone Number","","","","","","MobilePhone","","","","false","","","false","false","false","false","false","false","false","false","false","","a0mWD000003RDTdYAO","","","","false","","a3Tbn000000KmVYEA0","Contact",""
"a0SWD000001lzvX2AQ","005al00000RVvFOAA1","false","FC-002314","","Residential Address","","","","","","LLC_BI__Home_Address__c","","","","false","","","false","false","false","false","false","false","false","false","false","","a0mWD000003RDTdYAO","","","","false","","a3Tbn000000KmVZEA0","Contact",""
"a0SWD000001lzvY2AQ","005al00000RVvFOAA1","false","FC-002315","","City","","","","","","LLC_BI__Home_City__c","","","","false","","","false","false","false","false","false","false","false","false","false","","a0mWD000003RDTdYAO","","","","false","","a3Tbn000000KmVaEAK","Contact",""
"a0SWD000001lzvZ2AQ","005al00000RVvFOAA1","false","FC-002316","","State","","","","","","LLC_BI__Home_State__c","","","","false","","","false","false","false","false","false","false","false","false","false","","a0mWD000003RDTdYAO","2.0","","","false","","a3Tbn000000KmVbEAK","Contact",""
"a0SWD000001lzva2AA","005al00000RVvFOAA1","false","FC-002317","","ZIP","","","","","","LLC_BI__Home_Zipcode__c","","","","false","","","false","false","false","false","false","false","false","false","false","","a0mWD000003RDTdYAO","2.0","","","false","","a3Tbn000000KmVcEAK","Contact",""
"a0SWD000001lzvb2AA","005al00000RVvFOAA1","false","FC-002318","","Mailing Address","","","","","","MailingAddress","","","","false","","","false","false","false","false","false","false","false","false","false","","a0mWD000003RDTdYAO","","","","false","","a3Tbn000000KmVdEAK","Contact",""
"a0SWD000001lzvc2AA","005al00000RVvFOAA1","false","FC-002319","","City","","","","","","MailingCity","","","","false","","","false","false","false","false","false","false","false","false","false","","a0mWD000003RDTdYAO","","","","false","","a3Tbn000000KmVeEAK","Contact",""
"a0SWD000001lzvd2AA","005al00000RVvFOAA1","false","FC-002320","","State","","","","","","MailingState","","","","false","","","false","false","false","false","false","false","false","false","false","","a0mWD000003RDTdYAO","2.0","","","false","","a3Tbn000000KmVfEAK","Contact",""
"a0SWD000001lzve2AA","005al00000RVvFOAA1","false","FC-002321","","ZIP","","","","","","MailingPostalCode","","","","false","","","false","false","false","false","false","false","false","false","false","","a0mWD000003RDTdYAO","2.0","","","false","","a3Tbn000000KmVgEAK","Contact",""
"a0SWD000001lzvf2AA","005al00000RVvFOAA1","false","FC-002322","","Social Security Number (SSN)","","","","","XXX-XX-XXXX","LLC_BI__SS__c","","","","false","","","false","false","false","false","false","false","false","false","false","","a0mWD000003RDYaYAO","1.0","","As a federally regulated bank, we are required to know our customers. We use your SSN to pull your credit bureau data, which allows us to process your application.","true","Why do we need this?","a3Tbn000000KmVhEAK","Contact",""
"a0SWD000001lzvg2AA","005al00000RVvFOAA1","false","FC-002323","","Mobile Phone Number","","","","","","MobilePhone","","","","false","","","false","false","false","false","false","false","false","false","false","","a0mWD000003RDYaYAO","","","","false","","a3Tbn000000KmViEAK","Contact",""
"a0SWD000001lzvh2AA","005al00000RVvFOAA1","false","FC-002324","","Residential Address","","","","","","LLC_BI__Home_Address__c","","","","false","","","false","false","false","false","false","false","false","false","false","","a0mWD000003RDYaYAO","","","","false","","a3Tbn000000KmVjEAK","Contact",""
"a0SWD000001lzvi2AA","005al00000RVvFOAA1","false","FC-002325","","City","","","","","","LLC_BI__Home_City__c","","","","false","","","false","false","false","false","false","false","false","false","false","","a0mWD000003RDYaYAO","","","","false","","a3Tbn000000KmVkEAK","Contact",""
"a0SWD000001lzvj2AA","005al00000RVvFOAA1","false","FC-002326","","State","","","","","","LLC_BI__Home_State__c","","","","false","","","false","false","false","false","false","false","false","false","false","","a0mWD000003RDYaYAO","2.0","","","false","","a3Tbn000000KmVlEAK","Contact",""
"a0SWD000001lzvk2AA","005al00000RVvFOAA1","false","FC-002327","","ZIP","","","","","","LLC_BI__Home_Zipcode__c","","","","false","","","false","false","false","false","false","false","false","false","false","","a0mWD000003RDYaYAO","2.0","","","false","","a3Tbn000000KmVmEAK","Contact",""
"a0SWD000001lzvl2AA","005al00000RVvFOAA1","false","FC-002328","","Mailing Address","","","","","","MailingAddress","","","","false","","","false","false","false","false","false","false","false","false","false","","a0mWD000003RDYaYAO","","","","false","","a3Tbn000000KmVnEAK","Contact",""
"a0SWD000001lzvm2AA","005al00000RVvFOAA1","false","FC-002329","","City","","","","","","MailingCity","","","","false","","","false","false","false","false","false","false","false","false","false","","a0mWD000003RDYaYAO","","","","false","","a3Tbn000000KmVoEAK","Contact",""
"a0SWD000001lzvn2AA","005al00000RVvFOAA1","false","FC-002330","","State","","","","","","MailingState","","","","false","","","false","false","false","false","false","false","false","false","false","","a0mWD000003RDYaYAO","2.0","","","false","","a3Tbn000000KmVpEAK","Contact",""
"a0SWD000001lzvo2AA","005al00000RVvFOAA1","false","FC-002331","","ZIP","","","","","","MailingPostalCode","","","","false","","","false","false","false","false","false","false","false","false","false","","a0mWD000003RDYaYAO","2.0","","","false","","a3Tbn000000KmVqEAK","Contact",""
"a0SWD000001lzvp2AA","005al00000RVvFOAA1","false","FC-002332","","Legal Business Name","","","","","","Name","","","","false","","","false","false","false","false","false","false","false","false","false","","a0mWD000003RDUCYA4","","","","false","","a3Tbn000000KmVrEAK","Account",""
"a0SWD000001lzvq2AA","005al00000RVvFOAA1","false","FC-002333","","Tax Identification Number (TIN)","","","","","XX-XXXXXXX","LLC_BI__Tax_Identification_Number__c","","","","false","","","false","false","false","false","false","false","false","false","false","","a0mWD000003RDUCYA4","1.0","","As a federally regulated bank, we are required to know our customers. We use your TIN to pull your credit bureau data, which allows us to process your application.","true","Why do we need this?","a3Tbn000000KmVsEAK","Account",""
"a0SWD000001lzvr2AA","005al00000RVvFOAA1","false","FC-002334","","What industry does your business belong to?","","","","","","Industry","","","","false","","","false","false","false","false","false","false","false","false","false","","a0mWD000003RDUCYA4","","","","false","","a3Tbn000000KmVtEAK","Account",""
"a0SWD000001lzvs2AA","005al00000RVvFOAA1","false","FC-002335","","Number of employees","","","","","","NumberOfEmployees","","","","false","","","false","false","false","false","false","false","false","false","false","","a0mWD000003RDUCYA4","","","","false","","a3Tbn000000KmVuEAK","Account",""
"a0SWD000001lzvt2AA","005al00000RVvFOAA1","false","FC-002336","","Legal Entity Type","","","","","","Type","","","","false","","","false","false","false","false","false","false","false","false","false","","a0mWD000003RDUCYA4","","","","false","","a3Tbn000000KmVvEAK","Account",""
"a0SWD000001lzvu2AA","005al00000RVvFOAA1","false","FC-002337","","Shipping Address","","","","","","ShippingStreet","","","","false","","","false","false","false","false","false","false","false","false","false","","a0mWD000003RDUCYA4","","","","false","","a3Tbn000000KmVwEAK","Account",""
"a0SWD000001lzvv2AA","005al00000RVvFOAA1","false","FC-002338","","City","","","","","","ShippingCity","","","","false","","","false","false","false","false","false","false","false","false","false","","a0mWD000003RDUCYA4","","","","false","","a3Tbn000000KmVxEAK","Account",""
"a0SWD000001lzvw2AA","005al00000RVvFOAA1","false","FC-002339","","State","","","","","","ShippingState","","","","false","","","false","false","false","false","false","false","false","false","false","","a0mWD000003RDUCYA4","2.0","","","false","","a3Tbn000000KmVyEAK","Account",""
"a0SWD000001lzvx2AA","005al00000RVvFOAA1","false","FC-002340","","ZIP","","","","","","ShippingPostalCode","","","","false","","","false","false","false","false","false","false","false","false","false","","a0mWD000003RDUCYA4","2.0","","","false","","a3Tbn000000KmVzEAK","Account",""
"a0SWD000001lzvy2AA","005al00000RVvFOAA1","false","FC-002341","","Billing Address","","","","","","BillingStreet","","","","false","","","false","false","false","false","false","false","false","false","false","","a0mWD000003RDUCYA4","","","","false","","a3Tbn000000KmW0EAK","Account",""
"a0SWD000001lzvz2AA","005al00000RVvFOAA1","false","FC-002342","","City","","","","","","BillingCity","","","","false","","","false","false","false","false","false","false","false","false","false","","a0mWD000003RDUCYA4","","","","false","","a3Tbn000000KmW1EAK","Account",""
"a0SWD000001lzw02AA","005al00000RVvFOAA1","false","FC-002343","","State","","","","","","BillingState","","","","false","","","false","false","false","false","false","false","false","false","false","","a0mWD000003RDUCYA4","2.0","","","false","","a3Tbn000000KmW2EAK","Account",""
"a0SWD000001lzw12AA","005al00000RVvFOAA1","false","FC-002344","","ZIP","","","","","","BillingPostalCode","","","","false","","","false","false","false","false","false","false","false","false","false","","a0mWD000003RDUCYA4","2.0","","","false","","a3Tbn000000KmW3EAK","Account",""
"a0SWD000001lzw22AA","005al00000RVvFOAA1","false","FC-002345","","Social Security Number (SSN)","","","","","XXX-XX-XXXX","LLC_BI__SS__c","","","","false","","","false","false","false","false","false","false","false","false","false","","a0mWD000003RDX9YAO","1.0","","As a federally regulated bank, we are required to know our customers. We use your SSN to pull your credit bureau data, which allows us to process your application.","true","Why do we need this?","a3Tbn000000KmW4EAK","Contact",""
"a0SWD000001lzw32AA","005al00000RVvFOAA1","false","FC-002346","","Mobile Phone Number","","","","","","MobilePhone","","","","false","","","false","false","false","false","false","false","false","false","false","","a0mWD000003RDX9YAO","","","","false","","a3Tbn000000KmW5EAK","Contact",""
"a0SWD000001lzw42AA","005al00000RVvFOAA1","false","FC-002347","","Residential Address","","","","","","LLC_BI__Home_Address__c","","","","false","","","false","false","false","false","false","false","false","false","false","","a0mWD000003RDX9YAO","","","","false","","a3Tbn000000KmW6EAK","Contact",""
"a0SWD000001lzw52AA","005al00000RVvFOAA1","false","FC-002348","","City","","","","","","LLC_BI__Home_City__c","","","","false","","","false","false","false","false","false","false","false","false","false","","a0mWD000003RDX9YAO","","","","false","","a3Tbn000000KmW7EAK","Contact",""
"a0SWD000001lzw62AA","005al00000RVvFOAA1","false","FC-002349","","State","","","","","","LLC_BI__Home_State__c","","","","false","","","false","false","false","false","false","false","false","false","false","","a0mWD000003RDX9YAO","2.0","","","false","","a3Tbn000000KmW8EAK","Contact",""
"a0SWD000001lzw72AA","005al00000RVvFOAA1","false","FC-002350","","ZIP","","","","","","LLC_BI__Home_Zipcode__c","","","","false","","","false","false","false","false","false","false","false","false","false","","a0mWD000003RDX9YAO","2.0","","","false","","a3Tbn000000KmW9EAK","Contact",""
"a0SWD000001lzw82AA","005al00000RVvFOAA1","false","FC-002351","","Mailing Address","","","","","","MailingAddress","","","","false","","","false","false","false","false","false","false","false","false","false","","a0mWD000003RDX9YAO","","","","false","","a3Tbn000000KmWAEA0","Contact",""
"a0SWD000001lzw92AA","005al00000RVvFOAA1","false","FC-002352","","City","","","","","","MailingCity","","","","false","","","false","false","false","false","false","false","false","false","false","","a0mWD000003RDX9YAO","","","","false","","a3Tbn000000KmWBEA0","Contact",""
"a0SWD000001lzwA2AQ","005al00000RVvFOAA1","false","FC-002353","","State","","","","","","MailingState","","","","false","","","false","false","false","false","false","false","false","false","false","","a0mWD000003RDX9YAO","2.0","","","false","","a3Tbn000000KmWCEA0","Contact",""
"a0SWD000001lzwB2AQ","005al00000RVvFOAA1","false","FC-002354","","ZIP","","","","","","MailingPostalCode","","","","false","","","false","false","false","false","false","false","false","false","false","","a0mWD000003RDX9YAO","2.0","","","false","","a3Tbn000000KmWDEA0","Contact",""
"a0SWD000001lzwC2AQ","005al00000RVvFOAA1","false","FC-002355","","Social Security Number (SSN)","","","","","XXX-XX-XXXX","LLC_BI__SS__c","","","","false","","","false","false","false","false","false","false","false","false","false","","a0mWD000003RDXDYA4","1.0","","As a federally regulated bank, we are required to know our customers. We use your SSN to pull your credit bureau data, which allows us to process your application.","true","Why do we need this?","a3Tbn000000KmWEEA0","Contact",""
"a0SWD000001lzwD2AQ","005al00000RVvFOAA1","false","FC-002356","","Mobile Phone Number","","","","","","MobilePhone","","","","false","","","false","false","false","false","false","false","false","false","false","","a0mWD000003RDXDYA4","","","","false","","a3Tbn000000KmWFEA0","Contact",""
"a0SWD000001lzwE2AQ","005al00000RVvFOAA1","false","FC-002357","","Residential Address","","","","","","LLC_BI__Home_Address__c","","","","false","","","false","false","false","false","false","false","false","false","false","","a0mWD000003RDXDYA4","","","","false","","a3Tbn000000KmWGEA0","Contact",""
"a0SWD000001lzwF2AQ","005al00000RVvFOAA1","false","FC-002358","","City","","","","","","LLC_BI__Home_City__c","","","","false","","","false","false","false","false","false","false","false","false","false","","a0mWD000003RDXDYA4","","","","false","","a3Tbn000000KmWHEA0","Contact",""
"a0SWD000001lzwG2AQ","005al00000RVvFOAA1","false","FC-002359","","State","","","","","","LLC_BI__Home_State__c","","","","false","","","false","false","false","false","false","false","false","false","false","","a0mWD000003RDXDYA4","2.0","","","false","","a3Tbn000000KmWIEA0","Contact",""
"a0SWD000001lzwH2AQ","005al00000RVvFOAA1","false","FC-002360","","ZIP","","","","","","LLC_BI__Home_Zipcode__c","","","","false","","","false","false","false","false","false","false","false","false","false","","a0mWD000003RDXDYA4","2.0","","","false","","a3Tbn000000KmWJEA0","Contact",""
"a0SWD000001lzwI2AQ","005al00000RVvFOAA1","false","FC-002361","","Mailing Address","","","","","","MailingAddress","","","","false","","","false","false","false","false","false","false","false","false","false","","a0mWD000003RDXDYA4","","","","false","","a3Tbn000000KmWKEA0","Contact",""
"a0SWD000001lzwJ2AQ","005al00000RVvFOAA1","false","FC-002362","","City","","","","","","MailingCity","","","","false","","","false","false","false","false","false","false","false","false","false","","a0mWD000003RDXDYA4","","","","false","","a3Tbn000000KmWLEA0","Contact",""
"a0SWD000001lzwK2AQ","005al00000RVvFOAA1","false","FC-002363","","State","","","","","","MailingState","","","","false","","","false","false","false","false","false","false","false","false","false","","a0mWD000003RDXDYA4","2.0","","","false","","a3Tbn000000KmWMEA0","Contact",""
"a0SWD000001lzwL2AQ","005al00000RVvFOAA1","false","FC-002364","","ZIP","","","","","","MailingPostalCode","","","","false","","","false","false","false","false","false","false","false","false","false","","a0mWD000003RDXDYA4","2.0","","","false","","a3Tbn000000KmWNEA0","Contact",""
