"Id","IsDeleted","Name","LLC_BI__Budget__c","LLC_BI__Amount_Budgeted__c","LLC_BI__Category__c","LLC_BI__Description__c","LLC_BI__Notes__c","LLC_BI__Order__c","LLC_BI__Pending_Amount__c","LLC_BI__Percent_Budgeted__c","LLC_BI__Template_Percent_of_Budget__c","LLC_BI__Total_Disbursed_Amount__c","LLC_BI__lookupKey__c","LLC_BI__Percent_Disbursed__c","LLC_BI__Percent_Remaining_Disbursement__c","LLC_BI__Percent_of_Budget__c","LLC_BI__Remaining_Disbursement__c"
"a238c0000054Ij5AAE","false","CLA-BD-0008235","","","","","","","","","a258c000004VBCVAA4","","","Stairs","","110.0","","","","","0cb3l7aexh2jummpbu","0.0","","0.0","0.0"
"a238c0000054Ij7AAE","false","CLA-BD-0008237","","","","","","","","","a258c000004VBK5AAO","","","Water Pump","","80.0","","","","","0kifxe0sc23zfovsyq","0.0","","","0.0"
"a238c0000054Ij8AAE","false","CLA-BD-0008238","","","","","","","","","a258c000004VBCVAA4","","","Steel","","50.0","","","","","0m3h6jm084u88tpgvr","0.0","","0.0","0.0"
"a238c0000054J8NAAU","false","CLA-BD-0009577","","","","","","","","","a258c000004VBK4AAO","900.0","","Impact Fees","","20.0","","","","","0qwxgpyr1699ph3zky","0.0","100.0","0.06","900.0"
"a238c0000054J8OAAU","false","CLA-BD-0009578","","","","","","","","","a258c000004VBKIAA4","67500.0","","Painting","","210.0","","","","","0su63lv8ep8egz51ff","0.0","100.0","4.5","67500.0"
"a238c0000054IjAAAU","false","CLA-BD-0008240","","","","","","","","","a258c000004VBCVAA4","","","Siding","","130.0","","","","","0x0a1d4jew8g8dqjql","0.0","","0.0","0.0"
"a238c0000054J8PAAU","false","CLA-BD-0009579","","","","","","","","","a258c000004VBK4AAO","8000.0","","Electrical","","160.0","","","","","118wh8tgz0p8h8zy7h","0.0","100.0","0.5333","8000.0"
"a238c0000054J8QAAU","false","CLA-BD-0009580","","","","","","","","","a258c000004VBKIAA4","850.0","","Surveys","","11.0","","","","","12st9rzg9cc3yptx5i","0.0","100.0","0.0567","850.0"
"a238c0000054J8TAAU","false","CLA-BD-0009583","","","","","","","","","a258c000004VBK4AAO","800.0","","Water & Sewer Inspection","","30.0","","","","","1fh74hg0mkihq7o9q2","0.0","100.0","0.0533","800.0"
"a238c0000054J8XAAU","false","CLA-BD-0009587","","","","","","","","","a258c000004VBKIAA4","85000.0","","Tile & Carpet","","230.0","","","","","1u773ylypqs3p21s5c","0.0","100.0","5.6667","85000.0"
"a238c0000054IjDAAU","false","CLA-BD-0008243","","","","","","","","","a258c000004VBCWAA4","1200.0","","Permits / Fees","","10.0","0.0","","","900.0","246l4or91vsp542g7o","75.0","25.0","0.0649","300.0"
"a238c0000054J8YAAU","false","CLA-BD-0009588","","","","","","","","","a258c000004VBK4AAO","12000.0","","Asphalt / Driveway","","270.0","","","","","26s62nn1nlfk50v6bo","0.0","100.0","0.8","12000.0"
"a238c0000054IjGAAU","false","CLA-BD-0008246","","","","","","","","","a258c000004VBCWAA4","","","Electrical","","160.0","","","","","28a4d40tnuolc27o5b","0.0","","0.0","0.0"
"a238c0000054IjIAAU","false","CLA-BD-0008248","","","","","","","","","a258c000004VBCVAA4","","","Tile & Carpet","","230.0","","","","","2b8b2vb1s4zch845b3","0.0","","0.0","0.0"
"a238c0000054IjKAAU","false","CLA-BD-0008250","","","","","","","","","a258c000004VBCWAA4","1800.0","","Insurance","","330.0","","","","","2xhepsbgfdlblvzgui","0.0","100.0","0.0973","1800.0"
"a238c0000054IjMAAU","false","CLA-BD-0008252","","","","","","","","","a258c000004VBCVAA4","900.0","","Impact Fees","","20.0","","","","","36pv41dzuvcbdvhbeg","0.0","100.0","0.036","900.0"
"a238c0000054IjOAAU","false","CLA-BD-0008254","","","","","","","","","a258c000004VBCVAA4","800.0","","Water & Sewer Inspection","","30.0","0.0","","","800.0","3byj4lren2ag1dksm0","100.0","0.0","0.032","0.0"
"a238c0000054J8fAAE","false","CLA-BD-0009595","","","","","","","","","a258c000004VBK1AAO","0.0","","Monument sign base construction Lang to verify if applicable","","31.0","","","","","42003800543953596","0.0","0.0","0.0","0.0"
"a238c0000054J8gAAE","false","CLA-BD-0009596","","","","","","","","","a258c000004VBJxAAO","0.0","","Fire Sprinkler Service","","38.0","","","","","42006179628680453","0.0","0.0","","0.0"
"a238c0000054J8hAAE","false","CLA-BD-0009597","","","","","","","","","a258c000004VBJuAAO","0.0","","Hydraulic Elevators","","24.0","","","","","42007030948151132","0.0","0.0","","0.0"
"a238c0000054J8iAAE","false","CLA-BD-0009598","","","","","","","","","a258c000004VBJwAAO","0.0","","H.V.A.C. System","","74.0","","","","","42008526340204509","0.0","0.0","","0.0"
"a238c0000054J8jAAE","false","CLA-BD-0009599","","","","","","","","","a258c000004VBJyAAO","0.0","","Landscaping","","3.0","","","","","42008886009401468","0.0","0.0","","0.0"
"a238c0000054J8kAAE","false","CLA-BD-0009600","","","","","","","","","a258c000004VBJtAAO","0.0","","Wood Doors","","56.0","","","","","42010236927702882","0.0","0.0","0.0","0.0"
"a238c0000054J8lAAE","false","CLA-BD-0009601","","","","","","","","","a258c000004VBJsAAO","0.0","","Masonry/Building","","52.0","","","","","42011428190945228","0.0","0.0","0.0","0.0"
"a238c0000054J8mAAE","false","CLA-BD-0009602","","","","","","","","","a258c000004VBK2AAO","0.0","","New Curb & Gutter","","11.0","","","","","42012252656625286","0.0","0.0","","0.0"
"a238c0000054J8nAAE","false","CLA-BD-0009603","","","","","","","","","a258c000004VBK1AAO","0.0","","Power Management System","","83.0","","","","","42012271291755343","0.0","0.0","0.0","0.0"
"a238c0000054J8oAAE","false","CLA-BD-0009604","","","","","","","","","a258c000004VBJsAAO","0.0","","Corporate Decor Package Installation","","93.0","","","","","42012805993276533","0.0","0.0","0.0","0.0"
"a238c0000054J8pAAE","false","CLA-BD-0009605","","","","","","","","","a258c000004VBK2AAO","0.0","","Bollard w/ Covers","","37.0","","","","","42013434522099267","0.0","0.0","","0.0"
"a238c0000054J8qAAE","false","CLA-BD-0009606","","","","","","","","","a258c000004VBJsAAO","0.0","","Misc.","","47.0","","","","","42014202664223534","0.0","0.0","0.0","0.0"
"a238c0000054J8rAAE","false","CLA-BD-0009607","","","","","","","","","a258c000004VBJqAAO","0.0","","Insurance","","24.0","","","","","42015579615665214","0.0","0.0","","0.0"
"a238c0000054J8sAAE","false","CLA-BD-0009608","","","","","","","","","a258c000004VBJxAAO","0.0","","Concrete slabs/curbs (do not include in building slab)","","25.0","","","","","42019299027759777","0.0","0.0","","0.0"
"a238c0000054J8tAAE","false","CLA-BD-0009609","","","","","","","","","a258c000004VBJvAAO","0.0","","Site Stripping (ADA)","","17.0","","","","","42020557801493655","0.0","0.0","","0.0"
"a238c0000054J8uAAE","false","CLA-BD-0009610","","","","","","","","","a258c000004VBK1AAO","0.0","","Electrical site work/labor","","29.0","","","","","42022652245580224","0.0","0.0","0.0","0.0"
"a238c0000054J8vAAE","false","CLA-BD-0009611","","","","","","","","","a258c000004VBJrAAO","0.0","","Electrical","","28.0","","","","","42022983826811000","0.0","0.0","","0.0"
"a238c0000054J8wAAE","false","CLA-BD-0009612","","","","","","","","","a258c000004VBK1AAO","0.0","","Plumbing sit work","","32.0","","","","","42023171616854588","0.0","0.0","0.0","0.0"
"a238c0000054J8xAAE","false","CLA-BD-0009613","","","","","","","","","a258c000004VBK2AAO","0.0","","New electric service","","4.0","","","","","42023818634564518","0.0","0.0","","0.0"
"a238c0000054J8yAAE","false","CLA-BD-0009614","","","","","","","","","a258c000004VBK2AAO","0.0","","Storm Drain","","26.0","","","","","42024790846166051","0.0","0.0","","0.0"
"a238c0000054J8zAAE","false","CLA-BD-0009615","","","","","","","","","a258c000004VBJzAAO","0.0","","Roofing","","19.0","","","","","42025827091636179","0.0","0.0","","0.0"
"a238c0000054J90AAE","false","CLA-BD-0009616","","","","","","","","","a258c000004VBK1AAO","0.0","","H.V.A.C. System","","74.0","","","","","42026795436380355","0.0","0.0","0.0","0.0"
"a238c0000054J91AAE","false","CLA-BD-0009617","","","","","","","","","a258c000004VBJuAAO","0.0","","Change Orders","","36.0","","","","","42027044582944251","0.0","0.0","","0.0"
"a238c0000054J92AAE","false","CLA-BD-0009618","","","","","","","","","a258c000004VBJsAAO","0.0","","Drywall & Metal Studs","","66.0","","","","","42027690381246883","0.0","0.0","0.0","0.0"
"a238c0000054J93AAE","false","CLA-BD-0009619","","","","","","","","","a258c000004VBJxAAO","0.0","","New Curb & Gutter","","11.0","","","","","42031167881185246","0.0","0.0","","0.0"
"a238c0000054J94AAE","false","CLA-BD-0009620","","","","","","","","","a258c000004VBJqAAO","0.0","","Flooring","","5.0","","","","","42031244008092582","0.0","0.0","","0.0"
"a238c0000054J95AAE","false","CLA-BD-0009621","","","","","","","","","a258c000004VBK1AAO","0.0","","Glass & Glazing","","65.0","","","","","42033310899781592","0.0","0.0","0.0","0.0"
"a238c0000054J96AAE","false","CLA-BD-0009622","","","","","","","","","a258c000004VBJxAAO","0.0","","Wood Doors","","56.0","","","","","42033887111654060","0.0","0.0","","0.0"
"a238c0000054J97AAE","false","CLA-BD-0009623","","","","","","","","","a258c000004VBK1AAO","0.0","","Erosion & Dust Control","","39.0","","","","","42037830347995003","0.0","0.0","0.0","0.0"
"a238c0000054J98AAE","false","CLA-BD-0009624","","","","","","","","","a258c000004VBJwAAO","0.0","","100 ft secondary service","","84.0","","","","","42039647581210968","0.0","0.0","","0.0"
"a238c0000054J99AAE","false","CLA-BD-0009625","","","","","","","","","a258c000004VBJvAAO","0.0","","Demo","","9.0","","","","","42043006114336266","0.0","0.0","","0.0"
"a238c0000054J9AAAU","false","CLA-BD-0009626","","","","","","","","","a258c000004VBJtAAO","0.0","","Off site fire hydrant","","8.0","","","","","42047763384823975","0.0","0.0","0.0","0.0"
"a238c0000054J9BAAU","false","CLA-BD-0009627","","","","","","","","","a258c000004VBJsAAO","0.0","","Rough Carpentry Labor","","61.0","","","","","42047792845450525","0.0","0.0","0.0","0.0"
"a238c0000054J9CAAU","false","CLA-BD-0009628","","","","","","","","","a258c000004VBJtAAO","0.0","","Termite Treat","","80.0","","","","","42050029878559894","0.0","0.0","0.0","0.0"
"a238c0000054J9DAAU","false","CLA-BD-0009629","","","","","","","","","a258c000004VBJwAAO","0.0","","Concrete paving","","34.0","","","","","42051469737584911","0.0","0.0","","0.0"
"a238c0000054J9EAAU","false","CLA-BD-0009630","","","","","","","","","a258c000004VBJsAAO","0.0","","Power Management System","","83.0","","","","","42051867876017697","0.0","0.0","0.0","0.0"
"a238c0000054J9FAAU","false","CLA-BD-0009631","","","","","","","","","a258c000004VBJsAAO","0.0","","New approaches","","13.0","","","","","42056559749628752","0.0","0.0","0.0","0.0"
"a238c0000054J9GAAU","false","CLA-BD-0009632","","","","","","","","","a258c000004VBK2AAO","0.0","","F.R.P. and marlite","","86.0","","","","","42056615487107387","0.0","0.0","","0.0"
"a238c0000054J9HAAU","false","CLA-BD-0009633","","","","","","","","","a258c000004VBJyAAO","0.0","","Fee","","31.0","","","","","42060164371550255","0.0","0.0","","0.0"
"a238c0000054J9IAAU","false","CLA-BD-0009634","","","","","","","","","a258c000004VBJsAAO","0.0","","Retaining wall","","23.0","","","","","42062508593277154","0.0","0.0","0.0","0.0"
"a238c0000054J9JAAU","false","CLA-BD-0009635","","","","","","","","","a258c000004VBJxAAO","0.0","","Storm Drain","","26.0","","","","","42063503383945182","0.0","0.0","","0.0"
"a238c0000054J9KAAU","false","CLA-BD-0009636","","","","","","","","","a258c000004VBK2AAO","0.0","","Power pole - new or relocate","","5.0","","","","","42064023618862981","0.0","0.0","","0.0"
"a238c0000054J9LAAU","false","CLA-BD-0009637","","","","","","","","","a258c000004VBJtAAO","0.0","","Caulking","","91.0","","","","","42066963267732755","0.0","0.0","0.0","0.0"
"a238c0000054J9MAAU","false","CLA-BD-0009638","","","","","","","","","a258c000004VBJtAAO","0.0","","New sidewalk","","12.0","","","","","42070749256541448","0.0","0.0","0.0","0.0"
"a238c0000054J9NAAU","false","CLA-BD-0009639","","","","","","","","","a258c000004VBJyAAO","0.0","","Glass/Glazing","","15.0","","","","","42071870016872688","0.0","0.0","","0.0"
"a238c0000054J9OAAU","false","CLA-BD-0009640","","","","","","","","","a258c000004VBJtAAO","0.0","","Fire Hydrant","","40.0","","","","","42074115976229400","0.0","0.0","0.0","0.0"
"a238c0000054J9PAAU","false","CLA-BD-0009641","","","","","","","","","a258c000004VBJxAAO","0.0","","Retaining wall","","23.0","","","","","42078481765653346","0.0","0.0","","0.0"
"a238c0000054J9QAAU","false","CLA-BD-0009642","","","","","","","","","a258c000004VBJwAAO","0.0","","New electric service","","4.0","","","","","42079602027855579","0.0","0.0","","0.0"
"a238c0000054J9RAAU","false","CLA-BD-0009643","","","","","","","","","a258c000004VBK2AAO","0.0","","Corporate Decor Package Installation","","93.0","","","","","42079948125664200","0.0","0.0","","0.0"
"a238c0000054J9SAAU","false","CLA-BD-0009644","","","","","","","","","a258c000004VBJsAAO","0.0","","Site Demolition","","22.0","","","","","42082004042846828","0.0","0.0","0.0","0.0"
"a238c0000054J9TAAU","false","CLA-BD-0009645","","","","","","","","","a258c000004VBJsAAO","0.0","","Street light - new or relocate","","6.0","","","","","42083187871115089","0.0","0.0","0.0","0.0"
"a238c0000054J9UAAU","false","CLA-BD-0009646","","","","","","","","","a258c000004VBJxAAO","0.0","","F.R.P. and marlite","","86.0","","","","","42083285943037480","0.0","0.0","","0.0"
"a238c0000054J9VAAU","false","CLA-BD-0009647","","","","","","","","","a258c000004VBJtAAO","0.0","","Survey","","18.0","","","","","42083669500719493","0.0","0.0","0.0","0.0"
"a238c0000054J9WAAU","false","CLA-BD-0009648","","","","","","","","","a258c000004VBJuAAO","0.0","","Termite Control","","2.0","","","","","42087744710881220","0.0","0.0","","0.0"
"a238c0000054J9XAAU","false","CLA-BD-0009649","","","","","","","","","a258c000004VBJxAAO","0.0","","Finish Carpentry Labor","","60.0","","","","","42090711677144580","0.0","0.0","","0.0"
"a238c0000054J9YAAU","false","CLA-BD-0009650","","","","","","","","","a258c000004VBK1AAO","0.0","","Telephone Pole","","7.0","","","","","42091238065097831","0.0","0.0","0.0","0.0"
"a238c0000054J9ZAAU","false","CLA-BD-0009651","","","","","","","","","a258c000004VBK1AAO","0.0","","Termite Treat","","80.0","","","","","42091426912283058","0.0","0.0","0.0","0.0"
"a238c0000054J9aAAE","false","CLA-BD-0009652","","","","","","","","","a258c000004VBJtAAO","0.0","","Metal Fab","","78.0","","","","","42091973157217482","0.0","0.0","0.0","0.0"
"a238c0000054J9bAAE","false","CLA-BD-0009653","","","","","","","","","a258c000004VBJsAAO","0.0","","Finish Lumber & Doors","","54.0","","","","","42092016281648116","0.0","0.0","0.0","0.0"
"a238c0000054J9cAAE","false","CLA-BD-0009654","","","","","","","","","a258c000004VBJqAAO","0.0","","Roof Structure (Trusses, Sheeting, Labor)","","18.0","","","","","42094483155452463","0.0","0.0","","0.0"
"a238c0000054J9dAAE","false","CLA-BD-0009655","","","","","","","","","a258c000004VBJyAAO","0.0","","Cast in Place Concrete","","5.0","","","","","42094782709694942","0.0","0.0","","0.0"
"a238c0000054J9eAAE","false","CLA-BD-0009656","","","","","","","","","a258c000004VBJuAAO","0.0","","Roofing &Sheetmetal Flashing","","12.0","","","","","42095981641623231","0.0","0.0","","0.0"
"a238c0000054J9fAAE","false","CLA-BD-0009657","","","","","","","","","a258c000004VBJtAAO","0.0","","EIFS / Lath & Plaster","","70.0","","","","","42098629311718182","0.0","0.0","0.0","0.0"
"a238c0000054J9gAAE","false","CLA-BD-0009658","","","","","","","","","a258c000004VBK1AAO","0.0","","Preasure Washing","","43.0","","","","","42100594967130562","0.0","0.0","0.0","0.0"
"a238c0000054J9hAAE","false","CLA-BD-0009659","","","","","","","","","a258c000004VBJxAAO","0.0","","Caulking","","91.0","","","","","42100600051446052","0.0","0.0","","0.0"
"a238c0000054J9iAAE","false","CLA-BD-0009660","","","","","","","","","a258c000004VBJtAAO","0.0","","Structural Steel","","53.0","","","","","42101798022132876","0.0","0.0","0.0","0.0"
"a238c0000054J9jAAE","false","CLA-BD-0009661","","","","","","","","","a258c000004VBJuAAO","0.0","","Misc. Specialities","","22.0","","","","","42101996008507641","0.0","0.0","","0.0"
"a238c0000054J9kAAE","false","CLA-BD-0009662","","","","","","","","","a258c000004VBJwAAO","0.0","","Concrete Foundation( Include building slab)","","51.0","","","","","42104100113768622","0.0","0.0","","0.0"
"a238c0000054J9lAAE","false","CLA-BD-0009663","","","","","","","","","a258c000004VBJtAAO","0.0","","Telephone Underground","","33.0","","","","","42104357375124720","0.0","0.0","0.0","0.0"
"a238c0000054J9mAAE","false","CLA-BD-0009664","","","","","","","","","a258c000004VBJxAAO","0.0","","Misc. S.S.","","71.0","","","","","42107220109866682","0.0","0.0","","0.0"
"a238c0000054J9nAAE","false","CLA-BD-0009665","","","","","","","","","a258c000004VBJuAAO","0.0","","Finish Carpentry/Millwork","","10.0","","","","","42111558550203643","0.0","0.0","","0.0"
"a238c0000054J9oAAE","false","CLA-BD-0009666","","","","","","","","","a258c000004VBJrAAO","0.0","","Allowance - Drywall Support/Finishing","","34.0","","","","","42112367510241670","0.0","0.0","","0.0"
"a238c0000054J9pAAE","false","CLA-BD-0009667","","","","","","","","","a258c000004VBJyAAO","0.0","","Doors/Frames/Hardware","","14.0","","","","","42113567375639095","0.0","0.0","","0.0"
"a238c0000054J9qAAE","false","CLA-BD-0009668","","","","","","","","","a258c000004VBJtAAO","0.0","","H.V.A.C. System","","74.0","","","","","42119829699042329","0.0","0.0","0.0","0.0"
"a238c0000054J9rAAE","false","CLA-BD-0009669","","","","","","","","","a258c000004VBJsAAO","0.0","","Storm Drain","","16.0","","","","","42120283923994352","0.0","0.0","0.0","0.0"
"a238c0000054J9sAAE","false","CLA-BD-0009670","","","","","","","","","a258c000004VBJwAAO","0.0","","Storm Drain","","16.0","","","","","42120515209213295","0.0","0.0","","0.0"
"a238c0000054J9tAAE","false","CLA-BD-0009671","","","","","","","","","a258c000004VBJxAAO","0.0","","100 ft secondary service","","84.0","","","","","42120558764785134","0.0","0.0","","0.0"
"a238c0000054J9uAAE","false","CLA-BD-0009672","","","","","","","","","a258c000004VBJxAAO","0.0","","Fire Extinguishers","","87.0","","","","","42121943078265832","0.0","0.0","","0.0"
"a238c0000054J9vAAE","false","CLA-BD-0009673","","","","","","","","","a258c000004VBJrAAO","0.0","","Allowance - Precast Concrete Pane","","35.0","","","","","42124444925824813","0.0","0.0","","0.0"
"a238c0000054J9wAAE","false","CLA-BD-0009674","","","","","","","","","a258c000004VBK1AAO","0.0","","Misc. S.S.","","71.0","","","","","42125139353640797","0.0","0.0","0.0","0.0"
"a238c0000054J9xAAE","false","CLA-BD-0009675","","","","","","","","","a258c000004VBJzAAO","0.0","","Plumbing","","3.0","","","","","42126172705459088","0.0","0.0","","0.0"
"a238c0000054J9yAAE","false","CLA-BD-0009676","","","","","","","","","a258c000004VBJrAAO","0.0","","Allowance - Add'l Steel Support","","33.0","","","","","42126509928471038","0.0","0.0","","0.0"
"a238c0000054J9zAAE","false","CLA-BD-0009677","","","","","","","","","a258c000004VBJwAAO","0.0","","TABC - Air Balance (Required)","","75.0","","","","","42127415792635494","0.0","0.0","","0.0"
"a238c0000054JA0AAM","false","CLA-BD-0009678","","","","","","","","","a258c000004VBJsAAO","0.0","","Electrical Material","","82.0","","","","","42127476512218292","0.0","0.0","0.0","0.0"
"a238c0000054JA1AAM","false","CLA-BD-0009679","","","","","","","","","a258c000004VBK1AAO","0.0","","Concrete paving","","34.0","","","","","42127541142377645","0.0","0.0","0.0","0.0"
"a238c0000054JA2AAM","false","CLA-BD-0009680","","","","","","","","","a258c000004VBK1AAO","0.0","","Relocate Transformer","","17.0","","","","","42129003874722946","0.0","0.0","0.0","0.0"
"a238c0000054JA3AAM","false","CLA-BD-0009681","","","","","","","","","a258c000004VBJxAAO","0.0","","Street paving and markings","","14.0","","","","","42131370689877292","0.0","0.0","","0.0"
"a238c0000054JA4AAM","false","CLA-BD-0009682","","","","","","","","","a258c000004VBJwAAO","0.0","","Misc.","","92.0","","","","","42131633645504016","0.0","0.0","","0.0"
"a238c0000054JA5AAM","false","CLA-BD-0009683","","","","","","","","","a258c000004VBJxAAO","0.0","","Street light - new or relocate","","6.0","","","","","42133736661274333","0.0","0.0","","0.0"
"a238c0000054JA6AAM","false","CLA-BD-0009684","","","","","","","","","a258c000004VBK2AAO","0.0","","Landscaping w/ Irrigation (Required)","","36.0","","","","","42135302851514648","0.0","0.0","","0.0"
"a238c0000054JA7AAM","false","CLA-BD-0009685","","","","","","","","","a258c000004VBJrAAO","0.0","","Ceramic Tile","","17.0","","","","","42135302876964231","0.0","0.0","","0.0"
"a238c0000054JA8AAM","false","CLA-BD-0009686","","","","","","","","","a258c000004VBJsAAO","0.0","","Ceramic tile","","69.0","","","","","42138773329333436","0.0","0.0","0.0","0.0"
"a238c0000054JA9AAM","false","CLA-BD-0009687","","","","","","","","","a258c000004VBJtAAO","0.0","","Landscaping w/ Irrigation (Required)","","36.0","","","","","42139471662776275","0.0","0.0","0.0","0.0"
"a238c0000054JAAAA2","false","CLA-BD-0009688","","","","","","","","","a258c000004VBK1AAO","0.0","","Metal Doors & Frames","","55.0","","","","","42140101747352513","0.0","0.0","0.0","0.0"
"a238c0000054JABAA2","false","CLA-BD-0009689","","","","","","","","","a258c000004VBJwAAO","0.0","","Soils","","20.0","","","","","42141757935740925","0.0","0.0","","0.0"
"a238c0000054JACAA2","false","CLA-BD-0009690","","","","","","","","","a258c000004VBJwAAO","0.0","","Masonry/Building","","52.0","","","","","42142266196638552","0.0","0.0","","0.0"
"a238c0000054JADAA2","false","CLA-BD-0009691","","","","","","","","","a258c000004VBJtAAO","0.0","","Concrete slabs/curbs (do not include in building slab)","","25.0","","","","","42144165853619653","0.0","0.0","0.0","0.0"
"a238c0000054JAEAA2","false","CLA-BD-0009692","","","","","","","","","a258c000004VBK1AAO","0.0","","Caulking","","91.0","","","","","42144349486105000","0.0","0.0","0.0","0.0"
"a238c0000054JAFAA2","false","CLA-BD-0009693","","","","","","","","","a258c000004VBJtAAO","0.0","","Rough Carpentry Material","","62.0","","","","","42144835079246204","0.0","0.0","0.0","0.0"
"a238c0000054JAGAA2","false","CLA-BD-0009694","","","","","","","","","a258c000004VBJsAAO","0.0","","Grade fill / cut","","21.0","","","","","42145957793102473","0.0","0.0","0.0","0.0"
"a238c0000054JAHAA2","false","CLA-BD-0009695","","","","","","","","","a258c000004VBJxAAO","0.0","","Metal Fab","","78.0","","","","","42148086709066408","0.0","0.0","","0.0"
"a238c0000054JAIAA2","false","CLA-BD-0009696","","","","","","","","","a258c000004VBK2AAO","0.0","","Trash Enclosure","","24.0","","","","","42148199149905205","0.0","0.0","","0.0"
"a238c0000054JAJAA2","false","CLA-BD-0009697","","","","","","","","","a258c000004VBK1AAO","0.0","","Structural Steel","","53.0","","","","","42150253823520313","0.0","0.0","0.0","0.0"
"a238c0000054JAKAA2","false","CLA-BD-0009698","","","","","","","","","a258c000004VBK2AAO","0.0","","Soils","","20.0","","","","","42150371992029531","0.0","0.0","","0.0"
"a238c0000054JALAA2","false","CLA-BD-0009699","","","","","","","","","a258c000004VBK1AAO","0.0","","Service Yard Conc/CMU","","44.0","","","","","42152597713371686","0.0","0.0","0.0","0.0"
"a238c0000054JAMAA2","false","CLA-BD-0009700","","","","","","","","","a258c000004VBK1AAO","0.0","","Ceramic tile","","69.0","","","","","42153472422655617","0.0","0.0","0.0","0.0"
"a238c0000054JANAA2","false","CLA-BD-0009701","","","","","","","","","a258c000004VBJtAAO","0.0","","Traffic signals - new or relocate","","9.0","","","","","42155018138119796","0.0","0.0","0.0","0.0"
"a238c0000054JAOAA2","false","CLA-BD-0009702","","","","","","","","","a258c000004VBJsAAO","0.0","","Temp sidewalk","","15.0","","","","","42155211058364893","0.0","0.0","0.0","0.0"
"a238c0000054JAPAA2","false","CLA-BD-0009703","","","","","","","","","a258c000004VBJrAAO","0.0","","Allowance - Mis Paving Earthwork","","32.0","","","","","42155216988630205","0.0","0.0","","0.0"
"a238c0000054JAQAA2","false","CLA-BD-0009704","","","","","","","","","a258c000004VBJuAAO","0.0","","Sitework","","1.0","","","","","42155530720819479","0.0","0.0","","0.0"
"a238c0000054JARAA2","false","CLA-BD-0009705","","","","","","","","","a258c000004VBJtAAO","0.0","","Plumbing sit work","","32.0","","","","","42157535538583933","0.0","0.0","0.0","0.0"
"a238c0000054JASAA2","false","CLA-BD-0009706","","","","","","","","","a258c000004VBJsAAO","0.0","","Metal Doors & Frames","","55.0","","","","","42157953413005293","0.0","0.0","0.0","0.0"
"a238c0000054JATAA2","false","CLA-BD-0009707","","","","","","","","","a258c000004VBJwAAO","0.0","","Storm Drain","","26.0","","","","","42159019454734799","0.0","0.0","","0.0"
"a238c0000054JAUAA2","false","CLA-BD-0009708","","","","","","","","","a258c000004VBJsAAO","0.0","","Fire Hydrant","","40.0","","","","","42159996189636832","0.0","0.0","0.0","0.0"
"a238c0000054JAVAA2","false","CLA-BD-0009709","","","","","","","","","a258c000004VBJsAAO","0.0","","Asphalt paving & striping","","35.0","","","","","42163514100146586","0.0","0.0","0.0","0.0"
"a238c0000054JAWAA2","false","CLA-BD-0009710","","","","","","","","","a258c000004VBJtAAO","0.0","","Metal Doors & Frames","","55.0","","","","","42164143778405682","0.0","0.0","0.0","0.0"
"a238c0000054JAXAA2","false","CLA-BD-0009711","","","","","","","","","a258c000004VBJsAAO","0.0","","Storm Drain","","26.0","","","","","42164357391786000","0.0","0.0","0.0","0.0"
"a238c0000054JAYAA2","false","CLA-BD-0009712","","","","","","","","","a258c000004VBJtAAO","0.0","","Wheel stops","","42.0","","","","","42164911296068503","0.0","0.0","0.0","0.0"
"a238c0000054JAZAA2","false","CLA-BD-0009713","","","","","","","","","a258c000004VBJxAAO","0.0","","Glass & Glazing","","65.0","","","","","42166051877574004","0.0","0.0","","0.0"
"a238c0000054JAaAAM","false","CLA-BD-0009714","","","","","","","","","a258c000004VBJwAAO","0.0","","Retaining wall","","23.0","","","","","42166103577604140","0.0","0.0","","0.0"
"a238c0000054JAbAAM","false","CLA-BD-0009715","","","","","","","","","a258c000004VBJrAAO","0.0","","Glass/Glazing","","15.0","","","","","42166912354529005","0.0","0.0","","0.0"
"a238c0000054JAcAAM","false","CLA-BD-0009716","","","","","","","","","a258c000004VBJtAAO","0.0","","New approaches","","13.0","","","","","42167056173407720","0.0","0.0","0.0","0.0"
"a238c0000054JAdAAM","false","CLA-BD-0009717","","","","","","","","","a258c000004VBJtAAO","0.0","","Masonry/Building","","52.0","","","","","42167292295152627","0.0","0.0","0.0","0.0"
"a238c0000054JAeAAM","false","CLA-BD-0009718","","","","","","","","","a258c000004VBK2AAO","0.0","","Service Yard Conc/CMU","","44.0","","","","","42167392142670345","0.0","0.0","","0.0"
"a238c0000054JAfAAM","false","CLA-BD-0009719","","","","","","","","","a258c000004VBJzAAO","0.0","","Doors & Hardware (SC w/ Metal Frame)","","8.0","","","","","42168542800351829","0.0","0.0","","0.0"
"a238c0000054JAgAAM","false","CLA-BD-0009720","","","","","","","","","a258c000004VBK2AAO","0.0","","Framing Labor","","58.0","","","","","42168924289082108","0.0","0.0","","0.0"
"a238c0000054JAhAAM","false","CLA-BD-0009721","","","","","","","","","a258c000004VBJtAAO","0.0","","Fire Sprinkler (if required)","","77.0","","","","","42170226308006394","0.0","0.0","0.0","0.0"
"a238c0000054JAiAAM","false","CLA-BD-0009722","","","","","","","","","a258c000004VBJyAAO","0.0","","Change Orders","","36.0","","","","","42170675643985792","0.0","0.0","","0.0"
"a238c0000054JAjAAM","false","CLA-BD-0009723","","","","","","","","","a258c000004VBK2AAO","0.0","","Acoustic Tile","","67.0","","","","","42170807342540267","0.0","0.0","","0.0"
"a238c0000054JAkAAM","false","CLA-BD-0009724","","","","","","","","","a258c000004VBJsAAO","0.0","","Caulking","","91.0","","","","","42175315619277448","0.0","0.0","0.0","0.0"
"a238c0000054JAlAAM","false","CLA-BD-0009725","","","","","","","","","a258c000004VBJuAAO","0.0","","Studs/Drywall/EIFS","","16.0","","","","","42176846389711442","0.0","0.0","","0.0"
"a238c0000054JAmAAM","false","CLA-BD-0009726","","","","","","","","","a258c000004VBJwAAO","0.0","","Site Demolition","","22.0","","","","","42177152423341940","0.0","0.0","","0.0"
"a238c0000054JAnAAM","false","CLA-BD-0009727","","","","","","","","","a258c000004VBJyAAO","0.0","","HVAC","","27.0","","","","","42177971940197582","0.0","0.0","","0.0"
"a238c0000054JAoAAM","false","CLA-BD-0009728","","","","","","","","","a258c000004VBJtAAO","0.0","","Relocate Transformer","","17.0","","","","","42181539951540127","0.0","0.0","0.0","0.0"
"a238c0000054JApAAM","false","CLA-BD-0009729","","","","","","","","","a258c000004VBK1AAO","0.0","","New electric service","","4.0","","","","","42183599780153861","0.0","0.0","0.0","0.0"
"a238c0000054JAqAAM","false","CLA-BD-0009730","","","","","","","","","a258c000004VBJwAAO","0.0","","Concrete light bases","","28.0","","","","","42186177799062347","0.0","0.0","","0.0"
"a238c0000054JArAAM","false","CLA-BD-0009731","","","","","","","","","a258c000004VBJyAAO","0.0","","Rough Carpentry","","9.0","","","","","42186477170971291","0.0","0.0","","0.0"
"a238c0000054JAsAAM","false","CLA-BD-0009732","","","","","","","","","a258c000004VBJwAAO","0.0","","Street light - new or relocate","","6.0","","","","","42187275572397520","0.0","0.0","","0.0"
"a238c0000054JAtAAM","false","CLA-BD-0009733","","","","","","","","","a258c000004VBJwAAO","0.0","","Telephone Underground","","33.0","","","","","42187573017495140","0.0","0.0","","0.0"
"a238c0000054JAuAAM","false","CLA-BD-0009734","","","","","","","","","a258c000004VBJsAAO","0.0","","Sheet Metal","","63.0","","","","","42188408956358596","0.0","0.0","0.0","0.0"
"a238c0000054JAvAAM","false","CLA-BD-0009735","","","","","","","","","a258c000004VBJuAAO","0.0","","Electrical","","28.0","","","","","42188989038045684","0.0","0.0","","0.0"
"a238c0000054JAwAAM","false","CLA-BD-0009736","","","","","","","","","a258c000004VBK2AAO","0.0","","Dumpster Approach","","41.0","","","","","42190664268791184","0.0","0.0","","0.0"
"a238c0000054JAxAAM","false","CLA-BD-0009737","","","","","","","","","a258c000004VBJtAAO","0.0","","Acoustic Tile","","67.0","","","","","42191944663585617","0.0","0.0","0.0","0.0"
"a238c0000054JAyAAM","false","CLA-BD-0009738","","","","","","","","","a258c000004VBK1AAO","0.0","","Barricades/Signs","","45.0","","","","","42192239253638820","0.0","0.0","0.0","0.0"
"a238c0000054JAzAAM","false","CLA-BD-0009739","","","","","","","","","a258c000004VBK2AAO","0.0","","Misc.","","92.0","","","","","42194169842629848","0.0","0.0","","0.0"
"a238c0000054JB0AAM","false","CLA-BD-0009740","","","","","","","","","a258c000004VBK2AAO","0.0","","Toilet accessories","","72.0","","","","","42195507416887283","0.0","0.0","","0.0"
"a238c0000054JB1AAM","false","CLA-BD-0009741","","","","","","","","","a258c000004VBK2AAO","0.0","","Water to Property line","","2.0","","","","","42199871695302012","0.0","0.0","","0.0"
"a238c0000054JB2AAM","false","CLA-BD-0009742","","","","","","","","","a258c000004VBJsAAO","0.0","","Concrete paving","","34.0","","","","","42200079024029368","0.0","0.0","0.0","0.0"
"a238c0000054JB3AAM","false","CLA-BD-0009743","","","","","","","","","a258c000004VBJxAAO","0.0","","Water to Property line","","2.0","","","","","42201648372502112","0.0","0.0","","0.0"
"a238c0000054JB4AAM","false","CLA-BD-0009744","","","","","","","","","a258c000004VBK2AAO","0.0","","100 ft secondary service","","84.0","","","","","42204880286422384","0.0","0.0","","0.0"
"a238c0000054JB5AAM","false","CLA-BD-0009745","","","","","","","","","a258c000004VBJxAAO","0.0","","Misc.","","92.0","","","","","42206016565678220","0.0","0.0","","0.0"
"a238c0000054JB6AAM","false","CLA-BD-0009746","","","","","","","","","a258c000004VBJsAAO","0.0","","Power pole - new or relocate","","5.0","","","","","42206251288009433","0.0","0.0","0.0","0.0"
"a238c0000054JB7AAM","false","CLA-BD-0009747","","","","","","","","","a258c000004VBJsAAO","0.0","","Building Demolition","","48.0","","","","","42207372473423763","0.0","0.0","0.0","0.0"
"a238c0000054JB8AAM","false","CLA-BD-0009748","","","","","","","","","a258c000004VBJwAAO","0.0","","Telephone Pole","","7.0","","","","","42207527558585657","0.0","0.0","","0.0"
"a238c0000054JB9AAM","false","CLA-BD-0009749","","","","","","","","","a258c000004VBJrAAO","0.0","","Fabric Awnings","","23.0","","","","","42213282786068714","0.0","0.0","","0.0"
"a238c0000054JBAAA2","false","CLA-BD-0009750","","","","","","","","","a258c000004VBK2AAO","0.0","","Lighting Fixtures","","85.0","","","","","42215949425087760","0.0","0.0","","0.0"
"a238c0000054JBBAA2","false","CLA-BD-0009751","","","","","","","","","a258c000004VBJtAAO","0.0","","Rough Carpentry Labor","","61.0","","","","","42217825328155276","0.0","0.0","0.0","0.0"
"a238c0000054JBCAA2","false","CLA-BD-0009752","","","","","","","","","a258c000004VBJxAAO","0.0","","Framing Labor","","58.0","","","","","42219187947961236","0.0","0.0","","0.0"
"a238c0000054JBDAA2","false","CLA-BD-0009753","","","","","","","","","a258c000004VBJyAAO","0.0","","Allowance - Precast Concrete Pane","","35.0","","","","","42220507909550622","0.0","0.0","","0.0"
"a238c0000054JBEAA2","false","CLA-BD-0009754","","","","","","","","","a258c000004VBJzAAO","0.0","","Site Stripping (ADA)","","17.0","","","","","42220684932176928","0.0","0.0","","0.0"
"a238c0000054JBFAA2","false","CLA-BD-0009755","","","","","","","","","a258c000004VBJzAAO","0.0","","Ceiling","","6.0","","","","","42221293008872870","0.0","0.0","","0.0"
"a238c0000054JBGAA2","false","CLA-BD-0009756","","","","","","","","","a258c000004VBK2AAO","0.0","","Erosion & Dust Control","","39.0","","","","","42221921378992327","0.0","0.0","","0.0"
"a238c0000054JBHAA2","false","CLA-BD-0009757","","","","","","","","","a258c000004VBJyAAO","0.0","","Painting","","21.0","","","","","42224007828553103","0.0","0.0","","0.0"
"a238c0000054JBIAA2","false","CLA-BD-0009758","","","","","","","","","a258c000004VBK1AAO","0.0","","Plumbing","","76.0","","","","","42224740558143605","0.0","0.0","0.0","0.0"
"a238c0000054JBJAA2","false","CLA-BD-0009759","","","","","","","","","a258c000004VBJwAAO","0.0","","Fire Sprinkler Service","","38.0","","","","","42228655742502084","0.0","0.0","","0.0"
"a238c0000054JBKAA2","false","CLA-BD-0009760","","","","","","","","","a258c000004VBJvAAO","0.0","","Electrical and Low Voltage","","1.0","","","","","42233422314797350","0.0","0.0","","0.0"
"a238c0000054JBLAA2","false","CLA-BD-0009761","","","","","","","","","a258c000004VBJtAAO","0.0","","Asphalt paving & striping","","35.0","","","","","42234173799137127","0.0","0.0","0.0","0.0"
"a238c0000054JBMAA2","false","CLA-BD-0009762","","","","","","","","","a258c000004VBJyAAO","0.0","","Building Excavator","","4.0","","","","","42234563457709883","0.0","0.0","","0.0"
"a238c0000054JBNAA2","false","CLA-BD-0009763","","","","","","","","","a258c000004VBK1AAO","0.0","","100 ft secondary service","","84.0","","","","","42234761231708690","0.0","0.0","0.0","0.0"
"a238c0000054JBOAA2","false","CLA-BD-0009764","","","","","","","","","a258c000004VBJtAAO","0.0","","Erosion & Dust Control","","39.0","","","","","42235224020067253","0.0","0.0","0.0","0.0"
"a238c0000054JBPAA2","false","CLA-BD-0009765","","","","","","","","","a258c000004VBJqAAO","0.0","","Concrete Fill In Plumbing Trenches","","16.0","","","","","42236629603077187","0.0","0.0","","0.0"
"a238c0000054JBQAA2","false","CLA-BD-0009766","","","","","","","","","a258c000004VBK1AAO","0.0","","Grade fill / cut","","21.0","","","","","42236820734771253","0.0","0.0","0.0","0.0"
"a238c0000054JBRAA2","false","CLA-BD-0009767","","","","","","","","","a258c000004VBJqAAO","0.0","","Roofing","","19.0","","","","","42240424705720451","0.0","0.0","","0.0"
"a238c0000054JBSAA2","false","CLA-BD-0009768","","","","","","","","","a258c000004VBJyAAO","0.0","","Fabric Awnings","","23.0","","","","","42243053056206176","0.0","0.0","","0.0"
"a238c0000054JBTAA2","false","CLA-BD-0009769","","","","","","","","","a258c000004VBJtAAO","0.0","","Glass & Glazing","","65.0","","","","","42248475218039040","0.0","0.0","0.0","0.0"
"a238c0000054JBUAA2","false","CLA-BD-0009770","","","","","","","","","a258c000004VBJsAAO","0.0","","Bollard w/ Covers","","37.0","","","","","42248664503149205","0.0","0.0","0.0","0.0"
"a238c0000054JBVAA2","false","CLA-BD-0009771","","","","","","","","","a258c000004VBK2AAO","0.0","","Rough Carpentry Labor","","61.0","","","","","42249517223268373","0.0","0.0","","0.0"
"a238c0000054JBWAA2","false","CLA-BD-0009772","","","","","","","","","a258c000004VBK1AAO","0.0","","New Curb & Gutter","","11.0","","","","","42250481686314941","0.0","0.0","0.0","0.0"
"a238c0000054JBXAA2","false","CLA-BD-0009773","","","","","","","","","a258c000004VBK2AAO","0.0","","Traffic signals - new or relocate","","9.0","","","","","42251505709774248","0.0","0.0","","0.0"
"a238c0000054JBYAA2","false","CLA-BD-0009774","","","","","","","","","a258c000004VBJtAAO","0.0","","Sheet Metal","","63.0","","","","","42252665831283691","0.0","0.0","0.0","0.0"
"a238c0000054JBZAA2","false","CLA-BD-0009775","","","","","","","","","a258c000004VBJxAAO","0.0","","Cedar brackets","","79.0","","","","","42253615364242791","0.0","0.0","","0.0"
"a238c0000054JBaAAM","false","CLA-BD-0009776","","","","","","","","","a258c000004VBJwAAO","0.0","","Toilet accessories","","72.0","","","","","42256006731957790","0.0","0.0","","0.0"
"a238c0000054JBbAAM","false","CLA-BD-0009777","","","","","","","","","a258c000004VBJxAAO","0.0","","Metal Doors & Frames","","55.0","","","","","42256647036099142","0.0","0.0","","0.0"
"a238c0000054JBcAAM","false","CLA-BD-0009778","","","","","","","","","a258c000004VBJrAAO","0.0","","Misc. Specialities","","22.0","","","","","42256909611715017","0.0","0.0","","0.0"
"a238c0000054JBdAAM","false","CLA-BD-0009779","","","","","","","","","a258c000004VBJwAAO","0.0","","Misc.","","47.0","","","","","42258767515036447","0.0","0.0","","0.0"
"a238c0000054JBeAAM","false","CLA-BD-0009780","","","","","","","","","a258c000004VBJrAAO","0.0","","Sitework","","1.0","","","","","42259876109448765","0.0","0.0","","0.0"
"a238c0000054JBfAAM","false","CLA-BD-0009781","","","","","","","","","a258c000004VBJsAAO","0.0","","Building Concrete Labor","","50.0","","","","","42261323140418192","0.0","0.0","0.0","0.0"
"a238c0000054JBgAAM","false","CLA-BD-0009782","","","","","","","","","a258c000004VBJwAAO","0.0","","Metal Doors & Frames","","55.0","","","","","42261836211984392","0.0","0.0","","0.0"
"a238c0000054JBhAAM","false","CLA-BD-0009783","","","","","","","","","a258c000004VBK1AAO","0.0","","Painting","","68.0","","","","","42262576509217697","0.0","0.0","0.0","0.0"
"a238c0000054JBiAAM","false","CLA-BD-0009784","","","","","","","","","a258c000004VBJsAAO","0.0","","Electrical site work/labor","","29.0","","","","","42263170693042897","0.0","0.0","0.0","0.0"
"a238c0000054JBjAAM","false","CLA-BD-0009785","","","","","","","","","a258c000004VBK2AAO","0.0","","TABC - Air Balance (Required)","","75.0","","","","","42266264706262498","0.0","0.0","","0.0"
"a238c0000054JBkAAM","false","CLA-BD-0009786","","","","","","","","","a258c000004VBJxAAO","0.0","","Sewer to Property Line","","3.0","","","","","42266505547350310","0.0","0.0","","0.0"
"a238c0000054JBlAAM","false","CLA-BD-0009787","","","","","","","","","a258c000004VBJrAAO","0.0","","HVAC","","27.0","","","","","42268733549923004","0.0","0.0","","0.0"
"a238c0000054JBmAAM","false","CLA-BD-0009788","","","","","","","","","a258c000004VBK2AAO","0.0","","Concrete Foundation( Include building slab)","","51.0","","","","","42269273122953281","0.0","0.0","","0.0"
"a238c0000054JBnAAM","false","CLA-BD-0009789","","","","","","","","","a258c000004VBJsAAO","0.0","","Finish Hardware","","57.0","","","","","42269402882173841","0.0","0.0","0.0","0.0"
"a238c0000054JBoAAM","false","CLA-BD-0009790","","","","","","","","","a258c000004VBJuAAO","0.0","","Allowance - Precast Concrete Pane","","35.0","","","","","42269887768137400","0.0","0.0","","0.0"
"a238c0000054JBpAAM","false","CLA-BD-0009791","","","","","","","","","a258c000004VBJsAAO","0.0","","Termite Treat","","80.0","","","","","42272170558995070","0.0","0.0","0.0","0.0"
"a238c0000054JBqAAM","false","CLA-BD-0009792","","","","","","","","","a258c000004VBK1AAO","0.0","","Misc.","","92.0","","","","","42274099740851932","0.0","0.0","0.0","0.0"
"a238c0000054JBrAAM","false","CLA-BD-0009793","","","","","","","","","a258c000004VBJsAAO","0.0","","Wood Doors","","56.0","","","","","42274439386099310","0.0","0.0","0.0","0.0"
"a238c0000054JBsAAM","false","CLA-BD-0009794","","","","","","","","","a258c000004VBJrAAO","0.0","","Studs/Drywall/EIFS","","16.0","","","","","42276713881249053","0.0","0.0","","0.0"
"a238c0000054JBtAAM","false","CLA-BD-0009795","","","","","","","","","a258c000004VBJxAAO","0.0","","Toilet Partitions","","89.0","","","","","42277833491994927","0.0","0.0","","0.0"
"a238c0000054JBuAAM","false","CLA-BD-0009796","","","","","","","","","a258c000004VBK1AAO","0.0","","Gas to Property Line","","1.0","","","","","42281934543917441","0.0","0.0","0.0","0.0"
"a238c0000054JBvAAM","false","CLA-BD-0009797","","","","","","","","","a258c000004VBK1AAO","0.0","","Retaining wall","","23.0","","","","","42283035083601868","0.0","0.0","0.0","0.0"
"a238c0000054JBwAAM","false","CLA-BD-0009798","","","","","","","","","a258c000004VBJtAAO","0.0","","Street paving and markings","","14.0","","","","","42283130683781679","0.0","0.0","0.0","0.0"
"a238c0000054JBxAAM","false","CLA-BD-0009799","","","","","","","","","a258c000004VBJtAAO","0.0","","Power pole - new or relocate","","5.0","","","","","42284608811208046","0.0","0.0","0.0","0.0"
"a238c0000054JByAAM","false","CLA-BD-0009800","","","","","","","","","a258c000004VBJqAAO","0.0","","Site Stripping (ADA)","","17.0","","","","","42285761953227908","0.0","0.0","","0.0"
"a238c0000054JBzAAM","false","CLA-BD-0009801","","","","","","","","","a258c000004VBJsAAO","0.0","","Erosion & Dust Control","","39.0","","","","","42286666600463376","0.0","0.0","0.0","0.0"
"a238c0000054JC0AAM","false","CLA-BD-0009802","","","","","","","","","a258c000004VBJvAAO","0.0","","Insurance","","24.0","","","","","42289271271427194","0.0","0.0","","0.0"
"a238c0000054JC1AAM","false","CLA-BD-0009803","","","","","","","","","a258c000004VBJtAAO","0.0","","Sewer to Property Line","","3.0","","","","","42290149333314781","0.0","0.0","0.0","0.0"
"a238c0000054JC2AAM","false","CLA-BD-0009804","","","","","","","","","a258c000004VBK2AAO","0.0","","Metal Fab","","78.0","","","","","42292988888579410","0.0","0.0","","0.0"
"a238c0000054JC3AAM","false","CLA-BD-0009805","","","","","","","","","a258c000004VBK2AAO","0.0","","Building Concrete Labor","","50.0","","","","","42293394666726289","0.0","0.0","","0.0"
"a238c0000054JC4AAM","false","CLA-BD-0009806","","","","","","","","","a258c000004VBJyAAO","0.0","","Resilient and Carpet Flooring","","20.0","","","","","42294101294926636","0.0","0.0","","0.0"
"a238c0000054JC5AAM","false","CLA-BD-0009807","","","","","","","","","a258c000004VBK1AAO","0.0","","Wood Doors","","56.0","","","","","42294910189334532","0.0","0.0","0.0","0.0"
"a238c0000054JC6AAM","false","CLA-BD-0009808","","","","","","","","","a258c000004VBJxAAO","0.0","","Relocate Transformer","","17.0","","","","","42294989429437834","0.0","0.0","","0.0"
"a238c0000054JC7AAM","false","CLA-BD-0009809","","","","","","","","","a258c000004VBJzAAO","0.0","","General Conditions","","22.0","","","","","42295166231706383","0.0","0.0","","0.0"
"a238c0000054JC8AAM","false","CLA-BD-0009810","","","","","","","","","a258c000004VBK1AAO","0.0","","Rough Carpentry Material","","62.0","","","","","42295166467611592","0.0","0.0","0.0","0.0"
"a238c0000054JC9AAM","false","CLA-BD-0009811","","","","","","","","","a258c000004VBK1AAO","0.0","","Site Demolition","","22.0","","","","","42299411862446318","0.0","0.0","0.0","0.0"
"a238c0000054JCAAA2","false","CLA-BD-0009812","","","","","","","","","a258c000004VBK1AAO","0.0","","TABC - Air Balance (Required)","","75.0","","","","","42301443979286651","0.0","0.0","0.0","0.0"
"a238c0000054JCBAA2","false","CLA-BD-0009813","","","","","","","","","a258c000004VBK1AAO","0.0","","Street light - new or relocate","","6.0","","","","","42304383303506386","0.0","0.0","0.0","0.0"
"a238c0000054JCCAA2","false","CLA-BD-0009814","","","","","","","","","a258c000004VBJwAAO","0.0","","Power pole - new or relocate","","5.0","","","","","42306124667687421","0.0","0.0","","0.0"
"a238c0000054JCDAA2","false","CLA-BD-0009815","","","","","","","","","a258c000004VBJwAAO","0.0","","Wheel stops","","42.0","","","","","42306802859029115","0.0","0.0","","0.0"
"a238c0000054JCEAA2","false","CLA-BD-0009816","","","","","","","","","a258c000004VBK1AAO","0.0","","Traffic signals - new or relocate","","9.0","","","","","42307338668558386","0.0","0.0","0.0","0.0"
"a238c0000054JCFAA2","false","CLA-BD-0009817","","","","","","","","","a258c000004VBK1AAO","0.0","","Toilet accessories","","72.0","","","","","42307551287653416","0.0","0.0","0.0","0.0"
"a238c0000054JCGAA2","false","CLA-BD-0009818","","","","","","","","","a258c000004VBK2AAO","0.0","","Gas to Property Line","","1.0","","","","","42309434750367066","0.0","0.0","","0.0"
"a238c0000054JCHAA2","false","CLA-BD-0009819","","","","","","","","","a258c000004VBK2AAO","0.0","","Fire Sprinkler Service","","38.0","","","","","42312608860783791","0.0","0.0","","0.0"
"a238c0000054JCIAA2","false","CLA-BD-0009820","","","","","","","","","a258c000004VBJuAAO","0.0","","Allowance - Add'l Steel Support","","33.0","","","","","42315533256689689","0.0","0.0","","0.0"
"a238c0000054JCJAA2","false","CLA-BD-0009821","","","","","","","","","a258c000004VBJwAAO","0.0","","Water to Property line","","2.0","","","","","42316558579286579","0.0","0.0","","0.0"
"a238c0000054JCKAA2","false","CLA-BD-0009822","","","","","","","","","a258c000004VBJrAAO","0.0","","Acoustical Ceilings","","18.0","","","","","42317158535619553","0.0","0.0","","0.0"
"a238c0000054JCLAA2","false","CLA-BD-0009823","","","","","","","","","a258c000004VBJtAAO","0.0","","Finish Lumber & Doors","","54.0","","","","","42325844740881498","0.0","0.0","0.0","0.0"
"a238c0000054JCMAA2","false","CLA-BD-0009824","","","","","","","","","a258c000004VBJvAAO","0.0","","Drywall and Framing","","7.0","","","","","42327324444766543","0.0","0.0","","0.0"
"a238c0000054JCNAA2","false","CLA-BD-0009825","","","","","","","","","a258c000004VBJtAAO","0.0","","Plumbing","","76.0","","","","","42328020517475783","0.0","0.0","0.0","0.0"
"a238c0000054JCOAA2","false","CLA-BD-0009826","","","","","","","","","a258c000004VBK2AAO","0.0","","Street light - new or relocate","","6.0","","","","","42328644811636567","0.0","0.0","","0.0"
"a238c0000054JCPAA2","false","CLA-BD-0009827","","","","","","","","","a258c000004VBJxAAO","0.0","","Power Management System","","83.0","","","","","42329728423407155","0.0","0.0","","0.0"
"a238c0000054JCQAA2","false","CLA-BD-0009828","","","","","","","","","a258c000004VBJwAAO","0.0","","EIFS / Lath & Plaster","","70.0","","","","","42331954783802858","0.0","0.0","","0.0"
"a238c0000054JCRAA2","false","CLA-BD-0009829","","","","","","","","","a258c000004VBJsAAO","0.0","","Misc. S.S.","","71.0","","","","","42332560626248222","0.0","0.0","0.0","0.0"
"a238c0000054JCSAA2","false","CLA-BD-0009830","","","","","","","","","a258c000004VBJtAAO","0.0","","Building Concrete Labor","","50.0","","","","","42334781765821793","0.0","0.0","0.0","0.0"
"a238c0000054JCTAA2","false","CLA-BD-0009831","","","","","","","","","a258c000004VBK2AAO","0.0","","Barricades/Signs","","45.0","","","","","42339389556126124","0.0","0.0","","0.0"
"a238c0000054JCUAA2","false","CLA-BD-0009832","","","","","","","","","a258c000004VBJtAAO","0.0","","Concrete light bases","","28.0","","","","","42339767222011242","0.0","0.0","0.0","0.0"
"a238c0000054JCVAA2","false","CLA-BD-0009833","","","","","","","","","a258c000004VBJsAAO","0.0","","Building Concrete Material","","49.0","","","","","42341317281436709","0.0","0.0","0.0","0.0"
"a238c0000054JCWAA2","false","CLA-BD-0009834","","","","","","","","","a258c000004VBJyAAO","0.0","","Fire Protection","","26.0","","","","","42343230287669977","0.0","0.0","","0.0"
"a238c0000054JCXAA2","false","CLA-BD-0009835","","","","","","","","","a258c000004VBJsAAO","0.0","","Concrete Sidewalks","","27.0","","","","","42343472644464737","0.0","0.0","0.0","0.0"
"a238c0000054JCYAA2","false","CLA-BD-0009836","","","","","","","","","a258c000004VBJwAAO","0.0","","New sidewalk","","12.0","","","","","42343660619428150","0.0","0.0","","0.0"
"a238c0000054JCZAA2","false","CLA-BD-0009837","","","","","","","","","a258c000004VBK1AAO","0.0","","Flooring (Rubber Floor/Silica/ Res-Tek)","","90.0","","","","","42344281766931789","0.0","0.0","0.0","0.0"
"a238c0000054JCaAAM","false","CLA-BD-0009838","","","","","","","","","a258c000004VBJvAAO","0.0","","CMU - Stucco","","11.0","","","","","42344512156702159","0.0","0.0","","0.0"
"a238c0000054JCbAAM","false","CLA-BD-0009839","","","","","","","","","a258c000004VBJtAAO","0.0","","100 ft secondary service","","84.0","","","","","42344963951858363","0.0","0.0","0.0","0.0"
"a238c0000054JCcAAM","false","CLA-BD-0009840","","","","","","","","","a258c000004VBJxAAO","0.0","","TABC - Air Balance (Required)","","75.0","","","","","42346433869597027","0.0","0.0","","0.0"
"a238c0000054JCdAAM","false","CLA-BD-0009841","","","","","","","","","a258c000004VBJwAAO","0.0","","Concrete slabs/curbs (do not include in building slab)","","25.0","","","","","42349529936832821","0.0","0.0","","0.0"
"a238c0000054JCeAAM","false","CLA-BD-0009842","","","","","","","","","a258c000004VBK2AAO","0.0","","Off site fire hydrant","","8.0","","","","","42350926374755263","0.0","0.0","","0.0"
"a238c0000054JCfAAM","false","CLA-BD-0009843","","","","","","","","","a258c000004VBJsAAO","0.0","","New Curb & Gutter","","11.0","","","","","42352551536942907","0.0","0.0","0.0","0.0"
"a238c0000054JCgAAM","false","CLA-BD-0009844","","","","","","","","","a258c000004VBJtAAO","0.0","","New electric service","","4.0","","","","","42353117966631485","0.0","0.0","0.0","0.0"
"a238c0000054JChAAM","false","CLA-BD-0009845","","","","","","","","","a258c000004VBK1AAO","0.0","","Sewer to Property Line","","3.0","","","","","42354096868482801","0.0","0.0","0.0","0.0"
"a238c0000054JCiAAM","false","CLA-BD-0009846","","","","","","","","","a258c000004VBJyAAO","0.0","","Studs/Drywall/EIFS","","16.0","","","","","42354708011016292","0.0","0.0","","0.0"
"a238c0000054JCjAAM","false","CLA-BD-0009847","","","","","","","","","a258c000004VBJtAAO","0.0","","Electrical site work/labor","","29.0","","","","","42355055986060995","0.0","0.0","0.0","0.0"
"a238c0000054JCkAAM","false","CLA-BD-0009848","","","","","","","","","a258c000004VBJwAAO","0.0","","Building Concrete Labor","","50.0","","","","","42355144075701374","0.0","0.0","","0.0"
"a238c0000054JClAAM","false","CLA-BD-0009849","","","","","","","","","a258c000004VBJsAAO","0.0","","Offsite Demolition","","10.0","","","","","42355708905580920","0.0","0.0","0.0","0.0"
"a238c0000054JCmAAM","false","CLA-BD-0009850","","","","","","","","","a258c000004VBK2AAO","0.0","","Finish Lumber & Doors","","54.0","","","","","42355730060788591","0.0","0.0","","0.0"
"a238c0000054JCnAAM","false","CLA-BD-0009851","","","","","","","","","a258c000004VBJsAAO","0.0","","Relocate Transformer","","17.0","","","","","42360201799637963","0.0","0.0","0.0","0.0"
"a238c0000054JCoAAM","false","CLA-BD-0009852","","","","","","","","","a258c000004VBJuAAO","0.0","","Tilt-Up Precast Concrete","","6.0","","","","","42362299374739383","0.0","0.0","","0.0"
"a238c0000054JCpAAM","false","CLA-BD-0009853","","","","","","","","","a258c000004VBJtAAO","0.0","","Fire Extinguishers","","87.0","","","","","42362471402209784","0.0","0.0","0.0","0.0"
"a238c0000054JCqAAM","false","CLA-BD-0009854","","","","","","","","","a258c000004VBJqAAO","0.0","","Lights - LED","","20.0","","","","","42364188664026047","0.0","0.0","","0.0"
"a238c0000054JCrAAM","false","CLA-BD-0009855","","","","","","","","","a258c000004VBK2AAO","0.0","","New sidewalk","","12.0","","","","","42365249637177005","0.0","0.0","","0.0"
"a238c0000054JCsAAM","false","CLA-BD-0009856","","","","","","","","","a258c000004VBJtAAO","0.0","","Signage","","46.0","","","","","42365461203426547","0.0","0.0","0.0","0.0"
"a238c0000054JCtAAM","false","CLA-BD-0009857","","","","","","","","","a258c000004VBK1AAO","0.0","","Signage","","46.0","","","","","42367417508808321","0.0","0.0","0.0","0.0"
"a238c0000054JCuAAM","false","CLA-BD-0009858","","","","","","","","","a258c000004VBK2AAO","0.0","","Concrete light bases","","28.0","","","","","42373681112984972","0.0","0.0","","0.0"
"a238c0000054JCvAAM","false","CLA-BD-0009859","","","","","","","","","a258c000004VBK1AAO","0.0","","Masonry/Building","","52.0","","","","","42374086634614443","0.0","0.0","0.0","0.0"
"a238c0000054JCwAAM","false","CLA-BD-0009860","","","","","","","","","a258c000004VBJxAAO","0.0","","Building Concrete Labor","","50.0","","","","","42375073741997165","0.0","0.0","","0.0"
"a238c0000054JCxAAM","false","CLA-BD-0009861","","","","","","","","","a258c000004VBK2AAO","0.0","","Roofing","","59.0","","","","","42376618988810603","0.0","0.0","","0.0"
"a238c0000054JCyAAM","false","CLA-BD-0009862","","","","","","","","","a258c000004VBJtAAO","0.0","","Storm Drain","","16.0","","","","","42378702695469294","0.0","0.0","0.0","0.0"
"a238c0000054JCzAAM","false","CLA-BD-0009863","","","","","","","","","a258c000004VBK2AAO","0.0","","Relocate Transformer","","17.0","","","","","42381703811975707","0.0","0.0","","0.0"
"a238c0000054JD0AAM","false","CLA-BD-0009864","","","","","","","","","a258c000004VBJtAAO","0.0","","Service Yard Conc/CMU","","44.0","","","","","42381740079691671","0.0","0.0","0.0","0.0"
"a238c0000054JD1AAM","false","CLA-BD-0009865","","","","","","","","","a258c000004VBJxAAO","0.0","","Concrete paving","","34.0","","","","","42382126555774612","0.0","0.0","","0.0"
"a238c0000054JD2AAM","false","CLA-BD-0009866","","","","","","","","","a258c000004VBK2AAO","0.0","","Survey","","18.0","","","","","42382724426344418","0.0","0.0","","0.0"
"a238c0000054JD3AAM","false","CLA-BD-0009867","","","","","","","","","a258c000004VBJwAAO","0.0","","Framing Labor","","58.0","","","","","42382961212646653","0.0","0.0","","0.0"
"a238c0000054JD4AAM","false","CLA-BD-0009868","","","","","","","","","a258c000004VBK2AAO","0.0","","Sewer to Property Line","","3.0","","","","","42384028591706277","0.0","0.0","","0.0"
"a238c0000054JD5AAM","false","CLA-BD-0009869","","","","","","","","","a258c000004VBJwAAO","0.0","","Misc. S.S.","","71.0","","","","","42386045685294716","0.0","0.0","","0.0"
"a238c0000054JD6AAM","false","CLA-BD-0009870","","","","","","","","","a258c000004VBJwAAO","0.0","","Survey","","18.0","","","","","42386192102428686","0.0","0.0","","0.0"
"a238c0000054JD7AAM","false","CLA-BD-0009871","","","","","","","","","a258c000004VBK1AAO","0.0","","Toilet Partitions","","89.0","","","","","42386842306946722","0.0","0.0","0.0","0.0"
"a238c0000054JD8AAM","false","CLA-BD-0009872","","","","","","","","","a258c000004VBJxAAO","0.0","","Offsite Demolition","","10.0","","","","","42387781461523966","0.0","0.0","","0.0"
"a238c0000054JD9AAM","false","CLA-BD-0009873","","","","","","","","","a258c000004VBJxAAO","0.0","","Structural Steel","","53.0","","","","","42388272147029972","0.0","0.0","","0.0"
"a238c0000054JDAAA2","false","CLA-BD-0009874","","","","","","","","","a258c000004VBJsAAO","0.0","","Finish Carpentry Labor","","60.0","","","","","42388376620688532","0.0","0.0","0.0","0.0"
"a238c0000054JDBAA2","false","CLA-BD-0009875","","","","","","","","","a258c000004VBJyAAO","0.0","","General Conditions","","29.0","","","","","42388646242969097","0.0","0.0","","0.0"
"a238c0000054JDCAA2","false","CLA-BD-0009876","","","","","","","","","a258c000004VBJwAAO","0.0","","F.R.P. and marlite","","86.0","","","","","42388715448831145","0.0","0.0","","0.0"
"a238c0000054JDDAA2","false","CLA-BD-0009877","","","","","","","","","a258c000004VBJsAAO","0.0","","Barricades/Signs","","45.0","","","","","42390616420681755","0.0","0.0","0.0","0.0"
"a238c0000054JDEAA2","false","CLA-BD-0009878","","","","","","","","","a258c000004VBJwAAO","0.0","","Structural Steel","","53.0","","","","","42391007722298198","0.0","0.0","","0.0"
"a238c0000054JDFAA2","false","CLA-BD-0009879","","","","","","","","","a258c000004VBK1AAO","0.0","","Electrical Labor","","81.0","","","","","42391713698074942","0.0","0.0","0.0","0.0"
"a238c0000054JDGAA2","false","CLA-BD-0009880","","","","","","","","","a258c000004VBJwAAO","0.0","","Erosion & Dust Control","","39.0","","","","","42394561500627120","0.0","0.0","","0.0"
"a238c0000054JDHAA2","false","CLA-BD-0009881","","","","","","","","","a258c000004VBJsAAO","0.0","","Acoustic Tile","","67.0","","","","","42396526396225025","0.0","0.0","0.0","0.0"
"a238c0000054JDIAA2","false","CLA-BD-0009882","","","","","","","","","a258c000004VBJrAAO","0.0","","Building Excavator","","4.0","","","","","42397269679359580","0.0","0.0","","0.0"
"a238c0000054JDJAA2","false","CLA-BD-0009883","","","","","","","","","a258c000004VBJzAAO","0.0","","Demo","","9.0","","","","","42397629056502765","0.0","0.0","","0.0"
"a238c0000054JDKAA2","false","CLA-BD-0009884","","","","","","","","","a258c000004VBJsAAO","0.0","","Soils","","20.0","","","","","42397999118451062","0.0","0.0","0.0","0.0"
"a238c0000054JDLAA2","false","CLA-BD-0009885","","","","","","","","","a258c000004VBJuAAO","0.0","","Structural Steel","","8.0","","","","","42401745190800897","0.0","0.0","","0.0"
"a238c0000054JDMAA2","false","CLA-BD-0009886","","","","","","","","","a258c000004VBJyAAO","0.0","","Linear Metal Ceilings","","19.0","","","","","42402312452010748","0.0","0.0","","0.0"
"a238c0000054JDNAA2","false","CLA-BD-0009887","","","","","","","","","a258c000004VBK1AAO","0.0","","Lighting Fixtures","","85.0","","","","","42403320387552483","0.0","0.0","0.0","0.0"
"a238c0000054JDOAA2","false","CLA-BD-0009888","","","","","","","","","a258c000004VBK1AAO","0.0","","Misc.","","47.0","","","","","42407927041249173","0.0","0.0","0.0","0.0"
"a238c0000054JDPAA2","false","CLA-BD-0009889","","","","","","","","","a258c000004VBJtAAO","0.0","","Building Concrete Material","","49.0","","","","","42408294672256438","0.0","0.0","0.0","0.0"
"a238c0000054JDQAA2","false","CLA-BD-0009890","","","","","","","","","a258c000004VBJvAAO","0.0","","Lights - LED","","20.0","","","","","42409758073538540","0.0","0.0","","0.0"
"a238c0000054JDRAA2","false","CLA-BD-0009891","","","","","","","","","a258c000004VBK2AAO","0.0","","Retaining wall","","23.0","","","","","42411074148530106","0.0","0.0","","0.0"
"a238c0000054JDSAA2","false","CLA-BD-0009892","","","","","","","","","a258c000004VBJtAAO","0.0","","Framing Labor","","58.0","","","","","42411762848112266","0.0","0.0","0.0","0.0"
"a238c0000054JDTAA2","false","CLA-BD-0009893","","","","","","","","","a258c000004VBK1AAO","0.0","","Rough Carpentry Labor","","61.0","","","","","42413756698046540","0.0","0.0","0.0","0.0"
"a238c0000054JDUAA2","false","CLA-BD-0009894","","","","","","","","","a258c000004VBJsAAO","0.0","","Off site fire hydrant","","8.0","","","","","42413961629043335","0.0","0.0","0.0","0.0"
"a238c0000054JDVAA2","false","CLA-BD-0009895","","","","","","","","","a258c000004VBJxAAO","0.0","","Erosion & Dust Control","","39.0","","","","","42415146395043295","0.0","0.0","","0.0"
"a238c0000054JDWAA2","false","CLA-BD-0009896","","","","","","","","","a258c000004VBJvAAO","0.0","","Painting (Interior and Exterior)","","4.0","","","","","42415823689295789","0.0","0.0","","0.0"
"a238c0000054JDXAA2","false","CLA-BD-0009897","","","","","","","","","a258c000004VBK2AAO","0.0","","Grade fill / cut","","21.0","","","","","42416337272315828","0.0","0.0","","0.0"
"a238c0000054JDYAA2","false","CLA-BD-0009898","","","","","","","","","a258c000004VBJwAAO","0.0","","Corporate Decor Package Installation","","93.0","","","","","42418198396012033","0.0","0.0","","0.0"
"a238c0000054JDZAA2","false","CLA-BD-0009899","","","","","","","","","a258c000004VBJxAAO","0.0","","Site Lighting Material","","30.0","","","","","42419336073160672","0.0","0.0","","0.0"
"a238c0000054JDaAAM","false","CLA-BD-0009900","","","","","","","","","a258c000004VBJzAAO","0.0","","Exterior Glass (7xS450)","","21.0","","","","","42420043342618594","0.0","0.0","","0.0"
"a238c0000054JDbAAM","false","CLA-BD-0009901","","","","","","","","","a258c000004VBJrAAO","0.0","","Bituminous Damproofing","","11.0","","","","","42420590300816910","0.0","0.0","","0.0"
"a238c0000054JDcAAM","false","CLA-BD-0009902","","","","","","","","","a258c000004VBJwAAO","0.0","","Temp sidewalk","","15.0","","","","","42422939659092224","0.0","0.0","","0.0"
"a238c0000054JDdAAM","false","CLA-BD-0009903","","","","","","","","","a258c000004VBJxAAO","0.0","","Monument sign base construction Lang to verify if applicable","","31.0","","","","","42424078691187513","0.0","0.0","","0.0"
"a238c0000054JDeAAM","false","CLA-BD-0009904","","","","","","","","","a258c000004VBJsAAO","0.0","","GC Installed Items","","73.0","","","","","42425707071682583","0.0","0.0","0.0","0.0"
"a238c0000054JDfAAM","false","CLA-BD-0009905","","","","","","","","","a258c000004VBK2AAO","0.0","","Temp sidewalk","","15.0","","","","","42428750885871052","0.0","0.0","","0.0"
"a238c0000054JDgAAM","false","CLA-BD-0009906","","","","","","","","","a258c000004VBK2AAO","0.0","","Building Concrete Material","","49.0","","","","","42430065142161786","0.0","0.0","","0.0"
"a238c0000054JDhAAM","false","CLA-BD-0009907","","","","","","","","","a258c000004VBJzAAO","0.0","","Insurance","","24.0","","","","","42431130581590083","0.0","0.0","","0.0"
"a238c0000054JDiAAM","false","CLA-BD-0009908","","","","","","","","","a258c000004VBJzAAO","0.0","","Painting (Interior and Exterior)","","4.0","","","","","42432271754733751","0.0","0.0","","0.0"
"a238c0000054JDjAAM","false","CLA-BD-0009909","","","","","","","","","a258c000004VBJvAAO","0.0","","Doors & Hardware (SC w/ Metal Frame)","","8.0","","","","","42432637460628326","0.0","0.0","","0.0"
"a238c0000054JDkAAM","false","CLA-BD-0009910","","","","","","","","","a258c000004VBJyAAO","0.0","","Ceramic Tile","","17.0","","","","","42433802604355086","0.0","0.0","","0.0"
"a238c0000054JDlAAM","false","CLA-BD-0009911","","","","","","","","","a258c000004VBJuAAO","0.0","","Bituminous Damproofing","","11.0","","","","","42434477205881628","0.0","0.0","","0.0"
"a238c0000054JDmAAM","false","CLA-BD-0009912","","","","","","","","","a258c000004VBJqAAO","0.0","","Exterior Glass (7xS450)","","21.0","","","","","42435385661191662","0.0","0.0","","0.0"
"a238c0000054JDnAAM","false","CLA-BD-0009913","","","","","","","","","a258c000004VBJxAAO","0.0","","New approaches","","13.0","","","","","42438656057392712","0.0","0.0","","0.0"
"a238c0000054JDoAAM","false","CLA-BD-0009914","","","","","","","","","a258c000004VBJzAAO","0.0","","Electrical and Low Voltage","","1.0","","","","","42439862454035513","0.0","0.0","","0.0"
"a238c0000054JDpAAM","false","CLA-BD-0009915","","","","","","","","","a258c000004VBJsAAO","0.0","","Dumpster Approach","","41.0","","","","","42440885198870198","0.0","0.0","0.0","0.0"
"a238c0000054JDqAAM","false","CLA-BD-0009916","","","","","","","","","a258c000004VBJtAAO","0.0","","Dumpster Approach","","41.0","","","","","42442028849700448","0.0","0.0","0.0","0.0"
"a238c0000054JDrAAM","false","CLA-BD-0009917","","","","","","","","","a258c000004VBK2AAO","0.0","","Concrete Sidewalks","","27.0","","","","","42442101551554920","0.0","0.0","","0.0"
"a238c0000054JDsAAM","false","CLA-BD-0009918","","","","","","","","","a258c000004VBK2AAO","0.0","","Misc. S.S.","","71.0","","","","","42444048042579682","0.0","0.0","","0.0"
"a238c0000054JDtAAM","false","CLA-BD-0009919","","","","","","","","","a258c000004VBJxAAO","0.0","","Concrete Sidewalks","","27.0","","","","","42444249255186961","0.0","0.0","","0.0"
"a238c0000054JDuAAM","false","CLA-BD-0009920","","","","","","","","","a258c000004VBJwAAO","0.0","","Monument sign base construction Lang to verify if applicable","","31.0","","","","","42445283844473598","0.0","0.0","","0.0"
"a238c0000054JDvAAM","false","CLA-BD-0009921","","","","","","","","","a258c000004VBJsAAO","0.0","","Electrical Labor","","81.0","","","","","42445642823799604","0.0","0.0","0.0","0.0"
"a238c0000054JDwAAM","false","CLA-BD-0009922","","","","","","","","","a258c000004VBJwAAO","0.0","","Electrical site work/labor","","29.0","","","","","42446278052769600","0.0","0.0","","0.0"
"a238c0000054JDxAAM","false","CLA-BD-0009923","","","","","","","","","a258c000004VBJtAAO","0.0","","Misc.","","47.0","","","","","42446347475474850","0.0","0.0","0.0","0.0"
"a238c0000054JDyAAM","false","CLA-BD-0009924","","","","","","","","","a258c000004VBJwAAO","0.0","","Toilet Partitions","","89.0","","","","","42449816893558572","0.0","0.0","","0.0"
"a238c0000054JDzAAM","false","CLA-BD-0009925","","","","","","","","","a258c000004VBJtAAO","0.0","","Street light - new or relocate","","6.0","","","","","42450005935131119","0.0","0.0","0.0","0.0"
"a238c0000054JE0AAM","false","CLA-BD-0009926","","","","","","","","","a258c000004VBJwAAO","0.0","","Cedar brackets","","79.0","","","","","42450332029160854","0.0","0.0","","0.0"
"a238c0000054JE1AAM","false","CLA-BD-0009927","","","","","","","","","a258c000004VBJqAAO","0.0","","Painting (Interior and Exterior)","","4.0","","","","","42450683929085042","0.0","0.0","","0.0"
"a238c0000054JE2AAM","false","CLA-BD-0009928","","","","","","","","","a258c000004VBK1AAO","0.0","","Asphalt paving & striping","","35.0","","","","","42450981375612940","0.0","0.0","0.0","0.0"
"a238c0000054JE3AAM","false","CLA-BD-0009929","","","","","","","","","a258c000004VBJwAAO","0.0","","Preasure Washing","","43.0","","","","","42457910680021500","0.0","0.0","","0.0"
"a238c0000054JE4AAM","false","CLA-BD-0009930","","","","","","","","","a258c000004VBK2AAO","0.0","","EIFS / Lath & Plaster","","70.0","","","","","42461910288296159","0.0","0.0","","0.0"
"a238c0000054JE5AAM","false","CLA-BD-0009931","","","","","","","","","a258c000004VBJxAAO","0.0","","Dumpster Approach","","41.0","","","","","42464512258192924","0.0","0.0","","0.0"
"a238c0000054JE6AAM","false","CLA-BD-0009932","","","","","","","","","a258c000004VBJxAAO","0.0","","Concrete Foundation( Include building slab)","","51.0","","","","","42469541239682681","0.0","0.0","","0.0"
"a238c0000054JE7AAM","false","CLA-BD-0009933","","","","","","","","","a258c000004VBK2AAO","0.0","","Cedar brackets","","79.0","","","","","42471296380730690","0.0","0.0","","0.0"
"a238c0000054JE8AAM","false","CLA-BD-0009934","","","","","","","","","a258c000004VBJsAAO","0.0","","Concrete Foundation( Include building slab)","","51.0","","","","","42471739719843995","0.0","0.0","0.0","0.0"
"a238c0000054JE9AAM","false","CLA-BD-0009935","","","","","","","","","a258c000004VBK1AAO","0.0","","Water to Property line","","2.0","","","","","42472951376589459","0.0","0.0","0.0","0.0"
"a238c0000054JEAAA2","false","CLA-BD-0009936","","","","","","","","","a258c000004VBJxAAO","0.0","","Ceramic tile","","69.0","","","","","42474273888151978","0.0","0.0","","0.0"
"a238c0000054JEBAA2","false","CLA-BD-0009937","","","","","","","","","a258c000004VBJsAAO","0.0","","Service Yard Conc/CMU","","44.0","","","","","42475851710468545","0.0","0.0","0.0","0.0"
"a238c0000054JECAA2","false","CLA-BD-0009938","","","","","","","","","a258c000004VBK2AAO","0.0","","Masonry/Building","","52.0","","","","","42481687407638369","0.0","0.0","","0.0"
"a238c0000054JEDAA2","false","CLA-BD-0009939","","","","","","","","","a258c000004VBJwAAO","0.0","","Concrete Sidewalks","","27.0","","","","","42484487116442578","0.0","0.0","","0.0"
"a238c0000054JEEAA2","false","CLA-BD-0009940","","","","","","","","","a258c000004VBJwAAO","0.0","","Traffic signals - new or relocate","","9.0","","","","","42486041468285352","0.0","0.0","","0.0"
"a238c0000054JEFAA2","false","CLA-BD-0009941","","","","","","","","","a258c000004VBJqAAO","0.0","","Doors & Hardware (SC w/ Metal Frame)","","8.0","","","","","42487538327659451","0.0","0.0","","0.0"
"a238c0000054JEGAA2","false","CLA-BD-0009942","","","","","","","","","a258c000004VBJsAAO","0.0","","Concrete slabs/curbs (do not include in building slab)","","25.0","","","","","42487870693258028","0.0","0.0","0.0","0.0"
"a238c0000054JEHAA2","false","CLA-BD-0009943","","","","","","","","","a258c000004VBJwAAO","0.0","","Bollard w/ Covers","","37.0","","","","","42488527874862136","0.0","0.0","","0.0"
"a238c0000054JEIAA2","false","CLA-BD-0009944","","","","","","","","","a258c000004VBK2AAO","0.0","","Signage","","46.0","","","","","42492981860094350","0.0","0.0","","0.0"
"a238c0000054JEJAA2","false","CLA-BD-0009945","","","","","","","","","a258c000004VBJuAAO","0.0","","Landscaping","","3.0","","","","","42493910996639944","0.0","0.0","","0.0"
"a238c0000054JEKAA2","false","CLA-BD-0009946","","","","","","","","","a258c000004VBJuAAO","0.0","","Fabric Awnings","","23.0","","","","","42494099157114675","0.0","0.0","","0.0"
"a238c0000054JELAA2","false","CLA-BD-0009947","","","","","","","","","a258c000004VBJtAAO","0.0","","Barricades/Signs","","45.0","","","","","42494512814387669","0.0","0.0","0.0","0.0"
"a238c0000054JEMAA2","false","CLA-BD-0009948","","","","","","","","","a258c000004VBJtAAO","0.0","","Site Demolition","","22.0","","","","","42497283516690981","0.0","0.0","0.0","0.0"
"a238c0000054JENAA2","false","CLA-BD-0009949","","","","","","","","","a258c000004VBJtAAO","0.0","","Trash Enclosure","","24.0","","","","","42497405639262613","0.0","0.0","0.0","0.0"
"a238c0000054JEOAA2","false","CLA-BD-0009950","","","","","","","","","a258c000004VBJtAAO","0.0","","Finish Hardware","","57.0","","","","","42498870576941170","0.0","0.0","0.0","0.0"
"a238c0000054JEPAA2","false","CLA-BD-0009951","","","","","","","","","a258c000004VBJsAAO","0.0","","Fire Sprinkler (if required)","","77.0","","","","","42499779753571657","0.0","0.0","0.0","0.0"
"a238c0000054JEQAA2","false","CLA-BD-0009952","","","","","","","","","a258c000004VBK2AAO","0.0","","Glass & Glazing","","65.0","","","","","42500061180879349","0.0","0.0","","0.0"
"a238c0000054JERAA2","false","CLA-BD-0009953","","","","","","","","","a258c000004VBJqAAO","0.0","","Mechanical","","2.0","","","","","42501508690749555","0.0","0.0","","0.0"
"a238c0000054JESAA2","false","CLA-BD-0009954","","","","","","","","","a258c000004VBK1AAO","0.0","","Metal Fab","","78.0","","","","","42503976291789346","0.0","0.0","0.0","0.0"
"a238c0000054JETAA2","false","CLA-BD-0009955","","","","","","","","","a258c000004VBJuAAO","0.0","","Building Excavator","","4.0","","","","","42504428165720998","0.0","0.0","","0.0"
"a238c0000054JEUAA2","false","CLA-BD-0009956","","","","","","","","","a258c000004VBJwAAO","0.0","","Painting","","68.0","","","","","42506039738136810","0.0","0.0","","0.0"
"a238c0000054JEVAA2","false","CLA-BD-0009957","","","","","","","","","a258c000004VBJuAAO","0.0","","Fee","","31.0","","","","","42510701856543437","0.0","0.0","","0.0"
"a238c0000054JEWAA2","false","CLA-BD-0009958","","","","","","","","","a258c000004VBJtAAO","0.0","","Flooring (Rubber Floor/Silica/ Res-Tek)","","90.0","","","","","42512628269276500","0.0","0.0","0.0","0.0"
"a238c0000054JEXAA2","false","CLA-BD-0009959","","","","","","","","","a258c000004VBJsAAO","0.0","","New electric service","","4.0","","","","","42515033659762697","0.0","0.0","0.0","0.0"
"a238c0000054JEYAA2","false","CLA-BD-0009960","","","","","","","","","a258c000004VBJwAAO","0.0","","Rough Carpentry Labor","","61.0","","","","","42515299185374148","0.0","0.0","","0.0"
"a238c0000054JEZAA2","false","CLA-BD-0009961","","","","","","","","","a258c000004VBJwAAO","0.0","","Power Management System","","83.0","","","","","42517055646438714","0.0","0.0","","0.0"
"a238c0000054JEaAAM","false","CLA-BD-0009962","","","","","","","","","a258c000004VBJsAAO","0.0","","Lighting Fixtures","","85.0","","","","","42517705343450884","0.0","0.0","0.0","0.0"
"a238c0000054JEbAAM","false","CLA-BD-0009963","","","","","","","","","a258c000004VBK2AAO","0.0","","Sheet Metal","","63.0","","","","","42518666022537229","0.0","0.0","","0.0"
"a238c0000054JEcAAM","false","CLA-BD-0009964","","","","","","","","","a258c000004VBJsAAO","0.0","","Trash Enclosure","","24.0","","","","","42520870845089303","0.0","0.0","0.0","0.0"
"a238c0000054JEdAAM","false","CLA-BD-0009965","","","","","","","","","a258c000004VBJrAAO","0.0","","Unit Masonry","","7.0","","","","","4252226666175202","0.0","0.0","","0.0"
"a238c0000054JEeAAM","false","CLA-BD-0009966","","","","","","","","","a258c000004VBJvAAO","0.0","","Concrete Fill In Plumbing Trenches","","16.0","","","","","42526777409042854","0.0","0.0","","0.0"
"a238c0000054JEfAAM","false","CLA-BD-0009967","","","","","","","","","a258c000004VBJwAAO","0.0","","Barricades/Signs","","45.0","","","","","42529999672700179","0.0","0.0","","0.0"
"a238c0000054JEgAAM","false","CLA-BD-0009968","","","","","","","","","a258c000004VBJsAAO","0.0","","Traffic signals - new or relocate","","9.0","","","","","42530518497799614","0.0","0.0","0.0","0.0"
"a238c0000054JEhAAM","false","CLA-BD-0009969","","","","","","","","","a258c000004VBJrAAO","0.0","","Roofing &Sheetmetal Flashing","","12.0","","","","","42531632600105599","0.0","0.0","","0.0"
"a238c0000054JEiAAM","false","CLA-BD-0009970","","","","","","","","","a258c000004VBJwAAO","0.0","","Relocate Transformer","","17.0","","","","","42532584215412282","0.0","0.0","","0.0"
"a238c0000054JEjAAM","false","CLA-BD-0009971","","","","","","","","","a258c000004VBK1AAO","0.0","","Telephone Underground","","33.0","","","","","42533607741742836","0.0","0.0","0.0","0.0"
"a238c0000054JEkAAM","false","CLA-BD-0009972","","","","","","","","","a258c000004VBJqAAO","0.0","","Ceiling","","6.0","","","","","42534866993797982","0.0","0.0","","0.0"
"a238c0000054JElAAM","false","CLA-BD-0009973","","","","","","","","","a258c000004VBJxAAO","0.0","","Service Yard Conc/CMU","","44.0","","","","","42537424512221137","0.0","0.0","","0.0"
"a238c0000054JEmAAM","false","CLA-BD-0009974","","","","","","","","","a258c000004VBJzAAO","0.0","","Structural ( Entry Feature)","","15.0","","","","","42538047721179606","0.0","0.0","","0.0"
"a238c0000054JEnAAM","false","CLA-BD-0009975","","","","","","","","","a258c000004VBJqAAO","0.0","","Structural ( Entry Feature)","","15.0","","","","","42541552929213088","0.0","0.0","","0.0"
"a238c0000054JEoAAM","false","CLA-BD-0009976","","","","","","","","","a258c000004VBJtAAO","0.0","","GC Installed Items","","73.0","","","","","42543096296312560","0.0","0.0","0.0","0.0"
"a238c0000054JEpAAM","false","CLA-BD-0009977","","","","","","","","","a258c000004VBJsAAO","0.0","","H.V.A.C. System","","74.0","","","","","42547479583884092","0.0","0.0","0.0","0.0"
"a238c0000054JEqAAM","false","CLA-BD-0009978","","","","","","","","","a258c000004VBJxAAO","0.0","","Painting","","68.0","","","","","42553651607091280","0.0","0.0","","0.0"
"a238c0000054JErAAM","false","CLA-BD-0009979","","","","","","","","","a258c000004VBK1AAO","0.0","","Building Demolition","","48.0","","","","","42554315367575452","0.0","0.0","0.0","0.0"
"a238c0000054JEsAAM","false","CLA-BD-0009980","","","","","","","","","a258c000004VBJuAAO","0.0","","General Conditions","","29.0","","","","","42555706009898000","0.0","0.0","","0.0"
"a238c0000054JEtAAM","false","CLA-BD-0009981","","","","","","","","","a258c000004VBJyAAO","0.0","","Roofing &Sheetmetal Flashing","","12.0","","","","","42558504129938596","0.0","0.0","","0.0"
"a238c0000054JEuAAM","false","CLA-BD-0009982","","","","","","","","","a258c000004VBJsAAO","0.0","","EIFS / Lath & Plaster","","70.0","","","","","42558752653642472","0.0","0.0","0.0","0.0"
"a238c0000054JEvAAM","false","CLA-BD-0009983","","","","","","","","","a258c000004VBJsAAO","0.0","","New sidewalk","","12.0","","","","","42560035292325460","0.0","0.0","0.0","0.0"
"a238c0000054JEwAAM","false","CLA-BD-0009984","","","","","","","","","a258c000004VBK2AAO","0.0","","Drywall & Metal Studs","","66.0","","","","","42560092634574933","0.0","0.0","","0.0"
"a238c0000054JExAAM","false","CLA-BD-0009985","","","","","","","","","a258c000004VBK1AAO","0.0","","Storm Drain","","26.0","","","","","42560622209327075","0.0","0.0","0.0","0.0"
"a238c0000054JEyAAM","false","CLA-BD-0009986","","","","","","","","","a258c000004VBJxAAO","0.0","","Electrical site work/labor","","29.0","","","","","42561561380335339","0.0","0.0","","0.0"
"a238c0000054JEzAAM","false","CLA-BD-0009987","","","","","","","","","a258c000004VBJyAAO","0.0","","Acoustical Ceilings","","18.0","","","","","42562896575902282","0.0","0.0","","0.0"
"a238c0000054JF0AAM","false","CLA-BD-0009988","","","","","","","","","a258c000004VBK1AAO","0.0","","Fire Sprinkler Service","","38.0","","","","","42563642555862641","0.0","0.0","0.0","0.0"
"a238c0000054JF1AAM","false","CLA-BD-0009989","","","","","","","","","a258c000004VBJuAAO","0.0","","Allowance - Drywall Support/Finishing","","34.0","","","","","42563656296851461","0.0","0.0","","0.0"
"a238c0000054JF2AAM","false","CLA-BD-0009990","","","","","","","","","a258c000004VBK1AAO","0.0","","Concrete Sidewalks","","27.0","","","","","42564132644914191","0.0","0.0","0.0","0.0"
"a238c0000054JF3AAM","false","CLA-BD-0009991","","","","","","","","","a258c000004VBK1AAO","0.0","","Electrical Material","","82.0","","","","","42565656182677049","0.0","0.0","0.0","0.0"
"a238c0000054JF4AAM","false","CLA-BD-0009992","","","","","","","","","a258c000004VBJtAAO","0.0","","Concrete Foundation( Include building slab)","","51.0","","","","","42566958015228852","0.0","0.0","0.0","0.0"
"a238c0000054JF5AAM","false","CLA-BD-0009993","","","","","","","","","a258c000004VBK1AAO","0.0","","Cedar brackets","","79.0","","","","","42567432704634805","0.0","0.0","0.0","0.0"
"a238c0000054JF6AAM","false","CLA-BD-0009994","","","","","","","","","a258c000004VBJxAAO","0.0","","Temp sidewalk","","15.0","","","","","4256874686879947","0.0","0.0","","0.0"
"a238c0000054JF7AAM","false","CLA-BD-0009995","","","","","","","","","a258c000004VBK2AAO","0.0","","Site Demolition","","22.0","","","","","42568849395581391","0.0","0.0","","0.0"
"a238c0000054JF8AAM","false","CLA-BD-0009996","","","","","","","","","a258c000004VBJwAAO","0.0","","Finish Lumber & Doors","","54.0","","","","","42569313763142413","0.0","0.0","","0.0"
"a238c0000054JF9AAM","false","CLA-BD-0009997","","","","","","","","","a258c000004VBJyAAO","0.0","","Allowance - Add'l Steel Support","","33.0","","","","","42571027974902641","0.0","0.0","","0.0"
"a238c0000054JFAAA2","false","CLA-BD-0009998","","","","","","","","","a258c000004VBK2AAO","0.0","","Finish Carpentry Labor","","60.0","","","","","42573141128282989","0.0","0.0","","0.0"
"a238c0000054JFBAA2","false","CLA-BD-0009999","","","","","","","","","a258c000004VBJwAAO","0.0","","Glass & Glazing","","65.0","","","","","42575107492508969","0.0","0.0","","0.0"
"a238c0000054JFCAA2","false","CLA-BD-0010000","","","","","","","","","a258c000004VBJxAAO","0.0","","H.V.A.C. System","","74.0","","","","","42578165461918332","0.0","0.0","","0.0"
"a238c0000054JFDAA2","false","CLA-BD-0010001","","","","","","","","","a258c000004VBJsAAO","0.0","","Sewer to Property Line","","3.0","","","","","42578611214076579","0.0","0.0","0.0","0.0"
"a238c0000054JFEAA2","false","CLA-BD-0010002","","","","","","","","","a258c000004VBJxAAO","0.0","","Rough Carpentry Material","","62.0","","","","","42579086166156206","0.0","0.0","","0.0"
"a238c0000054JFFAA2","false","CLA-BD-0010003","","","","","","","","","a258c000004VBJsAAO","0.0","","Signage","","46.0","","","","","42580392880284309","0.0","0.0","0.0","0.0"
"a238c0000054JFGAA2","false","CLA-BD-0010004","","","","","","","","","a258c000004VBK1AAO","0.0","","Fire Sprinkler (if required)","","77.0","","","","","42580935752493828","0.0","0.0","0.0","0.0"
"a238c0000054JFHAA2","false","CLA-BD-0010005","","","","","","","","","a258c000004VBK2AAO","0.0","","Fire Extinguishers","","87.0","","","","","42581195002332741","0.0","0.0","","0.0"
"a238c0000054JFIAA2","false","CLA-BD-0010006","","","","","","","","","a258c000004VBK2AAO","0.0","","Concrete slabs/curbs (do not include in building slab)","","25.0","","","","","42583368692811438","0.0","0.0","","0.0"
"a238c0000054JFJAA2","false","CLA-BD-0010007","","","","","","","","","a258c000004VBJwAAO","0.0","","Sheet Metal","","63.0","","","","","42583679907298522","0.0","0.0","","0.0"
"a238c0000054JFKAA2","false","CLA-BD-0010008","","","","","","","","","a258c000004VBK2AAO","0.0","","Ceramic tile","","69.0","","","","","42583835567790859","0.0","0.0","","0.0"
"a238c0000054JFLAA2","false","CLA-BD-0010009","","","","","","","","","a258c000004VBJtAAO","0.0","","F.R.P. and marlite","","86.0","","","","","42584328166863781","0.0","0.0","0.0","0.0"
"a238c0000054JFMAA2","false","CLA-BD-0010010","","","","","","","","","a258c000004VBK1AAO","0.0","","Finish Hardware","","57.0","","","","","42584604181680972","0.0","0.0","0.0","0.0"
"a238c0000054JFNAA2","false","CLA-BD-0010011","","","","","","","","","a258c000004VBJtAAO","0.0","","Electrical Material","","82.0","","","","","42585191622436075","0.0","0.0","0.0","0.0"
"a238c0000054JFOAA2","false","CLA-BD-0010012","","","","","","","","","a258c000004VBJtAAO","0.0","","Preasure Washing","","43.0","","","","","42585541239079570","0.0","0.0","0.0","0.0"
"a238c0000054JFPAA2","false","CLA-BD-0010013","","","","","","","","","a258c000004VBJsAAO","0.0","","Cedar brackets","","79.0","","","","","42586769669198476","0.0","0.0","0.0","0.0"
"a238c0000054JFQAA2","false","CLA-BD-0010014","","","","","","","","","a258c000004VBJqAAO","0.0","","Plumbing","","3.0","","","","","42587097712938779","0.0","0.0","","0.0"
"a238c0000054JFRAA2","false","CLA-BD-0010015","","","","","","","","","a258c000004VBJsAAO","0.0","","Framing Labor","","58.0","","","","","42587479112666337","0.0","0.0","0.0","0.0"
"a238c0000054JFSAA2","false","CLA-BD-0010016","","","","","","","","","a258c000004VBJtAAO","0.0","","Concrete Sidewalks","","27.0","","","","","42589608607219746","0.0","0.0","0.0","0.0"
"a238c0000054JFTAA2","false","CLA-BD-0010017","","","","","","","","","a258c000004VBJtAAO","0.0","","Toilet accessories","","72.0","","","","","42591886293461653","0.0","0.0","0.0","0.0"
"a238c0000054JFUAA2","false","CLA-BD-0010018","","","","","","","","","a258c000004VBJvAAO","0.0","","Mechanical","","2.0","","","","","42592496802184260","0.0","0.0","","0.0"
"a238c0000054JFVAA2","false","CLA-BD-0010019","","","","","","","","","a258c000004VBJxAAO","0.0","","Insulation","","64.0","","","","","42593500468085494","0.0","0.0","","0.0"
"a238c0000054JFWAA2","false","CLA-BD-0010020","","","","","","","","","a258c000004VBJwAAO","0.0","","Acoustic Tile","","67.0","","","","","42594028438269021","0.0","0.0","","0.0"
"a238c0000054JFXAA2","false","CLA-BD-0010021","","","","","","","","","a258c000004VBJxAAO","0.0","","Sheet Metal","","63.0","","","","","42595880475701529","0.0","0.0","","0.0"
"a238c0000054JFYAA2","false","CLA-BD-0010022","","","","","","","","","a258c000004VBK2AAO","0.0","","Electrical Material","","82.0","","","","","42597159574408341","0.0","0.0","","0.0"
"a238c0000054JFZAA2","false","CLA-BD-0010023","","","","","","","","","a258c000004VBJrAAO","0.0","","General Conditions","","29.0","","","","","42599135747264656","0.0","0.0","","0.0"
"a238c0000054JFaAAM","false","CLA-BD-0010024","","","","","","","","","a258c000004VBJzAAO","0.0","","Drywall and Framing","","7.0","","","","","42601821273611643","0.0","0.0","","0.0"
"a238c0000054JFbAAM","false","CLA-BD-0010025","","","","","","","","","a258c000004VBJyAAO","0.0","","Joint Sealers","","13.0","","","","","42602165390756683","0.0","0.0","","0.0"
"a238c0000054JFcAAM","false","CLA-BD-0010026","","","","","","","","","a258c000004VBK1AAO","0.0","","Concrete light bases","","28.0","","","","","42604080704897172","0.0","0.0","0.0","0.0"
"a238c0000054JFdAAM","false","CLA-BD-0010027","","","","","","","","","a258c000004VBJwAAO","0.0","","Street paving and markings","","14.0","","","","","42607460221533445","0.0","0.0","","0.0"
"a238c0000054JFeAAM","false","CLA-BD-0010028","","","","","","","","","a258c000004VBK1AAO","0.0","","Site Lighting Material","","30.0","","","","","42608552132632692","0.0","0.0","0.0","0.0"
"a238c0000054JFfAAM","false","CLA-BD-0010029","","","","","","","","","a258c000004VBJrAAO","0.0","","Fire Protection","","26.0","","","","","42608618981829783","0.0","0.0","","0.0"
"a238c0000054JFgAAM","false","CLA-BD-0010030","","","","","","","","","a258c000004VBJyAAO","0.0","","S & C Bond","","30.0","","","","","42609722069178266","0.0","0.0","","0.0"
"a238c0000054JFhAAM","false","CLA-BD-0010031","","","","","","","","","a258c000004VBJqAAO","0.0","","CMU - Stucco","","11.0","","","","","42610507487340650","0.0","0.0","","0.0"
"a238c0000054JFiAAM","false","CLA-BD-0010032","","","","","","","","","a258c000004VBJtAAO","0.0","","Insulation","","64.0","","","","","42611982761223309","0.0","0.0","0.0","0.0"
"a238c0000054JFjAAM","false","CLA-BD-0010033","","","","","","","","","a258c000004VBJrAAO","0.0","","Rough Carpentry","","9.0","","","","","42615863740049765","0.0","0.0","","0.0"
"a238c0000054JFkAAM","false","CLA-BD-0010034","","","","","","","","","a258c000004VBJsAAO","0.0","","Concrete light bases","","28.0","","","","","42619683087951044","0.0","0.0","0.0","0.0"
"a238c0000054JFlAAM","false","CLA-BD-0010035","","","","","","","","","a258c000004VBJuAAO","0.0","","Resilient and Carpet Flooring","","20.0","","","","","42620958039176433","0.0","0.0","","0.0"
"a238c0000054JFmAAM","false","CLA-BD-0010036","","","","","","","","","a258c000004VBJyAAO","0.0","","Sitework","","1.0","","","","","42621322851003010","0.0","0.0","","0.0"
"a238c0000054JFnAAM","false","CLA-BD-0010037","","","","","","","","","a258c000004VBJwAAO","0.0","","Fire Hydrant","","40.0","","","","","42622227465873208","0.0","0.0","","0.0"
"a238c0000054JFoAAM","false","CLA-BD-0010038","","","","","","","","","a258c000004VBJxAAO","0.0","","Acoustic Tile","","67.0","","","","","42624508960291417","0.0","0.0","","0.0"
"a238c0000054JFpAAM","false","CLA-BD-0010039","","","","","","","","","a258c000004VBJyAAO","0.0","","Unit Masonry","","7.0","","","","","42625695041278474","0.0","0.0","","0.0"
"a238c0000054JFqAAM","false","CLA-BD-0010040","","","","","","","","","a258c000004VBJsAAO","0.0","","Plumbing","","76.0","","","","","42625706685896434","0.0","0.0","0.0","0.0"
"a238c0000054JFrAAM","false","CLA-BD-0010041","","","","","","","","","a258c000004VBJtAAO","0.0","","Gas to Property Line","","1.0","","","","","42626072768553893","0.0","0.0","0.0","0.0"
"a238c0000054JFsAAM","false","CLA-BD-0010042","","","","","","","","","a258c000004VBJxAAO","0.0","","Cabinets / Millwork","","88.0","","","","","42626353128838175","0.0","0.0","","0.0"
"a238c0000054JFtAAM","false","CLA-BD-0010043","","","","","","","","","a258c000004VBJwAAO","0.0","","Electrical Labor","","81.0","","","","","42631617551377423","0.0","0.0","","0.0"
"a238c0000054JFuAAM","false","CLA-BD-0010044","","","","","","","","","a258c000004VBK1AAO","0.0","","Cabinets / Millwork","","88.0","","","","","42632781624052178","0.0","0.0","0.0","0.0"
"a238c0000054JFvAAM","false","CLA-BD-0010045","","","","","","","","","a258c000004VBK2AAO","0.0","","Telephone Underground","","33.0","","","","","42632792106961280","0.0","0.0","","0.0"
"a238c0000054JFwAAM","false","CLA-BD-0010046","","","","","","","","","a258c000004VBK1AAO","0.0","","Wheel stops","","42.0","","","","","42634339669795368","0.0","0.0","0.0","0.0"
"a238c0000054JFxAAM","false","CLA-BD-0010047","","","","","","","","","a258c000004VBJwAAO","0.0","","Ceramic tile","","69.0","","","","","42634814139605158","0.0","0.0","","0.0"
"a238c0000054JFyAAM","false","CLA-BD-0010048","","","","","","","","","a258c000004VBJqAAO","0.0","","O&P","","23.0","","","","","42636481232665608","0.0","0.0","","0.0"
"a238c0000054JFzAAM","false","CLA-BD-0010049","","","","","","","","","a258c000004VBK2AAO","0.0","","Plumbing","","76.0","","","","","42636780833946668","0.0","0.0","","0.0"
"a238c0000054JG0AAM","false","CLA-BD-0010050","","","","","","","","","a258c000004VBJsAAO","0.0","","100 ft secondary service","","84.0","","","","","42638169021003809","0.0","0.0","0.0","0.0"
"a238c0000054JG1AAM","false","CLA-BD-0010051","","","","","","","","","a258c000004VBJtAAO","0.0","","Grade fill / cut","","21.0","","","","","42638746188691169","0.0","0.0","0.0","0.0"
"a238c0000054JG2AAM","false","CLA-BD-0010052","","","","","","","","","a258c000004VBK1AAO","0.0","","Fire Hydrant","","40.0","","","","","42639140566329148","0.0","0.0","0.0","0.0"
"a238c0000054JG3AAM","false","CLA-BD-0010053","","","","","","","","","a258c000004VBK1AAO","0.0","","Temp sidewalk","","15.0","","","","","42639835980245422","0.0","0.0","0.0","0.0"
"a238c0000054JG4AAM","false","CLA-BD-0010054","","","","","","","","","a258c000004VBJuAAO","0.0","","Unit Masonry","","7.0","","","","","42642645678479732","0.0","0.0","","0.0"
"a238c0000054JG5AAM","false","CLA-BD-0010055","","","","","","","","","a258c000004VBJvAAO","0.0","","Ceiling","","6.0","","","","","4264280103920152","0.0","0.0","","0.0"
"a238c0000054JG6AAM","false","CLA-BD-0010056","","","","","","","","","a258c000004VBK2AAO","0.0","","Fire Hydrant","","40.0","","","","","42642947939474463","0.0","0.0","","0.0"
"a238c0000054JG7AAM","false","CLA-BD-0010057","","","","","","","","","a258c000004VBK1AAO","0.0","","New sidewalk","","12.0","","","","","42647448333286074","0.0","0.0","0.0","0.0"
"a238c0000054JG8AAM","false","CLA-BD-0010058","","","","","","","","","a258c000004VBJvAAO","0.0","","General Conditions","","22.0","","","","","42650402289214235","0.0","0.0","","0.0"
"a238c0000054JG9AAM","false","CLA-BD-0010059","","","","","","","","","a258c000004VBJvAAO","0.0","","Plumbing","","3.0","","","","","42651272663354785","0.0","0.0","","0.0"
"a238c0000054JGAAA2","false","CLA-BD-0010060","","","","","","","","","a258c000004VBJxAAO","0.0","","Corporate Decor Package Installation","","93.0","","","","","42651329872621154","0.0","0.0","","0.0"
"a238c0000054JGBAA2","false","CLA-BD-0010061","","","","","","","","","a258c000004VBJsAAO","0.0","","Cabinets / Millwork","","88.0","","","","","42652344007621176","0.0","0.0","0.0","0.0"
"a238c0000054JGCAA2","false","CLA-BD-0010062","","","","","","","","","a258c000004VBJvAAO","0.0","","Flooring","","5.0","","","","","42654211310096662","0.0","0.0","","0.0"
"a238c0000054JGDAA2","false","CLA-BD-0010063","","","","","","","","","a258c000004VBK1AAO","0.0","","Offsite Demolition","","10.0","","","","","42655123407481451","0.0","0.0","0.0","0.0"
"a238c0000054JGEAA2","false","CLA-BD-0010064","","","","","","","","","a258c000004VBK2AAO","0.0","","Power Management System","","83.0","","","","","42655163138213961","0.0","0.0","","0.0"
"a238c0000054JGFAA2","false","CLA-BD-0010065","","","","","","","","","a258c000004VBJsAAO","0.0","","Preasure Washing","","43.0","","","","","42657440002679518","0.0","0.0","0.0","0.0"
"a238c0000054JGGAA2","false","CLA-BD-0010066","","","","","","","","","a258c000004VBK2AAO","0.0","","Plumbing sit work","","32.0","","","","","42658194635651154","0.0","0.0","","0.0"
"a238c0000054JGHAA2","false","CLA-BD-0010067","","","","","","","","","a258c000004VBJxAAO","0.0","","Finish Lumber & Doors","","54.0","","","","","42659162641070782","0.0","0.0","","0.0"
"a238c0000054JGIAA2","false","CLA-BD-0010068","","","","","","","","","a258c000004VBJtAAO","0.0","","Misc.","","92.0","","","","","42659302964830145","0.0","0.0","0.0","0.0"
"a238c0000054JGJAA2","false","CLA-BD-0010069","","","","","","","","","a258c000004VBJxAAO","0.0","","Flooring (Rubber Floor/Silica/ Res-Tek)","","90.0","","","","","42660170386449149","0.0","0.0","","0.0"
"a238c0000054JGKAA2","false","CLA-BD-0010070","","","","","","","","","a258c000004VBJwAAO","0.0","","New approaches","","13.0","","","","","42663101474468650","0.0","0.0","","0.0"
"a238c0000054JGLAA2","false","CLA-BD-0010071","","","","","","","","","a258c000004VBK2AAO","0.0","","Toilet Partitions","","89.0","","","","","42665672530231973","0.0","0.0","","0.0"
"a238c0000054JGMAA2","false","CLA-BD-0010072","","","","","","","","","a258c000004VBJxAAO","0.0","","New sidewalk","","12.0","","","","","42669069926170208","0.0","0.0","","0.0"
"a238c0000054JGNAA2","false","CLA-BD-0010073","","","","","","","","","a258c000004VBJsAAO","0.0","","TABC - Air Balance (Required)","","75.0","","","","","42671249476185544","0.0","0.0","0.0","0.0"
"a238c0000054JGOAA2","false","CLA-BD-0010074","","","","","","","","","a258c000004VBJxAAO","0.0","","Masonry/Building","","52.0","","","","","42671515751372726","0.0","0.0","","0.0"
"a238c0000054JGPAA2","false","CLA-BD-0010075","","","","","","","","","a258c000004VBJtAAO","0.0","","Bollard w/ Covers","","37.0","","","","","42671781518424246","0.0","0.0","0.0","0.0"
"a238c0000054JGQAA2","false","CLA-BD-0010076","","","","","","","","","a258c000004VBK1AAO","0.0","","Street paving and markings","","14.0","","","","","42675445061721387","0.0","0.0","0.0","0.0"
"a238c0000054JGRAA2","false","CLA-BD-0010077","","","","","","","","","a258c000004VBJrAAO","0.0","","Structural Steel","","8.0","","","","","42675575780116620","0.0","0.0","","0.0"
"a238c0000054JGSAA2","false","CLA-BD-0010078","","","","","","","","","a258c000004VBJuAAO","0.0","","Doors/Frames/Hardware","","14.0","","","","","42677220132964765","0.0","0.0","","0.0"
"a238c0000054JGTAA2","false","CLA-BD-0010079","","","","","","","","","a258c000004VBJxAAO","0.0","","Off site fire hydrant","","8.0","","","","","42677223692590863","0.0","0.0","","0.0"
"a238c0000054JGUAA2","false","CLA-BD-0010080","","","","","","","","","a258c000004VBJwAAO","0.0","","Landscaping w/ Irrigation (Required)","","36.0","","","","","42677542980799964","0.0","0.0","","0.0"
"a238c0000054JGVAA2","false","CLA-BD-0010081","","","","","","","","","a258c000004VBJuAAO","0.0","","Cast in Place Concrete","","5.0","","","","","42677823870627021","0.0","0.0","","0.0"
"a238c0000054JGWAA2","false","CLA-BD-0010082","","","","","","","","","a258c000004VBJsAAO","0.0","","Telephone Underground","","33.0","","","","","42678173592293945","0.0","0.0","0.0","0.0"
"a238c0000054JGXAA2","false","CLA-BD-0010083","","","","","","","","","a258c000004VBJwAAO","0.0","","Finish Carpentry Labor","","60.0","","","","","42681694426914343","0.0","0.0","","0.0"
"a238c0000054JGYAA2","false","CLA-BD-0010084","","","","","","","","","a258c000004VBK1AAO","0.0","","Concrete Foundation( Include building slab)","","51.0","","","","","42684110528665480","0.0","0.0","0.0","0.0"
"a238c0000054JGZAA2","false","CLA-BD-0010085","","","","","","","","","a258c000004VBK2AAO","0.0","","Concrete paving","","34.0","","","","","42686005043026254","0.0","0.0","","0.0"
"a238c0000054JGaAAM","false","CLA-BD-0010086","","","","","","","","","a258c000004VBJuAAO","0.0","","Linear Metal Ceilings","","19.0","","","","","42686726561016197","0.0","0.0","","0.0"
"a238c0000054JGbAAM","false","CLA-BD-0010087","","","","","","","","","a258c000004VBJxAAO","0.0","","Concrete light bases","","28.0","","","","","42687116135468528","0.0","0.0","","0.0"
"a238c0000054JGcAAM","false","CLA-BD-0010088","","","","","","","","","a258c000004VBJyAAO","0.0","","Structural Steel","","8.0","","","","","42689059522858611","0.0","0.0","","0.0"
"a238c0000054JGdAAM","false","CLA-BD-0010089","","","","","","","","","a258c000004VBJtAAO","0.0","","Painting","","68.0","","","","","42692485968980203","0.0","0.0","0.0","0.0"
"a238c0000054JGeAAM","false","CLA-BD-0010090","","","","","","","","","a258c000004VBJwAAO","0.0","","Metal Fab","","78.0","","","","","42697897025318898","0.0","0.0","","0.0"
"a238c0000054JGfAAM","false","CLA-BD-0010091","","","","","","","","","a258c000004VBJwAAO","0.0","","New Curb & Gutter","","11.0","","","","","42698753606073882","0.0","0.0","","0.0"
"a238c0000054JGgAAM","false","CLA-BD-0010092","","","","","","","","","a258c000004VBJxAAO","0.0","","Electrical Material","","82.0","","","","","42700033471296741","0.0","0.0","","0.0"
"a238c0000054JGhAAM","false","CLA-BD-0010093","","","","","","","","","a258c000004VBK2AAO","0.0","","Electrical Labor","","81.0","","","","","42702395256446626","0.0","0.0","","0.0"
"a238c0000054JGiAAM","false","CLA-BD-0010094","","","","","","","","","a258c000004VBJuAAO","0.0","","Allowance - Mis Paving Earthwork","","32.0","","","","","42705633390981490","0.0","0.0","","0.0"
"a238c0000054JGjAAM","false","CLA-BD-0010095","","","","","","","","","a258c000004VBJwAAO","0.0","","Fire Sprinkler (if required)","","77.0","","","","","42707143803860408","0.0","0.0","","0.0"
"a238c0000054JGkAAM","false","CLA-BD-0010096","","","","","","","","","a258c000004VBJxAAO","0.0","","Gas to Property Line","","1.0","","","","","42707518422274797","0.0","0.0","","0.0"
"a238c0000054JGlAAM","false","CLA-BD-0010097","","","","","","","","","a258c000004VBJyAAO","0.0","","Allowance - Drywall Support/Finishing","","34.0","","","","","42708419265474916","0.0","0.0","","0.0"
"a238c0000054JGmAAM","false","CLA-BD-0010098","","","","","","","","","a258c000004VBJxAAO","0.0","","Survey","","18.0","","","","","42709059929897159","0.0","0.0","","0.0"
"a238c0000054JGnAAM","false","CLA-BD-0010099","","","","","","","","","a258c000004VBK2AAO","0.0","","Site Lighting Material","","30.0","","","","","42709951400384944","0.0","0.0","","0.0"
"a238c0000054JGoAAM","false","CLA-BD-0010100","","","","","","","","","a258c000004VBK1AAO","0.0","","Survey","","18.0","","","","","42715063826203440","0.0","0.0","0.0","0.0"
"a238c0000054JGpAAM","false","CLA-BD-0010101","","","","","","","","","a258c000004VBJsAAO","0.0","","Monument sign base construction Lang to verify if applicable","","31.0","","","","","42716542934575386","0.0","0.0","0.0","0.0"
"a238c0000054JGqAAM","false","CLA-BD-0010102","","","","","","","","","a258c000004VBK1AAO","0.0","","F.R.P. and marlite","","86.0","","","","","42719108399509862","0.0","0.0","0.0","0.0"
"a238c0000054JGrAAM","false","CLA-BD-0010103","","","","","","","","","a258c000004VBK2AAO","0.0","","New approaches","","13.0","","","","","42721280454363625","0.0","0.0","","0.0"
"a238c0000054JGsAAM","false","CLA-BD-0010104","","","","","","","","","a258c000004VBK1AAO","0.0","","Fire Extinguishers","","87.0","","","","","42721649497475817","0.0","0.0","0.0","0.0"
"a238c0000054JGtAAM","false","CLA-BD-0010105","","","","","","","","","a258c000004VBJsAAO","0.0","","Plumbing sit work","","32.0","","","","","42722379615252063","0.0","0.0","0.0","0.0"
"a238c0000054JGuAAM","false","CLA-BD-0010106","","","","","","","","","a258c000004VBJwAAO","0.0","","Wood Doors","","56.0","","","","","42722466258805063","0.0","0.0","","0.0"
"a238c0000054JGvAAM","false","CLA-BD-0010107","","","","","","","","","a258c000004VBJtAAO","0.0","","Power Management System","","83.0","","","","","42722512141694029","0.0","0.0","0.0","0.0"
"a238c0000054JGwAAM","false","CLA-BD-0010108","","","","","","","","","a258c000004VBJxAAO","0.0","","Drywall & Metal Studs","","66.0","","","","","42724202134594379","0.0","0.0","","0.0"
"a238c0000054JGxAAM","false","CLA-BD-0010109","","","","","","","","","a258c000004VBJzAAO","0.0","","Millwork","","14.0","","","","","42725874827067433","0.0","0.0","","0.0"
"a238c0000054JGyAAM","false","CLA-BD-0010110","","","","","","","","","a258c000004VBJwAAO","0.0","","Lighting Fixtures","","85.0","","","","","42726104476460515","0.0","0.0","","0.0"
"a238c0000054JGzAAM","false","CLA-BD-0010111","","","","","","","","","a258c000004VBJrAAO","0.0","","Change Orders","","36.0","","","","","42727665587049337","0.0","0.0","","0.0"
"a238c0000054JH0AAM","false","CLA-BD-0010112","","","","","","","","","a258c000004VBJtAAO","0.0","","Storm Drain","","26.0","","","","","42728038952622267","0.0","0.0","0.0","0.0"
"a238c0000054JH1AAM","false","CLA-BD-0010113","","","","","","","","","a258c000004VBJuAAO","0.0","","S & C Bond","","30.0","","","","","42729225202556486","0.0","0.0","","0.0"
"a238c0000054JH2AAM","false","CLA-BD-0010114","","","","","","","","","a258c000004VBJrAAO","0.0","","Tilt-Up Precast Concrete","","6.0","","","","","42729334508640524","0.0","0.0","","0.0"
"a238c0000054JH3AAM","false","CLA-BD-0010115","","","","","","","","","a258c000004VBJtAAO","0.0","","Finish Carpentry Labor","","60.0","","","","","42729470484298065","0.0","0.0","0.0","0.0"
"a238c0000054JH4AAM","false","CLA-BD-0010116","","","","","","","","","a258c000004VBJwAAO","0.0","","Off site fire hydrant","","8.0","","","","","42731565287870165","0.0","0.0","","0.0"
"a238c0000054JH5AAM","false","CLA-BD-0010117","","","","","","","","","a258c000004VBK1AAO","0.0","","Sheet Metal","","63.0","","","","","42732147636264141","0.0","0.0","0.0","0.0"
"a238c0000054JH6AAM","false","CLA-BD-0010118","","","","","","","","","a258c000004VBJsAAO","0.0","","Toilet Partitions","","89.0","","","","","42732258317857977","0.0","0.0","0.0","0.0"
"a238c0000054JH7AAM","false","CLA-BD-0010119","","","","","","","","","a258c000004VBJxAAO","0.0","","Site Demolition","","22.0","","","","","42732607136102219","0.0","0.0","","0.0"
"a238c0000054JH8AAM","false","CLA-BD-0010120","","","","","","","","","a258c000004VBK2AAO","0.0","","Structural Steel","","53.0","","","","","42733062906856681","0.0","0.0","","0.0"
"a238c0000054JH9AAM","false","CLA-BD-0010121","","","","","","","","","a258c000004VBJyAAO","0.0","","Electrical","","28.0","","","","","42733379171416023","0.0","0.0","","0.0"
"a238c0000054JHAAA2","false","CLA-BD-0010122","","","","","","","","","a258c000004VBJrAAO","0.0","","Hydraulic Elevators","","24.0","","","","","42733752472748276","0.0","0.0","","0.0"
"a238c0000054JHBAA2","false","CLA-BD-0010123","","","","","","","","","a258c000004VBJzAAO","0.0","","Mechanical","","2.0","","","","","42734403473313298","0.0","0.0","","0.0"
"a238c0000054JHCAA2","false","CLA-BD-0010124","","","","","","","","","a258c000004VBJxAAO","0.0","","Asphalt paving & striping","","35.0","","","","","42736903595874178","0.0","0.0","","0.0"
"a238c0000054JHDAA2","false","CLA-BD-0010125","","","","","","","","","a258c000004VBJwAAO","0.0","","Signage","","46.0","","","","","42737840698928271","0.0","0.0","","0.0"
"a238c0000054JHEAA2","false","CLA-BD-0010126","","","","","","","","","a258c000004VBJrAAO","0.0","","Resilient and Carpet Flooring","","20.0","","","","","42741352116750018","0.0","0.0","","0.0"
"a238c0000054JHFAA2","false","CLA-BD-0010127","","","","","","","","","a258c000004VBJvAAO","0.0","","Roofing","","19.0","","","","","42741399979275724","0.0","0.0","","0.0"
"a238c0000054JHGAA2","false","CLA-BD-0010128","","","","","","","","","a258c000004VBJuAAO","0.0","","Fire Protection","","26.0","","","","","42743155056530558","0.0","0.0","","0.0"
"a238c0000054JHHAA2","false","CLA-BD-0010129","","","","","","","","","a258c000004VBJsAAO","0.0","","Roofing","","59.0","","","","","42743432408773329","0.0","0.0","0.0","0.0"
"a238c0000054JHIAA2","false","CLA-BD-0010130","","","","","","","","","a258c000004VBJtAAO","0.0","","Corporate Decor Package Installation","","93.0","","","","","42744142891282844","0.0","0.0","0.0","0.0"
"a238c0000054JHJAA2","false","CLA-BD-0010131","","","","","","","","","a258c000004VBK2AAO","0.0","","Building Demolition","","48.0","","","","","42749072416130748","0.0","0.0","","0.0"
"a238c0000054JHKAA2","false","CLA-BD-0010132","","","","","","","","","a258c000004VBJzAAO","0.0","","Flooring","","5.0","","","","","42752838485734970","0.0","0.0","","0.0"
"a238c0000054JHLAA2","false","CLA-BD-0010133","","","","","","","","","a258c000004VBJxAAO","0.0","","Soils","","20.0","","","","","42753274723971832","0.0","0.0","","0.0"
"a238c0000054JHMAA2","false","CLA-BD-0010134","","","","","","","","","a258c000004VBJxAAO","0.0","","Roofing","","59.0","","","","","42754790924118209","0.0","0.0","","0.0"
"a238c0000054JHNAA2","false","CLA-BD-0010135","","","","","","","","","a258c000004VBK2AAO","0.0","","Monument sign base construction Lang to verify if applicable","","31.0","","","","","42757056433505261","0.0","0.0","","0.0"
"a238c0000054JHOAA2","false","CLA-BD-0010136","","","","","","","","","a258c000004VBJtAAO","0.0","","Ceramic tile","","69.0","","","","","42757651975673884","0.0","0.0","0.0","0.0"
"a238c0000054JHPAA2","false","CLA-BD-0010137","","","","","","","","","a258c000004VBJzAAO","0.0","","Lights - LED","","20.0","","","","","42758134652290606","0.0","0.0","","0.0"
"a238c0000054JHQAA2","false","CLA-BD-0010138","","","","","","","","","a258c000004VBJsAAO","0.0","","Street paving and markings","","14.0","","","","","42759388635163463","0.0","0.0","0.0","0.0"
"a238c0000054JHRAA2","false","CLA-BD-0010139","","","","","","","","","a258c000004VBJyAAO","0.0","","Termite Control","","2.0","","","","","42762314988923784","0.0","0.0","","0.0"
"a238c0000054JHSAA2","false","CLA-BD-0010140","","","","","","","","","a258c000004VBJxAAO","0.0","","Wheel stops","","42.0","","","","","42764906906290882","0.0","0.0","","0.0"
"a238c0000054JHTAA2","false","CLA-BD-0010141","","","","","","","","","a258c000004VBJsAAO","0.0","","Gas to Property Line","","1.0","","","","","4276607457744751","0.0","0.0","0.0","0.0"
"a238c0000054JHUAA2","false","CLA-BD-0010142","","","","","","","","","a258c000004VBJyAAO","0.0","","Hydraulic Elevators","","24.0","","","","","42766501100072533","0.0","0.0","","0.0"
"a238c0000054JHVAA2","false","CLA-BD-0010143","","","","","","","","","a258c000004VBJxAAO","0.0","","Electrical Labor","","81.0","","","","","42767437914318135","0.0","0.0","","0.0"
"a238c0000054JHWAA2","false","CLA-BD-0010144","","","","","","","","","a258c000004VBJqAAO","0.0","","Drywall and Framing","","7.0","","","","","42769972314701735","0.0","0.0","","0.0"
"a238c0000054JHXAA2","false","CLA-BD-0010145","","","","","","","","","a258c000004VBJxAAO","0.0","","Toilet accessories","","72.0","","","","","42771093967820751","0.0","0.0","","0.0"
"a238c0000054JHYAA2","false","CLA-BD-0010146","","","","","","","","","a258c000004VBJsAAO","0.0","","Rough Carpentry Material","","62.0","","","","","42772683834811407","0.0","0.0","0.0","0.0"
"a238c0000054JHZAA2","false","CLA-BD-0010147","","","","","","","","","a258c000004VBK1AAO","0.0","","Storm Drain","","16.0","","","","","42774505006903390","0.0","0.0","0.0","0.0"
"a238c0000054JHaAAM","false","CLA-BD-0010148","","","","","","","","","a258c000004VBJrAAO","0.0","","Finish Carpentry/Millwork","","10.0","","","","","42775966349135705","0.0","0.0","","0.0"
"a238c0000054JHbAAM","false","CLA-BD-0010149","","","","","","","","","a258c000004VBJxAAO","0.0","","Lighting Fixtures","","85.0","","","","","42776943175110013","0.0","0.0","","0.0"
"a238c0000054JHcAAM","false","CLA-BD-0010150","","","","","","","","","a258c000004VBJvAAO","0.0","","Millwork","","14.0","","","","","42778679136802861","0.0","0.0","","0.0"
"a238c0000054JHdAAM","false","CLA-BD-0010151","","","","","","","","","a258c000004VBJxAAO","0.0","","Trash Enclosure","","24.0","","","","","42778992974504931","0.0","0.0","","0.0"
"a238c0000054JHeAAM","false","CLA-BD-0010152","","","","","","","","","a258c000004VBJsAAO","0.0","","Wheel stops","","42.0","","","","","42780088951648808","0.0","0.0","0.0","0.0"
"a238c0000054JHfAAM","false","CLA-BD-0010153","","","","","","","","","a258c000004VBJwAAO","0.0","","Roofing","","59.0","","","","","42780332314646748","0.0","0.0","","0.0"
"a238c0000054JHgAAM","false","CLA-BD-0010154","","","","","","","","","a258c000004VBJxAAO","0.0","","Storm Drain","","16.0","","","","","42781211073631547","0.0","0.0","","0.0"
"a238c0000054JKuAAM","false","CLA-BD-0010354","","","","","","","","","a258c000004VBJvAAO","0.0","","Roof Structure (Trusses, Sheeting, Labor)","","18.0","","","","","42781412214506777","0.0","0.0","","0.0"
"a238c0000054JKvAAM","false","CLA-BD-0010355","","","","","","","","","a258c000004VBJxAAO","0.0","","Bollard w/ Covers","","37.0","","","","","42783385511531621","0.0","0.0","","0.0"
"a238c0000054JKwAAM","false","CLA-BD-0010356","","","","","","","","","a258c000004VBJwAAO","0.0","","Sewer to Property Line","","3.0","","","","","42784070898939231","0.0","0.0","","0.0"
"a238c0000054JKxAAM","false","CLA-BD-0010357","","","","","","","","","a258c000004VBK1AAO","0.0","","Finish Lumber & Doors","","54.0","","","","","42785619981104765","0.0","0.0","0.0","0.0"
"a238c0000054JKyAAM","false","CLA-BD-0010358","","","","","","","","","a258c000004VBJsAAO","0.0","","Glass & Glazing","","65.0","","","","","42787490982664551","0.0","0.0","0.0","0.0"
"a238c0000054JKzAAM","false","CLA-BD-0010359","","","","","","","","","a258c000004VBJtAAO","0.0","","TABC - Air Balance (Required)","","75.0","","","","","42787641965614783","0.0","0.0","0.0","0.0"
"a238c0000054JL0AAM","false","CLA-BD-0010360","","","","","","","","","a258c000004VBJwAAO","0.0","","Finish Hardware","","57.0","","","","","42788207194541192","0.0","0.0","","0.0"
"a238c0000054JL1AAM","false","CLA-BD-0010361","","","","","","","","","a258c000004VBJtAAO","0.0","","Site Lighting Material","","30.0","","","","","42789051825133893","0.0","0.0","0.0","0.0"
"a238c0000054JL2AAM","false","CLA-BD-0010362","","","","","","","","","a258c000004VBK1AAO","0.0","","Roofing","","59.0","","","","","42791341669079564","0.0","0.0","0.0","0.0"
"a238c0000054JL3AAM","false","CLA-BD-0010363","","","","","","","","","a258c000004VBJsAAO","0.0","","Flooring (Rubber Floor/Silica/ Res-Tek)","","90.0","","","","","42791378700554865","0.0","0.0","0.0","0.0"
"a238c0000054JL4AAM","false","CLA-BD-0010364","","","","","","","","","a258c000004VBJyAAO","0.0","","Plumbing","","25.0","","","","","42796703918212883","0.0","0.0","","0.0"
"a238c0000054JL5AAM","false","CLA-BD-0010365","","","","","","","","","a258c000004VBJuAAO","0.0","","Joint Sealers","","13.0","","","","","42797212598992768","0.0","0.0","","0.0"
"a23Ka00000339BjIAI","false","CLA-BD-0011450","","","","","","","","","a258c000004VBCVAA4","","","","New Notes","","","","","","42797649368744528","0.0","","0.0","0.0"
"a238c0000054JL6AAM","false","CLA-BD-0010366","","","","","","","","","a258c000004VBJqAAO","0.0","","Electrical and Low Voltage","","1.0","","","","","42799571814555585","0.0","0.0","","0.0"
"a238c0000054JL7AAM","false","CLA-BD-0010367","","","","","","","","","a258c000004VBJxAAO","0.0","","Telephone Pole","","7.0","","","","","42801010824580966","0.0","0.0","","0.0"
"a238c0000054JL8AAM","false","CLA-BD-0010368","","","","","","","","","a258c000004VBJsAAO","0.0","","Site Lighting Material","","30.0","","","","","42802000087533360","0.0","0.0","0.0","0.0"
"a238c0000054JL9AAM","false","CLA-BD-0010369","","","","","","","","","a258c000004VBJtAAO","0.0","","Retaining wall","","23.0","","","","","42802392921793737","0.0","0.0","0.0","0.0"
"a238c0000054JLAAA2","false","CLA-BD-0010370","","","","","","","","","a258c000004VBJtAAO","0.0","","Roofing","","59.0","","","","","42803006745164954","0.0","0.0","0.0","0.0"
"a238c0000054JLBAA2","false","CLA-BD-0010371","","","","","","","","","a258c000004VBJxAAO","0.0","","EIFS / Lath & Plaster","","70.0","","","","","42804676531331444","0.0","0.0","","0.0"
"a238c0000054JLCAA2","false","CLA-BD-0010372","","","","","","","","","a258c000004VBJxAAO","0.0","","Barricades/Signs","","45.0","","","","","42805556065127208","0.0","0.0","","0.0"
"a238c0000054JLDAA2","false","CLA-BD-0010373","","","","","","","","","a258c000004VBJrAAO","0.0","","Painting","","21.0","","","","","42808138737356772","0.0","0.0","","0.0"
"a238c0000054JLEAA2","false","CLA-BD-0010374","","","","","","","","","a258c000004VBJsAAO","0.0","","Telephone Pole","","7.0","","","","","42809354779007396","0.0","0.0","0.0","0.0"
"a238c0000054JLFAA2","false","CLA-BD-0010375","","","","","","","","","a258c000004VBJuAAO","0.0","","Plumbing","","25.0","","","","","42810621345356571","0.0","0.0","","0.0"
"a238c0000054JLGAA2","false","CLA-BD-0010376","","","","","","","","","a258c000004VBJvAAO","0.0","","Exterior Glass (7xS450)","","21.0","","","","","42815176559404614","0.0","0.0","","0.0"
"a238c0000054JLHAA2","false","CLA-BD-0010377","","","","","","","","","a258c000004VBJtAAO","0.0","","Fire Sprinkler Service","","38.0","","","","","42818949991682427","0.0","0.0","0.0","0.0"
"a238c0000054JLIAA2","false","CLA-BD-0010378","","","","","","","","","a258c000004VBJzAAO","0.0","","O&P","","23.0","","","","","42820203655610916","0.0","0.0","","0.0"
"a238c0000054JLJAA2","false","CLA-BD-0010379","","","","","","","","","a258c000004VBK2AAO","0.0","","Misc.","","47.0","","","","","42821999617406260","0.0","0.0","","0.0"
"a238c0000054JLKAA2","false","CLA-BD-0010380","","","","","","","","","a258c000004VBJuAAO","0.0","","Ceramic Tile","","17.0","","","","","42825733734298631","0.0","0.0","","0.0"
"a238c0000054JLLAA2","false","CLA-BD-0010381","","","","","","","","","a258c000004VBJxAAO","0.0","","Power pole - new or relocate","","5.0","","","","","42829438806044480","0.0","0.0","","0.0"
"a238c0000054JLMAA2","false","CLA-BD-0010382","","","","","","","","","a258c000004VBJwAAO","0.0","","Electrical Material","","82.0","","","","","42834287266161828","0.0","0.0","","0.0"
"a238c0000054JLNAA2","false","CLA-BD-0010383","","","","","","","","","a258c000004VBK2AAO","0.0","","Finish Hardware","","57.0","","","","","42834506551513468","0.0","0.0","","0.0"
"a238c0000054JLOAA2","false","CLA-BD-0010384","","","","","","","","","a258c000004VBJwAAO","0.0","","Fire Extinguishers","","87.0","","","","","42838614460141474","0.0","0.0","","0.0"
"a238c0000054JLPAA2","false","CLA-BD-0010385","","","","","","","","","a258c000004VBK1AAO","0.0","","GC Installed Items","","73.0","","","","","42838635208126009","0.0","0.0","0.0","0.0"
"a238c0000054JLQAA2","false","CLA-BD-0010386","","","","","","","","","a258c000004VBJxAAO","0.0","","New electric service","","4.0","","","","","42839289810169292","0.0","0.0","","0.0"
"a238c0000054JLRAA2","false","CLA-BD-0010387","","","","","","","","","a258c000004VBJxAAO","0.0","","Landscaping w/ Irrigation (Required)","","36.0","","","","","42842343247362751","0.0","0.0","","0.0"
"a238c0000054JLSAA2","false","CLA-BD-0010388","","","","","","","","","a258c000004VBJwAAO","0.0","","Asphalt paving & striping","","35.0","","","","","42843577718641013","0.0","0.0","","0.0"
"a238c0000054JLTAA2","false","CLA-BD-0010389","","","","","","","","","a258c000004VBJsAAO","0.0","","Landscaping w/ Irrigation (Required)","","36.0","","","","","42844446313726716","0.0","0.0","0.0","0.0"
"a238c0000054JLUAA2","false","CLA-BD-0010390","","","","","","","","","a258c000004VBJqAAO","0.0","","Demo","","9.0","","","","","42847424440947982","0.0","0.0","","0.0"
"a238c0000054JLVAA2","false","CLA-BD-0010391","","","","","","","","","a258c000004VBK2AAO","0.0","","Telephone Pole","","7.0","","","","","42848084934869739","0.0","0.0","","0.0"
"a238c0000054JLWAA2","false","CLA-BD-0010392","","","","","","","","","a258c000004VBJuAAO","0.0","","HVAC","","27.0","","","","","42849550197732655","0.0","0.0","","0.0"
"a238c0000054JLXAA2","false","CLA-BD-0010393","","","","","","","","","a258c000004VBJtAAO","0.0","","Cedar brackets","","79.0","","","","","42851962192590824","0.0","0.0","0.0","0.0"
"a238c0000054JLYAA2","false","CLA-BD-0010394","","","","","","","","","a258c000004VBJwAAO","0.0","","GC Installed Items","","73.0","","","","","42852881568259633","0.0","0.0","","0.0"
"a238c0000054JLZAA2","false","CLA-BD-0010395","","","","","","","","","a258c000004VBJwAAO","0.0","","Building Concrete Material","","49.0","","","","","42853610998723363","0.0","0.0","","0.0"
"a238c0000054JLaAAM","false","CLA-BD-0010396","","","","","","","","","a258c000004VBJwAAO","0.0","","Cabinets / Millwork","","88.0","","","","","42853984318474007","0.0","0.0","","0.0"
"a238c0000054JLbAAM","false","CLA-BD-0010397","","","","","","","","","a258c000004VBJzAAO","0.0","","Roof Structure (Trusses, Sheeting, Labor)","","18.0","","","","","42855623848019598","0.0","0.0","","0.0"
"a238c0000054JLcAAM","false","CLA-BD-0010398","","","","","","","","","a258c000004VBJwAAO","0.0","","Site Lighting Material","","30.0","","","","","42857860507998752","0.0","0.0","","0.0"
"a238c0000054JLdAAM","false","CLA-BD-0010399","","","","","","","","","a258c000004VBK1AAO","0.0","","Power pole - new or relocate","","5.0","","","","","42859675880244608","0.0","0.0","0.0","0.0"
"a238c0000054JLeAAM","false","CLA-BD-0010400","","","","","","","","","a258c000004VBJqAAO","0.0","","General Conditions","","22.0","","","","","42859932721790969","0.0","0.0","","0.0"
"a238c0000054JLfAAM","false","CLA-BD-0010401","","","","","","","","","a258c000004VBJwAAO","0.0","","Drywall & Metal Studs","","66.0","","","","","42865135966663043","0.0","0.0","","0.0"
"a238c0000054JLgAAM","false","CLA-BD-0010402","","","","","","","","","a258c000004VBJxAAO","0.0","","Misc.","","47.0","","","","","42865897798503694","0.0","0.0","","0.0"
"a238c0000054JLhAAM","false","CLA-BD-0010403","","","","","","","","","a258c000004VBK2AAO","0.0","","Asphalt paving & striping","","35.0","","","","","42867492410654791","0.0","0.0","","0.0"
"a238c0000054JLiAAM","false","CLA-BD-0010404","","","","","","","","","a258c000004VBJyAAO","0.0","","Misc. Specialities","","22.0","","","","","42868848959740323","0.0","0.0","","0.0"
"a238c0000054JLjAAM","false","CLA-BD-0010405","","","","","","","","","a258c000004VBJrAAO","0.0","","Cast in Place Concrete","","5.0","","","","","42868893641757338","0.0","0.0","","0.0"
"a238c0000054JLkAAM","false","CLA-BD-0010406","","","","","","","","","a258c000004VBJwAAO","0.0","","Gas to Property Line","","1.0","","","","","42868967418988411","0.0","0.0","","0.0"
"a238c0000054JLlAAM","false","CLA-BD-0010407","","","","","","","","","a258c000004VBJsAAO","0.0","","Toilet accessories","","72.0","","","","","42869820092455162","0.0","0.0","0.0","0.0"
"a238c0000054JLmAAM","false","CLA-BD-0010408","","","","","","","","","a258c000004VBJsAAO","0.0","","Painting","","68.0","","","","","42872615715311853","0.0","0.0","0.0","0.0"
"a238c0000054JLnAAM","false","CLA-BD-0010409","","","","","","","","","a258c000004VBJwAAO","0.0","","Flooring (Rubber Floor/Silica/ Res-Tek)","","90.0","","","","","42875028184119283","0.0","0.0","","0.0"
"a238c0000054JLoAAM","false","CLA-BD-0010410","","","","","","","","","a258c000004VBK2AAO","0.0","","Insulation","","64.0","","","","","42875046098663553","0.0","0.0","","0.0"
"a238c0000054JLpAAM","false","CLA-BD-0010411","","","","","","","","","a258c000004VBK1AAO","0.0","","Corporate Decor Package Installation","","93.0","","","","","42876070348922759","0.0","0.0","0.0","0.0"
"a238c0000054JLqAAM","false","CLA-BD-0010412","","","","","","","","","a258c000004VBJxAAO","0.0","","Plumbing sit work","","32.0","","","","","42876141718436004","0.0","0.0","","0.0"
"a238c0000054JLrAAM","false","CLA-BD-0010413","","","","","","","","","a258c000004VBJvAAO","0.0","","Structural ( Entry Feature)","","15.0","","","","","42877190900538025","0.0","0.0","","0.0"
"a238c0000054JLsAAM","false","CLA-BD-0010414","","","","","","","","","a258c000004VBJxAAO","0.0","","Fire Hydrant","","40.0","","","","","42880779333657761","0.0","0.0","","0.0"
"a238c0000054JLtAAM","false","CLA-BD-0010415","","","","","","","","","a258c000004VBJtAAO","0.0","","Concrete paving","","34.0","","","","","42881311605373256","0.0","0.0","0.0","0.0"
"a238c0000054JLuAAM","false","CLA-BD-0010416","","","","","","","","","a258c000004VBJwAAO","0.0","","Building Demolition","","48.0","","","","","42883208332746510","0.0","0.0","","0.0"
"a238c0000054JLvAAM","false","CLA-BD-0010417","","","","","","","","","a258c000004VBJrAAO","0.0","","Plumbing","","25.0","","","","","42885514890756302","0.0","0.0","","0.0"
"a238c0000054JLwAAM","false","CLA-BD-0010418","","","","","","","","","a258c000004VBJsAAO","0.0","","Insulation","","64.0","","","","","42886776841283092","0.0","0.0","0.0","0.0"
"a238c0000054JLxAAM","false","CLA-BD-0010419","","","","","","","","","a258c000004VBJrAAO","0.0","","Fee","","31.0","","","","","42888396426444669","0.0","0.0","","0.0"
"a238c0000054JLyAAM","false","CLA-BD-0010420","","","","","","","","","a258c000004VBK1AAO","0.0","","New approaches","","13.0","","","","","42888734355435812","0.0","0.0","0.0","0.0"
"a238c0000054JLzAAM","false","CLA-BD-0010421","","","","","","","","","a258c000004VBJrAAO","0.0","","Landscaping","","3.0","","","","","42888837201434333","0.0","0.0","","0.0"
"a238c0000054JM0AAM","false","CLA-BD-0010422","","","","","","","","","a258c000004VBJwAAO","0.0","","Plumbing","","76.0","","","","","42889685054737527","0.0","0.0","","0.0"
"a238c0000054JM1AAM","false","CLA-BD-0010423","","","","","","","","","a258c000004VBK1AAO","0.0","","Off site fire hydrant","","8.0","","","","","42890923872330109","0.0","0.0","0.0","0.0"
"a238c0000054JM2AAM","false","CLA-BD-0010424","","","","","","","","","a258c000004VBJrAAO","0.0","","Linear Metal Ceilings","","19.0","","","","","42895504456678961","0.0","0.0","","0.0"
"a238c0000054JM3AAM","false","CLA-BD-0010425","","","","","","","","","a258c000004VBJsAAO","0.0","","Water to Property line","","2.0","","","","","42896189342196538","0.0","0.0","0.0","0.0"
"a238c0000054JM4AAM","false","CLA-BD-0010426","","","","","","","","","a258c000004VBJwAAO","0.0","","Rough Carpentry Material","","62.0","","","","","42896937507607799","0.0","0.0","","0.0"
"a238c0000054JM5AAM","false","CLA-BD-0010427","","","","","","","","","a258c000004VBK2AAO","0.0","","Storm Drain","","16.0","","","","","42897268510239366","0.0","0.0","","0.0"
"a238c0000054JM6AAM","false","CLA-BD-0010428","","","","","","","","","a258c000004VBJsAAO","0.0","","Fire Sprinkler Service","","38.0","","","","","42898421101468205","0.0","0.0","0.0","0.0"
"a238c0000054JM7AAM","false","CLA-BD-0010429","","","","","","","","","a258c000004VBJqAAO","0.0","","Millwork","","14.0","","","","","42900207537813516","0.0","0.0","","0.0"
"a238c0000054JM8AAM","false","CLA-BD-0010430","","","","","","","","","a258c000004VBJsAAO","0.0","","F.R.P. and marlite","","86.0","","","","","42900494201121480","0.0","0.0","0.0","0.0"
"a238c0000054JM9AAM","false","CLA-BD-0010431","","","","","","","","","a258c000004VBJtAAO","0.0","","Drywall & Metal Studs","","66.0","","","","","42900775984395782","0.0","0.0","0.0","0.0"
"a238c0000054JMAAA2","false","CLA-BD-0010432","","","","","","","","","a258c000004VBK1AAO","0.0","","Concrete slabs/curbs (do not include in building slab)","","25.0","","","","","42905359980352770","0.0","0.0","0.0","0.0"
"a238c0000054JMBAA2","false","CLA-BD-0010433","","","","","","","","","a258c000004VBJxAAO","0.0","","Preasure Washing","","43.0","","","","","42906438688347370","0.0","0.0","","0.0"
"a238c0000054JMCAA2","false","CLA-BD-0010434","","","","","","","","","a258c000004VBK1AAO","0.0","","Trash Enclosure","","24.0","","","","","42906862812408897","0.0","0.0","0.0","0.0"
"a238c0000054JMDAA2","false","CLA-BD-0010435","","","","","","","","","a258c000004VBJxAAO","0.0","","GC Installed Items","","73.0","","","","","42910626166619344","0.0","0.0","","0.0"
"a238c0000054JMEAA2","false","CLA-BD-0010436","","","","","","","","","a258c000004VBK2AAO","0.0","","Wheel stops","","42.0","","","","","42911046562258096","0.0","0.0","","0.0"
"a238c0000054JMFAA2","false","CLA-BD-0010437","","","","","","","","","a258c000004VBJwAAO","0.0","","Dumpster Approach","","41.0","","","","","42911365438613852","0.0","0.0","","0.0"
"a238c0000054JMGAA2","false","CLA-BD-0010438","","","","","","","","","a258c000004VBK1AAO","0.0","","Dumpster Approach","","41.0","","","","","42911735193569444","0.0","0.0","0.0","0.0"
"a238c0000054JMHAA2","false","CLA-BD-0010439","","","","","","","","","a258c000004VBK1AAO","0.0","","Finish Carpentry Labor","","60.0","","","","","42914816031893969","0.0","0.0","0.0","0.0"
"a238c0000054JMIAA2","false","CLA-BD-0010440","","","","","","","","","a258c000004VBJxAAO","0.0","","Plumbing","","76.0","","","","","42919572271175200","0.0","0.0","","0.0"
"a238c0000054JMJAA2","false","CLA-BD-0010441","","","","","","","","","a258c000004VBJxAAO","0.0","","Building Demolition","","48.0","","","","","42920145425957913","0.0","0.0","","0.0"
"a238c0000054JMKAA2","false","CLA-BD-0010442","","","","","","","","","a258c000004VBJwAAO","0.0","","Insulation","","64.0","","","","","42924225671710160","0.0","0.0","","0.0"
"a238c0000054JMLAA2","false","CLA-BD-0010443","","","","","","","","","a258c000004VBJwAAO","0.0","","Offsite Demolition","","10.0","","","","","42925249400415671","0.0","0.0","","0.0"
"a238c0000054JMMAA2","false","CLA-BD-0010444","","","","","","","","","a258c000004VBJwAAO","0.0","","Plumbing sit work","","32.0","","","","","42925773496597555","0.0","0.0","","0.0"
"a238c0000054JMNAA2","false","CLA-BD-0010445","","","","","","","","","a258c000004VBK1AAO","0.0","","Building Concrete Labor","","50.0","","","","","4292582833447335","0.0","0.0","0.0","0.0"
"a238c0000054JMOAA2","false","CLA-BD-0010446","","","","","","","","","a258c000004VBJxAAO","0.0","","Fire Sprinkler (if required)","","77.0","","","","","42926054490061307","0.0","0.0","","0.0"
"a238c0000054JMPAA2","false","CLA-BD-0010447","","","","","","","","","a258c000004VBK1AAO","0.0","","Landscaping w/ Irrigation (Required)","","36.0","","","","","42926893021773158","0.0","0.0","0.0","0.0"
"a238c0000054JMQAA2","false","CLA-BD-0010448","","","","","","","","","a258c000004VBK2AAO","0.0","","Electrical site work/labor","","29.0","","","","","42929001826150228","0.0","0.0","","0.0"
"a238c0000054JMRAA2","false","CLA-BD-0010449","","","","","","","","","a258c000004VBJtAAO","0.0","","Cabinets / Millwork","","88.0","","","","","42929527847880751","0.0","0.0","0.0","0.0"
"a238c0000054JMSAA2","false","CLA-BD-0010450","","","","","","","","","a258c000004VBJxAAO","0.0","","Telephone Underground","","33.0","","","","","42930044833190108","0.0","0.0","","0.0"
"a238c0000054JMTAA2","false","CLA-BD-0010451","","","","","","","","","a258c000004VBK1AAO","0.0","","Building Concrete Material","","49.0","","","","","42931359670352283","0.0","0.0","0.0","0.0"
"a238c0000054JMUAA2","false","CLA-BD-0010452","","","","","","","","","a258c000004VBJtAAO","0.0","","Toilet Partitions","","89.0","","","","","42935130384375517","0.0","0.0","0.0","0.0"
"a238c0000054JMVAA2","false","CLA-BD-0010453","","","","","","","","","a258c000004VBJxAAO","0.0","","Finish Hardware","","57.0","","","","","42935408971636922","0.0","0.0","","0.0"
"a238c0000054JMWAA2","false","CLA-BD-0010454","","","","","","","","","a258c000004VBK2AAO","0.0","","Metal Doors & Frames","","55.0","","","","","42935860890684830","0.0","0.0","","0.0"
"a238c0000054JMXAA2","false","CLA-BD-0010455","","","","","","","","","a258c000004VBJxAAO","0.0","","Rough Carpentry Labor","","61.0","","","","","42939653507654623","0.0","0.0","","0.0"
"a238c0000054JMYAA2","false","CLA-BD-0010456","","","","","","","","","a258c000004VBJtAAO","0.0","","Offsite Demolition","","10.0","","","","","42941338160317401","0.0","0.0","0.0","0.0"
"a238c0000054JMZAA2","false","CLA-BD-0010457","","","","","","","","","a258c000004VBK2AAO","0.0","","H.V.A.C. System","","74.0","","","","","42942008907382511","0.0","0.0","","0.0"
"a238c0000054JMaAAM","false","CLA-BD-0010458","","","","","","","","","a258c000004VBJwAAO","0.0","","Caulking","","91.0","","","","","42942031516344671","0.0","0.0","","0.0"
"a238c0000054JMbAAM","false","CLA-BD-0010459","","","","","","","","","a258c000004VBK2AAO","0.0","","Caulking","","91.0","","","","","42943938595485863","0.0","0.0","","0.0"
"a238c0000054JMcAAM","false","CLA-BD-0010460","","","","","","","","","a258c000004VBJtAAO","0.0","","Telephone Pole","","7.0","","","","","42944202441370028","0.0","0.0","0.0","0.0"
"a238c0000054JMdAAM","false","CLA-BD-0010461","","","","","","","","","a258c000004VBJyAAO","0.0","","Tilt-Up Precast Concrete","","6.0","","","","","42944621735887303","0.0","0.0","","0.0"
"a238c0000054JMeAAM","false","CLA-BD-0010462","","","","","","","","","a258c000004VBJwAAO","0.0","","Grade fill / cut","","21.0","","","","","42945022669230283","0.0","0.0","","0.0"
"a238c0000054JMfAAM","false","CLA-BD-0010463","","","","","","","","","a258c000004VBJtAAO","0.0","","Monument sign base construction Lang to verify if applicable","","31.0","","","","","42945260179706668","0.0","0.0","0.0","0.0"
"a238c0000054JMgAAM","false","CLA-BD-0010464","","","","","","","","","a258c000004VBJuAAO","0.0","","Painting","","21.0","","","","","42945955614515466","0.0","0.0","","0.0"
"a238c0000054JMhAAM","false","CLA-BD-0010465","","","","","","","","","a258c000004VBK2AAO","0.0","","Flooring (Rubber Floor/Silica/ Res-Tek)","","90.0","","","","","42948650732868398","0.0","0.0","","0.0"
"a238c0000054JMiAAM","false","CLA-BD-0010466","","","","","","","","","a258c000004VBJtAAO","0.0","","Temp sidewalk","","15.0","","","","","42949725669250699","0.0","0.0","0.0","0.0"
"a238c0000054JMjAAM","false","CLA-BD-0010467","","","","","","","","","a258c000004VBJuAAO","0.0","","Glass/Glazing","","15.0","","","","","42950694888604392","0.0","0.0","","0.0"
"a238c0000054JMkAAM","false","CLA-BD-0010468","","","","","","","","","a258c000004VBJtAAO","0.0","","Misc. S.S.","","71.0","","","","","42951167888572330","0.0","0.0","0.0","0.0"
"a238c0000054JMlAAM","false","CLA-BD-0010469","","","","","","","","","a258c000004VBK1AAO","0.0","","Acoustic Tile","","67.0","","","","","42951310136610518","0.0","0.0","0.0","0.0"
"a238c0000054JMmAAM","false","CLA-BD-0010470","","","","","","","","","a258c000004VBJtAAO","0.0","","New Curb & Gutter","","11.0","","","","","42952428970784351","0.0","0.0","0.0","0.0"
"a238c0000054JMnAAM","false","CLA-BD-0010471","","","","","","","","","a258c000004VBJxAAO","0.0","","Traffic signals - new or relocate","","9.0","","","","","42953932265365794","0.0","0.0","","0.0"
"a238c0000054JMoAAM","false","CLA-BD-0010472","","","","","","","","","a258c000004VBJwAAO","0.0","","Trash Enclosure","","24.0","","","","","42957144833843068","0.0","0.0","","0.0"
"a238c0000054JMpAAM","false","CLA-BD-0010473","","","","","","","","","a258c000004VBJsAAO","0.0","","Fire Extinguishers","","87.0","","","","","42957992536500053","0.0","0.0","0.0","0.0"
"a238c0000054JMqAAM","false","CLA-BD-0010474","","","","","","","","","a258c000004VBK1AAO","0.0","","Drywall & Metal Studs","","66.0","","","","","42960172856302197","0.0","0.0","0.0","0.0"
"a238c0000054JMrAAM","false","CLA-BD-0010475","","","","","","","","","a258c000004VBK2AAO","0.0","","Painting","","68.0","","","","","42960473234178277","0.0","0.0","","0.0"
"a238c0000054JMsAAM","false","CLA-BD-0010476","","","","","","","","","a258c000004VBK1AAO","0.0","","Soils","","20.0","","","","","42960672057482873","0.0","0.0","0.0","0.0"
"a238c0000054JMtAAM","false","CLA-BD-0010477","","","","","","","","","a258c000004VBJsAAO","0.0","","Survey","","18.0","","","","","42961211006589616","0.0","0.0","0.0","0.0"
"a238c0000054JMuAAM","false","CLA-BD-0010478","","","","","","","","","a258c000004VBJwAAO","0.0","","Service Yard Conc/CMU","","44.0","","","","","42961620602749951","0.0","0.0","","0.0"
"a238c0000054JMvAAM","false","CLA-BD-0010479","","","","","","","","","a258c000004VBK2AAO","0.0","","Wood Doors","","56.0","","","","","42962133120177464","0.0","0.0","","0.0"
"a238c0000054JMwAAM","false","CLA-BD-0010480","","","","","","","","","a258c000004VBK1AAO","0.0","","Insulation","","64.0","","","","","42964377072095800","0.0","0.0","0.0","0.0"
"a238c0000054JMxAAM","false","CLA-BD-0010481","","","","","","","","","a258c000004VBJsAAO","0.0","","Misc.","","92.0","","","","","42964992893548291","0.0","0.0","0.0","0.0"
"a238c0000054JMyAAM","false","CLA-BD-0010482","","","","","","","","","a258c000004VBK1AAO","0.0","","Bollard w/ Covers","","37.0","","","","","42965031945854227","0.0","0.0","0.0","0.0"
"a238c0000054JMzAAM","false","CLA-BD-0010483","","","","","","","","","a258c000004VBK2AAO","0.0","","Fire Sprinkler (if required)","","77.0","","","","","42966503580359737","0.0","0.0","","0.0"
"a238c0000054JN0AAM","false","CLA-BD-0010484","","","","","","","","","a258c000004VBK2AAO","0.0","","Street paving and markings","","14.0","","","","","42966955712585807","0.0","0.0","","0.0"
"a238c0000054JN1AAM","false","CLA-BD-0010485","","","","","","","","","a258c000004VBJsAAO","0.0","","Structural Steel","","53.0","","","","","42967390881310383","0.0","0.0","0.0","0.0"
"a238c0000054JN2AAM","false","CLA-BD-0010486","","","","","","","","","a258c000004VBK2AAO","0.0","","Offsite Demolition","","10.0","","","","","42968609623401505","0.0","0.0","","0.0"
"a238c0000054JN3AAM","false","CLA-BD-0010487","","","","","","","","","a258c000004VBJxAAO","0.0","","Signage","","46.0","","","","","42969160906734018","0.0","0.0","","0.0"
"a238c0000054JN4AAM","false","CLA-BD-0010488","","","","","","","","","a258c000004VBK2AAO","0.0","","Cabinets / Millwork","","88.0","","","","","42969169958080206","0.0","0.0","","0.0"
"a238c0000054JN5AAM","false","CLA-BD-0010489","","","","","","","","","a258c000004VBK2AAO","0.0","","Preasure Washing","","43.0","","","","","42969212640161611","0.0","0.0","","0.0"
"a238c0000054JN6AAM","false","CLA-BD-0010490","","","","","","","","","a258c000004VBJyAAO","0.0","","Bituminous Damproofing","","11.0","","","","","42970400848654125","0.0","0.0","","0.0"
"a238c0000054JN7AAM","false","CLA-BD-0010491","","","","","","","","","a258c000004VBJrAAO","0.0","","Doors/Frames/Hardware","","14.0","","","","","42970711394082223","0.0","0.0","","0.0"
"a238c0000054JN8AAM","false","CLA-BD-0010492","","","","","","","","","a258c000004VBJuAAO","0.0","","Acoustical Ceilings","","18.0","","","","","42974445987099390","0.0","0.0","","0.0"
"a238c0000054JN9AAM","false","CLA-BD-0010493","","","","","","","","","a258c000004VBJrAAO","0.0","","S & C Bond","","30.0","","","","","42974940317054016","0.0","0.0","","0.0"
"a238c0000054JNAAA2","false","CLA-BD-0010494","","","","","","","","","a258c000004VBJwAAO","0.0","","Termite Treat","","80.0","","","","","42975062379064734","0.0","0.0","","0.0"
"a238c0000054JNBAA2","false","CLA-BD-0010495","","","","","","","","","a258c000004VBJrAAO","0.0","","Termite Control","","2.0","","","","","42975930478578962","0.0","0.0","","0.0"
"a238c0000054JNCAA2","false","CLA-BD-0010496","","","","","","","","","a258c000004VBJtAAO","0.0","","Lighting Fixtures","","85.0","","","","","42977791258381394","0.0","0.0","0.0","0.0"
"a238c0000054JNDAA2","false","CLA-BD-0010497","","","","","","","","","a258c000004VBJxAAO","0.0","","Termite Treat","","80.0","","","","","42979275054371676","0.0","0.0","","0.0"
"a238c0000054JNEAA2","false","CLA-BD-0010498","","","","","","","","","a258c000004VBK1AAO","0.0","","EIFS / Lath & Plaster","","70.0","","","","","42979337904656918","0.0","0.0","0.0","0.0"
"a238c0000054JNFAA2","false","CLA-BD-0010499","","","","","","","","","a258c000004VBJrAAO","0.0","","Joint Sealers","","13.0","","","","","42979561004394136","0.0","0.0","","0.0"
"a238c0000054JNGAA2","false","CLA-BD-0010500","","","","","","","","","a258c000004VBJxAAO","0.0","","Grade fill / cut","","21.0","","","","","42980586343796976","0.0","0.0","","0.0"
"a238c0000054JNHAA2","false","CLA-BD-0010501","","","","","","","","","a258c000004VBJtAAO","0.0","","Building Demolition","","48.0","","","","","42983851955862918","0.0","0.0","0.0","0.0"
"a238c0000054JNIAA2","false","CLA-BD-0010502","","","","","","","","","a258c000004VBJtAAO","0.0","","Electrical Labor","","81.0","","","","","42983905197742452","0.0","0.0","0.0","0.0"
"a238c0000054JNJAA2","false","CLA-BD-0010503","","","","","","","","","a258c000004VBJuAAO","0.0","","Rough Carpentry","","9.0","","","","","42986199510914381","0.0","0.0","","0.0"
"a238c0000054JNKAA2","false","CLA-BD-0010504","","","","","","","","","a258c000004VBJtAAO","0.0","","Soils","","20.0","","","","","42986210224153048","0.0","0.0","0.0","0.0"
"a238c0000054JNLAA2","false","CLA-BD-0010505","","","","","","","","","a258c000004VBJxAAO","0.0","","Building Concrete Material","","49.0","","","","","42986527859880568","0.0","0.0","","0.0"
"a238c0000054JNMAA2","false","CLA-BD-0010506","","","","","","","","","a258c000004VBJtAAO","0.0","","Water to Property line","","2.0","","","","","42987397086249817","0.0","0.0","0.0","0.0"
"a238c0000054JNNAA2","false","CLA-BD-0010507","","","","","","","","","a258c000004VBJsAAO","0.0","","Metal Fab","","78.0","","","","","42990675290071080","0.0","0.0","0.0","0.0"
"a238c0000054JNOAA2","false","CLA-BD-0010508","","","","","","","","","a258c000004VBJzAAO","0.0","","Concrete Fill In Plumbing Trenches","","16.0","","","","","42993587325655755","0.0","0.0","","0.0"
"a238c0000054JNPAA2","false","CLA-BD-0010509","","","","","","","","","a258c000004VBJvAAO","0.0","","O&P","","23.0","","","","","42995268019925390","0.0","0.0","","0.0"
"a238c0000054JNQAA2","false","CLA-BD-0010510","","","","","","","","","a258c000004VBK2AAO","0.0","","Rough Carpentry Material","","62.0","","","","","42995723726072508","0.0","0.0","","0.0"
"a238c0000054JNRAA2","false","CLA-BD-0010511","","","","","","","","","a258c000004VBK2AAO","0.0","","GC Installed Items","","73.0","","","","","42996334871532734","0.0","0.0","","0.0"
"a238c0000054JNSAA2","false","CLA-BD-0010512","","","","","","","","","a258c000004VBJyAAO","0.0","","Finish Carpentry/Millwork","","10.0","","","","","42996637736494168","0.0","0.0","","0.0"
"a238c0000054JNTAA2","false","CLA-BD-0010513","","","","","","","","","a258c000004VBJzAAO","0.0","","CMU - Stucco","","11.0","","","","","42996926405069431","0.0","0.0","","0.0"
"a238c0000054JNUAA2","false","CLA-BD-0010514","","","","","","","","","a258c000004VBJyAAO","0.0","","Allowance - Mis Paving Earthwork","","32.0","","","","","42998146898768997","0.0","0.0","","0.0"
"a238c0000054JNVAA2","false","CLA-BD-0010515","","","","","","","","","a258c000004VBK2AAO","0.0","","Termite Treat","","80.0","","","","","42998740695736020","0.0","0.0","","0.0"
"a238c0000054JNWAA2","false","CLA-BD-0010516","","","","","","","","","a258c000004VBK1AAO","0.0","","Framing Labor","","58.0","","","","","42998931880227424","0.0","0.0","0.0","0.0"
"a238c0000054JNXAA2","false","CLA-BD-0010517","","","","","","","","","a258c000004VBK4AAO","300000.0","","Contingency / Reserve","","400.0","","","","","4bn16sgtm83ek8pev6","0.0","100.0","20.0","300000.0"
"a238c0000054ImcAAE","false","CLA-BD-0008454","","","","","","","","","a258c000004VBCWAA4","","","Siding","","130.0","","","","","4mj57r5fxbyytr048z","0.0","","0.0","0.0"
"a238c0000054ImeAAE","false","CLA-BD-0008456","","","","","","","","","a258c000004VBK5AAO","","","Waterfall","","90.0","","","","","4z1cx3o72r758ksibh","0.0","","","0.0"
"a238c0000054ImfAAE","false","CLA-BD-0008457","","","","","","","","","a258c000004VBCVAA4","","","Asphalt / Driveway","","270.0","","","","","50bv89f7zc63oobotu","0.0","","0.0","0.0"
"a238c0000054JNZAA2","false","CLA-BD-0010519","","","","","","","","","a258c000004VBKIAA4","150000.0","","Excavation, Foundation, and Backfill","","40.0","","","","","534y30lkw45wnb8l63","0.0","100.0","10.0","150000.0"
"a238c0000054ImjAAE","false","CLA-BD-0008461","","","","","","","","","a258c000004VBCVAA4","","","Lighting Fixtures","","170.0","","","","","5gpck5exzhvgopoc94","0.0","","0.0","0.0"
"a238c0000054ImkAAE","false","CLA-BD-0008462","","","","","","","","","a258c000004VBK5AAO","","","Permit Fees","","10.0","","","","","5zkp3y0w205quqcy6z","0.0","","","0.0"
"a238c0000054JNdAAM","false","CLA-BD-0010523","","","","","","","","","a258c000004VBK4AAO","80000.0","","Siding","","130.0","","","","","63a6ydg789jm19p51p","0.0","100.0","5.3333","80000.0"
"a238c0000054JNhAAM","false","CLA-BD-0010527","","","","","","","","","a258c000004VBK4AAO","67500.0","","Painting","","210.0","","","","","6m5awk37ij07waz660","0.0","100.0","4.5","67500.0"
"a238c0000054JNlAAM","false","CLA-BD-0010531","","","","","","","","","a258c000004VBKIAA4","75000.0","","HVAC","","180.0","0.0","","","50000.0","6yu46yd2ov3cm032b3","66.6667","33.3333","5.0","25000.0"
"a238c0000054JNpAAM","false","CLA-BD-0010535","","","","","","","","","a258c000004VBK4AAO","105000.0","","Roof Shingles","","120.0","","","","","771d9gdrlmysuazjuo","0.0","100.0","7.0","105000.0"
"a238c0000054ImnAAE","false","CLA-BD-0008465","","","","","","","","","a258c000004VBCWAA4","","","Tile & Carpet","","230.0","","","","","77taz76ksg8rutscaq","0.0","","0.0","0.0"
"a238c0000054ImoAAE","false","CLA-BD-0008466","","","","","","","","","a258c000004VBK5AAO","","","Tile","","50.0","","","","","78iiuzw2n8uuq0m72u","0.0","","","0.0"
"a238c0000054JNsAAM","false","CLA-BD-0010538","","","","","","","","","a258c000004VBKIAA4","4000.0","","Sheathing","","70.0","","","","","7qyqe56htp1f31s130","0.0","100.0","0.2667","4000.0"
"a238c0000054JNxAAM","false","CLA-BD-0010543","","","","","","","","","a258c000004VBK4AAO","850.0","","Surveys","","11.0","","","","","893vmz4fu0b6thp2ov","0.0","100.0","0.0567","850.0"
"a238c000005VvXFAA0","false","CLA-BD-0001146","","","","","","","","","a258c000002D5uQAAS","","","Permit Fees","","10.0","","","","","8aq8qhehsgobvgc6vx","0.0","","","0.0"
"a238c0000054JO1AAM","false","CLA-BD-0010547","","","","","","","","","a258c000004VBKIAA4","800.0","","Water & Sewer Inspection","","30.0","","","","","8tzcqvuuyom75au2sz","0.0","100.0","0.0533","800.0"
"a238c000005VvXOAA0","false","CLA-BD-0001155","","","","","","","","","a258c000002D5uQAAS","","","Insurance","","20.0","","","","","9196hh326ggepixx3f","0.0","","","0.0"
"a238c0000054ImvAAE","false","CLA-BD-0008473","","","","","","","","","a258c000004VBCVAA4","","","Contingency / Reserve","","400.0","","","","","9t20rnup2f146c74es","0.0","","0.0","0.0"
"a238c0000054ImwAAE","false","CLA-BD-0008474","","","","","","","","","a258c000004VBCWAA4","","","Landscaping","","250.0","","","","","9wnl52p3x99grvtzi3","0.0","","0.0","0.0"
"a238c0000054JO4AAM","false","CLA-BD-0010550","","","","","","","","","a258c000004VBK6AAO","0.0","","Cabinets / Millwork","","88.0","","","","","a234S0000008hFEQAY","0.0","0.0","0.0","0.0"
"a238c0000054JO5AAM","false","CLA-BD-0010551","","","","","","","","","a258c000004VBK6AAO","0.0","","Flooring (Rubber Floor/Silica/ Res-Tek)","","90.0","","","","","a234S0000008hFFQAY","0.0","0.0","0.0","0.0"
"a238c0000054JO6AAM","false","CLA-BD-0010552","","","","","","","","","a258c000004VBK6AAO","0.0","","Lighting Fixtures","","85.0","","","","","a234S0000008hFGQAY","0.0","0.0","0.0","0.0"
"a238c0000054JO7AAM","false","CLA-BD-0010553","","","","","","","","","a258c000004VBK6AAO","0.0","","Corporate Decor Package Installation","","93.0","","","","","a234S0000008hFHQAY","0.0","0.0","0.0","0.0"
"a238c0000054JO8AAM","false","CLA-BD-0010554","","","","","","","","","a258c000004VBK6AAO","0.0","","100 ft secondary service","","84.0","","","","","a234S0000008hFIQAY","0.0","0.0","0.0","0.0"
"a238c0000054JO9AAM","false","CLA-BD-0010555","","","","","","","","","a258c000004VBK6AAO","0.0","","Fire Extinguishers","","87.0","","","","","a234S0000008hFJQAY","0.0","0.0","0.0","0.0"
"a238c0000054JOAAA2","false","CLA-BD-0010556","","","","","","","","","a258c000004VBK6AAO","0.0","","Caulking","","91.0","","","","","a234S0000008hFKQAY","0.0","0.0","0.0","0.0"
"a238c0000054JOBAA2","false","CLA-BD-0010557","","","","","","","","","a258c000004VBK6AAO","0.0","","Toilet Partitions","","89.0","","","","","a234S0000008hFLQAY","0.0","0.0","0.0","0.0"
"a238c0000054JOCAA2","false","CLA-BD-0010558","","","","","","","","","a258c000004VBK6AAO","0.0","","Roofing","","59.0","","","","","a234S0000008hFMQAY","0.0","0.0","0.0","0.0"
"a238c0000054JODAA2","false","CLA-BD-0010559","","","","","","","","","a258c000004VBK6AAO","0.0","","Finish Carpentry Labor","","60.0","","","","","a234S0000008hFNQAY","0.0","0.0","0.0","0.0"
"a238c0000054JOEAA2","false","CLA-BD-0010560","","","","","","","","","a258c000004VBK6AAO","0.0","","Rough Carpentry Labor","","61.0","","","","","a234S0000008hFOQAY","0.0","0.0","0.0","0.0"
"a238c0000054JOFAA2","false","CLA-BD-0010561","","","","","","","","","a258c000004VBK6AAO","0.0","","Rough Carpentry Material","","62.0","","","","","a234S0000008hFPQAY","0.0","0.0","0.0","0.0"
"a238c0000054JOGAA2","false","CLA-BD-0010562","","","","","","","","","a258c000004VBK6AAO","0.0","","Sheet Metal","","63.0","","","","","a234S0000008hFQQAY","0.0","0.0","0.0","0.0"
"a238c0000054JOHAA2","false","CLA-BD-0010563","","","","","","","","","a258c000004VBK6AAO","0.0","","Insulation","","64.0","","","","","a234S0000008hFRQAY","0.0","0.0","0.0","0.0"
"a238c0000054JOIAA2","false","CLA-BD-0010564","","","","","","","","","a258c000004VBK6AAO","0.0","","Glass & Glazing","","65.0","","","","","a234S0000008hFSQAY","0.0","0.0","0.0","0.0"
"a238c0000054JOJAA2","false","CLA-BD-0010565","","","","","","","","","a258c000004VBK6AAO","0.0","","Drywall & Metal Studs","","66.0","","","","","a234S0000008hFTQAY","0.0","0.0","0.0","0.0"
"a238c0000054JOKAA2","false","CLA-BD-0010566","","","","","","","","","a258c000004VBK6AAO","0.0","","Acoustic Tile","","67.0","","","","","a234S0000008hFUQAY","0.0","0.0","0.0","0.0"
"a238c0000054JOLAA2","false","CLA-BD-0010567","","","","","","","","","a258c000004VBK6AAO","0.0","","Painting","","68.0","","","","","a234S0000008hFVQAY","0.0","0.0","0.0","0.0"
"a238c0000054JOMAA2","false","CLA-BD-0010568","","","","","","","","","a258c000004VBK6AAO","0.0","","Ceramic tile","","69.0","","","","","a234S0000008hFWQAY","0.0","0.0","0.0","0.0"
"a238c0000054JONAA2","false","CLA-BD-0010569","","","","","","","","","a258c000004VBK6AAO","0.0","","EIFS / Lath & Plaster","","70.0","","","","","a234S0000008hFXQAY","0.0","0.0","0.0","0.0"
"a238c0000054JOOAA2","false","CLA-BD-0010570","","","","","","","","","a258c000004VBK6AAO","0.0","","Misc. S.S.","","71.0","","","","","a234S0000008hFYQAY","0.0","0.0","0.0","0.0"
"a238c0000054JOPAA2","false","CLA-BD-0010571","","","","","","","","","a258c000004VBK6AAO","0.0","","Toilet accessories","","72.0","","","","","a234S0000008hFZQAY","0.0","0.0","0.0","0.0"
"a238c0000054JOQAA2","false","CLA-BD-0010572","","","","","","","","","a258c000004VBK6AAO","0.0","","GC Installed Items","","73.0","","","","","a234S0000008hFaQAI","0.0","0.0","0.0","0.0"
"a238c0000054JORAA2","false","CLA-BD-0010573","","","","","","","","","a258c000004VBK6AAO","0.0","","H.V.A.C. System","","74.0","","","","","a234S0000008hFbQAI","0.0","0.0","0.0","0.0"
"a238c0000054JOSAA2","false","CLA-BD-0010574","","","","","","","","","a258c000004VBK6AAO","0.0","","TABC - Air Balance (Required)","","75.0","","","","","a234S0000008hFcQAI","0.0","0.0","0.0","0.0"
"a238c0000054JOTAA2","false","CLA-BD-0010575","","","","","","","","","a258c000004VBK6AAO","0.0","","Plumbing","","76.0","","","","","a234S0000008hFdQAI","0.0","0.0","0.0","0.0"
"a238c0000054JOUAA2","false","CLA-BD-0010576","","","","","","","","","a258c000004VBK6AAO","0.0","","Fire Sprinkler (if required)","","77.0","","","","","a234S0000008hFeQAI","0.0","0.0","0.0","0.0"
"a238c0000054JOVAA2","false","CLA-BD-0010577","","","","","","","","","a258c000004VBK6AAO","0.0","","Metal Fab","","78.0","","","","","a234S0000008hFfQAI","0.0","0.0","0.0","0.0"
"a238c0000054JOWAA2","false","CLA-BD-0010578","","","","","","","","","a258c000004VBK6AAO","0.0","","Cedar brackets","","79.0","","","","","a234S0000008hFgQAI","0.0","0.0","0.0","0.0"
"a238c0000054JOXAA2","false","CLA-BD-0010579","","","","","","","","","a258c000004VBK6AAO","0.0","","Termite Treat","","80.0","","","","","a234S0000008hFhQAI","0.0","0.0","0.0","0.0"
"a238c0000054JOYAA2","false","CLA-BD-0010580","","","","","","","","","a258c000004VBK6AAO","0.0","","Electrical Labor","","81.0","","","","","a234S0000008hFiQAI","0.0","0.0","0.0","0.0"
"a238c0000054JOZAA2","false","CLA-BD-0010581","","","","","","","","","a258c000004VBK6AAO","0.0","","Electrical Material","","82.0","","","","","a234S0000008hFjQAI","0.0","0.0","0.0","0.0"
"a238c0000054JOaAAM","false","CLA-BD-0010582","","","","","","","","","a258c000004VBK6AAO","0.0","","Power Management System","","83.0","","","","","a234S0000008hFkQAI","0.0","0.0","0.0","0.0"
"a238c0000054JObAAM","false","CLA-BD-0010583","","","","","","","","","a258c000004VBK6AAO","0.0","","F.R.P. and marlite","","86.0","","","","","a234S0000008hFlQAI","0.0","0.0","0.0","0.0"
"a238c0000054JOcAAM","false","CLA-BD-0010584","","","","","","","","","a258c000004VBK6AAO","0.0","","Gas to Property Line","","1.0","","","","","a234S0000008hFmQAI","0.0","0.0","0.0","0.0"
"a238c0000054JOdAAM","false","CLA-BD-0010585","","","","","","","","","a258c000004VBK6AAO","0.0","","Water to Property line","","2.0","","","","","a234S0000008hFnQAI","0.0","0.0","0.0","0.0"
"a238c0000054JOeAAM","false","CLA-BD-0010586","","","","","","","","","a258c000004VBK6AAO","0.0","","Sewer to Property Line","","3.0","","","","","a234S0000008hFoQAI","0.0","0.0","0.0","0.0"
"a238c0000054JOfAAM","false","CLA-BD-0010587","","","","","","","","","a258c000004VBK6AAO","0.0","","New electric service","","4.0","","","","","a234S0000008hFpQAI","0.0","0.0","0.0","0.0"
"a238c0000054JOgAAM","false","CLA-BD-0010588","","","","","","","","","a258c000004VBK6AAO","0.0","","Power pole - new or relocate","","5.0","","","","","a234S0000008hFqQAI","0.0","0.0","0.0","0.0"
"a238c0000054JOhAAM","false","CLA-BD-0010589","","","","","","","","","a258c000004VBK6AAO","0.0","","Street light - new or relocate","","6.0","","","","","a234S0000008hFrQAI","0.0","0.0","0.0","0.0"
"a238c0000054JOiAAM","false","CLA-BD-0010590","","","","","","","","","a258c000004VBK6AAO","0.0","","Telephone Pole","","7.0","","","","","a234S0000008hFsQAI","0.0","0.0","0.0","0.0"
"a238c0000054JOjAAM","false","CLA-BD-0010591","","","","","","","","","a258c000004VBK6AAO","0.0","","Off site fire hydrant","","8.0","","","","","a234S0000008hFtQAI","0.0","0.0","0.0","0.0"
"a238c0000054JOkAAM","false","CLA-BD-0010592","","","","","","","","","a258c000004VBK6AAO","0.0","","Traffic signals - new or relocate","","9.0","","","","","a234S0000008hFuQAI","0.0","0.0","0.0","0.0"
"a238c0000054JOlAAM","false","CLA-BD-0010593","","","","","","","","","a258c000004VBK6AAO","0.0","","Offsite Demolition","","10.0","","","","","a234S0000008hFvQAI","0.0","0.0","0.0","0.0"
"a238c0000054JOmAAM","false","CLA-BD-0010594","","","","","","","","","a258c000004VBK6AAO","0.0","","New Curb & Gutter","","11.0","","","","","a234S0000008hFwQAI","0.0","0.0","0.0","0.0"
"a238c0000054JOnAAM","false","CLA-BD-0010595","","","","","","","","","a258c000004VBK6AAO","0.0","","New sidewalk","","12.0","","","","","a234S0000008hFxQAI","0.0","0.0","0.0","0.0"
"a238c0000054JOoAAM","false","CLA-BD-0010596","","","","","","","","","a258c000004VBK6AAO","0.0","","New approaches","","13.0","","","","","a234S0000008hFyQAI","0.0","0.0","0.0","0.0"
"a238c0000054JOpAAM","false","CLA-BD-0010597","","","","","","","","","a258c000004VBK6AAO","0.0","","Street paving and markings","","14.0","","","","","a234S0000008hFzQAI","0.0","0.0","0.0","0.0"
"a238c0000054JOqAAM","false","CLA-BD-0010598","","","","","","","","","a258c000004VBK6AAO","0.0","","Temp sidewalk","","15.0","","","","","a234S0000008hG0QAI","0.0","0.0","0.0","0.0"
"a238c0000054JOrAAM","false","CLA-BD-0010599","","","","","","","","","a258c000004VBK6AAO","0.0","","Storm Drain","","16.0","","","","","a234S0000008hG1QAI","0.0","0.0","0.0","0.0"
"a238c0000054JOsAAM","false","CLA-BD-0010600","","","","","","","","","a258c000004VBK6AAO","0.0","","Relocate Transformer","","17.0","","","","","a234S0000008hG2QAI","0.0","0.0","0.0","0.0"
"a238c0000054JOtAAM","false","CLA-BD-0010601","","","","","","","","","a258c000004VBK6AAO","0.0","","Survey","","18.0","","","","","a234S0000008hG3QAI","0.0","0.0","0.0","0.0"
"a238c0000054JOuAAM","false","CLA-BD-0010602","","","","","","","","","a258c000004VBK6AAO","0.0","","Soils","","20.0","","","","","a234S0000008hG4QAI","0.0","0.0","0.0","0.0"
"a238c0000054JOvAAM","false","CLA-BD-0010603","","","","","","","","","a258c000004VBK6AAO","0.0","","Landscaping w/ Irrigation (Required)","","36.0","","","","","a234S0000008hG5QAI","0.0","0.0","0.0","0.0"
"a238c0000054JOwAAM","false","CLA-BD-0010604","","","","","","","","","a258c000004VBK6AAO","0.0","","Bollard w/ Covers","","37.0","","","","","a234S0000008hG6QAI","0.0","0.0","0.0","0.0"
"a238c0000054JOxAAM","false","CLA-BD-0010605","","","","","","","","","a258c000004VBK6AAO","0.0","","Fire Sprinkler Service","","38.0","","","","","a234S0000008hG7QAI","0.0","0.0","0.0","0.0"
"a238c0000054JOyAAM","false","CLA-BD-0010606","","","","","","","","","a258c000004VBK6AAO","0.0","","Erosion & Dust Control","","39.0","","","","","a234S0000008hG8QAI","0.0","0.0","0.0","0.0"
"a238c0000054JOzAAM","false","CLA-BD-0010607","","","","","","","","","a258c000004VBK6AAO","0.0","","Fire Hydrant","","40.0","","","","","a234S0000008hG9QAI","0.0","0.0","0.0","0.0"
"a238c0000054JP0AAM","false","CLA-BD-0010608","","","","","","","","","a258c000004VBK6AAO","0.0","","Dumpster Approach","","41.0","","","","","a234S0000008hGAQAY","0.0","0.0","0.0","0.0"
"a238c0000054JP1AAM","false","CLA-BD-0010609","","","","","","","","","a258c000004VBK6AAO","0.0","","Wheel stops","","42.0","","","","","a234S0000008hGBQAY","0.0","0.0","0.0","0.0"
"a238c0000054JP2AAM","false","CLA-BD-0010610","","","","","","","","","a258c000004VBK6AAO","0.0","","Preasure Washing","","43.0","","","","","a234S0000008hGCQAY","0.0","0.0","0.0","0.0"
"a238c0000054JP3AAM","false","CLA-BD-0010611","","","","","","","","","a258c000004VBK6AAO","0.0","","Service Yard Conc/CMU","","44.0","","","","","a234S0000008hGDQAY","0.0","0.0","0.0","0.0"
"a238c0000054JP4AAM","false","CLA-BD-0010612","","","","","","","","","a258c000004VBK6AAO","0.0","","Barricades/Signs","","45.0","","","","","a234S0000008hGEQAY","0.0","0.0","0.0","0.0"
"a238c0000054JP5AAM","false","CLA-BD-0010613","","","","","","","","","a258c000004VBK6AAO","0.0","","Signage","","46.0","","","","","a234S0000008hGFQAY","0.0","0.0","0.0","0.0"
"a238c0000054JP6AAM","false","CLA-BD-0010614","","","","","","","","","a258c000004VBK6AAO","0.0","","Misc.","","47.0","","","","","a234S0000008hGGQAY","0.0","0.0","0.0","0.0"
"a238c0000054JP7AAM","false","CLA-BD-0010615","","","","","","","","","a258c000004VBK6AAO","0.0","","Building Demolition","","48.0","","","","","a234S0000008hGHQAY","0.0","0.0","0.0","0.0"
"a238c0000054JP8AAM","false","CLA-BD-0010616","","","","","","","","","a258c000004VBK6AAO","0.0","","Building Concrete Material","","49.0","","","","","a234S0000008hGIQAY","0.0","0.0","0.0","0.0"
"a238c0000054JP9AAM","false","CLA-BD-0010617","","","","","","","","","a258c000004VBK6AAO","0.0","","Building Concrete Labor","","50.0","","","","","a234S0000008hGJQAY","0.0","0.0","0.0","0.0"
"a238c0000054JPAAA2","false","CLA-BD-0010618","","","","","","","","","a258c000004VBK6AAO","0.0","","Concrete Foundation( Include building slab)","","51.0","","","","","a234S0000008hGKQAY","0.0","0.0","0.0","0.0"
"a238c0000054JPBAA2","false","CLA-BD-0010619","","","","","","","","","a258c000004VBK6AAO","0.0","","Masonry/Building","","52.0","","","","","a234S0000008hGLQAY","0.0","0.0","0.0","0.0"
"a238c0000054JPCAA2","false","CLA-BD-0010620","","","","","","","","","a258c000004VBK6AAO","0.0","","Structural Steel","","53.0","","","","","a234S0000008hGMQAY","0.0","0.0","0.0","0.0"
"a238c0000054JPDAA2","false","CLA-BD-0010621","","","","","","","","","a258c000004VBK6AAO","0.0","","Finish Lumber & Doors","","54.0","","","","","a234S0000008hGNQAY","0.0","0.0","0.0","0.0"
"a238c0000054JPEAA2","false","CLA-BD-0010622","","","","","","","","","a258c000004VBK6AAO","0.0","","Metal Doors & Frames","","55.0","","","","","a234S0000008hGOQAY","0.0","0.0","0.0","0.0"
"a238c0000054JPFAA2","false","CLA-BD-0010623","","","","","","","","","a258c000004VBK6AAO","0.0","","Wood Doors","","56.0","","","","","a234S0000008hGPQAY","0.0","0.0","0.0","0.0"
"a238c0000054JPGAA2","false","CLA-BD-0010624","","","","","","","","","a258c000004VBK6AAO","0.0","","Finish Hardware","","57.0","","","","","a234S0000008hGQQAY","0.0","0.0","0.0","0.0"
"a238c0000054JPHAA2","false","CLA-BD-0010625","","","","","","","","","a258c000004VBK6AAO","0.0","","Framing Labor","","58.0","","","","","a234S0000008hGRQAY","0.0","0.0","0.0","0.0"
"a238c0000054JPIAA2","false","CLA-BD-0010626","","","","","","","","","a258c000004VBK6AAO","0.0","","Misc.","","92.0","","","","","a234S0000008hGSQAY","0.0","0.0","0.0","0.0"
"a238c0000054JPJAA2","false","CLA-BD-0010627","","","","","","","","","a258c000004VBK6AAO","0.0","","Grade fill / cut","","21.0","","","","","a234S0000008hGTQAY","0.0","0.0","0.0","0.0"
"a238c0000054JPKAA2","false","CLA-BD-0010628","","","","","","","","","a258c000004VBK6AAO","0.0","","Site Demolition","","22.0","","","","","a234S0000008hGUQAY","0.0","0.0","0.0","0.0"
"a238c0000054JPLAA2","false","CLA-BD-0010629","","","","","","","","","a258c000004VBK6AAO","0.0","","Retaining wall","","23.0","","","","","a234S0000008hGVQAY","0.0","0.0","0.0","0.0"
"a238c0000054JPMAA2","false","CLA-BD-0010630","","","","","","","","","a258c000004VBK6AAO","0.0","","Trash Enclosure","","24.0","","","","","a234S0000008hGWQAY","0.0","0.0","0.0","0.0"
"a238c0000054JPNAA2","false","CLA-BD-0010631","","","","","","","","","a258c000004VBK6AAO","0.0","","Concrete slabs/curbs (do not include in building slab)","","25.0","","","","","a234S0000008hGXQAY","0.0","0.0","0.0","0.0"
"a238c0000054JPOAA2","false","CLA-BD-0010632","","","","","","","","","a258c000004VBK6AAO","0.0","","Storm Drain","","26.0","","","","","a234S0000008hGYQAY","0.0","0.0","0.0","0.0"
"a238c0000054JPPAA2","false","CLA-BD-0010633","","","","","","","","","a258c000004VBK6AAO","0.0","","Concrete Sidewalks","","27.0","","","","","a234S0000008hGZQAY","0.0","0.0","0.0","0.0"
"a238c0000054JPQAA2","false","CLA-BD-0010634","","","","","","","","","a258c000004VBK6AAO","0.0","","Concrete light bases","","28.0","","","","","a234S0000008hGaQAI","0.0","0.0","0.0","0.0"
"a238c0000054JPRAA2","false","CLA-BD-0010635","","","","","","","","","a258c000004VBK6AAO","0.0","","Electrical site work/labor","","29.0","","","","","a234S0000008hGbQAI","0.0","0.0","0.0","0.0"
"a238c0000054JPSAA2","false","CLA-BD-0010636","","","","","","","","","a258c000004VBK6AAO","0.0","","Site Lighting Material","","30.0","","","","","a234S0000008hGcQAI","0.0","0.0","0.0","0.0"
"a238c0000054JPTAA2","false","CLA-BD-0010637","","","","","","","","","a258c000004VBK6AAO","0.0","","Monument sign base construction Lang to verify if applicable","","31.0","","","","","a234S0000008hGdQAI","0.0","0.0","0.0","0.0"
"a238c0000054JPUAA2","false","CLA-BD-0010638","","","","","","","","","a258c000004VBK6AAO","0.0","","Plumbing sit work","","32.0","","","","","a234S0000008hGeQAI","0.0","0.0","0.0","0.0"
"a238c0000054JPVAA2","false","CLA-BD-0010639","","","","","","","","","a258c000004VBK6AAO","0.0","","Telephone Underground","","33.0","","","","","a234S0000008hGfQAI","0.0","0.0","0.0","0.0"
"a238c0000054JPWAA2","false","CLA-BD-0010640","","","","","","","","","a258c000004VBK6AAO","0.0","","Concrete paving","","34.0","","","","","a234S0000008hGgQAI","0.0","0.0","0.0","0.0"
"a238c0000054JPXAA2","false","CLA-BD-0010641","","","","","","","","","a258c000004VBK6AAO","0.0","","Asphalt paving & striping","","35.0","","","","","a234S0000008hGhQAI","0.0","0.0","0.0","0.0"
"a238c0000054JPYAA2","false","CLA-BD-0010642","","","","","","","","","a258c000004VBK7AAO","0.0","","Landscaping","","3.0","","","","","a234S0000008hGiQAI","0.0","0.0","","0.0"
"a238c0000054JPZAA2","false","CLA-BD-0010643","","","","","","","","","a258c000004VBK7AAO","0.0","","Bituminous Damproofing","","11.0","","","","","a234S0000008hGjQAI","0.0","0.0","","0.0"
"a238c0000054JPaAAM","false","CLA-BD-0010644","","","","","","","","","a258c000004VBK7AAO","0.0","","Linear Metal Ceilings","","19.0","","","","","a234S0000008hGkQAI","0.0","0.0","","0.0"
"a238c0000054JPbAAM","false","CLA-BD-0010645","","","","","","","","","a258c000004VBK7AAO","0.0","","Hydraulic Elevators","","24.0","","","","","a234S0000008hGlQAI","0.0","0.0","","0.0"
"a238c0000054JPcAAM","false","CLA-BD-0010646","","","","","","","","","a258c000004VBK7AAO","0.0","","Glass/Glazing","","15.0","","","","","a234S0000008hGmQAI","0.0","0.0","","0.0"
"a238c0000054JPdAAM","false","CLA-BD-0010647","","","","","","","","","a258c000004VBK7AAO","0.0","","General Conditions","","29.0","","","","","a234S0000008hGnQAI","0.0","0.0","","0.0"
"a238c0000054JPeAAM","false","CLA-BD-0010648","","","","","","","","","a258c000004VBK7AAO","0.0","","S & C Bond","","30.0","","","","","a234S0000008hGoQAI","0.0","0.0","","0.0"
"a238c0000054JPfAAM","false","CLA-BD-0010649","","","","","","","","","a258c000004VBK7AAO","0.0","","Rough Carpentry","","9.0","","","","","a234S0000008hGpQAI","0.0","0.0","","0.0"
"a238c0000054JPgAAM","false","CLA-BD-0010650","","","","","","","","","a258c000004VBK7AAO","0.0","","Finish Carpentry/Millwork","","10.0","","","","","a234S0000008hGqQAI","0.0","0.0","","0.0"
"a238c0000054JPhAAM","false","CLA-BD-0010651","","","","","","","","","a258c000004VBK7AAO","0.0","","HVAC","","27.0","","","","","a234S0000008hGrQAI","0.0","0.0","","0.0"
"a238c0000054JPiAAM","false","CLA-BD-0010652","","","","","","","","","a258c000004VBK7AAO","0.0","","Acoustical Ceilings","","18.0","","","","","a234S0000008hGsQAI","0.0","0.0","","0.0"
"a238c0000054JPjAAM","false","CLA-BD-0010653","","","","","","","","","a258c000004VBK7AAO","0.0","","Structural Steel","","8.0","","","","","a234S0000008hGtQAI","0.0","0.0","","0.0"
"a238c0000054JPkAAM","false","CLA-BD-0010654","","","","","","","","","a258c000004VBK7AAO","0.0","","Plumbing","","25.0","","","","","a234S0000008hGuQAI","0.0","0.0","","0.0"
"a238c0000054JPlAAM","false","CLA-BD-0010655","","","","","","","","","a258c000004VBK7AAO","0.0","","Fabric Awnings","","23.0","","","","","a234S0000008hGvQAI","0.0","0.0","","0.0"
"a238c0000054JPmAAM","false","CLA-BD-0010656","","","","","","","","","a258c000004VBK7AAO","0.0","","Doors/Frames/Hardware","","14.0","","","","","a234S0000008hGwQAI","0.0","0.0","","0.0"
"a238c0000054JPnAAM","false","CLA-BD-0010657","","","","","","","","","a258c000004VBK7AAO","0.0","","Unit Masonry","","7.0","","","","","a234S0000008hGxQAI","0.0","0.0","","0.0"
"a238c0000054JPoAAM","false","CLA-BD-0010658","","","","","","","","","a258c000004VBK7AAO","0.0","","Termite Control","","2.0","","","","","a234S0000008hGyQAI","0.0","0.0","","0.0"
"a238c0000054JPpAAM","false","CLA-BD-0010659","","","","","","","","","a258c000004VBK7AAO","0.0","","Fire Protection","","26.0","","","","","a234S0000008hGzQAI","0.0","0.0","","0.0"
"a238c0000054JPqAAM","false","CLA-BD-0010660","","","","","","","","","a258c000004VBK7AAO","0.0","","Joint Sealers","","13.0","","","","","a234S0000008hH0QAI","0.0","0.0","","0.0"
"a238c0000054JPrAAM","false","CLA-BD-0010661","","","","","","","","","a258c000004VBK7AAO","0.0","","Resilient and Carpet Flooring","","20.0","","","","","a234S0000008hH1QAI","0.0","0.0","","0.0"
"a238c0000054JPsAAM","false","CLA-BD-0010662","","","","","","","","","a258c000004VBK7AAO","0.0","","Building Excavator","","4.0","","","","","a234S0000008hH2QAI","0.0","0.0","","0.0"
"a238c0000054JPtAAM","false","CLA-BD-0010663","","","","","","","","","a258c000004VBK7AAO","0.0","","Painting","","21.0","","","","","a234S0000008hH3QAI","0.0","0.0","","0.0"
"a238c0000054JPuAAM","false","CLA-BD-0010664","","","","","","","","","a258c000004VBK7AAO","0.0","","Sitework","","1.0","","","","","a234S0000008hH4QAI","0.0","0.0","","0.0"
"a238c0000054JPvAAM","false","CLA-BD-0010665","","","","","","","","","a258c000004VBK7AAO","0.0","","Misc. Specialities","","22.0","","","","","a234S0000008hH5QAI","0.0","0.0","","0.0"
"a238c0000054JPwAAM","false","CLA-BD-0010666","","","","","","","","","a258c000004VBK7AAO","0.0","","Electrical","","28.0","","","","","a234S0000008hH6QAI","0.0","0.0","","0.0"
"a238c0000054JPxAAM","false","CLA-BD-0010667","","","","","","","","","a258c000004VBK7AAO","0.0","","Ceramic Tile","","17.0","","","","","a234S0000008hH7QAI","0.0","0.0","","0.0"
"a238c0000054JPyAAM","false","CLA-BD-0010668","","","","","","","","","a258c000004VBK7AAO","0.0","","Cast in Place Concrete","","5.0","","","","","a234S0000008hH8QAI","0.0","0.0","","0.0"
"a238c0000054JPzAAM","false","CLA-BD-0010669","","","","","","","","","a258c000004VBK7AAO","0.0","","Roofing &Sheetmetal Flashing","","12.0","","","","","a234S0000008hH9QAI","0.0","0.0","","0.0"
"a238c0000054JQ0AAM","false","CLA-BD-0010670","","","","","","","","","a258c000004VBK7AAO","0.0","","Studs/Drywall/EIFS","","16.0","","","","","a234S0000008hHAQAY","0.0","0.0","","0.0"
"a238c0000054JQ1AAM","false","CLA-BD-0010671","","","","","","","","","a258c000004VBK7AAO","0.0","","Tilt-Up Precast Concrete","","6.0","","","","","a234S0000008hHBQAY","0.0","0.0","","0.0"
"a238c0000054JQ2AAM","false","CLA-BD-0010672","","","","","","","","","a258c000004VBK7AAO","0.0","","Change Orders","","36.0","","","","","a234S0000008hHCQAY","0.0","0.0","","0.0"
"a238c0000054JQ3AAM","false","CLA-BD-0010673","","","","","","","","","a258c000004VBK7AAO","0.0","","Allowance - Precast Concrete Pane","","35.0","","","","","a234S0000008hHDQAY","0.0","0.0","","0.0"
"a238c0000054JQ4AAM","false","CLA-BD-0010674","","","","","","","","","a258c000004VBK7AAO","0.0","","Allowance - Drywall Support/Finishing","","34.0","","","","","a234S0000008hHEQAY","0.0","0.0","","0.0"
"a238c0000054JQ5AAM","false","CLA-BD-0010675","","","","","","","","","a258c000004VBK7AAO","0.0","","Fee","","31.0","","","","","a234S0000008hHFQAY","0.0","0.0","","0.0"
"a238c0000054JQ6AAM","false","CLA-BD-0010676","","","","","","","","","a258c000004VBK7AAO","0.0","","Allowance - Add'l Steel Support","","33.0","","","","","a234S0000008hHGQAY","0.0","0.0","","0.0"
"a238c0000054JQ7AAM","false","CLA-BD-0010677","","","","","","","","","a258c000004VBK7AAO","0.0","","Allowance - Mis Paving Earthwork","","32.0","","","","","a234S0000008hHHQAY","0.0","0.0","","0.0"
"a238c0000054JQ8AAM","false","CLA-BD-0010678","","","","","","","","","a258c000004VBK8AAO","0.0","","Exterior Glass (7xS450)","","21.0","","","","","a234S0000008hHIQAY","0.0","0.0","","0.0"
"a238c0000054JQ9AAM","false","CLA-BD-0010679","","","","","","","","","a258c000004VBK8AAO","0.0","","General Conditions","","22.0","","","","","a234S0000008hHJQAY","0.0","0.0","","0.0"
"a238c0000054JQAAA2","false","CLA-BD-0010680","","","","","","","","","a258c000004VBK8AAO","0.0","","O&P","","23.0","","","","","a234S0000008hHKQAY","0.0","0.0","","0.0"
"a238c0000054JQBAA2","false","CLA-BD-0010681","","","","","","","","","a258c000004VBK8AAO","0.0","","Insurance","","24.0","","","","","a234S0000008hHLQAY","0.0","0.0","","0.0"
"a238c0000054JQCAA2","false","CLA-BD-0010682","","","","","","","","","a258c000004VBK8AAO","0.0","","Millwork","","14.0","","","","","a234S0000008hHMQAY","0.0","0.0","","0.0"
"a238c0000054JQDAA2","false","CLA-BD-0010683","","","","","","","","","a258c000004VBK8AAO","0.0","","Structural ( Entry Feature)","","15.0","","","","","a234S0000008hHNQAY","0.0","0.0","","0.0"
"a238c0000054JQEAA2","false","CLA-BD-0010684","","","","","","","","","a258c000004VBK8AAO","0.0","","Concrete Fill In Plumbing Trenches","","16.0","","","","","a234S0000008hHOQAY","0.0","0.0","","0.0"
"a238c0000054JQFAA2","false","CLA-BD-0010685","","","","","","","","","a258c000004VBK8AAO","0.0","","Site Stripping (ADA)","","17.0","","","","","a234S0000008hHPQAY","0.0","0.0","","0.0"
"a238c0000054JQGAA2","false","CLA-BD-0010686","","","","","","","","","a258c000004VBK8AAO","0.0","","Roof Structure (Trusses, Sheeting, Labor)","","18.0","","","","","a234S0000008hHQQAY","0.0","0.0","","0.0"
"a238c0000054JQHAA2","false","CLA-BD-0010687","","","","","","","","","a258c000004VBK8AAO","0.0","","Roofing","","19.0","","","","","a234S0000008hHRQAY","0.0","0.0","","0.0"
"a238c0000054JQIAA2","false","CLA-BD-0010688","","","","","","","","","a258c000004VBK8AAO","0.0","","Lights - LED","","20.0","","","","","a234S0000008hHSQAY","0.0","0.0","","0.0"
"a238c0000054JQJAA2","false","CLA-BD-0010689","","","","","","","","","a258c000004VBK8AAO","0.0","","Electrical and Low Voltage","","1.0","","","","","a234S0000008hHTQAY","0.0","0.0","","0.0"
"a238c0000054JQKAA2","false","CLA-BD-0010690","","","","","","","","","a258c000004VBK8AAO","0.0","","Mechanical","","2.0","","","","","a234S0000008hHUQAY","0.0","0.0","","0.0"
"a238c0000054JQLAA2","false","CLA-BD-0010691","","","","","","","","","a258c000004VBK8AAO","0.0","","Plumbing","","3.0","","","","","a234S0000008hHVQAY","0.0","0.0","","0.0"
"a238c0000054JQMAA2","false","CLA-BD-0010692","","","","","","","","","a258c000004VBK8AAO","0.0","","Painting (Interior and Exterior)","","4.0","","","","","a234S0000008hHWQAY","0.0","0.0","","0.0"
"a238c0000054JQNAA2","false","CLA-BD-0010693","","","","","","","","","a258c000004VBK8AAO","0.0","","Flooring","","5.0","","","","","a234S0000008hHXQAY","0.0","0.0","","0.0"
"a238c0000054JQOAA2","false","CLA-BD-0010694","","","","","","","","","a258c000004VBK8AAO","0.0","","Ceiling","","6.0","","","","","a234S0000008hHYQAY","0.0","0.0","","0.0"
"a238c0000054JQPAA2","false","CLA-BD-0010695","","","","","","","","","a258c000004VBK8AAO","0.0","","Drywall and Framing","","7.0","","","","","a234S0000008hHZQAY","0.0","0.0","","0.0"
"a238c0000054JQQAA2","false","CLA-BD-0010696","","","","","","","","","a258c000004VBK8AAO","0.0","","Doors & Hardware (SC w/ Metal Frame)","","8.0","","","","","a234S0000008hHaQAI","0.0","0.0","","0.0"
"a238c0000054JQRAA2","false","CLA-BD-0010697","","","","","","","","","a258c000004VBK8AAO","0.0","","Demo","","9.0","","","","","a234S0000008hHbQAI","0.0","0.0","","0.0"
"a238c0000054JQSAA2","false","CLA-BD-0010698","","","","","","","","","a258c000004VBK8AAO","0.0","","CMU - Stucco","","11.0","","","","","a234S0000008hHcQAI","0.0","0.0","","0.0"
"a238c0000054JQTAA2","false","CLA-BD-0010699","","","","","","","","","a258c000004VBK9AAO","0.0","","Cabinets / Millwork","","88.0","","","","","a234S0000008hHdQAI","0.0","0.0","","0.0"
"a238c0000054JQUAA2","false","CLA-BD-0010700","","","","","","","","","a258c000004VBK9AAO","0.0","","Flooring (Rubber Floor/Silica/ Res-Tek)","","90.0","","","","","a234S0000008hHeQAI","0.0","0.0","","0.0"
"a238c0000054JQVAA2","false","CLA-BD-0010701","","","","","","","","","a258c000004VBK9AAO","0.0","","Lighting Fixtures","","85.0","","","","","a234S0000008hHfQAI","0.0","0.0","","0.0"
"a238c0000054JQWAA2","false","CLA-BD-0010702","","","","","","","","","a258c000004VBK9AAO","0.0","","Corporate Decor Package Installation","","93.0","","","","","a234S0000008hHgQAI","0.0","0.0","","0.0"
"a238c0000054JQXAA2","false","CLA-BD-0010703","","","","","","","","","a258c000004VBK9AAO","0.0","","100 ft secondary service","","84.0","","","","","a234S0000008hHhQAI","0.0","0.0","","0.0"
"a238c0000054JQYAA2","false","CLA-BD-0010704","","","","","","","","","a258c000004VBK9AAO","0.0","","Fire Extinguishers","","87.0","","","","","a234S0000008hHiQAI","0.0","0.0","","0.0"
"a238c0000054JQZAA2","false","CLA-BD-0010705","","","","","","","","","a258c000004VBK9AAO","0.0","","Caulking","","91.0","","","","","a234S0000008hHjQAI","0.0","0.0","","0.0"
"a238c0000054JQaAAM","false","CLA-BD-0010706","","","","","","","","","a258c000004VBK9AAO","0.0","","Toilet Partitions","","89.0","","","","","a234S0000008hHkQAI","0.0","0.0","","0.0"
"a238c0000054JQbAAM","false","CLA-BD-0010707","","","","","","","","","a258c000004VBK9AAO","0.0","","Roofing","","59.0","","","","","a234S0000008hHlQAI","0.0","0.0","","0.0"
"a238c0000054JQcAAM","false","CLA-BD-0010708","","","","","","","","","a258c000004VBK9AAO","0.0","","Finish Carpentry Labor","","60.0","","","","","a234S0000008hHmQAI","0.0","0.0","","0.0"
"a238c0000054JQdAAM","false","CLA-BD-0010709","","","","","","","","","a258c000004VBK9AAO","0.0","","Rough Carpentry Labor","","61.0","","","","","a234S0000008hHnQAI","0.0","0.0","","0.0"
"a238c0000054JQeAAM","false","CLA-BD-0010710","","","","","","","","","a258c000004VBK9AAO","0.0","","Rough Carpentry Material","","62.0","","","","","a234S0000008hHoQAI","0.0","0.0","","0.0"
"a238c0000054JQfAAM","false","CLA-BD-0010711","","","","","","","","","a258c000004VBK9AAO","0.0","","Sheet Metal","","63.0","","","","","a234S0000008hHpQAI","0.0","0.0","","0.0"
"a238c0000054JQgAAM","false","CLA-BD-0010712","","","","","","","","","a258c000004VBK9AAO","0.0","","Insulation","","64.0","","","","","a234S0000008hHqQAI","0.0","0.0","","0.0"
"a238c0000054JQhAAM","false","CLA-BD-0010713","","","","","","","","","a258c000004VBK9AAO","0.0","","Glass & Glazing","","65.0","","","","","a234S0000008hHrQAI","0.0","0.0","","0.0"
"a238c0000054JQiAAM","false","CLA-BD-0010714","","","","","","","","","a258c000004VBK9AAO","0.0","","Drywall & Metal Studs","","66.0","","","","","a234S0000008hHsQAI","0.0","0.0","","0.0"
"a238c0000054JQjAAM","false","CLA-BD-0010715","","","","","","","","","a258c000004VBK9AAO","0.0","","Acoustic Tile","","67.0","","","","","a234S0000008hHtQAI","0.0","0.0","","0.0"
"a238c0000054JQkAAM","false","CLA-BD-0010716","","","","","","","","","a258c000004VBK9AAO","0.0","","Painting","","68.0","","","","","a234S0000008hHuQAI","0.0","0.0","","0.0"
"a238c0000054JQlAAM","false","CLA-BD-0010717","","","","","","","","","a258c000004VBK9AAO","0.0","","Ceramic tile","","69.0","","","","","a234S0000008hHvQAI","0.0","0.0","","0.0"
"a238c0000054JQmAAM","false","CLA-BD-0010718","","","","","","","","","a258c000004VBK9AAO","0.0","","EIFS / Lath & Plaster","","70.0","","","","","a234S0000008hHwQAI","0.0","0.0","","0.0"
"a238c0000054JQnAAM","false","CLA-BD-0010719","","","","","","","","","a258c000004VBK9AAO","0.0","","Misc. S.S.","","71.0","","","","","a234S0000008hHxQAI","0.0","0.0","","0.0"
"a238c0000054JQoAAM","false","CLA-BD-0010720","","","","","","","","","a258c000004VBK9AAO","0.0","","Toilet accessories","","72.0","","","","","a234S0000008hHyQAI","0.0","0.0","","0.0"
"a238c0000054JQpAAM","false","CLA-BD-0010721","","","","","","","","","a258c000004VBK9AAO","0.0","","GC Installed Items","","73.0","","","","","a234S0000008hHzQAI","0.0","0.0","","0.0"
"a238c0000054JQqAAM","false","CLA-BD-0010722","","","","","","","","","a258c000004VBK9AAO","0.0","","H.V.A.C. System","","74.0","","","","","a234S0000008hI0QAI","0.0","0.0","","0.0"
"a238c0000054JQrAAM","false","CLA-BD-0010723","","","","","","","","","a258c000004VBK9AAO","0.0","","TABC - Air Balance (Required)","","75.0","","","","","a234S0000008hI1QAI","0.0","0.0","","0.0"
"a238c0000054JQsAAM","false","CLA-BD-0010724","","","","","","","","","a258c000004VBK9AAO","0.0","","Plumbing","","76.0","","","","","a234S0000008hI2QAI","0.0","0.0","","0.0"
"a238c0000054JQtAAM","false","CLA-BD-0010725","","","","","","","","","a258c000004VBK9AAO","0.0","","Fire Sprinkler (if required)","","77.0","","","","","a234S0000008hI3QAI","0.0","0.0","","0.0"
"a238c0000054JQuAAM","false","CLA-BD-0010726","","","","","","","","","a258c000004VBK9AAO","0.0","","Metal Fab","","78.0","","","","","a234S0000008hI4QAI","0.0","0.0","","0.0"
"a238c0000054JQvAAM","false","CLA-BD-0010727","","","","","","","","","a258c000004VBK9AAO","0.0","","Cedar brackets","","79.0","","","","","a234S0000008hI5QAI","0.0","0.0","","0.0"
"a238c0000054JQwAAM","false","CLA-BD-0010728","","","","","","","","","a258c000004VBK9AAO","0.0","","Termite Treat","","80.0","","","","","a234S0000008hI6QAI","0.0","0.0","","0.0"
"a238c0000054JQxAAM","false","CLA-BD-0010729","","","","","","","","","a258c000004VBK9AAO","0.0","","Electrical Labor","","81.0","","","","","a234S0000008hI7QAI","0.0","0.0","","0.0"
"a238c0000054JQyAAM","false","CLA-BD-0010730","","","","","","","","","a258c000004VBK9AAO","0.0","","Electrical Material","","82.0","","","","","a234S0000008hI8QAI","0.0","0.0","","0.0"
"a238c0000054JQzAAM","false","CLA-BD-0010731","","","","","","","","","a258c000004VBK9AAO","0.0","","Power Management System","","83.0","","","","","a234S0000008hI9QAI","0.0","0.0","","0.0"
"a238c0000054JR0AAM","false","CLA-BD-0010732","","","","","","","","","a258c000004VBK9AAO","0.0","","F.R.P. and marlite","","86.0","","","","","a234S0000008hIAQAY","0.0","0.0","","0.0"
"a238c0000054JR1AAM","false","CLA-BD-0010733","","","","","","","","","a258c000004VBK9AAO","0.0","","Gas to Property Line","","1.0","","","","","a234S0000008hIBQAY","0.0","0.0","","0.0"
"a238c0000054JR2AAM","false","CLA-BD-0010734","","","","","","","","","a258c000004VBK9AAO","0.0","","Water to Property line","","2.0","","","","","a234S0000008hICQAY","0.0","0.0","","0.0"
"a238c0000054JR3AAM","false","CLA-BD-0010735","","","","","","","","","a258c000004VBK9AAO","0.0","","Sewer to Property Line","","3.0","","","","","a234S0000008hIDQAY","0.0","0.0","","0.0"
"a238c0000054JR4AAM","false","CLA-BD-0010736","","","","","","","","","a258c000004VBK9AAO","0.0","","New electric service","","4.0","","","","","a234S0000008hIEQAY","0.0","0.0","","0.0"
"a238c0000054JR5AAM","false","CLA-BD-0010737","","","","","","","","","a258c000004VBK9AAO","0.0","","Power pole - new or relocate","","5.0","","","","","a234S0000008hIFQAY","0.0","0.0","","0.0"
"a238c0000054JR6AAM","false","CLA-BD-0010738","","","","","","","","","a258c000004VBK9AAO","0.0","","Street light - new or relocate","","6.0","","","","","a234S0000008hIGQAY","0.0","0.0","","0.0"
"a238c0000054JR7AAM","false","CLA-BD-0010739","","","","","","","","","a258c000004VBK9AAO","0.0","","Telephone Pole","","7.0","","","","","a234S0000008hIHQAY","0.0","0.0","","0.0"
"a238c0000054JR8AAM","false","CLA-BD-0010740","","","","","","","","","a258c000004VBK9AAO","0.0","","Off site fire hydrant","","8.0","","","","","a234S0000008hIIQAY","0.0","0.0","","0.0"
"a238c0000054JR9AAM","false","CLA-BD-0010741","","","","","","","","","a258c000004VBK9AAO","0.0","","Traffic signals - new or relocate","","9.0","","","","","a234S0000008hIJQAY","0.0","0.0","","0.0"
"a238c0000054JRAAA2","false","CLA-BD-0010742","","","","","","","","","a258c000004VBK9AAO","0.0","","Offsite Demolition","","10.0","","","","","a234S0000008hIKQAY","0.0","0.0","","0.0"
"a238c0000054JRBAA2","false","CLA-BD-0010743","","","","","","","","","a258c000004VBK9AAO","0.0","","New Curb & Gutter","","11.0","","","","","a234S0000008hILQAY","0.0","0.0","","0.0"
"a238c0000054JRCAA2","false","CLA-BD-0010744","","","","","","","","","a258c000004VBK9AAO","0.0","","New sidewalk","","12.0","","","","","a234S0000008hIMQAY","0.0","0.0","","0.0"
"a238c0000054JRDAA2","false","CLA-BD-0010745","","","","","","","","","a258c000004VBK9AAO","0.0","","New approaches","","13.0","","","","","a234S0000008hINQAY","0.0","0.0","","0.0"
"a238c0000054JREAA2","false","CLA-BD-0010746","","","","","","","","","a258c000004VBK9AAO","0.0","","Street paving and markings","","14.0","","","","","a234S0000008hIOQAY","0.0","0.0","","0.0"
"a238c0000054JRFAA2","false","CLA-BD-0010747","","","","","","","","","a258c000004VBK9AAO","0.0","","Temp sidewalk","","15.0","","","","","a234S0000008hIPQAY","0.0","0.0","","0.0"
"a238c0000054JRGAA2","false","CLA-BD-0010748","","","","","","","","","a258c000004VBK9AAO","0.0","","Storm Drain","","16.0","","","","","a234S0000008hIQQAY","0.0","0.0","","0.0"
"a238c0000054JRHAA2","false","CLA-BD-0010749","","","","","","","","","a258c000004VBK9AAO","0.0","","Relocate Transformer","","17.0","","","","","a234S0000008hIRQAY","0.0","0.0","","0.0"
"a238c0000054JRIAA2","false","CLA-BD-0010750","","","","","","","","","a258c000004VBK9AAO","0.0","","Survey","","18.0","","","","","a234S0000008hISQAY","0.0","0.0","","0.0"
"a238c0000054JRJAA2","false","CLA-BD-0010751","","","","","","","","","a258c000004VBK9AAO","0.0","","Soils","","20.0","","","","","a234S0000008hITQAY","0.0","0.0","","0.0"
"a238c0000054JRKAA2","false","CLA-BD-0010752","","","","","","","","","a258c000004VBK9AAO","0.0","","Grade fill / cut","","21.0","","","","","a234S0000008hIUQAY","0.0","0.0","","0.0"
"a238c0000054JRLAA2","false","CLA-BD-0010753","","","","","","","","","a258c000004VBK9AAO","0.0","","Site Demolition","","22.0","","","","","a234S0000008hIVQAY","0.0","0.0","","0.0"
"a238c0000054JRMAA2","false","CLA-BD-0010754","","","","","","","","","a258c000004VBK9AAO","0.0","","Retaining wall","","23.0","","","","","a234S0000008hIWQAY","0.0","0.0","","0.0"
"a238c0000054JRNAA2","false","CLA-BD-0010755","","","","","","","","","a258c000004VBK9AAO","0.0","","Trash Enclosure","","24.0","","","","","a234S0000008hIXQAY","0.0","0.0","","0.0"
"a238c0000054JROAA2","false","CLA-BD-0010756","","","","","","","","","a258c000004VBK9AAO","0.0","","Concrete slabs/curbs (do not include in building slab)","","25.0","","","","","a234S0000008hIYQAY","0.0","0.0","","0.0"
"a238c0000054JRPAA2","false","CLA-BD-0010757","","","","","","","","","a258c000004VBK9AAO","0.0","","Storm Drain","","26.0","","","","","a234S0000008hIZQAY","0.0","0.0","","0.0"
"a238c0000054JRQAA2","false","CLA-BD-0010758","","","","","","","","","a258c000004VBK9AAO","0.0","","Concrete Sidewalks","","27.0","","","","","a234S0000008hIaQAI","0.0","0.0","","0.0"
"a238c0000054JRRAA2","false","CLA-BD-0010759","","","","","","","","","a258c000004VBK9AAO","0.0","","Concrete light bases","","28.0","","","","","a234S0000008hIbQAI","0.0","0.0","","0.0"
"a238c0000054JRSAA2","false","CLA-BD-0010760","","","","","","","","","a258c000004VBK9AAO","0.0","","Electrical site work/labor","","29.0","","","","","a234S0000008hIcQAI","0.0","0.0","","0.0"
"a238c0000054JRTAA2","false","CLA-BD-0010761","","","","","","","","","a258c000004VBK9AAO","0.0","","Site Lighting Material","","30.0","","","","","a234S0000008hIdQAI","0.0","0.0","","0.0"
"a238c0000054JRUAA2","false","CLA-BD-0010762","","","","","","","","","a258c000004VBK9AAO","0.0","","Monument sign base construction Lang to verify if applicable","","31.0","","","","","a234S0000008hIeQAI","0.0","0.0","","0.0"
"a238c0000054JRVAA2","false","CLA-BD-0010763","","","","","","","","","a258c000004VBK9AAO","0.0","","Plumbing sit work","","32.0","","","","","a234S0000008hIfQAI","0.0","0.0","","0.0"
"a238c0000054JRWAA2","false","CLA-BD-0010764","","","","","","","","","a258c000004VBK9AAO","0.0","","Telephone Underground","","33.0","","","","","a234S0000008hIgQAI","0.0","0.0","","0.0"
"a238c0000054JRXAA2","false","CLA-BD-0010765","","","","","","","","","a258c000004VBK9AAO","0.0","","Concrete paving","","34.0","","","","","a234S0000008hIhQAI","0.0","0.0","","0.0"
"a238c0000054JRYAA2","false","CLA-BD-0010766","","","","","","","","","a258c000004VBK9AAO","0.0","","Asphalt paving & striping","","35.0","","","","","a234S0000008hIiQAI","0.0","0.0","","0.0"
"a238c0000054JRZAA2","false","CLA-BD-0010767","","","","","","","","","a258c000004VBK9AAO","0.0","","Landscaping w/ Irrigation (Required)","","36.0","","","","","a234S0000008hIjQAI","0.0","0.0","","0.0"
"a238c0000054JRaAAM","false","CLA-BD-0010768","","","","","","","","","a258c000004VBK9AAO","0.0","","Bollard w/ Covers","","37.0","","","","","a234S0000008hIkQAI","0.0","0.0","","0.0"
"a238c0000054JRbAAM","false","CLA-BD-0010769","","","","","","","","","a258c000004VBK9AAO","0.0","","Fire Sprinkler Service","","38.0","","","","","a234S0000008hIlQAI","0.0","0.0","","0.0"
"a238c0000054JRcAAM","false","CLA-BD-0010770","","","","","","","","","a258c000004VBK9AAO","0.0","","Erosion & Dust Control","","39.0","","","","","a234S0000008hImQAI","0.0","0.0","","0.0"
"a238c0000054JRdAAM","false","CLA-BD-0010771","","","","","","","","","a258c000004VBK9AAO","0.0","","Fire Hydrant","","40.0","","","","","a234S0000008hInQAI","0.0","0.0","","0.0"
"a238c0000054JReAAM","false","CLA-BD-0010772","","","","","","","","","a258c000004VBK9AAO","0.0","","Dumpster Approach","","41.0","","","","","a234S0000008hIoQAI","0.0","0.0","","0.0"
"a238c0000054JRfAAM","false","CLA-BD-0010773","","","","","","","","","a258c000004VBK9AAO","0.0","","Wheel stops","","42.0","","","","","a234S0000008hIpQAI","0.0","0.0","","0.0"
"a238c0000054JRgAAM","false","CLA-BD-0010774","","","","","","","","","a258c000004VBK9AAO","0.0","","Preasure Washing","","43.0","","","","","a234S0000008hIqQAI","0.0","0.0","","0.0"
"a238c0000054JRhAAM","false","CLA-BD-0010775","","","","","","","","","a258c000004VBK9AAO","0.0","","Service Yard Conc/CMU","","44.0","","","","","a234S0000008hIrQAI","0.0","0.0","","0.0"
"a238c0000054JRiAAM","false","CLA-BD-0010776","","","","","","","","","a258c000004VBK9AAO","0.0","","Barricades/Signs","","45.0","","","","","a234S0000008hIsQAI","0.0","0.0","","0.0"
"a238c0000054JRjAAM","false","CLA-BD-0010777","","","","","","","","","a258c000004VBK9AAO","0.0","","Signage","","46.0","","","","","a234S0000008hItQAI","0.0","0.0","","0.0"
"a238c0000054JRkAAM","false","CLA-BD-0010778","","","","","","","","","a258c000004VBK9AAO","0.0","","Misc.","","47.0","","","","","a234S0000008hIuQAI","0.0","0.0","","0.0"
"a238c0000054JRlAAM","false","CLA-BD-0010779","","","","","","","","","a258c000004VBK9AAO","0.0","","Building Demolition","","48.0","","","","","a234S0000008hIvQAI","0.0","0.0","","0.0"
"a238c0000054JRmAAM","false","CLA-BD-0010780","","","","","","","","","a258c000004VBK9AAO","0.0","","Building Concrete Material","","49.0","","","","","a234S0000008hIwQAI","0.0","0.0","","0.0"
"a238c0000054JRnAAM","false","CLA-BD-0010781","","","","","","","","","a258c000004VBK9AAO","0.0","","Building Concrete Labor","","50.0","","","","","a234S0000008hIxQAI","0.0","0.0","","0.0"
"a238c0000054JRoAAM","false","CLA-BD-0010782","","","","","","","","","a258c000004VBK9AAO","0.0","","Concrete Foundation( Include building slab)","","51.0","","","","","a234S0000008hIyQAI","0.0","0.0","","0.0"
"a238c0000054JRpAAM","false","CLA-BD-0010783","","","","","","","","","a258c000004VBK9AAO","0.0","","Masonry/Building","","52.0","","","","","a234S0000008hIzQAI","0.0","0.0","","0.0"
"a238c0000054JRqAAM","false","CLA-BD-0010784","","","","","","","","","a258c000004VBK9AAO","0.0","","Structural Steel","","53.0","","","","","a234S0000008hJ0QAI","0.0","0.0","","0.0"
"a238c0000054JRrAAM","false","CLA-BD-0010785","","","","","","","","","a258c000004VBK9AAO","0.0","","Finish Lumber & Doors","","54.0","","","","","a234S0000008hJ1QAI","0.0","0.0","","0.0"
"a238c0000054JRsAAM","false","CLA-BD-0010786","","","","","","","","","a258c000004VBK9AAO","0.0","","Metal Doors & Frames","","55.0","","","","","a234S0000008hJ2QAI","0.0","0.0","","0.0"
"a238c0000054JRtAAM","false","CLA-BD-0010787","","","","","","","","","a258c000004VBK9AAO","0.0","","Wood Doors","","56.0","","","","","a234S0000008hJ3QAI","0.0","0.0","","0.0"
"a238c0000054JRuAAM","false","CLA-BD-0010788","","","","","","","","","a258c000004VBK9AAO","0.0","","Finish Hardware","","57.0","","","","","a234S0000008hJ4QAI","0.0","0.0","","0.0"
"a238c0000054JRvAAM","false","CLA-BD-0010789","","","","","","","","","a258c000004VBK9AAO","0.0","","Framing Labor","","58.0","","","","","a234S0000008hJ5QAI","0.0","0.0","","0.0"
"a238c0000054JRwAAM","false","CLA-BD-0010790","","","","","","","","","a258c000004VBK9AAO","0.0","","Misc.","","92.0","","","","","a234S0000008hJ6QAI","0.0","0.0","","0.0"
"a238c0000054JRxAAM","false","CLA-BD-0010791","","","","","","","","","a258c000004VBKEAA4","0.0","","Cabinets / Millwork","","88.0","","","","","a234W00000KjZdCQAV","0.0","0.0","0.0","0.0"
"a238c0000054JRyAAM","false","CLA-BD-0010792","","","","","","","","","a258c000004VBKEAA4","0.0","","Flooring (Rubber Floor/Silica/ Res-Tek)","","90.0","","","","","a234W00000KjZdDQAV","0.0","0.0","0.0","0.0"
"a238c0000054JRzAAM","false","CLA-BD-0010793","","","","","","","","","a258c000004VBKEAA4","0.0","","Lighting Fixtures","","85.0","","","","","a234W00000KjZdEQAV","0.0","0.0","0.0","0.0"
"a238c0000054JS0AAM","false","CLA-BD-0010794","","","","","","","","","a258c000004VBKEAA4","0.0","","Corporate Decor Package Installation","","93.0","","","","","a234W00000KjZdFQAV","0.0","0.0","0.0","0.0"
"a238c0000054JS1AAM","false","CLA-BD-0010795","","","","","","","","","a258c000004VBKEAA4","0.0","","100 ft secondary service","","84.0","","","","","a234W00000KjZdGQAV","0.0","0.0","0.0","0.0"
"a238c0000054JS2AAM","false","CLA-BD-0010796","","","","","","","","","a258c000004VBKEAA4","0.0","","Fire Extinguishers","","87.0","","","","","a234W00000KjZdHQAV","0.0","0.0","0.0","0.0"
"a238c0000054JS3AAM","false","CLA-BD-0010797","","","","","","","","","a258c000004VBKEAA4","0.0","","Caulking","","91.0","","","","","a234W00000KjZdIQAV","0.0","0.0","0.0","0.0"
"a238c0000054JS4AAM","false","CLA-BD-0010798","","","","","","","","","a258c000004VBKEAA4","0.0","","Toilet Partitions","","89.0","","","","","a234W00000KjZdJQAV","0.0","0.0","0.0","0.0"
"a238c0000054JS5AAM","false","CLA-BD-0010799","","","","","","","","","a258c000004VBKEAA4","0.0","","Roofing","","59.0","","","","","a234W00000KjZdKQAV","0.0","0.0","0.0","0.0"
"a238c0000054JS6AAM","false","CLA-BD-0010800","","","","","","","","","a258c000004VBKEAA4","0.0","","Finish Carpentry Labor","","60.0","","","","","a234W00000KjZdLQAV","0.0","0.0","0.0","0.0"
"a238c0000054JS7AAM","false","CLA-BD-0010801","","","","","","","","","a258c000004VBKEAA4","0.0","","Rough Carpentry Labor","","61.0","","","","","a234W00000KjZdMQAV","0.0","0.0","0.0","0.0"
"a238c0000054JS8AAM","false","CLA-BD-0010802","","","","","","","","","a258c000004VBKEAA4","0.0","","Rough Carpentry Material","","62.0","","","","","a234W00000KjZdNQAV","0.0","0.0","0.0","0.0"
"a238c0000054JS9AAM","false","CLA-BD-0010803","","","","","","","","","a258c000004VBKEAA4","0.0","","Sheet Metal","","63.0","","","","","a234W00000KjZdOQAV","0.0","0.0","0.0","0.0"
"a238c0000054JSAAA2","false","CLA-BD-0010804","","","","","","","","","a258c000004VBKEAA4","0.0","","Insulation","","64.0","","","","","a234W00000KjZdPQAV","0.0","0.0","0.0","0.0"
"a238c0000054JSBAA2","false","CLA-BD-0010805","","","","","","","","","a258c000004VBKEAA4","0.0","","Glass & Glazing","","65.0","","","","","a234W00000KjZdQQAV","0.0","0.0","0.0","0.0"
"a238c0000054JSCAA2","false","CLA-BD-0010806","","","","","","","","","a258c000004VBKEAA4","0.0","","Drywall & Metal Studs","","66.0","","","","","a234W00000KjZdRQAV","0.0","0.0","0.0","0.0"
"a238c0000054JSDAA2","false","CLA-BD-0010807","","","","","","","","","a258c000004VBKEAA4","0.0","","Acoustic Tile","","67.0","","","","","a234W00000KjZdSQAV","0.0","0.0","0.0","0.0"
"a238c0000054JSEAA2","false","CLA-BD-0010808","","","","","","","","","a258c000004VBKEAA4","0.0","","Painting","","68.0","","","","","a234W00000KjZdTQAV","0.0","0.0","0.0","0.0"
"a238c0000054JSFAA2","false","CLA-BD-0010809","","","","","","","","","a258c000004VBKEAA4","0.0","","Ceramic tile","","69.0","","","","","a234W00000KjZdUQAV","0.0","0.0","0.0","0.0"
"a238c0000054JSGAA2","false","CLA-BD-0010810","","","","","","","","","a258c000004VBKEAA4","0.0","","EIFS / Lath & Plaster","","70.0","","","","","a234W00000KjZdVQAV","0.0","0.0","0.0","0.0"
"a238c0000054JSHAA2","false","CLA-BD-0010811","","","","","","","","","a258c000004VBKEAA4","0.0","","Misc. S.S.","","71.0","","","","","a234W00000KjZdWQAV","0.0","0.0","0.0","0.0"
"a238c0000054JSIAA2","false","CLA-BD-0010812","","","","","","","","","a258c000004VBKEAA4","0.0","","Toilet accessories","","72.0","","","","","a234W00000KjZdXQAV","0.0","0.0","0.0","0.0"
"a238c0000054JSJAA2","false","CLA-BD-0010813","","","","","","","","","a258c000004VBKEAA4","0.0","","GC Installed Items","","73.0","","","","","a234W00000KjZdYQAV","0.0","0.0","0.0","0.0"
"a238c0000054JSKAA2","false","CLA-BD-0010814","","","","","","","","","a258c000004VBKEAA4","0.0","","H.V.A.C. System","","74.0","","","","","a234W00000KjZdZQAV","0.0","0.0","0.0","0.0"
"a238c0000054JSLAA2","false","CLA-BD-0010815","","","","","","","","","a258c000004VBKEAA4","0.0","","TABC - Air Balance (Required)","","75.0","","","","","a234W00000KjZdaQAF","0.0","0.0","0.0","0.0"
"a238c0000054JSMAA2","false","CLA-BD-0010816","","","","","","","","","a258c000004VBKEAA4","0.0","","Plumbing","","76.0","","","","","a234W00000KjZdbQAF","0.0","0.0","0.0","0.0"
"a238c0000054JSNAA2","false","CLA-BD-0010817","","","","","","","","","a258c000004VBKEAA4","0.0","","Fire Sprinkler (if required)","","77.0","","","","","a234W00000KjZdcQAF","0.0","0.0","0.0","0.0"
"a238c0000054JSOAA2","false","CLA-BD-0010818","","","","","","","","","a258c000004VBKEAA4","0.0","","Metal Fab","","78.0","","","","","a234W00000KjZddQAF","0.0","0.0","0.0","0.0"
"a238c0000054JSPAA2","false","CLA-BD-0010819","","","","","","","","","a258c000004VBKEAA4","0.0","","Cedar brackets","","79.0","","","","","a234W00000KjZdeQAF","0.0","0.0","0.0","0.0"
"a238c0000054JSQAA2","false","CLA-BD-0010820","","","","","","","","","a258c000004VBKEAA4","0.0","","Termite Treat","","80.0","","","","","a234W00000KjZdfQAF","0.0","0.0","0.0","0.0"
"a238c0000054JSRAA2","false","CLA-BD-0010821","","","","","","","","","a258c000004VBKEAA4","0.0","","Electrical Labor","","81.0","","","","","a234W00000KjZdgQAF","0.0","0.0","0.0","0.0"
"a238c0000054JSSAA2","false","CLA-BD-0010822","","","","","","","","","a258c000004VBKEAA4","0.0","","Electrical Material","","82.0","","","","","a234W00000KjZdhQAF","0.0","0.0","0.0","0.0"
"a238c0000054JSTAA2","false","CLA-BD-0010823","","","","","","","","","a258c000004VBKEAA4","0.0","","Power Management System","","83.0","","","","","a234W00000KjZdiQAF","0.0","0.0","0.0","0.0"
"a238c0000054JSUAA2","false","CLA-BD-0010824","","","","","","","","","a258c000004VBKEAA4","0.0","","F.R.P. and marlite","","86.0","","","","","a234W00000KjZdjQAF","0.0","0.0","0.0","0.0"
"a238c0000054JSVAA2","false","CLA-BD-0010825","","","","","","","","","a258c000004VBKEAA4","0.0","","Gas to Property Line","","1.0","","","","","a234W00000KjZdkQAF","0.0","0.0","0.0","0.0"
"a238c0000054JSWAA2","false","CLA-BD-0010826","","","","","","","","","a258c000004VBKEAA4","0.0","","Water to Property line","","2.0","","","","","a234W00000KjZdlQAF","0.0","0.0","0.0","0.0"
"a238c0000054JSXAA2","false","CLA-BD-0010827","","","","","","","","","a258c000004VBKEAA4","0.0","","Sewer to Property Line","","3.0","","","","","a234W00000KjZdmQAF","0.0","0.0","0.0","0.0"
"a238c0000054JSYAA2","false","CLA-BD-0010828","","","","","","","","","a258c000004VBKEAA4","0.0","","New electric service","","4.0","","","","","a234W00000KjZdnQAF","0.0","0.0","0.0","0.0"
"a238c0000054JSZAA2","false","CLA-BD-0010829","","","","","","","","","a258c000004VBKEAA4","0.0","","Power pole - new or relocate","","5.0","","","","","a234W00000KjZdoQAF","0.0","0.0","0.0","0.0"
"a238c0000054JSaAAM","false","CLA-BD-0010830","","","","","","","","","a258c000004VBKEAA4","0.0","","Street light - new or relocate","","6.0","","","","","a234W00000KjZdpQAF","0.0","0.0","0.0","0.0"
"a238c0000054JSbAAM","false","CLA-BD-0010831","","","","","","","","","a258c000004VBKEAA4","0.0","","Telephone Pole","","7.0","","","","","a234W00000KjZdqQAF","0.0","0.0","0.0","0.0"
"a238c0000054JScAAM","false","CLA-BD-0010832","","","","","","","","","a258c000004VBKEAA4","0.0","","Off site fire hydrant","","8.0","","","","","a234W00000KjZdrQAF","0.0","0.0","0.0","0.0"
"a238c0000054JSdAAM","false","CLA-BD-0010833","","","","","","","","","a258c000004VBKEAA4","0.0","","Traffic signals - new or relocate","","9.0","","","","","a234W00000KjZdsQAF","0.0","0.0","0.0","0.0"
"a238c0000054JSeAAM","false","CLA-BD-0010834","","","","","","","","","a258c000004VBKEAA4","0.0","","Offsite Demolition","","10.0","","","","","a234W00000KjZdtQAF","0.0","0.0","0.0","0.0"
"a238c0000054JSfAAM","false","CLA-BD-0010835","","","","","","","","","a258c000004VBKEAA4","0.0","","New Curb & Gutter","","11.0","","","","","a234W00000KjZduQAF","0.0","0.0","0.0","0.0"
"a238c0000054JSgAAM","false","CLA-BD-0010836","","","","","","","","","a258c000004VBKEAA4","0.0","","New sidewalk","","12.0","","","","","a234W00000KjZdvQAF","0.0","0.0","0.0","0.0"
"a238c0000054JShAAM","false","CLA-BD-0010837","","","","","","","","","a258c000004VBKEAA4","0.0","","New approaches","","13.0","","","","","a234W00000KjZdwQAF","0.0","0.0","0.0","0.0"
"a238c0000054JSiAAM","false","CLA-BD-0010838","","","","","","","","","a258c000004VBKEAA4","0.0","","Street paving and markings","","14.0","","","","","a234W00000KjZdxQAF","0.0","0.0","0.0","0.0"
"a238c0000054JSjAAM","false","CLA-BD-0010839","","","","","","","","","a258c000004VBKEAA4","0.0","","Temp sidewalk","","15.0","","","","","a234W00000KjZdyQAF","0.0","0.0","0.0","0.0"
"a238c0000054JSkAAM","false","CLA-BD-0010840","","","","","","","","","a258c000004VBKEAA4","0.0","","Storm Drain","","16.0","","","","","a234W00000KjZdzQAF","0.0","0.0","0.0","0.0"
"a238c0000054JSlAAM","false","CLA-BD-0010841","","","","","","","","","a258c000004VBKEAA4","0.0","","Relocate Transformer","","17.0","","","","","a234W00000KjZe0QAF","0.0","0.0","0.0","0.0"
"a238c0000054JSmAAM","false","CLA-BD-0010842","","","","","","","","","a258c000004VBKEAA4","0.0","","Survey","","18.0","","","","","a234W00000KjZe1QAF","0.0","0.0","0.0","0.0"
"a238c0000054JSnAAM","false","CLA-BD-0010843","","","","","","","","","a258c000004VBKEAA4","0.0","","Soils","","20.0","","","","","a234W00000KjZe2QAF","0.0","0.0","0.0","0.0"
"a238c0000054JSoAAM","false","CLA-BD-0010844","","","","","","","","","a258c000004VBKEAA4","0.0","","Landscaping w/ Irrigation (Required)","","36.0","","","","","a234W00000KjZe3QAF","0.0","0.0","0.0","0.0"
"a238c0000054JSpAAM","false","CLA-BD-0010845","","","","","","","","","a258c000004VBKEAA4","0.0","","Bollard w/ Covers","","37.0","","","","","a234W00000KjZe4QAF","0.0","0.0","0.0","0.0"
"a238c0000054JSqAAM","false","CLA-BD-0010846","","","","","","","","","a258c000004VBKEAA4","0.0","","Fire Sprinkler Service","","38.0","","","","","a234W00000KjZe5QAF","0.0","0.0","0.0","0.0"
"a238c0000054JSrAAM","false","CLA-BD-0010847","","","","","","","","","a258c000004VBKEAA4","0.0","","Erosion & Dust Control","","39.0","","","","","a234W00000KjZe6QAF","0.0","0.0","0.0","0.0"
"a238c0000054JSsAAM","false","CLA-BD-0010848","","","","","","","","","a258c000004VBKEAA4","0.0","","Fire Hydrant","","40.0","","","","","a234W00000KjZe7QAF","0.0","0.0","0.0","0.0"
"a238c0000054JStAAM","false","CLA-BD-0010849","","","","","","","","","a258c000004VBKEAA4","0.0","","Dumpster Approach","","41.0","","","","","a234W00000KjZe8QAF","0.0","0.0","0.0","0.0"
"a238c0000054JSuAAM","false","CLA-BD-0010850","","","","","","","","","a258c000004VBKEAA4","0.0","","Wheel stops","","42.0","","","","","a234W00000KjZe9QAF","0.0","0.0","0.0","0.0"
"a238c0000054JSvAAM","false","CLA-BD-0010851","","","","","","","","","a258c000004VBKEAA4","0.0","","Preasure Washing","","43.0","","","","","a234W00000KjZeAQAV","0.0","0.0","0.0","0.0"
"a238c0000054JSwAAM","false","CLA-BD-0010852","","","","","","","","","a258c000004VBKEAA4","0.0","","Service Yard Conc/CMU","","44.0","","","","","a234W00000KjZeBQAV","0.0","0.0","0.0","0.0"
"a238c0000054JSxAAM","false","CLA-BD-0010853","","","","","","","","","a258c000004VBKEAA4","0.0","","Barricades/Signs","","45.0","","","","","a234W00000KjZeCQAV","0.0","0.0","0.0","0.0"
"a238c0000054JSyAAM","false","CLA-BD-0010854","","","","","","","","","a258c000004VBKEAA4","0.0","","Signage","","46.0","","","","","a234W00000KjZeDQAV","0.0","0.0","0.0","0.0"
"a238c0000054JSzAAM","false","CLA-BD-0010855","","","","","","","","","a258c000004VBKEAA4","0.0","","Misc.","","47.0","","","","","a234W00000KjZeEQAV","0.0","0.0","0.0","0.0"
"a238c0000054JT0AAM","false","CLA-BD-0010856","","","","","","","","","a258c000004VBKEAA4","0.0","","Building Demolition","","48.0","","","","","a234W00000KjZeFQAV","0.0","0.0","0.0","0.0"
"a238c0000054JT1AAM","false","CLA-BD-0010857","","","","","","","","","a258c000004VBKEAA4","0.0","","Building Concrete Material","","49.0","","","","","a234W00000KjZeGQAV","0.0","0.0","0.0","0.0"
"a238c0000054JT2AAM","false","CLA-BD-0010858","","","","","","","","","a258c000004VBKEAA4","0.0","","Building Concrete Labor","","50.0","","","","","a234W00000KjZeHQAV","0.0","0.0","0.0","0.0"
"a238c0000054JT3AAM","false","CLA-BD-0010859","","","","","","","","","a258c000004VBKEAA4","0.0","","Concrete Foundation( Include building slab)","","51.0","","","","","a234W00000KjZeIQAV","0.0","0.0","0.0","0.0"
"a238c0000054JT4AAM","false","CLA-BD-0010860","","","","","","","","","a258c000004VBKEAA4","0.0","","Masonry/Building","","52.0","","","","","a234W00000KjZeJQAV","0.0","0.0","0.0","0.0"
"a238c0000054JT5AAM","false","CLA-BD-0010861","","","","","","","","","a258c000004VBKEAA4","0.0","","Structural Steel","","53.0","","","","","a234W00000KjZeKQAV","0.0","0.0","0.0","0.0"
"a238c0000054JT6AAM","false","CLA-BD-0010862","","","","","","","","","a258c000004VBKEAA4","0.0","","Finish Lumber & Doors","","54.0","","","","","a234W00000KjZeLQAV","0.0","0.0","0.0","0.0"
"a238c0000054JT7AAM","false","CLA-BD-0010863","","","","","","","","","a258c000004VBKEAA4","0.0","","Metal Doors & Frames","","55.0","","","","","a234W00000KjZeMQAV","0.0","0.0","0.0","0.0"
"a238c0000054JT8AAM","false","CLA-BD-0010864","","","","","","","","","a258c000004VBKEAA4","0.0","","Wood Doors","","56.0","","","","","a234W00000KjZeNQAV","0.0","0.0","0.0","0.0"
"a238c0000054JT9AAM","false","CLA-BD-0010865","","","","","","","","","a258c000004VBKEAA4","0.0","","Finish Hardware","","57.0","","","","","a234W00000KjZeOQAV","0.0","0.0","0.0","0.0"
"a238c0000054JTAAA2","false","CLA-BD-0010866","","","","","","","","","a258c000004VBKEAA4","0.0","","Framing Labor","","58.0","","","","","a234W00000KjZePQAV","0.0","0.0","0.0","0.0"
"a238c0000054JTBAA2","false","CLA-BD-0010867","","","","","","","","","a258c000004VBKEAA4","0.0","","Misc.","","92.0","","","","","a234W00000KjZeQQAV","0.0","0.0","0.0","0.0"
"a238c0000054JTCAA2","false","CLA-BD-0010868","","","","","","","","","a258c000004VBKEAA4","0.0","","Grade fill / cut","","21.0","","","","","a234W00000KjZeRQAV","0.0","0.0","0.0","0.0"
"a238c0000054JTDAA2","false","CLA-BD-0010869","","","","","","","","","a258c000004VBKEAA4","0.0","","Site Demolition","","22.0","","","","","a234W00000KjZeSQAV","0.0","0.0","0.0","0.0"
"a238c0000054JTEAA2","false","CLA-BD-0010870","","","","","","","","","a258c000004VBKEAA4","0.0","","Retaining wall","","23.0","","","","","a234W00000KjZeTQAV","0.0","0.0","0.0","0.0"
"a238c0000054JTFAA2","false","CLA-BD-0010871","","","","","","","","","a258c000004VBKEAA4","0.0","","Trash Enclosure","","24.0","","","","","a234W00000KjZeUQAV","0.0","0.0","0.0","0.0"
"a238c0000054JTGAA2","false","CLA-BD-0010872","","","","","","","","","a258c000004VBKEAA4","0.0","","Concrete slabs/curbs (do not include in building slab)","","25.0","","","","","a234W00000KjZeVQAV","0.0","0.0","0.0","0.0"
"a238c0000054JTHAA2","false","CLA-BD-0010873","","","","","","","","","a258c000004VBKEAA4","0.0","","Storm Drain","","26.0","","","","","a234W00000KjZeWQAV","0.0","0.0","0.0","0.0"
"a238c0000054JTIAA2","false","CLA-BD-0010874","","","","","","","","","a258c000004VBKEAA4","0.0","","Concrete Sidewalks","","27.0","","","","","a234W00000KjZeXQAV","0.0","0.0","0.0","0.0"
"a238c0000054JTJAA2","false","CLA-BD-0010875","","","","","","","","","a258c000004VBKEAA4","0.0","","Concrete light bases","","28.0","","","","","a234W00000KjZeYQAV","0.0","0.0","0.0","0.0"
"a238c0000054JTKAA2","false","CLA-BD-0010876","","","","","","","","","a258c000004VBKEAA4","0.0","","Electrical site work/labor","","29.0","","","","","a234W00000KjZeZQAV","0.0","0.0","0.0","0.0"
"a238c0000054JTLAA2","false","CLA-BD-0010877","","","","","","","","","a258c000004VBKEAA4","0.0","","Site Lighting Material","","30.0","","","","","a234W00000KjZeaQAF","0.0","0.0","0.0","0.0"
"a238c0000054JTMAA2","false","CLA-BD-0010878","","","","","","","","","a258c000004VBKEAA4","0.0","","Monument sign base construction Lang to verify if applicable","","31.0","","","","","a234W00000KjZebQAF","0.0","0.0","0.0","0.0"
"a238c0000054JTNAA2","false","CLA-BD-0010879","","","","","","","","","a258c000004VBKEAA4","0.0","","Plumbing sit work","","32.0","","","","","a234W00000KjZecQAF","0.0","0.0","0.0","0.0"
"a238c0000054JTOAA2","false","CLA-BD-0010880","","","","","","","","","a258c000004VBKEAA4","0.0","","Telephone Underground","","33.0","","","","","a234W00000KjZedQAF","0.0","0.0","0.0","0.0"
"a238c0000054JTPAA2","false","CLA-BD-0010881","","","","","","","","","a258c000004VBKEAA4","0.0","","Concrete paving","","34.0","","","","","a234W00000KjZeeQAF","0.0","0.0","0.0","0.0"
"a238c0000054JTQAA2","false","CLA-BD-0010882","","","","","","","","","a258c000004VBKEAA4","0.0","","Asphalt paving & striping","","35.0","","","","","a234W00000KjZefQAF","0.0","0.0","0.0","0.0"
"a238c0000054JTRAA2","false","CLA-BD-0010883","","","","","","","","","a258c000004VBKFAA4","0.0","","Landscaping","","3.0","","","","","a234W00000KjZegQAF","0.0","0.0","","0.0"
"a238c0000054JTSAA2","false","CLA-BD-0010884","","","","","","","","","a258c000004VBKFAA4","0.0","","Bituminous Damproofing","","11.0","","","","","a234W00000KjZehQAF","0.0","0.0","","0.0"
"a238c0000054JTTAA2","false","CLA-BD-0010885","","","","","","","","","a258c000004VBKFAA4","0.0","","Linear Metal Ceilings","","19.0","","","","","a234W00000KjZeiQAF","0.0","0.0","","0.0"
"a238c0000054JTUAA2","false","CLA-BD-0010886","","","","","","","","","a258c000004VBKFAA4","0.0","","Hydraulic Elevators","","24.0","","","","","a234W00000KjZejQAF","0.0","0.0","","0.0"
"a238c0000054JTVAA2","false","CLA-BD-0010887","","","","","","","","","a258c000004VBKFAA4","0.0","","Glass/Glazing","","15.0","","","","","a234W00000KjZekQAF","0.0","0.0","","0.0"
"a238c0000054JTWAA2","false","CLA-BD-0010888","","","","","","","","","a258c000004VBKFAA4","0.0","","General Conditions","","29.0","","","","","a234W00000KjZelQAF","0.0","0.0","","0.0"
"a238c0000054JTXAA2","false","CLA-BD-0010889","","","","","","","","","a258c000004VBKFAA4","0.0","","S & C Bond","","30.0","","","","","a234W00000KjZemQAF","0.0","0.0","","0.0"
"a238c0000054JTYAA2","false","CLA-BD-0010890","","","","","","","","","a258c000004VBKFAA4","0.0","","Rough Carpentry","","9.0","","","","","a234W00000KjZenQAF","0.0","0.0","","0.0"
"a238c0000054JTZAA2","false","CLA-BD-0010891","","","","","","","","","a258c000004VBKFAA4","0.0","","Finish Carpentry/Millwork","","10.0","","","","","a234W00000KjZeoQAF","0.0","0.0","","0.0"
"a238c0000054JTaAAM","false","CLA-BD-0010892","","","","","","","","","a258c000004VBKFAA4","0.0","","HVAC","","27.0","","","","","a234W00000KjZepQAF","0.0","0.0","","0.0"
"a238c0000054JTbAAM","false","CLA-BD-0010893","","","","","","","","","a258c000004VBKFAA4","0.0","","Acoustical Ceilings","","18.0","","","","","a234W00000KjZeqQAF","0.0","0.0","","0.0"
"a238c0000054JTcAAM","false","CLA-BD-0010894","","","","","","","","","a258c000004VBKFAA4","0.0","","Structural Steel","","8.0","","","","","a234W00000KjZerQAF","0.0","0.0","","0.0"
"a238c0000054JTdAAM","false","CLA-BD-0010895","","","","","","","","","a258c000004VBKFAA4","0.0","","Plumbing","","25.0","","","","","a234W00000KjZesQAF","0.0","0.0","","0.0"
"a238c0000054JTeAAM","false","CLA-BD-0010896","","","","","","","","","a258c000004VBKFAA4","0.0","","Fabric Awnings","","23.0","","","","","a234W00000KjZetQAF","0.0","0.0","","0.0"
"a238c0000054JTfAAM","false","CLA-BD-0010897","","","","","","","","","a258c000004VBKFAA4","0.0","","Doors/Frames/Hardware","","14.0","","","","","a234W00000KjZeuQAF","0.0","0.0","","0.0"
"a238c0000054JTgAAM","false","CLA-BD-0010898","","","","","","","","","a258c000004VBKFAA4","0.0","","Unit Masonry","","7.0","","","","","a234W00000KjZevQAF","0.0","0.0","","0.0"
"a238c0000054JThAAM","false","CLA-BD-0010899","","","","","","","","","a258c000004VBKFAA4","0.0","","Termite Control","","2.0","","","","","a234W00000KjZewQAF","0.0","0.0","","0.0"
"a238c0000054JTiAAM","false","CLA-BD-0010900","","","","","","","","","a258c000004VBKFAA4","0.0","","Fire Protection","","26.0","","","","","a234W00000KjZexQAF","0.0","0.0","","0.0"
"a238c0000054JTjAAM","false","CLA-BD-0010901","","","","","","","","","a258c000004VBKFAA4","0.0","","Joint Sealers","","13.0","","","","","a234W00000KjZeyQAF","0.0","0.0","","0.0"
"a238c0000054JTkAAM","false","CLA-BD-0010902","","","","","","","","","a258c000004VBKFAA4","0.0","","Resilient and Carpet Flooring","","20.0","","","","","a234W00000KjZezQAF","0.0","0.0","","0.0"
"a238c0000054JTlAAM","false","CLA-BD-0010903","","","","","","","","","a258c000004VBKFAA4","0.0","","Building Excavator","","4.0","","","","","a234W00000KjZf0QAF","0.0","0.0","","0.0"
"a238c0000054JTmAAM","false","CLA-BD-0010904","","","","","","","","","a258c000004VBKFAA4","0.0","","Painting","","21.0","","","","","a234W00000KjZf1QAF","0.0","0.0","","0.0"
"a238c0000054JTnAAM","false","CLA-BD-0010905","","","","","","","","","a258c000004VBKFAA4","0.0","","Sitework","","1.0","","","","","a234W00000KjZf2QAF","0.0","0.0","","0.0"
"a238c0000054JToAAM","false","CLA-BD-0010906","","","","","","","","","a258c000004VBKFAA4","0.0","","Misc. Specialities","","22.0","","","","","a234W00000KjZf3QAF","0.0","0.0","","0.0"
"a238c0000054JTpAAM","false","CLA-BD-0010907","","","","","","","","","a258c000004VBKFAA4","0.0","","Electrical","","28.0","","","","","a234W00000KjZf4QAF","0.0","0.0","","0.0"
"a238c0000054JTqAAM","false","CLA-BD-0010908","","","","","","","","","a258c000004VBKFAA4","0.0","","Ceramic Tile","","17.0","","","","","a234W00000KjZf5QAF","0.0","0.0","","0.0"
"a238c0000054JTrAAM","false","CLA-BD-0010909","","","","","","","","","a258c000004VBKFAA4","0.0","","Cast in Place Concrete","","5.0","","","","","a234W00000KjZf6QAF","0.0","0.0","","0.0"
"a238c0000054JTsAAM","false","CLA-BD-0010910","","","","","","","","","a258c000004VBKFAA4","0.0","","Roofing &Sheetmetal Flashing","","12.0","","","","","a234W00000KjZf7QAF","0.0","0.0","","0.0"
"a238c0000054JTtAAM","false","CLA-BD-0010911","","","","","","","","","a258c000004VBKFAA4","0.0","","Studs/Drywall/EIFS","","16.0","","","","","a234W00000KjZf8QAF","0.0","0.0","","0.0"
"a238c0000054JTuAAM","false","CLA-BD-0010912","","","","","","","","","a258c000004VBKFAA4","0.0","","Tilt-Up Precast Concrete","","6.0","","","","","a234W00000KjZf9QAF","0.0","0.0","","0.0"
"a238c0000054JTvAAM","false","CLA-BD-0010913","","","","","","","","","a258c000004VBKFAA4","0.0","","Change Orders","","36.0","","","","","a234W00000KjZfAQAV","0.0","0.0","","0.0"
"a238c0000054JTwAAM","false","CLA-BD-0010914","","","","","","","","","a258c000004VBKFAA4","0.0","","Allowance - Precast Concrete Pane","","35.0","","","","","a234W00000KjZfBQAV","0.0","0.0","","0.0"
"a238c0000054JTxAAM","false","CLA-BD-0010915","","","","","","","","","a258c000004VBKFAA4","0.0","","Allowance - Drywall Support/Finishing","","34.0","","","","","a234W00000KjZfCQAV","0.0","0.0","","0.0"
"a238c0000054JTyAAM","false","CLA-BD-0010916","","","","","","","","","a258c000004VBKFAA4","0.0","","Fee","","31.0","","","","","a234W00000KjZfDQAV","0.0","0.0","","0.0"
"a238c0000054JTzAAM","false","CLA-BD-0010917","","","","","","","","","a258c000004VBKFAA4","0.0","","Allowance - Add'l Steel Support","","33.0","","","","","a234W00000KjZfEQAV","0.0","0.0","","0.0"
"a238c0000054JU0AAM","false","CLA-BD-0010918","","","","","","","","","a258c000004VBKFAA4","0.0","","Allowance - Mis Paving Earthwork","","32.0","","","","","a234W00000KjZfFQAV","0.0","0.0","","0.0"
"a238c0000054JU1AAM","false","CLA-BD-0010919","","","","","","","","","a258c000004VBKGAA4","0.0","","Exterior Glass (7xS450)","","21.0","","","","","a234W00000KjZfGQAV","0.0","0.0","","0.0"
"a238c0000054JU2AAM","false","CLA-BD-0010920","","","","","","","","","a258c000004VBKGAA4","0.0","","General Conditions","","22.0","","","","","a234W00000KjZfHQAV","0.0","0.0","","0.0"
"a238c0000054JU3AAM","false","CLA-BD-0010921","","","","","","","","","a258c000004VBKGAA4","0.0","","O&P","","23.0","","","","","a234W00000KjZfIQAV","0.0","0.0","","0.0"
"a238c0000054JU4AAM","false","CLA-BD-0010922","","","","","","","","","a258c000004VBKGAA4","0.0","","Insurance","","24.0","","","","","a234W00000KjZfJQAV","0.0","0.0","","0.0"
"a238c0000054JU5AAM","false","CLA-BD-0010923","","","","","","","","","a258c000004VBKGAA4","0.0","","Millwork","","14.0","","","","","a234W00000KjZfKQAV","0.0","0.0","","0.0"
"a238c0000054JU6AAM","false","CLA-BD-0010924","","","","","","","","","a258c000004VBKGAA4","0.0","","Structural ( Entry Feature)","","15.0","","","","","a234W00000KjZfLQAV","0.0","0.0","","0.0"
"a238c0000054JU7AAM","false","CLA-BD-0010925","","","","","","","","","a258c000004VBKGAA4","0.0","","Concrete Fill In Plumbing Trenches","","16.0","","","","","a234W00000KjZfMQAV","0.0","0.0","","0.0"
"a238c0000054JU8AAM","false","CLA-BD-0010926","","","","","","","","","a258c000004VBKGAA4","0.0","","Site Stripping (ADA)","","17.0","","","","","a234W00000KjZfNQAV","0.0","0.0","","0.0"
"a238c0000054JU9AAM","false","CLA-BD-0010927","","","","","","","","","a258c000004VBKGAA4","0.0","","Roof Structure (Trusses, Sheeting, Labor)","","18.0","","","","","a234W00000KjZfOQAV","0.0","0.0","","0.0"
"a238c0000054JUAAA2","false","CLA-BD-0010928","","","","","","","","","a258c000004VBKGAA4","0.0","","Roofing","","19.0","","","","","a234W00000KjZfPQAV","0.0","0.0","","0.0"
"a238c0000054JUBAA2","false","CLA-BD-0010929","","","","","","","","","a258c000004VBKGAA4","0.0","","Lights - LED","","20.0","","","","","a234W00000KjZfQQAV","0.0","0.0","","0.0"
"a238c0000054JUCAA2","false","CLA-BD-0010930","","","","","","","","","a258c000004VBKGAA4","0.0","","Electrical and Low Voltage","","1.0","","","","","a234W00000KjZfRQAV","0.0","0.0","","0.0"
"a238c0000054JUDAA2","false","CLA-BD-0010931","","","","","","","","","a258c000004VBKGAA4","0.0","","Mechanical","","2.0","","","","","a234W00000KjZfSQAV","0.0","0.0","","0.0"
"a238c0000054JUEAA2","false","CLA-BD-0010932","","","","","","","","","a258c000004VBKGAA4","0.0","","Plumbing","","3.0","","","","","a234W00000KjZfTQAV","0.0","0.0","","0.0"
"a238c0000054JUFAA2","false","CLA-BD-0010933","","","","","","","","","a258c000004VBKGAA4","0.0","","Painting (Interior and Exterior)","","4.0","","","","","a234W00000KjZfUQAV","0.0","0.0","","0.0"
"a238c0000054JUGAA2","false","CLA-BD-0010934","","","","","","","","","a258c000004VBKGAA4","0.0","","Flooring","","5.0","","","","","a234W00000KjZfVQAV","0.0","0.0","","0.0"
"a238c0000054JUHAA2","false","CLA-BD-0010935","","","","","","","","","a258c000004VBKGAA4","0.0","","Ceiling","","6.0","","","","","a234W00000KjZfWQAV","0.0","0.0","","0.0"
"a238c0000054JUIAA2","false","CLA-BD-0010936","","","","","","","","","a258c000004VBKGAA4","0.0","","Drywall and Framing","","7.0","","","","","a234W00000KjZfXQAV","0.0","0.0","","0.0"
"a238c0000054JUJAA2","false","CLA-BD-0010937","","","","","","","","","a258c000004VBKGAA4","0.0","","Doors & Hardware (SC w/ Metal Frame)","","8.0","","","","","a234W00000KjZfYQAV","0.0","0.0","","0.0"
"a238c0000054JUKAA2","false","CLA-BD-0010938","","","","","","","","","a258c000004VBKGAA4","0.0","","Demo","","9.0","","","","","a234W00000KjZfZQAV","0.0","0.0","","0.0"
"a238c0000054JULAA2","false","CLA-BD-0010939","","","","","","","","","a258c000004VBKGAA4","0.0","","CMU - Stucco","","11.0","","","","","a234W00000KjZfaQAF","0.0","0.0","","0.0"
"a238c0000054JUMAA2","false","CLA-BD-0010940","","","","","","","","","a258c000004VBKHAA4","0.0","","Cabinets / Millwork","","88.0","","","","","a234W00000KjZfbQAF","0.0","0.0","","0.0"
"a238c0000054JUNAA2","false","CLA-BD-0010941","","","","","","","","","a258c000004VBKHAA4","0.0","","Flooring (Rubber Floor/Silica/ Res-Tek)","","90.0","","","","","a234W00000KjZfcQAF","0.0","0.0","","0.0"
"a238c0000054JUOAA2","false","CLA-BD-0010942","","","","","","","","","a258c000004VBKHAA4","0.0","","Lighting Fixtures","","85.0","","","","","a234W00000KjZfdQAF","0.0","0.0","","0.0"
"a238c0000054JUPAA2","false","CLA-BD-0010943","","","","","","","","","a258c000004VBKHAA4","0.0","","Corporate Decor Package Installation","","93.0","","","","","a234W00000KjZfeQAF","0.0","0.0","","0.0"
"a238c0000054JUQAA2","false","CLA-BD-0010944","","","","","","","","","a258c000004VBKHAA4","0.0","","100 ft secondary service","","84.0","","","","","a234W00000KjZffQAF","0.0","0.0","","0.0"
"a238c0000054JURAA2","false","CLA-BD-0010945","","","","","","","","","a258c000004VBKHAA4","0.0","","Fire Extinguishers","","87.0","","","","","a234W00000KjZfgQAF","0.0","0.0","","0.0"
"a238c0000054JUSAA2","false","CLA-BD-0010946","","","","","","","","","a258c000004VBKHAA4","0.0","","Caulking","","91.0","","","","","a234W00000KjZfhQAF","0.0","0.0","","0.0"
"a238c0000054JUTAA2","false","CLA-BD-0010947","","","","","","","","","a258c000004VBKHAA4","0.0","","Toilet Partitions","","89.0","","","","","a234W00000KjZfiQAF","0.0","0.0","","0.0"
"a238c0000054JUUAA2","false","CLA-BD-0010948","","","","","","","","","a258c000004VBKHAA4","0.0","","Roofing","","59.0","","","","","a234W00000KjZfjQAF","0.0","0.0","","0.0"
"a238c0000054JUVAA2","false","CLA-BD-0010949","","","","","","","","","a258c000004VBKHAA4","0.0","","Finish Carpentry Labor","","60.0","","","","","a234W00000KjZfkQAF","0.0","0.0","","0.0"
"a238c0000054JUWAA2","false","CLA-BD-0010950","","","","","","","","","a258c000004VBKHAA4","0.0","","Rough Carpentry Labor","","61.0","","","","","a234W00000KjZflQAF","0.0","0.0","","0.0"
"a238c0000054JUXAA2","false","CLA-BD-0010951","","","","","","","","","a258c000004VBKHAA4","0.0","","Rough Carpentry Material","","62.0","","","","","a234W00000KjZfmQAF","0.0","0.0","","0.0"
"a238c0000054JUYAA2","false","CLA-BD-0010952","","","","","","","","","a258c000004VBKHAA4","0.0","","Sheet Metal","","63.0","","","","","a234W00000KjZfnQAF","0.0","0.0","","0.0"
"a238c0000054JUZAA2","false","CLA-BD-0010953","","","","","","","","","a258c000004VBKHAA4","0.0","","Insulation","","64.0","","","","","a234W00000KjZfoQAF","0.0","0.0","","0.0"
"a238c0000054JUaAAM","false","CLA-BD-0010954","","","","","","","","","a258c000004VBKHAA4","0.0","","Glass & Glazing","","65.0","","","","","a234W00000KjZfpQAF","0.0","0.0","","0.0"
"a238c0000054JUbAAM","false","CLA-BD-0010955","","","","","","","","","a258c000004VBKHAA4","0.0","","Drywall & Metal Studs","","66.0","","","","","a234W00000KjZfqQAF","0.0","0.0","","0.0"
"a238c0000054JUcAAM","false","CLA-BD-0010956","","","","","","","","","a258c000004VBKHAA4","0.0","","Acoustic Tile","","67.0","","","","","a234W00000KjZfrQAF","0.0","0.0","","0.0"
"a238c0000054JUdAAM","false","CLA-BD-0010957","","","","","","","","","a258c000004VBKHAA4","0.0","","Painting","","68.0","","","","","a234W00000KjZfsQAF","0.0","0.0","","0.0"
"a238c0000054JUeAAM","false","CLA-BD-0010958","","","","","","","","","a258c000004VBKHAA4","0.0","","Ceramic tile","","69.0","","","","","a234W00000KjZftQAF","0.0","0.0","","0.0"
"a238c0000054JUfAAM","false","CLA-BD-0010959","","","","","","","","","a258c000004VBKHAA4","0.0","","EIFS / Lath & Plaster","","70.0","","","","","a234W00000KjZfuQAF","0.0","0.0","","0.0"
"a238c0000054JUgAAM","false","CLA-BD-0010960","","","","","","","","","a258c000004VBKHAA4","0.0","","Misc. S.S.","","71.0","","","","","a234W00000KjZfvQAF","0.0","0.0","","0.0"
"a238c0000054JUhAAM","false","CLA-BD-0010961","","","","","","","","","a258c000004VBKHAA4","0.0","","Toilet accessories","","72.0","","","","","a234W00000KjZfwQAF","0.0","0.0","","0.0"
"a238c0000054JUiAAM","false","CLA-BD-0010962","","","","","","","","","a258c000004VBKHAA4","0.0","","GC Installed Items","","73.0","","","","","a234W00000KjZfxQAF","0.0","0.0","","0.0"
"a238c0000054JUjAAM","false","CLA-BD-0010963","","","","","","","","","a258c000004VBKHAA4","0.0","","H.V.A.C. System","","74.0","","","","","a234W00000KjZfyQAF","0.0","0.0","","0.0"
"a238c0000054JUkAAM","false","CLA-BD-0010964","","","","","","","","","a258c000004VBKHAA4","0.0","","TABC - Air Balance (Required)","","75.0","","","","","a234W00000KjZfzQAF","0.0","0.0","","0.0"
"a238c0000054JUlAAM","false","CLA-BD-0010965","","","","","","","","","a258c000004VBKHAA4","0.0","","Plumbing","","76.0","","","","","a234W00000KjZg0QAF","0.0","0.0","","0.0"
"a238c0000054JUmAAM","false","CLA-BD-0010966","","","","","","","","","a258c000004VBKHAA4","0.0","","Fire Sprinkler (if required)","","77.0","","","","","a234W00000KjZg1QAF","0.0","0.0","","0.0"
"a238c0000054JUnAAM","false","CLA-BD-0010967","","","","","","","","","a258c000004VBKHAA4","0.0","","Metal Fab","","78.0","","","","","a234W00000KjZg2QAF","0.0","0.0","","0.0"
"a238c0000054JUoAAM","false","CLA-BD-0010968","","","","","","","","","a258c000004VBKHAA4","0.0","","Cedar brackets","","79.0","","","","","a234W00000KjZg3QAF","0.0","0.0","","0.0"
"a238c0000054JUpAAM","false","CLA-BD-0010969","","","","","","","","","a258c000004VBKHAA4","0.0","","Termite Treat","","80.0","","","","","a234W00000KjZg4QAF","0.0","0.0","","0.0"
"a238c0000054JUqAAM","false","CLA-BD-0010970","","","","","","","","","a258c000004VBKHAA4","0.0","","Electrical Labor","","81.0","","","","","a234W00000KjZg5QAF","0.0","0.0","","0.0"
"a238c0000054JUrAAM","false","CLA-BD-0010971","","","","","","","","","a258c000004VBKHAA4","0.0","","Electrical Material","","82.0","","","","","a234W00000KjZg6QAF","0.0","0.0","","0.0"
"a238c0000054JUsAAM","false","CLA-BD-0010972","","","","","","","","","a258c000004VBKHAA4","0.0","","Power Management System","","83.0","","","","","a234W00000KjZg7QAF","0.0","0.0","","0.0"
"a238c0000054JUtAAM","false","CLA-BD-0010973","","","","","","","","","a258c000004VBKHAA4","0.0","","F.R.P. and marlite","","86.0","","","","","a234W00000KjZg8QAF","0.0","0.0","","0.0"
"a238c0000054JUuAAM","false","CLA-BD-0010974","","","","","","","","","a258c000004VBKHAA4","0.0","","Gas to Property Line","","1.0","","","","","a234W00000KjZg9QAF","0.0","0.0","","0.0"
"a238c0000054JUvAAM","false","CLA-BD-0010975","","","","","","","","","a258c000004VBKHAA4","0.0","","Water to Property line","","2.0","","","","","a234W00000KjZgAQAV","0.0","0.0","","0.0"
"a238c0000054JUwAAM","false","CLA-BD-0010976","","","","","","","","","a258c000004VBKHAA4","0.0","","Sewer to Property Line","","3.0","","","","","a234W00000KjZgBQAV","0.0","0.0","","0.0"
"a238c0000054JUxAAM","false","CLA-BD-0010977","","","","","","","","","a258c000004VBKHAA4","0.0","","New electric service","","4.0","","","","","a234W00000KjZgCQAV","0.0","0.0","","0.0"
"a238c0000054JUyAAM","false","CLA-BD-0010978","","","","","","","","","a258c000004VBKHAA4","0.0","","Power pole - new or relocate","","5.0","","","","","a234W00000KjZgDQAV","0.0","0.0","","0.0"
"a238c0000054JUzAAM","false","CLA-BD-0010979","","","","","","","","","a258c000004VBKHAA4","0.0","","Street light - new or relocate","","6.0","","","","","a234W00000KjZgEQAV","0.0","0.0","","0.0"
"a238c0000054JV0AAM","false","CLA-BD-0010980","","","","","","","","","a258c000004VBKHAA4","0.0","","Telephone Pole","","7.0","","","","","a234W00000KjZgFQAV","0.0","0.0","","0.0"
"a238c0000054JV1AAM","false","CLA-BD-0010981","","","","","","","","","a258c000004VBKHAA4","0.0","","Off site fire hydrant","","8.0","","","","","a234W00000KjZgGQAV","0.0","0.0","","0.0"
"a238c0000054JV2AAM","false","CLA-BD-0010982","","","","","","","","","a258c000004VBKHAA4","0.0","","Traffic signals - new or relocate","","9.0","","","","","a234W00000KjZgHQAV","0.0","0.0","","0.0"
"a238c0000054JV3AAM","false","CLA-BD-0010983","","","","","","","","","a258c000004VBKHAA4","0.0","","Offsite Demolition","","10.0","","","","","a234W00000KjZgIQAV","0.0","0.0","","0.0"
"a238c0000054JV4AAM","false","CLA-BD-0010984","","","","","","","","","a258c000004VBKHAA4","0.0","","New Curb & Gutter","","11.0","","","","","a234W00000KjZgJQAV","0.0","0.0","","0.0"
"a238c0000054JV5AAM","false","CLA-BD-0010985","","","","","","","","","a258c000004VBKHAA4","0.0","","New sidewalk","","12.0","","","","","a234W00000KjZgKQAV","0.0","0.0","","0.0"
"a238c0000054JV6AAM","false","CLA-BD-0010986","","","","","","","","","a258c000004VBKHAA4","0.0","","New approaches","","13.0","","","","","a234W00000KjZgLQAV","0.0","0.0","","0.0"
"a238c0000054JV7AAM","false","CLA-BD-0010987","","","","","","","","","a258c000004VBKHAA4","0.0","","Street paving and markings","","14.0","","","","","a234W00000KjZgMQAV","0.0","0.0","","0.0"
"a238c0000054JV8AAM","false","CLA-BD-0010988","","","","","","","","","a258c000004VBKHAA4","0.0","","Temp sidewalk","","15.0","","","","","a234W00000KjZgNQAV","0.0","0.0","","0.0"
"a238c0000054JV9AAM","false","CLA-BD-0010989","","","","","","","","","a258c000004VBKHAA4","0.0","","Storm Drain","","16.0","","","","","a234W00000KjZgOQAV","0.0","0.0","","0.0"
"a238c0000054JVAAA2","false","CLA-BD-0010990","","","","","","","","","a258c000004VBKHAA4","0.0","","Relocate Transformer","","17.0","","","","","a234W00000KjZgPQAV","0.0","0.0","","0.0"
"a238c0000054JVBAA2","false","CLA-BD-0010991","","","","","","","","","a258c000004VBKHAA4","0.0","","Survey","","18.0","","","","","a234W00000KjZgQQAV","0.0","0.0","","0.0"
"a238c0000054JVCAA2","false","CLA-BD-0010992","","","","","","","","","a258c000004VBKHAA4","0.0","","Soils","","20.0","","","","","a234W00000KjZgRQAV","0.0","0.0","","0.0"
"a238c0000054JVDAA2","false","CLA-BD-0010993","","","","","","","","","a258c000004VBKHAA4","0.0","","Grade fill / cut","","21.0","","","","","a234W00000KjZgSQAV","0.0","0.0","","0.0"
"a238c0000054JVEAA2","false","CLA-BD-0010994","","","","","","","","","a258c000004VBKHAA4","0.0","","Site Demolition","","22.0","","","","","a234W00000KjZgTQAV","0.0","0.0","","0.0"
"a238c0000054JVFAA2","false","CLA-BD-0010995","","","","","","","","","a258c000004VBKHAA4","0.0","","Retaining wall","","23.0","","","","","a234W00000KjZgUQAV","0.0","0.0","","0.0"
"a238c0000054JVGAA2","false","CLA-BD-0010996","","","","","","","","","a258c000004VBKHAA4","0.0","","Trash Enclosure","","24.0","","","","","a234W00000KjZgVQAV","0.0","0.0","","0.0"
"a238c0000054JVHAA2","false","CLA-BD-0010997","","","","","","","","","a258c000004VBKHAA4","0.0","","Concrete slabs/curbs (do not include in building slab)","","25.0","","","","","a234W00000KjZgWQAV","0.0","0.0","","0.0"
"a238c0000054JVIAA2","false","CLA-BD-0010998","","","","","","","","","a258c000004VBKHAA4","0.0","","Storm Drain","","26.0","","","","","a234W00000KjZgXQAV","0.0","0.0","","0.0"
"a238c0000054JVJAA2","false","CLA-BD-0010999","","","","","","","","","a258c000004VBKHAA4","0.0","","Concrete Sidewalks","","27.0","","","","","a234W00000KjZgYQAV","0.0","0.0","","0.0"
"a238c0000054JVKAA2","false","CLA-BD-0011000","","","","","","","","","a258c000004VBKHAA4","0.0","","Concrete light bases","","28.0","","","","","a234W00000KjZgZQAV","0.0","0.0","","0.0"
"a238c0000054JVLAA2","false","CLA-BD-0011001","","","","","","","","","a258c000004VBKHAA4","0.0","","Electrical site work/labor","","29.0","","","","","a234W00000KjZgaQAF","0.0","0.0","","0.0"
"a238c0000054JVMAA2","false","CLA-BD-0011002","","","","","","","","","a258c000004VBKHAA4","0.0","","Site Lighting Material","","30.0","","","","","a234W00000KjZgbQAF","0.0","0.0","","0.0"
"a238c0000054JVNAA2","false","CLA-BD-0011003","","","","","","","","","a258c000004VBKHAA4","0.0","","Monument sign base construction Lang to verify if applicable","","31.0","","","","","a234W00000KjZgcQAF","0.0","0.0","","0.0"
"a238c0000054JVOAA2","false","CLA-BD-0011004","","","","","","","","","a258c000004VBKHAA4","0.0","","Plumbing sit work","","32.0","","","","","a234W00000KjZgdQAF","0.0","0.0","","0.0"
"a238c0000054JVPAA2","false","CLA-BD-0011005","","","","","","","","","a258c000004VBKHAA4","0.0","","Telephone Underground","","33.0","","","","","a234W00000KjZgeQAF","0.0","0.0","","0.0"
"a238c0000054JVQAA2","false","CLA-BD-0011006","","","","","","","","","a258c000004VBKHAA4","0.0","","Concrete paving","","34.0","","","","","a234W00000KjZgfQAF","0.0","0.0","","0.0"
"a238c0000054JVRAA2","false","CLA-BD-0011007","","","","","","","","","a258c000004VBKHAA4","0.0","","Asphalt paving & striping","","35.0","","","","","a234W00000KjZggQAF","0.0","0.0","","0.0"
"a238c0000054JVSAA2","false","CLA-BD-0011008","","","","","","","","","a258c000004VBKHAA4","0.0","","Landscaping w/ Irrigation (Required)","","36.0","","","","","a234W00000KjZghQAF","0.0","0.0","","0.0"
"a238c0000054JVTAA2","false","CLA-BD-0011009","","","","","","","","","a258c000004VBKHAA4","0.0","","Bollard w/ Covers","","37.0","","","","","a234W00000KjZgiQAF","0.0","0.0","","0.0"
"a238c0000054JVUAA2","false","CLA-BD-0011010","","","","","","","","","a258c000004VBKHAA4","0.0","","Fire Sprinkler Service","","38.0","","","","","a234W00000KjZgjQAF","0.0","0.0","","0.0"
"a238c0000054JVVAA2","false","CLA-BD-0011011","","","","","","","","","a258c000004VBKHAA4","0.0","","Erosion & Dust Control","","39.0","","","","","a234W00000KjZgkQAF","0.0","0.0","","0.0"
"a238c0000054JVWAA2","false","CLA-BD-0011012","","","","","","","","","a258c000004VBKHAA4","0.0","","Fire Hydrant","","40.0","","","","","a234W00000KjZglQAF","0.0","0.0","","0.0"
"a238c0000054JVXAA2","false","CLA-BD-0011013","","","","","","","","","a258c000004VBKHAA4","0.0","","Dumpster Approach","","41.0","","","","","a234W00000KjZgmQAF","0.0","0.0","","0.0"
"a238c0000054JVYAA2","false","CLA-BD-0011014","","","","","","","","","a258c000004VBKHAA4","0.0","","Wheel stops","","42.0","","","","","a234W00000KjZgnQAF","0.0","0.0","","0.0"
"a238c0000054JVZAA2","false","CLA-BD-0011015","","","","","","","","","a258c000004VBKHAA4","0.0","","Preasure Washing","","43.0","","","","","a234W00000KjZgoQAF","0.0","0.0","","0.0"
"a238c0000054JVaAAM","false","CLA-BD-0011016","","","","","","","","","a258c000004VBKHAA4","0.0","","Service Yard Conc/CMU","","44.0","","","","","a234W00000KjZgpQAF","0.0","0.0","","0.0"
"a238c0000054JVbAAM","false","CLA-BD-0011017","","","","","","","","","a258c000004VBKHAA4","0.0","","Barricades/Signs","","45.0","","","","","a234W00000KjZgqQAF","0.0","0.0","","0.0"
"a238c0000054JVcAAM","false","CLA-BD-0011018","","","","","","","","","a258c000004VBKHAA4","0.0","","Signage","","46.0","","","","","a234W00000KjZgrQAF","0.0","0.0","","0.0"
"a238c0000054JVdAAM","false","CLA-BD-0011019","","","","","","","","","a258c000004VBKHAA4","0.0","","Misc.","","47.0","","","","","a234W00000KjZgsQAF","0.0","0.0","","0.0"
"a238c0000054JVeAAM","false","CLA-BD-0011020","","","","","","","","","a258c000004VBKHAA4","0.0","","Building Demolition","","48.0","","","","","a234W00000KjZgtQAF","0.0","0.0","","0.0"
"a238c0000054JVfAAM","false","CLA-BD-0011021","","","","","","","","","a258c000004VBKHAA4","0.0","","Building Concrete Material","","49.0","","","","","a234W00000KjZguQAF","0.0","0.0","","0.0"
"a238c0000054JVgAAM","false","CLA-BD-0011022","","","","","","","","","a258c000004VBKHAA4","0.0","","Building Concrete Labor","","50.0","","","","","a234W00000KjZgvQAF","0.0","0.0","","0.0"
"a238c0000054JVhAAM","false","CLA-BD-0011023","","","","","","","","","a258c000004VBKHAA4","0.0","","Concrete Foundation( Include building slab)","","51.0","","","","","a234W00000KjZgwQAF","0.0","0.0","","0.0"
"a238c0000054JViAAM","false","CLA-BD-0011024","","","","","","","","","a258c000004VBKHAA4","0.0","","Masonry/Building","","52.0","","","","","a234W00000KjZgxQAF","0.0","0.0","","0.0"
"a238c0000054JVjAAM","false","CLA-BD-0011025","","","","","","","","","a258c000004VBKHAA4","0.0","","Structural Steel","","53.0","","","","","a234W00000KjZgyQAF","0.0","0.0","","0.0"
"a238c0000054JVkAAM","false","CLA-BD-0011026","","","","","","","","","a258c000004VBKHAA4","0.0","","Finish Lumber & Doors","","54.0","","","","","a234W00000KjZgzQAF","0.0","0.0","","0.0"
"a238c0000054JVlAAM","false","CLA-BD-0011027","","","","","","","","","a258c000004VBKHAA4","0.0","","Metal Doors & Frames","","55.0","","","","","a234W00000KjZh0QAF","0.0","0.0","","0.0"
"a238c0000054JVmAAM","false","CLA-BD-0011028","","","","","","","","","a258c000004VBKHAA4","0.0","","Wood Doors","","56.0","","","","","a234W00000KjZh1QAF","0.0","0.0","","0.0"
"a238c0000054JVnAAM","false","CLA-BD-0011029","","","","","","","","","a258c000004VBKHAA4","0.0","","Finish Hardware","","57.0","","","","","a234W00000KjZh2QAF","0.0","0.0","","0.0"
"a238c0000054JVoAAM","false","CLA-BD-0011030","","","","","","","","","a258c000004VBKHAA4","0.0","","Framing Labor","","58.0","","","","","a234W00000KjZh3QAF","0.0","0.0","","0.0"
"a238c0000054JVpAAM","false","CLA-BD-0011031","","","","","","","","","a258c000004VBKHAA4","0.0","","Misc.","","92.0","","","","","a234W00000KjZh4QAF","0.0","0.0","","0.0"
"a238c0000054JVqAAM","false","CLA-BD-0011032","","","","","","","","","a258c000004VBKAAA4","0.0","","Cabinets / Millwork","","88.0","","","","","a234W00000RiQwhQAF","0.0","0.0","0.0","0.0"
"a238c0000054JVrAAM","false","CLA-BD-0011033","","","","","","","","","a258c000004VBKAAA4","0.0","","Flooring (Rubber Floor/Silica/ Res-Tek)","","90.0","","","","","a234W00000RiQwiQAF","0.0","0.0","0.0","0.0"
"a238c0000054JVsAAM","false","CLA-BD-0011034","","","","","","","","","a258c000004VBKAAA4","0.0","","Lighting Fixtures","","85.0","","","","","a234W00000RiQwjQAF","0.0","0.0","0.0","0.0"
"a238c0000054JVtAAM","false","CLA-BD-0011035","","","","","","","","","a258c000004VBKAAA4","0.0","","Corporate Decor Package Installation","","93.0","","","","","a234W00000RiQwkQAF","0.0","0.0","0.0","0.0"
"a238c0000054JVuAAM","false","CLA-BD-0011036","","","","","","","","","a258c000004VBKAAA4","0.0","","100 ft secondary service","","84.0","","","","","a234W00000RiQwlQAF","0.0","0.0","0.0","0.0"
"a238c0000054JVvAAM","false","CLA-BD-0011037","","","","","","","","","a258c000004VBKAAA4","0.0","","Fire Extinguishers","","87.0","","","","","a234W00000RiQwmQAF","0.0","0.0","0.0","0.0"
"a238c0000054JVwAAM","false","CLA-BD-0011038","","","","","","","","","a258c000004VBKAAA4","0.0","","Caulking","","91.0","","","","","a234W00000RiQwnQAF","0.0","0.0","0.0","0.0"
"a238c0000054JVxAAM","false","CLA-BD-0011039","","","","","","","","","a258c000004VBKAAA4","0.0","","Toilet Partitions","","89.0","","","","","a234W00000RiQwoQAF","0.0","0.0","0.0","0.0"
"a238c0000054JVyAAM","false","CLA-BD-0011040","","","","","","","","","a258c000004VBKAAA4","0.0","","Roofing","","59.0","","","","","a234W00000RiQwpQAF","0.0","0.0","0.0","0.0"
"a238c0000054JVzAAM","false","CLA-BD-0011041","","","","","","","","","a258c000004VBKAAA4","0.0","","Finish Carpentry Labor","","60.0","","","","","a234W00000RiQwqQAF","0.0","0.0","0.0","0.0"
"a238c0000054JW0AAM","false","CLA-BD-0011042","","","","","","","","","a258c000004VBKAAA4","0.0","","Rough Carpentry Labor","","61.0","","","","","a234W00000RiQwrQAF","0.0","0.0","0.0","0.0"
"a238c0000054JW1AAM","false","CLA-BD-0011043","","","","","","","","","a258c000004VBKAAA4","0.0","","Rough Carpentry Material","","62.0","","","","","a234W00000RiQwsQAF","0.0","0.0","0.0","0.0"
"a238c0000054JW2AAM","false","CLA-BD-0011044","","","","","","","","","a258c000004VBKAAA4","0.0","","Sheet Metal","","63.0","","","","","a234W00000RiQwtQAF","0.0","0.0","0.0","0.0"
"a238c0000054JW3AAM","false","CLA-BD-0011045","","","","","","","","","a258c000004VBKAAA4","0.0","","Insulation","","64.0","","","","","a234W00000RiQwuQAF","0.0","0.0","0.0","0.0"
"a238c0000054JW4AAM","false","CLA-BD-0011046","","","","","","","","","a258c000004VBKAAA4","0.0","","Glass & Glazing","","65.0","","","","","a234W00000RiQwvQAF","0.0","0.0","0.0","0.0"
"a238c0000054JW5AAM","false","CLA-BD-0011047","","","","","","","","","a258c000004VBKAAA4","0.0","","Drywall & Metal Studs","","66.0","","","","","a234W00000RiQwwQAF","0.0","0.0","0.0","0.0"
"a238c0000054JW6AAM","false","CLA-BD-0011048","","","","","","","","","a258c000004VBKAAA4","0.0","","Acoustic Tile","","67.0","","","","","a234W00000RiQwxQAF","0.0","0.0","0.0","0.0"
"a238c0000054JW7AAM","false","CLA-BD-0011049","","","","","","","","","a258c000004VBKAAA4","0.0","","Painting","","68.0","","","","","a234W00000RiQwyQAF","0.0","0.0","0.0","0.0"
"a238c0000054JW8AAM","false","CLA-BD-0011050","","","","","","","","","a258c000004VBKAAA4","0.0","","Ceramic tile","","69.0","","","","","a234W00000RiQwzQAF","0.0","0.0","0.0","0.0"
"a238c0000054JW9AAM","false","CLA-BD-0011051","","","","","","","","","a258c000004VBKAAA4","0.0","","EIFS / Lath & Plaster","","70.0","","","","","a234W00000RiQx0QAF","0.0","0.0","0.0","0.0"
"a238c0000054JWAAA2","false","CLA-BD-0011052","","","","","","","","","a258c000004VBKAAA4","0.0","","Misc. S.S.","","71.0","","","","","a234W00000RiQx1QAF","0.0","0.0","0.0","0.0"
"a238c0000054JWBAA2","false","CLA-BD-0011053","","","","","","","","","a258c000004VBKAAA4","0.0","","Toilet accessories","","72.0","","","","","a234W00000RiQx2QAF","0.0","0.0","0.0","0.0"
"a238c0000054JWCAA2","false","CLA-BD-0011054","","","","","","","","","a258c000004VBKAAA4","0.0","","GC Installed Items","","73.0","","","","","a234W00000RiQx3QAF","0.0","0.0","0.0","0.0"
"a238c0000054JWDAA2","false","CLA-BD-0011055","","","","","","","","","a258c000004VBKAAA4","0.0","","H.V.A.C. System","","74.0","","","","","a234W00000RiQx4QAF","0.0","0.0","0.0","0.0"
"a238c0000054JWEAA2","false","CLA-BD-0011056","","","","","","","","","a258c000004VBKAAA4","0.0","","TABC - Air Balance (Required)","","75.0","","","","","a234W00000RiQx5QAF","0.0","0.0","0.0","0.0"
"a238c0000054JWFAA2","false","CLA-BD-0011057","","","","","","","","","a258c000004VBKAAA4","0.0","","Plumbing","","76.0","","","","","a234W00000RiQx6QAF","0.0","0.0","0.0","0.0"
"a238c0000054JWGAA2","false","CLA-BD-0011058","","","","","","","","","a258c000004VBKAAA4","0.0","","Fire Sprinkler (if required)","","77.0","","","","","a234W00000RiQx7QAF","0.0","0.0","0.0","0.0"
"a238c0000054JWHAA2","false","CLA-BD-0011059","","","","","","","","","a258c000004VBKAAA4","0.0","","Metal Fab","","78.0","","","","","a234W00000RiQx8QAF","0.0","0.0","0.0","0.0"
"a238c0000054JWIAA2","false","CLA-BD-0011060","","","","","","","","","a258c000004VBKAAA4","0.0","","Cedar brackets","","79.0","","","","","a234W00000RiQx9QAF","0.0","0.0","0.0","0.0"
"a238c0000054JWJAA2","false","CLA-BD-0011061","","","","","","","","","a258c000004VBKAAA4","0.0","","Termite Treat","","80.0","","","","","a234W00000RiQxAQAV","0.0","0.0","0.0","0.0"
"a238c0000054JWKAA2","false","CLA-BD-0011062","","","","","","","","","a258c000004VBKAAA4","0.0","","Electrical Labor","","81.0","","","","","a234W00000RiQxBQAV","0.0","0.0","0.0","0.0"
"a238c0000054JWLAA2","false","CLA-BD-0011063","","","","","","","","","a258c000004VBKAAA4","0.0","","Electrical Material","","82.0","","","","","a234W00000RiQxCQAV","0.0","0.0","0.0","0.0"
"a238c0000054JWMAA2","false","CLA-BD-0011064","","","","","","","","","a258c000004VBKAAA4","0.0","","Power Management System","","83.0","","","","","a234W00000RiQxDQAV","0.0","0.0","0.0","0.0"
"a238c0000054JWNAA2","false","CLA-BD-0011065","","","","","","","","","a258c000004VBKAAA4","0.0","","F.R.P. and marlite","","86.0","","","","","a234W00000RiQxEQAV","0.0","0.0","0.0","0.0"
"a238c0000054JWOAA2","false","CLA-BD-0011066","","","","","","","","","a258c000004VBKAAA4","0.0","","Gas to Property Line","","1.0","","","","","a234W00000RiQxFQAV","0.0","0.0","0.0","0.0"
"a238c0000054JWPAA2","false","CLA-BD-0011067","","","","","","","","","a258c000004VBKAAA4","0.0","","Water to Property line","","2.0","","","","","a234W00000RiQxGQAV","0.0","0.0","0.0","0.0"
"a238c0000054JWQAA2","false","CLA-BD-0011068","","","","","","","","","a258c000004VBKAAA4","0.0","","Sewer to Property Line","","3.0","","","","","a234W00000RiQxHQAV","0.0","0.0","0.0","0.0"
"a238c0000054JWRAA2","false","CLA-BD-0011069","","","","","","","","","a258c000004VBKAAA4","0.0","","New electric service","","4.0","","","","","a234W00000RiQxIQAV","0.0","0.0","0.0","0.0"
"a238c0000054JWSAA2","false","CLA-BD-0011070","","","","","","","","","a258c000004VBKAAA4","0.0","","Power pole - new or relocate","","5.0","","","","","a234W00000RiQxJQAV","0.0","0.0","0.0","0.0"
"a238c0000054JWTAA2","false","CLA-BD-0011071","","","","","","","","","a258c000004VBKAAA4","0.0","","Street light - new or relocate","","6.0","","","","","a234W00000RiQxKQAV","0.0","0.0","0.0","0.0"
"a238c0000054JWUAA2","false","CLA-BD-0011072","","","","","","","","","a258c000004VBKAAA4","0.0","","Telephone Pole","","7.0","","","","","a234W00000RiQxLQAV","0.0","0.0","0.0","0.0"
"a238c0000054JWVAA2","false","CLA-BD-0011073","","","","","","","","","a258c000004VBKAAA4","0.0","","Off site fire hydrant","","8.0","","","","","a234W00000RiQxMQAV","0.0","0.0","0.0","0.0"
"a238c0000054JWWAA2","false","CLA-BD-0011074","","","","","","","","","a258c000004VBKAAA4","0.0","","Traffic signals - new or relocate","","9.0","","","","","a234W00000RiQxNQAV","0.0","0.0","0.0","0.0"
"a238c0000054JWXAA2","false","CLA-BD-0011075","","","","","","","","","a258c000004VBKAAA4","0.0","","Offsite Demolition","","10.0","","","","","a234W00000RiQxOQAV","0.0","0.0","0.0","0.0"
"a238c0000054JWYAA2","false","CLA-BD-0011076","","","","","","","","","a258c000004VBKAAA4","0.0","","New Curb & Gutter","","11.0","","","","","a234W00000RiQxPQAV","0.0","0.0","0.0","0.0"
"a238c0000054JWZAA2","false","CLA-BD-0011077","","","","","","","","","a258c000004VBKAAA4","0.0","","New sidewalk","","12.0","","","","","a234W00000RiQxQQAV","0.0","0.0","0.0","0.0"
"a238c0000054JWaAAM","false","CLA-BD-0011078","","","","","","","","","a258c000004VBKAAA4","0.0","","New approaches","","13.0","","","","","a234W00000RiQxRQAV","0.0","0.0","0.0","0.0"
"a238c0000054JWbAAM","false","CLA-BD-0011079","","","","","","","","","a258c000004VBKAAA4","0.0","","Street paving and markings","","14.0","","","","","a234W00000RiQxSQAV","0.0","0.0","0.0","0.0"
"a238c0000054JWcAAM","false","CLA-BD-0011080","","","","","","","","","a258c000004VBKAAA4","0.0","","Temp sidewalk","","15.0","","","","","a234W00000RiQxTQAV","0.0","0.0","0.0","0.0"
"a238c0000054JWdAAM","false","CLA-BD-0011081","","","","","","","","","a258c000004VBKAAA4","0.0","","Storm Drain","","16.0","","","","","a234W00000RiQxUQAV","0.0","0.0","0.0","0.0"
"a238c0000054JWeAAM","false","CLA-BD-0011082","","","","","","","","","a258c000004VBKAAA4","0.0","","Relocate Transformer","","17.0","","","","","a234W00000RiQxVQAV","0.0","0.0","0.0","0.0"
"a238c0000054JWfAAM","false","CLA-BD-0011083","","","","","","","","","a258c000004VBKAAA4","0.0","","Survey","","18.0","","","","","a234W00000RiQxWQAV","0.0","0.0","0.0","0.0"
"a238c0000054JWgAAM","false","CLA-BD-0011084","","","","","","","","","a258c000004VBKAAA4","0.0","","Soils","","20.0","","","","","a234W00000RiQxXQAV","0.0","0.0","0.0","0.0"
"a238c0000054JWhAAM","false","CLA-BD-0011085","","","","","","","","","a258c000004VBKAAA4","0.0","","Landscaping w/ Irrigation (Required)","","36.0","","","","","a234W00000RiQxYQAV","0.0","0.0","0.0","0.0"
"a238c0000054JWiAAM","false","CLA-BD-0011086","","","","","","","","","a258c000004VBKAAA4","0.0","","Bollard w/ Covers","","37.0","","","","","a234W00000RiQxZQAV","0.0","0.0","0.0","0.0"
"a238c0000054JWjAAM","false","CLA-BD-0011087","","","","","","","","","a258c000004VBKAAA4","0.0","","Fire Sprinkler Service","","38.0","","","","","a234W00000RiQxaQAF","0.0","0.0","0.0","0.0"
"a238c0000054JWkAAM","false","CLA-BD-0011088","","","","","","","","","a258c000004VBKAAA4","0.0","","Erosion & Dust Control","","39.0","","","","","a234W00000RiQxbQAF","0.0","0.0","0.0","0.0"
"a238c0000054JWlAAM","false","CLA-BD-0011089","","","","","","","","","a258c000004VBKAAA4","0.0","","Fire Hydrant","","40.0","","","","","a234W00000RiQxcQAF","0.0","0.0","0.0","0.0"
"a238c0000054JWmAAM","false","CLA-BD-0011090","","","","","","","","","a258c000004VBKAAA4","0.0","","Dumpster Approach","","41.0","","","","","a234W00000RiQxdQAF","0.0","0.0","0.0","0.0"
"a238c0000054JWnAAM","false","CLA-BD-0011091","","","","","","","","","a258c000004VBKAAA4","0.0","","Wheel stops","","42.0","","","","","a234W00000RiQxeQAF","0.0","0.0","0.0","0.0"
"a238c0000054JWoAAM","false","CLA-BD-0011092","","","","","","","","","a258c000004VBKAAA4","0.0","","Preasure Washing","","43.0","","","","","a234W00000RiQxfQAF","0.0","0.0","0.0","0.0"
"a238c0000054JWpAAM","false","CLA-BD-0011093","","","","","","","","","a258c000004VBKAAA4","0.0","","Service Yard Conc/CMU","","44.0","","","","","a234W00000RiQxgQAF","0.0","0.0","0.0","0.0"
"a238c0000054JWqAAM","false","CLA-BD-0011094","","","","","","","","","a258c000004VBKAAA4","0.0","","Barricades/Signs","","45.0","","","","","a234W00000RiQxhQAF","0.0","0.0","0.0","0.0"
"a238c0000054JWrAAM","false","CLA-BD-0011095","","","","","","","","","a258c000004VBKAAA4","0.0","","Signage","","46.0","","","","","a234W00000RiQxiQAF","0.0","0.0","0.0","0.0"
"a238c0000054JWsAAM","false","CLA-BD-0011096","","","","","","","","","a258c000004VBKAAA4","0.0","","Misc.","","47.0","","","","","a234W00000RiQxjQAF","0.0","0.0","0.0","0.0"
"a238c0000054JWtAAM","false","CLA-BD-0011097","","","","","","","","","a258c000004VBKAAA4","0.0","","Building Demolition","","48.0","","","","","a234W00000RiQxkQAF","0.0","0.0","0.0","0.0"
"a238c0000054JWuAAM","false","CLA-BD-0011098","","","","","","","","","a258c000004VBKAAA4","0.0","","Building Concrete Material","","49.0","","","","","a234W00000RiQxlQAF","0.0","0.0","0.0","0.0"
"a238c0000054JWvAAM","false","CLA-BD-0011099","","","","","","","","","a258c000004VBKAAA4","0.0","","Building Concrete Labor","","50.0","","","","","a234W00000RiQxmQAF","0.0","0.0","0.0","0.0"
"a238c0000054JWwAAM","false","CLA-BD-0011100","","","","","","","","","a258c000004VBKAAA4","0.0","","Concrete Foundation( Include building slab)","","51.0","","","","","a234W00000RiQxnQAF","0.0","0.0","0.0","0.0"
"a238c0000054JWxAAM","false","CLA-BD-0011101","","","","","","","","","a258c000004VBKAAA4","0.0","","Masonry/Building","","52.0","","","","","a234W00000RiQxoQAF","0.0","0.0","0.0","0.0"
"a238c0000054JWyAAM","false","CLA-BD-0011102","","","","","","","","","a258c000004VBKAAA4","0.0","","Structural Steel","","53.0","","","","","a234W00000RiQxpQAF","0.0","0.0","0.0","0.0"
"a238c0000054JWzAAM","false","CLA-BD-0011103","","","","","","","","","a258c000004VBKAAA4","0.0","","Finish Lumber & Doors","","54.0","","","","","a234W00000RiQxqQAF","0.0","0.0","0.0","0.0"
"a238c0000054JX0AAM","false","CLA-BD-0011104","","","","","","","","","a258c000004VBKAAA4","0.0","","Metal Doors & Frames","","55.0","","","","","a234W00000RiQxrQAF","0.0","0.0","0.0","0.0"
"a238c0000054JX1AAM","false","CLA-BD-0011105","","","","","","","","","a258c000004VBKAAA4","0.0","","Wood Doors","","56.0","","","","","a234W00000RiQxsQAF","0.0","0.0","0.0","0.0"
"a238c0000054JX2AAM","false","CLA-BD-0011106","","","","","","","","","a258c000004VBKAAA4","0.0","","Finish Hardware","","57.0","","","","","a234W00000RiQxtQAF","0.0","0.0","0.0","0.0"
"a238c0000054JX3AAM","false","CLA-BD-0011107","","","","","","","","","a258c000004VBKAAA4","0.0","","Framing Labor","","58.0","","","","","a234W00000RiQxuQAF","0.0","0.0","0.0","0.0"
"a238c0000054JX4AAM","false","CLA-BD-0011108","","","","","","","","","a258c000004VBKAAA4","0.0","","Misc.","","92.0","","","","","a234W00000RiQxvQAF","0.0","0.0","0.0","0.0"
"a238c0000054JX5AAM","false","CLA-BD-0011109","","","","","","","","","a258c000004VBKAAA4","0.0","","Grade fill / cut","","21.0","","","","","a234W00000RiQxwQAF","0.0","0.0","0.0","0.0"
"a238c0000054JX6AAM","false","CLA-BD-0011110","","","","","","","","","a258c000004VBKAAA4","0.0","","Site Demolition","","22.0","","","","","a234W00000RiQxxQAF","0.0","0.0","0.0","0.0"
"a238c0000054JX7AAM","false","CLA-BD-0011111","","","","","","","","","a258c000004VBKAAA4","0.0","","Retaining wall","","23.0","","","","","a234W00000RiQxyQAF","0.0","0.0","0.0","0.0"
"a238c0000054JX8AAM","false","CLA-BD-0011112","","","","","","","","","a258c000004VBKAAA4","0.0","","Trash Enclosure","","24.0","","","","","a234W00000RiQxzQAF","0.0","0.0","0.0","0.0"
"a238c0000054JX9AAM","false","CLA-BD-0011113","","","","","","","","","a258c000004VBKAAA4","0.0","","Concrete slabs/curbs (do not include in building slab)","","25.0","","","","","a234W00000RiQy0QAF","0.0","0.0","0.0","0.0"
"a238c0000054JXAAA2","false","CLA-BD-0011114","","","","","","","","","a258c000004VBKAAA4","0.0","","Storm Drain","","26.0","","","","","a234W00000RiQy1QAF","0.0","0.0","0.0","0.0"
"a238c0000054JXBAA2","false","CLA-BD-0011115","","","","","","","","","a258c000004VBKAAA4","0.0","","Concrete Sidewalks","","27.0","","","","","a234W00000RiQy2QAF","0.0","0.0","0.0","0.0"
"a238c0000054JXCAA2","false","CLA-BD-0011116","","","","","","","","","a258c000004VBKAAA4","0.0","","Concrete light bases","","28.0","","","","","a234W00000RiQy3QAF","0.0","0.0","0.0","0.0"
"a238c0000054JXDAA2","false","CLA-BD-0011117","","","","","","","","","a258c000004VBKAAA4","0.0","","Electrical site work/labor","","29.0","","","","","a234W00000RiQy4QAF","0.0","0.0","0.0","0.0"
"a238c0000054JXEAA2","false","CLA-BD-0011118","","","","","","","","","a258c000004VBKAAA4","0.0","","Site Lighting Material","","30.0","","","","","a234W00000RiQy5QAF","0.0","0.0","0.0","0.0"
"a238c0000054JXFAA2","false","CLA-BD-0011119","","","","","","","","","a258c000004VBKAAA4","0.0","","Monument sign base construction Lang to verify if applicable","","31.0","","","","","a234W00000RiQy6QAF","0.0","0.0","0.0","0.0"
"a238c0000054JXGAA2","false","CLA-BD-0011120","","","","","","","","","a258c000004VBKAAA4","0.0","","Plumbing sit work","","32.0","","","","","a234W00000RiQy7QAF","0.0","0.0","0.0","0.0"
"a238c0000054JXHAA2","false","CLA-BD-0011121","","","","","","","","","a258c000004VBKAAA4","0.0","","Telephone Underground","","33.0","","","","","a234W00000RiQy8QAF","0.0","0.0","0.0","0.0"
"a238c0000054JXIAA2","false","CLA-BD-0011122","","","","","","","","","a258c000004VBKAAA4","0.0","","Concrete paving","","34.0","","","","","a234W00000RiQy9QAF","0.0","0.0","0.0","0.0"
"a238c0000054JXJAA2","false","CLA-BD-0011123","","","","","","","","","a258c000004VBKAAA4","0.0","","Asphalt paving & striping","","35.0","","","","","a234W00000RiQyAQAV","0.0","0.0","0.0","0.0"
"a238c0000054JXKAA2","false","CLA-BD-0011124","","","","","","","","","a258c000004VBKBAA4","0.0","","Landscaping","","3.0","","","","","a234W00000RiQyBQAV","0.0","0.0","","0.0"
"a238c0000054JXLAA2","false","CLA-BD-0011125","","","","","","","","","a258c000004VBKBAA4","0.0","","Bituminous Damproofing","","11.0","","","","","a234W00000RiQyCQAV","0.0","0.0","","0.0"
"a238c0000054JXMAA2","false","CLA-BD-0011126","","","","","","","","","a258c000004VBKBAA4","0.0","","Linear Metal Ceilings","","19.0","","","","","a234W00000RiQyDQAV","0.0","0.0","","0.0"
"a238c0000054JXNAA2","false","CLA-BD-0011127","","","","","","","","","a258c000004VBKBAA4","0.0","","Hydraulic Elevators","","24.0","","","","","a234W00000RiQyEQAV","0.0","0.0","","0.0"
"a238c0000054JXOAA2","false","CLA-BD-0011128","","","","","","","","","a258c000004VBKBAA4","0.0","","Glass/Glazing","","15.0","","","","","a234W00000RiQyFQAV","0.0","0.0","","0.0"
"a238c0000054JXPAA2","false","CLA-BD-0011129","","","","","","","","","a258c000004VBKBAA4","0.0","","General Conditions","","29.0","","","","","a234W00000RiQyGQAV","0.0","0.0","","0.0"
"a238c0000054JXQAA2","false","CLA-BD-0011130","","","","","","","","","a258c000004VBKBAA4","0.0","","S & C Bond","","30.0","","","","","a234W00000RiQyHQAV","0.0","0.0","","0.0"
"a238c0000054JXRAA2","false","CLA-BD-0011131","","","","","","","","","a258c000004VBKBAA4","0.0","","Rough Carpentry","","9.0","","","","","a234W00000RiQyIQAV","0.0","0.0","","0.0"
"a238c0000054JXSAA2","false","CLA-BD-0011132","","","","","","","","","a258c000004VBKBAA4","0.0","","Finish Carpentry/Millwork","","10.0","","","","","a234W00000RiQyJQAV","0.0","0.0","","0.0"
"a238c0000054JXTAA2","false","CLA-BD-0011133","","","","","","","","","a258c000004VBKBAA4","0.0","","HVAC","","27.0","","","","","a234W00000RiQyKQAV","0.0","0.0","","0.0"
"a238c0000054JXUAA2","false","CLA-BD-0011134","","","","","","","","","a258c000004VBKBAA4","0.0","","Acoustical Ceilings","","18.0","","","","","a234W00000RiQyLQAV","0.0","0.0","","0.0"
"a238c0000054JXVAA2","false","CLA-BD-0011135","","","","","","","","","a258c000004VBKBAA4","0.0","","Structural Steel","","8.0","","","","","a234W00000RiQyMQAV","0.0","0.0","","0.0"
"a238c0000054JXWAA2","false","CLA-BD-0011136","","","","","","","","","a258c000004VBKBAA4","0.0","","Plumbing","","25.0","","","","","a234W00000RiQyNQAV","0.0","0.0","","0.0"
"a238c0000054JXXAA2","false","CLA-BD-0011137","","","","","","","","","a258c000004VBKBAA4","0.0","","Fabric Awnings","","23.0","","","","","a234W00000RiQyOQAV","0.0","0.0","","0.0"
"a238c0000054JXYAA2","false","CLA-BD-0011138","","","","","","","","","a258c000004VBKBAA4","0.0","","Doors/Frames/Hardware","","14.0","","","","","a234W00000RiQyPQAV","0.0","0.0","","0.0"
"a238c0000054JXZAA2","false","CLA-BD-0011139","","","","","","","","","a258c000004VBKBAA4","0.0","","Unit Masonry","","7.0","","","","","a234W00000RiQyQQAV","0.0","0.0","","0.0"
"a238c0000054JXaAAM","false","CLA-BD-0011140","","","","","","","","","a258c000004VBKBAA4","0.0","","Termite Control","","2.0","","","","","a234W00000RiQyRQAV","0.0","0.0","","0.0"
"a238c0000054JXbAAM","false","CLA-BD-0011141","","","","","","","","","a258c000004VBKBAA4","0.0","","Fire Protection","","26.0","","","","","a234W00000RiQySQAV","0.0","0.0","","0.0"
"a238c0000054JXcAAM","false","CLA-BD-0011142","","","","","","","","","a258c000004VBKBAA4","0.0","","Joint Sealers","","13.0","","","","","a234W00000RiQyTQAV","0.0","0.0","","0.0"
"a238c0000054JXdAAM","false","CLA-BD-0011143","","","","","","","","","a258c000004VBKBAA4","0.0","","Resilient and Carpet Flooring","","20.0","","","","","a234W00000RiQyUQAV","0.0","0.0","","0.0"
"a238c0000054JXeAAM","false","CLA-BD-0011144","","","","","","","","","a258c000004VBKBAA4","0.0","","Building Excavator","","4.0","","","","","a234W00000RiQyVQAV","0.0","0.0","","0.0"
"a238c0000054JXfAAM","false","CLA-BD-0011145","","","","","","","","","a258c000004VBKBAA4","0.0","","Painting","","21.0","","","","","a234W00000RiQyWQAV","0.0","0.0","","0.0"
"a238c0000054JXgAAM","false","CLA-BD-0011146","","","","","","","","","a258c000004VBKBAA4","0.0","","Sitework","","1.0","","","","","a234W00000RiQyXQAV","0.0","0.0","","0.0"
"a238c0000054JXhAAM","false","CLA-BD-0011147","","","","","","","","","a258c000004VBKBAA4","0.0","","Misc. Specialities","","22.0","","","","","a234W00000RiQyYQAV","0.0","0.0","","0.0"
"a238c0000054JXiAAM","false","CLA-BD-0011148","","","","","","","","","a258c000004VBKBAA4","0.0","","Electrical","","28.0","","","","","a234W00000RiQyZQAV","0.0","0.0","","0.0"
"a238c0000054JXjAAM","false","CLA-BD-0011149","","","","","","","","","a258c000004VBKBAA4","0.0","","Ceramic Tile","","17.0","","","","","a234W00000RiQyaQAF","0.0","0.0","","0.0"
"a238c0000054JXkAAM","false","CLA-BD-0011150","","","","","","","","","a258c000004VBKBAA4","0.0","","Cast in Place Concrete","","5.0","","","","","a234W00000RiQybQAF","0.0","0.0","","0.0"
"a238c0000054JXlAAM","false","CLA-BD-0011151","","","","","","","","","a258c000004VBKBAA4","0.0","","Roofing &Sheetmetal Flashing","","12.0","","","","","a234W00000RiQycQAF","0.0","0.0","","0.0"
"a238c0000054JXmAAM","false","CLA-BD-0011152","","","","","","","","","a258c000004VBKBAA4","0.0","","Studs/Drywall/EIFS","","16.0","","","","","a234W00000RiQydQAF","0.0","0.0","","0.0"
"a238c0000054JXnAAM","false","CLA-BD-0011153","","","","","","","","","a258c000004VBKBAA4","0.0","","Tilt-Up Precast Concrete","","6.0","","","","","a234W00000RiQyeQAF","0.0","0.0","","0.0"
"a238c0000054JXoAAM","false","CLA-BD-0011154","","","","","","","","","a258c000004VBKBAA4","0.0","","Change Orders","","36.0","","","","","a234W00000RiQyfQAF","0.0","0.0","","0.0"
"a238c0000054JXpAAM","false","CLA-BD-0011155","","","","","","","","","a258c000004VBKBAA4","0.0","","Allowance - Precast Concrete Pane","","35.0","","","","","a234W00000RiQygQAF","0.0","0.0","","0.0"
"a238c0000054JXqAAM","false","CLA-BD-0011156","","","","","","","","","a258c000004VBKBAA4","0.0","","Allowance - Drywall Support/Finishing","","34.0","","","","","a234W00000RiQyhQAF","0.0","0.0","","0.0"
"a238c0000054JXrAAM","false","CLA-BD-0011157","","","","","","","","","a258c000004VBKBAA4","0.0","","Fee","","31.0","","","","","a234W00000RiQyiQAF","0.0","0.0","","0.0"
"a238c0000054JXsAAM","false","CLA-BD-0011158","","","","","","","","","a258c000004VBKBAA4","0.0","","Allowance - Add'l Steel Support","","33.0","","","","","a234W00000RiQyjQAF","0.0","0.0","","0.0"
"a238c0000054JXtAAM","false","CLA-BD-0011159","","","","","","","","","a258c000004VBKBAA4","0.0","","Allowance - Mis Paving Earthwork","","32.0","","","","","a234W00000RiQykQAF","0.0","0.0","","0.0"
"a238c0000054JXuAAM","false","CLA-BD-0011160","","","","","","","","","a258c000004VBKCAA4","0.0","","Exterior Glass (7xS450)","","21.0","","","","","a234W00000RiQylQAF","0.0","0.0","","0.0"
"a238c0000054JXvAAM","false","CLA-BD-0011161","","","","","","","","","a258c000004VBKCAA4","0.0","","General Conditions","","22.0","","","","","a234W00000RiQymQAF","0.0","0.0","","0.0"
"a238c0000054JXwAAM","false","CLA-BD-0011162","","","","","","","","","a258c000004VBKCAA4","0.0","","O&P","","23.0","","","","","a234W00000RiQynQAF","0.0","0.0","","0.0"
"a238c0000054JXxAAM","false","CLA-BD-0011163","","","","","","","","","a258c000004VBKCAA4","0.0","","Insurance","","24.0","","","","","a234W00000RiQyoQAF","0.0","0.0","","0.0"
"a238c0000054JXyAAM","false","CLA-BD-0011164","","","","","","","","","a258c000004VBKCAA4","0.0","","Millwork","","14.0","","","","","a234W00000RiQypQAF","0.0","0.0","","0.0"
"a238c0000054JXzAAM","false","CLA-BD-0011165","","","","","","","","","a258c000004VBKCAA4","0.0","","Structural ( Entry Feature)","","15.0","","","","","a234W00000RiQyqQAF","0.0","0.0","","0.0"
"a238c0000054JY0AAM","false","CLA-BD-0011166","","","","","","","","","a258c000004VBKCAA4","0.0","","Concrete Fill In Plumbing Trenches","","16.0","","","","","a234W00000RiQyrQAF","0.0","0.0","","0.0"
"a238c0000054JY1AAM","false","CLA-BD-0011167","","","","","","","","","a258c000004VBKCAA4","0.0","","Site Stripping (ADA)","","17.0","","","","","a234W00000RiQysQAF","0.0","0.0","","0.0"
"a238c0000054JY2AAM","false","CLA-BD-0011168","","","","","","","","","a258c000004VBKCAA4","0.0","","Roof Structure (Trusses, Sheeting, Labor)","","18.0","","","","","a234W00000RiQytQAF","0.0","0.0","","0.0"
"a238c0000054JY3AAM","false","CLA-BD-0011169","","","","","","","","","a258c000004VBKCAA4","0.0","","Roofing","","19.0","","","","","a234W00000RiQyuQAF","0.0","0.0","","0.0"
"a238c0000054JY4AAM","false","CLA-BD-0011170","","","","","","","","","a258c000004VBKCAA4","0.0","","Lights - LED","","20.0","","","","","a234W00000RiQyvQAF","0.0","0.0","","0.0"
"a238c0000054JY5AAM","false","CLA-BD-0011171","","","","","","","","","a258c000004VBKCAA4","0.0","","Electrical and Low Voltage","","1.0","","","","","a234W00000RiQywQAF","0.0","0.0","","0.0"
"a238c0000054JY6AAM","false","CLA-BD-0011172","","","","","","","","","a258c000004VBKCAA4","0.0","","Mechanical","","2.0","","","","","a234W00000RiQyxQAF","0.0","0.0","","0.0"
"a238c0000054JY7AAM","false","CLA-BD-0011173","","","","","","","","","a258c000004VBKCAA4","0.0","","Plumbing","","3.0","","","","","a234W00000RiQyyQAF","0.0","0.0","","0.0"
"a238c0000054JY8AAM","false","CLA-BD-0011174","","","","","","","","","a258c000004VBKCAA4","0.0","","Painting (Interior and Exterior)","","4.0","","","","","a234W00000RiQyzQAF","0.0","0.0","","0.0"
"a238c0000054JY9AAM","false","CLA-BD-0011175","","","","","","","","","a258c000004VBKCAA4","0.0","","Flooring","","5.0","","","","","a234W00000RiQz0QAF","0.0","0.0","","0.0"
"a238c0000054JYAAA2","false","CLA-BD-0011176","","","","","","","","","a258c000004VBKCAA4","0.0","","Ceiling","","6.0","","","","","a234W00000RiQz1QAF","0.0","0.0","","0.0"
"a238c0000054JYBAA2","false","CLA-BD-0011177","","","","","","","","","a258c000004VBKCAA4","0.0","","Drywall and Framing","","7.0","","","","","a234W00000RiQz2QAF","0.0","0.0","","0.0"
"a238c0000054JYCAA2","false","CLA-BD-0011178","","","","","","","","","a258c000004VBKCAA4","0.0","","Doors & Hardware (SC w/ Metal Frame)","","8.0","","","","","a234W00000RiQz3QAF","0.0","0.0","","0.0"
"a238c0000054JYDAA2","false","CLA-BD-0011179","","","","","","","","","a258c000004VBKCAA4","0.0","","Demo","","9.0","","","","","a234W00000RiQz4QAF","0.0","0.0","","0.0"
"a238c0000054JYEAA2","false","CLA-BD-0011180","","","","","","","","","a258c000004VBKCAA4","0.0","","CMU - Stucco","","11.0","","","","","a234W00000RiQz5QAF","0.0","0.0","","0.0"
"a238c0000054JYFAA2","false","CLA-BD-0011181","","","","","","","","","a258c000004VBKDAA4","0.0","","Cabinets / Millwork","","88.0","","","","","a234W00000RiQz6QAF","0.0","0.0","","0.0"
"a238c0000054JYGAA2","false","CLA-BD-0011182","","","","","","","","","a258c000004VBKDAA4","0.0","","Flooring (Rubber Floor/Silica/ Res-Tek)","","90.0","","","","","a234W00000RiQz7QAF","0.0","0.0","","0.0"
"a238c0000054JYHAA2","false","CLA-BD-0011183","","","","","","","","","a258c000004VBKDAA4","0.0","","Lighting Fixtures","","85.0","","","","","a234W00000RiQz8QAF","0.0","0.0","","0.0"
"a238c0000054JYIAA2","false","CLA-BD-0011184","","","","","","","","","a258c000004VBKDAA4","0.0","","Corporate Decor Package Installation","","93.0","","","","","a234W00000RiQz9QAF","0.0","0.0","","0.0"
"a238c0000054JYJAA2","false","CLA-BD-0011185","","","","","","","","","a258c000004VBKDAA4","0.0","","100 ft secondary service","","84.0","","","","","a234W00000RiQzAQAV","0.0","0.0","","0.0"
"a238c0000054JYKAA2","false","CLA-BD-0011186","","","","","","","","","a258c000004VBKDAA4","0.0","","Fire Extinguishers","","87.0","","","","","a234W00000RiQzBQAV","0.0","0.0","","0.0"
"a238c0000054JYLAA2","false","CLA-BD-0011187","","","","","","","","","a258c000004VBKDAA4","0.0","","Caulking","","91.0","","","","","a234W00000RiQzCQAV","0.0","0.0","","0.0"
"a238c0000054JYMAA2","false","CLA-BD-0011188","","","","","","","","","a258c000004VBKDAA4","0.0","","Toilet Partitions","","89.0","","","","","a234W00000RiQzDQAV","0.0","0.0","","0.0"
"a238c0000054JYNAA2","false","CLA-BD-0011189","","","","","","","","","a258c000004VBKDAA4","0.0","","Roofing","","59.0","","","","","a234W00000RiQzEQAV","0.0","0.0","","0.0"
"a238c0000054JYOAA2","false","CLA-BD-0011190","","","","","","","","","a258c000004VBKDAA4","0.0","","Finish Carpentry Labor","","60.0","","","","","a234W00000RiQzFQAV","0.0","0.0","","0.0"
"a238c0000054JYPAA2","false","CLA-BD-0011191","","","","","","","","","a258c000004VBKDAA4","0.0","","Rough Carpentry Labor","","61.0","","","","","a234W00000RiQzGQAV","0.0","0.0","","0.0"
"a238c0000054JYQAA2","false","CLA-BD-0011192","","","","","","","","","a258c000004VBKDAA4","0.0","","Rough Carpentry Material","","62.0","","","","","a234W00000RiQzHQAV","0.0","0.0","","0.0"
"a238c0000054JYRAA2","false","CLA-BD-0011193","","","","","","","","","a258c000004VBKDAA4","0.0","","Sheet Metal","","63.0","","","","","a234W00000RiQzIQAV","0.0","0.0","","0.0"
"a238c0000054JYSAA2","false","CLA-BD-0011194","","","","","","","","","a258c000004VBKDAA4","0.0","","Insulation","","64.0","","","","","a234W00000RiQzJQAV","0.0","0.0","","0.0"
"a238c0000054JYTAA2","false","CLA-BD-0011195","","","","","","","","","a258c000004VBKDAA4","0.0","","Glass & Glazing","","65.0","","","","","a234W00000RiQzKQAV","0.0","0.0","","0.0"
"a238c0000054JYUAA2","false","CLA-BD-0011196","","","","","","","","","a258c000004VBKDAA4","0.0","","Drywall & Metal Studs","","66.0","","","","","a234W00000RiQzLQAV","0.0","0.0","","0.0"
"a238c0000054JYVAA2","false","CLA-BD-0011197","","","","","","","","","a258c000004VBKDAA4","0.0","","Acoustic Tile","","67.0","","","","","a234W00000RiQzMQAV","0.0","0.0","","0.0"
"a238c0000054JYWAA2","false","CLA-BD-0011198","","","","","","","","","a258c000004VBKDAA4","0.0","","Painting","","68.0","","","","","a234W00000RiQzNQAV","0.0","0.0","","0.0"
"a238c0000054JYXAA2","false","CLA-BD-0011199","","","","","","","","","a258c000004VBKDAA4","0.0","","Ceramic tile","","69.0","","","","","a234W00000RiQzOQAV","0.0","0.0","","0.0"
"a238c0000054JYYAA2","false","CLA-BD-0011200","","","","","","","","","a258c000004VBKDAA4","0.0","","EIFS / Lath & Plaster","","70.0","","","","","a234W00000RiQzPQAV","0.0","0.0","","0.0"
"a238c0000054JYZAA2","false","CLA-BD-0011201","","","","","","","","","a258c000004VBKDAA4","0.0","","Misc. S.S.","","71.0","","","","","a234W00000RiQzQQAV","0.0","0.0","","0.0"
"a238c0000054JYaAAM","false","CLA-BD-0011202","","","","","","","","","a258c000004VBKDAA4","0.0","","Toilet accessories","","72.0","","","","","a234W00000RiQzRQAV","0.0","0.0","","0.0"
"a238c0000054JYbAAM","false","CLA-BD-0011203","","","","","","","","","a258c000004VBKDAA4","0.0","","GC Installed Items","","73.0","","","","","a234W00000RiQzSQAV","0.0","0.0","","0.0"
"a238c0000054JYcAAM","false","CLA-BD-0011204","","","","","","","","","a258c000004VBKDAA4","0.0","","H.V.A.C. System","","74.0","","","","","a234W00000RiQzTQAV","0.0","0.0","","0.0"
"a238c0000054JYdAAM","false","CLA-BD-0011205","","","","","","","","","a258c000004VBKDAA4","0.0","","TABC - Air Balance (Required)","","75.0","","","","","a234W00000RiQzUQAV","0.0","0.0","","0.0"
"a238c0000054JYeAAM","false","CLA-BD-0011206","","","","","","","","","a258c000004VBKDAA4","0.0","","Plumbing","","76.0","","","","","a234W00000RiQzVQAV","0.0","0.0","","0.0"
"a238c0000054JYfAAM","false","CLA-BD-0011207","","","","","","","","","a258c000004VBKDAA4","0.0","","Fire Sprinkler (if required)","","77.0","","","","","a234W00000RiQzWQAV","0.0","0.0","","0.0"
"a238c0000054JYgAAM","false","CLA-BD-0011208","","","","","","","","","a258c000004VBKDAA4","0.0","","Metal Fab","","78.0","","","","","a234W00000RiQzXQAV","0.0","0.0","","0.0"
"a238c0000054JHhAAM","false","CLA-BD-0010155","","","","","","","","","a258c000004VBKDAA4","0.0","","Cedar brackets","","79.0","","","","","a234W00000RiQzYQAV","0.0","0.0","","0.0"
"a238c0000054JHiAAM","false","CLA-BD-0010156","","","","","","","","","a258c000004VBKDAA4","0.0","","Termite Treat","","80.0","","","","","a234W00000RiQzZQAV","0.0","0.0","","0.0"
"a238c0000054JHjAAM","false","CLA-BD-0010157","","","","","","","","","a258c000004VBKDAA4","0.0","","Electrical Labor","","81.0","","","","","a234W00000RiQzaQAF","0.0","0.0","","0.0"
"a238c0000054JHkAAM","false","CLA-BD-0010158","","","","","","","","","a258c000004VBKDAA4","0.0","","Electrical Material","","82.0","","","","","a234W00000RiQzbQAF","0.0","0.0","","0.0"
"a238c0000054JHlAAM","false","CLA-BD-0010159","","","","","","","","","a258c000004VBKDAA4","0.0","","Power Management System","","83.0","","","","","a234W00000RiQzcQAF","0.0","0.0","","0.0"
"a238c0000054JHmAAM","false","CLA-BD-0010160","","","","","","","","","a258c000004VBKDAA4","0.0","","F.R.P. and marlite","","86.0","","","","","a234W00000RiQzdQAF","0.0","0.0","","0.0"
"a238c0000054JHnAAM","false","CLA-BD-0010161","","","","","","","","","a258c000004VBKDAA4","0.0","","Gas to Property Line","","1.0","","","","","a234W00000RiQzeQAF","0.0","0.0","","0.0"
"a238c0000054JHoAAM","false","CLA-BD-0010162","","","","","","","","","a258c000004VBKDAA4","0.0","","Water to Property line","","2.0","","","","","a234W00000RiQzfQAF","0.0","0.0","","0.0"
"a238c0000054JHpAAM","false","CLA-BD-0010163","","","","","","","","","a258c000004VBKDAA4","0.0","","Sewer to Property Line","","3.0","","","","","a234W00000RiQzgQAF","0.0","0.0","","0.0"
"a238c0000054JHqAAM","false","CLA-BD-0010164","","","","","","","","","a258c000004VBKDAA4","0.0","","New electric service","","4.0","","","","","a234W00000RiQzhQAF","0.0","0.0","","0.0"
"a238c0000054JHrAAM","false","CLA-BD-0010165","","","","","","","","","a258c000004VBKDAA4","0.0","","Power pole - new or relocate","","5.0","","","","","a234W00000RiQziQAF","0.0","0.0","","0.0"
"a238c0000054JHsAAM","false","CLA-BD-0010166","","","","","","","","","a258c000004VBKDAA4","0.0","","Street light - new or relocate","","6.0","","","","","a234W00000RiQzjQAF","0.0","0.0","","0.0"
"a238c0000054JHtAAM","false","CLA-BD-0010167","","","","","","","","","a258c000004VBKDAA4","0.0","","Telephone Pole","","7.0","","","","","a234W00000RiQzkQAF","0.0","0.0","","0.0"
"a238c0000054JHuAAM","false","CLA-BD-0010168","","","","","","","","","a258c000004VBKDAA4","0.0","","Off site fire hydrant","","8.0","","","","","a234W00000RiQzlQAF","0.0","0.0","","0.0"
"a238c0000054JHvAAM","false","CLA-BD-0010169","","","","","","","","","a258c000004VBKDAA4","0.0","","Traffic signals - new or relocate","","9.0","","","","","a234W00000RiQzmQAF","0.0","0.0","","0.0"
"a238c0000054JHwAAM","false","CLA-BD-0010170","","","","","","","","","a258c000004VBKDAA4","0.0","","Offsite Demolition","","10.0","","","","","a234W00000RiQznQAF","0.0","0.0","","0.0"
"a238c0000054JHxAAM","false","CLA-BD-0010171","","","","","","","","","a258c000004VBKDAA4","0.0","","New Curb & Gutter","","11.0","","","","","a234W00000RiQzoQAF","0.0","0.0","","0.0"
"a238c0000054JHyAAM","false","CLA-BD-0010172","","","","","","","","","a258c000004VBKDAA4","0.0","","New sidewalk","","12.0","","","","","a234W00000RiQzpQAF","0.0","0.0","","0.0"
"a238c0000054JHzAAM","false","CLA-BD-0010173","","","","","","","","","a258c000004VBKDAA4","0.0","","New approaches","","13.0","","","","","a234W00000RiQzqQAF","0.0","0.0","","0.0"
"a238c0000054JI0AAM","false","CLA-BD-0010174","","","","","","","","","a258c000004VBKDAA4","0.0","","Street paving and markings","","14.0","","","","","a234W00000RiQzrQAF","0.0","0.0","","0.0"
"a238c0000054JI1AAM","false","CLA-BD-0010175","","","","","","","","","a258c000004VBKDAA4","0.0","","Temp sidewalk","","15.0","","","","","a234W00000RiQzsQAF","0.0","0.0","","0.0"
"a238c0000054JI2AAM","false","CLA-BD-0010176","","","","","","","","","a258c000004VBKDAA4","0.0","","Storm Drain","","16.0","","","","","a234W00000RiQztQAF","0.0","0.0","","0.0"
"a238c0000054JI3AAM","false","CLA-BD-0010177","","","","","","","","","a258c000004VBKDAA4","0.0","","Relocate Transformer","","17.0","","","","","a234W00000RiQzuQAF","0.0","0.0","","0.0"
"a238c0000054JI4AAM","false","CLA-BD-0010178","","","","","","","","","a258c000004VBKDAA4","0.0","","Survey","","18.0","","","","","a234W00000RiQzvQAF","0.0","0.0","","0.0"
"a238c0000054JI5AAM","false","CLA-BD-0010179","","","","","","","","","a258c000004VBKDAA4","0.0","","Soils","","20.0","","","","","a234W00000RiQzwQAF","0.0","0.0","","0.0"
"a238c0000054JI6AAM","false","CLA-BD-0010180","","","","","","","","","a258c000004VBKDAA4","0.0","","Grade fill / cut","","21.0","","","","","a234W00000RiQzxQAF","0.0","0.0","","0.0"
"a238c0000054JI7AAM","false","CLA-BD-0010181","","","","","","","","","a258c000004VBKDAA4","0.0","","Site Demolition","","22.0","","","","","a234W00000RiQzyQAF","0.0","0.0","","0.0"
"a238c0000054JI8AAM","false","CLA-BD-0010182","","","","","","","","","a258c000004VBKDAA4","0.0","","Retaining wall","","23.0","","","","","a234W00000RiQzzQAF","0.0","0.0","","0.0"
"a238c0000054JI9AAM","false","CLA-BD-0010183","","","","","","","","","a258c000004VBKDAA4","0.0","","Trash Enclosure","","24.0","","","","","a234W00000RiR00QAF","0.0","0.0","","0.0"
"a238c0000054JIAAA2","false","CLA-BD-0010184","","","","","","","","","a258c000004VBKDAA4","0.0","","Concrete slabs/curbs (do not include in building slab)","","25.0","","","","","a234W00000RiR01QAF","0.0","0.0","","0.0"
"a238c0000054JIBAA2","false","CLA-BD-0010185","","","","","","","","","a258c000004VBKDAA4","0.0","","Storm Drain","","26.0","","","","","a234W00000RiR02QAF","0.0","0.0","","0.0"
"a238c0000054JICAA2","false","CLA-BD-0010186","","","","","","","","","a258c000004VBKDAA4","0.0","","Concrete Sidewalks","","27.0","","","","","a234W00000RiR03QAF","0.0","0.0","","0.0"
"a238c0000054JIDAA2","false","CLA-BD-0010187","","","","","","","","","a258c000004VBKDAA4","0.0","","Concrete light bases","","28.0","","","","","a234W00000RiR04QAF","0.0","0.0","","0.0"
"a238c0000054JIEAA2","false","CLA-BD-0010188","","","","","","","","","a258c000004VBKDAA4","0.0","","Electrical site work/labor","","29.0","","","","","a234W00000RiR05QAF","0.0","0.0","","0.0"
"a238c0000054JIFAA2","false","CLA-BD-0010189","","","","","","","","","a258c000004VBKDAA4","0.0","","Site Lighting Material","","30.0","","","","","a234W00000RiR06QAF","0.0","0.0","","0.0"
"a238c0000054JIGAA2","false","CLA-BD-0010190","","","","","","","","","a258c000004VBKDAA4","0.0","","Monument sign base construction Lang to verify if applicable","","31.0","","","","","a234W00000RiR07QAF","0.0","0.0","","0.0"
"a238c0000054JIHAA2","false","CLA-BD-0010191","","","","","","","","","a258c000004VBKDAA4","0.0","","Plumbing sit work","","32.0","","","","","a234W00000RiR08QAF","0.0","0.0","","0.0"
"a238c0000054JIIAA2","false","CLA-BD-0010192","","","","","","","","","a258c000004VBKDAA4","0.0","","Telephone Underground","","33.0","","","","","a234W00000RiR09QAF","0.0","0.0","","0.0"
"a238c0000054JIJAA2","false","CLA-BD-0010193","","","","","","","","","a258c000004VBKDAA4","0.0","","Concrete paving","","34.0","","","","","a234W00000RiR0AQAV","0.0","0.0","","0.0"
"a238c0000054JIKAA2","false","CLA-BD-0010194","","","","","","","","","a258c000004VBKDAA4","0.0","","Asphalt paving & striping","","35.0","","","","","a234W00000RiR0BQAV","0.0","0.0","","0.0"
"a238c0000054JILAA2","false","CLA-BD-0010195","","","","","","","","","a258c000004VBKDAA4","0.0","","Landscaping w/ Irrigation (Required)","","36.0","","","","","a234W00000RiR0CQAV","0.0","0.0","","0.0"
"a238c0000054JIMAA2","false","CLA-BD-0010196","","","","","","","","","a258c000004VBKDAA4","0.0","","Bollard w/ Covers","","37.0","","","","","a234W00000RiR0DQAV","0.0","0.0","","0.0"
"a238c0000054JINAA2","false","CLA-BD-0010197","","","","","","","","","a258c000004VBKDAA4","0.0","","Fire Sprinkler Service","","38.0","","","","","a234W00000RiR0EQAV","0.0","0.0","","0.0"
"a238c0000054JIOAA2","false","CLA-BD-0010198","","","","","","","","","a258c000004VBKDAA4","0.0","","Erosion & Dust Control","","39.0","","","","","a234W00000RiR0FQAV","0.0","0.0","","0.0"
"a238c0000054JIPAA2","false","CLA-BD-0010199","","","","","","","","","a258c000004VBKDAA4","0.0","","Fire Hydrant","","40.0","","","","","a234W00000RiR0GQAV","0.0","0.0","","0.0"
"a238c0000054JIQAA2","false","CLA-BD-0010200","","","","","","","","","a258c000004VBKDAA4","0.0","","Dumpster Approach","","41.0","","","","","a234W00000RiR0HQAV","0.0","0.0","","0.0"
"a238c0000054JIRAA2","false","CLA-BD-0010201","","","","","","","","","a258c000004VBKDAA4","0.0","","Wheel stops","","42.0","","","","","a234W00000RiR0IQAV","0.0","0.0","","0.0"
"a238c0000054JISAA2","false","CLA-BD-0010202","","","","","","","","","a258c000004VBKDAA4","0.0","","Preasure Washing","","43.0","","","","","a234W00000RiR0JQAV","0.0","0.0","","0.0"
"a238c0000054JITAA2","false","CLA-BD-0010203","","","","","","","","","a258c000004VBKDAA4","0.0","","Service Yard Conc/CMU","","44.0","","","","","a234W00000RiR0KQAV","0.0","0.0","","0.0"
"a238c0000054JIUAA2","false","CLA-BD-0010204","","","","","","","","","a258c000004VBKDAA4","0.0","","Barricades/Signs","","45.0","","","","","a234W00000RiR0LQAV","0.0","0.0","","0.0"
"a238c0000054JIVAA2","false","CLA-BD-0010205","","","","","","","","","a258c000004VBKDAA4","0.0","","Signage","","46.0","","","","","a234W00000RiR0MQAV","0.0","0.0","","0.0"
"a238c0000054JIWAA2","false","CLA-BD-0010206","","","","","","","","","a258c000004VBKDAA4","0.0","","Misc.","","47.0","","","","","a234W00000RiR0NQAV","0.0","0.0","","0.0"
"a238c0000054JIXAA2","false","CLA-BD-0010207","","","","","","","","","a258c000004VBKDAA4","0.0","","Building Demolition","","48.0","","","","","a234W00000RiR0OQAV","0.0","0.0","","0.0"
"a238c0000054JIYAA2","false","CLA-BD-0010208","","","","","","","","","a258c000004VBKDAA4","0.0","","Building Concrete Material","","49.0","","","","","a234W00000RiR0PQAV","0.0","0.0","","0.0"
"a238c0000054JIZAA2","false","CLA-BD-0010209","","","","","","","","","a258c000004VBKDAA4","0.0","","Building Concrete Labor","","50.0","","","","","a234W00000RiR0QQAV","0.0","0.0","","0.0"
"a238c0000054JIaAAM","false","CLA-BD-0010210","","","","","","","","","a258c000004VBKDAA4","0.0","","Concrete Foundation( Include building slab)","","51.0","","","","","a234W00000RiR0RQAV","0.0","0.0","","0.0"
"a238c0000054JIbAAM","false","CLA-BD-0010211","","","","","","","","","a258c000004VBKDAA4","0.0","","Masonry/Building","","52.0","","","","","a234W00000RiR0SQAV","0.0","0.0","","0.0"
"a238c0000054JIcAAM","false","CLA-BD-0010212","","","","","","","","","a258c000004VBKDAA4","0.0","","Structural Steel","","53.0","","","","","a234W00000RiR0TQAV","0.0","0.0","","0.0"
"a238c0000054JIdAAM","false","CLA-BD-0010213","","","","","","","","","a258c000004VBKDAA4","0.0","","Finish Lumber & Doors","","54.0","","","","","a234W00000RiR0UQAV","0.0","0.0","","0.0"
"a238c0000054JIeAAM","false","CLA-BD-0010214","","","","","","","","","a258c000004VBKDAA4","0.0","","Metal Doors & Frames","","55.0","","","","","a234W00000RiR0VQAV","0.0","0.0","","0.0"
"a238c0000054JIfAAM","false","CLA-BD-0010215","","","","","","","","","a258c000004VBKDAA4","0.0","","Wood Doors","","56.0","","","","","a234W00000RiR0WQAV","0.0","0.0","","0.0"
"a238c0000054JIgAAM","false","CLA-BD-0010216","","","","","","","","","a258c000004VBKDAA4","0.0","","Finish Hardware","","57.0","","","","","a234W00000RiR0XQAV","0.0","0.0","","0.0"
"a238c0000054JIhAAM","false","CLA-BD-0010217","","","","","","","","","a258c000004VBKDAA4","0.0","","Framing Labor","","58.0","","","","","a234W00000RiR0YQAV","0.0","0.0","","0.0"
"a238c0000054JIiAAM","false","CLA-BD-0010218","","","","","","","","","a258c000004VBKDAA4","0.0","","Misc.","","92.0","","","","","a234W00000RiR0ZQAV","0.0","0.0","","0.0"
"a238c0000054Ir6AAE","false","CLA-BD-0008717","","","","","","","","","a258c000004VBDTAA4","0.0","","Cabinets / Millwork","","88.0","","","","","a235f000000ZYljAAG","0.0","0.0","0.0","0.0"
"a238c0000054Ir7AAE","false","CLA-BD-0008718","","","","","","","","","a258c000004VBDTAA4","0.0","","Flooring (Rubber Floor/Silica/ Res-Tek)","","90.0","","","","","a235f000000ZYlkAAG","0.0","0.0","0.0","0.0"
"a238c0000054Ir8AAE","false","CLA-BD-0008719","","","","","","","","","a258c000004VBDTAA4","0.0","","Lighting Fixtures","","85.0","","","","","a235f000000ZYllAAG","0.0","0.0","0.0","0.0"
"a238c0000054Ir9AAE","false","CLA-BD-0008720","","","","","","","","","a258c000004VBDTAA4","0.0","","Corporate Decor Package Installation","","93.0","","","","","a235f000000ZYlmAAG","0.0","0.0","0.0","0.0"
"a238c0000054IrAAAU","false","CLA-BD-0008721","","","","","","","","","a258c000004VBDTAA4","0.0","","100 ft secondary service","","84.0","","","","","a235f000000ZYlnAAG","0.0","0.0","0.0","0.0"
"a238c0000054IrBAAU","false","CLA-BD-0008722","","","","","","","","","a258c000004VBDTAA4","0.0","","Fire Extinguishers","","87.0","","","","","a235f000000ZYloAAG","0.0","0.0","0.0","0.0"
"a238c0000054IrCAAU","false","CLA-BD-0008723","","","","","","","","","a258c000004VBDTAA4","0.0","","Caulking","","91.0","","","","","a235f000000ZYlpAAG","0.0","0.0","0.0","0.0"
"a238c0000054IrDAAU","false","CLA-BD-0008724","","","","","","","","","a258c000004VBDTAA4","0.0","","Toilet Partitions","","89.0","","","","","a235f000000ZYlqAAG","0.0","0.0","0.0","0.0"
"a238c0000054IrEAAU","false","CLA-BD-0008725","","","","","","","","","a258c000004VBDTAA4","0.0","","Roofing","","59.0","","","","","a235f000000ZYlrAAG","0.0","0.0","0.0","0.0"
"a238c0000054IrFAAU","false","CLA-BD-0008726","","","","","","","","","a258c000004VBDTAA4","0.0","","Finish Carpentry Labor","","60.0","","","","","a235f000000ZYlsAAG","0.0","0.0","0.0","0.0"
"a238c0000054IrGAAU","false","CLA-BD-0008727","","","","","","","","","a258c000004VBDTAA4","0.0","","Rough Carpentry Labor","","61.0","","","","","a235f000000ZYltAAG","0.0","0.0","0.0","0.0"
"a238c0000054IrHAAU","false","CLA-BD-0008728","","","","","","","","","a258c000004VBDTAA4","0.0","","Rough Carpentry Material","","62.0","","","","","a235f000000ZYluAAG","0.0","0.0","0.0","0.0"
"a238c0000054IrIAAU","false","CLA-BD-0008729","","","","","","","","","a258c000004VBDTAA4","0.0","","Sheet Metal","","63.0","","","","","a235f000000ZYlvAAG","0.0","0.0","0.0","0.0"
"a238c0000054IrJAAU","false","CLA-BD-0008730","","","","","","","","","a258c000004VBDTAA4","0.0","","Insulation","","64.0","","","","","a235f000000ZYlwAAG","0.0","0.0","0.0","0.0"
"a238c0000054IrKAAU","false","CLA-BD-0008731","","","","","","","","","a258c000004VBDTAA4","0.0","","Glass & Glazing","","65.0","","","","","a235f000000ZYlxAAG","0.0","0.0","0.0","0.0"
"a238c0000054IrLAAU","false","CLA-BD-0008732","","","","","","","","","a258c000004VBDTAA4","0.0","","Drywall & Metal Studs","","66.0","","","","","a235f000000ZYlyAAG","0.0","0.0","0.0","0.0"
"a238c0000054IrMAAU","false","CLA-BD-0008733","","","","","","","","","a258c000004VBDTAA4","0.0","","Acoustic Tile","","67.0","","","","","a235f000000ZYlzAAG","0.0","0.0","0.0","0.0"
"a238c0000054IrNAAU","false","CLA-BD-0008734","","","","","","","","","a258c000004VBDTAA4","0.0","","Painting","","68.0","","","","","a235f000000ZYm0AAG","0.0","0.0","0.0","0.0"
"a238c0000054IrOAAU","false","CLA-BD-0008735","","","","","","","","","a258c000004VBDTAA4","0.0","","Ceramic tile","","69.0","","","","","a235f000000ZYm1AAG","0.0","0.0","0.0","0.0"
"a238c0000054IrPAAU","false","CLA-BD-0008736","","","","","","","","","a258c000004VBDTAA4","0.0","","EIFS / Lath & Plaster","","70.0","","","","","a235f000000ZYm2AAG","0.0","0.0","0.0","0.0"
"a238c0000054IrQAAU","false","CLA-BD-0008737","","","","","","","","","a258c000004VBDTAA4","0.0","","Misc. S.S.","","71.0","","","","","a235f000000ZYm3AAG","0.0","0.0","0.0","0.0"
"a238c0000054IrRAAU","false","CLA-BD-0008738","","","","","","","","","a258c000004VBDTAA4","0.0","","Toilet accessories","","72.0","","","","","a235f000000ZYm4AAG","0.0","0.0","0.0","0.0"
"a238c0000054IrSAAU","false","CLA-BD-0008739","","","","","","","","","a258c000004VBDTAA4","0.0","","GC Installed Items","","73.0","","","","","a235f000000ZYm5AAG","0.0","0.0","0.0","0.0"
"a238c0000054IrTAAU","false","CLA-BD-0008740","","","","","","","","","a258c000004VBDTAA4","0.0","","H.V.A.C. System","","74.0","","","","","a235f000000ZYm6AAG","0.0","0.0","0.0","0.0"
"a238c0000054IrUAAU","false","CLA-BD-0008741","","","","","","","","","a258c000004VBDTAA4","0.0","","TABC - Air Balance (Required)","","75.0","","","","","a235f000000ZYm7AAG","0.0","0.0","0.0","0.0"
"a238c0000054IrVAAU","false","CLA-BD-0008742","","","","","","","","","a258c000004VBDTAA4","0.0","","Plumbing","","76.0","","","","","a235f000000ZYm8AAG","0.0","0.0","0.0","0.0"
"a238c0000054IrWAAU","false","CLA-BD-0008743","","","","","","","","","a258c000004VBDTAA4","0.0","","Fire Sprinkler (if required)","","77.0","","","","","a235f000000ZYm9AAG","0.0","0.0","0.0","0.0"
"a238c0000054IrXAAU","false","CLA-BD-0008744","","","","","","","","","a258c000004VBDTAA4","0.0","","Metal Fab","","78.0","","","","","a235f000000ZYmAAAW","0.0","0.0","0.0","0.0"
"a238c0000054IrYAAU","false","CLA-BD-0008745","","","","","","","","","a258c000004VBDTAA4","0.0","","Cedar brackets","","79.0","","","","","a235f000000ZYmBAAW","0.0","0.0","0.0","0.0"
"a238c0000054IrZAAU","false","CLA-BD-0008746","","","","","","","","","a258c000004VBDTAA4","0.0","","Termite Treat","","80.0","","","","","a235f000000ZYmCAAW","0.0","0.0","0.0","0.0"
"a238c0000054IraAAE","false","CLA-BD-0008747","","","","","","","","","a258c000004VBDTAA4","0.0","","Electrical Labor","","81.0","","","","","a235f000000ZYmDAAW","0.0","0.0","0.0","0.0"
"a238c0000054IrbAAE","false","CLA-BD-0008748","","","","","","","","","a258c000004VBDTAA4","0.0","","Electrical Material","","82.0","","","","","a235f000000ZYmEAAW","0.0","0.0","0.0","0.0"
"a238c0000054IrcAAE","false","CLA-BD-0008749","","","","","","","","","a258c000004VBDTAA4","0.0","","Power Management System","","83.0","","","","","a235f000000ZYmFAAW","0.0","0.0","0.0","0.0"
"a238c0000054IrdAAE","false","CLA-BD-0008750","","","","","","","","","a258c000004VBDTAA4","0.0","","F.R.P. and marlite","","86.0","","","","","a235f000000ZYmGAAW","0.0","0.0","0.0","0.0"
"a238c0000054IreAAE","false","CLA-BD-0008751","","","","","","","","","a258c000004VBDTAA4","0.0","","Gas to Property Line","","1.0","","","","","a235f000000ZYmHAAW","0.0","0.0","0.0","0.0"
"a238c0000054IrfAAE","false","CLA-BD-0008752","","","","","","","","","a258c000004VBDTAA4","0.0","","Water to Property line","","2.0","","","","","a235f000000ZYmIAAW","0.0","0.0","0.0","0.0"
"a238c0000054IrgAAE","false","CLA-BD-0008753","","","","","","","","","a258c000004VBDTAA4","0.0","","Sewer to Property Line","","3.0","","","","","a235f000000ZYmJAAW","0.0","0.0","0.0","0.0"
"a238c0000054IrhAAE","false","CLA-BD-0008754","","","","","","","","","a258c000004VBDTAA4","0.0","","New electric service","","4.0","","","","","a235f000000ZYmKAAW","0.0","0.0","0.0","0.0"
"a238c0000054IriAAE","false","CLA-BD-0008755","","","","","","","","","a258c000004VBDTAA4","0.0","","Power pole - new or relocate","","5.0","","","","","a235f000000ZYmLAAW","0.0","0.0","0.0","0.0"
"a238c0000054IrjAAE","false","CLA-BD-0008756","","","","","","","","","a258c000004VBDTAA4","0.0","","Street light - new or relocate","","6.0","","","","","a235f000000ZYmMAAW","0.0","0.0","0.0","0.0"
"a238c0000054IrkAAE","false","CLA-BD-0008757","","","","","","","","","a258c000004VBDTAA4","0.0","","Telephone Pole","","7.0","","","","","a235f000000ZYmNAAW","0.0","0.0","0.0","0.0"
"a238c0000054IrlAAE","false","CLA-BD-0008758","","","","","","","","","a258c000004VBDTAA4","0.0","","Off site fire hydrant","","8.0","","","","","a235f000000ZYmOAAW","0.0","0.0","0.0","0.0"
"a238c0000054IrmAAE","false","CLA-BD-0008759","","","","","","","","","a258c000004VBDTAA4","0.0","","Traffic signals - new or relocate","","9.0","","","","","a235f000000ZYmPAAW","0.0","0.0","0.0","0.0"
"a238c0000054IrnAAE","false","CLA-BD-0008760","","","","","","","","","a258c000004VBDTAA4","0.0","","Offsite Demolition","","10.0","","","","","a235f000000ZYmQAAW","0.0","0.0","0.0","0.0"
"a238c0000054IroAAE","false","CLA-BD-0008761","","","","","","","","","a258c000004VBDTAA4","0.0","","New Curb & Gutter","","11.0","","","","","a235f000000ZYmRAAW","0.0","0.0","0.0","0.0"
"a238c0000054IrpAAE","false","CLA-BD-0008762","","","","","","","","","a258c000004VBDTAA4","0.0","","New sidewalk","","12.0","","","","","a235f000000ZYmSAAW","0.0","0.0","0.0","0.0"
"a238c0000054IrqAAE","false","CLA-BD-0008763","","","","","","","","","a258c000004VBDTAA4","0.0","","New approaches","","13.0","","","","","a235f000000ZYmTAAW","0.0","0.0","0.0","0.0"
"a238c0000054IrrAAE","false","CLA-BD-0008764","","","","","","","","","a258c000004VBDTAA4","0.0","","Street paving and markings","","14.0","","","","","a235f000000ZYmUAAW","0.0","0.0","0.0","0.0"
"a238c0000054IrsAAE","false","CLA-BD-0008765","","","","","","","","","a258c000004VBDTAA4","0.0","","Temp sidewalk","","15.0","","","","","a235f000000ZYmVAAW","0.0","0.0","0.0","0.0"
"a238c0000054IrtAAE","false","CLA-BD-0008766","","","","","","","","","a258c000004VBDTAA4","0.0","","Storm Drain","","16.0","","","","","a235f000000ZYmWAAW","0.0","0.0","0.0","0.0"
"a238c0000054IruAAE","false","CLA-BD-0008767","","","","","","","","","a258c000004VBDTAA4","0.0","","Relocate Transformer","","17.0","","","","","a235f000000ZYmXAAW","0.0","0.0","0.0","0.0"
"a238c0000054IrvAAE","false","CLA-BD-0008768","","","","","","","","","a258c000004VBDTAA4","0.0","","Survey","","18.0","","","","","a235f000000ZYmYAAW","0.0","0.0","0.0","0.0"
"a238c0000054IrwAAE","false","CLA-BD-0008769","","","","","","","","","a258c000004VBDTAA4","0.0","","Soils","","20.0","","","","","a235f000000ZYmZAAW","0.0","0.0","0.0","0.0"
"a238c0000054IrxAAE","false","CLA-BD-0008770","","","","","","","","","a258c000004VBDTAA4","0.0","","Landscaping w/ Irrigation (Required)","","36.0","","","","","a235f000000ZYmaAAG","0.0","0.0","0.0","0.0"
"a238c0000054IryAAE","false","CLA-BD-0008771","","","","","","","","","a258c000004VBDTAA4","0.0","","Bollard w/ Covers","","37.0","","","","","a235f000000ZYmbAAG","0.0","0.0","0.0","0.0"
"a238c0000054IrzAAE","false","CLA-BD-0008772","","","","","","","","","a258c000004VBDTAA4","0.0","","Fire Sprinkler Service","","38.0","","","","","a235f000000ZYmcAAG","0.0","0.0","0.0","0.0"
"a238c0000054Is0AAE","false","CLA-BD-0008773","","","","","","","","","a258c000004VBDTAA4","0.0","","Erosion & Dust Control","","39.0","","","","","a235f000000ZYmdAAG","0.0","0.0","0.0","0.0"
"a238c0000054Is1AAE","false","CLA-BD-0008774","","","","","","","","","a258c000004VBDTAA4","0.0","","Fire Hydrant","","40.0","","","","","a235f000000ZYmeAAG","0.0","0.0","0.0","0.0"
"a238c0000054Is2AAE","false","CLA-BD-0008775","","","","","","","","","a258c000004VBDTAA4","0.0","","Dumpster Approach","","41.0","","","","","a235f000000ZYmfAAG","0.0","0.0","0.0","0.0"
"a238c0000054Is3AAE","false","CLA-BD-0008776","","","","","","","","","a258c000004VBDTAA4","0.0","","Wheel stops","","42.0","","","","","a235f000000ZYmgAAG","0.0","0.0","0.0","0.0"
"a238c0000054Is4AAE","false","CLA-BD-0008777","","","","","","","","","a258c000004VBDTAA4","0.0","","Preasure Washing","","43.0","","","","","a235f000000ZYmhAAG","0.0","0.0","0.0","0.0"
"a238c0000054Is5AAE","false","CLA-BD-0008778","","","","","","","","","a258c000004VBDTAA4","0.0","","Service Yard Conc/CMU","","44.0","","","","","a235f000000ZYmiAAG","0.0","0.0","0.0","0.0"
"a238c0000054Is6AAE","false","CLA-BD-0008779","","","","","","","","","a258c000004VBDTAA4","0.0","","Barricades/Signs","","45.0","","","","","a235f000000ZYmjAAG","0.0","0.0","0.0","0.0"
"a238c0000054Is7AAE","false","CLA-BD-0008780","","","","","","","","","a258c000004VBDTAA4","0.0","","Signage","","46.0","","","","","a235f000000ZYmkAAG","0.0","0.0","0.0","0.0"
"a238c0000054Is8AAE","false","CLA-BD-0008781","","","","","","","","","a258c000004VBDTAA4","0.0","","Misc.","","47.0","","","","","a235f000000ZYmlAAG","0.0","0.0","0.0","0.0"
"a238c0000054Is9AAE","false","CLA-BD-0008782","","","","","","","","","a258c000004VBDTAA4","0.0","","Building Demolition","","48.0","","","","","a235f000000ZYmmAAG","0.0","0.0","0.0","0.0"
"a238c0000054IsAAAU","false","CLA-BD-0008783","","","","","","","","","a258c000004VBDTAA4","0.0","","Building Concrete Material","","49.0","","","","","a235f000000ZYmnAAG","0.0","0.0","0.0","0.0"
"a238c0000054IsBAAU","false","CLA-BD-0008784","","","","","","","","","a258c000004VBDTAA4","0.0","","Building Concrete Labor","","50.0","","","","","a235f000000ZYmoAAG","0.0","0.0","0.0","0.0"
"a238c0000054IsCAAU","false","CLA-BD-0008785","","","","","","","","","a258c000004VBDTAA4","0.0","","Concrete Foundation( Include building slab)","","51.0","","","","","a235f000000ZYmpAAG","0.0","0.0","0.0","0.0"
"a238c0000054IsDAAU","false","CLA-BD-0008786","","","","","","","","","a258c000004VBDTAA4","0.0","","Masonry/Building","","52.0","","","","","a235f000000ZYmqAAG","0.0","0.0","0.0","0.0"
"a238c0000054IsEAAU","false","CLA-BD-0008787","","","","","","","","","a258c000004VBDTAA4","0.0","","Structural Steel","","53.0","","","","","a235f000000ZYmrAAG","0.0","0.0","0.0","0.0"
"a238c0000054IsFAAU","false","CLA-BD-0008788","","","","","","","","","a258c000004VBDTAA4","0.0","","Finish Lumber & Doors","","54.0","","","","","a235f000000ZYmsAAG","0.0","0.0","0.0","0.0"
"a238c0000054IsGAAU","false","CLA-BD-0008789","","","","","","","","","a258c000004VBDTAA4","0.0","","Metal Doors & Frames","","55.0","","","","","a235f000000ZYmtAAG","0.0","0.0","0.0","0.0"
"a238c0000054IsHAAU","false","CLA-BD-0008790","","","","","","","","","a258c000004VBDTAA4","0.0","","Wood Doors","","56.0","","","","","a235f000000ZYmuAAG","0.0","0.0","0.0","0.0"
"a238c0000054IsIAAU","false","CLA-BD-0008791","","","","","","","","","a258c000004VBDTAA4","0.0","","Finish Hardware","","57.0","","","","","a235f000000ZYmvAAG","0.0","0.0","0.0","0.0"
"a238c0000054IsJAAU","false","CLA-BD-0008792","","","","","","","","","a258c000004VBDTAA4","0.0","","Framing Labor","","58.0","","","","","a235f000000ZYmwAAG","0.0","0.0","0.0","0.0"
"a238c0000054IsKAAU","false","CLA-BD-0008793","","","","","","","","","a258c000004VBDTAA4","0.0","","Misc.","","92.0","","","","","a235f000000ZYmxAAG","0.0","0.0","0.0","0.0"
"a238c0000054IsLAAU","false","CLA-BD-0008794","","","","","","","","","a258c000004VBDTAA4","0.0","","Grade fill / cut","","21.0","","","","","a235f000000ZYmyAAG","0.0","0.0","0.0","0.0"
"a238c0000054IsMAAU","false","CLA-BD-0008795","","","","","","","","","a258c000004VBDTAA4","0.0","","Site Demolition","","22.0","","","","","a235f000000ZYmzAAG","0.0","0.0","0.0","0.0"
"a238c0000054IsNAAU","false","CLA-BD-0008796","","","","","","","","","a258c000004VBDTAA4","0.0","","Retaining wall","","23.0","","","","","a235f000000ZYn0AAG","0.0","0.0","0.0","0.0"
"a238c0000054IsOAAU","false","CLA-BD-0008797","","","","","","","","","a258c000004VBDTAA4","0.0","","Trash Enclosure","","24.0","","","","","a235f000000ZYn1AAG","0.0","0.0","0.0","0.0"
"a238c0000054IsPAAU","false","CLA-BD-0008798","","","","","","","","","a258c000004VBDTAA4","0.0","","Concrete slabs/curbs (do not include in building slab)","","25.0","","","","","a235f000000ZYn2AAG","0.0","0.0","0.0","0.0"
"a238c0000054IsQAAU","false","CLA-BD-0008799","","","","","","","","","a258c000004VBDTAA4","0.0","","Storm Drain","","26.0","","","","","a235f000000ZYn3AAG","0.0","0.0","0.0","0.0"
"a238c0000054IsRAAU","false","CLA-BD-0008800","","","","","","","","","a258c000004VBDTAA4","0.0","","Concrete Sidewalks","","27.0","","","","","a235f000000ZYn4AAG","0.0","0.0","0.0","0.0"
"a238c0000054IsSAAU","false","CLA-BD-0008801","","","","","","","","","a258c000004VBDTAA4","0.0","","Concrete light bases","","28.0","","","","","a235f000000ZYn5AAG","0.0","0.0","0.0","0.0"
"a238c0000054IsTAAU","false","CLA-BD-0008802","","","","","","","","","a258c000004VBDTAA4","0.0","","Electrical site work/labor","","29.0","","","","","a235f000000ZYn6AAG","0.0","0.0","0.0","0.0"
"a238c0000054IsUAAU","false","CLA-BD-0008803","","","","","","","","","a258c000004VBDTAA4","0.0","","Site Lighting Material","","30.0","","","","","a235f000000ZYn7AAG","0.0","0.0","0.0","0.0"
"a238c0000054IsVAAU","false","CLA-BD-0008804","","","","","","","","","a258c000004VBDTAA4","0.0","","Monument sign base construction Lang to verify if applicable","","31.0","","","","","a235f000000ZYn8AAG","0.0","0.0","0.0","0.0"
"a238c0000054IsWAAU","false","CLA-BD-0008805","","","","","","","","","a258c000004VBDTAA4","0.0","","Plumbing sit work","","32.0","","","","","a235f000000ZYn9AAG","0.0","0.0","0.0","0.0"
"a238c0000054IsXAAU","false","CLA-BD-0008806","","","","","","","","","a258c000004VBDTAA4","0.0","","Telephone Underground","","33.0","","","","","a235f000000ZYnAAAW","0.0","0.0","0.0","0.0"
"a238c0000054IsYAAU","false","CLA-BD-0008807","","","","","","","","","a258c000004VBDTAA4","0.0","","Concrete paving","","34.0","","","","","a235f000000ZYnBAAW","0.0","0.0","0.0","0.0"
"a238c0000054IsZAAU","false","CLA-BD-0008808","","","","","","","","","a258c000004VBDTAA4","0.0","","Asphalt paving & striping","","35.0","","","","","a235f000000ZYnCAAW","0.0","0.0","0.0","0.0"
"a238c0000054IsaAAE","false","CLA-BD-0008809","","","","","","","","","a258c000004VBDUAA4","0.0","","Landscaping","","3.0","","","","","a235f000000ZYnDAAW","0.0","0.0","","0.0"
"a238c0000054IsbAAE","false","CLA-BD-0008810","","","","","","","","","a258c000004VBDUAA4","0.0","","Bituminous Damproofing","","11.0","","","","","a235f000000ZYnEAAW","0.0","0.0","","0.0"
"a238c0000054IscAAE","false","CLA-BD-0008811","","","","","","","","","a258c000004VBDUAA4","0.0","","Linear Metal Ceilings","","19.0","","","","","a235f000000ZYnFAAW","0.0","0.0","","0.0"
"a238c0000054IsdAAE","false","CLA-BD-0008812","","","","","","","","","a258c000004VBDUAA4","0.0","","Hydraulic Elevators","","24.0","","","","","a235f000000ZYnGAAW","0.0","0.0","","0.0"
"a238c0000054IseAAE","false","CLA-BD-0008813","","","","","","","","","a258c000004VBDUAA4","0.0","","Glass/Glazing","","15.0","","","","","a235f000000ZYnHAAW","0.0","0.0","","0.0"
"a238c0000054IsfAAE","false","CLA-BD-0008814","","","","","","","","","a258c000004VBDUAA4","0.0","","General Conditions","","29.0","","","","","a235f000000ZYnIAAW","0.0","0.0","","0.0"
"a238c0000054IsgAAE","false","CLA-BD-0008815","","","","","","","","","a258c000004VBDUAA4","0.0","","S & C Bond","","30.0","","","","","a235f000000ZYnJAAW","0.0","0.0","","0.0"
"a238c0000054IshAAE","false","CLA-BD-0008816","","","","","","","","","a258c000004VBDUAA4","0.0","","Rough Carpentry","","9.0","","","","","a235f000000ZYnKAAW","0.0","0.0","","0.0"
"a238c0000054IsiAAE","false","CLA-BD-0008817","","","","","","","","","a258c000004VBDUAA4","0.0","","Finish Carpentry/Millwork","","10.0","","","","","a235f000000ZYnLAAW","0.0","0.0","","0.0"
"a238c0000054IsjAAE","false","CLA-BD-0008818","","","","","","","","","a258c000004VBDUAA4","0.0","","HVAC","","27.0","","","","","a235f000000ZYnMAAW","0.0","0.0","","0.0"
"a238c0000054IskAAE","false","CLA-BD-0008819","","","","","","","","","a258c000004VBDUAA4","0.0","","Acoustical Ceilings","","18.0","","","","","a235f000000ZYnNAAW","0.0","0.0","","0.0"
"a238c0000054IslAAE","false","CLA-BD-0008820","","","","","","","","","a258c000004VBDUAA4","0.0","","Structural Steel","","8.0","","","","","a235f000000ZYnOAAW","0.0","0.0","","0.0"
"a238c0000054IsmAAE","false","CLA-BD-0008821","","","","","","","","","a258c000004VBDUAA4","0.0","","Plumbing","","25.0","","","","","a235f000000ZYnPAAW","0.0","0.0","","0.0"
"a238c0000054IsnAAE","false","CLA-BD-0008822","","","","","","","","","a258c000004VBDUAA4","0.0","","Fabric Awnings","","23.0","","","","","a235f000000ZYnQAAW","0.0","0.0","","0.0"
"a238c0000054IsoAAE","false","CLA-BD-0008823","","","","","","","","","a258c000004VBDUAA4","0.0","","Doors/Frames/Hardware","","14.0","","","","","a235f000000ZYnRAAW","0.0","0.0","","0.0"
"a238c0000054IspAAE","false","CLA-BD-0008824","","","","","","","","","a258c000004VBDUAA4","0.0","","Unit Masonry","","7.0","","","","","a235f000000ZYnSAAW","0.0","0.0","","0.0"
"a238c0000054IsqAAE","false","CLA-BD-0008825","","","","","","","","","a258c000004VBDUAA4","0.0","","Termite Control","","2.0","","","","","a235f000000ZYnTAAW","0.0","0.0","","0.0"
"a238c0000054IsrAAE","false","CLA-BD-0008826","","","","","","","","","a258c000004VBDUAA4","0.0","","Fire Protection","","26.0","","","","","a235f000000ZYnUAAW","0.0","0.0","","0.0"
"a238c0000054IssAAE","false","CLA-BD-0008827","","","","","","","","","a258c000004VBDUAA4","0.0","","Joint Sealers","","13.0","","","","","a235f000000ZYnVAAW","0.0","0.0","","0.0"
"a238c0000054IstAAE","false","CLA-BD-0008828","","","","","","","","","a258c000004VBDUAA4","0.0","","Resilient and Carpet Flooring","","20.0","","","","","a235f000000ZYnWAAW","0.0","0.0","","0.0"
"a238c0000054IsuAAE","false","CLA-BD-0008829","","","","","","","","","a258c000004VBDUAA4","0.0","","Building Excavator","","4.0","","","","","a235f000000ZYnXAAW","0.0","0.0","","0.0"
"a238c0000054IsvAAE","false","CLA-BD-0008830","","","","","","","","","a258c000004VBDUAA4","0.0","","Painting","","21.0","","","","","a235f000000ZYnYAAW","0.0","0.0","","0.0"
"a238c0000054IswAAE","false","CLA-BD-0008831","","","","","","","","","a258c000004VBDUAA4","0.0","","Sitework","","1.0","","","","","a235f000000ZYnZAAW","0.0","0.0","","0.0"
"a238c0000054IsxAAE","false","CLA-BD-0008832","","","","","","","","","a258c000004VBDUAA4","0.0","","Misc. Specialities","","22.0","","","","","a235f000000ZYnaAAG","0.0","0.0","","0.0"
"a238c0000054IsyAAE","false","CLA-BD-0008833","","","","","","","","","a258c000004VBDUAA4","0.0","","Electrical","","28.0","","","","","a235f000000ZYnbAAG","0.0","0.0","","0.0"
"a238c0000054IszAAE","false","CLA-BD-0008834","","","","","","","","","a258c000004VBDUAA4","0.0","","Ceramic Tile","","17.0","","","","","a235f000000ZYncAAG","0.0","0.0","","0.0"
"a238c0000054It0AAE","false","CLA-BD-0008835","","","","","","","","","a258c000004VBDUAA4","0.0","","Cast in Place Concrete","","5.0","","","","","a235f000000ZYndAAG","0.0","0.0","","0.0"
"a238c0000054It1AAE","false","CLA-BD-0008836","","","","","","","","","a258c000004VBDUAA4","0.0","","Roofing &Sheetmetal Flashing","","12.0","","","","","a235f000000ZYneAAG","0.0","0.0","","0.0"
"a238c0000054It2AAE","false","CLA-BD-0008837","","","","","","","","","a258c000004VBDUAA4","0.0","","Studs/Drywall/EIFS","","16.0","","","","","a235f000000ZYnfAAG","0.0","0.0","","0.0"
"a238c0000054It3AAE","false","CLA-BD-0008838","","","","","","","","","a258c000004VBDUAA4","0.0","","Tilt-Up Precast Concrete","","6.0","","","","","a235f000000ZYngAAG","0.0","0.0","","0.0"
"a238c0000054It4AAE","false","CLA-BD-0008839","","","","","","","","","a258c000004VBDUAA4","0.0","","Change Orders","","36.0","","","","","a235f000000ZYnhAAG","0.0","0.0","","0.0"
"a238c0000054It5AAE","false","CLA-BD-0008840","","","","","","","","","a258c000004VBDUAA4","0.0","","Allowance - Precast Concrete Pane","","35.0","","","","","a235f000000ZYniAAG","0.0","0.0","","0.0"
"a238c0000054It6AAE","false","CLA-BD-0008841","","","","","","","","","a258c000004VBDUAA4","0.0","","Allowance - Drywall Support/Finishing","","34.0","","","","","a235f000000ZYnjAAG","0.0","0.0","","0.0"
"a238c0000054It7AAE","false","CLA-BD-0008842","","","","","","","","","a258c000004VBDUAA4","0.0","","Fee","","31.0","","","","","a235f000000ZYnkAAG","0.0","0.0","","0.0"
"a238c0000054It8AAE","false","CLA-BD-0008843","","","","","","","","","a258c000004VBDUAA4","0.0","","Allowance - Add'l Steel Support","","33.0","","","","","a235f000000ZYnlAAG","0.0","0.0","","0.0"
"a238c0000054It9AAE","false","CLA-BD-0008844","","","","","","","","","a258c000004VBDUAA4","0.0","","Allowance - Mis Paving Earthwork","","32.0","","","","","a235f000000ZYnmAAG","0.0","0.0","","0.0"
"a238c0000054ItAAAU","false","CLA-BD-0008845","","","","","","","","","a258c000004VBDVAA4","0.0","","Exterior Glass (7xS450)","","21.0","","","","","a235f000000ZYnnAAG","0.0","0.0","","0.0"
"a238c0000054ItBAAU","false","CLA-BD-0008846","","","","","","","","","a258c000004VBDVAA4","0.0","","General Conditions","","22.0","","","","","a235f000000ZYnoAAG","0.0","0.0","","0.0"
"a238c0000054ItCAAU","false","CLA-BD-0008847","","","","","","","","","a258c000004VBDVAA4","0.0","","O&P","","23.0","","","","","a235f000000ZYnpAAG","0.0","0.0","","0.0"
"a238c0000054ItDAAU","false","CLA-BD-0008848","","","","","","","","","a258c000004VBDVAA4","0.0","","Insurance","","24.0","","","","","a235f000000ZYnqAAG","0.0","0.0","","0.0"
"a238c0000054ItEAAU","false","CLA-BD-0008849","","","","","","","","","a258c000004VBDVAA4","0.0","","Millwork","","14.0","","","","","a235f000000ZYnrAAG","0.0","0.0","","0.0"
"a238c0000054ItFAAU","false","CLA-BD-0008850","","","","","","","","","a258c000004VBDVAA4","0.0","","Structural ( Entry Feature)","","15.0","","","","","a235f000000ZYnsAAG","0.0","0.0","","0.0"
"a238c0000054ItGAAU","false","CLA-BD-0008851","","","","","","","","","a258c000004VBDVAA4","0.0","","Concrete Fill In Plumbing Trenches","","16.0","","","","","a235f000000ZYntAAG","0.0","0.0","","0.0"
"a238c0000054ItHAAU","false","CLA-BD-0008852","","","","","","","","","a258c000004VBDVAA4","0.0","","Site Stripping (ADA)","","17.0","","","","","a235f000000ZYnuAAG","0.0","0.0","","0.0"
"a238c0000054ItIAAU","false","CLA-BD-0008853","","","","","","","","","a258c000004VBDVAA4","0.0","","Roof Structure (Trusses, Sheeting, Labor)","","18.0","","","","","a235f000000ZYnvAAG","0.0","0.0","","0.0"
"a238c0000054ItJAAU","false","CLA-BD-0008854","","","","","","","","","a258c000004VBDVAA4","0.0","","Roofing","","19.0","","","","","a235f000000ZYnwAAG","0.0","0.0","","0.0"
"a238c0000054ItKAAU","false","CLA-BD-0008855","","","","","","","","","a258c000004VBDVAA4","0.0","","Lights - LED","","20.0","","","","","a235f000000ZYnxAAG","0.0","0.0","","0.0"
"a238c0000054ItLAAU","false","CLA-BD-0008856","","","","","","","","","a258c000004VBDVAA4","0.0","","Electrical and Low Voltage","","1.0","","","","","a235f000000ZYnyAAG","0.0","0.0","","0.0"
"a238c0000054ItMAAU","false","CLA-BD-0008857","","","","","","","","","a258c000004VBDVAA4","0.0","","Mechanical","","2.0","","","","","a235f000000ZYnzAAG","0.0","0.0","","0.0"
"a238c0000054ItNAAU","false","CLA-BD-0008858","","","","","","","","","a258c000004VBDVAA4","0.0","","Plumbing","","3.0","","","","","a235f000000ZYo0AAG","0.0","0.0","","0.0"
"a238c0000054ItOAAU","false","CLA-BD-0008859","","","","","","","","","a258c000004VBDVAA4","0.0","","Painting (Interior and Exterior)","","4.0","","","","","a235f000000ZYo1AAG","0.0","0.0","","0.0"
"a238c0000054ItPAAU","false","CLA-BD-0008860","","","","","","","","","a258c000004VBDVAA4","0.0","","Flooring","","5.0","","","","","a235f000000ZYo2AAG","0.0","0.0","","0.0"
"a238c0000054ItQAAU","false","CLA-BD-0008861","","","","","","","","","a258c000004VBDVAA4","0.0","","Ceiling","","6.0","","","","","a235f000000ZYo3AAG","0.0","0.0","","0.0"
"a238c0000054ItRAAU","false","CLA-BD-0008862","","","","","","","","","a258c000004VBDVAA4","0.0","","Drywall and Framing","","7.0","","","","","a235f000000ZYo4AAG","0.0","0.0","","0.0"
"a238c0000054ItSAAU","false","CLA-BD-0008863","","","","","","","","","a258c000004VBDVAA4","0.0","","Doors & Hardware (SC w/ Metal Frame)","","8.0","","","","","a235f000000ZYo5AAG","0.0","0.0","","0.0"
"a238c0000054ItTAAU","false","CLA-BD-0008864","","","","","","","","","a258c000004VBDVAA4","0.0","","Demo","","9.0","","","","","a235f000000ZYo6AAG","0.0","0.0","","0.0"
"a238c0000054ItUAAU","false","CLA-BD-0008865","","","","","","","","","a258c000004VBDVAA4","0.0","","CMU - Stucco","","11.0","","","","","a235f000000ZYo7AAG","0.0","0.0","","0.0"
"a238c0000054ItVAAU","false","CLA-BD-0008866","","","","","","","","","a258c000004VBDWAA4","0.0","","Cabinets / Millwork","","88.0","","","","","a235f000000ZYo8AAG","0.0","0.0","","0.0"
"a238c0000054ItWAAU","false","CLA-BD-0008867","","","","","","","","","a258c000004VBDWAA4","0.0","","Flooring (Rubber Floor/Silica/ Res-Tek)","","90.0","","","","","a235f000000ZYo9AAG","0.0","0.0","","0.0"
"a238c0000054ItXAAU","false","CLA-BD-0008868","","","","","","","","","a258c000004VBDWAA4","0.0","","Lighting Fixtures","","85.0","","","","","a235f000000ZYoAAAW","0.0","0.0","","0.0"
"a238c0000054ItYAAU","false","CLA-BD-0008869","","","","","","","","","a258c000004VBDWAA4","0.0","","Corporate Decor Package Installation","","93.0","","","","","a235f000000ZYoBAAW","0.0","0.0","","0.0"
"a238c0000054ItZAAU","false","CLA-BD-0008870","","","","","","","","","a258c000004VBDWAA4","0.0","","100 ft secondary service","","84.0","","","","","a235f000000ZYoCAAW","0.0","0.0","","0.0"
"a238c0000054ItaAAE","false","CLA-BD-0008871","","","","","","","","","a258c000004VBDWAA4","0.0","","Fire Extinguishers","","87.0","","","","","a235f000000ZYoDAAW","0.0","0.0","","0.0"
"a238c0000054ItbAAE","false","CLA-BD-0008872","","","","","","","","","a258c000004VBDWAA4","0.0","","Caulking","","91.0","","","","","a235f000000ZYoEAAW","0.0","0.0","","0.0"
"a238c0000054ItcAAE","false","CLA-BD-0008873","","","","","","","","","a258c000004VBDWAA4","0.0","","Toilet Partitions","","89.0","","","","","a235f000000ZYoFAAW","0.0","0.0","","0.0"
"a238c0000054ItdAAE","false","CLA-BD-0008874","","","","","","","","","a258c000004VBDWAA4","0.0","","Roofing","","59.0","","","","","a235f000000ZYoGAAW","0.0","0.0","","0.0"
"a238c0000054IteAAE","false","CLA-BD-0008875","","","","","","","","","a258c000004VBDWAA4","0.0","","Finish Carpentry Labor","","60.0","","","","","a235f000000ZYoHAAW","0.0","0.0","","0.0"
"a238c0000054ItfAAE","false","CLA-BD-0008876","","","","","","","","","a258c000004VBDWAA4","0.0","","Rough Carpentry Labor","","61.0","","","","","a235f000000ZYoIAAW","0.0","0.0","","0.0"
"a238c0000054ItgAAE","false","CLA-BD-0008877","","","","","","","","","a258c000004VBDWAA4","0.0","","Rough Carpentry Material","","62.0","","","","","a235f000000ZYoJAAW","0.0","0.0","","0.0"
"a238c0000054IthAAE","false","CLA-BD-0008878","","","","","","","","","a258c000004VBDWAA4","0.0","","Sheet Metal","","63.0","","","","","a235f000000ZYoKAAW","0.0","0.0","","0.0"
"a238c0000054ItiAAE","false","CLA-BD-0008879","","","","","","","","","a258c000004VBDWAA4","0.0","","Insulation","","64.0","","","","","a235f000000ZYoLAAW","0.0","0.0","","0.0"
"a238c0000054ItjAAE","false","CLA-BD-0008880","","","","","","","","","a258c000004VBDWAA4","0.0","","Glass & Glazing","","65.0","","","","","a235f000000ZYoMAAW","0.0","0.0","","0.0"
"a238c0000054ItkAAE","false","CLA-BD-0008881","","","","","","","","","a258c000004VBDWAA4","0.0","","Drywall & Metal Studs","","66.0","","","","","a235f000000ZYoNAAW","0.0","0.0","","0.0"
"a238c0000054ItlAAE","false","CLA-BD-0008882","","","","","","","","","a258c000004VBDWAA4","0.0","","Acoustic Tile","","67.0","","","","","a235f000000ZYoOAAW","0.0","0.0","","0.0"
"a238c0000054ItmAAE","false","CLA-BD-0008883","","","","","","","","","a258c000004VBDWAA4","0.0","","Painting","","68.0","","","","","a235f000000ZYoPAAW","0.0","0.0","","0.0"
"a238c0000054ItnAAE","false","CLA-BD-0008884","","","","","","","","","a258c000004VBDWAA4","0.0","","Ceramic tile","","69.0","","","","","a235f000000ZYoQAAW","0.0","0.0","","0.0"
"a238c0000054ItoAAE","false","CLA-BD-0008885","","","","","","","","","a258c000004VBDWAA4","0.0","","EIFS / Lath & Plaster","","70.0","","","","","a235f000000ZYoRAAW","0.0","0.0","","0.0"
"a238c0000054ItpAAE","false","CLA-BD-0008886","","","","","","","","","a258c000004VBDWAA4","0.0","","Misc. S.S.","","71.0","","","","","a235f000000ZYoSAAW","0.0","0.0","","0.0"
"a238c0000054ItqAAE","false","CLA-BD-0008887","","","","","","","","","a258c000004VBDWAA4","0.0","","Toilet accessories","","72.0","","","","","a235f000000ZYoTAAW","0.0","0.0","","0.0"
"a238c0000054ItrAAE","false","CLA-BD-0008888","","","","","","","","","a258c000004VBDWAA4","0.0","","GC Installed Items","","73.0","","","","","a235f000000ZYoUAAW","0.0","0.0","","0.0"
"a238c0000054ItsAAE","false","CLA-BD-0008889","","","","","","","","","a258c000004VBDWAA4","0.0","","H.V.A.C. System","","74.0","","","","","a235f000000ZYoVAAW","0.0","0.0","","0.0"
"a238c0000054IttAAE","false","CLA-BD-0008890","","","","","","","","","a258c000004VBDWAA4","0.0","","TABC - Air Balance (Required)","","75.0","","","","","a235f000000ZYoWAAW","0.0","0.0","","0.0"
"a238c0000054ItuAAE","false","CLA-BD-0008891","","","","","","","","","a258c000004VBDWAA4","0.0","","Plumbing","","76.0","","","","","a235f000000ZYoXAAW","0.0","0.0","","0.0"
"a238c0000054ItvAAE","false","CLA-BD-0008892","","","","","","","","","a258c000004VBDWAA4","0.0","","Fire Sprinkler (if required)","","77.0","","","","","a235f000000ZYoYAAW","0.0","0.0","","0.0"
"a238c0000054ItwAAE","false","CLA-BD-0008893","","","","","","","","","a258c000004VBDWAA4","0.0","","Metal Fab","","78.0","","","","","a235f000000ZYoZAAW","0.0","0.0","","0.0"
"a238c0000054ItxAAE","false","CLA-BD-0008894","","","","","","","","","a258c000004VBDWAA4","0.0","","Cedar brackets","","79.0","","","","","a235f000000ZYoaAAG","0.0","0.0","","0.0"
"a238c0000054ItyAAE","false","CLA-BD-0008895","","","","","","","","","a258c000004VBDWAA4","0.0","","Termite Treat","","80.0","","","","","a235f000000ZYobAAG","0.0","0.0","","0.0"
"a238c0000054ItzAAE","false","CLA-BD-0008896","","","","","","","","","a258c000004VBDWAA4","0.0","","Electrical Labor","","81.0","","","","","a235f000000ZYocAAG","0.0","0.0","","0.0"
"a238c0000054Iu0AAE","false","CLA-BD-0008897","","","","","","","","","a258c000004VBDWAA4","0.0","","Electrical Material","","82.0","","","","","a235f000000ZYodAAG","0.0","0.0","","0.0"
"a238c0000054Iu1AAE","false","CLA-BD-0008898","","","","","","","","","a258c000004VBDWAA4","0.0","","Power Management System","","83.0","","","","","a235f000000ZYoeAAG","0.0","0.0","","0.0"
"a238c0000054Iu2AAE","false","CLA-BD-0008899","","","","","","","","","a258c000004VBDWAA4","0.0","","F.R.P. and marlite","","86.0","","","","","a235f000000ZYofAAG","0.0","0.0","","0.0"
"a238c0000054Iu3AAE","false","CLA-BD-0008900","","","","","","","","","a258c000004VBDWAA4","0.0","","Gas to Property Line","","1.0","","","","","a235f000000ZYogAAG","0.0","0.0","","0.0"
"a238c0000054Iu4AAE","false","CLA-BD-0008901","","","","","","","","","a258c000004VBDWAA4","0.0","","Water to Property line","","2.0","","","","","a235f000000ZYohAAG","0.0","0.0","","0.0"
"a238c0000054Iu5AAE","false","CLA-BD-0008902","","","","","","","","","a258c000004VBDWAA4","0.0","","Sewer to Property Line","","3.0","","","","","a235f000000ZYoiAAG","0.0","0.0","","0.0"
"a238c0000054Iu6AAE","false","CLA-BD-0008903","","","","","","","","","a258c000004VBDWAA4","0.0","","New electric service","","4.0","","","","","a235f000000ZYojAAG","0.0","0.0","","0.0"
"a238c0000054Iu7AAE","false","CLA-BD-0008904","","","","","","","","","a258c000004VBDWAA4","0.0","","Power pole - new or relocate","","5.0","","","","","a235f000000ZYokAAG","0.0","0.0","","0.0"
"a238c0000054Iu8AAE","false","CLA-BD-0008905","","","","","","","","","a258c000004VBDWAA4","0.0","","Street light - new or relocate","","6.0","","","","","a235f000000ZYolAAG","0.0","0.0","","0.0"
"a238c0000054Iu9AAE","false","CLA-BD-0008906","","","","","","","","","a258c000004VBDWAA4","0.0","","Telephone Pole","","7.0","","","","","a235f000000ZYomAAG","0.0","0.0","","0.0"
"a238c0000054IuAAAU","false","CLA-BD-0008907","","","","","","","","","a258c000004VBDWAA4","0.0","","Off site fire hydrant","","8.0","","","","","a235f000000ZYonAAG","0.0","0.0","","0.0"
"a238c0000054IuBAAU","false","CLA-BD-0008908","","","","","","","","","a258c000004VBDWAA4","0.0","","Traffic signals - new or relocate","","9.0","","","","","a235f000000ZYooAAG","0.0","0.0","","0.0"
"a238c0000054IuCAAU","false","CLA-BD-0008909","","","","","","","","","a258c000004VBDWAA4","0.0","","Offsite Demolition","","10.0","","","","","a235f000000ZYopAAG","0.0","0.0","","0.0"
"a238c0000054IuDAAU","false","CLA-BD-0008910","","","","","","","","","a258c000004VBDWAA4","0.0","","New Curb & Gutter","","11.0","","","","","a235f000000ZYoqAAG","0.0","0.0","","0.0"
"a238c0000054IuEAAU","false","CLA-BD-0008911","","","","","","","","","a258c000004VBDWAA4","0.0","","New sidewalk","","12.0","","","","","a235f000000ZYorAAG","0.0","0.0","","0.0"
"a238c0000054IuFAAU","false","CLA-BD-0008912","","","","","","","","","a258c000004VBDWAA4","0.0","","New approaches","","13.0","","","","","a235f000000ZYosAAG","0.0","0.0","","0.0"
"a238c0000054IuGAAU","false","CLA-BD-0008913","","","","","","","","","a258c000004VBDWAA4","0.0","","Street paving and markings","","14.0","","","","","a235f000000ZYotAAG","0.0","0.0","","0.0"
"a238c0000054IuHAAU","false","CLA-BD-0008914","","","","","","","","","a258c000004VBDWAA4","0.0","","Temp sidewalk","","15.0","","","","","a235f000000ZYouAAG","0.0","0.0","","0.0"
"a238c0000054IuIAAU","false","CLA-BD-0008915","","","","","","","","","a258c000004VBDWAA4","0.0","","Storm Drain","","16.0","","","","","a235f000000ZYovAAG","0.0","0.0","","0.0"
"a238c0000054IuJAAU","false","CLA-BD-0008916","","","","","","","","","a258c000004VBDWAA4","0.0","","Relocate Transformer","","17.0","","","","","a235f000000ZYowAAG","0.0","0.0","","0.0"
"a238c0000054IuKAAU","false","CLA-BD-0008917","","","","","","","","","a258c000004VBDWAA4","0.0","","Survey","","18.0","","","","","a235f000000ZYoxAAG","0.0","0.0","","0.0"
"a238c0000054IuLAAU","false","CLA-BD-0008918","","","","","","","","","a258c000004VBDWAA4","0.0","","Soils","","20.0","","","","","a235f000000ZYoyAAG","0.0","0.0","","0.0"
"a238c0000054IuMAAU","false","CLA-BD-0008919","","","","","","","","","a258c000004VBDWAA4","0.0","","Grade fill / cut","","21.0","","","","","a235f000000ZYozAAG","0.0","0.0","","0.0"
"a238c0000054IuNAAU","false","CLA-BD-0008920","","","","","","","","","a258c000004VBDWAA4","0.0","","Site Demolition","","22.0","","","","","a235f000000ZYp0AAG","0.0","0.0","","0.0"
"a238c0000054IuOAAU","false","CLA-BD-0008921","","","","","","","","","a258c000004VBDWAA4","0.0","","Retaining wall","","23.0","","","","","a235f000000ZYp1AAG","0.0","0.0","","0.0"
"a238c0000054IuPAAU","false","CLA-BD-0008922","","","","","","","","","a258c000004VBDWAA4","0.0","","Trash Enclosure","","24.0","","","","","a235f000000ZYp2AAG","0.0","0.0","","0.0"
"a238c0000054IuQAAU","false","CLA-BD-0008923","","","","","","","","","a258c000004VBDWAA4","0.0","","Concrete slabs/curbs (do not include in building slab)","","25.0","","","","","a235f000000ZYp3AAG","0.0","0.0","","0.0"
"a238c0000054IuRAAU","false","CLA-BD-0008924","","","","","","","","","a258c000004VBDWAA4","0.0","","Storm Drain","","26.0","","","","","a235f000000ZYp4AAG","0.0","0.0","","0.0"
"a238c0000054IuSAAU","false","CLA-BD-0008925","","","","","","","","","a258c000004VBDWAA4","0.0","","Concrete Sidewalks","","27.0","","","","","a235f000000ZYp5AAG","0.0","0.0","","0.0"
"a238c0000054IuTAAU","false","CLA-BD-0008926","","","","","","","","","a258c000004VBDWAA4","0.0","","Concrete light bases","","28.0","","","","","a235f000000ZYp6AAG","0.0","0.0","","0.0"
"a238c0000054IuUAAU","false","CLA-BD-0008927","","","","","","","","","a258c000004VBDWAA4","0.0","","Electrical site work/labor","","29.0","","","","","a235f000000ZYp7AAG","0.0","0.0","","0.0"
"a238c0000054IuVAAU","false","CLA-BD-0008928","","","","","","","","","a258c000004VBDWAA4","0.0","","Site Lighting Material","","30.0","","","","","a235f000000ZYp8AAG","0.0","0.0","","0.0"
"a238c0000054IuWAAU","false","CLA-BD-0008929","","","","","","","","","a258c000004VBDWAA4","0.0","","Monument sign base construction Lang to verify if applicable","","31.0","","","","","a235f000000ZYp9AAG","0.0","0.0","","0.0"
"a238c0000054IuXAAU","false","CLA-BD-0008930","","","","","","","","","a258c000004VBDWAA4","0.0","","Plumbing sit work","","32.0","","","","","a235f000000ZYpAAAW","0.0","0.0","","0.0"
"a238c0000054IuYAAU","false","CLA-BD-0008931","","","","","","","","","a258c000004VBDWAA4","0.0","","Telephone Underground","","33.0","","","","","a235f000000ZYpBAAW","0.0","0.0","","0.0"
"a238c0000054IuZAAU","false","CLA-BD-0008932","","","","","","","","","a258c000004VBDWAA4","0.0","","Concrete paving","","34.0","","","","","a235f000000ZYpCAAW","0.0","0.0","","0.0"
"a238c0000054IuaAAE","false","CLA-BD-0008933","","","","","","","","","a258c000004VBDWAA4","0.0","","Asphalt paving & striping","","35.0","","","","","a235f000000ZYpDAAW","0.0","0.0","","0.0"
"a238c0000054IubAAE","false","CLA-BD-0008934","","","","","","","","","a258c000004VBDWAA4","0.0","","Landscaping w/ Irrigation (Required)","","36.0","","","","","a235f000000ZYpEAAW","0.0","0.0","","0.0"
"a238c0000054IucAAE","false","CLA-BD-0008935","","","","","","","","","a258c000004VBDWAA4","0.0","","Bollard w/ Covers","","37.0","","","","","a235f000000ZYpFAAW","0.0","0.0","","0.0"
"a238c0000054IudAAE","false","CLA-BD-0008936","","","","","","","","","a258c000004VBDWAA4","0.0","","Fire Sprinkler Service","","38.0","","","","","a235f000000ZYpGAAW","0.0","0.0","","0.0"
"a238c0000054IueAAE","false","CLA-BD-0008937","","","","","","","","","a258c000004VBDWAA4","0.0","","Erosion & Dust Control","","39.0","","","","","a235f000000ZYpHAAW","0.0","0.0","","0.0"
"a238c0000054IufAAE","false","CLA-BD-0008938","","","","","","","","","a258c000004VBDWAA4","0.0","","Fire Hydrant","","40.0","","","","","a235f000000ZYpIAAW","0.0","0.0","","0.0"
"a238c0000054IugAAE","false","CLA-BD-0008939","","","","","","","","","a258c000004VBDWAA4","0.0","","Dumpster Approach","","41.0","","","","","a235f000000ZYpJAAW","0.0","0.0","","0.0"
"a238c0000054IuhAAE","false","CLA-BD-0008940","","","","","","","","","a258c000004VBDWAA4","0.0","","Wheel stops","","42.0","","","","","a235f000000ZYpKAAW","0.0","0.0","","0.0"
"a238c0000054IuiAAE","false","CLA-BD-0008941","","","","","","","","","a258c000004VBDWAA4","0.0","","Preasure Washing","","43.0","","","","","a235f000000ZYpLAAW","0.0","0.0","","0.0"
"a238c0000054IujAAE","false","CLA-BD-0008942","","","","","","","","","a258c000004VBDWAA4","0.0","","Service Yard Conc/CMU","","44.0","","","","","a235f000000ZYpMAAW","0.0","0.0","","0.0"
"a238c0000054IukAAE","false","CLA-BD-0008943","","","","","","","","","a258c000004VBDWAA4","0.0","","Barricades/Signs","","45.0","","","","","a235f000000ZYpNAAW","0.0","0.0","","0.0"
"a238c0000054IulAAE","false","CLA-BD-0008944","","","","","","","","","a258c000004VBDWAA4","0.0","","Signage","","46.0","","","","","a235f000000ZYpOAAW","0.0","0.0","","0.0"
"a238c0000054IumAAE","false","CLA-BD-0008945","","","","","","","","","a258c000004VBDWAA4","0.0","","Misc.","","47.0","","","","","a235f000000ZYpPAAW","0.0","0.0","","0.0"
"a238c0000054IunAAE","false","CLA-BD-0008946","","","","","","","","","a258c000004VBDWAA4","0.0","","Building Demolition","","48.0","","","","","a235f000000ZYpQAAW","0.0","0.0","","0.0"
"a238c0000054IuoAAE","false","CLA-BD-0008947","","","","","","","","","a258c000004VBDWAA4","0.0","","Building Concrete Material","","49.0","","","","","a235f000000ZYpRAAW","0.0","0.0","","0.0"
"a238c0000054IupAAE","false","CLA-BD-0008948","","","","","","","","","a258c000004VBDWAA4","0.0","","Building Concrete Labor","","50.0","","","","","a235f000000ZYpSAAW","0.0","0.0","","0.0"
"a238c0000054IuqAAE","false","CLA-BD-0008949","","","","","","","","","a258c000004VBDWAA4","0.0","","Concrete Foundation( Include building slab)","","51.0","","","","","a235f000000ZYpTAAW","0.0","0.0","","0.0"
"a238c0000054IurAAE","false","CLA-BD-0008950","","","","","","","","","a258c000004VBDWAA4","0.0","","Masonry/Building","","52.0","","","","","a235f000000ZYpUAAW","0.0","0.0","","0.0"
"a238c0000054IusAAE","false","CLA-BD-0008951","","","","","","","","","a258c000004VBDWAA4","0.0","","Structural Steel","","53.0","","","","","a235f000000ZYpVAAW","0.0","0.0","","0.0"
"a238c0000054IutAAE","false","CLA-BD-0008952","","","","","","","","","a258c000004VBDWAA4","0.0","","Finish Lumber & Doors","","54.0","","","","","a235f000000ZYpWAAW","0.0","0.0","","0.0"
"a238c0000054IuuAAE","false","CLA-BD-0008953","","","","","","","","","a258c000004VBDWAA4","0.0","","Metal Doors & Frames","","55.0","","","","","a235f000000ZYpXAAW","0.0","0.0","","0.0"
"a238c0000054IuvAAE","false","CLA-BD-0008954","","","","","","","","","a258c000004VBDWAA4","0.0","","Wood Doors","","56.0","","","","","a235f000000ZYpYAAW","0.0","0.0","","0.0"
"a238c0000054IuwAAE","false","CLA-BD-0008955","","","","","","","","","a258c000004VBDWAA4","0.0","","Finish Hardware","","57.0","","","","","a235f000000ZYpZAAW","0.0","0.0","","0.0"
"a238c0000054IuxAAE","false","CLA-BD-0008956","","","","","","","","","a258c000004VBDWAA4","0.0","","Framing Labor","","58.0","","","","","a235f000000ZYpaAAG","0.0","0.0","","0.0"
"a238c0000054IuyAAE","false","CLA-BD-0008957","","","","","","","","","a258c000004VBDWAA4","0.0","","Misc.","","92.0","","","","","a235f000000ZYpbAAG","0.0","0.0","","0.0"
"a238c0000054J4PAAU","false","CLA-BD-0009331","","","","","","","","","a258c000004VBKNAA4","0.0","","Cabinets / Millwork","","88.0","","","","","a238c000005kkfOAAQ","0.0","0.0","0.0","0.0"
"a238c0000054J4QAAU","false","CLA-BD-0009332","","","","","","","","","a258c000004VBKNAA4","0.0","","Flooring (Rubber Floor/Silica/ Res-Tek)","","90.0","","","","","a238c000005kkfPAAQ","0.0","0.0","0.0","0.0"
"a238c0000054J4RAAU","false","CLA-BD-0009333","","","","","","","","","a258c000004VBKNAA4","0.0","","Lighting Fixtures","","85.0","","","","","a238c000005kkfQAAQ","0.0","0.0","0.0","0.0"
"a238c0000054J4SAAU","false","CLA-BD-0009334","","","","","","","","","a258c000004VBKNAA4","0.0","","Corporate Decor Package Installation","","93.0","","","","","a238c000005kkfRAAQ","0.0","0.0","0.0","0.0"
"a238c0000054J4TAAU","false","CLA-BD-0009335","","","","","","","","","a258c000004VBKNAA4","0.0","","100 ft secondary service","","84.0","","","","","a238c000005kkfSAAQ","0.0","0.0","0.0","0.0"
"a238c0000054J4UAAU","false","CLA-BD-0009336","","","","","","","","","a258c000004VBKNAA4","0.0","","Fire Extinguishers","","87.0","","","","","a238c000005kkfTAAQ","0.0","0.0","0.0","0.0"
"a238c0000054J4VAAU","false","CLA-BD-0009337","","","","","","","","","a258c000004VBKNAA4","0.0","","Caulking","","91.0","","","","","a238c000005kkfUAAQ","0.0","0.0","0.0","0.0"
"a238c0000054J4WAAU","false","CLA-BD-0009338","","","","","","","","","a258c000004VBKNAA4","0.0","","Toilet Partitions","","89.0","","","","","a238c000005kkfVAAQ","0.0","0.0","0.0","0.0"
"a238c0000054J4XAAU","false","CLA-BD-0009339","","","","","","","","","a258c000004VBKNAA4","0.0","","Roofing","","59.0","","","","","a238c000005kkfWAAQ","0.0","0.0","0.0","0.0"
"a238c0000054J4YAAU","false","CLA-BD-0009340","","","","","","","","","a258c000004VBKNAA4","0.0","","Finish Carpentry Labor","","60.0","","","","","a238c000005kkfXAAQ","0.0","0.0","0.0","0.0"
"a238c0000054J4ZAAU","false","CLA-BD-0009341","","","","","","","","","a258c000004VBKNAA4","0.0","","Rough Carpentry Labor","","61.0","","","","","a238c000005kkfYAAQ","0.0","0.0","0.0","0.0"
"a238c0000054J4aAAE","false","CLA-BD-0009342","","","","","","","","","a258c000004VBKNAA4","0.0","","Rough Carpentry Material","","62.0","","","","","a238c000005kkfZAAQ","0.0","0.0","0.0","0.0"
"a238c0000054J4bAAE","false","CLA-BD-0009343","","","","","","","","","a258c000004VBKNAA4","0.0","","Sheet Metal","","63.0","","","","","a238c000005kkfaAAA","0.0","0.0","0.0","0.0"
"a238c0000054J4cAAE","false","CLA-BD-0009344","","","","","","","","","a258c000004VBKNAA4","0.0","","Insulation","","64.0","","","","","a238c000005kkfbAAA","0.0","0.0","0.0","0.0"
"a238c0000054J4dAAE","false","CLA-BD-0009345","","","","","","","","","a258c000004VBKNAA4","0.0","","Glass & Glazing","","65.0","","","","","a238c000005kkfcAAA","0.0","0.0","0.0","0.0"
"a238c0000054J4eAAE","false","CLA-BD-0009346","","","","","","","","","a258c000004VBKNAA4","0.0","","Drywall & Metal Studs","","66.0","","","","","a238c000005kkfdAAA","0.0","0.0","0.0","0.0"
"a238c0000054J4fAAE","false","CLA-BD-0009347","","","","","","","","","a258c000004VBKNAA4","0.0","","Acoustic Tile","","67.0","","","","","a238c000005kkfeAAA","0.0","0.0","0.0","0.0"
"a238c0000054J4gAAE","false","CLA-BD-0009348","","","","","","","","","a258c000004VBKNAA4","0.0","","Painting","","68.0","","","","","a238c000005kkffAAA","0.0","0.0","0.0","0.0"
"a238c0000054J4hAAE","false","CLA-BD-0009349","","","","","","","","","a258c000004VBKNAA4","0.0","","Ceramic tile","","69.0","","","","","a238c000005kkfgAAA","0.0","0.0","0.0","0.0"
"a238c0000054J4iAAE","false","CLA-BD-0009350","","","","","","","","","a258c000004VBKNAA4","0.0","","EIFS / Lath & Plaster","","70.0","","","","","a238c000005kkfhAAA","0.0","0.0","0.0","0.0"
"a238c0000054J4jAAE","false","CLA-BD-0009351","","","","","","","","","a258c000004VBKNAA4","0.0","","Misc. S.S.","","71.0","","","","","a238c000005kkfiAAA","0.0","0.0","0.0","0.0"
"a238c0000054J4kAAE","false","CLA-BD-0009352","","","","","","","","","a258c000004VBKNAA4","0.0","","Toilet accessories","","72.0","","","","","a238c000005kkfjAAA","0.0","0.0","0.0","0.0"
"a238c0000054J4lAAE","false","CLA-BD-0009353","","","","","","","","","a258c000004VBKNAA4","0.0","","GC Installed Items","","73.0","","","","","a238c000005kkfkAAA","0.0","0.0","0.0","0.0"
"a238c0000054J4mAAE","false","CLA-BD-0009354","","","","","","","","","a258c000004VBKNAA4","0.0","","H.V.A.C. System","","74.0","","","","","a238c000005kkflAAA","0.0","0.0","0.0","0.0"
"a238c0000054J4nAAE","false","CLA-BD-0009355","","","","","","","","","a258c000004VBKNAA4","0.0","","TABC - Air Balance (Required)","","75.0","","","","","a238c000005kkfmAAA","0.0","0.0","0.0","0.0"
"a238c0000054J4oAAE","false","CLA-BD-0009356","","","","","","","","","a258c000004VBKNAA4","0.0","","Plumbing","","76.0","","","","","a238c000005kkfnAAA","0.0","0.0","0.0","0.0"
"a238c0000054J4pAAE","false","CLA-BD-0009357","","","","","","","","","a258c000004VBKNAA4","0.0","","Fire Sprinkler (if required)","","77.0","","","","","a238c000005kkfoAAA","0.0","0.0","0.0","0.0"
"a238c0000054J4qAAE","false","CLA-BD-0009358","","","","","","","","","a258c000004VBKNAA4","0.0","","Metal Fab","","78.0","","","","","a238c000005kkfpAAA","0.0","0.0","0.0","0.0"
"a238c0000054J4rAAE","false","CLA-BD-0009359","","","","","","","","","a258c000004VBKNAA4","0.0","","Cedar brackets","","79.0","","","","","a238c000005kkfqAAA","0.0","0.0","0.0","0.0"
"a238c0000054J4sAAE","false","CLA-BD-0009360","","","","","","","","","a258c000004VBKNAA4","0.0","","Termite Treat","","80.0","","","","","a238c000005kkfrAAA","0.0","0.0","0.0","0.0"
"a238c0000054J4tAAE","false","CLA-BD-0009361","","","","","","","","","a258c000004VBKNAA4","0.0","","Electrical Labor","","81.0","","","","","a238c000005kkfsAAA","0.0","0.0","0.0","0.0"
"a238c0000054J4uAAE","false","CLA-BD-0009362","","","","","","","","","a258c000004VBKNAA4","0.0","","Electrical Material","","82.0","","","","","a238c000005kkftAAA","0.0","0.0","0.0","0.0"
"a238c0000054J4vAAE","false","CLA-BD-0009363","","","","","","","","","a258c000004VBKNAA4","0.0","","Power Management System","","83.0","","","","","a238c000005kkfuAAA","0.0","0.0","0.0","0.0"
"a238c0000054J4wAAE","false","CLA-BD-0009364","","","","","","","","","a258c000004VBKNAA4","0.0","","F.R.P. and marlite","","86.0","","","","","a238c000005kkfvAAA","0.0","0.0","0.0","0.0"
"a238c0000054J4xAAE","false","CLA-BD-0009365","","","","","","","","","a258c000004VBKNAA4","0.0","","Gas to Property Line","","1.0","","","","","a238c000005kkfwAAA","0.0","0.0","0.0","0.0"
"a238c0000054J4yAAE","false","CLA-BD-0009366","","","","","","","","","a258c000004VBKNAA4","0.0","","Water to Property line","","2.0","","","","","a238c000005kkfxAAA","0.0","0.0","0.0","0.0"
"a238c0000054J4zAAE","false","CLA-BD-0009367","","","","","","","","","a258c000004VBKNAA4","0.0","","Sewer to Property Line","","3.0","","","","","a238c000005kkfyAAA","0.0","0.0","0.0","0.0"
"a238c0000054J50AAE","false","CLA-BD-0009368","","","","","","","","","a258c000004VBKNAA4","0.0","","New electric service","","4.0","","","","","a238c000005kkfzAAA","0.0","0.0","0.0","0.0"
"a238c0000054J51AAE","false","CLA-BD-0009369","","","","","","","","","a258c000004VBKNAA4","0.0","","Power pole - new or relocate","","5.0","","","","","a238c000005kkg0AAA","0.0","0.0","0.0","0.0"
"a238c0000054J52AAE","false","CLA-BD-0009370","","","","","","","","","a258c000004VBKNAA4","0.0","","Street light - new or relocate","","6.0","","","","","a238c000005kkg1AAA","0.0","0.0","0.0","0.0"
"a238c0000054J53AAE","false","CLA-BD-0009371","","","","","","","","","a258c000004VBKNAA4","0.0","","Telephone Pole","","7.0","","","","","a238c000005kkg2AAA","0.0","0.0","0.0","0.0"
"a238c0000054J54AAE","false","CLA-BD-0009372","","","","","","","","","a258c000004VBKNAA4","0.0","","Off site fire hydrant","","8.0","","","","","a238c000005kkg3AAA","0.0","0.0","0.0","0.0"
"a238c0000054J55AAE","false","CLA-BD-0009373","","","","","","","","","a258c000004VBKNAA4","0.0","","Traffic signals - new or relocate","","9.0","","","","","a238c000005kkg4AAA","0.0","0.0","0.0","0.0"
"a238c0000054J56AAE","false","CLA-BD-0009374","","","","","","","","","a258c000004VBKNAA4","0.0","","Offsite Demolition","","10.0","","","","","a238c000005kkg5AAA","0.0","0.0","0.0","0.0"
"a238c0000054J57AAE","false","CLA-BD-0009375","","","","","","","","","a258c000004VBKNAA4","0.0","","New Curb & Gutter","","11.0","","","","","a238c000005kkg6AAA","0.0","0.0","0.0","0.0"
"a238c0000054J58AAE","false","CLA-BD-0009376","","","","","","","","","a258c000004VBKNAA4","0.0","","New sidewalk","","12.0","","","","","a238c000005kkg7AAA","0.0","0.0","0.0","0.0"
"a238c0000054J59AAE","false","CLA-BD-0009377","","","","","","","","","a258c000004VBKNAA4","0.0","","New approaches","","13.0","","","","","a238c000005kkg8AAA","0.0","0.0","0.0","0.0"
"a238c0000054J5AAAU","false","CLA-BD-0009378","","","","","","","","","a258c000004VBKNAA4","0.0","","Street paving and markings","","14.0","","","","","a238c000005kkg9AAA","0.0","0.0","0.0","0.0"
"a238c0000054J5BAAU","false","CLA-BD-0009379","","","","","","","","","a258c000004VBKNAA4","0.0","","Temp sidewalk","","15.0","","","","","a238c000005kkgAAAQ","0.0","0.0","0.0","0.0"
"a238c0000054J5CAAU","false","CLA-BD-0009380","","","","","","","","","a258c000004VBKNAA4","0.0","","Storm Drain","","16.0","","","","","a238c000005kkgBAAQ","0.0","0.0","0.0","0.0"
"a238c0000054J5DAAU","false","CLA-BD-0009381","","","","","","","","","a258c000004VBKNAA4","0.0","","Relocate Transformer","","17.0","","","","","a238c000005kkgCAAQ","0.0","0.0","0.0","0.0"
"a238c0000054J5EAAU","false","CLA-BD-0009382","","","","","","","","","a258c000004VBKNAA4","0.0","","Survey","","18.0","","","","","a238c000005kkgDAAQ","0.0","0.0","0.0","0.0"
"a238c0000054J5FAAU","false","CLA-BD-0009383","","","","","","","","","a258c000004VBKNAA4","0.0","","Soils","","20.0","","","","","a238c000005kkgEAAQ","0.0","0.0","0.0","0.0"
"a238c0000054J5GAAU","false","CLA-BD-0009384","","","","","","","","","a258c000004VBKNAA4","0.0","","Landscaping w/ Irrigation (Required)","","36.0","","","","","a238c000005kkgFAAQ","0.0","0.0","0.0","0.0"
"a238c0000054J5HAAU","false","CLA-BD-0009385","","","","","","","","","a258c000004VBKNAA4","0.0","","Bollard w/ Covers","","37.0","","","","","a238c000005kkgGAAQ","0.0","0.0","0.0","0.0"
"a238c0000054J5IAAU","false","CLA-BD-0009386","","","","","","","","","a258c000004VBKNAA4","0.0","","Fire Sprinkler Service","","38.0","","","","","a238c000005kkgHAAQ","0.0","0.0","0.0","0.0"
"a238c0000054J5JAAU","false","CLA-BD-0009387","","","","","","","","","a258c000004VBKNAA4","0.0","","Erosion & Dust Control","","39.0","","","","","a238c000005kkgIAAQ","0.0","0.0","0.0","0.0"
"a238c0000054J5KAAU","false","CLA-BD-0009388","","","","","","","","","a258c000004VBKNAA4","0.0","","Fire Hydrant","","40.0","","","","","a238c000005kkgJAAQ","0.0","0.0","0.0","0.0"
"a238c0000054J5LAAU","false","CLA-BD-0009389","","","","","","","","","a258c000004VBKNAA4","0.0","","Dumpster Approach","","41.0","","","","","a238c000005kkgKAAQ","0.0","0.0","0.0","0.0"
"a238c0000054J5MAAU","false","CLA-BD-0009390","","","","","","","","","a258c000004VBKNAA4","0.0","","Wheel stops","","42.0","","","","","a238c000005kkgLAAQ","0.0","0.0","0.0","0.0"
"a238c0000054J5NAAU","false","CLA-BD-0009391","","","","","","","","","a258c000004VBKNAA4","0.0","","Preasure Washing","","43.0","","","","","a238c000005kkgMAAQ","0.0","0.0","0.0","0.0"
"a238c0000054J5OAAU","false","CLA-BD-0009392","","","","","","","","","a258c000004VBKNAA4","0.0","","Service Yard Conc/CMU","","44.0","","","","","a238c000005kkgNAAQ","0.0","0.0","0.0","0.0"
"a238c0000054J5PAAU","false","CLA-BD-0009393","","","","","","","","","a258c000004VBKNAA4","0.0","","Barricades/Signs","","45.0","","","","","a238c000005kkgOAAQ","0.0","0.0","0.0","0.0"
"a238c0000054J5QAAU","false","CLA-BD-0009394","","","","","","","","","a258c000004VBKNAA4","0.0","","Signage","","46.0","","","","","a238c000005kkgPAAQ","0.0","0.0","0.0","0.0"
"a238c0000054J5RAAU","false","CLA-BD-0009395","","","","","","","","","a258c000004VBKNAA4","0.0","","Misc.","","47.0","","","","","a238c000005kkgQAAQ","0.0","0.0","0.0","0.0"
"a238c0000054J5SAAU","false","CLA-BD-0009396","","","","","","","","","a258c000004VBKNAA4","0.0","","Building Demolition","","48.0","","","","","a238c000005kkgRAAQ","0.0","0.0","0.0","0.0"
"a238c0000054J5TAAU","false","CLA-BD-0009397","","","","","","","","","a258c000004VBKNAA4","0.0","","Building Concrete Material","","49.0","","","","","a238c000005kkgSAAQ","0.0","0.0","0.0","0.0"
"a238c0000054J5UAAU","false","CLA-BD-0009398","","","","","","","","","a258c000004VBKNAA4","0.0","","Building Concrete Labor","","50.0","","","","","a238c000005kkgTAAQ","0.0","0.0","0.0","0.0"
"a238c0000054J5VAAU","false","CLA-BD-0009399","","","","","","","","","a258c000004VBKNAA4","0.0","","Concrete Foundation( Include building slab)","","51.0","","","","","a238c000005kkgUAAQ","0.0","0.0","0.0","0.0"
"a238c0000054J5WAAU","false","CLA-BD-0009400","","","","","","","","","a258c000004VBKNAA4","0.0","","Masonry/Building","","52.0","","","","","a238c000005kkgVAAQ","0.0","0.0","0.0","0.0"
"a238c0000054J5XAAU","false","CLA-BD-0009401","","","","","","","","","a258c000004VBKNAA4","0.0","","Structural Steel","","53.0","","","","","a238c000005kkgWAAQ","0.0","0.0","0.0","0.0"
"a238c0000054J5YAAU","false","CLA-BD-0009402","","","","","","","","","a258c000004VBKNAA4","0.0","","Finish Lumber & Doors","","54.0","","","","","a238c000005kkgXAAQ","0.0","0.0","0.0","0.0"
"a238c0000054J5ZAAU","false","CLA-BD-0009403","","","","","","","","","a258c000004VBKNAA4","0.0","","Metal Doors & Frames","","55.0","","","","","a238c000005kkgYAAQ","0.0","0.0","0.0","0.0"
"a238c0000054J5aAAE","false","CLA-BD-0009404","","","","","","","","","a258c000004VBKNAA4","0.0","","Wood Doors","","56.0","","","","","a238c000005kkgZAAQ","0.0","0.0","0.0","0.0"
"a238c0000054J5bAAE","false","CLA-BD-0009405","","","","","","","","","a258c000004VBKNAA4","0.0","","Finish Hardware","","57.0","","","","","a238c000005kkgaAAA","0.0","0.0","0.0","0.0"
"a238c0000054J5cAAE","false","CLA-BD-0009406","","","","","","","","","a258c000004VBKNAA4","0.0","","Framing Labor","","58.0","","","","","a238c000005kkgbAAA","0.0","0.0","0.0","0.0"
"a238c0000054J5dAAE","false","CLA-BD-0009407","","","","","","","","","a258c000004VBKNAA4","0.0","","Misc.","","92.0","","","","","a238c000005kkgcAAA","0.0","0.0","0.0","0.0"
"a238c0000054J5eAAE","false","CLA-BD-0009408","","","","","","","","","a258c000004VBKNAA4","0.0","","Grade fill / cut","","21.0","","","","","a238c000005kkgdAAA","0.0","0.0","0.0","0.0"
"a238c0000054J5fAAE","false","CLA-BD-0009409","","","","","","","","","a258c000004VBKNAA4","0.0","","Site Demolition","","22.0","","","","","a238c000005kkgeAAA","0.0","0.0","0.0","0.0"
"a238c0000054J5gAAE","false","CLA-BD-0009410","","","","","","","","","a258c000004VBKNAA4","0.0","","Retaining wall","","23.0","","","","","a238c000005kkgfAAA","0.0","0.0","0.0","0.0"
"a238c0000054J5hAAE","false","CLA-BD-0009411","","","","","","","","","a258c000004VBKNAA4","0.0","","Trash Enclosure","","24.0","","","","","a238c000005kkggAAA","0.0","0.0","0.0","0.0"
"a238c0000054J5iAAE","false","CLA-BD-0009412","","","","","","","","","a258c000004VBKNAA4","0.0","","Concrete slabs/curbs (do not include in building slab)","","25.0","","","","","a238c000005kkghAAA","0.0","0.0","0.0","0.0"
"a238c0000054J5jAAE","false","CLA-BD-0009413","","","","","","","","","a258c000004VBKNAA4","0.0","","Storm Drain","","26.0","","","","","a238c000005kkgiAAA","0.0","0.0","0.0","0.0"
"a238c0000054J5kAAE","false","CLA-BD-0009414","","","","","","","","","a258c000004VBKNAA4","0.0","","Concrete Sidewalks","","27.0","","","","","a238c000005kkgjAAA","0.0","0.0","0.0","0.0"
"a238c0000054J5lAAE","false","CLA-BD-0009415","","","","","","","","","a258c000004VBKNAA4","0.0","","Concrete light bases","","28.0","","","","","a238c000005kkgkAAA","0.0","0.0","0.0","0.0"
"a238c0000054J5mAAE","false","CLA-BD-0009416","","","","","","","","","a258c000004VBKNAA4","0.0","","Electrical site work/labor","","29.0","","","","","a238c000005kkglAAA","0.0","0.0","0.0","0.0"
"a238c0000054J5nAAE","false","CLA-BD-0009417","","","","","","","","","a258c000004VBKNAA4","0.0","","Site Lighting Material","","30.0","","","","","a238c000005kkgmAAA","0.0","0.0","0.0","0.0"
"a238c0000054J5oAAE","false","CLA-BD-0009418","","","","","","","","","a258c000004VBKNAA4","0.0","","Monument sign base construction Lang to verify if applicable","","31.0","","","","","a238c000005kkgnAAA","0.0","0.0","0.0","0.0"
"a238c0000054J5pAAE","false","CLA-BD-0009419","","","","","","","","","a258c000004VBKNAA4","0.0","","Plumbing sit work","","32.0","","","","","a238c000005kkgoAAA","0.0","0.0","0.0","0.0"
"a238c0000054J5qAAE","false","CLA-BD-0009420","","","","","","","","","a258c000004VBKNAA4","0.0","","Telephone Underground","","33.0","","","","","a238c000005kkgpAAA","0.0","0.0","0.0","0.0"
"a238c0000054J5rAAE","false","CLA-BD-0009421","","","","","","","","","a258c000004VBKNAA4","0.0","","Concrete paving","","34.0","","","","","a238c000005kkgqAAA","0.0","0.0","0.0","0.0"
"a238c0000054J5sAAE","false","CLA-BD-0009422","","","","","","","","","a258c000004VBKNAA4","0.0","","Asphalt paving & striping","","35.0","","","","","a238c000005kkgrAAA","0.0","0.0","0.0","0.0"
"a238c0000054J5tAAE","false","CLA-BD-0009423","","","","","","","","","a258c000004VBKOAA4","0.0","","Landscaping","","3.0","","","","","a238c000005kkgsAAA","0.0","0.0","","0.0"
"a238c0000054J5uAAE","false","CLA-BD-0009424","","","","","","","","","a258c000004VBKOAA4","0.0","","Bituminous Damproofing","","11.0","","","","","a238c000005kkgtAAA","0.0","0.0","","0.0"
"a238c0000054J5vAAE","false","CLA-BD-0009425","","","","","","","","","a258c000004VBKOAA4","0.0","","Linear Metal Ceilings","","19.0","","","","","a238c000005kkguAAA","0.0","0.0","","0.0"
"a238c0000054J5wAAE","false","CLA-BD-0009426","","","","","","","","","a258c000004VBKOAA4","0.0","","Hydraulic Elevators","","24.0","","","","","a238c000005kkgvAAA","0.0","0.0","","0.0"
"a238c0000054J5xAAE","false","CLA-BD-0009427","","","","","","","","","a258c000004VBKOAA4","0.0","","Glass/Glazing","","15.0","","","","","a238c000005kkgwAAA","0.0","0.0","","0.0"
"a238c0000054J5yAAE","false","CLA-BD-0009428","","","","","","","","","a258c000004VBKOAA4","0.0","","General Conditions","","29.0","","","","","a238c000005kkgxAAA","0.0","0.0","","0.0"
"a238c0000054J5zAAE","false","CLA-BD-0009429","","","","","","","","","a258c000004VBKOAA4","0.0","","S & C Bond","","30.0","","","","","a238c000005kkgyAAA","0.0","0.0","","0.0"
"a238c0000054J60AAE","false","CLA-BD-0009430","","","","","","","","","a258c000004VBKOAA4","0.0","","Rough Carpentry","","9.0","","","","","a238c000005kkgzAAA","0.0","0.0","","0.0"
"a238c0000054J61AAE","false","CLA-BD-0009431","","","","","","","","","a258c000004VBKOAA4","0.0","","Finish Carpentry/Millwork","","10.0","","","","","a238c000005kkh0AAA","0.0","0.0","","0.0"
"a238c0000054J62AAE","false","CLA-BD-0009432","","","","","","","","","a258c000004VBKOAA4","0.0","","HVAC","","27.0","","","","","a238c000005kkh1AAA","0.0","0.0","","0.0"
"a238c0000054J63AAE","false","CLA-BD-0009433","","","","","","","","","a258c000004VBKOAA4","0.0","","Acoustical Ceilings","","18.0","","","","","a238c000005kkh2AAA","0.0","0.0","","0.0"
"a238c0000054J64AAE","false","CLA-BD-0009434","","","","","","","","","a258c000004VBKOAA4","0.0","","Structural Steel","","8.0","","","","","a238c000005kkh3AAA","0.0","0.0","","0.0"
"a238c0000054J65AAE","false","CLA-BD-0009435","","","","","","","","","a258c000004VBKOAA4","0.0","","Plumbing","","25.0","","","","","a238c000005kkh4AAA","0.0","0.0","","0.0"
"a238c0000054J66AAE","false","CLA-BD-0009436","","","","","","","","","a258c000004VBKOAA4","0.0","","Fabric Awnings","","23.0","","","","","a238c000005kkh5AAA","0.0","0.0","","0.0"
"a238c0000054J67AAE","false","CLA-BD-0009437","","","","","","","","","a258c000004VBKOAA4","0.0","","Doors/Frames/Hardware","","14.0","","","","","a238c000005kkh6AAA","0.0","0.0","","0.0"
"a238c0000054J68AAE","false","CLA-BD-0009438","","","","","","","","","a258c000004VBKOAA4","0.0","","Unit Masonry","","7.0","","","","","a238c000005kkh7AAA","0.0","0.0","","0.0"
"a238c0000054J69AAE","false","CLA-BD-0009439","","","","","","","","","a258c000004VBKOAA4","0.0","","Termite Control","","2.0","","","","","a238c000005kkh8AAA","0.0","0.0","","0.0"
"a238c0000054J6AAAU","false","CLA-BD-0009440","","","","","","","","","a258c000004VBKOAA4","0.0","","Fire Protection","","26.0","","","","","a238c000005kkh9AAA","0.0","0.0","","0.0"
"a238c0000054J6BAAU","false","CLA-BD-0009441","","","","","","","","","a258c000004VBKOAA4","0.0","","Joint Sealers","","13.0","","","","","a238c000005kkhAAAQ","0.0","0.0","","0.0"
"a238c0000054J6CAAU","false","CLA-BD-0009442","","","","","","","","","a258c000004VBKOAA4","0.0","","Resilient and Carpet Flooring","","20.0","","","","","a238c000005kkhBAAQ","0.0","0.0","","0.0"
"a238c0000054J6DAAU","false","CLA-BD-0009443","","","","","","","","","a258c000004VBKOAA4","0.0","","Building Excavator","","4.0","","","","","a238c000005kkhCAAQ","0.0","0.0","","0.0"
"a238c0000054J6EAAU","false","CLA-BD-0009444","","","","","","","","","a258c000004VBKOAA4","0.0","","Painting","","21.0","","","","","a238c000005kkhDAAQ","0.0","0.0","","0.0"
"a238c0000054J6FAAU","false","CLA-BD-0009445","","","","","","","","","a258c000004VBKOAA4","0.0","","Sitework","","1.0","","","","","a238c000005kkhEAAQ","0.0","0.0","","0.0"
"a238c0000054J6GAAU","false","CLA-BD-0009446","","","","","","","","","a258c000004VBKOAA4","0.0","","Misc. Specialities","","22.0","","","","","a238c000005kkhFAAQ","0.0","0.0","","0.0"
"a238c0000054J6HAAU","false","CLA-BD-0009447","","","","","","","","","a258c000004VBKOAA4","0.0","","Electrical","","28.0","","","","","a238c000005kkhGAAQ","0.0","0.0","","0.0"
"a238c0000054J6IAAU","false","CLA-BD-0009448","","","","","","","","","a258c000004VBKOAA4","0.0","","Ceramic Tile","","17.0","","","","","a238c000005kkhHAAQ","0.0","0.0","","0.0"
"a238c0000054J6JAAU","false","CLA-BD-0009449","","","","","","","","","a258c000004VBKOAA4","0.0","","Cast in Place Concrete","","5.0","","","","","a238c000005kkhIAAQ","0.0","0.0","","0.0"
"a238c0000054J6KAAU","false","CLA-BD-0009450","","","","","","","","","a258c000004VBKOAA4","0.0","","Roofing &Sheetmetal Flashing","","12.0","","","","","a238c000005kkhJAAQ","0.0","0.0","","0.0"
"a238c0000054J6LAAU","false","CLA-BD-0009451","","","","","","","","","a258c000004VBKOAA4","0.0","","Studs/Drywall/EIFS","","16.0","","","","","a238c000005kkhKAAQ","0.0","0.0","","0.0"
"a238c0000054J6MAAU","false","CLA-BD-0009452","","","","","","","","","a258c000004VBKOAA4","0.0","","Tilt-Up Precast Concrete","","6.0","","","","","a238c000005kkhLAAQ","0.0","0.0","","0.0"
"a238c0000054J6NAAU","false","CLA-BD-0009453","","","","","","","","","a258c000004VBKOAA4","0.0","","Change Orders","","36.0","","","","","a238c000005kkhMAAQ","0.0","0.0","","0.0"
"a238c0000054J6OAAU","false","CLA-BD-0009454","","","","","","","","","a258c000004VBKOAA4","0.0","","Allowance - Precast Concrete Pane","","35.0","","","","","a238c000005kkhNAAQ","0.0","0.0","","0.0"
"a238c0000054J6PAAU","false","CLA-BD-0009455","","","","","","","","","a258c000004VBKOAA4","0.0","","Allowance - Drywall Support/Finishing","","34.0","","","","","a238c000005kkhOAAQ","0.0","0.0","","0.0"
"a238c0000054J6QAAU","false","CLA-BD-0009456","","","","","","","","","a258c000004VBKOAA4","0.0","","Fee","","31.0","","","","","a238c000005kkhPAAQ","0.0","0.0","","0.0"
"a238c0000054J6RAAU","false","CLA-BD-0009457","","","","","","","","","a258c000004VBKOAA4","0.0","","Allowance - Add'l Steel Support","","33.0","","","","","a238c000005kkhQAAQ","0.0","0.0","","0.0"
"a238c0000054J6SAAU","false","CLA-BD-0009458","","","","","","","","","a258c000004VBKOAA4","0.0","","Allowance - Mis Paving Earthwork","","32.0","","","","","a238c000005kkhRAAQ","0.0","0.0","","0.0"
"a238c0000054J6TAAU","false","CLA-BD-0009459","","","","","","","","","a258c000004VBKPAA4","0.0","","Exterior Glass (7xS450)","","21.0","","","","","a238c000005kkhSAAQ","0.0","0.0","","0.0"
"a238c0000054J6UAAU","false","CLA-BD-0009460","","","","","","","","","a258c000004VBKPAA4","0.0","","General Conditions","","22.0","","","","","a238c000005kkhTAAQ","0.0","0.0","","0.0"
"a238c0000054J6VAAU","false","CLA-BD-0009461","","","","","","","","","a258c000004VBKPAA4","0.0","","O&P","","23.0","","","","","a238c000005kkhUAAQ","0.0","0.0","","0.0"
"a238c0000054J6WAAU","false","CLA-BD-0009462","","","","","","","","","a258c000004VBKPAA4","0.0","","Insurance","","24.0","","","","","a238c000005kkhVAAQ","0.0","0.0","","0.0"
"a238c0000054J6XAAU","false","CLA-BD-0009463","","","","","","","","","a258c000004VBKPAA4","0.0","","Millwork","","14.0","","","","","a238c000005kkhWAAQ","0.0","0.0","","0.0"
"a238c0000054J6YAAU","false","CLA-BD-0009464","","","","","","","","","a258c000004VBKPAA4","0.0","","Structural ( Entry Feature)","","15.0","","","","","a238c000005kkhXAAQ","0.0","0.0","","0.0"
"a238c0000054J6ZAAU","false","CLA-BD-0009465","","","","","","","","","a258c000004VBKPAA4","0.0","","Concrete Fill In Plumbing Trenches","","16.0","","","","","a238c000005kkhYAAQ","0.0","0.0","","0.0"
"a238c0000054J6aAAE","false","CLA-BD-0009466","","","","","","","","","a258c000004VBKPAA4","0.0","","Site Stripping (ADA)","","17.0","","","","","a238c000005kkhZAAQ","0.0","0.0","","0.0"
"a238c0000054J6bAAE","false","CLA-BD-0009467","","","","","","","","","a258c000004VBKPAA4","0.0","","Roof Structure (Trusses, Sheeting, Labor)","","18.0","","","","","a238c000005kkhaAAA","0.0","0.0","","0.0"
"a238c0000054J6cAAE","false","CLA-BD-0009468","","","","","","","","","a258c000004VBKPAA4","0.0","","Roofing","","19.0","","","","","a238c000005kkhbAAA","0.0","0.0","","0.0"
"a238c0000054J6dAAE","false","CLA-BD-0009469","","","","","","","","","a258c000004VBKPAA4","0.0","","Lights - LED","","20.0","","","","","a238c000005kkhcAAA","0.0","0.0","","0.0"
"a238c0000054J6eAAE","false","CLA-BD-0009470","","","","","","","","","a258c000004VBKPAA4","0.0","","Electrical and Low Voltage","","1.0","","","","","a238c000005kkhdAAA","0.0","0.0","","0.0"
"a238c0000054J6fAAE","false","CLA-BD-0009471","","","","","","","","","a258c000004VBKPAA4","0.0","","Mechanical","","2.0","","","","","a238c000005kkheAAA","0.0","0.0","","0.0"
"a238c0000054J6gAAE","false","CLA-BD-0009472","","","","","","","","","a258c000004VBKPAA4","0.0","","Plumbing","","3.0","","","","","a238c000005kkhfAAA","0.0","0.0","","0.0"
"a238c0000054J6hAAE","false","CLA-BD-0009473","","","","","","","","","a258c000004VBKPAA4","0.0","","Painting (Interior and Exterior)","","4.0","","","","","a238c000005kkhgAAA","0.0","0.0","","0.0"
"a238c0000054J6iAAE","false","CLA-BD-0009474","","","","","","","","","a258c000004VBKPAA4","0.0","","Flooring","","5.0","","","","","a238c000005kkhhAAA","0.0","0.0","","0.0"
"a238c0000054J6jAAE","false","CLA-BD-0009475","","","","","","","","","a258c000004VBKPAA4","0.0","","Ceiling","","6.0","","","","","a238c000005kkhiAAA","0.0","0.0","","0.0"
"a238c0000054J6kAAE","false","CLA-BD-0009476","","","","","","","","","a258c000004VBKPAA4","0.0","","Drywall and Framing","","7.0","","","","","a238c000005kkhjAAA","0.0","0.0","","0.0"
"a238c0000054J6lAAE","false","CLA-BD-0009477","","","","","","","","","a258c000004VBKPAA4","0.0","","Doors & Hardware (SC w/ Metal Frame)","","8.0","","","","","a238c000005kkhkAAA","0.0","0.0","","0.0"
"a238c0000054J6mAAE","false","CLA-BD-0009478","","","","","","","","","a258c000004VBKPAA4","0.0","","Demo","","9.0","","","","","a238c000005kkhlAAA","0.0","0.0","","0.0"
"a238c0000054J6nAAE","false","CLA-BD-0009479","","","","","","","","","a258c000004VBKPAA4","0.0","","CMU - Stucco","","11.0","","","","","a238c000005kkhmAAA","0.0","0.0","","0.0"
"a238c0000054J6oAAE","false","CLA-BD-0009480","","","","","","","","","a258c000004VBKQAA4","0.0","","Cabinets / Millwork","","88.0","","","","","a238c000005kkhnAAA","0.0","0.0","","0.0"
"a238c0000054J6pAAE","false","CLA-BD-0009481","","","","","","","","","a258c000004VBKQAA4","0.0","","Flooring (Rubber Floor/Silica/ Res-Tek)","","90.0","","","","","a238c000005kkhoAAA","0.0","0.0","","0.0"
"a238c0000054J6qAAE","false","CLA-BD-0009482","","","","","","","","","a258c000004VBKQAA4","0.0","","Lighting Fixtures","","85.0","","","","","a238c000005kkhpAAA","0.0","0.0","","0.0"
"a238c0000054J6rAAE","false","CLA-BD-0009483","","","","","","","","","a258c000004VBKQAA4","0.0","","Corporate Decor Package Installation","","93.0","","","","","a238c000005kkhqAAA","0.0","0.0","","0.0"
"a238c0000054J6sAAE","false","CLA-BD-0009484","","","","","","","","","a258c000004VBKQAA4","0.0","","100 ft secondary service","","84.0","","","","","a238c000005kkhrAAA","0.0","0.0","","0.0"
"a238c0000054J6tAAE","false","CLA-BD-0009485","","","","","","","","","a258c000004VBKQAA4","0.0","","Fire Extinguishers","","87.0","","","","","a238c000005kkhsAAA","0.0","0.0","","0.0"
"a238c0000054J6uAAE","false","CLA-BD-0009486","","","","","","","","","a258c000004VBKQAA4","0.0","","Caulking","","91.0","","","","","a238c000005kkhtAAA","0.0","0.0","","0.0"
"a238c0000054J6vAAE","false","CLA-BD-0009487","","","","","","","","","a258c000004VBKQAA4","0.0","","Toilet Partitions","","89.0","","","","","a238c000005kkhuAAA","0.0","0.0","","0.0"
"a238c0000054J6wAAE","false","CLA-BD-0009488","","","","","","","","","a258c000004VBKQAA4","0.0","","Roofing","","59.0","","","","","a238c000005kkhvAAA","0.0","0.0","","0.0"
"a238c0000054J6xAAE","false","CLA-BD-0009489","","","","","","","","","a258c000004VBKQAA4","0.0","","Finish Carpentry Labor","","60.0","","","","","a238c000005kkhwAAA","0.0","0.0","","0.0"
"a238c0000054J6yAAE","false","CLA-BD-0009490","","","","","","","","","a258c000004VBKQAA4","0.0","","Rough Carpentry Labor","","61.0","","","","","a238c000005kkhxAAA","0.0","0.0","","0.0"
"a238c0000054J6zAAE","false","CLA-BD-0009491","","","","","","","","","a258c000004VBKQAA4","0.0","","Rough Carpentry Material","","62.0","","","","","a238c000005kkhyAAA","0.0","0.0","","0.0"
"a238c0000054J70AAE","false","CLA-BD-0009492","","","","","","","","","a258c000004VBKQAA4","0.0","","Sheet Metal","","63.0","","","","","a238c000005kkhzAAA","0.0","0.0","","0.0"
"a238c0000054J71AAE","false","CLA-BD-0009493","","","","","","","","","a258c000004VBKQAA4","0.0","","Insulation","","64.0","","","","","a238c000005kki0AAA","0.0","0.0","","0.0"
"a238c0000054J72AAE","false","CLA-BD-0009494","","","","","","","","","a258c000004VBKQAA4","0.0","","Glass & Glazing","","65.0","","","","","a238c000005kki1AAA","0.0","0.0","","0.0"
"a238c0000054J73AAE","false","CLA-BD-0009495","","","","","","","","","a258c000004VBKQAA4","0.0","","Drywall & Metal Studs","","66.0","","","","","a238c000005kki2AAA","0.0","0.0","","0.0"
"a238c0000054J74AAE","false","CLA-BD-0009496","","","","","","","","","a258c000004VBKQAA4","0.0","","Acoustic Tile","","67.0","","","","","a238c000005kki3AAA","0.0","0.0","","0.0"
"a238c0000054J75AAE","false","CLA-BD-0009497","","","","","","","","","a258c000004VBKQAA4","0.0","","Painting","","68.0","","","","","a238c000005kki4AAA","0.0","0.0","","0.0"
"a238c0000054J76AAE","false","CLA-BD-0009498","","","","","","","","","a258c000004VBKQAA4","0.0","","Ceramic tile","","69.0","","","","","a238c000005kki5AAA","0.0","0.0","","0.0"
"a238c0000054J77AAE","false","CLA-BD-0009499","","","","","","","","","a258c000004VBKQAA4","0.0","","EIFS / Lath & Plaster","","70.0","","","","","a238c000005kki6AAA","0.0","0.0","","0.0"
"a238c0000054J78AAE","false","CLA-BD-0009500","","","","","","","","","a258c000004VBKQAA4","0.0","","Misc. S.S.","","71.0","","","","","a238c000005kki7AAA","0.0","0.0","","0.0"
"a238c0000054J79AAE","false","CLA-BD-0009501","","","","","","","","","a258c000004VBKQAA4","0.0","","Toilet accessories","","72.0","","","","","a238c000005kki8AAA","0.0","0.0","","0.0"
"a238c0000054J7AAAU","false","CLA-BD-0009502","","","","","","","","","a258c000004VBKQAA4","0.0","","GC Installed Items","","73.0","","","","","a238c000005kki9AAA","0.0","0.0","","0.0"
"a238c0000054J7BAAU","false","CLA-BD-0009503","","","","","","","","","a258c000004VBKQAA4","0.0","","H.V.A.C. System","","74.0","","","","","a238c000005kkiAAAQ","0.0","0.0","","0.0"
"a238c0000054J7CAAU","false","CLA-BD-0009504","","","","","","","","","a258c000004VBKQAA4","0.0","","TABC - Air Balance (Required)","","75.0","","","","","a238c000005kkiBAAQ","0.0","0.0","","0.0"
"a238c0000054J7DAAU","false","CLA-BD-0009505","","","","","","","","","a258c000004VBKQAA4","0.0","","Plumbing","","76.0","","","","","a238c000005kkiCAAQ","0.0","0.0","","0.0"
"a238c0000054J7EAAU","false","CLA-BD-0009506","","","","","","","","","a258c000004VBKQAA4","0.0","","Fire Sprinkler (if required)","","77.0","","","","","a238c000005kkiDAAQ","0.0","0.0","","0.0"
"a238c0000054J7FAAU","false","CLA-BD-0009507","","","","","","","","","a258c000004VBKQAA4","0.0","","Metal Fab","","78.0","","","","","a238c000005kkiEAAQ","0.0","0.0","","0.0"
"a238c0000054J7GAAU","false","CLA-BD-0009508","","","","","","","","","a258c000004VBKQAA4","0.0","","Cedar brackets","","79.0","","","","","a238c000005kkiFAAQ","0.0","0.0","","0.0"
"a238c0000054J7HAAU","false","CLA-BD-0009509","","","","","","","","","a258c000004VBKQAA4","0.0","","Termite Treat","","80.0","","","","","a238c000005kkiGAAQ","0.0","0.0","","0.0"
"a238c0000054J7IAAU","false","CLA-BD-0009510","","","","","","","","","a258c000004VBKQAA4","0.0","","Electrical Labor","","81.0","","","","","a238c000005kkiHAAQ","0.0","0.0","","0.0"
"a238c0000054J7JAAU","false","CLA-BD-0009511","","","","","","","","","a258c000004VBKQAA4","0.0","","Electrical Material","","82.0","","","","","a238c000005kkiIAAQ","0.0","0.0","","0.0"
"a238c0000054J7KAAU","false","CLA-BD-0009512","","","","","","","","","a258c000004VBKQAA4","0.0","","Power Management System","","83.0","","","","","a238c000005kkiJAAQ","0.0","0.0","","0.0"
"a238c0000054J7LAAU","false","CLA-BD-0009513","","","","","","","","","a258c000004VBKQAA4","0.0","","F.R.P. and marlite","","86.0","","","","","a238c000005kkiKAAQ","0.0","0.0","","0.0"
"a238c0000054J7MAAU","false","CLA-BD-0009514","","","","","","","","","a258c000004VBKQAA4","0.0","","Gas to Property Line","","1.0","","","","","a238c000005kkiLAAQ","0.0","0.0","","0.0"
"a238c0000054J7NAAU","false","CLA-BD-0009515","","","","","","","","","a258c000004VBKQAA4","0.0","","Water to Property line","","2.0","","","","","a238c000005kkiMAAQ","0.0","0.0","","0.0"
"a238c0000054J7OAAU","false","CLA-BD-0009516","","","","","","","","","a258c000004VBKQAA4","0.0","","Sewer to Property Line","","3.0","","","","","a238c000005kkiNAAQ","0.0","0.0","","0.0"
"a238c0000054J7PAAU","false","CLA-BD-0009517","","","","","","","","","a258c000004VBKQAA4","0.0","","New electric service","","4.0","","","","","a238c000005kkiOAAQ","0.0","0.0","","0.0"
"a238c0000054J7QAAU","false","CLA-BD-0009518","","","","","","","","","a258c000004VBKQAA4","0.0","","Power pole - new or relocate","","5.0","","","","","a238c000005kkiPAAQ","0.0","0.0","","0.0"
"a238c0000054J7RAAU","false","CLA-BD-0009519","","","","","","","","","a258c000004VBKQAA4","0.0","","Street light - new or relocate","","6.0","","","","","a238c000005kkiQAAQ","0.0","0.0","","0.0"
"a238c0000054J7SAAU","false","CLA-BD-0009520","","","","","","","","","a258c000004VBKQAA4","0.0","","Telephone Pole","","7.0","","","","","a238c000005kkiRAAQ","0.0","0.0","","0.0"
"a238c0000054J7TAAU","false","CLA-BD-0009521","","","","","","","","","a258c000004VBKQAA4","0.0","","Off site fire hydrant","","8.0","","","","","a238c000005kkiSAAQ","0.0","0.0","","0.0"
"a238c0000054J7UAAU","false","CLA-BD-0009522","","","","","","","","","a258c000004VBKQAA4","0.0","","Traffic signals - new or relocate","","9.0","","","","","a238c000005kkiTAAQ","0.0","0.0","","0.0"
"a238c0000054J7VAAU","false","CLA-BD-0009523","","","","","","","","","a258c000004VBKQAA4","0.0","","Offsite Demolition","","10.0","","","","","a238c000005kkiUAAQ","0.0","0.0","","0.0"
"a238c0000054J7WAAU","false","CLA-BD-0009524","","","","","","","","","a258c000004VBKQAA4","0.0","","New Curb & Gutter","","11.0","","","","","a238c000005kkiVAAQ","0.0","0.0","","0.0"
"a238c0000054J7XAAU","false","CLA-BD-0009525","","","","","","","","","a258c000004VBKQAA4","0.0","","New sidewalk","","12.0","","","","","a238c000005kkiWAAQ","0.0","0.0","","0.0"
"a238c0000054J7YAAU","false","CLA-BD-0009526","","","","","","","","","a258c000004VBKQAA4","0.0","","New approaches","","13.0","","","","","a238c000005kkiXAAQ","0.0","0.0","","0.0"
"a238c0000054J7ZAAU","false","CLA-BD-0009527","","","","","","","","","a258c000004VBKQAA4","0.0","","Street paving and markings","","14.0","","","","","a238c000005kkiYAAQ","0.0","0.0","","0.0"
"a238c0000054J7aAAE","false","CLA-BD-0009528","","","","","","","","","a258c000004VBKQAA4","0.0","","Temp sidewalk","","15.0","","","","","a238c000005kkiZAAQ","0.0","0.0","","0.0"
"a238c0000054J7bAAE","false","CLA-BD-0009529","","","","","","","","","a258c000004VBKQAA4","0.0","","Storm Drain","","16.0","","","","","a238c000005kkiaAAA","0.0","0.0","","0.0"
"a238c0000054J7cAAE","false","CLA-BD-0009530","","","","","","","","","a258c000004VBKQAA4","0.0","","Relocate Transformer","","17.0","","","","","a238c000005kkibAAA","0.0","0.0","","0.0"
"a238c0000054J7dAAE","false","CLA-BD-0009531","","","","","","","","","a258c000004VBKQAA4","0.0","","Survey","","18.0","","","","","a238c000005kkicAAA","0.0","0.0","","0.0"
"a238c0000054J7eAAE","false","CLA-BD-0009532","","","","","","","","","a258c000004VBKQAA4","0.0","","Soils","","20.0","","","","","a238c000005kkidAAA","0.0","0.0","","0.0"
"a238c0000054J7fAAE","false","CLA-BD-0009533","","","","","","","","","a258c000004VBKQAA4","0.0","","Grade fill / cut","","21.0","","","","","a238c000005kkieAAA","0.0","0.0","","0.0"
"a238c0000054J7gAAE","false","CLA-BD-0009534","","","","","","","","","a258c000004VBKQAA4","0.0","","Site Demolition","","22.0","","","","","a238c000005kkifAAA","0.0","0.0","","0.0"
"a238c0000054J7hAAE","false","CLA-BD-0009535","","","","","","","","","a258c000004VBKQAA4","0.0","","Retaining wall","","23.0","","","","","a238c000005kkigAAA","0.0","0.0","","0.0"
"a238c0000054J7iAAE","false","CLA-BD-0009536","","","","","","","","","a258c000004VBKQAA4","0.0","","Trash Enclosure","","24.0","","","","","a238c000005kkihAAA","0.0","0.0","","0.0"
"a238c0000054J7jAAE","false","CLA-BD-0009537","","","","","","","","","a258c000004VBKQAA4","0.0","","Concrete slabs/curbs (do not include in building slab)","","25.0","","","","","a238c000005kkiiAAA","0.0","0.0","","0.0"
"a238c0000054J7kAAE","false","CLA-BD-0009538","","","","","","","","","a258c000004VBKQAA4","0.0","","Storm Drain","","26.0","","","","","a238c000005kkijAAA","0.0","0.0","","0.0"
"a238c0000054J7lAAE","false","CLA-BD-0009539","","","","","","","","","a258c000004VBKQAA4","0.0","","Concrete Sidewalks","","27.0","","","","","a238c000005kkikAAA","0.0","0.0","","0.0"
"a238c0000054J7mAAE","false","CLA-BD-0009540","","","","","","","","","a258c000004VBKQAA4","0.0","","Concrete light bases","","28.0","","","","","a238c000005kkilAAA","0.0","0.0","","0.0"
"a238c0000054J7nAAE","false","CLA-BD-0009541","","","","","","","","","a258c000004VBKQAA4","0.0","","Electrical site work/labor","","29.0","","","","","a238c000005kkimAAA","0.0","0.0","","0.0"
"a238c0000054J7oAAE","false","CLA-BD-0009542","","","","","","","","","a258c000004VBKQAA4","0.0","","Site Lighting Material","","30.0","","","","","a238c000005kkinAAA","0.0","0.0","","0.0"
"a238c0000054J7pAAE","false","CLA-BD-0009543","","","","","","","","","a258c000004VBKQAA4","0.0","","Monument sign base construction Lang to verify if applicable","","31.0","","","","","a238c000005kkioAAA","0.0","0.0","","0.0"
"a238c0000054J7qAAE","false","CLA-BD-0009544","","","","","","","","","a258c000004VBKQAA4","0.0","","Plumbing sit work","","32.0","","","","","a238c000005kkipAAA","0.0","0.0","","0.0"
"a238c0000054J7rAAE","false","CLA-BD-0009545","","","","","","","","","a258c000004VBKQAA4","0.0","","Telephone Underground","","33.0","","","","","a238c000005kkiqAAA","0.0","0.0","","0.0"
"a238c0000054J7sAAE","false","CLA-BD-0009546","","","","","","","","","a258c000004VBKQAA4","0.0","","Concrete paving","","34.0","","","","","a238c000005kkirAAA","0.0","0.0","","0.0"
"a238c0000054J7tAAE","false","CLA-BD-0009547","","","","","","","","","a258c000004VBKQAA4","0.0","","Asphalt paving & striping","","35.0","","","","","a238c000005kkisAAA","0.0","0.0","","0.0"
"a238c0000054J7uAAE","false","CLA-BD-0009548","","","","","","","","","a258c000004VBKQAA4","0.0","","Landscaping w/ Irrigation (Required)","","36.0","","","","","a238c000005kkitAAA","0.0","0.0","","0.0"
"a238c0000054J7vAAE","false","CLA-BD-0009549","","","","","","","","","a258c000004VBKQAA4","0.0","","Bollard w/ Covers","","37.0","","","","","a238c000005kkiuAAA","0.0","0.0","","0.0"
"a238c0000054J7wAAE","false","CLA-BD-0009550","","","","","","","","","a258c000004VBKQAA4","0.0","","Fire Sprinkler Service","","38.0","","","","","a238c000005kkivAAA","0.0","0.0","","0.0"
"a238c0000054J7xAAE","false","CLA-BD-0009551","","","","","","","","","a258c000004VBKQAA4","0.0","","Erosion & Dust Control","","39.0","","","","","a238c000005kkiwAAA","0.0","0.0","","0.0"
"a238c0000054J7yAAE","false","CLA-BD-0009552","","","","","","","","","a258c000004VBKQAA4","0.0","","Fire Hydrant","","40.0","","","","","a238c000005kkixAAA","0.0","0.0","","0.0"
"a238c0000054J7zAAE","false","CLA-BD-0009553","","","","","","","","","a258c000004VBKQAA4","0.0","","Dumpster Approach","","41.0","","","","","a238c000005kkiyAAA","0.0","0.0","","0.0"
"a238c0000054J80AAE","false","CLA-BD-0009554","","","","","","","","","a258c000004VBKQAA4","0.0","","Wheel stops","","42.0","","","","","a238c000005kkizAAA","0.0","0.0","","0.0"
"a238c0000054J81AAE","false","CLA-BD-0009555","","","","","","","","","a258c000004VBKQAA4","0.0","","Preasure Washing","","43.0","","","","","a238c000005kkj0AAA","0.0","0.0","","0.0"
"a238c0000054J82AAE","false","CLA-BD-0009556","","","","","","","","","a258c000004VBKQAA4","0.0","","Service Yard Conc/CMU","","44.0","","","","","a238c000005kkj1AAA","0.0","0.0","","0.0"
"a238c0000054J83AAE","false","CLA-BD-0009557","","","","","","","","","a258c000004VBKQAA4","0.0","","Barricades/Signs","","45.0","","","","","a238c000005kkj2AAA","0.0","0.0","","0.0"
"a238c0000054J84AAE","false","CLA-BD-0009558","","","","","","","","","a258c000004VBKQAA4","0.0","","Signage","","46.0","","","","","a238c000005kkj3AAA","0.0","0.0","","0.0"
"a238c0000054J85AAE","false","CLA-BD-0009559","","","","","","","","","a258c000004VBKQAA4","0.0","","Misc.","","47.0","","","","","a238c000005kkj4AAA","0.0","0.0","","0.0"
"a238c0000054J86AAE","false","CLA-BD-0009560","","","","","","","","","a258c000004VBKQAA4","0.0","","Building Demolition","","48.0","","","","","a238c000005kkj5AAA","0.0","0.0","","0.0"
"a238c0000054J87AAE","false","CLA-BD-0009561","","","","","","","","","a258c000004VBKQAA4","0.0","","Building Concrete Material","","49.0","","","","","a238c000005kkj6AAA","0.0","0.0","","0.0"
"a238c0000054J88AAE","false","CLA-BD-0009562","","","","","","","","","a258c000004VBKQAA4","0.0","","Building Concrete Labor","","50.0","","","","","a238c000005kkj7AAA","0.0","0.0","","0.0"
"a238c0000054J89AAE","false","CLA-BD-0009563","","","","","","","","","a258c000004VBKQAA4","0.0","","Concrete Foundation( Include building slab)","","51.0","","","","","a238c000005kkj8AAA","0.0","0.0","","0.0"
"a238c0000054J8AAAU","false","CLA-BD-0009564","","","","","","","","","a258c000004VBKQAA4","0.0","","Masonry/Building","","52.0","","","","","a238c000005kkj9AAA","0.0","0.0","","0.0"
"a238c0000054J8BAAU","false","CLA-BD-0009565","","","","","","","","","a258c000004VBKQAA4","0.0","","Structural Steel","","53.0","","","","","a238c000005kkjAAAQ","0.0","0.0","","0.0"
"a238c0000054J8CAAU","false","CLA-BD-0009566","","","","","","","","","a258c000004VBKQAA4","0.0","","Finish Lumber & Doors","","54.0","","","","","a238c000005kkjBAAQ","0.0","0.0","","0.0"
"a238c0000054J8DAAU","false","CLA-BD-0009567","","","","","","","","","a258c000004VBKQAA4","0.0","","Metal Doors & Frames","","55.0","","","","","a238c000005kkjCAAQ","0.0","0.0","","0.0"
"a238c0000054J8EAAU","false","CLA-BD-0009568","","","","","","","","","a258c000004VBKQAA4","0.0","","Wood Doors","","56.0","","","","","a238c000005kkjDAAQ","0.0","0.0","","0.0"
"a238c0000054J8FAAU","false","CLA-BD-0009569","","","","","","","","","a258c000004VBKQAA4","0.0","","Finish Hardware","","57.0","","","","","a238c000005kkjEAAQ","0.0","0.0","","0.0"
"a238c0000054J8GAAU","false","CLA-BD-0009570","","","","","","","","","a258c000004VBKQAA4","0.0","","Framing Labor","","58.0","","","","","a238c000005kkjFAAQ","0.0","0.0","","0.0"
"a238c0000054J8HAAU","false","CLA-BD-0009571","","","","","","","","","a258c000004VBKQAA4","0.0","","Misc.","","92.0","","","","","a238c000005kkjGAAQ","0.0","0.0","","0.0"
"a238c0000054InDAAU","false","CLA-BD-0008476","","","","","","","","","a258c000004VBDPAA4","0.0","","Cabinets / Millwork","","88.0","","","","","a23Ho00000NdkU8IAJ","0.0","0.0","0.0","0.0"
"a238c0000054InEAAU","false","CLA-BD-0008477","","","","","","","","","a258c000004VBDPAA4","0.0","","Flooring (Rubber Floor/Silica/ Res-Tek)","","90.0","","","","","a23Ho00000NdkU9IAJ","0.0","0.0","0.0","0.0"
"a238c0000054InFAAU","false","CLA-BD-0008478","","","","","","","","","a258c000004VBDPAA4","0.0","","Lighting Fixtures","","85.0","","","","","a23Ho00000NdkUAIAZ","0.0","0.0","0.0","0.0"
"a238c0000054InGAAU","false","CLA-BD-0008479","","","","","","","","","a258c000004VBDPAA4","0.0","","Corporate Decor Package Installation","","93.0","","","","","a23Ho00000NdkUBIAZ","0.0","0.0","0.0","0.0"
"a238c0000054InHAAU","false","CLA-BD-0008480","","","","","","","","","a258c000004VBDPAA4","0.0","","100 ft secondary service","","84.0","","","","","a23Ho00000NdkUCIAZ","0.0","0.0","0.0","0.0"
"a238c0000054InIAAU","false","CLA-BD-0008481","","","","","","","","","a258c000004VBDPAA4","0.0","","Fire Extinguishers","","87.0","","","","","a23Ho00000NdkUDIAZ","0.0","0.0","0.0","0.0"
"a238c0000054InJAAU","false","CLA-BD-0008482","","","","","","","","","a258c000004VBDPAA4","0.0","","Caulking","","91.0","","","","","a23Ho00000NdkUEIAZ","0.0","0.0","0.0","0.0"
"a238c0000054InKAAU","false","CLA-BD-0008483","","","","","","","","","a258c000004VBDPAA4","0.0","","Toilet Partitions","","89.0","","","","","a23Ho00000NdkUFIAZ","0.0","0.0","0.0","0.0"
"a238c0000054InLAAU","false","CLA-BD-0008484","","","","","","","","","a258c000004VBDPAA4","0.0","","Roofing","","59.0","","","","","a23Ho00000NdkUGIAZ","0.0","0.0","0.0","0.0"
"a238c0000054InMAAU","false","CLA-BD-0008485","","","","","","","","","a258c000004VBDPAA4","0.0","","Finish Carpentry Labor","","60.0","","","","","a23Ho00000NdkUHIAZ","0.0","0.0","0.0","0.0"
"a238c0000054InNAAU","false","CLA-BD-0008486","","","","","","","","","a258c000004VBDPAA4","0.0","","Rough Carpentry Labor","","61.0","","","","","a23Ho00000NdkUIIAZ","0.0","0.0","0.0","0.0"
"a238c0000054InOAAU","false","CLA-BD-0008487","","","","","","","","","a258c000004VBDPAA4","0.0","","Rough Carpentry Material","","62.0","","","","","a23Ho00000NdkUJIAZ","0.0","0.0","0.0","0.0"
"a238c0000054InPAAU","false","CLA-BD-0008488","","","","","","","","","a258c000004VBDPAA4","0.0","","Sheet Metal","","63.0","","","","","a23Ho00000NdkUKIAZ","0.0","0.0","0.0","0.0"
"a238c0000054InQAAU","false","CLA-BD-0008489","","","","","","","","","a258c000004VBDPAA4","0.0","","Insulation","","64.0","","","","","a23Ho00000NdkULIAZ","0.0","0.0","0.0","0.0"
"a238c0000054InRAAU","false","CLA-BD-0008490","","","","","","","","","a258c000004VBDPAA4","0.0","","Glass & Glazing","","65.0","","","","","a23Ho00000NdkUMIAZ","0.0","0.0","0.0","0.0"
"a238c0000054InSAAU","false","CLA-BD-0008491","","","","","","","","","a258c000004VBDPAA4","0.0","","Drywall & Metal Studs","","66.0","","","","","a23Ho00000NdkUNIAZ","0.0","0.0","0.0","0.0"
"a238c0000054InTAAU","false","CLA-BD-0008492","","","","","","","","","a258c000004VBDPAA4","0.0","","Acoustic Tile","","67.0","","","","","a23Ho00000NdkUOIAZ","0.0","0.0","0.0","0.0"
"a238c0000054InUAAU","false","CLA-BD-0008493","","","","","","","","","a258c000004VBDPAA4","0.0","","Painting","","68.0","","","","","a23Ho00000NdkUPIAZ","0.0","0.0","0.0","0.0"
"a238c0000054InVAAU","false","CLA-BD-0008494","","","","","","","","","a258c000004VBDPAA4","0.0","","Ceramic tile","","69.0","","","","","a23Ho00000NdkUQIAZ","0.0","0.0","0.0","0.0"
"a238c0000054InWAAU","false","CLA-BD-0008495","","","","","","","","","a258c000004VBDPAA4","0.0","","EIFS / Lath & Plaster","","70.0","","","","","a23Ho00000NdkURIAZ","0.0","0.0","0.0","0.0"
"a238c0000054InXAAU","false","CLA-BD-0008496","","","","","","","","","a258c000004VBDPAA4","0.0","","Misc. S.S.","","71.0","","","","","a23Ho00000NdkUSIAZ","0.0","0.0","0.0","0.0"
"a238c0000054InYAAU","false","CLA-BD-0008497","","","","","","","","","a258c000004VBDPAA4","0.0","","Toilet accessories","","72.0","","","","","a23Ho00000NdkUTIAZ","0.0","0.0","0.0","0.0"
"a238c0000054InZAAU","false","CLA-BD-0008498","","","","","","","","","a258c000004VBDPAA4","0.0","","GC Installed Items","","73.0","","","","","a23Ho00000NdkUUIAZ","0.0","0.0","0.0","0.0"
"a238c0000054InaAAE","false","CLA-BD-0008499","","","","","","","","","a258c000004VBDPAA4","0.0","","H.V.A.C. System","","74.0","","","","","a23Ho00000NdkUVIAZ","0.0","0.0","0.0","0.0"
"a238c0000054InbAAE","false","CLA-BD-0008500","","","","","","","","","a258c000004VBDPAA4","0.0","","TABC - Air Balance (Required)","","75.0","","","","","a23Ho00000NdkUWIAZ","0.0","0.0","0.0","0.0"
"a238c0000054IncAAE","false","CLA-BD-0008501","","","","","","","","","a258c000004VBDPAA4","0.0","","Plumbing","","76.0","","","","","a23Ho00000NdkUXIAZ","0.0","0.0","0.0","0.0"
"a238c0000054IndAAE","false","CLA-BD-0008502","","","","","","","","","a258c000004VBDPAA4","0.0","","Fire Sprinkler (if required)","","77.0","","","","","a23Ho00000NdkUYIAZ","0.0","0.0","0.0","0.0"
"a238c0000054IneAAE","false","CLA-BD-0008503","","","","","","","","","a258c000004VBDPAA4","0.0","","Metal Fab","","78.0","","","","","a23Ho00000NdkUZIAZ","0.0","0.0","0.0","0.0"
"a238c0000054InfAAE","false","CLA-BD-0008504","","","","","","","","","a258c000004VBDPAA4","0.0","","Electrical Material","","82.0","","","","","a23Ho00000NdkUaIAJ","0.0","0.0","0.0","0.0"
"a238c0000054IngAAE","false","CLA-BD-0008505","","","","","","","","","a258c000004VBDPAA4","0.0","","Cedar brackets","","79.0","","","","","a23Ho00000NdkUbIAJ","0.0","0.0","0.0","0.0"
"a238c0000054InhAAE","false","CLA-BD-0008506","","","","","","","","","a258c000004VBDPAA4","0.0","","Termite Treat","","80.0","","","","","a23Ho00000NdkUcIAJ","0.0","0.0","0.0","0.0"
"a238c0000054IniAAE","false","CLA-BD-0008507","","","","","","","","","a258c000004VBDPAA4","0.0","","Electrical Labor","","81.0","","","","","a23Ho00000NdkUdIAJ","0.0","0.0","0.0","0.0"
"a238c0000054InjAAE","false","CLA-BD-0008508","","","","","","","","","a258c000004VBDPAA4","0.0","","Power Management System","","83.0","","","","","a23Ho00000NdkUeIAJ","0.0","0.0","0.0","0.0"
"a238c0000054InkAAE","false","CLA-BD-0008509","","","","","","","","","a258c000004VBDPAA4","0.0","","F.R.P. and marlite","","86.0","","","","","a23Ho00000NdkUfIAJ","0.0","0.0","0.0","0.0"
"a238c0000054InlAAE","false","CLA-BD-0008510","","","","","","","","","a258c000004VBDPAA4","0.0","","Gas to Property Line","","1.0","","","","","a23Ho00000NdkUgIAJ","0.0","0.0","0.0","0.0"
"a238c0000054InmAAE","false","CLA-BD-0008511","","","","","","","","","a258c000004VBDPAA4","0.0","","Water to Property line","","2.0","","","","","a23Ho00000NdkUhIAJ","0.0","0.0","0.0","0.0"
"a238c0000054InnAAE","false","CLA-BD-0008512","","","","","","","","","a258c000004VBDPAA4","0.0","","Sewer to Property Line","","3.0","","","","","a23Ho00000NdkUiIAJ","0.0","0.0","0.0","0.0"
"a238c0000054InoAAE","false","CLA-BD-0008513","","","","","","","","","a258c000004VBDPAA4","0.0","","New electric service","","4.0","","","","","a23Ho00000NdkUjIAJ","0.0","0.0","0.0","0.0"
"a238c0000054InpAAE","false","CLA-BD-0008514","","","","","","","","","a258c000004VBDPAA4","0.0","","Power pole - new or relocate","","5.0","","","","","a23Ho00000NdkUkIAJ","0.0","0.0","0.0","0.0"
"a238c0000054InqAAE","false","CLA-BD-0008515","","","","","","","","","a258c000004VBDPAA4","0.0","","Street light - new or relocate","","6.0","","","","","a23Ho00000NdkUlIAJ","0.0","0.0","0.0","0.0"
"a238c0000054InrAAE","false","CLA-BD-0008516","","","","","","","","","a258c000004VBDPAA4","0.0","","Telephone Pole","","7.0","","","","","a23Ho00000NdkUmIAJ","0.0","0.0","0.0","0.0"
"a238c0000054InsAAE","false","CLA-BD-0008517","","","","","","","","","a258c000004VBDPAA4","0.0","","Off site fire hydrant","","8.0","","","","","a23Ho00000NdkUnIAJ","0.0","0.0","0.0","0.0"
"a238c0000054IntAAE","false","CLA-BD-0008518","","","","","","","","","a258c000004VBDPAA4","0.0","","Traffic signals - new or relocate","","9.0","","","","","a23Ho00000NdkUoIAJ","0.0","0.0","0.0","0.0"
"a238c0000054InuAAE","false","CLA-BD-0008519","","","","","","","","","a258c000004VBDPAA4","0.0","","Offsite Demolition","","10.0","","","","","a23Ho00000NdkUpIAJ","0.0","0.0","0.0","0.0"
"a238c0000054InvAAE","false","CLA-BD-0008520","","","","","","","","","a258c000004VBDPAA4","0.0","","New Curb & Gutter","","11.0","","","","","a23Ho00000NdkUqIAJ","0.0","0.0","0.0","0.0"
"a238c0000054InwAAE","false","CLA-BD-0008521","","","","","","","","","a258c000004VBDPAA4","0.0","","New sidewalk","","12.0","","","","","a23Ho00000NdkUrIAJ","0.0","0.0","0.0","0.0"
"a238c0000054InxAAE","false","CLA-BD-0008522","","","","","","","","","a258c000004VBDPAA4","0.0","","New approaches","","13.0","","","","","a23Ho00000NdkUsIAJ","0.0","0.0","0.0","0.0"
"a238c0000054InyAAE","false","CLA-BD-0008523","","","","","","","","","a258c000004VBDPAA4","0.0","","Street paving and markings","","14.0","","","","","a23Ho00000NdkUtIAJ","0.0","0.0","0.0","0.0"
"a238c0000054InzAAE","false","CLA-BD-0008524","","","","","","","","","a258c000004VBDPAA4","0.0","","Temp sidewalk","","15.0","","","","","a23Ho00000NdkUuIAJ","0.0","0.0","0.0","0.0"
"a238c0000054Io0AAE","false","CLA-BD-0008525","","","","","","","","","a258c000004VBDPAA4","0.0","","Storm Drain","","16.0","","","","","a23Ho00000NdkUvIAJ","0.0","0.0","0.0","0.0"
"a238c0000054Io1AAE","false","CLA-BD-0008526","","","","","","","","","a258c000004VBDPAA4","0.0","","Relocate Transformer","","17.0","","","","","a23Ho00000NdkUwIAJ","0.0","0.0","0.0","0.0"
"a238c0000054Io2AAE","false","CLA-BD-0008527","","","","","","","","","a258c000004VBDPAA4","0.0","","Survey","","18.0","","","","","a23Ho00000NdkUxIAJ","0.0","0.0","0.0","0.0"
"a238c0000054Io3AAE","false","CLA-BD-0008528","","","","","","","","","a258c000004VBDPAA4","0.0","","Soils","","20.0","","","","","a23Ho00000NdkUyIAJ","0.0","0.0","0.0","0.0"
"a238c0000054Io4AAE","false","CLA-BD-0008529","","","","","","","","","a258c000004VBDPAA4","0.0","","Landscaping w/ Irrigation (Required)","","36.0","","","","","a23Ho00000NdkUzIAJ","0.0","0.0","0.0","0.0"
"a238c0000054Io5AAE","false","CLA-BD-0008530","","","","","","","","","a258c000004VBDPAA4","0.0","","Bollard w/ Covers","","37.0","","","","","a23Ho00000NdkV0IAJ","0.0","0.0","0.0","0.0"
"a238c0000054Io6AAE","false","CLA-BD-0008531","","","","","","","","","a258c000004VBDPAA4","0.0","","Fire Sprinkler Service","","38.0","","","","","a23Ho00000NdkV1IAJ","0.0","0.0","0.0","0.0"
"a238c0000054Io7AAE","false","CLA-BD-0008532","","","","","","","","","a258c000004VBDPAA4","0.0","","Erosion & Dust Control","","39.0","","","","","a23Ho00000NdkV2IAJ","0.0","0.0","0.0","0.0"
"a238c0000054Io8AAE","false","CLA-BD-0008533","","","","","","","","","a258c000004VBDPAA4","0.0","","Fire Hydrant","","40.0","","","","","a23Ho00000NdkV3IAJ","0.0","0.0","0.0","0.0"
"a238c0000054Io9AAE","false","CLA-BD-0008534","","","","","","","","","a258c000004VBDPAA4","0.0","","Dumpster Approach","","41.0","","","","","a23Ho00000NdkV4IAJ","0.0","0.0","0.0","0.0"
"a238c0000054IoAAAU","false","CLA-BD-0008535","","","","","","","","","a258c000004VBDPAA4","0.0","","Wheel stops","","42.0","","","","","a23Ho00000NdkV5IAJ","0.0","0.0","0.0","0.0"
"a238c0000054IoBAAU","false","CLA-BD-0008536","","","","","","","","","a258c000004VBDPAA4","0.0","","Preasure Washing","","43.0","","","","","a23Ho00000NdkV6IAJ","0.0","0.0","0.0","0.0"
"a238c0000054IoCAAU","false","CLA-BD-0008537","","","","","","","","","a258c000004VBDPAA4","0.0","","Service Yard Conc/CMU","","44.0","","","","","a23Ho00000NdkV7IAJ","0.0","0.0","0.0","0.0"
"a238c0000054IoDAAU","false","CLA-BD-0008538","","","","","","","","","a258c000004VBDPAA4","0.0","","Barricades/Signs","","45.0","","","","","a23Ho00000NdkV8IAJ","0.0","0.0","0.0","0.0"
"a238c0000054IoEAAU","false","CLA-BD-0008539","","","","","","","","","a258c000004VBDPAA4","0.0","","Signage","","46.0","","","","","a23Ho00000NdkV9IAJ","0.0","0.0","0.0","0.0"
"a238c0000054IoFAAU","false","CLA-BD-0008540","","","","","","","","","a258c000004VBDPAA4","0.0","","Misc.","","47.0","","","","","a23Ho00000NdkVAIAZ","0.0","0.0","0.0","0.0"
"a238c0000054IoGAAU","false","CLA-BD-0008541","","","","","","","","","a258c000004VBDPAA4","0.0","","Building Demolition","","48.0","","","","","a23Ho00000NdkVBIAZ","0.0","0.0","0.0","0.0"
"a238c0000054IoHAAU","false","CLA-BD-0008542","","","","","","","","","a258c000004VBDPAA4","0.0","","Building Concrete Material","","49.0","","","","","a23Ho00000NdkVCIAZ","0.0","0.0","0.0","0.0"
"a238c0000054IoIAAU","false","CLA-BD-0008543","","","","","","","","","a258c000004VBDPAA4","0.0","","Building Concrete Labor","","50.0","","","","","a23Ho00000NdkVDIAZ","0.0","0.0","0.0","0.0"
"a238c0000054IoJAAU","false","CLA-BD-0008544","","","","","","","","","a258c000004VBDPAA4","0.0","","Concrete Foundation( Include building slab)","","51.0","","","","","a23Ho00000NdkVEIAZ","0.0","0.0","0.0","0.0"
"a238c0000054IoKAAU","false","CLA-BD-0008545","","","","","","","","","a258c000004VBDPAA4","0.0","","Masonry/Building","","52.0","","","","","a23Ho00000NdkVFIAZ","0.0","0.0","0.0","0.0"
"a238c0000054IoLAAU","false","CLA-BD-0008546","","","","","","","","","a258c000004VBDPAA4","0.0","","Structural Steel","","53.0","","","","","a23Ho00000NdkVGIAZ","0.0","0.0","0.0","0.0"
"a238c0000054IoMAAU","false","CLA-BD-0008547","","","","","","","","","a258c000004VBDPAA4","0.0","","Finish Lumber & Doors","","54.0","","","","","a23Ho00000NdkVHIAZ","0.0","0.0","0.0","0.0"
"a238c0000054IoNAAU","false","CLA-BD-0008548","","","","","","","","","a258c000004VBDPAA4","0.0","","Metal Doors & Frames","","55.0","","","","","a23Ho00000NdkVIIAZ","0.0","0.0","0.0","0.0"
"a238c0000054IoOAAU","false","CLA-BD-0008549","","","","","","","","","a258c000004VBDPAA4","0.0","","Wood Doors","","56.0","","","","","a23Ho00000NdkVJIAZ","0.0","0.0","0.0","0.0"
"a238c0000054IoPAAU","false","CLA-BD-0008550","","","","","","","","","a258c000004VBDPAA4","0.0","","Finish Hardware","","57.0","","","","","a23Ho00000NdkVKIAZ","0.0","0.0","0.0","0.0"
"a238c0000054IoQAAU","false","CLA-BD-0008551","","","","","","","","","a258c000004VBDPAA4","0.0","","Framing Labor","","58.0","","","","","a23Ho00000NdkVLIAZ","0.0","0.0","0.0","0.0"
"a238c0000054IoRAAU","false","CLA-BD-0008552","","","","","","","","","a258c000004VBDPAA4","0.0","","Misc.","","92.0","","","","","a23Ho00000NdkVMIAZ","0.0","0.0","0.0","0.0"
"a238c0000054IoSAAU","false","CLA-BD-0008553","","","","","","","","","a258c000004VBDPAA4","0.0","","Grade fill / cut","","21.0","","","","","a23Ho00000NdkVNIAZ","0.0","0.0","0.0","0.0"
"a238c0000054IoTAAU","false","CLA-BD-0008554","","","","","","","","","a258c000004VBDPAA4","0.0","","Site Demolition","","22.0","","","","","a23Ho00000NdkVOIAZ","0.0","0.0","0.0","0.0"
"a238c0000054IoUAAU","false","CLA-BD-0008555","","","","","","","","","a258c000004VBDPAA4","0.0","","Retaining wall","","23.0","","","","","a23Ho00000NdkVPIAZ","0.0","0.0","0.0","0.0"
"a238c0000054IoVAAU","false","CLA-BD-0008556","","","","","","","","","a258c000004VBDPAA4","0.0","","Trash Enclosure","","24.0","","","","","a23Ho00000NdkVQIAZ","0.0","0.0","0.0","0.0"
"a238c0000054IoWAAU","false","CLA-BD-0008557","","","","","","","","","a258c000004VBDPAA4","0.0","","Concrete slabs/curbs (do not include in building slab)","","25.0","","","","","a23Ho00000NdkVRIAZ","0.0","0.0","0.0","0.0"
"a238c0000054IoXAAU","false","CLA-BD-0008558","","","","","","","","","a258c000004VBDPAA4","0.0","","Storm Drain","","26.0","","","","","a23Ho00000NdkVSIAZ","0.0","0.0","0.0","0.0"
"a238c0000054IoYAAU","false","CLA-BD-0008559","","","","","","","","","a258c000004VBDPAA4","0.0","","Concrete Sidewalks","","27.0","","","","","a23Ho00000NdkVTIAZ","0.0","0.0","0.0","0.0"
"a238c0000054IoZAAU","false","CLA-BD-0008560","","","","","","","","","a258c000004VBDPAA4","0.0","","Concrete light bases","","28.0","","","","","a23Ho00000NdkVUIAZ","0.0","0.0","0.0","0.0"
"a238c0000054IoaAAE","false","CLA-BD-0008561","","","","","","","","","a258c000004VBDPAA4","0.0","","Electrical site work/labor","","29.0","","","","","a23Ho00000NdkVVIAZ","0.0","0.0","0.0","0.0"
"a238c0000054IobAAE","false","CLA-BD-0008562","","","","","","","","","a258c000004VBDPAA4","0.0","","Site Lighting Material","","30.0","","","","","a23Ho00000NdkVWIAZ","0.0","0.0","0.0","0.0"
"a238c0000054IocAAE","false","CLA-BD-0008563","","","","","","","","","a258c000004VBDPAA4","0.0","","Monument sign base construction Lang to verify if applicable","","31.0","","","","","a23Ho00000NdkVXIAZ","0.0","0.0","0.0","0.0"
"a238c0000054IodAAE","false","CLA-BD-0008564","","","","","","","","","a258c000004VBDPAA4","0.0","","Plumbing sit work","","32.0","","","","","a23Ho00000NdkVYIAZ","0.0","0.0","0.0","0.0"
"a238c0000054IoeAAE","false","CLA-BD-0008565","","","","","","","","","a258c000004VBDPAA4","0.0","","Telephone Underground","","33.0","","","","","a23Ho00000NdkVZIAZ","0.0","0.0","0.0","0.0"
"a238c0000054IofAAE","false","CLA-BD-0008566","","","","","","","","","a258c000004VBDPAA4","0.0","","Concrete paving","","34.0","","","","","a23Ho00000NdkVaIAJ","0.0","0.0","0.0","0.0"
"a238c0000054IogAAE","false","CLA-BD-0008567","","","","","","","","","a258c000004VBDPAA4","0.0","","Asphalt paving & striping","","35.0","","","","","a23Ho00000NdkVbIAJ","0.0","0.0","0.0","0.0"
"a238c0000054IohAAE","false","CLA-BD-0008568","","","","","","","","","a258c000004VBDQAA4","0.0","","Landscaping","","3.0","","","","","a23Ho00000NdkVcIAJ","0.0","0.0","","0.0"
"a238c0000054IoiAAE","false","CLA-BD-0008569","","","","","","","","","a258c000004VBDQAA4","0.0","","Bituminous Damproofing","","11.0","","","","","a23Ho00000NdkVdIAJ","0.0","0.0","","0.0"
"a238c0000054IojAAE","false","CLA-BD-0008570","","","","","","","","","a258c000004VBDQAA4","0.0","","Linear Metal Ceilings","","19.0","","","","","a23Ho00000NdkVeIAJ","0.0","0.0","","0.0"
"a238c0000054IokAAE","false","CLA-BD-0008571","","","","","","","","","a258c000004VBDQAA4","0.0","","Hydraulic Elevators","","24.0","","","","","a23Ho00000NdkVfIAJ","0.0","0.0","","0.0"
"a238c0000054IolAAE","false","CLA-BD-0008572","","","","","","","","","a258c000004VBDQAA4","0.0","","Glass/Glazing","","15.0","","","","","a23Ho00000NdkVgIAJ","0.0","0.0","","0.0"
"a238c0000054IomAAE","false","CLA-BD-0008573","","","","","","","","","a258c000004VBDQAA4","0.0","","General Conditions","","29.0","","","","","a23Ho00000NdkVhIAJ","0.0","0.0","","0.0"
"a238c0000054IonAAE","false","CLA-BD-0008574","","","","","","","","","a258c000004VBDQAA4","0.0","","S & C Bond","","30.0","","","","","a23Ho00000NdkViIAJ","0.0","0.0","","0.0"
"a238c0000054IooAAE","false","CLA-BD-0008575","","","","","","","","","a258c000004VBDQAA4","0.0","","Rough Carpentry","","9.0","","","","","a23Ho00000NdkVjIAJ","0.0","0.0","","0.0"
"a238c0000054IopAAE","false","CLA-BD-0008576","","","","","","","","","a258c000004VBDQAA4","0.0","","Finish Carpentry/Millwork","","10.0","","","","","a23Ho00000NdkVkIAJ","0.0","0.0","","0.0"
"a238c0000054IoqAAE","false","CLA-BD-0008577","","","","","","","","","a258c000004VBDQAA4","0.0","","HVAC","","27.0","","","","","a23Ho00000NdkVlIAJ","0.0","0.0","","0.0"
"a238c0000054IorAAE","false","CLA-BD-0008578","","","","","","","","","a258c000004VBDQAA4","0.0","","Acoustical Ceilings","","18.0","","","","","a23Ho00000NdkVmIAJ","0.0","0.0","","0.0"
"a238c0000054IosAAE","false","CLA-BD-0008579","","","","","","","","","a258c000004VBDQAA4","0.0","","Structural Steel","","8.0","","","","","a23Ho00000NdkVnIAJ","0.0","0.0","","0.0"
"a238c0000054IotAAE","false","CLA-BD-0008580","","","","","","","","","a258c000004VBDQAA4","0.0","","Plumbing","","25.0","","","","","a23Ho00000NdkVoIAJ","0.0","0.0","","0.0"
"a238c0000054IouAAE","false","CLA-BD-0008581","","","","","","","","","a258c000004VBDQAA4","0.0","","Fabric Awnings","","23.0","","","","","a23Ho00000NdkVpIAJ","0.0","0.0","","0.0"
"a238c0000054IovAAE","false","CLA-BD-0008582","","","","","","","","","a258c000004VBDQAA4","0.0","","Doors/Frames/Hardware","","14.0","","","","","a23Ho00000NdkVqIAJ","0.0","0.0","","0.0"
"a238c0000054IowAAE","false","CLA-BD-0008583","","","","","","","","","a258c000004VBDQAA4","0.0","","Unit Masonry","","7.0","","","","","a23Ho00000NdkVrIAJ","0.0","0.0","","0.0"
"a238c0000054IoxAAE","false","CLA-BD-0008584","","","","","","","","","a258c000004VBDQAA4","0.0","","Termite Control","","2.0","","","","","a23Ho00000NdkVsIAJ","0.0","0.0","","0.0"
"a238c0000054IoyAAE","false","CLA-BD-0008585","","","","","","","","","a258c000004VBDQAA4","0.0","","Fire Protection","","26.0","","","","","a23Ho00000NdkVtIAJ","0.0","0.0","","0.0"
"a238c0000054IozAAE","false","CLA-BD-0008586","","","","","","","","","a258c000004VBDQAA4","0.0","","Joint Sealers","","13.0","","","","","a23Ho00000NdkVuIAJ","0.0","0.0","","0.0"
"a238c0000054Ip0AAE","false","CLA-BD-0008587","","","","","","","","","a258c000004VBDQAA4","0.0","","Resilient and Carpet Flooring","","20.0","","","","","a23Ho00000NdkVvIAJ","0.0","0.0","","0.0"
"a238c0000054Ip1AAE","false","CLA-BD-0008588","","","","","","","","","a258c000004VBDQAA4","0.0","","Building Excavator","","4.0","","","","","a23Ho00000NdkVwIAJ","0.0","0.0","","0.0"
"a238c0000054Ip2AAE","false","CLA-BD-0008589","","","","","","","","","a258c000004VBDQAA4","0.0","","Painting","","21.0","","","","","a23Ho00000NdkVxIAJ","0.0","0.0","","0.0"
"a238c0000054Ip3AAE","false","CLA-BD-0008590","","","","","","","","","a258c000004VBDQAA4","0.0","","Sitework","","1.0","","","","","a23Ho00000NdkVyIAJ","0.0","0.0","","0.0"
"a238c0000054Ip4AAE","false","CLA-BD-0008591","","","","","","","","","a258c000004VBDQAA4","0.0","","Misc. Specialities","","22.0","","","","","a23Ho00000NdkVzIAJ","0.0","0.0","","0.0"
"a238c0000054Ip5AAE","false","CLA-BD-0008592","","","","","","","","","a258c000004VBDQAA4","0.0","","Electrical","","28.0","","","","","a23Ho00000NdkW0IAJ","0.0","0.0","","0.0"
"a238c0000054Ip6AAE","false","CLA-BD-0008593","","","","","","","","","a258c000004VBDQAA4","0.0","","Ceramic Tile","","17.0","","","","","a23Ho00000NdkW1IAJ","0.0","0.0","","0.0"
"a238c0000054Ip7AAE","false","CLA-BD-0008594","","","","","","","","","a258c000004VBDQAA4","0.0","","Cast in Place Concrete","","5.0","","","","","a23Ho00000NdkW2IAJ","0.0","0.0","","0.0"
"a238c0000054Ip8AAE","false","CLA-BD-0008595","","","","","","","","","a258c000004VBDQAA4","0.0","","Roofing &Sheetmetal Flashing","","12.0","","","","","a23Ho00000NdkW3IAJ","0.0","0.0","","0.0"
"a238c0000054Ip9AAE","false","CLA-BD-0008596","","","","","","","","","a258c000004VBDQAA4","0.0","","Studs/Drywall/EIFS","","16.0","","","","","a23Ho00000NdkW4IAJ","0.0","0.0","","0.0"
"a238c0000054IpAAAU","false","CLA-BD-0008597","","","","","","","","","a258c000004VBDQAA4","0.0","","Tilt-Up Precast Concrete","","6.0","","","","","a23Ho00000NdkW5IAJ","0.0","0.0","","0.0"
"a238c0000054IpBAAU","false","CLA-BD-0008598","","","","","","","","","a258c000004VBDQAA4","0.0","","Change Orders","","36.0","","","","","a23Ho00000NdkW6IAJ","0.0","0.0","","0.0"
"a238c0000054IpCAAU","false","CLA-BD-0008599","","","","","","","","","a258c000004VBDQAA4","0.0","","Allowance - Precast Concrete Pane","","35.0","","","","","a23Ho00000NdkW7IAJ","0.0","0.0","","0.0"
"a238c0000054IpDAAU","false","CLA-BD-0008600","","","","","","","","","a258c000004VBDQAA4","0.0","","Allowance - Drywall Support/Finishing","","34.0","","","","","a23Ho00000NdkW8IAJ","0.0","0.0","","0.0"
"a238c0000054IpEAAU","false","CLA-BD-0008601","","","","","","","","","a258c000004VBDQAA4","0.0","","Fee","","31.0","","","","","a23Ho00000NdkW9IAJ","0.0","0.0","","0.0"
"a238c0000054IpFAAU","false","CLA-BD-0008602","","","","","","","","","a258c000004VBDQAA4","0.0","","Allowance - Add'l Steel Support","","33.0","","","","","a23Ho00000NdkWAIAZ","0.0","0.0","","0.0"
"a238c0000054IpGAAU","false","CLA-BD-0008603","","","","","","","","","a258c000004VBDQAA4","0.0","","Allowance - Mis Paving Earthwork","","32.0","","","","","a23Ho00000NdkWBIAZ","0.0","0.0","","0.0"
"a238c0000054IpHAAU","false","CLA-BD-0008604","","","","","","","","","a258c000004VBDRAA4","0.0","","Exterior Glass (7xS450)","","21.0","","","","","a23Ho00000NdkWCIAZ","0.0","0.0","","0.0"
"a238c0000054IpIAAU","false","CLA-BD-0008605","","","","","","","","","a258c000004VBDRAA4","0.0","","General Conditions","","22.0","","","","","a23Ho00000NdkWDIAZ","0.0","0.0","","0.0"
"a238c0000054IpJAAU","false","CLA-BD-0008606","","","","","","","","","a258c000004VBDRAA4","0.0","","O&P","","23.0","","","","","a23Ho00000NdkWEIAZ","0.0","0.0","","0.0"
"a238c0000054IpKAAU","false","CLA-BD-0008607","","","","","","","","","a258c000004VBDRAA4","0.0","","Insurance","","24.0","","","","","a23Ho00000NdkWFIAZ","0.0","0.0","","0.0"
"a238c0000054IpLAAU","false","CLA-BD-0008608","","","","","","","","","a258c000004VBDRAA4","0.0","","Millwork","","14.0","","","","","a23Ho00000NdkWGIAZ","0.0","0.0","","0.0"
"a238c0000054IpMAAU","false","CLA-BD-0008609","","","","","","","","","a258c000004VBDRAA4","0.0","","Structural ( Entry Feature)","","15.0","","","","","a23Ho00000NdkWHIAZ","0.0","0.0","","0.0"
"a238c0000054IpNAAU","false","CLA-BD-0008610","","","","","","","","","a258c000004VBDRAA4","0.0","","Concrete Fill In Plumbing Trenches","","16.0","","","","","a23Ho00000NdkWIIAZ","0.0","0.0","","0.0"
"a238c0000054IpOAAU","false","CLA-BD-0008611","","","","","","","","","a258c000004VBDRAA4","0.0","","Site Stripping (ADA)","","17.0","","","","","a23Ho00000NdkWJIAZ","0.0","0.0","","0.0"
"a238c0000054IpPAAU","false","CLA-BD-0008612","","","","","","","","","a258c000004VBDRAA4","0.0","","Roof Structure (Trusses, Sheeting, Labor)","","18.0","","","","","a23Ho00000NdkWKIAZ","0.0","0.0","","0.0"
"a238c0000054IpQAAU","false","CLA-BD-0008613","","","","","","","","","a258c000004VBDRAA4","0.0","","Roofing","","19.0","","","","","a23Ho00000NdkWLIAZ","0.0","0.0","","0.0"
"a238c0000054IpRAAU","false","CLA-BD-0008614","","","","","","","","","a258c000004VBDRAA4","0.0","","Lights - LED","","20.0","","","","","a23Ho00000NdkWMIAZ","0.0","0.0","","0.0"
"a238c0000054IpSAAU","false","CLA-BD-0008615","","","","","","","","","a258c000004VBDRAA4","0.0","","Electrical and Low Voltage","","1.0","","","","","a23Ho00000NdkWNIAZ","0.0","0.0","","0.0"
"a238c0000054IpTAAU","false","CLA-BD-0008616","","","","","","","","","a258c000004VBDRAA4","0.0","","Mechanical","","2.0","","","","","a23Ho00000NdkWOIAZ","0.0","0.0","","0.0"
"a238c0000054IpUAAU","false","CLA-BD-0008617","","","","","","","","","a258c000004VBDRAA4","0.0","","Plumbing","","3.0","","","","","a23Ho00000NdkWPIAZ","0.0","0.0","","0.0"
"a238c0000054IpVAAU","false","CLA-BD-0008618","","","","","","","","","a258c000004VBDRAA4","0.0","","Painting (Interior and Exterior)","","4.0","","","","","a23Ho00000NdkWQIAZ","0.0","0.0","","0.0"
"a238c0000054IpWAAU","false","CLA-BD-0008619","","","","","","","","","a258c000004VBDRAA4","0.0","","Flooring","","5.0","","","","","a23Ho00000NdkWRIAZ","0.0","0.0","","0.0"
"a238c0000054IpXAAU","false","CLA-BD-0008620","","","","","","","","","a258c000004VBDRAA4","0.0","","Ceiling","","6.0","","","","","a23Ho00000NdkWSIAZ","0.0","0.0","","0.0"
"a238c0000054IpYAAU","false","CLA-BD-0008621","","","","","","","","","a258c000004VBDRAA4","0.0","","Drywall and Framing","","7.0","","","","","a23Ho00000NdkWTIAZ","0.0","0.0","","0.0"
"a238c0000054IpZAAU","false","CLA-BD-0008622","","","","","","","","","a258c000004VBDRAA4","0.0","","Doors & Hardware (SC w/ Metal Frame)","","8.0","","","","","a23Ho00000NdkWUIAZ","0.0","0.0","","0.0"
"a238c0000054IpaAAE","false","CLA-BD-0008623","","","","","","","","","a258c000004VBDSAA4","0.0","","Flooring (Rubber Floor/Silica/ Res-Tek)","","90.0","","","","","a23Ho00000NdkWVIAZ","0.0","0.0","","0.0"
"a238c0000054IpbAAE","false","CLA-BD-0008624","","","","","","","","","a258c000004VBDRAA4","0.0","","Demo","","9.0","","","","","a23Ho00000NdkWWIAZ","0.0","0.0","","0.0"
"a238c0000054IpcAAE","false","CLA-BD-0008625","","","","","","","","","a258c000004VBDRAA4","0.0","","CMU - Stucco","","11.0","","","","","a23Ho00000NdkWXIAZ","0.0","0.0","","0.0"
"a238c0000054IpdAAE","false","CLA-BD-0008626","","","","","","","","","a258c000004VBDSAA4","0.0","","Cabinets / Millwork","","88.0","","","","","a23Ho00000NdkWYIAZ","0.0","0.0","","0.0"
"a238c0000054IpeAAE","false","CLA-BD-0008627","","","","","","","","","a258c000004VBDSAA4","0.0","","Lighting Fixtures","","85.0","","","","","a23Ho00000NdkWZIAZ","0.0","0.0","","0.0"
"a238c0000054IpfAAE","false","CLA-BD-0008628","","","","","","","","","a258c000004VBDSAA4","0.0","","Corporate Decor Package Installation","","93.0","","","","","a23Ho00000NdkWaIAJ","0.0","0.0","","0.0"
"a238c0000054IpgAAE","false","CLA-BD-0008629","","","","","","","","","a258c000004VBDSAA4","0.0","","100 ft secondary service","","84.0","","","","","a23Ho00000NdkWbIAJ","0.0","0.0","","0.0"
"a238c0000054IphAAE","false","CLA-BD-0008630","","","","","","","","","a258c000004VBDSAA4","0.0","","Fire Extinguishers","","87.0","","","","","a23Ho00000NdkWcIAJ","0.0","0.0","","0.0"
"a238c0000054IpiAAE","false","CLA-BD-0008631","","","","","","","","","a258c000004VBDSAA4","0.0","","Caulking","","91.0","","","","","a23Ho00000NdkWdIAJ","0.0","0.0","","0.0"
"a238c0000054IpjAAE","false","CLA-BD-0008632","","","","","","","","","a258c000004VBDSAA4","0.0","","Toilet Partitions","","89.0","","","","","a23Ho00000NdkWeIAJ","0.0","0.0","","0.0"
"a238c0000054IpkAAE","false","CLA-BD-0008633","","","","","","","","","a258c000004VBDSAA4","0.0","","Roofing","","59.0","","","","","a23Ho00000NdkWfIAJ","0.0","0.0","","0.0"
"a238c0000054IplAAE","false","CLA-BD-0008634","","","","","","","","","a258c000004VBDSAA4","0.0","","Finish Carpentry Labor","","60.0","","","","","a23Ho00000NdkWgIAJ","0.0","0.0","","0.0"
"a238c0000054IpmAAE","false","CLA-BD-0008635","","","","","","","","","a258c000004VBDSAA4","0.0","","Rough Carpentry Labor","","61.0","","","","","a23Ho00000NdkWhIAJ","0.0","0.0","","0.0"
"a238c0000054IpnAAE","false","CLA-BD-0008636","","","","","","","","","a258c000004VBDSAA4","0.0","","Rough Carpentry Material","","62.0","","","","","a23Ho00000NdkWiIAJ","0.0","0.0","","0.0"
"a238c0000054IpoAAE","false","CLA-BD-0008637","","","","","","","","","a258c000004VBDSAA4","0.0","","Sheet Metal","","63.0","","","","","a23Ho00000NdkWjIAJ","0.0","0.0","","0.0"
"a238c0000054IppAAE","false","CLA-BD-0008638","","","","","","","","","a258c000004VBDSAA4","0.0","","Insulation","","64.0","","","","","a23Ho00000NdkWkIAJ","0.0","0.0","","0.0"
"a238c0000054IpqAAE","false","CLA-BD-0008639","","","","","","","","","a258c000004VBDSAA4","0.0","","Glass & Glazing","","65.0","","","","","a23Ho00000NdkWlIAJ","0.0","0.0","","0.0"
"a238c0000054IprAAE","false","CLA-BD-0008640","","","","","","","","","a258c000004VBDSAA4","0.0","","Drywall & Metal Studs","","66.0","","","","","a23Ho00000NdkWmIAJ","0.0","0.0","","0.0"
"a238c0000054IpsAAE","false","CLA-BD-0008641","","","","","","","","","a258c000004VBDSAA4","0.0","","Acoustic Tile","","67.0","","","","","a23Ho00000NdkWnIAJ","0.0","0.0","","0.0"
"a238c0000054IptAAE","false","CLA-BD-0008642","","","","","","","","","a258c000004VBDSAA4","0.0","","Painting","","68.0","","","","","a23Ho00000NdkWoIAJ","0.0","0.0","","0.0"
"a238c0000054IpuAAE","false","CLA-BD-0008643","","","","","","","","","a258c000004VBDSAA4","0.0","","Ceramic tile","","69.0","","","","","a23Ho00000NdkWpIAJ","0.0","0.0","","0.0"
"a238c0000054IpvAAE","false","CLA-BD-0008644","","","","","","","","","a258c000004VBDSAA4","0.0","","EIFS / Lath & Plaster","","70.0","","","","","a23Ho00000NdkWqIAJ","0.0","0.0","","0.0"
"a238c0000054IpwAAE","false","CLA-BD-0008645","","","","","","","","","a258c000004VBDSAA4","0.0","","Misc. S.S.","","71.0","","","","","a23Ho00000NdkWrIAJ","0.0","0.0","","0.0"
"a238c0000054IpxAAE","false","CLA-BD-0008646","","","","","","","","","a258c000004VBDSAA4","0.0","","Toilet accessories","","72.0","","","","","a23Ho00000NdkWsIAJ","0.0","0.0","","0.0"
"a238c0000054IpyAAE","false","CLA-BD-0008647","","","","","","","","","a258c000004VBDSAA4","0.0","","GC Installed Items","","73.0","","","","","a23Ho00000NdkWtIAJ","0.0","0.0","","0.0"
"a238c0000054IpzAAE","false","CLA-BD-0008648","","","","","","","","","a258c000004VBDSAA4","0.0","","H.V.A.C. System","","74.0","","","","","a23Ho00000NdkWuIAJ","0.0","0.0","","0.0"
"a238c0000054Iq0AAE","false","CLA-BD-0008649","","","","","","","","","a258c000004VBDSAA4","0.0","","TABC - Air Balance (Required)","","75.0","","","","","a23Ho00000NdkWvIAJ","0.0","0.0","","0.0"
"a238c0000054Iq1AAE","false","CLA-BD-0008650","","","","","","","","","a258c000004VBDSAA4","0.0","","Plumbing","","76.0","","","","","a23Ho00000NdkWwIAJ","0.0","0.0","","0.0"
"a238c0000054Iq2AAE","false","CLA-BD-0008651","","","","","","","","","a258c000004VBDSAA4","0.0","","Fire Sprinkler (if required)","","77.0","","","","","a23Ho00000NdkWxIAJ","0.0","0.0","","0.0"
"a238c0000054Iq3AAE","false","CLA-BD-0008652","","","","","","","","","a258c000004VBDSAA4","0.0","","Metal Fab","","78.0","","","","","a23Ho00000NdkWyIAJ","0.0","0.0","","0.0"
"a238c0000054Iq4AAE","false","CLA-BD-0008653","","","","","","","","","a258c000004VBDSAA4","0.0","","Cedar brackets","","79.0","","","","","a23Ho00000NdkWzIAJ","0.0","0.0","","0.0"
"a238c0000054Iq5AAE","false","CLA-BD-0008654","","","","","","","","","a258c000004VBDSAA4","0.0","","Termite Treat","","80.0","","","","","a23Ho00000NdkX0IAJ","0.0","0.0","","0.0"
"a238c0000054Iq6AAE","false","CLA-BD-0008655","","","","","","","","","a258c000004VBDSAA4","0.0","","Electrical Labor","","81.0","","","","","a23Ho00000NdkX1IAJ","0.0","0.0","","0.0"
"a238c0000054Iq7AAE","false","CLA-BD-0008656","","","","","","","","","a258c000004VBDSAA4","0.0","","Electrical Material","","82.0","","","","","a23Ho00000NdkX2IAJ","0.0","0.0","","0.0"
"a238c0000054Iq8AAE","false","CLA-BD-0008657","","","","","","","","","a258c000004VBDSAA4","0.0","","Power Management System","","83.0","","","","","a23Ho00000NdkX3IAJ","0.0","0.0","","0.0"
"a238c0000054Iq9AAE","false","CLA-BD-0008658","","","","","","","","","a258c000004VBDSAA4","0.0","","F.R.P. and marlite","","86.0","","","","","a23Ho00000NdkX4IAJ","0.0","0.0","","0.0"
"a238c0000054IqAAAU","false","CLA-BD-0008659","","","","","","","","","a258c000004VBDSAA4","0.0","","Gas to Property Line","","1.0","","","","","a23Ho00000NdkX5IAJ","0.0","0.0","","0.0"
"a238c0000054IqBAAU","false","CLA-BD-0008660","","","","","","","","","a258c000004VBDSAA4","0.0","","Water to Property line","","2.0","","","","","a23Ho00000NdkX6IAJ","0.0","0.0","","0.0"
"a238c0000054IqCAAU","false","CLA-BD-0008661","","","","","","","","","a258c000004VBDSAA4","0.0","","Sewer to Property Line","","3.0","","","","","a23Ho00000NdkX7IAJ","0.0","0.0","","0.0"
"a238c0000054IqDAAU","false","CLA-BD-0008662","","","","","","","","","a258c000004VBDSAA4","0.0","","New electric service","","4.0","","","","","a23Ho00000NdkX8IAJ","0.0","0.0","","0.0"
"a238c0000054IqEAAU","false","CLA-BD-0008663","","","","","","","","","a258c000004VBDSAA4","0.0","","Power pole - new or relocate","","5.0","","","","","a23Ho00000NdkX9IAJ","0.0","0.0","","0.0"
"a238c0000054IqFAAU","false","CLA-BD-0008664","","","","","","","","","a258c000004VBDSAA4","0.0","","Street light - new or relocate","","6.0","","","","","a23Ho00000NdkXAIAZ","0.0","0.0","","0.0"
"a238c0000054IqGAAU","false","CLA-BD-0008665","","","","","","","","","a258c000004VBDSAA4","0.0","","Telephone Pole","","7.0","","","","","a23Ho00000NdkXBIAZ","0.0","0.0","","0.0"
"a238c0000054IqHAAU","false","CLA-BD-0008666","","","","","","","","","a258c000004VBDSAA4","0.0","","Off site fire hydrant","","8.0","","","","","a23Ho00000NdkXCIAZ","0.0","0.0","","0.0"
"a238c0000054IqIAAU","false","CLA-BD-0008667","","","","","","","","","a258c000004VBDSAA4","0.0","","Traffic signals - new or relocate","","9.0","","","","","a23Ho00000NdkXDIAZ","0.0","0.0","","0.0"
"a238c0000054IqJAAU","false","CLA-BD-0008668","","","","","","","","","a258c000004VBDSAA4","0.0","","Offsite Demolition","","10.0","","","","","a23Ho00000NdkXEIAZ","0.0","0.0","","0.0"
"a238c0000054IqKAAU","false","CLA-BD-0008669","","","","","","","","","a258c000004VBDSAA4","0.0","","New Curb & Gutter","","11.0","","","","","a23Ho00000NdkXFIAZ","0.0","0.0","","0.0"
"a238c0000054IqLAAU","false","CLA-BD-0008670","","","","","","","","","a258c000004VBDSAA4","0.0","","New sidewalk","","12.0","","","","","a23Ho00000NdkXGIAZ","0.0","0.0","","0.0"
"a238c0000054IqMAAU","false","CLA-BD-0008671","","","","","","","","","a258c000004VBDSAA4","0.0","","New approaches","","13.0","","","","","a23Ho00000NdkXHIAZ","0.0","0.0","","0.0"
"a238c0000054IqNAAU","false","CLA-BD-0008672","","","","","","","","","a258c000004VBDSAA4","0.0","","Street paving and markings","","14.0","","","","","a23Ho00000NdkXIIAZ","0.0","0.0","","0.0"
"a238c0000054IqOAAU","false","CLA-BD-0008673","","","","","","","","","a258c000004VBDSAA4","0.0","","Temp sidewalk","","15.0","","","","","a23Ho00000NdkXJIAZ","0.0","0.0","","0.0"
"a238c0000054IqPAAU","false","CLA-BD-0008674","","","","","","","","","a258c000004VBDSAA4","0.0","","Storm Drain","","16.0","","","","","a23Ho00000NdkXKIAZ","0.0","0.0","","0.0"
"a238c0000054IqQAAU","false","CLA-BD-0008675","","","","","","","","","a258c000004VBDSAA4","0.0","","Relocate Transformer","","17.0","","","","","a23Ho00000NdkXLIAZ","0.0","0.0","","0.0"
"a238c0000054IqRAAU","false","CLA-BD-0008676","","","","","","","","","a258c000004VBDSAA4","0.0","","Survey","","18.0","","","","","a23Ho00000NdkXMIAZ","0.0","0.0","","0.0"
"a238c0000054IqSAAU","false","CLA-BD-0008677","","","","","","","","","a258c000004VBDSAA4","0.0","","Soils","","20.0","","","","","a23Ho00000NdkXNIAZ","0.0","0.0","","0.0"
"a238c0000054IqTAAU","false","CLA-BD-0008678","","","","","","","","","a258c000004VBDSAA4","0.0","","Grade fill / cut","","21.0","","","","","a23Ho00000NdkXOIAZ","0.0","0.0","","0.0"
"a238c0000054IqUAAU","false","CLA-BD-0008679","","","","","","","","","a258c000004VBDSAA4","0.0","","Site Demolition","","22.0","","","","","a23Ho00000NdkXPIAZ","0.0","0.0","","0.0"
"a238c0000054IqVAAU","false","CLA-BD-0008680","","","","","","","","","a258c000004VBDSAA4","0.0","","Retaining wall","","23.0","","","","","a23Ho00000NdkXQIAZ","0.0","0.0","","0.0"
"a238c0000054IqWAAU","false","CLA-BD-0008681","","","","","","","","","a258c000004VBDSAA4","0.0","","Trash Enclosure","","24.0","","","","","a23Ho00000NdkXRIAZ","0.0","0.0","","0.0"
"a238c0000054IqXAAU","false","CLA-BD-0008682","","","","","","","","","a258c000004VBDSAA4","0.0","","Concrete slabs/curbs (do not include in building slab)","","25.0","","","","","a23Ho00000NdkXSIAZ","0.0","0.0","","0.0"
"a238c0000054IqYAAU","false","CLA-BD-0008683","","","","","","","","","a258c000004VBDSAA4","0.0","","Storm Drain","","26.0","","","","","a23Ho00000NdkXTIAZ","0.0","0.0","","0.0"
"a238c0000054IqZAAU","false","CLA-BD-0008684","","","","","","","","","a258c000004VBDSAA4","0.0","","Concrete Sidewalks","","27.0","","","","","a23Ho00000NdkXUIAZ","0.0","0.0","","0.0"
"a238c0000054IqaAAE","false","CLA-BD-0008685","","","","","","","","","a258c000004VBDSAA4","0.0","","Concrete light bases","","28.0","","","","","a23Ho00000NdkXVIAZ","0.0","0.0","","0.0"
"a238c0000054IqbAAE","false","CLA-BD-0008686","","","","","","","","","a258c000004VBDSAA4","0.0","","Electrical site work/labor","","29.0","","","","","a23Ho00000NdkXWIAZ","0.0","0.0","","0.0"
"a238c0000054IqcAAE","false","CLA-BD-0008687","","","","","","","","","a258c000004VBDSAA4","0.0","","Site Lighting Material","","30.0","","","","","a23Ho00000NdkXXIAZ","0.0","0.0","","0.0"
"a238c0000054IqdAAE","false","CLA-BD-0008688","","","","","","","","","a258c000004VBDSAA4","0.0","","Monument sign base construction Lang to verify if applicable","","31.0","","","","","a23Ho00000NdkXYIAZ","0.0","0.0","","0.0"
"a238c0000054IqeAAE","false","CLA-BD-0008689","","","","","","","","","a258c000004VBDSAA4","0.0","","Plumbing sit work","","32.0","","","","","a23Ho00000NdkXZIAZ","0.0","0.0","","0.0"
"a238c0000054IqfAAE","false","CLA-BD-0008690","","","","","","","","","a258c000004VBDSAA4","0.0","","Telephone Underground","","33.0","","","","","a23Ho00000NdkXaIAJ","0.0","0.0","","0.0"
"a238c0000054IqgAAE","false","CLA-BD-0008691","","","","","","","","","a258c000004VBDSAA4","0.0","","Concrete paving","","34.0","","","","","a23Ho00000NdkXbIAJ","0.0","0.0","","0.0"
"a238c0000054IqhAAE","false","CLA-BD-0008692","","","","","","","","","a258c000004VBDSAA4","0.0","","Asphalt paving & striping","","35.0","","","","","a23Ho00000NdkXcIAJ","0.0","0.0","","0.0"
"a238c0000054IqiAAE","false","CLA-BD-0008693","","","","","","","","","a258c000004VBDSAA4","0.0","","Landscaping w/ Irrigation (Required)","","36.0","","","","","a23Ho00000NdkXdIAJ","0.0","0.0","","0.0"
"a238c0000054IqjAAE","false","CLA-BD-0008694","","","","","","","","","a258c000004VBDSAA4","0.0","","Bollard w/ Covers","","37.0","","","","","a23Ho00000NdkXeIAJ","0.0","0.0","","0.0"
"a238c0000054IqkAAE","false","CLA-BD-0008695","","","","","","","","","a258c000004VBDSAA4","0.0","","Fire Sprinkler Service","","38.0","","","","","a23Ho00000NdkXfIAJ","0.0","0.0","","0.0"
"a238c0000054IqlAAE","false","CLA-BD-0008696","","","","","","","","","a258c000004VBDSAA4","0.0","","Erosion & Dust Control","","39.0","","","","","a23Ho00000NdkXgIAJ","0.0","0.0","","0.0"
"a238c0000054IqmAAE","false","CLA-BD-0008697","","","","","","","","","a258c000004VBDSAA4","0.0","","Fire Hydrant","","40.0","","","","","a23Ho00000NdkXhIAJ","0.0","0.0","","0.0"
"a238c0000054IqnAAE","false","CLA-BD-0008698","","","","","","","","","a258c000004VBDSAA4","0.0","","Dumpster Approach","","41.0","","","","","a23Ho00000NdkXiIAJ","0.0","0.0","","0.0"
"a238c0000054IqoAAE","false","CLA-BD-0008699","","","","","","","","","a258c000004VBDSAA4","0.0","","Wheel stops","","42.0","","","","","a23Ho00000NdkXjIAJ","0.0","0.0","","0.0"
"a238c0000054IqpAAE","false","CLA-BD-0008700","","","","","","","","","a258c000004VBDSAA4","0.0","","Preasure Washing","","43.0","","","","","a23Ho00000NdkXkIAJ","0.0","0.0","","0.0"
"a238c0000054IqqAAE","false","CLA-BD-0008701","","","","","","","","","a258c000004VBDSAA4","0.0","","Service Yard Conc/CMU","","44.0","","","","","a23Ho00000NdkXlIAJ","0.0","0.0","","0.0"
"a238c0000054IqrAAE","false","CLA-BD-0008702","","","","","","","","","a258c000004VBDSAA4","0.0","","Barricades/Signs","","45.0","","","","","a23Ho00000NdkXmIAJ","0.0","0.0","","0.0"
"a238c0000054IqsAAE","false","CLA-BD-0008703","","","","","","","","","a258c000004VBDSAA4","0.0","","Signage","","46.0","","","","","a23Ho00000NdkXnIAJ","0.0","0.0","","0.0"
"a238c0000054IqtAAE","false","CLA-BD-0008704","","","","","","","","","a258c000004VBDSAA4","0.0","","Misc.","","47.0","","","","","a23Ho00000NdkXoIAJ","0.0","0.0","","0.0"
"a238c0000054IquAAE","false","CLA-BD-0008705","","","","","","","","","a258c000004VBDSAA4","0.0","","Building Demolition","","48.0","","","","","a23Ho00000NdkXpIAJ","0.0","0.0","","0.0"
"a238c0000054IqvAAE","false","CLA-BD-0008706","","","","","","","","","a258c000004VBDSAA4","0.0","","Building Concrete Material","","49.0","","","","","a23Ho00000NdkXqIAJ","0.0","0.0","","0.0"
"a238c0000054IqwAAE","false","CLA-BD-0008707","","","","","","","","","a258c000004VBDSAA4","0.0","","Building Concrete Labor","","50.0","","","","","a23Ho00000NdkXrIAJ","0.0","0.0","","0.0"
"a238c0000054IqxAAE","false","CLA-BD-0008708","","","","","","","","","a258c000004VBDSAA4","0.0","","Concrete Foundation( Include building slab)","","51.0","","","","","a23Ho00000NdkXsIAJ","0.0","0.0","","0.0"
"a238c0000054IqyAAE","false","CLA-BD-0008709","","","","","","","","","a258c000004VBDSAA4","0.0","","Masonry/Building","","52.0","","","","","a23Ho00000NdkXtIAJ","0.0","0.0","","0.0"
"a238c0000054IqzAAE","false","CLA-BD-0008710","","","","","","","","","a258c000004VBDSAA4","0.0","","Structural Steel","","53.0","","","","","a23Ho00000NdkXuIAJ","0.0","0.0","","0.0"
"a238c0000054Ir0AAE","false","CLA-BD-0008711","","","","","","","","","a258c000004VBDSAA4","0.0","","Finish Lumber & Doors","","54.0","","","","","a23Ho00000NdkXvIAJ","0.0","0.0","","0.0"
"a238c0000054Ir1AAE","false","CLA-BD-0008712","","","","","","","","","a258c000004VBDSAA4","0.0","","Metal Doors & Frames","","55.0","","","","","a23Ho00000NdkXwIAJ","0.0","0.0","","0.0"
"a238c0000054Ir2AAE","false","CLA-BD-0008713","","","","","","","","","a258c000004VBDSAA4","0.0","","Wood Doors","","56.0","","","","","a23Ho00000NdkXxIAJ","0.0","0.0","","0.0"
"a238c0000054Ir3AAE","false","CLA-BD-0008714","","","","","","","","","a258c000004VBDSAA4","0.0","","Finish Hardware","","57.0","","","","","a23Ho00000NdkXyIAJ","0.0","0.0","","0.0"
"a238c0000054Ir4AAE","false","CLA-BD-0008715","","","","","","","","","a258c000004VBDSAA4","0.0","","Framing Labor","","58.0","","","","","a23Ho00000NdkXzIAJ","0.0","0.0","","0.0"
"a238c0000054Ir5AAE","false","CLA-BD-0008716","","","","","","","","","a258c000004VBDSAA4","0.0","","Misc.","","92.0","","","","","a23Ho00000NdkY0IAJ","0.0","0.0","","0.0"
"a238c0000054JYhAAM","false","CLA-BD-0011209","","","","","","","","","a258c000004VBKRAA4","0.0","","Cabinets / Millwork","","88.0","","","","","a23Hu000004TDbvIAG","0.0","0.0","0.0","0.0"
"a238c0000054JYiAAM","false","CLA-BD-0011210","","","","","","","","","a258c000004VBKRAA4","0.0","","Flooring (Rubber Floor/Silica/ Res-Tek)","","90.0","","","","","a23Hu000004TDbwIAG","0.0","0.0","0.0","0.0"
"a238c0000054JYjAAM","false","CLA-BD-0011211","","","","","","","","","a258c000004VBKRAA4","0.0","","Lighting Fixtures","","85.0","","","","","a23Hu000004TDbxIAG","0.0","0.0","0.0","0.0"
"a238c0000054JYkAAM","false","CLA-BD-0011212","","","","","","","","","a258c000004VBKRAA4","0.0","","Corporate Decor Package Installation","","93.0","","","","","a23Hu000004TDbyIAG","0.0","0.0","0.0","0.0"
"a238c0000054JYlAAM","false","CLA-BD-0011213","","","","","","","","","a258c000004VBKRAA4","0.0","","100 ft secondary service","","84.0","","","","","a23Hu000004TDbzIAG","0.0","0.0","0.0","0.0"
"a238c0000054JYmAAM","false","CLA-BD-0011214","","","","","","","","","a258c000004VBKRAA4","0.0","","Fire Extinguishers","","87.0","","","","","a23Hu000004TDc0IAG","0.0","0.0","0.0","0.0"
"a238c0000054JYnAAM","false","CLA-BD-0011215","","","","","","","","","a258c000004VBKRAA4","0.0","","Caulking","","91.0","","","","","a23Hu000004TDc1IAG","0.0","0.0","0.0","0.0"
"a238c0000054JYoAAM","false","CLA-BD-0011216","","","","","","","","","a258c000004VBKRAA4","0.0","","Toilet Partitions","","89.0","","","","","a23Hu000004TDc2IAG","0.0","0.0","0.0","0.0"
"a238c0000054JYpAAM","false","CLA-BD-0011217","","","","","","","","","a258c000004VBKRAA4","0.0","","Roofing","","59.0","","","","","a23Hu000004TDc3IAG","0.0","0.0","0.0","0.0"
"a238c0000054JYqAAM","false","CLA-BD-0011218","","","","","","","","","a258c000004VBKRAA4","0.0","","Finish Carpentry Labor","","60.0","","","","","a23Hu000004TDc4IAG","0.0","0.0","0.0","0.0"
"a238c0000054JYrAAM","false","CLA-BD-0011219","","","","","","","","","a258c000004VBKRAA4","0.0","","Rough Carpentry Labor","","61.0","","","","","a23Hu000004TDc5IAG","0.0","0.0","0.0","0.0"
"a238c0000054JYsAAM","false","CLA-BD-0011220","","","","","","","","","a258c000004VBKRAA4","0.0","","Rough Carpentry Material","","62.0","","","","","a23Hu000004TDc6IAG","0.0","0.0","0.0","0.0"
"a238c0000054JYtAAM","false","CLA-BD-0011221","","","","","","","","","a258c000004VBKRAA4","0.0","","Sheet Metal","","63.0","","","","","a23Hu000004TDc7IAG","0.0","0.0","0.0","0.0"
"a238c0000054JYuAAM","false","CLA-BD-0011222","","","","","","","","","a258c000004VBKRAA4","0.0","","Insulation","","64.0","","","","","a23Hu000004TDc8IAG","0.0","0.0","0.0","0.0"
"a238c0000054JYvAAM","false","CLA-BD-0011223","","","","","","","","","a258c000004VBKRAA4","0.0","","Glass & Glazing","","65.0","","","","","a23Hu000004TDc9IAG","0.0","0.0","0.0","0.0"
"a238c0000054JYwAAM","false","CLA-BD-0011224","","","","","","","","","a258c000004VBKRAA4","0.0","","Drywall & Metal Studs","","66.0","","","","","a23Hu000004TDcAIAW","0.0","0.0","0.0","0.0"
"a238c0000054JYxAAM","false","CLA-BD-0011225","","","","","","","","","a258c000004VBKRAA4","0.0","","Acoustic Tile","","67.0","","","","","a23Hu000004TDcBIAW","0.0","0.0","0.0","0.0"
"a238c0000054JYyAAM","false","CLA-BD-0011226","","","","","","","","","a258c000004VBKRAA4","0.0","","Painting","","68.0","","","","","a23Hu000004TDcCIAW","0.0","0.0","0.0","0.0"
"a238c0000054JYzAAM","false","CLA-BD-0011227","","","","","","","","","a258c000004VBKRAA4","0.0","","Ceramic tile","","69.0","","","","","a23Hu000004TDcDIAW","0.0","0.0","0.0","0.0"
"a238c0000054JZ0AAM","false","CLA-BD-0011228","","","","","","","","","a258c000004VBKRAA4","0.0","","EIFS / Lath & Plaster","","70.0","","","","","a23Hu000004TDcEIAW","0.0","0.0","0.0","0.0"
"a238c0000054JZ1AAM","false","CLA-BD-0011229","","","","","","","","","a258c000004VBKRAA4","0.0","","Misc. S.S.","","71.0","","","","","a23Hu000004TDcFIAW","0.0","0.0","0.0","0.0"
"a238c0000054JZ2AAM","false","CLA-BD-0011230","","","","","","","","","a258c000004VBKRAA4","0.0","","Toilet accessories","","72.0","","","","","a23Hu000004TDcGIAW","0.0","0.0","0.0","0.0"
"a238c0000054JZ3AAM","false","CLA-BD-0011231","","","","","","","","","a258c000004VBKRAA4","0.0","","GC Installed Items","","73.0","","","","","a23Hu000004TDcHIAW","0.0","0.0","0.0","0.0"
"a238c0000054JZ4AAM","false","CLA-BD-0011232","","","","","","","","","a258c000004VBKRAA4","0.0","","H.V.A.C. System","","74.0","","","","","a23Hu000004TDcIIAW","0.0","0.0","0.0","0.0"
"a238c0000054JZ5AAM","false","CLA-BD-0011233","","","","","","","","","a258c000004VBKRAA4","0.0","","TABC - Air Balance (Required)","","75.0","","","","","a23Hu000004TDcJIAW","0.0","0.0","0.0","0.0"
"a238c0000054JZ6AAM","false","CLA-BD-0011234","","","","","","","","","a258c000004VBKRAA4","0.0","","Plumbing","","76.0","","","","","a23Hu000004TDcKIAW","0.0","0.0","0.0","0.0"
"a238c0000054JZ7AAM","false","CLA-BD-0011235","","","","","","","","","a258c000004VBKRAA4","0.0","","Fire Sprinkler (if required)","","77.0","","","","","a23Hu000004TDcLIAW","0.0","0.0","0.0","0.0"
"a238c0000054JZ8AAM","false","CLA-BD-0011236","","","","","","","","","a258c000004VBKRAA4","0.0","","Metal Fab","","78.0","","","","","a23Hu000004TDcMIAW","0.0","0.0","0.0","0.0"
"a238c0000054JZ9AAM","false","CLA-BD-0011237","","","","","","","","","a258c000004VBKRAA4","0.0","","Electrical Material","","82.0","","","","","a23Hu000004TDcNIAW","0.0","0.0","0.0","0.0"
"a238c0000054JZAAA2","false","CLA-BD-0011238","","","","","","","","","a258c000004VBKRAA4","0.0","","Cedar brackets","","79.0","","","","","a23Hu000004TDcOIAW","0.0","0.0","0.0","0.0"
"a238c0000054JZBAA2","false","CLA-BD-0011239","","","","","","","","","a258c000004VBKRAA4","0.0","","Termite Treat","","80.0","","","","","a23Hu000004TDcPIAW","0.0","0.0","0.0","0.0"
"a238c0000054JZCAA2","false","CLA-BD-0011240","","","","","","","","","a258c000004VBKRAA4","0.0","","Electrical Labor","","81.0","","","","","a23Hu000004TDcQIAW","0.0","0.0","0.0","0.0"
"a238c0000054JZDAA2","false","CLA-BD-0011241","","","","","","","","","a258c000004VBKRAA4","0.0","","Power Management System","","83.0","","","","","a23Hu000004TDcRIAW","0.0","0.0","0.0","0.0"
"a238c0000054JZEAA2","false","CLA-BD-0011242","","","","","","","","","a258c000004VBKRAA4","0.0","","F.R.P. and marlite","","86.0","","","","","a23Hu000004TDcSIAW","0.0","0.0","0.0","0.0"
"a238c0000054JZFAA2","false","CLA-BD-0011243","","","","","","","","","a258c000004VBKRAA4","0.0","","Gas to Property Line","","1.0","","","","","a23Hu000004TDcTIAW","0.0","0.0","0.0","0.0"
"a238c0000054JZGAA2","false","CLA-BD-0011244","","","","","","","","","a258c000004VBKRAA4","0.0","","Water to Property line","","2.0","","","","","a23Hu000004TDcUIAW","0.0","0.0","0.0","0.0"
"a238c0000054JZHAA2","false","CLA-BD-0011245","","","","","","","","","a258c000004VBKRAA4","0.0","","Sewer to Property Line","","3.0","","","","","a23Hu000004TDcVIAW","0.0","0.0","0.0","0.0"
"a238c0000054JZIAA2","false","CLA-BD-0011246","","","","","","","","","a258c000004VBKRAA4","0.0","","New electric service","","4.0","","","","","a23Hu000004TDcWIAW","0.0","0.0","0.0","0.0"
"a238c0000054JZJAA2","false","CLA-BD-0011247","","","","","","","","","a258c000004VBKRAA4","0.0","","Power pole - new or relocate","","5.0","","","","","a23Hu000004TDcXIAW","0.0","0.0","0.0","0.0"
"a238c0000054JZKAA2","false","CLA-BD-0011248","","","","","","","","","a258c000004VBKRAA4","0.0","","Street light - new or relocate","","6.0","","","","","a23Hu000004TDcYIAW","0.0","0.0","0.0","0.0"
"a238c0000054JZLAA2","false","CLA-BD-0011249","","","","","","","","","a258c000004VBKRAA4","0.0","","Telephone Pole","","7.0","","","","","a23Hu000004TDcZIAW","0.0","0.0","0.0","0.0"
"a238c0000054JZMAA2","false","CLA-BD-0011250","","","","","","","","","a258c000004VBKRAA4","0.0","","Off site fire hydrant","","8.0","","","","","a23Hu000004TDcaIAG","0.0","0.0","0.0","0.0"
"a238c0000054JZNAA2","false","CLA-BD-0011251","","","","","","","","","a258c000004VBKRAA4","0.0","","Traffic signals - new or relocate","","9.0","","","","","a23Hu000004TDcbIAG","0.0","0.0","0.0","0.0"
"a238c0000054JZOAA2","false","CLA-BD-0011252","","","","","","","","","a258c000004VBKRAA4","0.0","","Offsite Demolition","","10.0","","","","","a23Hu000004TDccIAG","0.0","0.0","0.0","0.0"
"a238c0000054JZPAA2","false","CLA-BD-0011253","","","","","","","","","a258c000004VBKRAA4","0.0","","New Curb & Gutter","","11.0","","","","","a23Hu000004TDcdIAG","0.0","0.0","0.0","0.0"
"a238c0000054JZQAA2","false","CLA-BD-0011254","","","","","","","","","a258c000004VBKRAA4","0.0","","New sidewalk","","12.0","","","","","a23Hu000004TDceIAG","0.0","0.0","0.0","0.0"
"a238c0000054JZRAA2","false","CLA-BD-0011255","","","","","","","","","a258c000004VBKRAA4","0.0","","New approaches","","13.0","","","","","a23Hu000004TDcfIAG","0.0","0.0","0.0","0.0"
"a238c0000054JZSAA2","false","CLA-BD-0011256","","","","","","","","","a258c000004VBKRAA4","0.0","","Street paving and markings","","14.0","","","","","a23Hu000004TDcgIAG","0.0","0.0","0.0","0.0"
"a238c0000054JZTAA2","false","CLA-BD-0011257","","","","","","","","","a258c000004VBKRAA4","0.0","","Temp sidewalk","","15.0","","","","","a23Hu000004TDchIAG","0.0","0.0","0.0","0.0"
"a238c0000054JZUAA2","false","CLA-BD-0011258","","","","","","","","","a258c000004VBKRAA4","0.0","","Storm Drain","","16.0","","","","","a23Hu000004TDciIAG","0.0","0.0","0.0","0.0"
"a238c0000054JZVAA2","false","CLA-BD-0011259","","","","","","","","","a258c000004VBKRAA4","0.0","","Relocate Transformer","","17.0","","","","","a23Hu000004TDcjIAG","0.0","0.0","0.0","0.0"
"a238c0000054JZWAA2","false","CLA-BD-0011260","","","","","","","","","a258c000004VBKRAA4","0.0","","Survey","","18.0","","","","","a23Hu000004TDckIAG","0.0","0.0","0.0","0.0"
"a238c0000054JZXAA2","false","CLA-BD-0011261","","","","","","","","","a258c000004VBKRAA4","0.0","","Soils","","20.0","","","","","a23Hu000004TDclIAG","0.0","0.0","0.0","0.0"
"a238c0000054JZYAA2","false","CLA-BD-0011262","","","","","","","","","a258c000004VBKRAA4","0.0","","Landscaping w/ Irrigation (Required)","","36.0","","","","","a23Hu000004TDcmIAG","0.0","0.0","0.0","0.0"
"a238c0000054JZZAA2","false","CLA-BD-0011263","","","","","","","","","a258c000004VBKRAA4","0.0","","Bollard w/ Covers","","37.0","","","","","a23Hu000004TDcnIAG","0.0","0.0","0.0","0.0"
"a238c0000054JZaAAM","false","CLA-BD-0011264","","","","","","","","","a258c000004VBKRAA4","0.0","","Fire Sprinkler Service","","38.0","","","","","a23Hu000004TDcoIAG","0.0","0.0","0.0","0.0"
"a238c0000054JZbAAM","false","CLA-BD-0011265","","","","","","","","","a258c000004VBKRAA4","0.0","","Erosion & Dust Control","","39.0","","","","","a23Hu000004TDcpIAG","0.0","0.0","0.0","0.0"
"a238c0000054JZcAAM","false","CLA-BD-0011266","","","","","","","","","a258c000004VBKRAA4","0.0","","Fire Hydrant","","40.0","","","","","a23Hu000004TDcqIAG","0.0","0.0","0.0","0.0"
"a238c0000054JZdAAM","false","CLA-BD-0011267","","","","","","","","","a258c000004VBKRAA4","0.0","","Dumpster Approach","","41.0","","","","","a23Hu000004TDcrIAG","0.0","0.0","0.0","0.0"
"a238c0000054JZeAAM","false","CLA-BD-0011268","","","","","","","","","a258c000004VBKRAA4","0.0","","Wheel stops","","42.0","","","","","a23Hu000004TDcsIAG","0.0","0.0","0.0","0.0"
"a238c0000054JZfAAM","false","CLA-BD-0011269","","","","","","","","","a258c000004VBKRAA4","0.0","","Preasure Washing","","43.0","","","","","a23Hu000004TDctIAG","0.0","0.0","0.0","0.0"
"a238c0000054JZgAAM","false","CLA-BD-0011270","","","","","","","","","a258c000004VBKRAA4","0.0","","Service Yard Conc/CMU","","44.0","","","","","a23Hu000004TDcuIAG","0.0","0.0","0.0","0.0"
"a238c0000054JZhAAM","false","CLA-BD-0011271","","","","","","","","","a258c000004VBKRAA4","0.0","","Barricades/Signs","","45.0","","","","","a23Hu000004TDcvIAG","0.0","0.0","0.0","0.0"
"a238c0000054JZiAAM","false","CLA-BD-0011272","","","","","","","","","a258c000004VBKRAA4","0.0","","Signage","","46.0","","","","","a23Hu000004TDcwIAG","0.0","0.0","0.0","0.0"
"a238c0000054JZjAAM","false","CLA-BD-0011273","","","","","","","","","a258c000004VBKRAA4","0.0","","Misc.","","47.0","","","","","a23Hu000004TDcxIAG","0.0","0.0","0.0","0.0"
"a238c0000054JZkAAM","false","CLA-BD-0011274","","","","","","","","","a258c000004VBKRAA4","0.0","","Building Demolition","","48.0","","","","","a23Hu000004TDcyIAG","0.0","0.0","0.0","0.0"
"a238c0000054JZlAAM","false","CLA-BD-0011275","","","","","","","","","a258c000004VBKRAA4","0.0","","Building Concrete Material","","49.0","","","","","a23Hu000004TDczIAG","0.0","0.0","0.0","0.0"
"a238c0000054JZmAAM","false","CLA-BD-0011276","","","","","","","","","a258c000004VBKRAA4","0.0","","Building Concrete Labor","","50.0","","","","","a23Hu000004TDd0IAG","0.0","0.0","0.0","0.0"
"a238c0000054JZnAAM","false","CLA-BD-0011277","","","","","","","","","a258c000004VBKRAA4","0.0","","Concrete Foundation( Include building slab)","","51.0","","","","","a23Hu000004TDd1IAG","0.0","0.0","0.0","0.0"
"a238c0000054JZoAAM","false","CLA-BD-0011278","","","","","","","","","a258c000004VBKRAA4","0.0","","Masonry/Building","","52.0","","","","","a23Hu000004TDd2IAG","0.0","0.0","0.0","0.0"
"a238c0000054JZpAAM","false","CLA-BD-0011279","","","","","","","","","a258c000004VBKRAA4","0.0","","Structural Steel","","53.0","","","","","a23Hu000004TDd3IAG","0.0","0.0","0.0","0.0"
"a238c0000054JZqAAM","false","CLA-BD-0011280","","","","","","","","","a258c000004VBKRAA4","0.0","","Finish Lumber & Doors","","54.0","","","","","a23Hu000004TDd4IAG","0.0","0.0","0.0","0.0"
"a238c0000054JZrAAM","false","CLA-BD-0011281","","","","","","","","","a258c000004VBKRAA4","0.0","","Metal Doors & Frames","","55.0","","","","","a23Hu000004TDd5IAG","0.0","0.0","0.0","0.0"
"a238c0000054JZsAAM","false","CLA-BD-0011282","","","","","","","","","a258c000004VBKRAA4","0.0","","Wood Doors","","56.0","","","","","a23Hu000004TDd6IAG","0.0","0.0","0.0","0.0"
"a238c0000054JZtAAM","false","CLA-BD-0011283","","","","","","","","","a258c000004VBKRAA4","0.0","","Finish Hardware","","57.0","","","","","a23Hu000004TDd7IAG","0.0","0.0","0.0","0.0"
"a238c0000054JZuAAM","false","CLA-BD-0011284","","","","","","","","","a258c000004VBKRAA4","0.0","","Framing Labor","","58.0","","","","","a23Hu000004TDd8IAG","0.0","0.0","0.0","0.0"
"a238c0000054JZvAAM","false","CLA-BD-0011285","","","","","","","","","a258c000004VBKRAA4","0.0","","Misc.","","92.0","","","","","a23Hu000004TDd9IAG","0.0","0.0","0.0","0.0"
"a238c0000054JZwAAM","false","CLA-BD-0011286","","","","","","","","","a258c000004VBKRAA4","0.0","","Grade fill / cut","","21.0","","","","","a23Hu000004TDdAIAW","0.0","0.0","0.0","0.0"
"a238c0000054JZxAAM","false","CLA-BD-0011287","","","","","","","","","a258c000004VBKRAA4","0.0","","Site Demolition","","22.0","","","","","a23Hu000004TDdBIAW","0.0","0.0","0.0","0.0"
"a238c0000054JZyAAM","false","CLA-BD-0011288","","","","","","","","","a258c000004VBKRAA4","0.0","","Retaining wall","","23.0","","","","","a23Hu000004TDdCIAW","0.0","0.0","0.0","0.0"
"a238c0000054JZzAAM","false","CLA-BD-0011289","","","","","","","","","a258c000004VBKRAA4","0.0","","Trash Enclosure","","24.0","","","","","a23Hu000004TDdDIAW","0.0","0.0","0.0","0.0"
"a238c0000054Ja0AAE","false","CLA-BD-0011290","","","","","","","","","a258c000004VBKRAA4","0.0","","Concrete slabs/curbs (do not include in building slab)","","25.0","","","","","a23Hu000004TDdEIAW","0.0","0.0","0.0","0.0"
"a238c0000054Ja1AAE","false","CLA-BD-0011291","","","","","","","","","a258c000004VBKRAA4","0.0","","Storm Drain","","26.0","","","","","a23Hu000004TDdFIAW","0.0","0.0","0.0","0.0"
"a238c0000054Ja2AAE","false","CLA-BD-0011292","","","","","","","","","a258c000004VBKRAA4","0.0","","Concrete Sidewalks","","27.0","","","","","a23Hu000004TDdGIAW","0.0","0.0","0.0","0.0"
"a238c0000054Ja3AAE","false","CLA-BD-0011293","","","","","","","","","a258c000004VBKRAA4","0.0","","Concrete light bases","","28.0","","","","","a23Hu000004TDdHIAW","0.0","0.0","0.0","0.0"
"a238c0000054Ja4AAE","false","CLA-BD-0011294","","","","","","","","","a258c000004VBKRAA4","0.0","","Electrical site work/labor","","29.0","","","","","a23Hu000004TDdIIAW","0.0","0.0","0.0","0.0"
"a238c0000054Ja5AAE","false","CLA-BD-0011295","","","","","","","","","a258c000004VBKRAA4","0.0","","Site Lighting Material","","30.0","","","","","a23Hu000004TDdJIAW","0.0","0.0","0.0","0.0"
"a238c0000054Ja6AAE","false","CLA-BD-0011296","","","","","","","","","a258c000004VBKRAA4","0.0","","Monument sign base construction Lang to verify if applicable","","31.0","","","","","a23Hu000004TDdKIAW","0.0","0.0","0.0","0.0"
"a238c0000054Ja7AAE","false","CLA-BD-0011297","","","","","","","","","a258c000004VBKRAA4","0.0","","Plumbing sit work","","32.0","","","","","a23Hu000004TDdLIAW","0.0","0.0","0.0","0.0"
"a238c0000054Ja8AAE","false","CLA-BD-0011298","","","","","","","","","a258c000004VBKRAA4","0.0","","Telephone Underground","","33.0","","","","","a23Hu000004TDdMIAW","0.0","0.0","0.0","0.0"
"a238c0000054Ja9AAE","false","CLA-BD-0011299","","","","","","","","","a258c000004VBKRAA4","0.0","","Concrete paving","","34.0","","","","","a23Hu000004TDdNIAW","0.0","0.0","0.0","0.0"
"a238c0000054JaAAAU","false","CLA-BD-0011300","","","","","","","","","a258c000004VBKRAA4","0.0","","Asphalt paving & striping","","35.0","","","","","a23Hu000004TDdOIAW","0.0","0.0","0.0","0.0"
"a238c0000054JaBAAU","false","CLA-BD-0011301","","","","","","","","","a258c000004VBKSAA4","0.0","","Landscaping","","3.0","","","","","a23Hu000004TDdPIAW","0.0","0.0","","0.0"
"a238c0000054JaCAAU","false","CLA-BD-0011302","","","","","","","","","a258c000004VBKSAA4","0.0","","Bituminous Damproofing","","11.0","","","","","a23Hu000004TDdQIAW","0.0","0.0","","0.0"
"a238c0000054JaDAAU","false","CLA-BD-0011303","","","","","","","","","a258c000004VBKSAA4","0.0","","Linear Metal Ceilings","","19.0","","","","","a23Hu000004TDdRIAW","0.0","0.0","","0.0"
"a238c0000054JaEAAU","false","CLA-BD-0011304","","","","","","","","","a258c000004VBKSAA4","0.0","","Hydraulic Elevators","","24.0","","","","","a23Hu000004TDdSIAW","0.0","0.0","","0.0"
"a238c0000054JaFAAU","false","CLA-BD-0011305","","","","","","","","","a258c000004VBKSAA4","0.0","","Glass/Glazing","","15.0","","","","","a23Hu000004TDdTIAW","0.0","0.0","","0.0"
"a238c0000054JaGAAU","false","CLA-BD-0011306","","","","","","","","","a258c000004VBKSAA4","0.0","","General Conditions","","29.0","","","","","a23Hu000004TDdUIAW","0.0","0.0","","0.0"
"a238c0000054JaHAAU","false","CLA-BD-0011307","","","","","","","","","a258c000004VBKSAA4","0.0","","S & C Bond","","30.0","","","","","a23Hu000004TDdVIAW","0.0","0.0","","0.0"
"a238c0000054JaIAAU","false","CLA-BD-0011308","","","","","","","","","a258c000004VBKSAA4","0.0","","Rough Carpentry","","9.0","","","","","a23Hu000004TDdWIAW","0.0","0.0","","0.0"
"a238c0000054JaJAAU","false","CLA-BD-0011309","","","","","","","","","a258c000004VBKSAA4","0.0","","Finish Carpentry/Millwork","","10.0","","","","","a23Hu000004TDdXIAW","0.0","0.0","","0.0"
"a238c0000054JaKAAU","false","CLA-BD-0011310","","","","","","","","","a258c000004VBKSAA4","0.0","","HVAC","","27.0","","","","","a23Hu000004TDdYIAW","0.0","0.0","","0.0"
"a238c0000054JaLAAU","false","CLA-BD-0011311","","","","","","","","","a258c000004VBKSAA4","0.0","","Acoustical Ceilings","","18.0","","","","","a23Hu000004TDdZIAW","0.0","0.0","","0.0"
"a238c0000054JaMAAU","false","CLA-BD-0011312","","","","","","","","","a258c000004VBKSAA4","0.0","","Structural Steel","","8.0","","","","","a23Hu000004TDdaIAG","0.0","0.0","","0.0"
"a238c0000054JaNAAU","false","CLA-BD-0011313","","","","","","","","","a258c000004VBKSAA4","0.0","","Plumbing","","25.0","","","","","a23Hu000004TDdbIAG","0.0","0.0","","0.0"
"a238c0000054JaOAAU","false","CLA-BD-0011314","","","","","","","","","a258c000004VBKSAA4","0.0","","Fabric Awnings","","23.0","","","","","a23Hu000004TDdcIAG","0.0","0.0","","0.0"
"a238c0000054JaPAAU","false","CLA-BD-0011315","","","","","","","","","a258c000004VBKSAA4","0.0","","Doors/Frames/Hardware","","14.0","","","","","a23Hu000004TDddIAG","0.0","0.0","","0.0"
"a238c0000054JaQAAU","false","CLA-BD-0011316","","","","","","","","","a258c000004VBKSAA4","0.0","","Unit Masonry","","7.0","","","","","a23Hu000004TDdeIAG","0.0","0.0","","0.0"
"a238c0000054JaRAAU","false","CLA-BD-0011317","","","","","","","","","a258c000004VBKSAA4","0.0","","Termite Control","","2.0","","","","","a23Hu000004TDdfIAG","0.0","0.0","","0.0"
"a238c0000054JaSAAU","false","CLA-BD-0011318","","","","","","","","","a258c000004VBKSAA4","0.0","","Fire Protection","","26.0","","","","","a23Hu000004TDdgIAG","0.0","0.0","","0.0"
"a238c0000054JaTAAU","false","CLA-BD-0011319","","","","","","","","","a258c000004VBKSAA4","0.0","","Joint Sealers","","13.0","","","","","a23Hu000004TDdhIAG","0.0","0.0","","0.0"
"a238c0000054JaUAAU","false","CLA-BD-0011320","","","","","","","","","a258c000004VBKSAA4","0.0","","Resilient and Carpet Flooring","","20.0","","","","","a23Hu000004TDdiIAG","0.0","0.0","","0.0"
"a238c0000054JaVAAU","false","CLA-BD-0011321","","","","","","","","","a258c000004VBKSAA4","0.0","","Building Excavator","","4.0","","","","","a23Hu000004TDdjIAG","0.0","0.0","","0.0"
"a238c0000054JaWAAU","false","CLA-BD-0011322","","","","","","","","","a258c000004VBKSAA4","0.0","","Painting","","21.0","","","","","a23Hu000004TDdkIAG","0.0","0.0","","0.0"
"a238c0000054JaXAAU","false","CLA-BD-0011323","","","","","","","","","a258c000004VBKSAA4","0.0","","Sitework","","1.0","","","","","a23Hu000004TDdlIAG","0.0","0.0","","0.0"
"a238c0000054JaYAAU","false","CLA-BD-0011324","","","","","","","","","a258c000004VBKSAA4","0.0","","Misc. Specialities","","22.0","","","","","a23Hu000004TDdmIAG","0.0","0.0","","0.0"
"a238c0000054JaZAAU","false","CLA-BD-0011325","","","","","","","","","a258c000004VBKSAA4","0.0","","Electrical","","28.0","","","","","a23Hu000004TDdnIAG","0.0","0.0","","0.0"
"a238c0000054JaaAAE","false","CLA-BD-0011326","","","","","","","","","a258c000004VBKSAA4","0.0","","Ceramic Tile","","17.0","","","","","a23Hu000004TDdoIAG","0.0","0.0","","0.0"
"a238c0000054JabAAE","false","CLA-BD-0011327","","","","","","","","","a258c000004VBKSAA4","0.0","","Cast in Place Concrete","","5.0","","","","","a23Hu000004TDdpIAG","0.0","0.0","","0.0"
"a238c0000054JacAAE","false","CLA-BD-0011328","","","","","","","","","a258c000004VBKSAA4","0.0","","Roofing &Sheetmetal Flashing","","12.0","","","","","a23Hu000004TDdqIAG","0.0","0.0","","0.0"
"a238c0000054JadAAE","false","CLA-BD-0011329","","","","","","","","","a258c000004VBKSAA4","0.0","","Studs/Drywall/EIFS","","16.0","","","","","a23Hu000004TDdrIAG","0.0","0.0","","0.0"
"a238c0000054JaeAAE","false","CLA-BD-0011330","","","","","","","","","a258c000004VBKSAA4","0.0","","Tilt-Up Precast Concrete","","6.0","","","","","a23Hu000004TDdsIAG","0.0","0.0","","0.0"
"a238c0000054JafAAE","false","CLA-BD-0011331","","","","","","","","","a258c000004VBKSAA4","0.0","","Change Orders","","36.0","","","","","a23Hu000004TDdtIAG","0.0","0.0","","0.0"
"a238c0000054JagAAE","false","CLA-BD-0011332","","","","","","","","","a258c000004VBKSAA4","0.0","","Allowance - Precast Concrete Pane","","35.0","","","","","a23Hu000004TDduIAG","0.0","0.0","","0.0"
"a238c0000054JahAAE","false","CLA-BD-0011333","","","","","","","","","a258c000004VBKSAA4","0.0","","Allowance - Drywall Support/Finishing","","34.0","","","","","a23Hu000004TDdvIAG","0.0","0.0","","0.0"
"a238c0000054JaiAAE","false","CLA-BD-0011334","","","","","","","","","a258c000004VBKSAA4","0.0","","Fee","","31.0","","","","","a23Hu000004TDdwIAG","0.0","0.0","","0.0"
"a238c0000054JajAAE","false","CLA-BD-0011335","","","","","","","","","a258c000004VBKSAA4","0.0","","Allowance - Add'l Steel Support","","33.0","","","","","a23Hu000004TDdxIAG","0.0","0.0","","0.0"
"a238c0000054JakAAE","false","CLA-BD-0011336","","","","","","","","","a258c000004VBKSAA4","0.0","","Allowance - Mis Paving Earthwork","","32.0","","","","","a23Hu000004TDdyIAG","0.0","0.0","","0.0"
"a238c0000054JalAAE","false","CLA-BD-0011337","","","","","","","","","a258c000004VBKTAA4","0.0","","Exterior Glass (7xS450)","","21.0","","","","","a23Hu000004TDdzIAG","0.0","0.0","","0.0"
"a238c0000054JamAAE","false","CLA-BD-0011338","","","","","","","","","a258c000004VBKTAA4","0.0","","General Conditions","","22.0","","","","","a23Hu000004TDe0IAG","0.0","0.0","","0.0"
"a238c0000054JanAAE","false","CLA-BD-0011339","","","","","","","","","a258c000004VBKTAA4","0.0","","O&P","","23.0","","","","","a23Hu000004TDe1IAG","0.0","0.0","","0.0"
"a238c0000054JaoAAE","false","CLA-BD-0011340","","","","","","","","","a258c000004VBKTAA4","0.0","","Insurance","","24.0","","","","","a23Hu000004TDe2IAG","0.0","0.0","","0.0"
"a238c0000054JapAAE","false","CLA-BD-0011341","","","","","","","","","a258c000004VBKTAA4","0.0","","Millwork","","14.0","","","","","a23Hu000004TDe3IAG","0.0","0.0","","0.0"
"a238c0000054JaqAAE","false","CLA-BD-0011342","","","","","","","","","a258c000004VBKTAA4","0.0","","Structural ( Entry Feature)","","15.0","","","","","a23Hu000004TDe4IAG","0.0","0.0","","0.0"
"a238c0000054JarAAE","false","CLA-BD-0011343","","","","","","","","","a258c000004VBKTAA4","0.0","","Concrete Fill In Plumbing Trenches","","16.0","","","","","a23Hu000004TDe5IAG","0.0","0.0","","0.0"
"a238c0000054JasAAE","false","CLA-BD-0011344","","","","","","","","","a258c000004VBKTAA4","0.0","","Site Stripping (ADA)","","17.0","","","","","a23Hu000004TDe6IAG","0.0","0.0","","0.0"
"a238c0000054JatAAE","false","CLA-BD-0011345","","","","","","","","","a258c000004VBKTAA4","0.0","","Roof Structure (Trusses, Sheeting, Labor)","","18.0","","","","","a23Hu000004TDe7IAG","0.0","0.0","","0.0"
"a238c0000054JauAAE","false","CLA-BD-0011346","","","","","","","","","a258c000004VBKTAA4","0.0","","Roofing","","19.0","","","","","a23Hu000004TDe8IAG","0.0","0.0","","0.0"
"a238c0000054JavAAE","false","CLA-BD-0011347","","","","","","","","","a258c000004VBKTAA4","0.0","","Lights - LED","","20.0","","","","","a23Hu000004TDe9IAG","0.0","0.0","","0.0"
"a238c0000054JawAAE","false","CLA-BD-0011348","","","","","","","","","a258c000004VBKTAA4","0.0","","Electrical and Low Voltage","","1.0","","","","","a23Hu000004TDeAIAW","0.0","0.0","","0.0"
"a238c0000054JaxAAE","false","CLA-BD-0011349","","","","","","","","","a258c000004VBKTAA4","0.0","","Mechanical","","2.0","","","","","a23Hu000004TDeBIAW","0.0","0.0","","0.0"
"a238c0000054JayAAE","false","CLA-BD-0011350","","","","","","","","","a258c000004VBKTAA4","0.0","","Plumbing","","3.0","","","","","a23Hu000004TDeCIAW","0.0","0.0","","0.0"
"a238c0000054JazAAE","false","CLA-BD-0011351","","","","","","","","","a258c000004VBKTAA4","0.0","","Painting (Interior and Exterior)","","4.0","","","","","a23Hu000004TDeDIAW","0.0","0.0","","0.0"
"a238c0000054Jb0AAE","false","CLA-BD-0011352","","","","","","","","","a258c000004VBKTAA4","0.0","","Flooring","","5.0","","","","","a23Hu000004TDeEIAW","0.0","0.0","","0.0"
"a238c0000054Jb1AAE","false","CLA-BD-0011353","","","","","","","","","a258c000004VBKTAA4","0.0","","Ceiling","","6.0","","","","","a23Hu000004TDeFIAW","0.0","0.0","","0.0"
"a238c0000054Jb2AAE","false","CLA-BD-0011354","","","","","","","","","a258c000004VBKTAA4","0.0","","Drywall and Framing","","7.0","","","","","a23Hu000004TDeGIAW","0.0","0.0","","0.0"
"a238c0000054Jb3AAE","false","CLA-BD-0011355","","","","","","","","","a258c000004VBKTAA4","0.0","","Doors & Hardware (SC w/ Metal Frame)","","8.0","","","","","a23Hu000004TDeHIAW","0.0","0.0","","0.0"
"a238c0000054Jb4AAE","false","CLA-BD-0011356","","","","","","","","","a258c000004VBKUAA4","0.0","","Flooring (Rubber Floor/Silica/ Res-Tek)","","90.0","","","","","a23Hu000004TDeIIAW","0.0","0.0","","0.0"
"a238c0000054Jb5AAE","false","CLA-BD-0011357","","","","","","","","","a258c000004VBKTAA4","0.0","","Demo","","9.0","","","","","a23Hu000004TDeJIAW","0.0","0.0","","0.0"
"a238c0000054Jb6AAE","false","CLA-BD-0011358","","","","","","","","","a258c000004VBKTAA4","0.0","","CMU - Stucco","","11.0","","","","","a23Hu000004TDeKIAW","0.0","0.0","","0.0"
"a238c0000054Jb7AAE","false","CLA-BD-0011359","","","","","","","","","a258c000004VBKUAA4","0.0","","Cabinets / Millwork","","88.0","","","","","a23Hu000004TDeLIAW","0.0","0.0","","0.0"
"a238c0000054Jb8AAE","false","CLA-BD-0011360","","","","","","","","","a258c000004VBKUAA4","0.0","","Lighting Fixtures","","85.0","","","","","a23Hu000004TDeMIAW","0.0","0.0","","0.0"
"a238c0000054Jb9AAE","false","CLA-BD-0011361","","","","","","","","","a258c000004VBKUAA4","0.0","","Corporate Decor Package Installation","","93.0","","","","","a23Hu000004TDeNIAW","0.0","0.0","","0.0"
"a238c0000054JbAAAU","false","CLA-BD-0011362","","","","","","","","","a258c000004VBKUAA4","0.0","","100 ft secondary service","","84.0","","","","","a23Hu000004TDeOIAW","0.0","0.0","","0.0"
"a238c0000054JbBAAU","false","CLA-BD-0011363","","","","","","","","","a258c000004VBKUAA4","0.0","","Fire Extinguishers","","87.0","","","","","a23Hu000004TDePIAW","0.0","0.0","","0.0"
"a238c0000054JbCAAU","false","CLA-BD-0011364","","","","","","","","","a258c000004VBKUAA4","0.0","","Caulking","","91.0","","","","","a23Hu000004TDeQIAW","0.0","0.0","","0.0"
"a238c0000054JbDAAU","false","CLA-BD-0011365","","","","","","","","","a258c000004VBKUAA4","0.0","","Toilet Partitions","","89.0","","","","","a23Hu000004TDeRIAW","0.0","0.0","","0.0"
"a238c0000054JbEAAU","false","CLA-BD-0011366","","","","","","","","","a258c000004VBKUAA4","0.0","","Roofing","","59.0","","","","","a23Hu000004TDeSIAW","0.0","0.0","","0.0"
"a238c0000054JbFAAU","false","CLA-BD-0011367","","","","","","","","","a258c000004VBKUAA4","0.0","","Finish Carpentry Labor","","60.0","","","","","a23Hu000004TDeTIAW","0.0","0.0","","0.0"
"a238c0000054JbGAAU","false","CLA-BD-0011368","","","","","","","","","a258c000004VBKUAA4","0.0","","Rough Carpentry Labor","","61.0","","","","","a23Hu000004TDeUIAW","0.0","0.0","","0.0"
"a238c0000054JbHAAU","false","CLA-BD-0011369","","","","","","","","","a258c000004VBKUAA4","0.0","","Rough Carpentry Material","","62.0","","","","","a23Hu000004TDeVIAW","0.0","0.0","","0.0"
"a238c0000054JbIAAU","false","CLA-BD-0011370","","","","","","","","","a258c000004VBKUAA4","0.0","","Sheet Metal","","63.0","","","","","a23Hu000004TDeWIAW","0.0","0.0","","0.0"
"a238c0000054JbJAAU","false","CLA-BD-0011371","","","","","","","","","a258c000004VBKUAA4","0.0","","Insulation","","64.0","","","","","a23Hu000004TDeXIAW","0.0","0.0","","0.0"
"a238c0000054JbKAAU","false","CLA-BD-0011372","","","","","","","","","a258c000004VBKUAA4","0.0","","Glass & Glazing","","65.0","","","","","a23Hu000004TDeYIAW","0.0","0.0","","0.0"
"a238c0000054JbLAAU","false","CLA-BD-0011373","","","","","","","","","a258c000004VBKUAA4","0.0","","Drywall & Metal Studs","","66.0","","","","","a23Hu000004TDeZIAW","0.0","0.0","","0.0"
"a238c0000054JbMAAU","false","CLA-BD-0011374","","","","","","","","","a258c000004VBKUAA4","0.0","","Acoustic Tile","","67.0","","","","","a23Hu000004TDeaIAG","0.0","0.0","","0.0"
"a238c0000054JbNAAU","false","CLA-BD-0011375","","","","","","","","","a258c000004VBKUAA4","0.0","","Painting","","68.0","","","","","a23Hu000004TDebIAG","0.0","0.0","","0.0"
"a238c0000054JbOAAU","false","CLA-BD-0011376","","","","","","","","","a258c000004VBKUAA4","0.0","","Ceramic tile","","69.0","","","","","a23Hu000004TDecIAG","0.0","0.0","","0.0"
"a238c0000054JbPAAU","false","CLA-BD-0011377","","","","","","","","","a258c000004VBKUAA4","0.0","","EIFS / Lath & Plaster","","70.0","","","","","a23Hu000004TDedIAG","0.0","0.0","","0.0"
"a238c0000054JbQAAU","false","CLA-BD-0011378","","","","","","","","","a258c000004VBKUAA4","0.0","","Misc. S.S.","","71.0","","","","","a23Hu000004TDeeIAG","0.0","0.0","","0.0"
"a238c0000054JbRAAU","false","CLA-BD-0011379","","","","","","","","","a258c000004VBKUAA4","0.0","","Toilet accessories","","72.0","","","","","a23Hu000004TDefIAG","0.0","0.0","","0.0"
"a238c0000054JbSAAU","false","CLA-BD-0011380","","","","","","","","","a258c000004VBKUAA4","0.0","","GC Installed Items","","73.0","","","","","a23Hu000004TDegIAG","0.0","0.0","","0.0"
"a238c0000054JbTAAU","false","CLA-BD-0011381","","","","","","","","","a258c000004VBKUAA4","0.0","","H.V.A.C. System","","74.0","","","","","a23Hu000004TDehIAG","0.0","0.0","","0.0"
"a238c0000054JbUAAU","false","CLA-BD-0011382","","","","","","","","","a258c000004VBKUAA4","0.0","","TABC - Air Balance (Required)","","75.0","","","","","a23Hu000004TDeiIAG","0.0","0.0","","0.0"
"a238c0000054JbVAAU","false","CLA-BD-0011383","","","","","","","","","a258c000004VBKUAA4","0.0","","Plumbing","","76.0","","","","","a23Hu000004TDejIAG","0.0","0.0","","0.0"
"a238c0000054JbWAAU","false","CLA-BD-0011384","","","","","","","","","a258c000004VBKUAA4","0.0","","Fire Sprinkler (if required)","","77.0","","","","","a23Hu000004TDekIAG","0.0","0.0","","0.0"
"a238c0000054JbXAAU","false","CLA-BD-0011385","","","","","","","","","a258c000004VBKUAA4","0.0","","Metal Fab","","78.0","","","","","a23Hu000004TDelIAG","0.0","0.0","","0.0"
"a238c0000054JbYAAU","false","CLA-BD-0011386","","","","","","","","","a258c000004VBKUAA4","0.0","","Cedar brackets","","79.0","","","","","a23Hu000004TDemIAG","0.0","0.0","","0.0"
"a238c0000054JbZAAU","false","CLA-BD-0011387","","","","","","","","","a258c000004VBKUAA4","0.0","","Termite Treat","","80.0","","","","","a23Hu000004TDenIAG","0.0","0.0","","0.0"
"a238c0000054JbaAAE","false","CLA-BD-0011388","","","","","","","","","a258c000004VBKUAA4","0.0","","Electrical Labor","","81.0","","","","","a23Hu000004TDeoIAG","0.0","0.0","","0.0"
"a238c0000054JbbAAE","false","CLA-BD-0011389","","","","","","","","","a258c000004VBKUAA4","0.0","","Electrical Material","","82.0","","","","","a23Hu000004TDepIAG","0.0","0.0","","0.0"
"a238c0000054JbcAAE","false","CLA-BD-0011390","","","","","","","","","a258c000004VBKUAA4","0.0","","Power Management System","","83.0","","","","","a23Hu000004TDeqIAG","0.0","0.0","","0.0"
"a238c0000054JbdAAE","false","CLA-BD-0011391","","","","","","","","","a258c000004VBKUAA4","0.0","","F.R.P. and marlite","","86.0","","","","","a23Hu000004TDerIAG","0.0","0.0","","0.0"
"a238c0000054JbeAAE","false","CLA-BD-0011392","","","","","","","","","a258c000004VBKUAA4","0.0","","Gas to Property Line","","1.0","","","","","a23Hu000004TDesIAG","0.0","0.0","","0.0"
"a238c0000054JbfAAE","false","CLA-BD-0011393","","","","","","","","","a258c000004VBKUAA4","0.0","","Water to Property line","","2.0","","","","","a23Hu000004TDetIAG","0.0","0.0","","0.0"
"a238c0000054JbgAAE","false","CLA-BD-0011394","","","","","","","","","a258c000004VBKUAA4","0.0","","Sewer to Property Line","","3.0","","","","","a23Hu000004TDeuIAG","0.0","0.0","","0.0"
"a238c0000054JbhAAE","false","CLA-BD-0011395","","","","","","","","","a258c000004VBKUAA4","0.0","","New electric service","","4.0","","","","","a23Hu000004TDevIAG","0.0","0.0","","0.0"
"a238c0000054JbiAAE","false","CLA-BD-0011396","","","","","","","","","a258c000004VBKUAA4","0.0","","Power pole - new or relocate","","5.0","","","","","a23Hu000004TDewIAG","0.0","0.0","","0.0"
"a238c0000054JbjAAE","false","CLA-BD-0011397","","","","","","","","","a258c000004VBKUAA4","0.0","","Street light - new or relocate","","6.0","","","","","a23Hu000004TDexIAG","0.0","0.0","","0.0"
"a238c0000054JbkAAE","false","CLA-BD-0011398","","","","","","","","","a258c000004VBKUAA4","0.0","","Telephone Pole","","7.0","","","","","a23Hu000004TDeyIAG","0.0","0.0","","0.0"
"a238c0000054JblAAE","false","CLA-BD-0011399","","","","","","","","","a258c000004VBKUAA4","0.0","","Off site fire hydrant","","8.0","","","","","a23Hu000004TDezIAG","0.0","0.0","","0.0"
"a238c0000054JbmAAE","false","CLA-BD-0011400","","","","","","","","","a258c000004VBKUAA4","0.0","","Traffic signals - new or relocate","","9.0","","","","","a23Hu000004TDf0IAG","0.0","0.0","","0.0"
"a238c0000054JbnAAE","false","CLA-BD-0011401","","","","","","","","","a258c000004VBKUAA4","0.0","","Offsite Demolition","","10.0","","","","","a23Hu000004TDf1IAG","0.0","0.0","","0.0"
"a238c0000054JboAAE","false","CLA-BD-0011402","","","","","","","","","a258c000004VBKUAA4","0.0","","New Curb & Gutter","","11.0","","","","","a23Hu000004TDf2IAG","0.0","0.0","","0.0"
"a238c0000054JbpAAE","false","CLA-BD-0011403","","","","","","","","","a258c000004VBKUAA4","0.0","","New sidewalk","","12.0","","","","","a23Hu000004TDf3IAG","0.0","0.0","","0.0"
"a238c0000054JbqAAE","false","CLA-BD-0011404","","","","","","","","","a258c000004VBKUAA4","0.0","","New approaches","","13.0","","","","","a23Hu000004TDf4IAG","0.0","0.0","","0.0"
"a238c0000054JbrAAE","false","CLA-BD-0011405","","","","","","","","","a258c000004VBKUAA4","0.0","","Street paving and markings","","14.0","","","","","a23Hu000004TDf5IAG","0.0","0.0","","0.0"
"a238c0000054JbsAAE","false","CLA-BD-0011406","","","","","","","","","a258c000004VBKUAA4","0.0","","Temp sidewalk","","15.0","","","","","a23Hu000004TDf6IAG","0.0","0.0","","0.0"
"a238c0000054JbtAAE","false","CLA-BD-0011407","","","","","","","","","a258c000004VBKUAA4","0.0","","Storm Drain","","16.0","","","","","a23Hu000004TDf7IAG","0.0","0.0","","0.0"
"a238c0000054JbuAAE","false","CLA-BD-0011408","","","","","","","","","a258c000004VBKUAA4","0.0","","Relocate Transformer","","17.0","","","","","a23Hu000004TDf8IAG","0.0","0.0","","0.0"
"a238c0000054JbvAAE","false","CLA-BD-0011409","","","","","","","","","a258c000004VBKUAA4","0.0","","Survey","","18.0","","","","","a23Hu000004TDf9IAG","0.0","0.0","","0.0"
"a238c0000054JbwAAE","false","CLA-BD-0011410","","","","","","","","","a258c000004VBKUAA4","0.0","","Soils","","20.0","","","","","a23Hu000004TDfAIAW","0.0","0.0","","0.0"
"a238c0000054JbxAAE","false","CLA-BD-0011411","","","","","","","","","a258c000004VBKUAA4","0.0","","Grade fill / cut","","21.0","","","","","a23Hu000004TDfBIAW","0.0","0.0","","0.0"
"a238c0000054JbyAAE","false","CLA-BD-0011412","","","","","","","","","a258c000004VBKUAA4","0.0","","Site Demolition","","22.0","","","","","a23Hu000004TDfCIAW","0.0","0.0","","0.0"
"a238c0000054JbzAAE","false","CLA-BD-0011413","","","","","","","","","a258c000004VBKUAA4","0.0","","Retaining wall","","23.0","","","","","a23Hu000004TDfDIAW","0.0","0.0","","0.0"
"a238c0000054Jc0AAE","false","CLA-BD-0011414","","","","","","","","","a258c000004VBKUAA4","0.0","","Trash Enclosure","","24.0","","","","","a23Hu000004TDfEIAW","0.0","0.0","","0.0"
"a238c0000054Jc1AAE","false","CLA-BD-0011415","","","","","","","","","a258c000004VBKUAA4","0.0","","Concrete slabs/curbs (do not include in building slab)","","25.0","","","","","a23Hu000004TDfFIAW","0.0","0.0","","0.0"
"a238c0000054Jc2AAE","false","CLA-BD-0011416","","","","","","","","","a258c000004VBKUAA4","0.0","","Storm Drain","","26.0","","","","","a23Hu000004TDfGIAW","0.0","0.0","","0.0"
"a238c0000054Jc3AAE","false","CLA-BD-0011417","","","","","","","","","a258c000004VBKUAA4","0.0","","Concrete Sidewalks","","27.0","","","","","a23Hu000004TDfHIAW","0.0","0.0","","0.0"
"a238c0000054Jc4AAE","false","CLA-BD-0011418","","","","","","","","","a258c000004VBKUAA4","0.0","","Concrete light bases","","28.0","","","","","a23Hu000004TDfIIAW","0.0","0.0","","0.0"
"a238c0000054Jc5AAE","false","CLA-BD-0011419","","","","","","","","","a258c000004VBKUAA4","0.0","","Electrical site work/labor","","29.0","","","","","a23Hu000004TDfJIAW","0.0","0.0","","0.0"
"a238c0000054Jc6AAE","false","CLA-BD-0011420","","","","","","","","","a258c000004VBKUAA4","0.0","","Site Lighting Material","","30.0","","","","","a23Hu000004TDfKIAW","0.0","0.0","","0.0"
"a238c0000054Jc7AAE","false","CLA-BD-0011421","","","","","","","","","a258c000004VBKUAA4","0.0","","Monument sign base construction Lang to verify if applicable","","31.0","","","","","a23Hu000004TDfLIAW","0.0","0.0","","0.0"
"a238c0000054Jc8AAE","false","CLA-BD-0011422","","","","","","","","","a258c000004VBKUAA4","0.0","","Plumbing sit work","","32.0","","","","","a23Hu000004TDfMIAW","0.0","0.0","","0.0"
"a238c0000054Jc9AAE","false","CLA-BD-0011423","","","","","","","","","a258c000004VBKUAA4","0.0","","Telephone Underground","","33.0","","","","","a23Hu000004TDfNIAW","0.0","0.0","","0.0"
"a238c0000054JcAAAU","false","CLA-BD-0011424","","","","","","","","","a258c000004VBKUAA4","0.0","","Concrete paving","","34.0","","","","","a23Hu000004TDfOIAW","0.0","0.0","","0.0"
"a238c0000054JcBAAU","false","CLA-BD-0011425","","","","","","","","","a258c000004VBKUAA4","0.0","","Asphalt paving & striping","","35.0","","","","","a23Hu000004TDfPIAW","0.0","0.0","","0.0"
"a238c0000054JcCAAU","false","CLA-BD-0011426","","","","","","","","","a258c000004VBKUAA4","0.0","","Landscaping w/ Irrigation (Required)","","36.0","","","","","a23Hu000004TDfQIAW","0.0","0.0","","0.0"
"a238c0000054JcDAAU","false","CLA-BD-0011427","","","","","","","","","a258c000004VBKUAA4","0.0","","Bollard w/ Covers","","37.0","","","","","a23Hu000004TDfRIAW","0.0","0.0","","0.0"
"a238c0000054JcEAAU","false","CLA-BD-0011428","","","","","","","","","a258c000004VBKUAA4","0.0","","Fire Sprinkler Service","","38.0","","","","","a23Hu000004TDfSIAW","0.0","0.0","","0.0"
"a238c0000054JcFAAU","false","CLA-BD-0011429","","","","","","","","","a258c000004VBKUAA4","0.0","","Erosion & Dust Control","","39.0","","","","","a23Hu000004TDfTIAW","0.0","0.0","","0.0"
"a238c0000054JcGAAU","false","CLA-BD-0011430","","","","","","","","","a258c000004VBKUAA4","0.0","","Fire Hydrant","","40.0","","","","","a23Hu000004TDfUIAW","0.0","0.0","","0.0"
"a238c0000054JcHAAU","false","CLA-BD-0011431","","","","","","","","","a258c000004VBKUAA4","0.0","","Dumpster Approach","","41.0","","","","","a23Hu000004TDfVIAW","0.0","0.0","","0.0"
"a238c0000054JcIAAU","false","CLA-BD-0011432","","","","","","","","","a258c000004VBKUAA4","0.0","","Wheel stops","","42.0","","","","","a23Hu000004TDfWIAW","0.0","0.0","","0.0"
"a238c0000054JcJAAU","false","CLA-BD-0011433","","","","","","","","","a258c000004VBKUAA4","0.0","","Preasure Washing","","43.0","","","","","a23Hu000004TDfXIAW","0.0","0.0","","0.0"
"a238c0000054JcKAAU","false","CLA-BD-0011434","","","","","","","","","a258c000004VBKUAA4","0.0","","Service Yard Conc/CMU","","44.0","","","","","a23Hu000004TDfYIAW","0.0","0.0","","0.0"
"a238c0000054JcLAAU","false","CLA-BD-0011435","","","","","","","","","a258c000004VBKUAA4","0.0","","Barricades/Signs","","45.0","","","","","a23Hu000004TDfZIAW","0.0","0.0","","0.0"
"a238c0000054JcMAAU","false","CLA-BD-0011436","","","","","","","","","a258c000004VBKUAA4","0.0","","Signage","","46.0","","","","","a23Hu000004TDfaIAG","0.0","0.0","","0.0"
"a238c0000054JcNAAU","false","CLA-BD-0011437","","","","","","","","","a258c000004VBKUAA4","0.0","","Misc.","","47.0","","","","","a23Hu000004TDfbIAG","0.0","0.0","","0.0"
"a238c0000054JcOAAU","false","CLA-BD-0011438","","","","","","","","","a258c000004VBKUAA4","0.0","","Building Demolition","","48.0","","","","","a23Hu000004TDfcIAG","0.0","0.0","","0.0"
"a238c0000054JcPAAU","false","CLA-BD-0011439","","","","","","","","","a258c000004VBKUAA4","0.0","","Building Concrete Material","","49.0","","","","","a23Hu000004TDfdIAG","0.0","0.0","","0.0"
"a238c0000054JcQAAU","false","CLA-BD-0011440","","","","","","","","","a258c000004VBKUAA4","0.0","","Building Concrete Labor","","50.0","","","","","a23Hu000004TDfeIAG","0.0","0.0","","0.0"
"a238c0000054JcRAAU","false","CLA-BD-0011441","","","","","","","","","a258c000004VBKUAA4","0.0","","Concrete Foundation( Include building slab)","","51.0","","","","","a23Hu000004TDffIAG","0.0","0.0","","0.0"
"a238c0000054JcSAAU","false","CLA-BD-0011442","","","","","","","","","a258c000004VBKUAA4","0.0","","Masonry/Building","","52.0","","","","","a23Hu000004TDfgIAG","0.0","0.0","","0.0"
"a238c0000054JcTAAU","false","CLA-BD-0011443","","","","","","","","","a258c000004VBKUAA4","0.0","","Structural Steel","","53.0","","","","","a23Hu000004TDfhIAG","0.0","0.0","","0.0"
"a238c0000054JcUAAU","false","CLA-BD-0011444","","","","","","","","","a258c000004VBKUAA4","0.0","","Finish Lumber & Doors","","54.0","","","","","a23Hu000004TDfiIAG","0.0","0.0","","0.0"
"a238c0000054JcVAAU","false","CLA-BD-0011445","","","","","","","","","a258c000004VBKUAA4","0.0","","Metal Doors & Frames","","55.0","","","","","a23Hu000004TDfjIAG","0.0","0.0","","0.0"
"a238c0000054JcWAAU","false","CLA-BD-0011446","","","","","","","","","a258c000004VBKUAA4","0.0","","Wood Doors","","56.0","","","","","a23Hu000004TDfkIAG","0.0","0.0","","0.0"
"a238c0000054JcXAAU","false","CLA-BD-0011447","","","","","","","","","a258c000004VBKUAA4","0.0","","Finish Hardware","","57.0","","","","","a23Hu000004TDflIAG","0.0","0.0","","0.0"
"a238c0000054JcYAAU","false","CLA-BD-0011448","","","","","","","","","a258c000004VBKUAA4","0.0","","Framing Labor","","58.0","","","","","a23Hu000004TDfmIAG","0.0","0.0","","0.0"
"a238c0000054JcZAAU","false","CLA-BD-0011449","","","","","","","","","a258c000004VBKUAA4","0.0","","Misc.","","92.0","","","","","a23Hu000004TDfnIAG","0.0","0.0","","0.0"
"a238c0000054IjiAAE","false","CLA-BD-0008274","","","","","","","","","a258c000004VBK5AAO","","","Pool Heater","","70.0","","","","","a6vjfw0gdpevhk7le1","0.0","","","0.0"
"a238c0000054IjjAAE","false","CLA-BD-0008275","","","","","","","","","a258c000004VBCWAA4","900.0","","Impact Fees","","20.0","","","","","aa1rxvglg1nridhprw","0.0","100.0","0.0486","900.0"
"a238c0000054IjlAAE","false","CLA-BD-0008277","","","","","","","","","a258c000004VBCWAA4","2600.0","","Taxes","","310.0","","","","","adgav8w4gnhl2u2dfl","0.0","100.0","0.1405","2600.0"
"a238c0000054IjmAAE","false","CLA-BD-0008278","","","","","","","","","a258c000004VBCWAA4","","","Roof Shingles","","120.0","","","","","ayge7t5nx7iwgqzb4c","0.0","","0.0","0.0"
"a238c0000054JInAAM","false","CLA-BD-0010223","","","","","","","","","a258c000004VBKIAA4","31500.0","","Interior Doors & Hardware","","100.0","0.0","","","15500.0","azr47a62qlibp6z2wr","49.2063","50.7937","2.1","16000.0"
"a238c0000054JIqAAM","false","CLA-BD-0010226","","","","","","","","","a258c000004VBKIAA4","1200.0","","Permits / Fees","","10.0","1000.0","","","0.0","baa084fih40v8bgpca","0.0","16.6667","0.08","200.0"
"a238c0000054JIrAAM","false","CLA-BD-0010227","","","","","","","","","a258c000004VBK4AAO","65000.0","","Steel","","50.0","","","","","beszw31rmomett8e94","0.0","100.0","4.3333","65000.0"
"a238c000005VvjRAAS","false","CLA-BD-0001902","","","","","","","","","a258c000002D5uQAAS","","","Pool Heater","","70.0","","","","","c1pz8ypjggmemn7nso","0.0","","","0.0"
"a238c0000054IjqAAE","false","CLA-BD-0008282","","","","","","","","","a258c000004VBCWAA4","","","Exterior Doors","","90.0","","","","","cwdzvz680erh4iwk7z","0.0","","0.0","0.0"
"a238c0000054IjrAAE","false","CLA-BD-0008283","","","","","","","","","a258c000004VBCVAA4","","","Electrical","","160.0","","","","","d7mmy89z7fil19zuzj","0.0","","0.0","0.0"
"a238c0000054JJ2AAM","false","CLA-BD-0010238","","","","","","","","","a258c000004VBK4AAO","125000.0","","Framing & Trusses","","60.0","","","","","dcvp6f8inpuri3pj1o","0.0","100.0","8.3333","125000.0"
"a238c0000054IjsAAE","false","CLA-BD-0008284","","","","","","","","","a258c000004VBK5AAO","","","Insurance","","20.0","","","","","de6gynoyrbn5w1en01","0.0","","","0.0"
"a238c0000054JJ6AAM","false","CLA-BD-0010242","","","","","","","","","a258c000004VBKIAA4","900.0","","Impact Fees","","20.0","","","","","dp3374lufhw6h2jxbh","0.0","100.0","0.06","900.0"
"a238c0000054IjvAAE","false","CLA-BD-0008287","","","","","","","","","a258c000004VBCWAA4","","","Sheathing","","70.0","","","","","e5o2fx41pen43do8l7","0.0","","0.0","0.0"
"a238c0000054IjwAAE","false","CLA-BD-0008288","","","","","","","","","a258c000004VBCWAA4","","","Lighting Fixtures","","170.0","","","","","e67biztun0s6g841qg","0.0","","0.0","0.0"
"a238c0000054JJHAA2","false","CLA-BD-0010253","","","","","","","","","a258c000004VBKIAA4","18000.0","","Landscaping","","250.0","","","","","f3vvauzh9za7yv6yq3","0.0","100.0","1.2","18000.0"
"a238c0000054JJJAA2","false","CLA-BD-0010255","","","","","","","","","a258c000004VBKIAA4","80000.0","","Siding","","130.0","","","","","f5xxw5g8rfguoixrmv","0.0","100.0","5.3333","80000.0"
"a238c0000054IjxAAE","false","CLA-BD-0008289","","","","","","","","","a258c000004VBCWAA4","","","Insulation","","190.0","","","","","fl28jymutacuk4xkhi","0.0","","0.0","0.0"
"a238c0000054Il6AAE","false","CLA-BD-0008360","","","","","","","","","a258c000004VBCWAA4","","","Contingency / Reserve","","400.0","","","","","fvrimmj7lab3j708qb","0.0","","0.0","0.0"
"a238c0000054JJNAA2","false","CLA-BD-0010259","","","","","","","","","a258c000004VBKIAA4","8050.0","","Stairs","","110.0","","","","","fxma3ede62g2gkz3be","0.0","100.0","0.5367","8050.0"
"a238c0000054JJTAA2","false","CLA-BD-0010265","","","","","","","","","a258c000004VBK4AAO","75000.0","","HVAC","","180.0","0.0","","","50000.0","ggn1kaskz56bo889la","66.6667","33.3333","5.0","25000.0"
"a238c0000054Il9AAE","false","CLA-BD-0008363","","","","","","","","","a258c000004VBCWAA4","","","Windows","","80.0","","","","","gh1tyuj5474e8owys5","0.0","","0.0","0.0"
"a238c0000054JJWAA2","false","CLA-BD-0010268","","","","","","","","","a258c000004VBKLAA4","","","Other Costs","","3.0","","","","","gmcop6xz6o0k3cudkc","0.0","","","0.0"
"a238c0000054IlCAAU","false","CLA-BD-0008366","","","","","","","","","a258c000004VBCWAA4","","","Asphalt / Driveway","","270.0","","","","","gxp1n2k6lar2nhgvf1","0.0","","0.0","0.0"
"a238c0000054JJeAAM","false","CLA-BD-0010276","","","","","","","","","a258c000004VBK4AAO","31500.0","","Interior Doors & Hardware","","100.0","0.0","","","15500.0","hbuqcyspdkk8p16p4g","49.2063","50.7937","2.1","16000.0"
"a238c0000054JJgAAM","false","CLA-BD-0010278","","","","","","","","","a258c000004VBKIAA4","31500.0","","Exterior Doors","","90.0","0.0","","","20499.99","he4ol3khmgzdcx2jan","65.0793","34.9207","2.1","11000.01"
"a238c0000054JJkAAM","false","CLA-BD-0010282","","","","","","","","","a258c000004VBKIAA4","90000.0","","Insulation","","190.0","","","","","ht8zr5p0zcjrfedasc","0.0","100.0","6.0","90000.0"
"a238c0000054JJnAAM","false","CLA-BD-0010285","","","","","","","","","a258c000004VBK4AAO","12500.0","","Plumbing","","150.0","","","","","hx84bdd9e5g6fzah7x","0.0","100.0","0.8333","12500.0"
"a238c0000054JJpAAM","false","CLA-BD-0010287","","","","","","","","","a258c000004VBKMAA4","","","Other Costs","","3.0","","","","","i89afbecced2u3crwu","0.0","","","0.0"
"a238c0000054IlFAAU","false","CLA-BD-0008369","","","","","","","","","a258c000004VBCWAA4","","","Plumbing","","150.0","","","","","in5wy9q77vvtvtx7b7","0.0","","0.0","0.0"
"a238c0000054IlGAAU","false","CLA-BD-0008370","","","","","","","","","a258c000004VBK5AAO","","","Rebar","","40.0","","","","","iskmjakafv39fybsa4","0.0","","","0.0"
"a238c0000054IlHAAU","false","CLA-BD-0008371","","","","","","","","","a258c000004VBCVAA4","","","Landscaping","","250.0","","","","","iwcmlki56juubeu4c7","0.0","","0.0","0.0"
"a238c0000054IlIAAU","false","CLA-BD-0008372","","","","","","","","","a258c000004VBCVAA4","2600.0","","Taxes","","310.0","","","","","j1v1ljm1tnxer7qo0g","0.0","100.0","0.104","2600.0"
"a238c000005VvkmAAC","false","CLA-BD-0001985","","","","","","","","","a258c000002D5uQAAS","","","Rebar","","40.0","","","","","j2a2lixiil7adbrm1y","0.0","","","0.0"
"a238c0000054JJtAAM","false","CLA-BD-0010291","","","","","","","","","a258c000004VBKIAA4","8000.0","","Electrical","","160.0","","","","","j6lgr7hlcjs47eio8k","0.0","100.0","0.5333","8000.0"
"a238c000005VvkvAAC","false","CLA-BD-0001994","","","","","","","","","a258c000002D5uQAAS","","","Pool Enclosure","","60.0","","","","","kb4tjj2439vlx0lnzs","0.0","","","0.0"
"a238c0000054JJyAAM","false","CLA-BD-0010296","","","","","","","","","a258c000004VBK4AAO","4000.0","","Sheathing","","70.0","","","","","krxoowg9aqa9cay3tz","0.0","100.0","0.2667","4000.0"
"a238c0000054IlMAAU","false","CLA-BD-0008376","","","","","","","","","a258c000004VBCVAA4","1800.0","","Insurance","","330.0","","","","","kssjysviteh5ungvry","0.0","100.0","0.072","1800.0"
"a238c0000054IlNAAU","false","CLA-BD-0008377","","","","","","","","","a258c000004VBCVAA4","","","Insulation","","190.0","","","","","l6iaa5t2cdl58kokkr","0.0","","0.0","0.0"
"a238c0000054JJzAAM","false","CLA-BD-0010297","","","","","","","","","a258c000004VBKIAA4","15000.0","","Lighting Fixtures","","170.0","5000.0","","","8000.0","lb6ubnkw0af5zs0qgd","53.3333","13.3333","1.0","2000.0"
"a238c0000054IlPAAU","false","CLA-BD-0008379","","","","","","","","","a258c000004VBK5AAO","","","Concrete","","30.0","","","","","lj2jq7dx7zpb3dhbcg","0.0","","","0.0"
"a238c0000054IlQAAU","false","CLA-BD-0008380","","","","","","","","","a258c000004VBCWAA4","","","Gutters and Downspouts","","140.0","","","","","lpehtt9sk2hlv1c8dj","0.0","","0.0","0.0"
"a238c0000054IlRAAU","false","CLA-BD-0008381","","","","","","","","","a258c000004VBCXAA4","","","Other Costs","","3.0","","","","","lvpfyuhu07vxyxj7kq","0.0","","0.0","0.0"
"a238c0000054IlSAAU","false","CLA-BD-0008382","","","","","","","","","a258c000004VBCWAA4","","","HVAC","","180.0","","","","","m6ijr4kgp7y46fmr7u","0.0","","0.0","0.0"
"a238c000005Vvl9AAC","false","CLA-BD-0002008","","","","","","","","","a258c000002D5uQAAS","","","Concrete","","30.0","","","","","mia7yyooiaygr1iys3","0.0","","","0.0"
"a238c0000054JK3AAM","false","CLA-BD-0010301","","","","","","","","","a258c000004VBKIAA4","2600.0","","Taxes","","310.0","","","","","moi0cdkn7sqck09lpr","0.0","100.0","0.1733","2600.0"
"a238c0000054IlTAAU","false","CLA-BD-0008383","","","","","","","","","a258c000004VBCVAA4","","","Plumbing","","150.0","","","","","moqwchnf3pgsx6ef0a","0.0","","0.0","0.0"
"a238c0000054JK4AAM","false","CLA-BD-0010302","","","","","","","","","a258c000004VBK4AAO","2600.0","","Taxes","","310.0","","","","","mwqqnu54pbgi0d3woa","0.0","100.0","0.1733","2600.0"
"a238c0000054JK5AAM","false","CLA-BD-0010303","","","","","","","","","a258c000004VBKIAA4","2800.0","","Gutters and Downspouts","","140.0","","","","","n4uv6je4v9l0ddumrd","0.0","100.0","0.1867","2800.0"
"a238c0000054JK6AAM","false","CLA-BD-0010304","","","","","","","","","a258c000004VBKIAA4","150000.0","","Drywall","","200.0","","","","","ney0v3a5ob0im1y22k","0.0","100.0","10.0","150000.0"
"a238c000005VvlJAAS","false","CLA-BD-0002018","","","","","","","","","a258c000002D5uQAAS","","","Tile","","50.0","","","","","noi551kc54ks6hy2x9","0.0","","","0.0"
"a238c0000054JK9AAM","false","CLA-BD-0010307","","","","","","","","","a258c000004VBK4AAO","31500.0","","Exterior Doors","","90.0","0.0","","","20499.99","nr5fe0ugqqzoyuhf6o","65.0793","34.9207","2.1","11000.01"
"a238c0000054IlYAAU","false","CLA-BD-0008388","","","","","","","","","a258c000004VBCVAA4","30000.0","","Roof Shingles","","120.0","","","","","nvn2u3mr4iu5fgsi1n","0.0","100.0","1.2","30000.0"
"a238c0000054JKAAA2","false","CLA-BD-0010308","","","","","","","","","a258c000004VBK4AAO","90000.0","","Insulation","","190.0","","","","","o1d1cp7mvj1f2vnq11","0.0","100.0","6.0","90000.0"
"a238c0000054IlbAAE","false","CLA-BD-0008391","","","","","","","","","a258c000004VBCWAA4","","","Framing & Trusses","","60.0","","","","","odibp2jnjfrcwmmnfs","0.0","","0.0","0.0"
"a238c0000054IlcAAE","false","CLA-BD-0008392","","","","","","","","","a258c000004VBCWAA4","800.0","","Water & Sewer Inspection","","30.0","","","","","opji0v6d4n4ty1xpzv","0.0","100.0","0.0432","800.0"
"a238c0000054IldAAE","false","CLA-BD-0008393","","","","","","","","","a258c000004VBCVAA4","","","Gutters and Downspouts","","140.0","","","","","owxxi2w5v7dhdk7h33","0.0","","0.0","0.0"
"a238c0000054IlfAAE","false","CLA-BD-0008395","","","","","","","","","a258c000004VBCWAA4","","","Painting","","210.0","","","","","pbtvh5t9nszgni3phd","0.0","","0.0","0.0"
"a238c0000054JKIAA2","false","CLA-BD-0010316","","","","","","","","","a258c000004VBK4AAO","85000.0","","Tile & Carpet","","230.0","","","","","pcnn7uwb48pfeecnxp","0.0","100.0","5.6667","85000.0"
"a238c0000054IljAAE","false","CLA-BD-0008399","","","","","","","","","a258c000004VBCVAA4","","","Framing & Trusses","","60.0","","","","","popyu7fk4rndmckcws","0.0","","0.0","0.0"
"a238c0000054JKKAA2","false","CLA-BD-0010318","","","","","","","","","a258c000004VBKIAA4","125000.0","","Framing & Trusses","","60.0","","","","","pz03eh1gfys22ivery","0.0","100.0","8.3333","125000.0"
"a238c0000054IllAAE","false","CLA-BD-0008401","","","","","","","","","a258c000004VBCVAA4","","","Excavation, Foundation, and Backfill","","40.0","","","","","q3iis5n4w1mqa9uxtw","0.0","","0.0","0.0"
"a238c0000054JKLAA2","false","CLA-BD-0010319","","","","","","","","","a258c000004VBKIAA4","56000.0","","Windows","","80.0","0.0","","","2500.0","q3p1mril8eqd0x7vju","4.4643","95.5357","3.7333","53500.0"
"a238c0000054IlnAAE","false","CLA-BD-0008403","","","","","","","","","a258c000004VBCVAA4","","","Sheathing","","70.0","","","","","qdduqd2gvzqp7x905a","0.0","","0.0","0.0"
"a238c0000054JKMAA2","false","CLA-BD-0010320","","","","","","","","","a258c000004VBK4AAO","2800.0","","Gutters and Downspouts","","140.0","","","","","qhktyecx76l4ssur7f","0.0","100.0","0.1867","2800.0"
"a238c0000054JKNAA2","false","CLA-BD-0010321","","","","","","","","","a258c000004VBK4AAO","1200.0","","Permits / Fees","","10.0","1000.0","","","0.0","qi49isge5u5ewl33k3","0.0","16.6667","0.08","200.0"
"a238c0000054JKVAA2","false","CLA-BD-0010329","","","","","","","","","a258c000004VBK4AAO","56000.0","","Windows","","80.0","0.0","","","2500.0","rk6yyfxmqm0l7ooz0h","4.4643","95.5357","3.7333","53500.0"
"a238c0000054IlrAAE","false","CLA-BD-0008407","","","","","","","","","a258c000004VBCWAA4","","","Interior Doors & Hardware","","100.0","","","","","rq3onqh7jyt2so30bu","0.0","","0.0","0.0"
"a238c0000054IlsAAE","false","CLA-BD-0008408","","","","","","","","","a258c000004VBCVAA4","10000.0","","Windows","","80.0","","","","","rxm2rc4mu2n3yernko","0.0","100.0","0.4","10000.0"
"a238c000005Vvm4AAC","false","CLA-BD-0002065","","","","","","","","","a258c000002D5uQAAS","","","Water Pump","","80.0","","","","","rz7e78bj306bzq2wik","0.0","","","0.0"
"a238c0000054IltAAE","false","CLA-BD-0008409","","","","","","","","","a258c000004VBCWAA4","","","Stairs","","110.0","","","","","s0ior4u69zy4fqmb5a","0.0","","0.0","0.0"
"a238c0000054IluAAE","false","CLA-BD-0008410","","","","","","","","","a258c000004VBCWAA4","","","Excavation, Foundation, and Backfill","","40.0","","","","","s2vp1mngnsgl1d53i2","0.0","","0.0","0.0"
"a238c0000054JKZAA2","false","CLA-BD-0010333","","","","","","","","","a258c000004VBKIAA4","300000.0","","Contingency / Reserve","","400.0","","","","","scauchyjkws4oz76ad","0.0","100.0","20.0","300000.0"
"a238c0000054JKaAAM","false","CLA-BD-0010334","","","","","","","","","a258c000004VBKIAA4","65000.0","","Steel","","50.0","","","","","sd0ch810ru1wrvz3ow","0.0","100.0","4.3333","65000.0"
"a238c0000054IlwAAE","false","CLA-BD-0008412","","","","","","","","","a258c000004VBCWAA4","","","Drywall","","200.0","","","","","sjxinsvrqu8qk9bktn","0.0","","0.0","0.0"
"a238c0000054JKbAAM","false","CLA-BD-0010335","","","","","","","","","a258c000004VBKIAA4","12500.0","","Plumbing","","150.0","","","","","sl2kwxrsasbelg0i0e","0.0","100.0","0.8333","12500.0"
"a238c000005VvmHAAS","false","CLA-BD-0002078","","","","","","","","","a258c000002D5uQAAS","","","Waterfall","","90.0","","","","","swo51xulboy579v06h","0.0","","","0.0"
"a238c0000054Im2AAE","false","CLA-BD-0008418","","","","","","","","","a258c000004VBK5AAO","","","Pool Enclosure","","60.0","","","","","thix2lpqx2rfexkt1d","0.0","","","0.0"
"a238c0000054JKdAAM","false","CLA-BD-0010337","","","","","","","","","a258c000004VBK4AAO","15000.0","","Lighting Fixtures","","170.0","5000.0","","","8000.0","tken2q0crm2ak9zjhl","53.3333","13.3333","1.0","2000.0"
"a238c0000054Im4AAE","false","CLA-BD-0008420","","","","","","","","","a258c000004VBCVAA4","","","HVAC","","180.0","","","","","tv60w4vkmy0nzx0szy","0.0","","0.0","0.0"
"a238c0000054Im7AAE","false","CLA-BD-0008423","","","","","","","","","a258c000004VBK5AAO","","","Slide","","100.0","","","","","ue428dn03iw7px2buc","0.0","","","0.0"
"a238c0000054JKkAAM","false","CLA-BD-0010344","","","","","","","","","a258c000004VBKIAA4","1800.0","","Insurance","","330.0","","","","","uk5akgxl8trbhvehfs","0.0","100.0","0.12","1800.0"
"a238c0000054Im9AAE","false","CLA-BD-0008425","","","","","","","","","a258c000004VBCVAA4","","","Drywall","","200.0","","","","","uzry04soxup5lvkzs9","0.0","","0.0","0.0"
"a238c0000054JKmAAM","false","CLA-BD-0010346","","","","","","","","","a258c000004VBKIAA4","12000.0","","Asphalt / Driveway","","270.0","","","","","v4bmayl74noy4ignqm","0.0","100.0","0.8","12000.0"
"a238c000005VvmeAAC","false","CLA-BD-0002101","","","","","","","","","a258c000002D5uQAAS","","","Slide","","100.0","","","","","v4gxmchp20ynubnw76","0.0","","","0.0"
"a238c0000054JKoAAM","false","CLA-BD-0010348","","","","","","","","","a258c000004VBK4AAO","150000.0","","Drywall","","200.0","","","","","vsxc3iea4muglnp4y9","0.0","100.0","10.0","150000.0"
"a238c0000054JKpAAM","false","CLA-BD-0010349","","","","","","","","","a258c000004VBKIAA4","105000.0","","Roof Shingles","","120.0","","","","","vx96fiigyi3lgga3ss","0.0","100.0","7.0","105000.0"
"a238c0000054ImBAAU","false","CLA-BD-0008427","","","","","","","","","a258c000004VBCVAA4","850.0","","Surveys","","11.0","0.0","","","550.0","w44l82oy92m0esqr8h","64.7059","35.2941","0.034","300.0"
"a238c0000054JKsAAM","false","CLA-BD-0010352","","","","","","","","","a258c000004VBK4AAO","8050.0","","Stairs","","110.0","","","","","w9nbkd3ifjt2bspo7h","0.0","100.0","0.5367","8050.0"
"a238c0000054ImDAAU","false","CLA-BD-0008429","","","","","","","","","a258c000004VBCWAA4","","","Steel","","50.0","","","","","wsky9ff74ag3bmvwi4","0.0","","0.0","0.0"
"a238c0000054J46AAE","false","CLA-BD-0009312","","","","","","","","","a258c000004VBK4AAO","1800.0","","Insurance","","330.0","","","","","x1zqjs1sq4qaom4k9b","0.0","100.0","0.12","1800.0"
"a238c0000054IiTAAU","false","CLA-BD-0008197","","","","","","","","","a258c000004VBCVAA4","1200.0","","Permits / Fees","Updated Notes","10.0","0.0","","","800.0","x6ix25c7y7967ffltm","66.6667","33.3333","0.048","400.0"
"a238c0000054IiVAAU","false","CLA-BD-0008199","","","","","","","","","a258c000004VBCVAA4","","","Interior Doors & Hardware","","100.0","","","","","y2ea7jzzkfxklthu35","0.0","","0.0","0.0"
"a238c0000054J4CAAU","false","CLA-BD-0009318","","","","","","","","","a258c000004VBK4AAO","150000.0","","Excavation, Foundation, and Backfill","","40.0","","","","","ya6kjya65u3vhnwuus","0.0","100.0","10.0","150000.0"
"a238c0000054IiXAAU","false","CLA-BD-0008201","","","","","","","","","a258c000004VBCVAA4","","","Painting","","210.0","","","","","yhp936115ssq6e9hwx","0.0","","0.0","0.0"
"a238c0000054IiZAAU","false","CLA-BD-0008203","","","","","","","","","a258c000004VBCUAA4","","","Other Costs","","3.0","","","","","ym7od4yphlafilxo4n","0.0","","0.0","0.0"
"a238c0000054J4IAAU","false","CLA-BD-0009324","","","","","","","","","a258c000004VBK4AAO","18000.0","","Landscaping","","250.0","","","","","z5vla4rzap7i4oy4av","0.0","100.0","1.2","18000.0"
"a238c0000054IicAAE","false","CLA-BD-0008206","","","","","","","","","a258c000004VBCVAA4","3000.0","","Exterior Doors","","90.0","","","","","zec6lj666s5979a5p4","0.0","100.0","0.12","3000.0"
"a238c0000054IidAAE","false","CLA-BD-0008207","","","","","","","","","a258c000004VBCWAA4","850.0","","Surveys","","11.0","0.0","","","750.0","zo7ykqvzehnjowaxly","88.2353","11.7647","0.0459","100.0"
"a238c0000054JJ9AAM","false","CLA-BD-0010245","","","","","","","","","a258c000004VBKJAA4","","Financing cost","Construction Loan Interest","","100.0","","","","","dugf57nxl9ktmacf4f","0.0","","","0.0"
"a238c0000054JKcAAM","false","CLA-BD-0010336","","","","","","","","","a258c000004VBKKAA4","","Financing cost","Construction Loan Interest","","100.0","","","","","sv5jueys416mm23xvl","0.0","","","0.0"
"a238c0000054Ij4AAE","false","CLA-BD-0008234","","","","","","","","","a258c000004VBCXAA4","","Hard cost","Landscaping","","250.0","","","","","02eswj73js99umg1vc","0.0","","0.0","0.0"
"a238c0000054J8IAAU","false","CLA-BD-0009572","","","","","","","","","a258c000004VBKLAA4","","Hard cost","Gutters and Downspouts","","140.0","","","","","077la94tgch2xw1r50","0.0","","","0.0"
"a238c0000054J8KAAU","false","CLA-BD-0009574","","","","","","","","","a258c000004VBKJAA4","","Hard cost","Shingles","","211.0","","","","","0ac6h743h6ur16ecqu","0.0","","","0.0"
"a238c0000054Ij9AAE","false","CLA-BD-0008239","","","","","","","","","a258c000004VBCXAA4","","Hard cost","Painting","","210.0","","","","","0t16qe1fc0w5o970jq","0.0","","0.0","0.0"
"a238c0000054IjBAAU","false","CLA-BD-0008241","","","","","","","","","a258c000004VBCUAA4","50000.0","Hard cost","Plumbing","","150.0","","","","0.0","13njzml60u9p8l3783","0.0","100.0","3.3333","50000.0"
"a238c0000054J8SAAU","false","CLA-BD-0009582","","","","","","","","","a258c000004VBKKAA4","","Hard cost","Doors","","212.0","","","","","1e883ba1xdyxe9ugyd","0.0","","","0.0"
"a238c0000054J8UAAU","false","CLA-BD-0009584","","","","","","","","","a258c000004VBKLAA4","","Hard cost","HVAC","","180.0","","","","","1mblcygaxd64ioxdjx","0.0","","","0.0"
"a238c0000054J8WAAU","false","CLA-BD-0009586","","","","","","","","","a258c000004VBKMAA4","","Hard cost","Insulation","","190.0","","","","","1r3u13md22mtywk87p","0.0","","","0.0"
"a238c0000054IjCAAU","false","CLA-BD-0008242","","","","","","","","","a258c000004VBCUAA4","64100.0","Hard cost","Framing & Trusses","","60.0","","","","0.0","1xzk3aoi3l1xo8lmdd","0.0","100.0","4.2733","64100.0"
"a238c0000054IjEAAU","false","CLA-BD-0008244","","","","","","","","","a258c000004VBCUAA4","","Hard cost","Siding","","130.0","","","","","25z4m1wwon3cak9y56","0.0","","0.0","0.0"
"a238c0000054IjHAAU","false","CLA-BD-0008247","","","","","","","","","a258c000004VBCUAA4","","Hard cost","Landscaping","","250.0","","","","","2b51z8zb7apd2fhz5q","0.0","","0.0","0.0"
"a238c0000054J8ZAAU","false","CLA-BD-0009589","","","","","","","","","a258c000004VBKLAA4","","Hard cost","Exterior Doors","","90.0","","","","","2vhlgv4im1tjt6209z","0.0","","","0.0"
"a238c0000054IjLAAU","false","CLA-BD-0008251","","","","","","","","","a258c000004VBCXAA4","","Hard cost","Contingency - Hard Costs","","400.0","","","","","31kmos82hblfc49esb","0.0","","0.0","0.0"
"a238c0000054J8bAAE","false","CLA-BD-0009591","","","","","","","","","a258c000004VBKJAA4","","Hard cost","Electrical","","205.0","","","","","32jh5hq5xkdbuljkqq","0.0","","","0.0"
"a238c0000054IjNAAU","false","CLA-BD-0008253","","","","","","","","","a258c000004VBCUAA4","","Hard cost","Tile & Carpet","","230.0","","","","","39w6f0bbi19hqlw6z7","0.0","","0.0","0.0"
"a238c0000054IjPAAU","false","CLA-BD-0008255","","","","","","","","","a258c000004VBCUAA4","","Hard cost","Drywall","","200.0","","","","","3jspuk7j9vg24pdox7","0.0","","0.0","0.0"
"a238c0000054J8dAAE","false","CLA-BD-0009593","","","","","","","","","a258c000004VBKLAA4","","Hard cost","Sheathing","","70.0","","","","","3o1bry7q4cjktfc5hf","0.0","","","0.0"
"a238c0000054IjQAAU","false","CLA-BD-0008256","","","","","","","","","a258c000004VBCXAA4","215000.0","Hard cost","Steel","","50.0","","","","0.0","3tl8puv1h1t465kx6d","0.0","100.0","14.3333","215000.0"
"a238c0000054ImbAAE","false","CLA-BD-0008453","","","","","","","","","a258c000004VBCUAA4","","Hard cost","Asphalt / Driveway","","270.0","","","","","45w5ouzux6pil1jp72","0.0","","0.0","0.0"
"a238c0000054JNYAA2","false","CLA-BD-0010518","","","","","","","","","a258c000004VBKKAA4","","Hard cost","Painting","","215.0","","","","","4dt7l182ewbjvz8bt9","0.0","","","0.0"
"a238c0000054ImdAAE","false","CLA-BD-0008455","","","","","","","","","a258c000004VBCXAA4","","Hard cost","Roof Shingles","","120.0","","","","","4y7ll1cuybrmmly1g9","0.0","","0.0","0.0"
"a238c0000054ImgAAE","false","CLA-BD-0008458","","","","","","","","","a258c000004VBCUAA4","","Hard cost","Painting","","210.0","","","","","53fyfydjqglfwv2z2n","0.0","","0.0","0.0"
"a238c0000054ImhAAE","false","CLA-BD-0008459","","","","","","","","","a258c000004VBCXAA4","65000.0","Hard cost","Asphalt / Driveway","","270.0","","","","0.0","56gymbe2721ytu6ki1","0.0","100.0","4.3333","65000.0"
"a238c0000054ImiAAE","false","CLA-BD-0008460","","","","","","","","","a258c000004VBCXAA4","117550.0","Hard cost","Framing & Trusses","","60.0","","","","0.0","58buje1jv56umdt6ck","0.0","100.0","7.8367","117550.0"
"a238c0000054JNbAAM","false","CLA-BD-0010521","","","","","","","","","a258c000004VBKMAA4","","Hard cost","HVAC","","180.0","","","","","5qq9resww8q8pfv5r0","0.0","","","0.0"
"a238c0000054JNfAAM","false","CLA-BD-0010525","","","","","","","","","a258c000004VBKLAA4","","Hard cost","Insulation","","190.0","","","","","6a7tb5hhny3p2hgzjv","0.0","","","0.0"
"a238c0000054ImlAAE","false","CLA-BD-0008463","","","","","","","","","a258c000004VBCUAA4","","Hard cost","Interior Doors & Hardware","","100.0","","","","","6h11nq4b9n2ca6ukge","0.0","","0.0","0.0"
"a238c0000054JNmAAM","false","CLA-BD-0010532","","","","","","","","","a258c000004VBKMAA4","","Hard cost","Excavation, Foundation, and Backfill","","40.0","","","","","72qpwlba8g3mfh6xbq","0.0","","","0.0"
"a238c0000054JNnAAM","false","CLA-BD-0010533","","","","","","","","","a258c000004VBKMAA4","","Hard cost","Sheathing","","70.0","","","","","74l9cqkn4121bo67fk","0.0","","","0.0"
"a238c0000054JNrAAM","false","CLA-BD-0010537","","","","","","","","","a258c000004VBKKAA4","","Hard cost","Windows","","207.0","","","","","7kplq2c0ikl7js1730","0.0","","","0.0"
"a238c0000054JNtAAM","false","CLA-BD-0010539","","","","","","","","","a258c000004VBKMAA4","","Hard cost","Landscaping","","250.0","","","","","7spik838tuhwytlnz0","0.0","","","0.0"
"a238c0000054JNuAAM","false","CLA-BD-0010540","","","","","","","","","a258c000004VBKMAA4","","Hard cost","Windows","","80.0","","","","","7zec5efdn5sp6k0lny","0.0","","","0.0"
"a238c0000054ImpAAE","false","CLA-BD-0008467","","","","","","","","","a258c000004VBCXAA4","21760.0","Hard cost","Sheathing","","70.0","","","","0.0","81m8s8hm7bycvrzvmk","0.0","100.0","1.4507","21760.0"
"a238c0000054JNvAAM","false","CLA-BD-0010541","","","","","","","","","a258c000004VBKMAA4","","Hard cost","Steel","","50.0","","","","","8331hp9mwrptko6jjq","0.0","","","0.0"
"a238c0000054JNwAAM","false","CLA-BD-0010542","","","","","","","","","a258c000004VBKLAA4","","Hard cost","Drywall","","200.0","","","","","87hpeqc8pg8oy8l2os","0.0","","","0.0"
"a238c0000054ImqAAE","false","CLA-BD-0008468","","","","","","","","","a258c000004VBCXAA4","","Hard cost","Insulation","","190.0","","","","","885ymxcpny2lvyj81r","0.0","","0.0","0.0"
"a238c0000054JNyAAM","false","CLA-BD-0010544","","","","","","","","","a258c000004VBKLAA4","","Hard cost","Contingency - Hard Costs","","400.0","","","","","8j3i06ztztvco2of6p","0.0","","","0.0"
"a238c0000054JNzAAM","false","CLA-BD-0010545","","","","","","","","","a258c000004VBKJAA4","","Hard cost","Framing","","202.0","","","","","8mu2g36svacxe8sd13","0.0","","","0.0"
"a238c0000054ImsAAE","false","CLA-BD-0008470","","","","","","","","","a258c000004VBCXAA4","","Hard cost","Exterior Doors","","90.0","","","","","8qllkymvsd170nl1j7","0.0","","0.0","0.0"
"a238c0000054ImtAAE","false","CLA-BD-0008471","","","","","","","","","a258c000004VBCXAA4","","Hard cost","Interior Doors & Hardware","","100.0","","","","","8wyrj4znl7ljdxle3o","0.0","","0.0","0.0"
"a238c0000054JO3AAM","false","CLA-BD-0010549","","","","","","","","","a258c000004VBKMAA4","","Hard cost","Tile & Carpet","","230.0","","","","","9f6r6jqhupthwvho1e","0.0","","","0.0"
"a238c0000054JIjAAM","false","CLA-BD-0010219","","","","","","","","","a258c000004VBKLAA4","","Hard cost","Steel","","50.0","","","","","acgto5yetax8nntfyy","0.0","","","0.0"
"a238c0000054IjkAAE","false","CLA-BD-0008276","","","","","","","","","a258c000004VBCUAA4","","Hard cost","HVAC","","180.0","","","","","acuham84pddsx972tl","0.0","","0.0","0.0"
"a238c0000054JIkAAM","false","CLA-BD-0010220","","","","","","","","","a258c000004VBKJAA4","","Hard cost","Landscaping","","214.0","","","","","akm397rb2d8icsq6hj","0.0","","","0.0"
"a238c0000054JImAAM","false","CLA-BD-0010222","","","","","","","","","a258c000004VBKLAA4","","Hard cost","Painting","","210.0","","","","","ar8plteuzx8oha848y","0.0","","","0.0"
"a238c0000054IjnAAE","false","CLA-BD-0008279","","","","","","","","","a258c000004VBCXAA4","","Hard cost","HVAC","","180.0","","","","","b3dr2clpmqmpejdiud","0.0","","0.0","0.0"
"a238c0000054IjoAAE","false","CLA-BD-0008280","","","","","","","","","a258c000004VBCUAA4","15000.0","Hard cost","Contingency - Hard Costs","","400.0","","","","0.0","bcqr9gtck55rere3ed","0.0","100.0","1.0","15000.0"
"a238c0000054JIuAAM","false","CLA-BD-0010230","","","","","","","","","a258c000004VBKJAA4","","Hard cost","Flooring","","206.0","","","","","c7qdq9bf58hrwpwry5","0.0","","","0.0"
"a238c0000054JIwAAM","false","CLA-BD-0010232","","","","","","","","","a258c000004VBKMAA4","","Hard cost","Asphalt / Driveway","","270.0","","","","","cccvwhsi4zq1j07i5d","0.0","","","0.0"
"a238c0000054JIxAAM","false","CLA-BD-0010233","","","","","","","","","a258c000004VBKLAA4","","Hard cost","Plumbing","","150.0","","","","","chkppoegaythulrcyz","0.0","","","0.0"
"a238c0000054IjpAAE","false","CLA-BD-0008281","","","","","","","","","a258c000004VBCUAA4","","Hard cost","Insulation","","190.0","","","","","cpz3arxbxcbxbkb1ph","0.0","","0.0","0.0"
"a238c0000054JIyAAM","false","CLA-BD-0010234","","","","","","","","","a258c000004VBKKAA4","","Hard cost","HVAC","","204.0","","","","","czf39f7dgy4yhsqwik","0.0","","","0.0"
"a238c0000054JJ3AAM","false","CLA-BD-0010239","","","","","","","","","a258c000004VBKMAA4","","Hard cost","Gutters and Downspouts","","140.0","","","","","deczgrlnmusemjekz4","0.0","","","0.0"
"a238c0000054JJ5AAM","false","CLA-BD-0010241","","","","","","","","","a258c000004VBKJAA4","","Hard cost","Doors","","212.0","","","","","dkcmso6prvup0s39ju","0.0","","","0.0"
"a238c0000054JJ7AAM","false","CLA-BD-0010243","","","","","","","","","a258c000004VBKMAA4","","Hard cost","Roof Shingles","","120.0","","","","","dphe60spb3f5c5pps2","0.0","","","0.0"
"a238c0000054JJCAA2","false","CLA-BD-0010248","","","","","","","","","a258c000004VBKMAA4","","Hard cost","Drywall","","200.0","","","","","eiomhb62gerx9uoy6t","0.0","","","0.0"
"a238c0000054JJDAA2","false","CLA-BD-0010249","","","","","","","","","a258c000004VBKKAA4","","Hard cost","Framing","","202.0","","","","","ekp5cn330i3xdbg8ya","0.0","","","0.0"
"a238c0000054JJIAA2","false","CLA-BD-0010254","","","","","","","","","a258c000004VBKLAA4","","Hard cost","Roof Shingles","","120.0","","","","","f48h5qw0wor2dkb8tu","0.0","","","0.0"
"a238c0000054JJMAA2","false","CLA-BD-0010258","","","","","","","","","a258c000004VBKLAA4","","Hard cost","Landscaping","","250.0","","","","","fv6cdotfcsojsn76b8","0.0","","","0.0"
"a238c0000054JJOAA2","false","CLA-BD-0010260","","","","","","","","","a258c000004VBKJAA4","","Hard cost","HVAC","","204.0","","","","","g3lrv4eqa5d3m687ky","0.0","","","0.0"
"a238c0000054IlAAAU","false","CLA-BD-0008364","","","","","","","","","a258c000004VBCXAA4","","Hard cost","Lighting Fixtures","","170.0","","","","","gjhcuv1rqwg7bj5m7q","0.0","","0.0","0.0"
"a238c0000054JJVAA2","false","CLA-BD-0010267","","","","","","","","","a258c000004VBKKAA4","","Hard cost","Hard Cost Contingency","","213.0","","","","","gld4vzi90fl8a94rqu","0.0","","","0.0"
"a238c0000054JJbAAM","false","CLA-BD-0010273","","","","","","","","","a258c000004VBKMAA4","","Hard cost","Painting","","210.0","","","","","gxmno4y63g06rx1yaj","0.0","","","0.0"
"a238c0000054JJdAAM","false","CLA-BD-0010275","","","","","","","","","a258c000004VBKMAA4","","Hard cost","Siding","","130.0","","","","","h8j4d5q28dnnk6ewvd","0.0","","","0.0"
"a238c0000054JJiAAM","false","CLA-BD-0010280","","","","","","","","","a258c000004VBKLAA4","","Hard cost","Framing & Trusses","","60.0","","","","","hj3nfo8frv2lxsgtwl","0.0","","","0.0"
"a238c0000054JJjAAM","false","CLA-BD-0010281","","","","","","","","","a258c000004VBKMAA4","","Hard cost","Stairs","","110.0","","","","","hq3i2ihf42jcr41vly","0.0","","","0.0"
"a238c0000054JJlAAM","false","CLA-BD-0010283","","","","","","","","","a258c000004VBKMAA4","","Hard cost","Interior Doors & Hardware","","100.0","","","","","hwimqffxhe4wqfppqj","0.0","","","0.0"
"a238c0000054JJmAAM","false","CLA-BD-0010284","","","","","","","","","a258c000004VBKMAA4","","Hard cost","Electrical","","160.0","","","","","hx6mbgn9kmornnatlg","0.0","","","0.0"
"a238c0000054JJoAAM","false","CLA-BD-0010286","","","","","","","","","a258c000004VBKLAA4","","Hard cost","Asphalt / Driveway","","270.0","","","","","i7ffkmxi98cd6kff9a","0.0","","","0.0"
"a238c0000054JJuAAM","false","CLA-BD-0010292","","","","","","","","","a258c000004VBKKAA4","","Hard cost","Drywall","","209.0","","","","","j7tk4f023afrs9901n","0.0","","","0.0"
"a238c0000054JJvAAM","false","CLA-BD-0010293","","","","","","","","","a258c000004VBKLAA4","","Hard cost","Tile & Carpet","","230.0","","","","","jr2k8jhe10jz59r0r8","0.0","","","0.0"
"a238c0000054JJwAAM","false","CLA-BD-0010294","","","","","","","","","a258c000004VBKKAA4","","Hard cost","Electrical","","205.0","","","","","jrojhhbheibljmve0n","0.0","","","0.0"
"a238c0000054JJxAAM","false","CLA-BD-0010295","","","","","","","","","a258c000004VBKJAA4","","Hard cost","Roofing","","208.0","","","","","jrzn0fu2k5tidy3d28","0.0","","","0.0"
"a238c0000054IlKAAU","false","CLA-BD-0008374","","","","","","","","","a258c000004VBCUAA4","75680.0","Hard cost","Steel","","50.0","65500.0","","","0.0","jtyad7kr64wvlguwvm","0.0","13.4514","5.0453","10180.0"
"a238c0000054IlOAAU","false","CLA-BD-0008378","","","","","","","","","a258c000004VBCUAA4","","Hard cost","Gutters and Downspouts","","140.0","","","","","ldtpdpqwxqso42p70i","0.0","","0.0","0.0"
"a238c0000054IlVAAU","false","CLA-BD-0008385","","","","","","","","","a258c000004VBCUAA4","","Hard cost","Stairs","","110.0","","","","","nemkr0l9mhxf01rcms","0.0","","0.0","0.0"
"a238c0000054JK8AAM","false","CLA-BD-0010306","","","","","","","","","a258c000004VBKKAA4","","Hard cost","Plumbing","","201.0","","","","","nq7uifxmg90pgoa0wv","0.0","","","0.0"
"a238c0000054IlZAAU","false","CLA-BD-0008389","","","","","","","","","a258c000004VBCUAA4","","Hard cost","Roof Shingles","","120.0","","","","","o27iv0592jta0f3t89","0.0","","0.0","0.0"
"a238c0000054JKBAA2","false","CLA-BD-0010309","","","","","","","","","a258c000004VBKJAA4","","Hard cost","Plumbing","","201.0","","","","","o2vj5ygafa6k3crvmk","0.0","","","0.0"
"a238c0000054JKCAA2","false","CLA-BD-0010310","","","","","","","","","a258c000004VBKKAA4","","Hard cost","Roofing","","208.0","","","","","of83qi7hoepf95aijn","0.0","","","0.0"
"a238c0000054JKDAA2","false","CLA-BD-0010311","","","","","","","","","a258c000004VBKKAA4","","Hard cost","Flooring","","206.0","","","","","oq2y77d6xvhlawgwb9","0.0","","","0.0"
"a238c0000054JKFAA2","false","CLA-BD-0010313","","","","","","","","","a258c000004VBKJAA4","","Hard cost","Windows","","207.0","","","","","ozedfiwitnt4ug3i8s","0.0","","","0.0"
"a238c0000054IleAAE","false","CLA-BD-0008394","","","","","","","","","a258c000004VBCUAA4","85000.0","Hard cost","Electrical","","160.0","","","","0.0","p4a5uc55kowyz14ogc","0.0","100.0","5.6667","85000.0"
"a238c0000054IlgAAE","false","CLA-BD-0008396","","","","","","","","","a258c000004VBCXAA4","","Hard cost","Stairs","","110.0","","","","","phwxwdw8gzfg2hveph","0.0","","0.0","0.0"
"a238c0000054JKJAA2","false","CLA-BD-0010317","","","","","","","","","a258c000004VBKJAA4","","Hard cost","Millwork","","203.0","","","","","plduhzspmr90d2ogdl","0.0","","","0.0"
"a238c0000054IlmAAE","false","CLA-BD-0008402","","","","","","","","","a258c000004VBCXAA4","","Hard cost","Gutters and Downspouts","","140.0","","","","","qaq6fa899sx060punt","0.0","","0.0","0.0"
"a238c0000054JKQAA2","false","CLA-BD-0010324","","","","","","","","","a258c000004VBKMAA4","","Hard cost","Framing & Trusses","","60.0","","","","","qwaqvslfs1810kkmv7","0.0","","","0.0"
"a238c0000054IloAAE","false","CLA-BD-0008404","","","","","","","","","a258c000004VBCUAA4","25000.0","Hard cost","Windows","","80.0","","","","0.0","r0i80ba9ierek95nvq","0.0","100.0","1.6667","25000.0"
"a238c0000054JKSAA2","false","CLA-BD-0010326","","","","","","","","","a258c000004VBKJAA4","","Hard cost","Painting","","215.0","","","","","r70jp64c94zvbqvchj","0.0","","","0.0"
"a238c0000054JKWAA2","false","CLA-BD-0010330","","","","","","","","","a258c000004VBKKAA4","","Hard cost","Sitework","","210.0","","","","","s1pk1fqjn6mxczl562","0.0","","","0.0"
"a238c0000054IlvAAE","false","CLA-BD-0008411","","","","","","","","","a258c000004VBCXAA4","","Hard cost","Tile & Carpet","","230.0","","","","","s4ci2hk2vhtnlu0cwd","0.0","","0.0","0.0"
"a238c0000054JKYAA2","false","CLA-BD-0010332","","","","","","","","","a258c000004VBKLAA4","","Hard cost","Windows","","80.0","","","","","s820i84vp3o4b99ofk","0.0","","","0.0"
"a238c0000054IlxAAE","false","CLA-BD-0008413","","","","","","","","","a258c000004VBCXAA4","","Hard cost","Drywall","","200.0","","","","","sjyxwvmyckzg5rxcwk","0.0","","0.0","0.0"
"a238c0000054Im0AAE","false","CLA-BD-0008416","","","","","","","","","a258c000004VBCUAA4","","Hard cost","Lighting Fixtures","","170.0","","","","","tca0swngj5cgxh50xy","0.0","","0.0","0.0"
"a238c0000054Im1AAE","false","CLA-BD-0008417","","","","","","","","","a258c000004VBCUAA4","13000.0","Hard cost","Exterior Doors","","90.0","","","","0.0","tf1lil961xbabndh2n","0.0","100.0","0.8667","13000.0"
"a238c0000054JKfAAM","false","CLA-BD-0010339","","","","","","","","","a258c000004VBKMAA4","","Hard cost","Contingency - Hard Costs","","400.0","","","","","tu1uqkjgxnqi7omr8l","0.0","","","0.0"
"a238c0000054JKhAAM","false","CLA-BD-0010341","","","","","","","","","a258c000004VBKJAA4","","Hard cost","Hard Cost Contingency","","213.0","","","","","u49a9ceve17n029sz8","0.0","","","0.0"
"a238c0000054JKiAAM","false","CLA-BD-0010342","","","","","","","","","a258c000004VBKKAA4","","Hard cost","Foundation","","200.0","","","","","u76u2f55rsuw48tzg7","0.0","","","0.0"
"a238c0000054Im5AAE","false","CLA-BD-0008421","","","","","","","","","a258c000004VBCXAA4","45152.0","Hard cost","Electrical","","160.0","","","","0.0","u79a53jd9e80q58f0a","0.0","100.0","3.0101","45152.0"
"a238c0000054Im8AAE","false","CLA-BD-0008424","","","","","","","","","a258c000004VBCUAA4","55258.0","Hard cost","Sheathing","","70.0","","","","0.0","uq66yh0cntq5r0fujb","0.0","100.0","3.6839","55258.0"
"a238c0000054JKlAAM","false","CLA-BD-0010345","","","","","","","","","a258c000004VBKLAA4","","Hard cost","Siding","","130.0","","","","","usbre3ysfhdu2yy1ob","0.0","","","0.0"
"a238c0000054JKnAAM","false","CLA-BD-0010347","","","","","","","","","a258c000004VBKMAA4","","Hard cost","Exterior Doors","","90.0","","","","","vbiv9dpdew8rxkweii","0.0","","","0.0"
"a238c0000054JKqAAM","false","CLA-BD-0010350","","","","","","","","","a258c000004VBKLAA4","","Hard cost","Stairs","","110.0","","","","","vxz7co37jndn234o87","0.0","","","0.0"
"a238c0000054JKtAAM","false","CLA-BD-0010353","","","","","","","","","a258c000004VBKKAA4","","Hard cost","Shingles","","211.0","","","","","wd5zkq4ud0uimia19v","0.0","","","0.0"
"a238c0000054ImCAAU","false","CLA-BD-0008428","","","","","","","","","a258c000004VBCXAA4","","Hard cost","Siding","","130.0","","","","","werzcxozmqrv7amu1v","0.0","","0.0","0.0"
"a238c0000054J49AAE","false","CLA-BD-0009315","","","","","","","","","a258c000004VBKJAA4","","Hard cost","Foundation","","200.0","","","","","xm0uvu1bm6zg8tvne2","0.0","","","0.0"
"a238c0000054J4AAAU","false","CLA-BD-0009316","","","","","","","","","a258c000004VBKJAA4","","Hard cost","Sitework","","210.0","","","","","xq9zwbt35vrizbfstn","0.0","","","0.0"
"a238c0000054J4BAAU","false","CLA-BD-0009317","","","","","","","","","a258c000004VBKMAA4","","Hard cost","Plumbing","","150.0","","","","","xvwhk5bkyv314gf7ld","0.0","","","0.0"
"a238c0000054IiUAAU","false","CLA-BD-0008198","","","","","","","","","a258c000004VBCUAA4","98500.0","Hard cost","Excavation, Foundation, and Backfill","","40.0","97800.0","","","0.0","xxqh3jlqon0wpqmjdl","0.0","0.7107","6.5667","700.0"
"a238c0000054J4DAAU","false","CLA-BD-0009319","","","","","","","","","a258c000004VBKLAA4","","Hard cost","Electrical","","160.0","","","","","yhohxfq0u6d59w3w4q","0.0","","","0.0"
"a238c0000054IiYAAU","false","CLA-BD-0008202","","","","","","","","","a258c000004VBCXAA4","","Hard cost","Plumbing","","150.0","","","","","ykavwogypibcagv5un","0.0","","0.0","0.0"
"a238c0000054J4EAAU","false","CLA-BD-0009320","","","","","","","","","a258c000004VBKLAA4","","Hard cost","Interior Doors & Hardware","","100.0","","","","","yohplp8wgcmbq00mhe","0.0","","","0.0"
"a238c0000054J4GAAU","false","CLA-BD-0009322","","","","","","","","","a258c000004VBKLAA4","","Hard cost","Lighting Fixtures","","170.0","","","","","yxq2994og3bgwjr8cv","0.0","","","0.0"
"a238c0000054J4HAAU","false","CLA-BD-0009323","","","","","","","","","a258c000004VBKLAA4","","Hard cost","Excavation, Foundation, and Backfill","","40.0","","","","","z18vpgmb6jjyk5wh22","0.0","","","0.0"
"a238c0000054IiaAAE","false","CLA-BD-0008204","","","","","","","","","a258c000004VBCXAA4","75000.0","Hard cost","Excavation, Foundation, and Backfill","","40.0","","","","0.0","z422hms3rha6ohl8fi","0.0","100.0","5.0","75000.0"
"a238c0000054IibAAE","false","CLA-BD-0008205","","","","","","","","","a258c000004VBCXAA4","","Hard cost","Windows","","80.0","","","","","z6anjus44z1sb8rfav","0.0","","0.0","0.0"
"a238c0000054J4LAAU","false","CLA-BD-0009327","","","","","","","","","a258c000004VBKKAA4","","Hard cost","Millwork","","203.0","","","","","zcgyb2sihsutvhbfra","0.0","","","0.0"
"a238c0000054J4MAAU","false","CLA-BD-0009328","","","","","","","","","a258c000004VBKMAA4","","Hard cost","Lighting Fixtures","","170.0","","","","","zj0qr9kaj3vuqntjnw","0.0","","","0.0"
"a238c0000054J4NAAU","false","CLA-BD-0009329","","","","","","","","","a258c000004VBKKAA4","","Hard cost","Landscaping","","214.0","","","","","zkzry0uamsyd1s68fe","0.0","","","0.0"
"a238c0000054J4OAAU","false","CLA-BD-0009330","","","","","","","","","a258c000004VBKJAA4","","Hard cost","Drywall","","209.0","","","","","zs8k9js7mus8wtrhvb","0.0","","","0.0"
"a238c0000054IjRAAU","false","CLA-BD-0008257","","","","","","","","","a258c000004VBCXAA4","35000.0","Interest reserve","Reserves","","10.0","","","","0.0","40lf47p1or5ilnt8te","0.0","100.0","2.3333","35000.0"
"a238c0000054JNkAAM","false","CLA-BD-0010530","","","","","","","","","a258c000004VBKLAA4","","Interest reserve","Reserves","","10.0","","","","","6y8jzeg2207oklpxdp","0.0","","","0.0"
"a238c0000054JIvAAM","false","CLA-BD-0010231","","","","","","","","","a258c000004VBKMAA4","","Interest reserve","Reserves","","10.0","","","","","c923sre294hpkld97a","0.0","","","0.0"
"a238c0000054JJYAA2","false","CLA-BD-0010270","","","","","","","","","a258c000004VBKJAA4","","Interest reserve","Reserves","","300.0","","","","","gqxzz0bgs0yjpgzq1n","0.0","","","0.0"
"a238c0000054IlzAAE","false","CLA-BD-0008415","","","","","","","","","a258c000004VBCUAA4","41000.0","Interest reserve","Reserves","","10.0","","","","0.0","t7qmicf61en0l1e7m9","0.0","100.0","2.7333","41000.0"
"a238c0000054J4FAAU","false","CLA-BD-0009321","","","","","","","","","a258c000004VBKKAA4","","Interest reserve","Reserves","","300.0","","","","","ypgjs1kzzlj8k8e1pb","0.0","","","0.0"
"a238c0000054IjFAAU","false","CLA-BD-0008245","","","","","","","","","a258c000004VBCXAA4","","Land cost","Offsite Expenses","","30.0","","","","","26jct880ewup6v8lol","0.0","","0.0","0.0"
"a238c0000054JNcAAM","false","CLA-BD-0010522","","","","","","","","","a258c000004VBKJAA4","","Land cost","Land Closing Costs / Legal","","402.0","","","","","5u0ovehferklcix441","0.0","","","0.0"
"a238c0000054ImmAAE","false","CLA-BD-0008464","","","","","","","","","a258c000004VBCXAA4","","Land cost","Land Closing Costs / Legal","","20.0","","","","","6kekz5sdl0gsuz4h97","0.0","","0.0","0.0"
"a238c0000054JIlAAM","false","CLA-BD-0010221","","","","","","","","","a258c000004VBKJAA4","","Land cost","Offsite Expenses","","401.0","","","","","ap7r3cqe0lkhyrij4k","0.0","","","0.0"
"a238c0000054JIzAAM","false","CLA-BD-0010235","","","","","","","","","a258c000004VBKJAA4","","Land cost","Land Cost","","400.0","","","","","czym7aj6y69h94mtph","0.0","","","0.0"
"a238c0000054IjtAAE","false","CLA-BD-0008285","","","","","","","","","a258c000004VBCUAA4","5000.0","Land cost","Land Closing Costs / Legal","","20.0","","","","0.0","dldwzhn193yze1n0fr","0.0","100.0","0.3333","5000.0"
"a238c0000054IjuAAE","false","CLA-BD-0008286","","","","","","","","","a258c000004VBCUAA4","","Land cost","Offsite Expenses","","30.0","","","","","dumakhaauu9f6o4v26","0.0","","0.0","0.0"
"a238c0000054JJAAA2","false","CLA-BD-0010246","","","","","","","","","a258c000004VBKKAA4","","Land cost","Land Cost","","400.0","","","","","e9kq9r1nu5j6cptj3u","0.0","","","0.0"
"a238c0000054JJEAA2","false","CLA-BD-0010250","","","","","","","","","a258c000004VBKKAA4","","Land cost","Land Closing Costs / Legal","","402.0","","","","","em18vwywx2h14b8vqt","0.0","","","0.0"
"a238c0000054JJGAA2","false","CLA-BD-0010252","","","","","","","","","a258c000004VBKLAA4","","Land cost","Offsite Expenses","","30.0","","","","","eszp0fjmnsxd518bb8","0.0","","","0.0"
"a238c0000054JJPAA2","false","CLA-BD-0010261","","","","","","","","","a258c000004VBKKAA4","","Land cost","Offsite Expenses","","401.0","","","","","g65enwafq4qwbig5fp","0.0","","","0.0"
"a238c0000054JJaAAM","false","CLA-BD-0010272","","","","","","","","","a258c000004VBKLAA4","","Land cost","Land Purchase","","10.0","","","","","gwzxj1fagbsrntuk4b","0.0","","","0.0"
"a238c0000054JJcAAM","false","CLA-BD-0010274","","","","","","","","","a258c000004VBKMAA4","","Land cost","Offsite Expenses","","30.0","","","","","h4p9p23f0pb7j210wy","0.0","","","0.0"
"a238c0000054JJhAAM","false","CLA-BD-0010279","","","","","","","","","a258c000004VBKMAA4","","Land cost","Land Closing Costs / Legal","","20.0","","","","","hifjtz38mcgkbu1q3d","0.0","","","0.0"
"a238c0000054JKEAA2","false","CLA-BD-0010312","","","","","","","","","a258c000004VBKLAA4","","Land cost","Land Closing Costs / Legal","","20.0","","","","","orlzsgwpcywfskcp26","0.0","","","0.0"
"a238c0000054IlyAAE","false","CLA-BD-0008414","","","","","","","","","a258c000004VBCXAA4","250000.0","Land cost","Land Purchase","","10.0","","","","0.0","t3iwl6yxrmhuhbnhr7","0.0","100.0","16.6667","250000.0"
"a238c0000054Im3AAE","false","CLA-BD-0008419","","","","","","","","","a258c000004VBCUAA4","261000.0","Land cost","Land Purchase","","10.0","261000.0","","","0.0","tloyukewthj9t94d8t","0.0","0.0","17.4","0.0"
"a238c0000054J4JAAU","false","CLA-BD-0009325","","","","","","","","","a258c000004VBKMAA4","","Land cost","Land Purchase","","10.0","","","","","zavzmb832n8vnkwglk","0.0","","","0.0"
"a238c0000054J8JAAU","false","CLA-BD-0009573","","","","","","","","","a258c000004VBKMAA4","1200.0","Soft cost","Permits / Fees","","10.0","","","","","07iktk76gpjzem8txw","0.0","100.0","","1200.0"
"a238c0000054J8LAAU","false","CLA-BD-0009575","","","","","","","","","a258c000004VBKLAA4","850.0","Soft cost","Surveys","","11.0","","","","","0dspxzlayab0a1vv0r","0.0","100.0","","850.0"
"a238c0000054Ij6AAE","false","CLA-BD-0008236","","","","","","","","","a258c000004VBCXAA4","","Soft cost","Bonds & Insurance","","6.0","","","","","0k1rh0jhewymbgej1e","0.0","","0.0","0.0"
"a238c0000054J8MAAU","false","CLA-BD-0009576","","","","","","","","","a258c000004VBKKAA4","5000.0","Soft cost","Commission & Fees","","510.0","","","","","0pwhz9wi5tosx4s61j","0.0","100.0","","5000.0"
"a238c0000054J8RAAU","false","CLA-BD-0009581","","","","","","","","","a258c000004VBKJAA4","550.0","Soft cost","Surveys","","501.0","","","","","1516aiydques6zylkp","0.0","100.0","","550.0"
"a238c0000054J8VAAU","false","CLA-BD-0009585","","","","","","","","","a258c000004VBKLAA4","","Soft cost","Architectural & Engineering","","2.0","","","","","1qzf3txc45cp1q084l","0.0","","","0.0"
"a238c0000054IjJAAU","false","CLA-BD-0008249","","","","","","","","","a258c000004VBCUAA4","","Soft cost","Title Insurance/Recording","","7.0","","","","","2kcz9xfo8yz87ysln1","0.0","","0.0","0.0"
"a238c0000054J8aAAE","false","CLA-BD-0009590","","","","","","","","","a258c000004VBKLAA4","2600.0","Soft cost","Taxes","","310.0","","","","","2vkt443rn29ildhpza","0.0","100.0","","2600.0"
"a238c0000054J8cAAE","false","CLA-BD-0009592","","","","","","","","","a258c000004VBKJAA4","2300.0","Soft cost","Taxes","","507.0","","","","","3584t7ziq376p5yp87","0.0","100.0","","2300.0"
"a238c0000054J8eAAE","false","CLA-BD-0009594","","","","","","","","","a258c000004VBKLAA4","800.0","Soft cost","Water & Sewer Inspection","","30.0","","","","","3pjcpr6fln7nr3dine","0.0","100.0","","800.0"
"a238c0000054JNaAAM","false","CLA-BD-0010520","","","","","","","","","a258c000004VBKLAA4","","Soft cost","Marketing","","10.0","","","","","53b3leabw11u15unim","0.0","","","0.0"
"a238c0000054JNeAAM","false","CLA-BD-0010524","","","","","","","","","a258c000004VBKKAA4","","Soft cost","Furniture, Fixtures & Equipment","","508.0","","","","","68afjzdgu5tmn0ruxm","0.0","","","0.0"
"a238c0000054JNgAAM","false","CLA-BD-0010526","","","","","","","","","a258c000004VBKKAA4","","Soft cost","Soft Cost Contingency","","512.0","","","","","6g85trqr6phhzv40on","0.0","","","0.0"
"a238c0000054JNiAAM","false","CLA-BD-0010528","","","","","","","","","a258c000004VBKJAA4","3400.0","Soft cost","Insurance","","240.0","","","","","6mgn72icirg6j4maes","0.0","100.0","","3400.0"
"a238c0000054JNjAAM","false","CLA-BD-0010529","","","","","","","","","a258c000004VBKKAA4","500.0","Soft cost","Title Insurance / Recording","","505.0","","","","","6rdggjwd3xh4g65pxs","0.0","100.0","","500.0"
"a238c0000054JNoAAM","false","CLA-BD-0010534","","","","","","","","","a258c000004VBKMAA4","","Soft cost","Appraisal","","4.0","","","","","767m75cuq8rhvf92ns","0.0","","","0.0"
"a238c0000054JNqAAM","false","CLA-BD-0010536","","","","","","","","","a258c000004VBKMAA4","800.0","Soft cost","Water & Sewer Inspection","","30.0","","","","","7gf35csd6gazruadgp","0.0","100.0","","800.0"
"a238c0000054JO0AAM","false","CLA-BD-0010546","","","","","","","","","a258c000004VBKMAA4","","Soft cost","Furniture, Fixtures & Equipment","","9.0","","","","","8nlp5ixad3b3kp0clo","0.0","","","0.0"
"a238c0000054ImrAAE","false","CLA-BD-0008469","","","","","","","","","a258c000004VBCUAA4","1800.0","Soft cost","Insurance","","330.0","","","","0.0","8pdhayw8ekzl2zm1y7","0.0","100.0","0.12","1800.0"
"a238c0000054ImuAAE","false","CLA-BD-0008472","","","","","","","","","a258c000004VBCXAA4","2600.0","Soft cost","Taxes","","310.0","","","","","8ywz63c3b9u9q3kp3i","0.0","100.0","0.1733","2600.0"
"a238c0000054JO2AAM","false","CLA-BD-0010548","","","","","","","","","a258c000004VBKJAA4","","Soft cost","Marketing","","511.0","","","","","98xgrv5x0slgn99hkt","0.0","","","0.0"
"a238c0000054ImxAAE","false","CLA-BD-0008475","","","","","","","","","a258c000004VBCXAA4","900.0","Soft cost","Impact Fees","","20.0","","","","","9zosayesp1f0ohxsoh","0.0","100.0","0.06","900.0"
"a238c0000054JIoAAM","false","CLA-BD-0010224","","","","","","","","","a258c000004VBKLAA4","","Soft cost","Bonds & Insurance","","6.0","","","","","b5uuuv5zta84b8s4oy","0.0","","","0.0"
"a238c0000054JIpAAM","false","CLA-BD-0010225","","","","","","","","","a258c000004VBKLAA4","900.0","Soft cost","Impact Fees","","20.0","","","","","b9ktu18qt5xkvaxgrz","0.0","100.0","","900.0"
"a238c0000054JIsAAM","false","CLA-BD-0010228","","","","","","","","","a258c000004VBKMAA4","850.0","Soft cost","Surveys","","11.0","","","","","buoaa5b5yyndl8waa8","0.0","100.0","","850.0"
"a238c0000054JItAAM","false","CLA-BD-0010229","","","","","","","","","a258c000004VBKJAA4","","Soft cost","Water & Sewer Inspection","","506.0","","","","","bxlopbvf3wjemul196","0.0","","","0.0"
"a238c0000054JJ0AAM","false","CLA-BD-0010236","","","","","","","","","a258c000004VBKKAA4","3400.0","Soft cost","Insurance","","240.0","","","","","d4o8izpq625285jw4e","0.0","100.0","","3400.0"
"a238c0000054JJ1AAM","false","CLA-BD-0010237","","","","","","","","","a258c000004VBKKAA4","","Soft cost","Appraisal","","503.0","","","","","dcvly3urh9vh8tl1ki","0.0","","","0.0"
"a238c0000054JJ4AAM","false","CLA-BD-0010240","","","","","","","","","a258c000004VBKJAA4","","Soft cost","Soft Cost Contingency","","512.0","","","","","djrc5p73dwd9oubl4o","0.0","","","0.0"
"a238c0000054JJ8AAM","false","CLA-BD-0010244","","","","","","","","","a258c000004VBKJAA4","5000.0","Soft cost","Commission & Fees","","510.0","","","","","dqcspu5pk2cdley5hv","0.0","100.0","","5000.0"
"a238c0000054JJBAA2","false","CLA-BD-0010247","","","","","","","","","a258c000004VBKKAA4","1000.0","Soft cost","Transfer Taxes","","509.0","","","","","edio7x02fddyis9dd7","0.0","100.0","","1000.0"
"a238c0000054JJFAA2","false","CLA-BD-0010251","","","","","","","","","a258c000004VBKMAA4","","Soft cost","Marketing","","10.0","","","","","em1yhwod7bwutymreh","0.0","","","0.0"
"a238c0000054JJKAA2","false","CLA-BD-0010256","","","","","","","","","a258c000004VBKJAA4","500.0","Soft cost","Title Insurance / Recording","","505.0","","","","","fgr9x7oiynp9h4molb","0.0","100.0","","500.0"
"a238c0000054JJLAA2","false","CLA-BD-0010257","","","","","","","","","a258c000004VBKLAA4","","Soft cost","Appraisal","","4.0","","","","","fjig8ciqqh4x1ksyib","0.0","","","0.0"
"a238c0000054Il7AAE","false","CLA-BD-0008361","","","","","","","","","a258c000004VBCUAA4","1200.0","Soft cost","Permits / Fees","","10.0","","","","0.0","g53pr44z84v51djtfw","0.0","100.0","0.08","1200.0"
"a238c0000054JJQAA2","false","CLA-BD-0010262","","","","","","","","","a258c000004VBKMAA4","900.0","Soft cost","Impact Fees","","20.0","","","","","g9i2kkzx6fh3enfmgj","0.0","100.0","","900.0"
"a238c0000054JJRAA2","false","CLA-BD-0010263","","","","","","","","","a258c000004VBKLAA4","","Soft cost","Furniture, Fixtures & Equipment","","9.0","","","","","g9oe5ncskk586qlw90","0.0","","","0.0"
"a238c0000054JJSAA2","false","CLA-BD-0010264","","","","","","","","","a258c000004VBKKAA4","","Soft cost","Bonds & Insurance","","504.0","","","","","gdtmok3k52bpshc7wg","0.0","","","0.0"
"a238c0000054Il8AAE","false","CLA-BD-0008362","","","","","","","","","a258c000004VBCXAA4","","Soft cost","Appraisal","","4.0","","","","","gdxz2lvivuca5rupb4","0.0","","0.0","0.0"
"a238c0000054JJUAA2","false","CLA-BD-0010266","","","","","","","","","a258c000004VBKJAA4","","Soft cost","Appraisal","","503.0","","","","","gjggvqeq5fv3l7b70b","0.0","","","0.0"
"a238c0000054JJXAA2","false","CLA-BD-0010269","","","","","","","","","a258c000004VBKLAA4","1800.0","Soft cost","Insurance","","330.0","","","","","gowt25hleszdoi7gbe","0.0","100.0","","1800.0"
"a238c0000054IlBAAU","false","CLA-BD-0008365","","","","","","","","","a258c000004VBCXAA4","","Soft cost","Marketing","","10.0","","","","","gp21dqc96ci7ptmcrf","0.0","","0.0","0.0"
"a238c0000054JJZAA2","false","CLA-BD-0010271","","","","","","","","","a258c000004VBKKAA4","550.0","Soft cost","Surveys","","501.0","","","","","grmjzu8k9tlny63wyf","0.0","100.0","","550.0"
"a238c0000054JJfAAM","false","CLA-BD-0010277","","","","","","","","","a258c000004VBKMAA4","2600.0","Soft cost","Taxes","","310.0","","","","","hc6f0fjp35swtcwr1b","0.0","100.0","","2600.0"
"a238c0000054IlDAAU","false","CLA-BD-0008367","","","","","","","","","a258c000004VBCUAA4","50000.0","Soft cost","Furniture, Fixtures & Equipment","","9.0","","","","0.0","hetxb47o3ng66s610z","0.0","100.0","3.3333","50000.0"
"a238c0000054IlEAAU","false","CLA-BD-0008368","","","","","","","","","a258c000004VBCUAA4","2600.0","Soft cost","Taxes","","310.0","","","","0.0","hn04oyvogf8kvhi6l6","0.0","100.0","0.1733","2600.0"
"a238c0000054JJqAAM","false","CLA-BD-0010288","","","","","","","","","a258c000004VBKKAA4","","Soft cost","Water & Sewer Inspection","","506.0","","","","","io16prmen6xiqfuvhq","0.0","","","0.0"
"a238c0000054JJrAAM","false","CLA-BD-0010289","","","","","","","","","a258c000004VBKJAA4","","Soft cost","Impact Fees","","502.0","","","","","ixxl2neix9ca469peb","0.0","","","0.0"
"a238c0000054JJsAAM","false","CLA-BD-0010290","","","","","","","","","a258c000004VBKJAA4","","Soft cost","Bonds & Insurance","","504.0","","","","","j5eavd2wkh294a7x61","0.0","","","0.0"
"a238c0000054IlJAAU","false","CLA-BD-0008373","","","","","","","","","a258c000004VBCUAA4","","Soft cost","Bonds & Insurance","","6.0","","","","","j9l91qf2o21o8qfjfu","0.0","","0.0","0.0"
"a238c0000054IlLAAU","false","CLA-BD-0008375","","","","","","","","","a258c000004VBCUAA4","900.0","Soft cost","Impact Fees","","20.0","","","","0.0","khaxrf4unjsf0fx3ti","0.0","100.0","0.06","900.0"
"a238c0000054JK0AAM","false","CLA-BD-0010298","","","","","","","","","a258c000004VBKLAA4","1200.0","Soft cost","Permits / Fees","","10.0","","","","","lxemk30jzfhpbchhs1","0.0","100.0","","1200.0"
"a238c0000054JK1AAM","false","CLA-BD-0010299","","","","","","","","","a258c000004VBKJAA4","","Soft cost","Furniture, Fixtures & Equipment","","508.0","","","","","m07f2iktos6w7md08v","0.0","","","0.0"
"a238c0000054JK2AAM","false","CLA-BD-0010300","","","","","","","","","a258c000004VBKKAA4","2300.0","Soft cost","Taxes","","507.0","","","","","m7wje9kiw66efx1g5k","0.0","100.0","","2300.0"
"a238c0000054IlUAAU","false","CLA-BD-0008384","","","","","","","","","a258c000004VBCUAA4","","Soft cost","Architectural & Engineering","","2.0","","","","","mw5tqg8r8gkhcuplxh","0.0","","0.0","0.0"
"a238c0000054JK7AAM","false","CLA-BD-0010305","","","","","","","","","a258c000004VBKMAA4","1800.0","Soft cost","Insurance","","330.0","","","","","njeb4qfaq43gmy71po","0.0","100.0","","1800.0"
"a238c0000054IlWAAU","false","CLA-BD-0008386","","","","","","","","","a258c000004VBCUAA4","0.0","Soft cost","Marketing","","10.0","","","","0.0","nlayijvze41bvw908j","0.0","0.0","0.0","0.0"
"a238c0000054IlXAAU","false","CLA-BD-0008387","","","","","","","","","a258c000004VBCXAA4","850.0","Soft cost","Surveys","","11.0","","","","","nr8qyvi7t8bkwxdxon","0.0","100.0","0.0567","850.0"
"a238c0000054IlaAAE","false","CLA-BD-0008390","","","","","","","","","a258c000004VBCUAA4","13000.0","Soft cost","Contingency - Soft Costs","","11.0","","","","0.0","o8ltnakqy5lg4a9i71","0.0","100.0","0.8667","13000.0"
"a238c0000054JKGAA2","false","CLA-BD-0010314","","","","","","","","","a258c000004VBKJAA4","1200.0","Soft cost","Legal Fees","","220.0","","","","","p59zbhuvywv5zet1hg","0.0","100.0","","1200.0"
"a238c0000054JKHAA2","false","CLA-BD-0010315","","","","","","","","","a258c000004VBKJAA4","","Soft cost","Architectural & Engineering Fees","","500.0","","","","","p7jwtoqd606712ppn3","0.0","","","0.0"
"a238c0000054IlhAAE","false","CLA-BD-0008397","","","","","","","","","a258c000004VBCXAA4","1200.0","Soft cost","Permits / Fees","","10.0","","","","","pk9ab4lfpb3if4r35h","0.0","100.0","0.08","1200.0"
"a238c0000054IliAAE","false","CLA-BD-0008398","","","","","","","","","a258c000004VBCUAA4","800.0","Soft cost","Water & Sewer Inspection","","30.0","","","","0.0","pndwlae0eclq1oae35","0.0","100.0","0.0533","800.0"
"a238c0000054IlkAAE","false","CLA-BD-0008400","","","","","","","","","a258c000004VBCXAA4","800.0","Soft cost","Water & Sewer Inspection","","30.0","","","","","pp0bp5clpqc8dpk19s","0.0","100.0","0.0533","800.0"
"a238c0000054JKOAA2","false","CLA-BD-0010322","","","","","","","","","a258c000004VBKKAA4","","Soft cost","Marketing","","511.0","","","","","qijl819yl5yho22iqj","0.0","","","0.0"
"a238c0000054JKPAA2","false","CLA-BD-0010323","","","","","","","","","a258c000004VBKLAA4","","Soft cost","Contingency - Soft Costs","","11.0","","","","","qoi2yu6y746ruc76kt","0.0","","","0.0"
"a238c0000054IlpAAE","false","CLA-BD-0008405","","","","","","","","","a258c000004VBCXAA4","100000.0","Soft cost","Architectural & Engineering","","2.0","","","","0.0","r35nh9g5zaolwbxs07","0.0","100.0","6.6667","100000.0"
"a238c0000054JKRAA2","false","CLA-BD-0010325","","","","","","","","","a258c000004VBKKAA4","","Soft cost","Architectural & Engineering Fees","","500.0","","","","","r6rqv24qig2i0tlwqc","0.0","","","0.0"
"a238c0000054JKTAA2","false","CLA-BD-0010327","","","","","","","","","a258c000004VBKMAA4","","Soft cost","Architectural & Engineering","","2.0","","","","","rbsta3yieofrxc7qj8","0.0","","","0.0"
"a238c0000054JKUAA2","false","CLA-BD-0010328","","","","","","","","","a258c000004VBKKAA4","1200.0","Soft cost","Legal Fees","","220.0","","","","","rbuktusmyojuru5tkh","0.0","100.0","","1200.0"
"a238c0000054IlqAAE","false","CLA-BD-0008406","","","","","","","","","a258c000004VBCXAA4","1800.0","Soft cost","Insurance","","330.0","","","","","rjqecu9zowvurtpxpl","0.0","100.0","0.12","1800.0"
"a238c0000054JKXAA2","false","CLA-BD-0010331","","","","","","","","","a258c000004VBKJAA4","1000.0","Soft cost","Transfer Taxes","","509.0","","","","","s7dgpml0xshmyayyhr","0.0","100.0","","1000.0"
"a238c0000054JKeAAM","false","CLA-BD-0010338","","","","","","","","","a258c000004VBKMAA4","","Soft cost","Bonds & Insurance","","6.0","","","","","ttwckvyxp7u41263o1","0.0","","","0.0"
"a238c0000054JKgAAM","false","CLA-BD-0010340","","","","","","","","","a258c000004VBKKAA4","","Soft cost","Impact Fees","","502.0","","","","","tydgl59j23v666yo0p","0.0","","","0.0"
"a238c0000054JKjAAM","false","CLA-BD-0010343","","","","","","","","","a258c000004VBKKAA4","","Soft cost","Design Fees","","210.0","","","","","uc6i1l1urswbjm44po","0.0","","","0.0"
"a238c0000054Im6AAE","false","CLA-BD-0008422","","","","","","","","","a258c000004VBCXAA4","","Soft cost","Contingency - Soft Costs","","11.0","","","","","udnn3mz5p3x6qhaeoo","0.0","","0.0","0.0"
"a238c0000054ImAAAU","false","CLA-BD-0008426","","","","","","","","","a258c000004VBCUAA4","","Soft cost","Appraisal","","4.0","","","","","vpqtnbyvicbhzabfcz","0.0","","0.0","0.0"
"a238c0000054JKrAAM","false","CLA-BD-0010351","","","","","","","","","a258c000004VBKMAA4","","Soft cost","Contingency - Soft Costs","","11.0","","","","","w6jqnq9bee5lhf6ky6","0.0","","","0.0"
"a238c0000054J47AAE","false","CLA-BD-0009313","","","","","","","","","a258c000004VBKJAA4","","Soft cost","Design Fees","","210.0","","","","","xctqi1vt4nua50skhl","0.0","","","0.0"
"a238c0000054J48AAE","false","CLA-BD-0009314","","","","","","","","","a258c000004VBKLAA4","","Soft cost","Title Insurance/Recording","","7.0","","","","","xd9bo0bcu8tfj1x0c1","0.0","","","0.0"
"a238c0000054IiWAAU","false","CLA-BD-0008200","","","","","","","","","a258c000004VBCXAA4","","Soft cost","Furniture, Fixtures & Equipment","","9.0","","","","","y6ek1zujtiq8i66c3x","0.0","","0.0","0.0"
"a238c0000054J4KAAU","false","CLA-BD-0009326","","","","","","","","","a258c000004VBKMAA4","","Soft cost","Title Insurance/Recording","","7.0","","","","","zbaurvzdj6vy46wrl3","0.0","","","0.0"
"a238c0000054IieAAE","false","CLA-BD-0008208","","","","","","","","","a258c000004VBCUAA4","850.0","Soft cost","Surveys","","11.0","","","","0.0","zpjjcerze7yxn2c1r4","0.0","100.0","0.0567","850.0"
"a238c0000054IifAAE","false","CLA-BD-0008209","","","","","","","","","a258c000004VBCXAA4","","Soft cost","Title Insurance/Recording","","7.0","","","","","zqz6q6lc1kzksk1wgz","0.0","","0.0","0.0"
"a1UWD000004bDou2AE","false","CLA-BD-0003183","a1WWD000002QI4z2AG","0.0","","Cabinets / Millwork","","88.0","","","","","a23bn000001w0QTAAY","0.0","0.0","0.0","0.0"
"a1UWD000004bDov2AE","false","CLA-BD-0003184","a1WWD000002QI4z2AG","0.0","","Flooring (Rubber Floor/Silica/ Res-Tek)","","90.0","","","","","a23bn000001w0QUAAY","0.0","0.0","0.0","0.0"
"a1UWD000004bDow2AE","false","CLA-BD-0003185","a1WWD000002QI4z2AG","0.0","","Lighting Fixtures","","85.0","","","","","a23bn000001w0QVAAY","0.0","0.0","0.0","0.0"
"a1UWD000004bDox2AE","false","CLA-BD-0003186","a1WWD000002QI4z2AG","0.0","","Corporate Decor Package Installation","","93.0","","","","","a23bn000001w0QWAAY","0.0","0.0","0.0","0.0"
"a1UWD000004bDoy2AE","false","CLA-BD-0003187","a1WWD000002QI4z2AG","0.0","","100 ft secondary service","","84.0","","","","","a23bn000001w0QXAAY","0.0","0.0","0.0","0.0"
"a1UWD000004bDoz2AE","false","CLA-BD-0003188","a1WWD000002QI4z2AG","0.0","","Fire Extinguishers","","87.0","","","","","a23bn000001w0QYAAY","0.0","0.0","0.0","0.0"
"a1UWD000004bDp02AE","false","CLA-BD-0003189","a1WWD000002QI4z2AG","0.0","","Caulking","","91.0","","","","","a23bn000001w0QZAAY","0.0","0.0","0.0","0.0"
"a1UWD000004bDp12AE","false","CLA-BD-0003190","a1WWD000002QI4z2AG","0.0","","Toilet Partitions","","89.0","","","","","a23bn000001w0QaAAI","0.0","0.0","0.0","0.0"
"a1UWD000004bDp22AE","false","CLA-BD-0003191","a1WWD000002QI4z2AG","0.0","","Roofing","","59.0","","","","","a23bn000001w0QbAAI","0.0","0.0","0.0","0.0"
"a1UWD000004bDp32AE","false","CLA-BD-0003192","a1WWD000002QI4z2AG","0.0","","Finish Carpentry Labor","","60.0","","","","","a23bn000001w0QcAAI","0.0","0.0","0.0","0.0"
"a1UWD000004bDp42AE","false","CLA-BD-0003193","a1WWD000002QI4z2AG","0.0","","Rough Carpentry Labor","","61.0","","","","","a23bn000001w0QdAAI","0.0","0.0","0.0","0.0"
"a1UWD000004bDp52AE","false","CLA-BD-0003194","a1WWD000002QI4z2AG","0.0","","Rough Carpentry Material","","62.0","","","","","a23bn000001w0QeAAI","0.0","0.0","0.0","0.0"
"a1UWD000004bDp62AE","false","CLA-BD-0003195","a1WWD000002QI4z2AG","0.0","","Sheet Metal","","63.0","","","","","a23bn000001w0QfAAI","0.0","0.0","0.0","0.0"
"a1UWD000004bDp72AE","false","CLA-BD-0003196","a1WWD000002QI4z2AG","0.0","","Insulation","","64.0","","","","","a23bn000001w0QgAAI","0.0","0.0","0.0","0.0"
"a1UWD000004bDp82AE","false","CLA-BD-0003197","a1WWD000002QI4z2AG","0.0","","Glass & Glazing","","65.0","","","","","a23bn000001w0QhAAI","0.0","0.0","0.0","0.0"
"a1UWD000004bDp92AE","false","CLA-BD-0003198","a1WWD000002QI4z2AG","0.0","","Ceramic tile","","69.0","","","","","a23bn000001w0QiAAI","0.0","0.0","0.0","0.0"
"a1UWD000004bDpA2AU","false","CLA-BD-0003199","a1WWD000002QI4z2AG","0.0","","Drywall & Metal Studs","","66.0","","","","","a23bn000001w0QjAAI","0.0","0.0","0.0","0.0"
"a1UWD000004bDpB2AU","false","CLA-BD-0003200","a1WWD000002QI4z2AG","0.0","","Acoustic Tile","","67.0","","","","","a23bn000001w0QkAAI","0.0","0.0","0.0","0.0"
"a1UWD000004bDpC2AU","false","CLA-BD-0003201","a1WWD000002QI4z2AG","0.0","","Painting","","68.0","","","","","a23bn000001w0QlAAI","0.0","0.0","0.0","0.0"
"a1UWD000004bDpD2AU","false","CLA-BD-0003202","a1WWD000002QI4z2AG","0.0","","EIFS / Lath & Plaster","","70.0","","","","","a23bn000001w0QmAAI","0.0","0.0","0.0","0.0"
"a1UWD000004bDpE2AU","false","CLA-BD-0003203","a1WWD000002QI4z2AG","0.0","","Misc. S.S.","","71.0","","","","","a23bn000001w0QnAAI","0.0","0.0","0.0","0.0"
"a1UWD000004bDpF2AU","false","CLA-BD-0003204","a1WWD000002QI4z2AG","0.0","","Toilet accessories","","72.0","","","","","a23bn000001w0QoAAI","0.0","0.0","0.0","0.0"
"a1UWD000004bDpG2AU","false","CLA-BD-0003205","a1WWD000002QI4z2AG","0.0","","GC Installed Items","","73.0","","","","","a23bn000001w0QpAAI","0.0","0.0","0.0","0.0"
"a1UWD000004bDpH2AU","false","CLA-BD-0003206","a1WWD000002QI4z2AG","0.0","","H.V.A.C. System","","74.0","","","","","a23bn000001w0QqAAI","0.0","0.0","0.0","0.0"
"a1UWD000004bDpI2AU","false","CLA-BD-0003207","a1WWD000002QI4z2AG","0.0","","TABC - Air Balance (Required)","","75.0","","","","","a23bn000001w0QrAAI","0.0","0.0","0.0","0.0"
"a1UWD000004bDpJ2AU","false","CLA-BD-0003208","a1WWD000002QI4z2AG","0.0","","Plumbing","","76.0","","","","","a23bn000001w0QsAAI","0.0","0.0","0.0","0.0"
"a1UWD000004bDpK2AU","false","CLA-BD-0003209","a1WWD000002QI4z2AG","0.0","","Fire Sprinkler (if required)","","77.0","","","","","a23bn000001w0QtAAI","0.0","0.0","0.0","0.0"
"a1UWD000004bDpL2AU","false","CLA-BD-0003210","a1WWD000002QI4z2AG","0.0","","Metal Fab","","78.0","","","","","a23bn000001w0QuAAI","0.0","0.0","0.0","0.0"
"a1UWD000004bDpM2AU","false","CLA-BD-0003211","a1WWD000002QI4z2AG","0.0","","Electrical Material","","82.0","","","","","a23bn000001w0QvAAI","0.0","0.0","0.0","0.0"
"a1UWD000004bDpN2AU","false","CLA-BD-0003212","a1WWD000002QI4z2AG","0.0","","Cedar brackets","","79.0","","","","","a23bn000001w0QwAAI","0.0","0.0","0.0","0.0"
"a1UWD000004bDpO2AU","false","CLA-BD-0003213","a1WWD000002QI4z2AG","0.0","","Termite Treat","","80.0","","","","","a23bn000001w0QxAAI","0.0","0.0","0.0","0.0"
"a1UWD000004bDpP2AU","false","CLA-BD-0003214","a1WWD000002QI4z2AG","0.0","","Electrical Labor","","81.0","","","","","a23bn000001w0QyAAI","0.0","0.0","0.0","0.0"
"a1UWD000004bDpQ2AU","false","CLA-BD-0003215","a1WWD000002QI4z2AG","0.0","","Power Management System","","83.0","","","","","a23bn000001w0QzAAI","0.0","0.0","0.0","0.0"
"a1UWD000004bDpR2AU","false","CLA-BD-0003216","a1WWD000002QI4z2AG","0.0","","F.R.P. and marlite","","86.0","","","","","a23bn000001w0R0AAI","0.0","0.0","0.0","0.0"
"a1UWD000004bDpS2AU","false","CLA-BD-0003217","a1WWD000002QI4z2AG","0.0","","Gas to Property Line","","1.0","","","","","a23bn000001w0R1AAI","0.0","0.0","0.0","0.0"
"a1UWD000004bDpT2AU","false","CLA-BD-0003218","a1WWD000002QI4z2AG","0.0","","Water to Property line","","2.0","","","","","a23bn000001w0R2AAI","0.0","0.0","0.0","0.0"
"a1UWD000004bDpU2AU","false","CLA-BD-0003219","a1WWD000002QI4z2AG","0.0","","Sewer to Property Line","","3.0","","","","","a23bn000001w0R3AAI","0.0","0.0","0.0","0.0"
"a1UWD000004bDpV2AU","false","CLA-BD-0003220","a1WWD000002QI4z2AG","0.0","","New electric service","","4.0","","","","","a23bn000001w0R4AAI","0.0","0.0","0.0","0.0"
"a1UWD000004bDpW2AU","false","CLA-BD-0003221","a1WWD000002QI4z2AG","0.0","","Power pole - new or relocate","","5.0","","","","","a23bn000001w0R5AAI","0.0","0.0","0.0","0.0"
"a1UWD000004bDpX2AU","false","CLA-BD-0003222","a1WWD000002QI4z2AG","0.0","","Street light - new or relocate","","6.0","","","","","a23bn000001w0R6AAI","0.0","0.0","0.0","0.0"
"a1UWD000004bDpY2AU","false","CLA-BD-0003223","a1WWD000002QI4z2AG","0.0","","Telephone Pole","","7.0","","","","","a23bn000001w0R7AAI","0.0","0.0","0.0","0.0"
"a1UWD000004bDpZ2AU","false","CLA-BD-0003224","a1WWD000002QI4z2AG","0.0","","Off site fire hydrant","","8.0","","","","","a23bn000001w0R8AAI","0.0","0.0","0.0","0.0"
"a1UWD000004bDpa2AE","false","CLA-BD-0003225","a1WWD000002QI4z2AG","0.0","","Traffic signals - new or relocate","","9.0","","","","","a23bn000001w0R9AAI","0.0","0.0","0.0","0.0"
"a1UWD000004bDpb2AE","false","CLA-BD-0003226","a1WWD000002QI4z2AG","0.0","","Offsite Demolition","","10.0","","","","","a23bn000001w0RAAAY","0.0","0.0","0.0","0.0"
"a1UWD000004bDpc2AE","false","CLA-BD-0003227","a1WWD000002QI4z2AG","0.0","","New Curb & Gutter","","11.0","","","","","a23bn000001w0RBAAY","0.0","0.0","0.0","0.0"
"a1UWD000004bDpd2AE","false","CLA-BD-0003228","a1WWD000002QI4z2AG","0.0","","New sidewalk","","12.0","","","","","a23bn000001w0RCAAY","0.0","0.0","0.0","0.0"
"a1UWD000004bDpe2AE","false","CLA-BD-0003229","a1WWD000002QI4z2AG","0.0","","New approaches","","13.0","","","","","a23bn000001w0RDAAY","0.0","0.0","0.0","0.0"
"a1UWD000004bDpf2AE","false","CLA-BD-0003230","a1WWD000002QI4z2AG","0.0","","Street paving and markings","","14.0","","","","","a23bn000001w0REAAY","0.0","0.0","0.0","0.0"
"a1UWD000004bDpg2AE","false","CLA-BD-0003231","a1WWD000002QI4z2AG","0.0","","Temp sidewalk","","15.0","","","","","a23bn000001w0RFAAY","0.0","0.0","0.0","0.0"
"a1UWD000004bDph2AE","false","CLA-BD-0003232","a1WWD000002QI4z2AG","0.0","","Storm Drain","","16.0","","","","","a23bn000001w0RGAAY","0.0","0.0","0.0","0.0"
"a1UWD000004bDpi2AE","false","CLA-BD-0003233","a1WWD000002QI4z2AG","0.0","","Relocate Transformer","","17.0","","","","","a23bn000001w0RHAAY","0.0","0.0","0.0","0.0"
"a1UWD000004bDpj2AE","false","CLA-BD-0003234","a1WWD000002QI4z2AG","0.0","","Survey","","18.0","","","","","a23bn000001w0RIAAY","0.0","0.0","0.0","0.0"
"a1UWD000004bDpk2AE","false","CLA-BD-0003235","a1WWD000002QI4z2AG","0.0","","Soils","","20.0","","","","","a23bn000001w0RJAAY","0.0","0.0","0.0","0.0"
"a1UWD000004bDpl2AE","false","CLA-BD-0003236","a1WWD000002QI4z2AG","0.0","","Landscaping w/ Irrigation (Required)","","36.0","","","","","a23bn000001w0RKAAY","0.0","0.0","0.0","0.0"
"a1UWD000004bDpm2AE","false","CLA-BD-0003237","a1WWD000002QI4z2AG","0.0","","Bollard w/ Covers","","37.0","","","","","a23bn000001w0RLAAY","0.0","0.0","0.0","0.0"
"a1UWD000004bDpn2AE","false","CLA-BD-0003238","a1WWD000002QI4z2AG","0.0","","Fire Sprinkler Service","","38.0","","","","","a23bn000001w0RMAAY","0.0","0.0","0.0","0.0"
"a1UWD000004bDpo2AE","false","CLA-BD-0003239","a1WWD000002QI4z2AG","0.0","","Erosion & Dust Control","","39.0","","","","","a23bn000001w0RNAAY","0.0","0.0","0.0","0.0"
"a1UWD000004bDpp2AE","false","CLA-BD-0003240","a1WWD000002QI4z2AG","0.0","","Fire Hydrant","","40.0","","","","","a23bn000001w0ROAAY","0.0","0.0","0.0","0.0"
"a1UWD000004bDpq2AE","false","CLA-BD-0003241","a1WWD000002QI4z2AG","0.0","","Dumpster Approach","","41.0","","","","","a23bn000001w0RPAAY","0.0","0.0","0.0","0.0"
"a1UWD000004bDpr2AE","false","CLA-BD-0003242","a1WWD000002QI4z2AG","0.0","","Wheel stops","","42.0","","","","","a23bn000001w0RQAAY","0.0","0.0","0.0","0.0"
"a1UWD000004bDps2AE","false","CLA-BD-0003243","a1WWD000002QI4z2AG","0.0","","Preasure Washing","","43.0","","","","","a23bn000001w0RRAAY","0.0","0.0","0.0","0.0"
"a1UWD000004bDpt2AE","false","CLA-BD-0003244","a1WWD000002QI4z2AG","0.0","","Service Yard Conc/CMU","","44.0","","","","","a23bn000001w0RSAAY","0.0","0.0","0.0","0.0"
"a1UWD000004bDpu2AE","false","CLA-BD-0003245","a1WWD000002QI4z2AG","0.0","","Barricades/Signs","","45.0","","","","","a23bn000001w0RTAAY","0.0","0.0","0.0","0.0"
"a1UWD000004bDpv2AE","false","CLA-BD-0003246","a1WWD000002QI4z2AG","0.0","","Signage","","46.0","","","","","a23bn000001w0RUAAY","0.0","0.0","0.0","0.0"
"a1UWD000004bDpw2AE","false","CLA-BD-0003247","a1WWD000002QI4z2AG","0.0","","Misc.","","47.0","","","","","a23bn000001w0RVAAY","0.0","0.0","0.0","0.0"
"a1UWD000004bDpx2AE","false","CLA-BD-0003248","a1WWD000002QI4z2AG","0.0","","Building Demolition","","48.0","","","","","a23bn000001w0RWAAY","0.0","0.0","0.0","0.0"
"a1UWD000004bDpy2AE","false","CLA-BD-0003249","a1WWD000002QI4z2AG","0.0","","Building Concrete Material","","49.0","","","","","a23bn000001w0RXAAY","0.0","0.0","0.0","0.0"
"a1UWD000004bDpz2AE","false","CLA-BD-0003250","a1WWD000002QI4z2AG","0.0","","Building Concrete Labor","","50.0","","","","","a23bn000001w0RYAAY","0.0","0.0","0.0","0.0"
"a1UWD000004bDq02AE","false","CLA-BD-0003251","a1WWD000002QI4z2AG","0.0","","Concrete Foundation( Include building slab)","","51.0","","","","","a23bn000001w0RZAAY","0.0","0.0","0.0","0.0"
"a1UWD000004bDq12AE","false","CLA-BD-0003252","a1WWD000002QI4z2AG","0.0","","Masonry/Building","","52.0","","","","","a23bn000001w0RaAAI","0.0","0.0","0.0","0.0"
"a1UWD000004bDq22AE","false","CLA-BD-0003253","a1WWD000002QI4z2AG","0.0","","Structural Steel","","53.0","","","","","a23bn000001w0RbAAI","0.0","0.0","0.0","0.0"
"a1UWD000004bDq32AE","false","CLA-BD-0003254","a1WWD000002QI4z2AG","0.0","","Wood Doors","","56.0","","","","","a23bn000001w0RcAAI","0.0","0.0","0.0","0.0"
"a1UWD000004bDq42AE","false","CLA-BD-0003255","a1WWD000002QI4z2AG","0.0","","Finish Lumber & Doors","","54.0","","","","","a23bn000001w0RdAAI","0.0","0.0","0.0","0.0"
"a1UWD000004bDq52AE","false","CLA-BD-0003256","a1WWD000002QI4z2AG","0.0","","Metal Doors & Frames","","55.0","","","","","a23bn000001w0ReAAI","0.0","0.0","0.0","0.0"
"a1UWD000004bDq62AE","false","CLA-BD-0003257","a1WWD000002QI4z2AG","0.0","","Finish Hardware","","57.0","","","","","a23bn000001w0RfAAI","0.0","0.0","0.0","0.0"
"a1UWD000004bDq72AE","false","CLA-BD-0003258","a1WWD000002QI4z2AG","0.0","","Framing Labor","","58.0","","","","","a23bn000001w0RgAAI","0.0","0.0","0.0","0.0"
"a1UWD000004bDq82AE","false","CLA-BD-0003259","a1WWD000002QI4z2AG","0.0","","Misc.","","92.0","","","","","a23bn000001w0RhAAI","0.0","0.0","0.0","0.0"
"a1UWD000004bDq92AE","false","CLA-BD-0003260","a1WWD000002QI4z2AG","0.0","","Grade fill / cut","","21.0","","","","","a23bn000001w0RiAAI","0.0","0.0","0.0","0.0"
"a1UWD000004bDqA2AU","false","CLA-BD-0003261","a1WWD000002QI4z2AG","0.0","","Site Demolition","","22.0","","","","","a23bn000001w0RjAAI","0.0","0.0","0.0","0.0"
"a1UWD000004bDqB2AU","false","CLA-BD-0003262","a1WWD000002QI4z2AG","0.0","","Retaining wall","","23.0","","","","","a23bn000001w0RkAAI","0.0","0.0","0.0","0.0"
"a1UWD000004bDqC2AU","false","CLA-BD-0003263","a1WWD000002QI4z2AG","0.0","","Trash Enclosure","","24.0","","","","","a23bn000001w0RlAAI","0.0","0.0","0.0","0.0"
"a1UWD000004bDqD2AU","false","CLA-BD-0003264","a1WWD000002QI4z2AG","0.0","","Concrete slabs/curbs (do not include in building slab)","","25.0","","","","","a23bn000001w0RmAAI","0.0","0.0","0.0","0.0"
"a1UWD000004bDqE2AU","false","CLA-BD-0003265","a1WWD000002QI4z2AG","0.0","","Storm Drain","","26.0","","","","","a23bn000001w0RnAAI","0.0","0.0","0.0","0.0"
"a1UWD000004bDqF2AU","false","CLA-BD-0003266","a1WWD000002QI4z2AG","0.0","","Concrete Sidewalks","","27.0","","","","","a23bn000001w0RoAAI","0.0","0.0","0.0","0.0"
"a1UWD000004bDqG2AU","false","CLA-BD-0003267","a1WWD000002QI4z2AG","0.0","","Concrete light bases","","28.0","","","","","a23bn000001w0RpAAI","0.0","0.0","0.0","0.0"
"a1UWD000004bDqH2AU","false","CLA-BD-0003268","a1WWD000002QI4z2AG","0.0","","Electrical site work/labor","","29.0","","","","","a23bn000001w0RqAAI","0.0","0.0","0.0","0.0"
"a1UWD000004bDqI2AU","false","CLA-BD-0003269","a1WWD000002QI4z2AG","0.0","","Site Lighting Material","","30.0","","","","","a23bn000001w0RrAAI","0.0","0.0","0.0","0.0"
"a1UWD000004bDqJ2AU","false","CLA-BD-0003270","a1WWD000002QI4z2AG","0.0","","Monument sign base construction Lang to verify if applicable","","31.0","","","","","a23bn000001w0RsAAI","0.0","0.0","0.0","0.0"
"a1UWD000004bDqK2AU","false","CLA-BD-0003271","a1WWD000002QI4z2AG","0.0","","Plumbing sit work","","32.0","","","","","a23bn000001w0RtAAI","0.0","0.0","0.0","0.0"
"a1UWD000004bDqL2AU","false","CLA-BD-0003272","a1WWD000002QI4z2AG","0.0","","Telephone Underground","","33.0","","","","","a23bn000001w0RuAAI","0.0","0.0","0.0","0.0"
"a1UWD000004bDqM2AU","false","CLA-BD-0003273","a1WWD000002QI4z2AG","0.0","","Concrete paving","","34.0","","","","","a23bn000001w0RvAAI","0.0","0.0","0.0","0.0"
"a1UWD000004bDqN2AU","false","CLA-BD-0003274","a1WWD000002QI4z2AG","0.0","","Asphalt paving & striping","","35.0","","","","","a23bn000001w0RwAAI","0.0","0.0","0.0","0.0"
"a1UWD000004bDqO2AU","false","CLA-BD-0003275","a1WWD000002QI502AG","0.0","","Landscaping","","3.0","","","","","a23bn000001w0RxAAI","0.0","0.0","","0.0"
"a1UWD000004bN092AE","false","CLA-BD-0003276","a1WWD000002QI502AG","0.0","","Bituminous Damproofing","","11.0","","","","","a23bn000001w0RyAAI","0.0","0.0","","0.0"
"a1UWD000004bN0A2AU","false","CLA-BD-0003277","a1WWD000002QI502AG","0.0","","Linear Metal Ceilings","","19.0","","","","","a23bn000001w0RzAAI","0.0","0.0","","0.0"
"a1UWD000004bN0B2AU","false","CLA-BD-0003278","a1WWD000002QI502AG","0.0","","Hydraulic Elevators","","24.0","","","","","a23bn000001w0S0AAI","0.0","0.0","","0.0"
"a1UWD000004bN0C2AU","false","CLA-BD-0003279","a1WWD000002QI502AG","0.0","","Glass/Glazing","","15.0","","","","","a23bn000001w0S1AAI","0.0","0.0","","0.0"
"a1UWD000004bN0D2AU","false","CLA-BD-0003280","a1WWD000002QI502AG","0.0","","General Conditions","","29.0","","","","","a23bn000001w0S2AAI","0.0","0.0","","0.0"
"a1UWD000004bN0E2AU","false","CLA-BD-0003281","a1WWD000002QI502AG","0.0","","S & C Bond","","30.0","","","","","a23bn000001w0S3AAI","0.0","0.0","","0.0"
"a1UWD000004bN0F2AU","false","CLA-BD-0003282","a1WWD000002QI502AG","0.0","","Rough Carpentry","","9.0","","","","","a23bn000001w0S4AAI","0.0","0.0","","0.0"
"a1UWD000004bN0G2AU","false","CLA-BD-0003283","a1WWD000002QI502AG","0.0","","Finish Carpentry/Millwork","","10.0","","","","","a23bn000001w0S5AAI","0.0","0.0","","0.0"
"a1UWD000004bN0H2AU","false","CLA-BD-0003284","a1WWD000002QI502AG","0.0","","HVAC","","27.0","","","","","a23bn000001w0S6AAI","0.0","0.0","","0.0"
"a1UWD000004bN0I2AU","false","CLA-BD-0003285","a1WWD000002QI502AG","0.0","","Acoustical Ceilings","","18.0","","","","","a23bn000001w0S7AAI","0.0","0.0","","0.0"
"a1UWD000004bN0J2AU","false","CLA-BD-0003286","a1WWD000002QI502AG","0.0","","Structural Steel","","8.0","","","","","a23bn000001w0S8AAI","0.0","0.0","","0.0"
"a1UWD000004bN0K2AU","false","CLA-BD-0003287","a1WWD000002QI502AG","0.0","","Plumbing","","25.0","","","","","a23bn000001w0S9AAI","0.0","0.0","","0.0"
"a1UWD000004bN0L2AU","false","CLA-BD-0003288","a1WWD000002QI502AG","0.0","","Fabric Awnings","","23.0","","","","","a23bn000001w0SAAAY","0.0","0.0","","0.0"
"a1UWD000004bN0M2AU","false","CLA-BD-0003289","a1WWD000002QI502AG","0.0","","Doors/Frames/Hardware","","14.0","","","","","a23bn000001w0SBAAY","0.0","0.0","","0.0"
"a1UWD000004bN0N2AU","false","CLA-BD-0003290","a1WWD000002QI502AG","0.0","","Unit Masonry","","7.0","","","","","a23bn000001w0SCAAY","0.0","0.0","","0.0"
"a1UWD000004bN0O2AU","false","CLA-BD-0003291","a1WWD000002QI502AG","0.0","","Termite Control","","2.0","","","","","a23bn000001w0SDAAY","0.0","0.0","","0.0"
"a1UWD000004bN0P2AU","false","CLA-BD-0003292","a1WWD000002QI502AG","0.0","","Fire Protection","","26.0","","","","","a23bn000001w0SEAAY","0.0","0.0","","0.0"
"a1UWD000004bN0Q2AU","false","CLA-BD-0003293","a1WWD000002QI502AG","0.0","","Joint Sealers","","13.0","","","","","a23bn000001w0SFAAY","0.0","0.0","","0.0"
"a1UWD000004bN0R2AU","false","CLA-BD-0003294","a1WWD000002QI502AG","0.0","","Resilient and Carpet Flooring","","20.0","","","","","a23bn000001w0SGAAY","0.0","0.0","","0.0"
"a1UWD000004bN0S2AU","false","CLA-BD-0003295","a1WWD000002QI502AG","0.0","","Building Excavator","","4.0","","","","","a23bn000001w0SHAAY","0.0","0.0","","0.0"
"a1UWD000004bN0T2AU","false","CLA-BD-0003296","a1WWD000002QI502AG","0.0","","Painting","","21.0","","","","","a23bn000001w0SIAAY","0.0","0.0","","0.0"
"a1UWD000004bN0U2AU","false","CLA-BD-0003297","a1WWD000002QI502AG","0.0","","Sitework","","1.0","","","","","a23bn000001w0SJAAY","0.0","0.0","","0.0"
"a1UWD000004bN0V2AU","false","CLA-BD-0003298","a1WWD000002QI502AG","0.0","","Misc. Specialities","","22.0","","","","","a23bn000001w0SKAAY","0.0","0.0","","0.0"
"a1UWD000004bN0W2AU","false","CLA-BD-0003299","a1WWD000002QI502AG","0.0","","Electrical","","28.0","","","","","a23bn000001w0SLAAY","0.0","0.0","","0.0"
"a1UWD000004bN0X2AU","false","CLA-BD-0003300","a1WWD000002QI502AG","0.0","","Ceramic Tile","","17.0","","","","","a23bn000001w0SMAAY","0.0","0.0","","0.0"
"a1UWD000004bN0Y2AU","false","CLA-BD-0003301","a1WWD000002QI502AG","0.0","","Cast in Place Concrete","","5.0","","","","","a23bn000001w0SNAAY","0.0","0.0","","0.0"
"a1UWD000004bN0Z2AU","false","CLA-BD-0003302","a1WWD000002QI502AG","0.0","","Roofing &Sheetmetal Flashing","","12.0","","","","","a23bn000001w0SOAAY","0.0","0.0","","0.0"
"a1UWD000004bN0a2AE","false","CLA-BD-0003303","a1WWD000002QI502AG","0.0","","Studs/Drywall/EIFS","","16.0","","","","","a23bn000001w0SPAAY","0.0","0.0","","0.0"
"a1UWD000004bN0b2AE","false","CLA-BD-0003304","a1WWD000002QI502AG","0.0","","Tilt-Up Precast Concrete","","6.0","","","","","a23bn000001w0SQAAY","0.0","0.0","","0.0"
"a1UWD000004bN0c2AE","false","CLA-BD-0003305","a1WWD000002QI502AG","0.0","","Change Orders","","36.0","","","","","a23bn000001w0SRAAY","0.0","0.0","","0.0"
"a1UWD000004bN0d2AE","false","CLA-BD-0003306","a1WWD000002QI502AG","0.0","","Allowance - Precast Concrete Pane","","35.0","","","","","a23bn000001w0SSAAY","0.0","0.0","","0.0"
"a1UWD000004bN0e2AE","false","CLA-BD-0003307","a1WWD000002QI502AG","0.0","","Allowance - Drywall Support/Finishing","","34.0","","","","","a23bn000001w0STAAY","0.0","0.0","","0.0"
"a1UWD000004bN0f2AE","false","CLA-BD-0003308","a1WWD000002QI502AG","0.0","","Fee","","31.0","","","","","a23bn000001w0SUAAY","0.0","0.0","","0.0"
"a1UWD000004bN0g2AE","false","CLA-BD-0003309","a1WWD000002QI502AG","0.0","","Allowance - Add'l Steel Support","","33.0","","","","","a23bn000001w0SVAAY","0.0","0.0","","0.0"
"a1UWD000004bN0h2AE","false","CLA-BD-0003310","a1WWD000002QI502AG","0.0","","Allowance - Mis Paving Earthwork","","32.0","","","","","a23bn000001w0SWAAY","0.0","0.0","","0.0"
"a1UWD000004bN0i2AE","false","CLA-BD-0003311","a1WWD000002QI512AG","0.0","","Exterior Glass (7xS450)","","21.0","","","","","a23bn000001w0SXAAY","0.0","0.0","","0.0"
"a1UWD000004bN0j2AE","false","CLA-BD-0003312","a1WWD000002QI512AG","0.0","","General Conditions","","22.0","","","","","a23bn000001w0SYAAY","0.0","0.0","","0.0"
"a1UWD000004bN0k2AE","false","CLA-BD-0003313","a1WWD000002QI512AG","0.0","","O&P","","23.0","","","","","a23bn000001w0SZAAY","0.0","0.0","","0.0"
"a1UWD000004bN0l2AE","false","CLA-BD-0003314","a1WWD000002QI512AG","0.0","","Insurance","","24.0","","","","","a23bn000001w0SaAAI","0.0","0.0","","0.0"
"a1UWD000004bN0m2AE","false","CLA-BD-0003315","a1WWD000002QI512AG","0.0","","Millwork","","14.0","","","","","a23bn000001w0SbAAI","0.0","0.0","","0.0"
"a1UWD000004bN0n2AE","false","CLA-BD-0003316","a1WWD000002QI512AG","0.0","","Structural ( Entry Feature)","","15.0","","","","","a23bn000001w0ScAAI","0.0","0.0","","0.0"
"a1UWD000004bN0o2AE","false","CLA-BD-0003317","a1WWD000002QI512AG","0.0","","Concrete Fill In Plumbing Trenches","","16.0","","","","","a23bn000001w0SdAAI","0.0","0.0","","0.0"
"a1UWD000004bN0p2AE","false","CLA-BD-0003318","a1WWD000002QI512AG","0.0","","Site Stripping (ADA)","","17.0","","","","","a23bn000001w0SeAAI","0.0","0.0","","0.0"
"a1UWD000004bN0q2AE","false","CLA-BD-0003319","a1WWD000002QI512AG","0.0","","Roof Structure (Trusses, Sheeting, Labor)","","18.0","","","","","a23bn000001w0SfAAI","0.0","0.0","","0.0"
"a1UWD000004bN0r2AE","false","CLA-BD-0003320","a1WWD000002QI512AG","0.0","","Roofing","","19.0","","","","","a23bn000001w0SgAAI","0.0","0.0","","0.0"
"a1UWD000004bN0s2AE","false","CLA-BD-0003321","a1WWD000002QI512AG","0.0","","Lights - LED","","20.0","","","","","a23bn000001w0ShAAI","0.0","0.0","","0.0"
"a1UWD000004bN0t2AE","false","CLA-BD-0003322","a1WWD000002QI512AG","0.0","","Electrical and Low Voltage","","1.0","","","","","a23bn000001w0SiAAI","0.0","0.0","","0.0"
"a1UWD000004bN0u2AE","false","CLA-BD-0003323","a1WWD000002QI512AG","0.0","","Mechanical","","2.0","","","","","a23bn000001w0SjAAI","0.0","0.0","","0.0"
"a1UWD000004bN0v2AE","false","CLA-BD-0003324","a1WWD000002QI512AG","0.0","","Plumbing","","3.0","","","","","a23bn000001w0SkAAI","0.0","0.0","","0.0"
"a1UWD000004bN0w2AE","false","CLA-BD-0003325","a1WWD000002QI512AG","0.0","","Painting (Interior and Exterior)","","4.0","","","","","a23bn000001w0SlAAI","0.0","0.0","","0.0"
"a1UWD000004bN0x2AE","false","CLA-BD-0003326","a1WWD000002QI512AG","0.0","","Flooring","","5.0","","","","","a23bn000001w0SmAAI","0.0","0.0","","0.0"
"a1UWD000004bN0y2AE","false","CLA-BD-0003327","a1WWD000002QI512AG","0.0","","Ceiling","","6.0","","","","","a23bn000001w0SnAAI","0.0","0.0","","0.0"
"a1UWD000004bN0z2AE","false","CLA-BD-0003328","a1WWD000002QI512AG","0.0","","Drywall and Framing","","7.0","","","","","a23bn000001w0SoAAI","0.0","0.0","","0.0"
"a1UWD000004bN102AE","false","CLA-BD-0003329","a1WWD000002QI512AG","0.0","","Doors & Hardware (SC w/ Metal Frame)","","8.0","","","","","a23bn000001w0SpAAI","0.0","0.0","","0.0"
"a1UWD000004bN112AE","false","CLA-BD-0003330","a1WWD000002QI522AG","0.0","","Corporate Decor Package Installation","","93.0","","","","","a23bn000001w0SqAAI","0.0","0.0","","0.0"
"a1UWD000004bN122AE","false","CLA-BD-0003331","a1WWD000002QI512AG","0.0","","Demo","","9.0","","","","","a23bn000001w0SrAAI","0.0","0.0","","0.0"
"a1UWD000004bN132AE","false","CLA-BD-0003332","a1WWD000002QI512AG","0.0","","CMU - Stucco","","11.0","","","","","a23bn000001w0SsAAI","0.0","0.0","","0.0"
"a1UWD000004bN142AE","false","CLA-BD-0003333","a1WWD000002QI522AG","0.0","","Cabinets / Millwork","","88.0","","","","","a23bn000001w0StAAI","0.0","0.0","","0.0"
"a1UWD000004bN152AE","false","CLA-BD-0003334","a1WWD000002QI522AG","0.0","","Flooring (Rubber Floor/Silica/ Res-Tek)","","90.0","","","","","a23bn000001w0SuAAI","0.0","0.0","","0.0"
"a1UWD000004bN162AE","false","CLA-BD-0003335","a1WWD000002QI522AG","0.0","","Lighting Fixtures","","85.0","","","","","a23bn000001w0SvAAI","0.0","0.0","","0.0"
"a1UWD000004bN172AE","false","CLA-BD-0003336","a1WWD000002QI522AG","0.0","","100 ft secondary service","","84.0","","","","","a23bn000001w0SwAAI","0.0","0.0","","0.0"
"a1UWD000004bN182AE","false","CLA-BD-0003337","a1WWD000002QI522AG","0.0","","Fire Extinguishers","","87.0","","","","","a23bn000001w0SxAAI","0.0","0.0","","0.0"
"a1UWD000004bN192AE","false","CLA-BD-0003338","a1WWD000002QI522AG","0.0","","Caulking","","91.0","","","","","a23bn000001w0SyAAI","0.0","0.0","","0.0"
"a1UWD000004bN1A2AU","false","CLA-BD-0003339","a1WWD000002QI522AG","0.0","","Toilet Partitions","","89.0","","","","","a23bn000001w0SzAAI","0.0","0.0","","0.0"
"a1UWD000004bN1B2AU","false","CLA-BD-0003340","a1WWD000002QI522AG","0.0","","Roofing","","59.0","","","","","a23bn000001w0T0AAI","0.0","0.0","","0.0"
"a1UWD000004bN1C2AU","false","CLA-BD-0003341","a1WWD000002QI522AG","0.0","","Finish Carpentry Labor","","60.0","","","","","a23bn000001w0T1AAI","0.0","0.0","","0.0"
"a1UWD000004bN1D2AU","false","CLA-BD-0003342","a1WWD000002QI522AG","0.0","","Rough Carpentry Labor","","61.0","","","","","a23bn000001w0T2AAI","0.0","0.0","","0.0"
"a1UWD000004bN1E2AU","false","CLA-BD-0003343","a1WWD000002QI522AG","0.0","","Rough Carpentry Material","","62.0","","","","","a23bn000001w0T3AAI","0.0","0.0","","0.0"
"a1UWD000004bN1F2AU","false","CLA-BD-0003344","a1WWD000002QI522AG","0.0","","Sheet Metal","","63.0","","","","","a23bn000001w0T4AAI","0.0","0.0","","0.0"
"a1UWD000004bN1G2AU","false","CLA-BD-0003345","a1WWD000002QI522AG","0.0","","Insulation","","64.0","","","","","a23bn000001w0T5AAI","0.0","0.0","","0.0"
"a1UWD000004bN1H2AU","false","CLA-BD-0003346","a1WWD000002QI522AG","0.0","","Glass & Glazing","","65.0","","","","","a23bn000001w0T6AAI","0.0","0.0","","0.0"
"a1UWD000004bN1I2AU","false","CLA-BD-0003347","a1WWD000002QI522AG","0.0","","Drywall & Metal Studs","","66.0","","","","","a23bn000001w0T7AAI","0.0","0.0","","0.0"
"a1UWD000004bN1J2AU","false","CLA-BD-0003348","a1WWD000002QI522AG","0.0","","Acoustic Tile","","67.0","","","","","a23bn000001w0T8AAI","0.0","0.0","","0.0"
"a1UWD000004bN1K2AU","false","CLA-BD-0003349","a1WWD000002QI522AG","0.0","","Painting","","68.0","","","","","a23bn000001w0T9AAI","0.0","0.0","","0.0"
"a1UWD000004bN1L2AU","false","CLA-BD-0003350","a1WWD000002QI522AG","0.0","","Ceramic tile","","69.0","","","","","a23bn000001w0TAAAY","0.0","0.0","","0.0"
"a1UWD000004bN1M2AU","false","CLA-BD-0003351","a1WWD000002QI522AG","0.0","","EIFS / Lath & Plaster","","70.0","","","","","a23bn000001w0TBAAY","0.0","0.0","","0.0"
"a1UWD000004bN1N2AU","false","CLA-BD-0003352","a1WWD000002QI522AG","0.0","","Misc. S.S.","","71.0","","","","","a23bn000001w0TCAAY","0.0","0.0","","0.0"
"a1UWD000004bN1O2AU","false","CLA-BD-0003353","a1WWD000002QI522AG","0.0","","Toilet accessories","","72.0","","","","","a23bn000001w0TDAAY","0.0","0.0","","0.0"
"a1UWD000004bN1P2AU","false","CLA-BD-0003354","a1WWD000002QI522AG","0.0","","GC Installed Items","","73.0","","","","","a23bn000001w0TEAAY","0.0","0.0","","0.0"
"a1UWD000004bN1Q2AU","false","CLA-BD-0003355","a1WWD000002QI522AG","0.0","","H.V.A.C. System","","74.0","","","","","a23bn000001w0TFAAY","0.0","0.0","","0.0"
"a1UWD000004bN1R2AU","false","CLA-BD-0003356","a1WWD000002QI522AG","0.0","","TABC - Air Balance (Required)","","75.0","","","","","a23bn000001w0TGAAY","0.0","0.0","","0.0"
"a1UWD000004bN1S2AU","false","CLA-BD-0003357","a1WWD000002QI522AG","0.0","","Plumbing","","76.0","","","","","a23bn000001w0THAAY","0.0","0.0","","0.0"
"a1UWD000004bN1T2AU","false","CLA-BD-0003358","a1WWD000002QI522AG","0.0","","Fire Sprinkler (if required)","","77.0","","","","","a23bn000001w0TIAAY","0.0","0.0","","0.0"
"a1UWD000004bN1U2AU","false","CLA-BD-0003359","a1WWD000002QI522AG","0.0","","Metal Fab","","78.0","","","","","a23bn000001w0TJAAY","0.0","0.0","","0.0"
"a1UWD000004bN1V2AU","false","CLA-BD-0003360","a1WWD000002QI522AG","0.0","","Cedar brackets","","79.0","","","","","a23bn000001w0TKAAY","0.0","0.0","","0.0"
"a1UWD000004bN1W2AU","false","CLA-BD-0003361","a1WWD000002QI522AG","0.0","","Termite Treat","","80.0","","","","","a23bn000001w0TLAAY","0.0","0.0","","0.0"
"a1UWD000004bN1X2AU","false","CLA-BD-0003362","a1WWD000002QI522AG","0.0","","Electrical Labor","","81.0","","","","","a23bn000001w0TMAAY","0.0","0.0","","0.0"
"a1UWD000004bN1Y2AU","false","CLA-BD-0003363","a1WWD000002QI522AG","0.0","","Electrical Material","","82.0","","","","","a23bn000001w0TNAAY","0.0","0.0","","0.0"
"a1UWD000004bN1Z2AU","false","CLA-BD-0003364","a1WWD000002QI522AG","0.0","","Power Management System","","83.0","","","","","a23bn000001w0TOAAY","0.0","0.0","","0.0"
"a1UWD000004bN1a2AE","false","CLA-BD-0003365","a1WWD000002QI522AG","0.0","","F.R.P. and marlite","","86.0","","","","","a23bn000001w0TPAAY","0.0","0.0","","0.0"
"a1UWD000004bN1b2AE","false","CLA-BD-0003366","a1WWD000002QI522AG","0.0","","Gas to Property Line","","1.0","","","","","a23bn000001w0TQAAY","0.0","0.0","","0.0"
"a1UWD000004bN1c2AE","false","CLA-BD-0003367","a1WWD000002QI522AG","0.0","","Water to Property line","","2.0","","","","","a23bn000001w0TRAAY","0.0","0.0","","0.0"
"a1UWD000004bN1d2AE","false","CLA-BD-0003368","a1WWD000002QI522AG","0.0","","Sewer to Property Line","","3.0","","","","","a23bn000001w0TSAAY","0.0","0.0","","0.0"
"a1UWD000004bN1e2AE","false","CLA-BD-0003369","a1WWD000002QI522AG","0.0","","New electric service","","4.0","","","","","a23bn000001w0TTAAY","0.0","0.0","","0.0"
"a1UWD000004bN1f2AE","false","CLA-BD-0003370","a1WWD000002QI522AG","0.0","","Power pole - new or relocate","","5.0","","","","","a23bn000001w0TUAAY","0.0","0.0","","0.0"
"a1UWD000004bN1g2AE","false","CLA-BD-0003371","a1WWD000002QI522AG","0.0","","Street light - new or relocate","","6.0","","","","","a23bn000001w0TVAAY","0.0","0.0","","0.0"
"a1UWD000004bN1h2AE","false","CLA-BD-0003372","a1WWD000002QI522AG","0.0","","Telephone Pole","","7.0","","","","","a23bn000001w0TWAAY","0.0","0.0","","0.0"
"a1UWD000004bN1i2AE","false","CLA-BD-0003373","a1WWD000002QI522AG","0.0","","Off site fire hydrant","","8.0","","","","","a23bn000001w0TXAAY","0.0","0.0","","0.0"
"a1UWD000004bN1j2AE","false","CLA-BD-0003374","a1WWD000002QI522AG","0.0","","Traffic signals - new or relocate","","9.0","","","","","a23bn000001w0TYAAY","0.0","0.0","","0.0"
"a1UWD000004bN1k2AE","false","CLA-BD-0003375","a1WWD000002QI522AG","0.0","","Offsite Demolition","","10.0","","","","","a23bn000001w0TZAAY","0.0","0.0","","0.0"
"a1UWD000004bN1l2AE","false","CLA-BD-0003376","a1WWD000002QI522AG","0.0","","New Curb & Gutter","","11.0","","","","","a23bn000001w0TaAAI","0.0","0.0","","0.0"
"a1UWD000004bN1m2AE","false","CLA-BD-0003377","a1WWD000002QI522AG","0.0","","New sidewalk","","12.0","","","","","a23bn000001w0TbAAI","0.0","0.0","","0.0"
"a1UWD000004bN1n2AE","false","CLA-BD-0003378","a1WWD000002QI522AG","0.0","","New approaches","","13.0","","","","","a23bn000001w0TcAAI","0.0","0.0","","0.0"
"a1UWD000004bN1o2AE","false","CLA-BD-0003379","a1WWD000002QI522AG","0.0","","Street paving and markings","","14.0","","","","","a23bn000001w0TdAAI","0.0","0.0","","0.0"
"a1UWD000004bN1p2AE","false","CLA-BD-0003380","a1WWD000002QI522AG","0.0","","Temp sidewalk","","15.0","","","","","a23bn000001w0TeAAI","0.0","0.0","","0.0"
"a1UWD000004bN1q2AE","false","CLA-BD-0003381","a1WWD000002QI522AG","0.0","","Storm Drain","","16.0","","","","","a23bn000001w0TfAAI","0.0","0.0","","0.0"
"a1UWD000004bN1r2AE","false","CLA-BD-0003382","a1WWD000002QI522AG","0.0","","Relocate Transformer","","17.0","","","","","a23bn000001w0TgAAI","0.0","0.0","","0.0"
"a1UWD000004bN1s2AE","false","CLA-BD-0003383","a1WWD000002QI522AG","0.0","","Survey","","18.0","","","","","a23bn000001w0ThAAI","0.0","0.0","","0.0"
"a1UWD000004bN1t2AE","false","CLA-BD-0003384","a1WWD000002QI522AG","0.0","","Soils","","20.0","","","","","a23bn000001w0TiAAI","0.0","0.0","","0.0"
"a1UWD000004bN1u2AE","false","CLA-BD-0003385","a1WWD000002QI522AG","0.0","","Grade fill / cut","","21.0","","","","","a23bn000001w0TjAAI","0.0","0.0","","0.0"
"a1UWD000004bN1v2AE","false","CLA-BD-0003386","a1WWD000002QI522AG","0.0","","Site Demolition","","22.0","","","","","a23bn000001w0TkAAI","0.0","0.0","","0.0"
"a1UWD000004bN1w2AE","false","CLA-BD-0003387","a1WWD000002QI522AG","0.0","","Retaining wall","","23.0","","","","","a23bn000001w0TlAAI","0.0","0.0","","0.0"
"a1UWD000004bN1x2AE","false","CLA-BD-0003388","a1WWD000002QI522AG","0.0","","Trash Enclosure","","24.0","","","","","a23bn000001w0TmAAI","0.0","0.0","","0.0"
"a1UWD000004bN1y2AE","false","CLA-BD-0003389","a1WWD000002QI522AG","0.0","","Concrete slabs/curbs (do not include in building slab)","","25.0","","","","","a23bn000001w0TnAAI","0.0","0.0","","0.0"
"a1UWD000004bN1z2AE","false","CLA-BD-0003390","a1WWD000002QI522AG","0.0","","Storm Drain","","26.0","","","","","a23bn000001w0ToAAI","0.0","0.0","","0.0"
"a1UWD000004bN202AE","false","CLA-BD-0003391","a1WWD000002QI522AG","0.0","","Concrete Sidewalks","","27.0","","","","","a23bn000001w0TpAAI","0.0","0.0","","0.0"
"a1UWD000004bN212AE","false","CLA-BD-0003392","a1WWD000002QI522AG","0.0","","Concrete light bases","","28.0","","","","","a23bn000001w0TqAAI","0.0","0.0","","0.0"
"a1UWD000004bN222AE","false","CLA-BD-0003393","a1WWD000002QI522AG","0.0","","Electrical site work/labor","","29.0","","","","","a23bn000001w0TrAAI","0.0","0.0","","0.0"
"a1UWD000004bN232AE","false","CLA-BD-0003394","a1WWD000002QI522AG","0.0","","Site Lighting Material","","30.0","","","","","a23bn000001w0TsAAI","0.0","0.0","","0.0"
"a1UWD000004bN242AE","false","CLA-BD-0003395","a1WWD000002QI522AG","0.0","","Monument sign base construction Lang to verify if applicable","","31.0","","","","","a23bn000001w0TtAAI","0.0","0.0","","0.0"
"a1UWD000004bN252AE","false","CLA-BD-0003396","a1WWD000002QI522AG","0.0","","Plumbing sit work","","32.0","","","","","a23bn000001w0TuAAI","0.0","0.0","","0.0"
"a1UWD000004bN262AE","false","CLA-BD-0003397","a1WWD000002QI522AG","0.0","","Telephone Underground","","33.0","","","","","a23bn000001w0TvAAI","0.0","0.0","","0.0"
"a1UWD000004bN272AE","false","CLA-BD-0003398","a1WWD000002QI522AG","0.0","","Concrete paving","","34.0","","","","","a23bn000001w0TwAAI","0.0","0.0","","0.0"
"a1UWD000004bN282AE","false","CLA-BD-0003399","a1WWD000002QI522AG","0.0","","Asphalt paving & striping","","35.0","","","","","a23bn000001w0TxAAI","0.0","0.0","","0.0"
"a1UWD000004bN292AE","false","CLA-BD-0003400","a1WWD000002QI522AG","0.0","","Landscaping w/ Irrigation (Required)","","36.0","","","","","a23bn000001w0TyAAI","0.0","0.0","","0.0"
"a1UWD000004bN2A2AU","false","CLA-BD-0003401","a1WWD000002QI522AG","0.0","","Bollard w/ Covers","","37.0","","","","","a23bn000001w0TzAAI","0.0","0.0","","0.0"
"a1UWD000004bN2B2AU","false","CLA-BD-0003402","a1WWD000002QI522AG","0.0","","Fire Sprinkler Service","","38.0","","","","","a23bn000001w0U0AAI","0.0","0.0","","0.0"
"a1UWD000004bN2C2AU","false","CLA-BD-0003403","a1WWD000002QI522AG","0.0","","Erosion & Dust Control","","39.0","","","","","a23bn000001w0U1AAI","0.0","0.0","","0.0"
"a1UWD000004bN2D2AU","false","CLA-BD-0003404","a1WWD000002QI522AG","0.0","","Fire Hydrant","","40.0","","","","","a23bn000001w0U2AAI","0.0","0.0","","0.0"
"a1UWD000004bN2E2AU","false","CLA-BD-0003405","a1WWD000002QI522AG","0.0","","Dumpster Approach","","41.0","","","","","a23bn000001w0U3AAI","0.0","0.0","","0.0"
"a1UWD000004bN2F2AU","false","CLA-BD-0003406","a1WWD000002QI522AG","0.0","","Wheel stops","","42.0","","","","","a23bn000001w0U4AAI","0.0","0.0","","0.0"
"a1UWD000004bN2G2AU","false","CLA-BD-0003407","a1WWD000002QI522AG","0.0","","Preasure Washing","","43.0","","","","","a23bn000001w0U5AAI","0.0","0.0","","0.0"
"a1UWD000004bN2H2AU","false","CLA-BD-0003408","a1WWD000002QI522AG","0.0","","Service Yard Conc/CMU","","44.0","","","","","a23bn000001w0U6AAI","0.0","0.0","","0.0"
"a1UWD000004bN2I2AU","false","CLA-BD-0003409","a1WWD000002QI522AG","0.0","","Barricades/Signs","","45.0","","","","","a23bn000001w0U7AAI","0.0","0.0","","0.0"
"a1UWD000004bN2J2AU","false","CLA-BD-0003410","a1WWD000002QI522AG","0.0","","Signage","","46.0","","","","","a23bn000001w0U8AAI","0.0","0.0","","0.0"
"a1UWD000004bN2K2AU","false","CLA-BD-0003411","a1WWD000002QI522AG","0.0","","Misc.","","47.0","","","","","a23bn000001w0U9AAI","0.0","0.0","","0.0"
"a1UWD000004bN2L2AU","false","CLA-BD-0003412","a1WWD000002QI522AG","0.0","","Building Demolition","","48.0","","","","","a23bn000001w0UAAAY","0.0","0.0","","0.0"
"a1UWD000004bN2M2AU","false","CLA-BD-0003413","a1WWD000002QI522AG","0.0","","Building Concrete Material","","49.0","","","","","a23bn000001w0UBAAY","0.0","0.0","","0.0"
"a1UWD000004bN2N2AU","false","CLA-BD-0003414","a1WWD000002QI522AG","0.0","","Building Concrete Labor","","50.0","","","","","a23bn000001w0UCAAY","0.0","0.0","","0.0"
"a1UWD000004bN2O2AU","false","CLA-BD-0003415","a1WWD000002QI522AG","0.0","","Concrete Foundation( Include building slab)","","51.0","","","","","a23bn000001w0UDAAY","0.0","0.0","","0.0"
"a1UWD000004bN2P2AU","false","CLA-BD-0003416","a1WWD000002QI522AG","0.0","","Masonry/Building","","52.0","","","","","a23bn000001w0UEAAY","0.0","0.0","","0.0"
"a1UWD000004bN2Q2AU","false","CLA-BD-0003417","a1WWD000002QI522AG","0.0","","Structural Steel","","53.0","","","","","a23bn000001w0UFAAY","0.0","0.0","","0.0"
"a1UWD000004bN2R2AU","false","CLA-BD-0003418","a1WWD000002QI522AG","0.0","","Finish Lumber & Doors","","54.0","","","","","a23bn000001w0UGAAY","0.0","0.0","","0.0"
"a1UWD000004bN2S2AU","false","CLA-BD-0003419","a1WWD000002QI522AG","0.0","","Metal Doors & Frames","","55.0","","","","","a23bn000001w0UHAAY","0.0","0.0","","0.0"
"a1UWD000004bN2T2AU","false","CLA-BD-0003420","a1WWD000002QI522AG","0.0","","Wood Doors","","56.0","","","","","a23bn000001w0UIAAY","0.0","0.0","","0.0"
"a1UWD000004bN2U2AU","false","CLA-BD-0003421","a1WWD000002QI522AG","0.0","","Finish Hardware","","57.0","","","","","a23bn000001w0UJAAY","0.0","0.0","","0.0"
"a1UWD000004bN2V2AU","false","CLA-BD-0003422","a1WWD000002QI522AG","0.0","","Framing Labor","","58.0","","","","","a23bn000001w0UKAAY","0.0","0.0","","0.0"
"a1UWD000004bN2W2AU","false","CLA-BD-0003423","a1WWD000002QI522AG","0.0","","Misc.","","92.0","","","","","a23bn000001w0ULAAY","0.0","0.0","","0.0"
