"Id","OwnerId","IsDeleted","Name","nFORCE__Disable_Print__c","nFORCE__Disable_Read_Only_View__c","nFORCE__Show_Link_To_Context_Object__c","nFORCE__lookupKey__c"
"a0sWD00000cQ1Q7YAK","005al00000RVcKvAAL","false","Entity Compliance Screen","false","false","true","0072177E254843688F532C1E20705574"
"a0sWD00000cQ1YHYA0","005al00000RVcKvAAL","false","CRA Screen","false","false","true","01051619447514585"
"a0sWD00000cQ1XhYAK","005al00000RVcKvAAL","false","Borrowing Structure Information","false","false","true","02551560278745076"
"a0sWD00000cQ1Q8YAK","005al00000RVcKvAAL","false","Referral","false","false","true","033A51341F29453B88353A5D3C775058"
"a0sWD00000cPtLKYA0","005al00000RVcKvAAL","false","Underwriting Details","false","false","true","03471560278867077"
"a0sWD00000cPtLLYA0","005al00000RVcKvAAL","false","Site Visit","false","false","true","0398747383"
"a0sWD00000cPtLMYA0","005al00000RVcKvAAL","false","Change Memo","false","false","true","04391620937671559"
"a0sWD00000cQ1WrYAK","005al00000RVcKvAAL","false","Product Summary","false","false","true","05641567002571747"
"a0sWD00000cQ1O6YAK","005al00000RVcKvAAL","false","Borrowing Structure Information","false","false","true","06531585311469510"
"a0sWD00000cQ1VqYAK","005al00000RVcKvAAL","false","Editable Fields","false","false","true","07281585604340854"
"a0sWD00000cQ1O7YAK","005al00000RVcKvAAL","false","Underwriting Details1","false","false","true","07911600720267875"
"a0sWD00000cQ1O8YAK","005al00000RVcKvAAL","false","CRA Screen","false","false","true","08841585311469499"
"a0sWD00000cQ1XcYAK","005al00000RVcKvAAL","false","Risk Ratings","false","false","true","08891585604340856"
"a0sWD00000cQ1WFYA0","005al00000RVcKvAAL","false","Product Summary","false","false","true","09911567002550278"
"a0sWD00000cQ1Q9YAK","005al00000RVcKvAAL","false","Change Memo","false","false","true","0F42650F61684307B53C2F05566A6A16"
"a0sWD00000cPtLNYA0","005al00000RVcKvAAL","false","Narrative Booked","false","false","true","10941585604340854"
"a0sWD00000cQ1O9YAK","005al00000RVcKvAAL","false","Adverse Actions/Counter Offers","false","false","true","11031663700624864"
"a0sWD00000cQ1X4YAK","005al00000RVcKvAAL","false","Pricing Required Fields","false","false","true","11671619447514581"
"a0sWD00000cQ1X6YAK","005al00000RVcKvAAL","false","Draw History Screen","false","false","true","12061619447514587"
"a0sWD00000cQ1WmYAK","005al00000RVcKvAAL","false","HMDA Screen 1","false","false","true","12431619447514585"
"a0sWD00000cQ1OAYA0","005al00000RVcKvAAL","false","Secured RL Eligibility","false","false","true","12661602078251380"
"a0sWD00000cPtLOYA0","005al00000RVcKvAAL","false","Adverse Action","false","false","true","131251514532143"
"a0sWD00000cQ1OBYA0","005al00000RVcKvAAL","false","Secured RL Personal (Individual Other Involved)","false","false","true","14111602603021209"
"a0sWD00000cQ1QAYA0","005al00000RVcKvAAL","false","Approved Details","false","false","true","144F7F73187E4234857D083E246F1E1B"
"a0sWD00000cQ1WXYA0","005al00000RVcKvAAL","false","Budget Details","false","false","true","14841620937671564"
"a0sWD00000cPtLPYA0","005al00000RVcKvAAL","false","Memos Booked","false","false","true","15561585604340854"
"a0sWD00000cPtLQYA0","005al00000RVcKvAAL","false","Memos","false","false","true","16221585604340856"
"a0sWD00000cQ1OCYA0","005al00000RVcKvAAL","false","SBL Personal","false","false","true","17701666029074779"
"a0sWD00000cQ1Y7YAK","005al00000RVcKvAAL","false","Loan Details","false","false","true","17781620937671564"
"a0sWD00000cQ1XWYA0","005al00000RVcKvAAL","false","Balance Details","false","false","true","18751585604340855"
"a0sWD00000cQ1XbYAK","005al00000RVcKvAAL","false","Deposit Products","false","false","true","18931562008881233"
"a0sWD00000cQ1WbYAK","005al00000RVcKvAAL","false","Adverse Actions","false","false","true","19891585604340855"
"a0sWD00000cQ1XkYAK","005al00000RVcKvAAL","false","Loan Dashboard Summary Screen","false","false","true","19961585604340855"
"a0sWD00000cQ1X7YAK","005al00000RVcKvAAL","false","Total Exposure Screen","false","false","true","20091562008947218"
"a0sWD00000cQ1ODYA0","005al00000RVcKvAAL","false","Supplementary Details","false","false","true","20091585311469503"
"a0sWD00000cQ1OEYA0","005al00000RVcKvAAL","false","Add Beneficial Owner OA","false","false","true","20221666029074782"
"a0sWD00000cQ1X2YAK","005al00000RVcKvAAL","false","Third Party Reports","false","false","true","21441620937671561"
"a0sWD00000cQ1QBYA0","005al00000RVcKvAAL","false","Entity Compliance Screen","false","false","true","2210644B070E4D569700756C6F054B54"
"a0sWD00000cPtLRYA0","005al00000RVcKvAAL","false","Key Dates","false","false","true","23001585604340855"
"a0sWD00000cQ1QCYA0","005al00000RVcKvAAL","false","Ongoing Fees","false","false","true","23223443457734552"
"a0sWD00000cQ1OFYA0","005al00000RVcKvAAL","false","Loan Team Member Information","false","false","true","234892783649823492"
"a0sWD00000cQ1OGYA0","005al00000RVcKvAAL","false","Underwriting Details1","false","false","true","23681602764631366"
"a0sWD00000cQ1YMYA0","005al00000RVcKvAAL","false","Rate & Payment Structure","false","false","true","24751619447514588"
"a0sWD00000cPtLSYA0","005al00000RVcKvAAL","false","Risk Rating","false","false","true","25211620937671559"
"a0sWD00000cQ1OHYA0","005al00000RVcKvAAL","false","Qualification","false","false","true","25271585311469511"
"a0sWD00000cQ1YvYAK","005al00000RVcKvAAL","false","Balance Details Booked","false","false","true","25741585604340854"
"a0sWD00000cQ1WvYAK","005al00000RVcKvAAL","false","Enhanced Fees Management","false","false","true","25961619447514580"
"a0sWD00000cQ1OIYA0","005al00000RVcKvAAL","false","Other Expenses","false","false","true","26701666029074783"
"a0sWD00000cQ1OJYA0","005al00000RVcKvAAL","false","Approved Details","false","false","true","26911585311469497"
"a0sWD00000cQ1WwYAK","005al00000RVcKvAAL","false","Guarantor Details","false","false","true","27381619447514539"
"a0sWD00000cQ1YaYAK","005al00000RVcKvAAL","false","Borrowing Structure Information","false","false","true","27381619447514580"
"a0sWD00000cQ1WsYAK","005al00000RVcKvAAL","false","Collateral2","false","false","true","27781619447514580"
"a0sWD00000cQ1YLYA0","005al00000RVcKvAAL","false","Loan Details","false","false","true","28631620937671566"
"a0sWD00000cQ1Y6YAK","005al00000RVcKvAAL","false","Enhanced Fees Management","false","false","true","28731620937671557"
"a0sWD00000cQ1XSYA0","005al00000RVcKvAAL","false","Loan Team Member Information","false","false","true","28761585604340855"
"a0sWD00000cQ1OKYA0","005al00000RVcKvAAL","false","Enhanced Fees Management","false","false","true","29231663700624862"
"a0sWD00000cPtLTYA0","005al00000RVcKvAAL","false","Approved Details","false","false","true","29281620937671561"
"a0sWD00000cQ1YJYA0","005al00000RVcKvAAL","false","Manage Budget Screen","false","false","true","29611620937671565"
"a0sWD00000cQ1QDYA0","005al00000RVcKvAAL","false","Third Party Management","false","false","true","2B2B014A53134A11A2713C6F251A0767"
"a0sWD00000cQ1WpYAK","005al00000RVcKvAAL","false","Editable Fields","false","false","true","30481620937671566"
"a0sWD00000cQ1OLYA0","005al00000RVcKvAAL","false","Underwriting Details1","false","false","true","31001663700624862"
"a0sWD00000cQ1YOYA0","005al00000RVcKvAAL","false","Balance Details","false","false","true","31161620937671562"
"a0sWD00000cQ1YKYA0","005al00000RVcKvAAL","false","Collateral2","false","false","true","31331620937671558"
"a0sWD00000cPtLUYA0","005al00000RVcKvAAL","false","Pricing Approved","false","false","true","31801620937671562"
"a0sWD00000cPtLVYA0","005al00000RVcKvAAL","false","Collateral2","false","false","true","32281560278867079"
"a0sWD00000cQ1OMYA0","005al00000RVcKvAAL","false","Third Party Management","false","false","true","32571600720267875"
"a0sWD00000cQ1QEYA0","005al00000RVcKvAAL","false","Conditions","false","false","true","33335F031F73425B8B70461F365F7510"
"a0sWD00000cQ1ONYA0","005al00000RVcKvAAL","false","Enhanced Fees Management","false","false","true","33561585311469493"
"a0sWD00000cPtLWYA0","005al00000RVcKvAAL","false","CRA Screen","false","false","true","33681620937671563"
"a0sWD00000cQ1WzYAK","005al00000RVcKvAAL","false","Certifications","false","false","true","33961619447514579"
"a0sWD00000cQ1YpYAK","005al00000RVcKvAAL","false","3508 Review - Approved in Full","false","false","true","341535406464"
"a0sWD00000cQ1WcYAK","005al00000RVcKvAAL","false","Approved Details","false","false","true","34361585604340855"
"a0sWD00000cPtLXYA0","005al00000RVcKvAAL","false","SBA Boarding Sheet","false","false","true","345356742222"
"a0sWD00000cPtLYYA0","005al00000RVcKvAAL","false","Snapshot Loan","false","false","true","345356746789"
"a0sWD00000cQ1OOYA0","005al00000RVcKvAAL","false","Pricing Required Fields","false","false","true","36601585311469494"
"a0sWD00000cQ1X3YAK","005al00000RVcKvAAL","false","Fees Approved","false","false","true","36611619447514582"
"a0sWD00000cQ1PnYAK","005al00000RVcKvAAL","false","Deposit Details","false","true","true","36861701790670787"
"a0sWD00000cQ1OPYA0","005al00000RVcKvAAL","false","Approval Details","false","false","true","37541602764631367"
"a0sWD00000cQ1YTYA0","005al00000RVcKvAAL","false","Pricing Approved","false","false","true","38031619447514583"
"a0sWD00000cQ1YtYAK","005al00000RVcKvAAL","false","Supplementary Details","false","false","true","38211585604340854"
"a0sWD00000cQ1OQYA0","005al00000RVcKvAAL","false","Loan Team","false","false","true","39231663700624864"
"a0sWD00000cQ1ORYA0","005al00000RVcKvAAL","false","Credit Underwriting","false","false","true","40241585311469512"
"a0sWD00000cPtLZYA0","005al00000RVcKvAAL","false","Collateral Value","false","false","true","40481585604340855"
"a0sWD00000cQ1YAYA0","005al00000RVcKvAAL","false","Loan Team Member Information","false","false","true","40541619447514584"
"a0sWD00000cPtLaYAK","005al00000RVcKvAAL","false","Entity Compliance Screen","false","false","true","40861620937671564"
"a0sWD00000cQ1OSYA0","005al00000RVcKvAAL","false","Rental Expense- Other involved","false","false","true","41021666029074781"
"a0sWD00000cQ1QFYA0","005al00000RVcKvAAL","false","CRA Screen","false","false","true","412D2B681C6243529E4340516F3F7825"
"a0sWD00000cQ1WqYAK","005al00000RVcKvAAL","false","Booked Information","false","false","true","41591620937671563"
"a0sWD00000cQ1QGYA0","005al00000RVcKvAAL","false","Insurance","false","false","true","42008723198858603"
"a0sWD00000cPtLbYAK","005al00000RVcKvAAL","false","Available Screen Sections","false","false","true","42009136159900160"
"a0sWD00000cQ1OTYA0","005al00000RVcKvAAL","false","Application Details - Locked","false","false","true","42011209839901498"
"a0sWD00000cQ1OUYA0","005al00000RVcKvAAL","false","Booked Details","false","false","true","42020825732519942"
"a0sWD00000cPtLcYAK","005al00000RVcKvAAL","false","Available One to Many Screen Sections","false","false","true","420215528831872771"
"a0sWD00000cPtLdYAK","005al00000RVcKvAAL","false","Available One to Many Screen Sections","false","false","true","42021552883187277101"
"a0sWD00000cPtLeYAK","005al00000RVcKvAAL","false","Available One to Many Screen Sections","false","false","true","42021552883187277103"
"a0sWD00000cPtLfYAK","005al00000RVcKvAAL","false","Available One to Many Screen Sections","false","false","true","42021552883187277105"
"a0sWD00000cPtLgYAK","005al00000RVcKvAAL","false","Available One to Many Screen Sections","false","false","true","42021552883187277107"
"a0sWD00000cPtLhYAK","005al00000RVcKvAAL","false","Available One to Many Screen Sections","false","false","true","42021552883187277109"
"a0sWD00000cPtLiYAK","005al00000RVcKvAAL","false","Available One to Many Screen Sections","false","false","true","4202155288318727711"
"a0sWD00000cPtLjYAK","005al00000RVcKvAAL","false","Available One to Many Screen Sections","false","false","true","42021552883187277111"
"a0sWD00000cPtLkYAK","005al00000RVcKvAAL","false","Available One to Many Screen Sections","false","false","true","42021552883187277113"
"a0sWD00000cPtLlYAK","005al00000RVcKvAAL","false","Available One to Many Screen Sections","false","false","true","42021552883187277115"
"a0sWD00000cPtLmYAK","005al00000RVcKvAAL","false","Available One to Many Screen Sections","false","false","true","42021552883187277117"
"a0sWD00000cPtLnYAK","005al00000RVcKvAAL","false","Available One to Many Screen Sections","false","false","true","42021552883187277119"
"a0sWD00000cPtLoYAK","005al00000RVcKvAAL","false","Available One to Many Screen Sections","false","false","true","42021552883187277121"
"a0sWD00000cPtLpYAK","005al00000RVcKvAAL","false","Available One to Many Screen Sections","false","false","true","42021552883187277123"
"a0sWD00000cPtLqYAK","005al00000RVcKvAAL","false","Available One to Many Screen Sections","false","false","true","42021552883187277125"
"a0sWD00000cPtLrYAK","005al00000RVcKvAAL","false","Available One to Many Screen Sections","false","false","true","42021552883187277127"
"a0sWD00000cPtLsYAK","005al00000RVcKvAAL","false","Available One to Many Screen Sections","false","false","true","42021552883187277129"
"a0sWD00000cPtLtYAK","005al00000RVcKvAAL","false","Available One to Many Screen Sections","false","false","true","4202155288318727713"
"a0sWD00000cPtLuYAK","005al00000RVcKvAAL","false","Available One to Many Screen Sections","false","false","true","42021552883187277131"
"a0sWD00000cPtLvYAK","005al00000RVcKvAAL","false","Available One to Many Screen Sections","false","false","true","42021552883187277133"
"a0sWD00000cPtLwYAK","005al00000RVcKvAAL","false","Available One to Many Screen Sections","false","false","true","42021552883187277135"
"a0sWD00000cPtLxYAK","005al00000RVcKvAAL","false","Available One to Many Screen Sections","false","false","true","42021552883187277137"
"a0sWD00000cPtLyYAK","005al00000RVcKvAAL","false","Available One to Many Screen Sections","false","false","true","42021552883187277139"
"a0sWD00000cPtLzYAK","005al00000RVcKvAAL","false","Available One to Many Screen Sections","false","false","true","42021552883187277141"
"a0sWD00000cPtM0YAK","005al00000RVcKvAAL","false","Available One to Many Screen Sections","false","false","true","42021552883187277143"
"a0sWD00000cPtM1YAK","005al00000RVcKvAAL","false","Available One to Many Screen Sections","false","false","true","42021552883187277145"
"a0sWD00000cPtM2YAK","005al00000RVcKvAAL","false","Available One to Many Screen Sections","false","false","true","42021552883187277147"
"a0sWD00000cPtM3YAK","005al00000RVcKvAAL","false","Available One to Many Screen Sections","false","false","true","42021552883187277149"
"a0sWD00000cPtM4YAK","005al00000RVcKvAAL","false","Available One to Many Screen Sections","false","false","true","4202155288318727715"
"a0sWD00000cPtM5YAK","005al00000RVcKvAAL","false","Available One to Many Screen Sections","false","false","true","42021552883187277151"
"a0sWD00000cPtM6YAK","005al00000RVcKvAAL","false","Available One to Many Screen Sections","false","false","true","42021552883187277153"
"a0sWD00000cPtM7YAK","005al00000RVcKvAAL","false","Available One to Many Screen Sections","false","false","true","42021552883187277155"
"a0sWD00000cPtM8YAK","005al00000RVcKvAAL","false","Available One to Many Screen Sections","false","false","true","42021552883187277157"
"a0sWD00000cPtM9YAK","005al00000RVcKvAAL","false","Available One to Many Screen Sections","false","false","true","42021552883187277159"
"a0sWD00000cPtMAYA0","005al00000RVcKvAAL","false","Available One to Many Screen Sections","false","false","true","42021552883187277161"
"a0sWD00000cPtMBYA0","005al00000RVcKvAAL","false","Available One to Many Screen Sections","false","false","true","42021552883187277163"
"a0sWD00000cPtMCYA0","005al00000RVcKvAAL","false","Available One to Many Screen Sections","false","false","true","42021552883187277165"
"a0sWD00000cPtMDYA0","005al00000RVcKvAAL","false","Available One to Many Screen Sections","false","false","true","42021552883187277167"
"a0sWD00000cPtMEYA0","005al00000RVcKvAAL","false","Available One to Many Screen Sections","false","false","true","42021552883187277169"
"a0sWD00000cPtMFYA0","005al00000RVcKvAAL","false","Available One to Many Screen Sections","false","false","true","4202155288318727717"
"a0sWD00000cPtMGYA0","005al00000RVcKvAAL","false","Available One to Many Screen Sections","false","false","true","42021552883187277171"
"a0sWD00000cPtMHYA0","005al00000RVcKvAAL","false","Available One to Many Screen Sections","false","false","true","42021552883187277173"
"a0sWD00000cPtMIYA0","005al00000RVcKvAAL","false","Available One to Many Screen Sections","false","false","true","42021552883187277175"
"a0sWD00000cPtMJYA0","005al00000RVcKvAAL","false","Available One to Many Screen Sections","false","false","true","42021552883187277177"
"a0sWD00000cPtMKYA0","005al00000RVcKvAAL","false","Available One to Many Screen Sections","false","false","true","42021552883187277179"
"a0sWD00000cPtMLYA0","005al00000RVcKvAAL","false","Available One to Many Screen Sections","false","false","true","42021552883187277181"
"a0sWD00000cPtMMYA0","005al00000RVcKvAAL","false","Available One to Many Screen Sections","false","false","true","42021552883187277183"
"a0sWD00000cPtMNYA0","005al00000RVcKvAAL","false","Available One to Many Screen Sections","false","false","true","42021552883187277185"
"a0sWD00000cPtMOYA0","005al00000RVcKvAAL","false","Available One to Many Screen Sections","false","false","true","42021552883187277187"
"a0sWD00000cPtMPYA0","005al00000RVcKvAAL","false","Available One to Many Screen Sections","false","false","true","42021552883187277189"
"a0sWD00000cPtMQYA0","005al00000RVcKvAAL","false","Available One to Many Screen Sections","false","false","true","4202155288318727719"
"a0sWD00000cPtMRYA0","005al00000RVcKvAAL","false","Available One to Many Screen Sections","false","false","true","42021552883187277191"
"a0sWD00000cPtMSYA0","005al00000RVcKvAAL","false","Available One to Many Screen Sections","false","false","true","42021552883187277193"
"a0sWD00000cPtMTYA0","005al00000RVcKvAAL","false","Available One to Many Screen Sections","false","false","true","42021552883187277195"
"a0sWD00000cPtMUYA0","005al00000RVcKvAAL","false","Available One to Many Screen Sections","false","false","true","42021552883187277197"
"a0sWD00000cPtMVYA0","005al00000RVcKvAAL","false","Available One to Many Screen Sections","false","false","true","42021552883187277199"
"a0sWD00000cPtMWYA0","005al00000RVcKvAAL","false","Available One to Many Screen Sections","false","false","true","42021552883187277201"
"a0sWD00000cPtMXYA0","005al00000RVcKvAAL","false","Available One to Many Screen Sections","false","false","true","42021552883187277203"
"a0sWD00000cPtMYYA0","005al00000RVcKvAAL","false","Available One to Many Screen Sections","false","false","true","42021552883187277205"
"a0sWD00000cPtMZYA0","005al00000RVcKvAAL","false","Available One to Many Screen Sections","false","false","true","42021552883187277207"
"a0sWD00000cPtMaYAK","005al00000RVcKvAAL","false","Available One to Many Screen Sections","false","false","true","42021552883187277209"
"a0sWD00000cPtMbYAK","005al00000RVcKvAAL","false","Available One to Many Screen Sections","false","false","true","4202155288318727721"
"a0sWD00000cPtMcYAK","005al00000RVcKvAAL","false","Available One to Many Screen Sections","false","false","true","42021552883187277211"
"a0sWD00000cPtMdYAK","005al00000RVcKvAAL","false","Available One to Many Screen Sections","false","false","true","42021552883187277213"
"a0sWD00000cPtMeYAK","005al00000RVcKvAAL","false","Available One to Many Screen Sections","false","false","true","42021552883187277215"
"a0sWD00000cPtMfYAK","005al00000RVcKvAAL","false","Available One to Many Screen Sections","false","false","true","42021552883187277217"
"a0sWD00000cPtMgYAK","005al00000RVcKvAAL","false","Available One to Many Screen Sections","false","false","true","42021552883187277219"
"a0sWD00000cPtMhYAK","005al00000RVcKvAAL","false","Available One to Many Screen Sections","false","false","true","42021552883187277221"
"a0sWD00000cPtMiYAK","005al00000RVcKvAAL","false","Available One to Many Screen Sections","false","false","true","42021552883187277223"
"a0sWD00000cPtMjYAK","005al00000RVcKvAAL","false","Available One to Many Screen Sections","false","false","true","42021552883187277225"
"a0sWD00000cPtMkYAK","005al00000RVcKvAAL","false","Available One to Many Screen Sections","false","false","true","42021552883187277227"
"a0sWD00000cPtMlYAK","005al00000RVcKvAAL","false","Available One to Many Screen Sections","false","false","true","42021552883187277229"
"a0sWD00000cPtMmYAK","005al00000RVcKvAAL","false","Available One to Many Screen Sections","false","false","true","4202155288318727723"
"a0sWD00000cQ1H7YAK","005al00000RVcKvAAL","false","Available One to Many Screen Sections","false","false","true","42021552883187277231"
"a0sWD00000cQ1H8YAK","005al00000RVcKvAAL","false","Available One to Many Screen Sections","false","false","true","42021552883187277233"
"a0sWD00000cQ1H9YAK","005al00000RVcKvAAL","false","Available One to Many Screen Sections","false","false","true","42021552883187277235"
"a0sWD00000cQ1HAYA0","005al00000RVcKvAAL","false","Available One to Many Screen Sections","false","false","true","42021552883187277237"
"a0sWD00000cQ1HBYA0","005al00000RVcKvAAL","false","Available One to Many Screen Sections","false","false","true","42021552883187277239"
"a0sWD00000cQ1HCYA0","005al00000RVcKvAAL","false","Available One to Many Screen Sections","false","false","true","42021552883187277241"
"a0sWD00000cQ1HDYA0","005al00000RVcKvAAL","false","Available One to Many Screen Sections","false","false","true","42021552883187277243"
"a0sWD00000cQ1HEYA0","005al00000RVcKvAAL","false","Available One to Many Screen Sections","false","false","true","42021552883187277245"
"a0sWD00000cQ1HFYA0","005al00000RVcKvAAL","false","Available One to Many Screen Sections","false","false","true","42021552883187277247"
"a0sWD00000cQ1HGYA0","005al00000RVcKvAAL","false","Available One to Many Screen Sections","false","false","true","4202155288318727725"
"a0sWD00000cQ1HHYA0","005al00000RVcKvAAL","false","Available One to Many Screen Sections","false","false","true","4202155288318727727"
"a0sWD00000cQ1HIYA0","005al00000RVcKvAAL","false","Available One to Many Screen Sections","false","false","true","4202155288318727729"
"a0sWD00000cQ1HJYA0","005al00000RVcKvAAL","false","Available One to Many Screen Sections","false","false","true","420215528831872773"
"a0sWD00000cQ1HKYA0","005al00000RVcKvAAL","false","Available One to Many Screen Sections","false","false","true","4202155288318727731"
"a0sWD00000cQ1HLYA0","005al00000RVcKvAAL","false","Available One to Many Screen Sections","false","false","true","4202155288318727733"
"a0sWD00000cQ1HMYA0","005al00000RVcKvAAL","false","Available One to Many Screen Sections","false","false","true","4202155288318727735"
"a0sWD00000cQ1HNYA0","005al00000RVcKvAAL","false","Available One to Many Screen Sections","false","false","true","4202155288318727737"
"a0sWD00000cQ1HOYA0","005al00000RVcKvAAL","false","Available One to Many Screen Sections","false","false","true","4202155288318727739"
"a0sWD00000cQ1HPYA0","005al00000RVcKvAAL","false","Available One to Many Screen Sections","false","false","true","4202155288318727741"
"a0sWD00000cQ1HQYA0","005al00000RVcKvAAL","false","Available One to Many Screen Sections","false","false","true","4202155288318727743"
"a0sWD00000cQ1HRYA0","005al00000RVcKvAAL","false","Available One to Many Screen Sections","false","false","true","4202155288318727745"
"a0sWD00000cQ1HSYA0","005al00000RVcKvAAL","false","Available One to Many Screen Sections","false","false","true","4202155288318727747"
"a0sWD00000cQ1HTYA0","005al00000RVcKvAAL","false","Available One to Many Screen Sections","false","false","true","4202155288318727749"
"a0sWD00000cQ1HUYA0","005al00000RVcKvAAL","false","Available One to Many Screen Sections","false","false","true","420215528831872775"
"a0sWD00000cQ1HVYA0","005al00000RVcKvAAL","false","Available One to Many Screen Sections","false","false","true","4202155288318727751"
"a0sWD00000cQ1HWYA0","005al00000RVcKvAAL","false","Available One to Many Screen Sections","false","false","true","4202155288318727753"
"a0sWD00000cQ1HXYA0","005al00000RVcKvAAL","false","Available One to Many Screen Sections","false","false","true","4202155288318727755"
"a0sWD00000cQ1HYYA0","005al00000RVcKvAAL","false","Available One to Many Screen Sections","false","false","true","4202155288318727757"
"a0sWD00000cQ1HZYA0","005al00000RVcKvAAL","false","Available One to Many Screen Sections","false","false","true","4202155288318727759"
"a0sWD00000cQ1HaYAK","005al00000RVcKvAAL","false","Available One to Many Screen Sections","false","false","true","4202155288318727761"
"a0sWD00000cQ1HbYAK","005al00000RVcKvAAL","false","Available One to Many Screen Sections","false","false","true","4202155288318727763"
"a0sWD00000cQ1HcYAK","005al00000RVcKvAAL","false","Available One to Many Screen Sections","false","false","true","4202155288318727765"
"a0sWD00000cQ1HdYAK","005al00000RVcKvAAL","false","Available One to Many Screen Sections","false","false","true","4202155288318727767"
"a0sWD00000cQ1HeYAK","005al00000RVcKvAAL","false","Available One to Many Screen Sections","false","false","true","4202155288318727769"
"a0sWD00000cQ1HfYAK","005al00000RVcKvAAL","false","Available One to Many Screen Sections","false","false","true","420215528831872777"
"a0sWD00000cQ1HgYAK","005al00000RVcKvAAL","false","Available One to Many Screen Sections","false","false","true","4202155288318727771"
"a0sWD00000cQ1HhYAK","005al00000RVcKvAAL","false","Available One to Many Screen Sections","false","false","true","4202155288318727773"
"a0sWD00000cQ1HiYAK","005al00000RVcKvAAL","false","Available One to Many Screen Sections","false","false","true","4202155288318727775"
"a0sWD00000cQ1HjYAK","005al00000RVcKvAAL","false","Available One to Many Screen Sections","false","false","true","4202155288318727777"
"a0sWD00000cQ1HkYAK","005al00000RVcKvAAL","false","Available One to Many Screen Sections","false","false","true","4202155288318727779"
"a0sWD00000cQ1HlYAK","005al00000RVcKvAAL","false","Available One to Many Screen Sections","false","false","true","4202155288318727781"
"a0sWD00000cQ1HmYAK","005al00000RVcKvAAL","false","Available One to Many Screen Sections","false","false","true","4202155288318727783"
"a0sWD00000cQ1HnYAK","005al00000RVcKvAAL","false","Available One to Many Screen Sections","false","false","true","4202155288318727785"
"a0sWD00000cQ1HoYAK","005al00000RVcKvAAL","false","Available One to Many Screen Sections","false","false","true","4202155288318727787"
"a0sWD00000cQ1HpYAK","005al00000RVcKvAAL","false","Available One to Many Screen Sections","false","false","true","4202155288318727789"
"a0sWD00000cQ1HqYAK","005al00000RVcKvAAL","false","Available One to Many Screen Sections","false","false","true","420215528831872779"
"a0sWD00000cQ1HrYAK","005al00000RVcKvAAL","false","Available One to Many Screen Sections","false","false","true","4202155288318727791"
"a0sWD00000cQ1HsYAK","005al00000RVcKvAAL","false","Available One to Many Screen Sections","false","false","true","4202155288318727793"
"a0sWD00000cQ1HtYAK","005al00000RVcKvAAL","false","Available One to Many Screen Sections","false","false","true","4202155288318727795"
"a0sWD00000cQ1HuYAK","005al00000RVcKvAAL","false","Available One to Many Screen Sections","false","false","true","4202155288318727797"
"a0sWD00000cQ1HvYAK","005al00000RVcKvAAL","false","Available One to Many Screen Sections","false","false","true","4202155288318727799"
"a0sWD00000cQ1HwYAK","005al00000RVcKvAAL","false","Repayment Terms","false","false","true","42023099189094192"
"a0sWD00000cQ1YnYAK","005al00000RVcKvAAL","false","Available Screen Sections","false","false","true","42026428621205577"
"a0sWD00000cQ1QHYA0","005al00000RVcKvAAL","false","Loan Information","false","false","true","42029594095017407"
"a0sWD00000cQ1OVYA0","005al00000RVcKvAAL","false","Application Details","false","false","true","42031262758117926"
"a0sWD00000cPtLIYA0","005al00000RVcKvAAL","false","Loan Dashboard","false","false","true","42031994670948485"
"a0sWD00000cQ1HxYAK","005al00000RVcKvAAL","false","Available Screen Sections","false","false","true","42034902570450482"
"a0sWD00000cQ1HyYAK","005al00000RVcKvAAL","false","Previous SBA Loan","false","false","true","42036892505263950"
"a0sWD00000cQ1HzYAK","005al00000RVcKvAAL","false","Available Screen Sections","false","false","true","42038422667998275"
"a0sWD00000cQ1I0YAK","005al00000RVcKvAAL","false","Available Screen Sections","false","false","true","42039667039986909"
"a0sWD00000cQ1I1YAK","005al00000RVcKvAAL","false","Change of Ownership","false","false","true","42039870745530943"
"a0sWD00000cQ1QIYA0","005al00000RVcKvAAL","false","Acceptance","false","false","true","42040858041388069"
"a0sWD00000cQ1I2YAK","005al00000RVcKvAAL","false","Collateral","false","false","true","42044289409485998"
"a0sWD00000cQ1I3YAK","005al00000RVcKvAAL","false","Available Screen Sections","false","false","true","42045171035964661"
"a0sWD00000cQ1XJYA0","005al00000RVcKvAAL","false","Loan Details","false","false","true","42057670424928900"
"a0sWD00000cQ1OWYA0","005al00000RVcKvAAL","false","Add Others Involved MRF","false","false","true","42057741056995051"
"a0sWD00000cQ1VrYAK","005al00000RVcKvAAL","false","Pricing Approved","false","false","true","42057912696598906"
"a0sWD00000cQ1QJYA0","005al00000RVcKvAAL","false","Change Memo","false","false","true","42067800903048699"
"a0sWD00000cQ1I4YAK","005al00000RVcKvAAL","false","Available One to Many Screen Sections","false","false","true","420688709640240201"
"a0sWD00000cQ1I5YAK","005al00000RVcKvAAL","false","Available Screen Sections","false","false","true","42070950734377609"
"a0sWD00000cQ1OXYA0","005al00000RVcKvAAL","false","Pricing","false","false","true","42073702456589986"
"a0sWD00000cQ1QKYA0","005al00000RVcKvAAL","false","SAG","false","false","true","42075091352010811"
"a0sWD00000cQ1WIYA0","005al00000RVcKvAAL","false","Details - EO","false","false","true","42083286394967946"
"a0sWD00000cQ1I6YAK","005al00000RVcKvAAL","false","Available Screen Sections","false","false","true","42084849054837628"
"a0sWD00000cQ1WDYA0","005al00000RVcKvAAL","false","Add Sub-Loan","false","false","true","42094753270807603"
"a0sWD00000cQ1I7YAK","005al00000RVcKvAAL","false","Available Screen Sections","false","false","true","42098432906518525"
"a0sWD00000cQ1I8YAK","005al00000RVcKvAAL","false","Team Members","false","false","true","42099974757861510"
"a0sWD00000cQ1WTYA0","005al00000RVcKvAAL","false","Details","false","false","true","42101974202872765"
"a0sWD00000cQ1QLYA0","005al00000RVcKvAAL","false","Conditions","false","false","true","42106123728270598"
"a0sWD00000cQ1I9YAK","005al00000RVcKvAAL","false","SBA Form 1920","false","false","true","42111771273235770"
"a0sWD00000cQ1YeYAK","005al00000RVcKvAAL","false","Secured SBL Personal (Individual Other Involved)","false","false","true","42113928704115288"
"a0sWD00000cQ1IAYA0","005al00000RVcKvAAL","false","SBA Form 1920","false","false","true","42114855436013906"
"a0sWD00000cQ1YwYAK","005al00000RVcKvAAL","false","DT2-Screen","false","false","true","42121128499337326"
"a0sWD00000cQ1WgYAK","005al00000RVcKvAAL","false","Proforma Options","false","false","true","42127455761752627"
"a0sWD00000cQ1IBYA0","005al00000RVcKvAAL","false","Rate & Payment Structure","false","false","true","42129539473270586"
"a0sWD00000cQ1QMYA0","005al00000RVcKvAAL","false","Loan Information","false","false","true","42132321467446174"
"a0sWD00000cQ1OYYA0","005al00000RVcKvAAL","false","Add Others Involved MRF","false","false","true","42136054162613079"
"a0sWD00000cQ1Y3YAK","005al00000RVcKvAAL","false","Assign Approvers","false","false","true","42136886661722680"
"a0sWD00000cQ1ICYA0","005al00000RVcKvAAL","false","SBA Form 1920","false","false","true","42137386148434509"
"a0sWD00000cQ1QNYA0","005al00000RVcKvAAL","false","Post Close Items","false","false","true","42140898920848919"
"a0sWD00000cQ1XTYA0","005al00000RVcKvAAL","false","Add Sub-Loan","false","false","true","42146906883856447"
"a0sWD00000cQ1IDYA0","005al00000RVcKvAAL","false","SBA Form 10","false","false","true","42149222702745326"
"a0sWD00000cQ1IEYA0","005al00000RVcKvAAL","false","Available Screen Sections","false","false","true","42150399614341616"
"a0sWD00000cQ1IFYA0","005al00000RVcKvAAL","false","Available Screen Sections","false","false","true","42152072906001100"
"a0sWD00000cQ1IGYA0","005al00000RVcKvAAL","false","Available Screen Sections","false","false","true","42152793487506478"
"a0sWD00000cQ1XMYA0","005al00000RVcKvAAL","false","Loan Compliance Screen","false","false","true","42154138192718696"
"a0sWD00000cQ1OZYA0","005al00000RVcKvAAL","false","Borrowing Structure","false","false","true","42156465383128569"
"a0sWD00000cQ1WRYA0","005al00000RVcKvAAL","false","Total Exposure","false","false","true","42159428573333161"
"a0sWD00000cQ1IHYA0","005al00000RVcKvAAL","false","Collateral Pledged","false","false","true","42166347972390703"
"a0sWD00000cQ1IIYA0","005al00000RVcKvAAL","false","Available Screen Sections","false","false","true","42167815663649789"
"a0sWD00000cQ1IJYA0","005al00000RVcKvAAL","false","Available Screen Sections","false","false","true","42171738043579816"
"a0sWD00000cQ1IKYA0","005al00000RVcKvAAL","false","Available Screen Sections","false","false","true","42172645886552116"
"a0sWD00000cQ1QOYA0","005al00000RVcKvAAL","false","Supplementary Details","false","false","true","42174387258537793"
"a0sWD00000cQ1WPYA0","005al00000RVcKvAAL","false","Package Details","false","false","true","42177182337892182"
"a0sWD00000cQ1XxYAK","005al00000RVcKvAAL","false","Deposits","false","false","true","42177182337892183"
"a0sWD00000cQ1ILYA0","005al00000RVcKvAAL","false","Use of Proceeds","false","false","true","42179546665283257"
"a0sWD00000cQ1PoYAK","005al00000RVcKvAAL","false","Beneficiary","false","false","true","42181701790670788"
"a0sWD00000cQ1XrYAK","005al00000RVcKvAAL","false","Draw Overview Screen","false","false","true","42189632957882651"
"a0sWD00000cQ1XGYA0","005al00000RVcKvAAL","false","Underwriting Details","false","false","true","42204392997691879"
"a0sWD00000cQ1OaYAK","005al00000RVcKvAAL","false","HMDA","false","false","true","42205446113358093"
"a0sWD00000cQ1WSYA0","005al00000RVcKvAAL","false","Details","false","false","true","42206232254498796"
"a0sWD00000cQ1IMYA0","005al00000RVcKvAAL","false","SBA Form 1920","false","false","true","42214261167375138"
"a0sWD00000cQ1INYA0","005al00000RVcKvAAL","false","Available Screen Sections","false","false","true","42215644255031629"
"a0sWD00000cQ1IOYA0","005al00000RVcKvAAL","false","Available Screen Sections","false","false","true","42216640012231128"
"a0sWD00000cQ1IPYA0","005al00000RVcKvAAL","false","Available Screen Sections","false","false","true","42216965115830581"
"a0sWD00000cQ1YxYAK","005al00000RVcKvAAL","false","DT1-Screen","false","false","true","42219794161377058"
"a0sWD00000cQ1ObYAK","005al00000RVcKvAAL","false","Retail - Editable Details","false","false","true","42220999464658455"
"a0sWD00000cQ1OcYAK","005al00000RVcKvAAL","false","Loan Compliance Screen","false","false","true","42223137024332230"
"a0sWD00000cQ1WHYA0","005al00000RVcKvAAL","false","Booked Details","false","false","true","42226870141912786"
"a0sWD00000cQ1IQYA0","005al00000RVcKvAAL","false","Injections","false","false","true","42230858883473510"
"a0sWD00000cQ1QPYA0","005al00000RVcKvAAL","false","Loan Information","false","false","true","42231210965718360"
"a0sWD00000cQ1IRYA0","005al00000RVcKvAAL","false","Available Screen Sections","false","false","true","42234376446636860"
"a0sWD00000cQ1OdYAK","005al00000RVcKvAAL","false","Online Income Information","false","false","true","42234563213912901"
"a0sWD00000cQ1QQYA0","005al00000RVcKvAAL","false","Loan Information","false","false","true","42238060109799024"
"a0sWD00000cQ1XUYA0","005al00000RVcKvAAL","false","Manage Bill Points","false","false","true","42238686668345765"
"a0sWD00000cQ1QRYA0","005al00000RVcKvAAL","false","Acceptance","false","false","true","42240464200215900"
"a0sWD00000cQ1OeYAK","005al00000RVcKvAAL","false","Booked Information","false","false","true","42241393496974062"
"a0sWD00000cQ1OfYAK","005al00000RVcKvAAL","false","Add Owners MRF","false","false","true","42247669763471219"
"a0sWD00000cQ1ISYA0","005al00000RVcKvAAL","false","Conflict of Interest","false","false","true","42249549246967406"
"a0sWD00000cQ1VjYAK","005al00000RVcKvAAL","false","Documents - Screen","false","false","true","42250780572765256"
"a0sWD00000cQ1VdYAK","005al00000RVcKvAAL","false","Deposit Income","false","false","true","422521266855637441"
"a0sWD00000cQ1ViYAK","005al00000RVcKvAAL","false","Treasury Income","false","false","true","422521266855637442"
"a0sWD00000cQ1VhYAK","005al00000RVcKvAAL","false","Additional Income","false","false","true","422521266855637443"
"a0sWD00000cQ1VeYAK","005al00000RVcKvAAL","false","Comments","false","false","true","422521266855637444"
"a0sWD00000cQ1PpYAK","005al00000RVcKvAAL","false","Entity Compliance Screen","false","false","true","42252450705829812"
"a0sWD00000cQ1QSYA0","005al00000RVcKvAAL","false","Insurance","false","false","true","42252792544565941"
"a0sWD00000cQ1XoYAK","005al00000RVcKvAAL","false","Syndications Summary","false","false","true","42254700713997327"
"a0sWD00000cQ1WkYAK","005al00000RVcKvAAL","false","Participation","false","false","true","42255938324133066"
"a0sWD00000cQ1WQYA0","005al00000RVcKvAAL","false","UI Configuration Builder","false","false","true","42257423463997756"
"a0sWD00000cQ1ITYA0","005al00000RVcKvAAL","false","Available Screen Sections","false","false","true","42258791916601441"
"a0sWD00000cQ1XIYA0","005al00000RVcKvAAL","false","Opportunities","false","false","true","42261575075847433"
"a0sWD00000cQ1IUYA0","005al00000RVcKvAAL","false","Available Screen Sections","false","false","true","42263378690023471"
"a0sWD00000cQ1WfYAK","005al00000RVcKvAAL","false","Loan Products","false","false","true","42264506634750293"
"a0sWD00000cQ1WjYAK","005al00000RVcKvAAL","false","pp-tn-review-detail","false","false","true","42265516270396018"
"a0sWD00000cQ1YBYA0","005al00000RVcKvAAL","false","Policy Exceptions","false","false","true","42274618989959014"
"a0sWD00000cQ1IVYA0","005al00000RVcKvAAL","false","DEP Personal Info (Individual)","false","false","true","42275646712486613"
"a0sWD00000cQ1XRYA0","005al00000RVcKvAAL","false","Total Exposure Screen","false","false","true","42278923698642823"
"a0sWD00000cQ1YWYA0","005al00000RVcKvAAL","false","Underwriting Details","false","false","true","42281206255813701"
"a0sWD00000cQ1IWYA0","005al00000RVcKvAAL","false","Available Screen Sections","false","false","true","42281527194584547"
"a0sWD00000cQ1XfYAK","005al00000RVcKvAAL","false","System Properties","false","false","true","42283576814580241"
"a0sWD00000cQ1XeYAK","005al00000RVcKvAAL","false","Application Details","false","false","true","42286887929986442"
"a0sWD00000cQ1XFYA0","005al00000RVcKvAAL","false","Credit Actions New Package Details","false","false","true","42288156731909944"
"a0sWD00000cQ1WJYA0","005al00000RVcKvAAL","false","Team Members","false","false","true","42296036791553577"
"a0sWD00000cQ1IXYA0","005al00000RVcKvAAL","false","SBA Form 912","false","false","true","42296090309883102"
"a0sWD00000cQ1IYYA0","005al00000RVcKvAAL","false","Available Screen Sections","false","false","true","42297165952100001"
"a0sWD00000cQ1IZYA0","005al00000RVcKvAAL","false","Available Screen Sections","false","false","true","42297489268922296"
"a0sWD00000cQ1IaYAK","005al00000RVcKvAAL","false","Available Screen Sections","false","false","true","42299453123678824"
"a0sWD00000cQ1IbYAK","005al00000RVcKvAAL","false","Liens","false","false","true","42300174704936069"
"a0sWD00000cQ1YlYAK","005al00000RVcKvAAL","false","Default Loan Facility Creation Fields","false","false","true","42300179894722648"
"a0sWD00000cQ1XtYAK","005al00000RVcKvAAL","false","Loan Compliance Screen","false","false","true","42300854924496650"
"a0sWD00000cQ1WUYA0","005al00000RVcKvAAL","false","Rate Structure","false","false","true","42306104470834702"
"a0sWD00000cQ1IcYAK","005al00000RVcKvAAL","false","Underwriting Details","false","false","true","42306617109093353"
"a0sWD00000cQ1VfYAK","005al00000RVcKvAAL","false","nCino UI Configuration Builder","false","false","true","42311862257375707"
"a0sWD00000cQ1XaYAK","005al00000RVcKvAAL","false","Bulk Edit Booked","false","false","true","42321181600095060"
"a0sWD00000cQ1IdYAK","005al00000RVcKvAAL","false","Application","false","false","true","42322238306973461"
"a0sWD00000cQ1OgYAK","005al00000RVcKvAAL","false","OARL Personal Info (Individual)","false","false","true","42323239843997996"
"a0sWD00000cQ1OhYAK","005al00000RVcKvAAL","false","Underwriting Details","false","false","true","42328640624982813"
"a0sWD00000cQ1XvYAK","005al00000RVcKvAAL","false","Borrowing Structure Information","false","false","true","42342881603800273"
"a0sWD00000cQ1XjYAK","005al00000RVcKvAAL","false","Entity Compliance Screen","false","false","true","42346461972245017"
"a0sWD00000cQ1IeYAK","005al00000RVcKvAAL","false","RL Personal","false","false","true","42350430251209131"
"a0sWD00000cQ1IfYAK","005al00000RVcKvAAL","false","Referral","false","false","true","42353198653936695"
"a0sWD00000cQ1WZYA0","005al00000RVcKvAAL","false","Row Edit Booked","false","false","true","42356782490989440"
"a0sWD00000cQ1QTYA0","005al00000RVcKvAAL","false","Adverse Actions","false","false","true","42359213706234290"
"a0sWD00000cQ1XDYA0","005al00000RVcKvAAL","false","Entity Compliance Screen","false","false","true","42359232390869881"
"a0sWD00000cQ1WBYA0","005al00000RVcKvAAL","false","Loan Compliance Screen","false","false","true","42366262690465820"
"a0sWD00000cQ1IhYAK","005al00000RVcKvAAL","false","Available One to Many Screen Sections","false","false","true","423666159078071101"
"a0sWD00000cQ1IiYAK","005al00000RVcKvAAL","false","Available One to Many Screen Sections","false","false","true","4236661590780711010"
"a0sWD00000cQ1IjYAK","005al00000RVcKvAAL","false","Available One to Many Screen Sections","false","false","true","42366615907807110101"
"a0sWD00000cQ1IkYAK","005al00000RVcKvAAL","false","Available One to Many Screen Sections","false","false","true","42366615907807110103"
"a0sWD00000cQ1IlYAK","005al00000RVcKvAAL","false","Available One to Many Screen Sections","false","false","true","42366615907807110105"
"a0sWD00000cQ1ImYAK","005al00000RVcKvAAL","false","Available One to Many Screen Sections","false","false","true","42366615907807110107"
"a0sWD00000cQ1InYAK","005al00000RVcKvAAL","false","Available One to Many Screen Sections","false","false","true","42366615907807110109"
"a0sWD00000cQ1IoYAK","005al00000RVcKvAAL","false","Available One to Many Screen Sections","false","false","true","42366615907807110111"
"a0sWD00000cQ1IpYAK","005al00000RVcKvAAL","false","Available One to Many Screen Sections","false","false","true","42366615907807110113"
"a0sWD00000cQ1IqYAK","005al00000RVcKvAAL","false","Available One to Many Screen Sections","false","false","true","42366615907807110115"
"a0sWD00000cQ1IrYAK","005al00000RVcKvAAL","false","Available One to Many Screen Sections","false","false","true","42366615907807110117"
"a0sWD00000cQ1IsYAK","005al00000RVcKvAAL","false","Available One to Many Screen Sections","false","false","true","42366615907807110119"
"a0sWD00000cQ1ItYAK","005al00000RVcKvAAL","false","Available One to Many Screen Sections","false","false","true","42366615907807110121"
"a0sWD00000cQ1IuYAK","005al00000RVcKvAAL","false","Available One to Many Screen Sections","false","false","true","42366615907807110123"
"a0sWD00000cQ1IvYAK","005al00000RVcKvAAL","false","Available One to Many Screen Sections","false","false","true","42366615907807110125"
"a0sWD00000cQ1IwYAK","005al00000RVcKvAAL","false","Available One to Many Screen Sections","false","false","true","42366615907807110127"
"a0sWD00000cQ1IxYAK","005al00000RVcKvAAL","false","Available One to Many Screen Sections","false","false","true","42366615907807110129"
"a0sWD00000cQ1IyYAK","005al00000RVcKvAAL","false","Available One to Many Screen Sections","false","false","true","4236661590780711013"
"a0sWD00000cQ1IzYAK","005al00000RVcKvAAL","false","Available One to Many Screen Sections","false","false","true","42366615907807110131"
"a0sWD00000cQ1J0YAK","005al00000RVcKvAAL","false","Available One to Many Screen Sections","false","false","true","42366615907807110133"
"a0sWD00000cQ1J1YAK","005al00000RVcKvAAL","false","Available One to Many Screen Sections","false","false","true","42366615907807110135"
"a0sWD00000cQ1J2YAK","005al00000RVcKvAAL","false","Available One to Many Screen Sections","false","false","true","42366615907807110137"
"a0sWD00000cQ1J3YAK","005al00000RVcKvAAL","false","Available One to Many Screen Sections","false","false","true","42366615907807110139"
"a0sWD00000cQ1J4YAK","005al00000RVcKvAAL","false","Available One to Many Screen Sections","false","false","true","42366615907807110141"
"a0sWD00000cQ1J5YAK","005al00000RVcKvAAL","false","Available One to Many Screen Sections","false","false","true","42366615907807110143"
"a0sWD00000cQ1J6YAK","005al00000RVcKvAAL","false","Available One to Many Screen Sections","false","false","true","42366615907807110145"
"a0sWD00000cQ1J7YAK","005al00000RVcKvAAL","false","Available One to Many Screen Sections","false","false","true","42366615907807110147"
"a0sWD00000cQ1J8YAK","005al00000RVcKvAAL","false","Available One to Many Screen Sections","false","false","true","42366615907807110149"
"a0sWD00000cQ1J9YAK","005al00000RVcKvAAL","false","Available One to Many Screen Sections","false","false","true","42366615907807110151"
"a0sWD00000cQ1JAYA0","005al00000RVcKvAAL","false","Available One to Many Screen Sections","false","false","true","42366615907807110153"
"a0sWD00000cQ1JBYA0","005al00000RVcKvAAL","false","Available One to Many Screen Sections","false","false","true","42366615907807110155"
"a0sWD00000cQ1JCYA0","005al00000RVcKvAAL","false","Available One to Many Screen Sections","false","false","true","42366615907807110157"
"a0sWD00000cQ1JDYA0","005al00000RVcKvAAL","false","Available One to Many Screen Sections","false","false","true","42366615907807110159"
"a0sWD00000cQ1JEYA0","005al00000RVcKvAAL","false","Available One to Many Screen Sections","false","false","true","4236661590780711016"
"a0sWD00000cQ1JFYA0","005al00000RVcKvAAL","false","Available One to Many Screen Sections","false","false","true","42366615907807110161"
"a0sWD00000cQ1JGYA0","005al00000RVcKvAAL","false","Available One to Many Screen Sections","false","false","true","42366615907807110163"
"a0sWD00000cQ1JHYA0","005al00000RVcKvAAL","false","Available One to Many Screen Sections","false","false","true","42366615907807110165"
"a0sWD00000cQ1JIYA0","005al00000RVcKvAAL","false","Available One to Many Screen Sections","false","false","true","42366615907807110167"
"a0sWD00000cQ1JJYA0","005al00000RVcKvAAL","false","Available One to Many Screen Sections","false","false","true","42366615907807110169"
"a0sWD00000cQ1JKYA0","005al00000RVcKvAAL","false","Available One to Many Screen Sections","false","false","true","42366615907807110171"
"a0sWD00000cQ1JLYA0","005al00000RVcKvAAL","false","Available One to Many Screen Sections","false","false","true","42366615907807110173"
"a0sWD00000cQ1JMYA0","005al00000RVcKvAAL","false","Available One to Many Screen Sections","false","false","true","42366615907807110175"
"a0sWD00000cQ1JNYA0","005al00000RVcKvAAL","false","Available One to Many Screen Sections","false","false","true","42366615907807110177"
"a0sWD00000cQ1JOYA0","005al00000RVcKvAAL","false","Available One to Many Screen Sections","false","false","true","42366615907807110179"
"a0sWD00000cQ1JPYA0","005al00000RVcKvAAL","false","Available One to Many Screen Sections","false","false","true","42366615907807110181"
"a0sWD00000cQ1JQYA0","005al00000RVcKvAAL","false","Available One to Many Screen Sections","false","false","true","42366615907807110183"
"a0sWD00000cQ1JRYA0","005al00000RVcKvAAL","false","Available One to Many Screen Sections","false","false","true","42366615907807110185"
"a0sWD00000cQ1JSYA0","005al00000RVcKvAAL","false","Available One to Many Screen Sections","false","false","true","42366615907807110187"
"a0sWD00000cQ1JTYA0","005al00000RVcKvAAL","false","Available One to Many Screen Sections","false","false","true","42366615907807110189"
"a0sWD00000cQ1JUYA0","005al00000RVcKvAAL","false","Available One to Many Screen Sections","false","false","true","4236661590780711019"
"a0sWD00000cQ1JVYA0","005al00000RVcKvAAL","false","Available One to Many Screen Sections","false","false","true","42366615907807110191"
"a0sWD00000cQ1JWYA0","005al00000RVcKvAAL","false","Available One to Many Screen Sections","false","false","true","42366615907807110193"
"a0sWD00000cQ1JXYA0","005al00000RVcKvAAL","false","Available One to Many Screen Sections","false","false","true","42366615907807110195"
"a0sWD00000cQ1JYYA0","005al00000RVcKvAAL","false","Available One to Many Screen Sections","false","false","true","42366615907807110197"
"a0sWD00000cQ1JZYA0","005al00000RVcKvAAL","false","Available One to Many Screen Sections","false","false","true","42366615907807110199"
"a0sWD00000cQ1JaYAK","005al00000RVcKvAAL","false","Available One to Many Screen Sections","false","false","true","42366615907807110201"
"a0sWD00000cQ1JbYAK","005al00000RVcKvAAL","false","Available One to Many Screen Sections","false","false","true","42366615907807110203"
"a0sWD00000cQ1JcYAK","005al00000RVcKvAAL","false","Available One to Many Screen Sections","false","false","true","42366615907807110205"
"a0sWD00000cQ1JdYAK","005al00000RVcKvAAL","false","Available One to Many Screen Sections","false","false","true","42366615907807110207"
"a0sWD00000cQ1JeYAK","005al00000RVcKvAAL","false","Available One to Many Screen Sections","false","false","true","42366615907807110209"
"a0sWD00000cQ1JfYAK","005al00000RVcKvAAL","false","Available One to Many Screen Sections","false","false","true","42366615907807110211"
"a0sWD00000cQ1JgYAK","005al00000RVcKvAAL","false","Available One to Many Screen Sections","false","false","true","42366615907807110213"
"a0sWD00000cQ1JhYAK","005al00000RVcKvAAL","false","Available One to Many Screen Sections","false","false","true","42366615907807110215"
"a0sWD00000cQ1JiYAK","005al00000RVcKvAAL","false","Available One to Many Screen Sections","false","false","true","42366615907807110217"
"a0sWD00000cQ1JjYAK","005al00000RVcKvAAL","false","Available One to Many Screen Sections","false","false","true","42366615907807110219"
"a0sWD00000cQ1JkYAK","005al00000RVcKvAAL","false","Available One to Many Screen Sections","false","false","true","4236661590780711022"
"a0sWD00000cQ1JlYAK","005al00000RVcKvAAL","false","Available One to Many Screen Sections","false","false","true","42366615907807110221"
"a0sWD00000cQ1JmYAK","005al00000RVcKvAAL","false","Available One to Many Screen Sections","false","false","true","42366615907807110223"
"a0sWD00000cQ1JnYAK","005al00000RVcKvAAL","false","Available One to Many Screen Sections","false","false","true","42366615907807110225"
"a0sWD00000cQ1JoYAK","005al00000RVcKvAAL","false","Available One to Many Screen Sections","false","false","true","42366615907807110227"
"a0sWD00000cQ1JpYAK","005al00000RVcKvAAL","false","Available One to Many Screen Sections","false","false","true","42366615907807110229"
"a0sWD00000cQ1JqYAK","005al00000RVcKvAAL","false","Available One to Many Screen Sections","false","false","true","42366615907807110231"
"a0sWD00000cQ1JrYAK","005al00000RVcKvAAL","false","Available One to Many Screen Sections","false","false","true","42366615907807110233"
"a0sWD00000cQ1JsYAK","005al00000RVcKvAAL","false","Available One to Many Screen Sections","false","false","true","42366615907807110235"
"a0sWD00000cQ1JtYAK","005al00000RVcKvAAL","false","Available One to Many Screen Sections","false","false","true","42366615907807110237"
"a0sWD00000cQ1JuYAK","005al00000RVcKvAAL","false","Available One to Many Screen Sections","false","false","true","42366615907807110239"
"a0sWD00000cQ1JvYAK","005al00000RVcKvAAL","false","Available One to Many Screen Sections","false","false","true","42366615907807110241"
"a0sWD00000cQ1JwYAK","005al00000RVcKvAAL","false","Available One to Many Screen Sections","false","false","true","42366615907807110243"
"a0sWD00000cQ1JxYAK","005al00000RVcKvAAL","false","Available One to Many Screen Sections","false","false","true","42366615907807110245"
"a0sWD00000cQ1JyYAK","005al00000RVcKvAAL","false","Available One to Many Screen Sections","false","false","true","42366615907807110247"
"a0sWD00000cQ1JzYAK","005al00000RVcKvAAL","false","Available One to Many Screen Sections","false","false","true","42366615907807110249"
"a0sWD00000cQ1K0YAK","005al00000RVcKvAAL","false","Available One to Many Screen Sections","false","false","true","4236661590780711025"
"a0sWD00000cQ1K1YAK","005al00000RVcKvAAL","false","Available One to Many Screen Sections","false","false","true","42366615907807110251"
"a0sWD00000cQ1K2YAK","005al00000RVcKvAAL","false","Available One to Many Screen Sections","false","false","true","42366615907807110253"
"a0sWD00000cQ1K3YAK","005al00000RVcKvAAL","false","Available One to Many Screen Sections","false","false","true","42366615907807110255"
"a0sWD00000cQ1K4YAK","005al00000RVcKvAAL","false","Available One to Many Screen Sections","false","false","true","4236661590780711027"
"a0sWD00000cQ1K5YAK","005al00000RVcKvAAL","false","Available One to Many Screen Sections","false","false","true","4236661590780711029"
"a0sWD00000cQ1K6YAK","005al00000RVcKvAAL","false","Available One to Many Screen Sections","false","false","true","4236661590780711031"
"a0sWD00000cQ1K7YAK","005al00000RVcKvAAL","false","Available One to Many Screen Sections","false","false","true","4236661590780711033"
"a0sWD00000cQ1K8YAK","005al00000RVcKvAAL","false","Available One to Many Screen Sections","false","false","true","4236661590780711035"
"a0sWD00000cQ1K9YAK","005al00000RVcKvAAL","false","Available One to Many Screen Sections","false","false","true","4236661590780711037"
"a0sWD00000cQ1KAYA0","005al00000RVcKvAAL","false","Available One to Many Screen Sections","false","false","true","4236661590780711039"
"a0sWD00000cQ1KBYA0","005al00000RVcKvAAL","false","Available One to Many Screen Sections","false","false","true","423666159078071104"
"a0sWD00000cQ1KCYA0","005al00000RVcKvAAL","false","Available One to Many Screen Sections","false","false","true","4236661590780711041"
"a0sWD00000cQ1KDYA0","005al00000RVcKvAAL","false","Available One to Many Screen Sections","false","false","true","4236661590780711043"
"a0sWD00000cQ1KEYA0","005al00000RVcKvAAL","false","Available One to Many Screen Sections","false","false","true","4236661590780711045"
"a0sWD00000cQ1KFYA0","005al00000RVcKvAAL","false","Available One to Many Screen Sections","false","false","true","4236661590780711047"
"a0sWD00000cQ1KGYA0","005al00000RVcKvAAL","false","Available One to Many Screen Sections","false","false","true","4236661590780711049"
"a0sWD00000cQ1KHYA0","005al00000RVcKvAAL","false","Available One to Many Screen Sections","false","false","true","4236661590780711051"
"a0sWD00000cQ1KIYA0","005al00000RVcKvAAL","false","Available One to Many Screen Sections","false","false","true","4236661590780711053"
"a0sWD00000cQ1KJYA0","005al00000RVcKvAAL","false","Available One to Many Screen Sections","false","false","true","4236661590780711055"
"a0sWD00000cQ1KKYA0","005al00000RVcKvAAL","false","Available One to Many Screen Sections","false","false","true","4236661590780711057"
"a0sWD00000cQ1KLYA0","005al00000RVcKvAAL","false","Available One to Many Screen Sections","false","false","true","4236661590780711059"
"a0sWD00000cQ1KMYA0","005al00000RVcKvAAL","false","Available One to Many Screen Sections","false","false","true","4236661590780711061"
"a0sWD00000cQ1KNYA0","005al00000RVcKvAAL","false","Available One to Many Screen Sections","false","false","true","4236661590780711063"
"a0sWD00000cQ1KOYA0","005al00000RVcKvAAL","false","Available One to Many Screen Sections","false","false","true","4236661590780711065"
"a0sWD00000cQ1KPYA0","005al00000RVcKvAAL","false","Available One to Many Screen Sections","false","false","true","4236661590780711067"
"a0sWD00000cQ1KQYA0","005al00000RVcKvAAL","false","Available One to Many Screen Sections","false","false","true","4236661590780711069"
"a0sWD00000cQ1KRYA0","005al00000RVcKvAAL","false","Available One to Many Screen Sections","false","false","true","423666159078071107"
"a0sWD00000cQ1KSYA0","005al00000RVcKvAAL","false","Available One to Many Screen Sections","false","false","true","4236661590780711071"
"a0sWD00000cQ1KTYA0","005al00000RVcKvAAL","false","Available One to Many Screen Sections","false","false","true","4236661590780711073"
"a0sWD00000cQ1KUYA0","005al00000RVcKvAAL","false","Available One to Many Screen Sections","false","false","true","4236661590780711075"
"a0sWD00000cQ1KVYA0","005al00000RVcKvAAL","false","Available One to Many Screen Sections","false","false","true","4236661590780711077"
"a0sWD00000cQ1KWYA0","005al00000RVcKvAAL","false","Available One to Many Screen Sections","false","false","true","4236661590780711079"
"a0sWD00000cQ1KXYA0","005al00000RVcKvAAL","false","Available One to Many Screen Sections","false","false","true","4236661590780711081"
"a0sWD00000cQ1KYYA0","005al00000RVcKvAAL","false","Available One to Many Screen Sections","false","false","true","4236661590780711083"
"a0sWD00000cQ1KZYA0","005al00000RVcKvAAL","false","Available One to Many Screen Sections","false","false","true","4236661590780711085"
"a0sWD00000cQ1KaYAK","005al00000RVcKvAAL","false","Available One to Many Screen Sections","false","false","true","4236661590780711087"
"a0sWD00000cQ1KbYAK","005al00000RVcKvAAL","false","Available One to Many Screen Sections","false","false","true","4236661590780711089"
"a0sWD00000cQ1KcYAK","005al00000RVcKvAAL","false","Available One to Many Screen Sections","false","false","true","4236661590780711091"
"a0sWD00000cQ1KdYAK","005al00000RVcKvAAL","false","Available One to Many Screen Sections","false","false","true","4236661590780711093"
"a0sWD00000cQ1KeYAK","005al00000RVcKvAAL","false","Available One to Many Screen Sections","false","false","true","4236661590780711095"
"a0sWD00000cQ1KfYAK","005al00000RVcKvAAL","false","Available One to Many Screen Sections","false","false","true","4236661590780711097"
"a0sWD00000cQ1KgYAK","005al00000RVcKvAAL","false","Available One to Many Screen Sections","false","false","true","4236661590780711099"
"a0sWD00000cQ1PqYAK","005al00000RVcKvAAL","false","Roth Contributions","false","false","true","42370082958059837"
"a0sWD00000cQ1PrYAK","005al00000RVcKvAAL","false","Credit Authorization/Marital Status","false","false","true","42371261383184965"
"a0sWD00000cQ1KhYAK","005al00000RVcKvAAL","false","Available Screen Sections","false","false","true","42375967143243576"
"a0sWD00000cQ1KiYAK","005al00000RVcKvAAL","false","Available Screen Sections","false","false","true","42377036245656591"
"a0sWD00000cQ1VvYAK","005al00000RVcKvAAL","false","Booked Facilities","false","false","true","42380056249585665"
"a0sWD00000cQ1OiYAK","005al00000RVcKvAAL","false","Entity Compliance Screen","false","false","true","42391663700624859"
"a0sWD00000cQ1XXYA0","005al00000RVcKvAAL","false","Application Details","false","false","true","42393241259581911"
"a0sWD00000cQ1YhYAK","005al00000RVcKvAAL","false","SBL Personal (Individual Other Involved)","false","false","true","42395526772715632"
"a0sWD00000cQ1KjYAK","005al00000RVcKvAAL","false","Available Screen Sections","false","false","true","42408597515396741"
"a0sWD00000cQ1KkYAK","005al00000RVcKvAAL","false","Available Screen Sections","false","false","true","42409805801187142"
"a0sWD00000cQ1XqYAK","005al00000RVcKvAAL","false","Referral","false","false","true","42410404119994869"
"a0sWD00000cQ1WLYA0","005al00000RVcKvAAL","false","Third Party Management","false","false","true","42411851997942573"
"a0sWD00000cQ1YjYAK","005al00000RVcKvAAL","false","Secured SBL Eligibility","false","false","true","42415980332756543"
"a0sWD00000cQ1KlYAK","005al00000RVcKvAAL","false","SBA Form 1919","false","false","true","42416074893865396"
"a0sWD00000cQ1KmYAK","005al00000RVcKvAAL","false","Application Details","false","false","true","42416387574958178"
"a0sWD00000cQ1XgYAK","005al00000RVcKvAAL","false","Draw History Screen","false","false","true","42419863457011593"
"a0sWD00000cQ1OjYAK","005al00000RVcKvAAL","false","Beneficial Owners","false","false","true","42420206330006732"
"a0sWD00000cQ1KnYAK","005al00000RVcKvAAL","false","Underwriting Details","false","false","true","42420244195616807"
"a0sWD00000cQ1KoYAK","005al00000RVcKvAAL","false","RL Personal (Individual Other Involved)","false","false","true","42426004248565116"
"a0sWD00000cQ1XPYA0","005al00000RVcKvAAL","false","Change Memo","false","false","true","42432836327202375"
"a0sWD00000cQ1KpYAK","005al00000RVcKvAAL","false","RL Eligibility","false","false","true","42435399078181112"
"a0sWD00000cQ1OkYAK","005al00000RVcKvAAL","false","Add Others Involved MRF","false","false","true","42436459684933691"
"a0sWD00000cQ1XwYAK","005al00000RVcKvAAL","false","Budget Details","false","false","true","42438936865131651"
"a0sWD00000cQ1WCYA0","005al00000RVcKvAAL","false","Copy Loan","false","false","true","42443303677598944"
"a0sWD00000cQ1KqYAK","005al00000RVcKvAAL","false","Memo","false","false","true","42444467222185355"
"a0sWD00000cQ1KrYAK","005al00000RVcKvAAL","false","SBA Form 1920","false","false","true","42444688549380816"
"a0sWD00000cQ1KsYAK","005al00000RVcKvAAL","false","Loan Application","false","false","true","42447459765222498"
"a0sWD00000cQ1VoYAK","005al00000RVcKvAAL","false","Payment Structure","false","false","true","42448651673900408"
"a0sWD00000cQ1XiYAK","005al00000RVcKvAAL","false","Memo Details","false","false","true","42453478693303001"
"a0sWD00000cQ1OlYAK","005al00000RVcKvAAL","false","Rate & Payment Structure","false","false","true","42454304015867314"
"a0sWD00000cQ1KtYAK","005al00000RVcKvAAL","false","SBA Express Loan Authorization","false","false","true","42459082135169084"
"a0sWD00000cQ1KuYAK","005al00000RVcKvAAL","false","Deposit Products","false","false","true","42464191242067167"
"a0sWD00000cQ1QUYA0","005al00000RVcKvAAL","false","Loan Information","false","false","true","42471436313323417"
"a0sWD00000cQ1KvYAK","005al00000RVcKvAAL","false","SBA Form G845","false","false","true","42471724685478023"
"a0sWD00000cQ1VlYAK","005al00000RVcKvAAL","false","Origination - Screen","false","false","true","42472270104121077"
"a0sWD00000cQ1KwYAK","005al00000RVcKvAAL","false","SBA Form 1920","false","false","true","42472429494470650"
"a0sWD00000cQ1XNYA0","005al00000RVcKvAAL","false","Loan Details","false","false","true","42477760115293706"
"a0sWD00000cQ1KxYAK","005al00000RVcKvAAL","false","Additional Conditions","false","false","true","42478995042737688"
"a0sWD00000cQ1OmYAK","005al00000RVcKvAAL","false","Risk Rating","false","false","true","42479930579628378"
"a0sWD00000cQ1QVYA0","005al00000RVcKvAAL","false","Loan Information","false","false","true","42483057015138499"
"a0sWD00000cQ1W7YAK","005al00000RVcKvAAL","false","Entity Compliance Screen","false","false","true","42484621918140548"
"a0sWD00000cQ1OnYAK","005al00000RVcKvAAL","false","Income/Debt/Asset","false","false","true","42495888365913731"
"a0sWD00000cQ1KyYAK","005al00000RVcKvAAL","false","Available Screen Sections","false","false","true","42500217811994715"
"a0sWD00000cQ1WeYAK","005al00000RVcKvAAL","false","Balance Details","false","false","true","42506447999100246"
"a0sWD00000cQ1XyYAK","005al00000RVcKvAAL","false","CRA Screen","false","false","true","42508794583138413"
"a0sWD00000cQ1YdYAK","005al00000RVcKvAAL","false","Secured SBL Business Info","false","false","true","42509691136301749"
"a0sWD00000cQ1YiYAK","005al00000RVcKvAAL","false","Available Screen Sections","false","false","true","42518046726897075"
"a0sWD00000cQ1WVYA0","005al00000RVcKvAAL","false","Enhanced Fees Management","false","false","true","42519280233404703"
"a0sWD00000cQ1WGYA0","005al00000RVcKvAAL","false","Underwriting Details","false","false","true","42520577919445796"
"a0sWD00000cQ1OoYAK","005al00000RVcKvAAL","false","DEP Business Info","false","false","true","42521926955999322"
"a0sWD00000cQ1OpYAK","005al00000RVcKvAAL","false","Secured SBL Eligibility - Test PDI","false","false","true","42522355733503858"
"a0sWD00000cQ1KzYAK","005al00000RVcKvAAL","false","Application Details","false","false","true","42524769303520840"
"a0sWD00000cQ1L0YAK","005al00000RVcKvAAL","false","Optional Balloon Loan","false","false","true","425247693035208401"
"a0sWD00000cQ1QWYA0","005al00000RVcKvAAL","false","Supplementary Details","false","false","true","42530585031003565"
"a0sWD00000cQ1L1YAK","005al00000RVcKvAAL","false","SBA Form 159","false","false","true","42532180679580861"
"a0sWD00000cQ1QXYA0","005al00000RVcKvAAL","false","Loan Information","false","false","true","42534403815343112"
"a0sWD00000cQ1L2YAK","005al00000RVcKvAAL","false","Available Screen Sections","false","false","true","42547554951755541"
"a0sWD00000cQ1L3YAK","005al00000RVcKvAAL","false","Available Screen Sections","false","false","true","42548454303640585"
"a0sWD00000cQ1L4YAK","005al00000RVcKvAAL","false","SBA Loan Authorization","false","false","true","42549108122041790"
"a0sWD00000cQ1L5YAK","005al00000RVcKvAAL","false","Available Screen Sections","false","false","true","42552507167472630"
"a0sWD00000cQ1QYYA0","005al00000RVcKvAAL","false","Credit Memo Narrative","false","false","true","42552912179786949"
"a0sWD00000cQ1OqYAK","005al00000RVcKvAAL","false","Add Others Involved MRF","false","false","true","42552938228272786"
"a0sWD00000cQ1VpYAK","005al00000RVcKvAAL","false","Rate Structure","false","false","true","42558854118324394"
"a0sWD00000cQ1QZYA0","005al00000RVcKvAAL","false","Acceptance","false","false","true","42560640919494297"
"a0sWD00000cQ1L6YAK","005al00000RVcKvAAL","false","Available Screen Sections","false","false","true","42563550023379214"
"a0sWD00000cQ1L7YAK","005al00000RVcKvAAL","false","Loan Products","false","false","true","42567764686172869"
"a0sWD00000cQ1L8YAK","005al00000RVcKvAAL","false","Collateral2Assets","false","false","true","42572175721289664"
"a0sWD00000cQ1L9YAK","005al00000RVcKvAAL","false","Available Screen Sections","false","false","true","42576748687733812"
"a0sWD00000cQ1QaYAK","005al00000RVcKvAAL","false","Insurance","false","false","true","42577798839968707"
"a0sWD00000cQ1OrYAK","005al00000RVcKvAAL","false","Collateral - Locked","false","false","true","42582888066068259"
"a0sWD00000cQ1XYYA0","005al00000RVcKvAAL","false","Counterparty Report","false","false","true","42582982089307696"
"a0sWD00000cQ1QbYAK","005al00000RVcKvAAL","false","Industry Specific Information","false","false","true","42583235685340065"
"a0sWD00000cQ1LAYA0","005al00000RVcKvAAL","false","Available One to Many Screen Sections","false","false","true","425833549245594371"
"a0sWD00000cQ1LBYA0","005al00000RVcKvAAL","false","Enhanced Fees Management","false","false","true","42584277321636193"
"a0sWD00000cQ1LCYA0","005al00000RVcKvAAL","false","Borrowing Structure","false","false","true","4259332982860135"
"a0sWD00000cQ1WNYA0","005al00000RVcKvAAL","false","Rate & Payment Structure","false","false","true","42597613353871482"
"a0sWD00000cQ1OsYAK","005al00000RVcKvAAL","false","Next Steps","false","false","true","42597622962511405"
"a0sWD00000cQ1LDYA0","005al00000RVcKvAAL","false","Third Party Management","false","false","true","42601708187893789"
"a0sWD00000cQ1LEYA0","005al00000RVcKvAAL","false","Available Screen Sections","false","false","true","42602768168224267"
"a0sWD00000cQ1LFYA0","005al00000RVcKvAAL","false","Add RDC Scanner","false","false","true","4260341211167783167"
"a0sWD00000cQ1LGYA0","005al00000RVcKvAAL","false","Available One to Many Screen Sections","false","false","true","4260341270267783112"
"a0sWD00000cQ1LHYA0","005al00000RVcKvAAL","false","Available Screen Sections","false","false","true","4260341270267783114"
"a0sWD00000cQ1LIYA0","005al00000RVcKvAAL","false","Available One to Many Screen Sections","false","false","true","426034127026778312"
"a0sWD00000cQ1LJYA0","005al00000RVcKvAAL","false","Available One to Many Screen Sections","false","false","true","4260341270267783122"
"a0sWD00000cQ1LKYA0","005al00000RVcKvAAL","false","Available Screen Sections","false","false","true","4260341270267783124"
"a0sWD00000cQ1LLYA0","005al00000RVcKvAAL","false","Available One to Many Screen Sections","false","false","true","4260341270267783132"
"a0sWD00000cQ1LMYA0","005al00000RVcKvAAL","false","Available Screen Sections","false","false","true","4260341270267783134"
"a0sWD00000cQ1LNYA0","005al00000RVcKvAAL","false","Available Screen Sections","false","false","true","426034127026778314"
"a0sWD00000cQ1LOYA0","005al00000RVcKvAAL","false","Modify","false","false","true","4260341270267783155"
"a0sWD00000cQ1LPYA0","005al00000RVcKvAAL","false","Add","false","false","true","4260341270267783158"
"a0sWD00000cQ1LQYA0","005al00000RVcKvAAL","false","Change","false","false","true","4260341270267783161"
"a0sWD00000cQ1LRYA0","005al00000RVcKvAAL","false","Delete","false","false","true","4260341270267783164"
"a0sWD00000cQ1LSYA0","005al00000RVcKvAAL","false","RDC Scanner Updates","false","false","true","4260341270267783167"
"a0sWD00000cQ1LTYA0","005al00000RVcKvAAL","false","Change Authorized User Access","false","false","true","4260341270267783179"
"a0sWD00000cQ1LUYA0","005al00000RVcKvAAL","false","AU Access","false","false","true","4260341270267783182"
"a0sWD00000cQ1LVYA0","005al00000RVcKvAAL","false","LockboxDetails","false","false","true","4260341270267783188"
"a0sWD00000cQ1LWYA0","005al00000RVcKvAAL","false","LockboxLocationDetails","false","false","true","4260341270267783191"
"a0sWD00000cQ1LXYA0","005al00000RVcKvAAL","false","AU Changes","false","false","true","4260341270267783194"
"a0sWD00000cQ1XOYA0","005al00000RVcKvAAL","false","Pricing","false","false","true","42603748046132357"
"a0sWD00000cQ1XQYA0","005al00000RVcKvAAL","false","Application Details","false","false","true","42607933161237870"
"a0sWD00000cQ1LYYA0","005al00000RVcKvAAL","false","Application Details","false","false","true","42614756889733027"
"a0sWD00000cQ1PsYAK","005al00000RVcKvAAL","false","Rates and APY","false","false","true","42615384382748734"
"a0sWD00000cQ1OtYAK","005al00000RVcKvAAL","false","Next Steps","false","false","true","42621602764631367"
"a0sWD00000cQ1W8YAK","005al00000RVcKvAAL","false","Manage Budget Screen","false","false","true","42622713689821035"
"a0sWD00000cQ1WMYA0","005al00000RVcKvAAL","false","Row Edit Post Approval","false","false","true","42623271149565690"
"a0sWD00000cQ1XdYAK","005al00000RVcKvAAL","false","pp-tn-review-detail","false","false","true","42623826249591830"
"a0sWD00000cQ1QcYAK","005al00000RVcKvAAL","false","Referral","false","false","true","42626152928349612"
"a0sWD00000cQ1OuYAK","005al00000RVcKvAAL","false","Pricing Approved","false","false","true","42628206483992946"
"a0sWD00000cQ1QdYAK","005al00000RVcKvAAL","false","Referrals","false","false","true","42628394564202379"
"a0sWD00000cQ1XHYA0","005al00000RVcKvAAL","false","Treasury Service Details","false","false","true","42634238437115000"
"a0sWD00000cQ1LZYA0","005al00000RVcKvAAL","false","Available Screen Sections","false","false","true","42635809217633931"
"a0sWD00000cQ1YmYAK","005al00000RVcKvAAL","false","SBL Eligibility","false","false","true","42636216486699414"
"a0sWD00000cQ1QeYAK","005al00000RVcKvAAL","false","Change Memo","false","false","true","42642682361221361"
"a0sWD00000cQ1LaYAK","005al00000RVcKvAAL","false","Loan Details Mortgage APAC","false","false","true","42645426226502049"
"a0sWD00000cQ1OvYAK","005al00000RVcKvAAL","false","Statement Mailing Address","false","false","true","42649164738446918"
"a0sWD00000cQ1PtYAK","005al00000RVcKvAAL","false","Credit Authorization","false","false","true","42650005288493003"
"a0sWD00000cQ1XlYAK","005al00000RVcKvAAL","false","Application Details","false","false","true","42659629105416955"
"a0sWD00000cQ1OwYAK","005al00000RVcKvAAL","false","Rental Expense- Other involved","false","false","true","42661183844977569"
"a0sWD00000cQ1LbYAK","005al00000RVcKvAAL","false","Loan Team Member Information","false","false","true","42661620937671562"
"a0sWD00000cQ1LcYAK","005al00000RVcKvAAL","false","Available Screen Sections","false","false","true","42664936141973887"
"a0sWD00000cQ1OxYAK","005al00000RVcKvAAL","false","Balance Details","false","false","true","42665939958739667"
"a0sWD00000cQ1QfYAK","005al00000RVcKvAAL","false","Loan Information","false","false","true","42667060638923733"
"a0sWD00000cQ1YoYAK","005al00000RVcKvAAL","false","Available Screen Sections","false","false","true","42668947043259055"
"a0sWD00000cQ1WEYA0","005al00000RVcKvAAL","false","Risk Rating","false","false","true","42672158236792769"
"a0sWD00000cQ1VnYAK","005al00000RVcKvAAL","false","Account Current","false","false","true","42673965235711935"
"a0sWD00000cQ1OyYAK","005al00000RVcKvAAL","false","Rental Expense","false","false","true","42676652900382649"
"a0sWD00000cQ1QgYAK","005al00000RVcKvAAL","false","Supplementary Details","false","false","true","42677169303849006"
"a0sWD00000cQ1XzYAK","005al00000RVcKvAAL","false","Copy Loan","false","false","true","42678219453394575"
"a0sWD00000cQ1LdYAK","005al00000RVcKvAAL","false","Available Screen Sections","false","false","true","42682493032422653"
"a0sWD00000cQ1LeYAK","005al00000RVcKvAAL","false","Available Screen Sections","false","false","true","42683078783818524"
"a0sWD00000cQ1LfYAK","005al00000RVcKvAAL","false","Available Screen Sections","false","false","true","42686277354485569"
"a0sWD00000cQ1QhYAK","005al00000RVcKvAAL","false","Loan Information","false","false","true","42688042363052532"
"a0sWD00000cQ1PuYAK","005al00000RVcKvAAL","false","Joint Intent/Marital Status","false","false","true","426895784390633934"
"a0sWD00000cQ1PvYAK","005al00000RVcKvAAL","false","Marital Status","false","false","true","4268957843906339345"
"a0sWD00000cQ1LgYAK","005al00000RVcKvAAL","false","Verification Online Application","false","false","true","426906024564896"
"a0sWD00000cQ1LhYAK","005al00000RVcKvAAL","false","Account Debt","false","false","true","42690602794320896"
"a0sWD00000cQ1PwYAK","005al00000RVcKvAAL","false","Add Beneficial Owner OA","false","false","true","42692388294244423"
"a0sWD00000cQ1YfYAK","005al00000RVcKvAAL","false","SBL Personal","false","false","true","42692911532156791"
"a0sWD00000cQ1LiYAK","005al00000RVcKvAAL","false","Available Screen Sections","false","false","true","42695743300491352"
"a0sWD00000cQ1OzYAK","005al00000RVcKvAAL","false","Balance Details","false","false","true","42706402666860943"
"a0sWD00000cQ1P0YAK","005al00000RVcKvAAL","false","Counter Offer - Adverse Action","false","false","true","42714169169259151"
"a0sWD00000cQ1QiYAK","005al00000RVcKvAAL","false","Legal Time","false","false","true","4271592250132544"
"a0sWD00000cQ1WAYA0","005al00000RVcKvAAL","false","Collateral2","false","false","true","42716660961482717"
"a0sWD00000cQ1LjYAK","005al00000RVcKvAAL","false","Available Screen Sections","false","false","true","42718553518226114"
"a0sWD00000cQ1P1YAK","005al00000RVcKvAAL","false","Approval Details","false","false","true","42722997428486649"
"a0sWD00000cQ1P2YAK","005al00000RVcKvAAL","false","Referral","false","false","true","42723038925154595"
"a0sWD00000cQ1P3YAK","005al00000RVcKvAAL","false","Application Details","false","false","true","42724462769795377"
"a0sWD00000cQ1PxYAK","005al00000RVcKvAAL","false","Funding Method","false","false","true","42728043130819155"
"a0sWD00000cQ1LkYAK","005al00000RVcKvAAL","false","Available Screen Sections","false","false","true","42728605133414469"
"a0sWD00000cQ1XmYAK","005al00000RVcKvAAL","false","Product Package Entity","false","false","true","42733556589936485"
"a0sWD00000cQ1P4YAK","005al00000RVcKvAAL","false","Collateral- Locked","false","false","true","42741467655006969"
"a0sWD00000cQ1YqYAK","005al00000RVcKvAAL","false","DEP Personal Info (Individual)","false","false","true","42747891239502889"
"a0sWD00000cQ1LlYAK","005al00000RVcKvAAL","false","Available Screen Sections","false","false","true","42747916675539942"
"a0sWD00000cQ1YkYAK","005al00000RVvFOAA1","false","Dummy Screen- Enterprise Onboarding conditional rendering","false","false","true","42749540180904717"
"a0sWD00000cQ1W6YAK","005al00000RVcKvAAL","false","Details- business EO","false","false","true","42754538931621755"
"a0sWD00000cQ1XsYAK","005al00000RVcKvAAL","false","Underwriting Details","false","false","true","42755114587290036"
"a0sWD00000cQ1LmYAK","005al00000RVcKvAAL","false","Available Screen Sections","false","false","true","42757901971851638"
"a0sWD00000cQ1QjYAK","005al00000RVcKvAAL","false","Loan Information","false","false","true","42764906769112658"
"a0sWD00000cQ1WhYAK","005al00000RVcKvAAL","false","CRA Screen","false","false","true","42768158053098535"
"a0sWD00000cQ1XLYA0","005al00000RVcKvAAL","false","Change Memo","false","false","true","42768254162527564"
"a0sWD00000cQ1LnYAK","005al00000RVcKvAAL","false","Available Screen Sections","false","false","true","42772476273148442"
"a0sWD00000cQ1P5YAK","005al00000RVcKvAAL","false","Third Party Management","false","false","true","42777805345713930"
"a0sWD00000cQ1W2YAK","005al00000RVcKvAAL","false","Loan Structuring","false","false","true","42782802324724320"
"a0sWD00000cQ1LoYAK","005al00000RVcKvAAL","false","Available Screen Sections","false","false","true","42784655050267520"
"a0sWD00000cQ1QkYAK","005al00000RVcKvAAL","false","Supplementary Details","false","false","true","42784668195749286"
"a0sWD00000cQ1QlYAK","005al00000RVcKvAAL","false","Supplementary Details","false","false","true","42789072950713247"
"a0sWD00000cQ1LpYAK","005al00000RVcKvAAL","false","Application Details","false","false","true","42789688783028529"
"a0sWD00000cQ1LqYAK","005al00000RVcKvAAL","false","Available Screen Sections","false","false","true","42791228768816744"
"a0sWD00000cQ1P6YAK","005al00000RVcKvAAL","false","Manual Underwriting","false","false","true","42798477393046069"
"a0sWD00000cQ1P7YAK","005al00000RVcKvAAL","false","Loan Team","false","false","true","42799819999780737"
"a0sWD00000cQ1LrYAK","005al00000RVcKvAAL","false","Available Screen Sections","false","false","true","42805277430289136"
"a0sWD00000cQ1VkYAK","005al00000RVcKvAAL","false","Servicing - Screen","false","false","true","42806416906738366"
"a0sWD00000cQ1LsYAK","005al00000RVcKvAAL","false","Available Screen Sections","false","false","true","42809722658798881"
"a0sWD00000cQ1P8YAK","005al00000RVcKvAAL","false","DEP Interest Information (Individual)","false","false","true","42810462241793916"
"a0sWD00000cQ1P9YAK","005al00000RVcKvAAL","false","Credit Authorization/Joint Intent","false","false","true","42820867345365240"
"a0sWD00000cQ1LtYAK","005al00000RVcKvAAL","false","Available Screen Sections","false","false","true","42826813630382801"
"a0sWD00000cQ1PAYA0","005al00000RVcKvAAL","false","SBL - Editable Details","false","false","true","42827405195124985"
"a0sWD00000cQ1Y0YAK","005al00000RVcKvAAL","false","Loan Compliance Screen","false","false","true","42832806785932622"
"a0sWD00000cQ1XVYA0","005al00000RVcKvAAL","false","Beneficial Ownership Summary","false","false","true","42834021314193185"
"a0sWD00000cQ1XnYAK","005al00000RVcKvAAL","false","Fees Summary","false","false","true","42839732363377241"
"a0sWD00000cQ1LuYAK","005al00000RVcKvAAL","false","Primary Account","false","false","true","42841308199109875"
"a0sWD00000cQ1PyYAK","005al00000RVcKvAAL","false","Confirm Credit Pull","false","false","true","42843836296295970"
"a0sWD00000cQ1PBYA0","005al00000RVcKvAAL","false","Collateral Summary","false","false","true","42844102433828463"
"a0sWD00000cQ1QmYAK","005al00000RVcKvAAL","false","Insurance","false","false","true","42845584850399950"
"a0sWD00000cQ1XEYA0","005al00000RVcKvAAL","false","Payment Structure","false","false","true","42845770103705580"
"a0sWD00000cQ1LvYAK","005al00000RVcKvAAL","false","Available Screen Sections","false","false","true","42847881028755096"
"a0sWD00000cQ1LwYAK","005al00000RVcKvAAL","false","Primary Account","false","false","true","42848714246696455"
"a0sWD00000cQ1VgYAK","005al00000RVcKvAAL","false","Counterparty Report Topbar","false","false","true","42851832252859441"
"a0sWD00000cQ1PzYAK","005al00000RVcKvAAL","false","Approval Summary","false","false","true","42855096372429871"
"a0sWD00000cQ1W9YAK","005al00000RVcKvAAL","false","Beneficiary","false","false","true","42856498406131349"
"a0sWD00000cQ1PCYA0","005al00000RVcKvAAL","false","Add Signers MRF","false","false","true","42865719039783387"
"a0sWD00000cQ1WKYA0","005al00000RVcKvAAL","false","Underwriting Details","false","false","true","42866893089137191"
"a0sWD00000cQ1WaYAK","005al00000RVcKvAAL","false","HMDA Screen 1","false","false","true","42870475258935934"
"a0sWD00000cQ1LxYAK","005al00000RVcKvAAL","false","SBA Form 1920","false","false","true","42873565418591638"
"a0sWD00000cQ1LyYAK","005al00000RVcKvAAL","false","Available One to Many Screen Sections","false","false","true","428736578115047581"
"a0sWD00000cQ1XBYA0","005al00000RVcKvAAL","false","Entity Compliance Screen","false","false","true","42875195092745613"
"a0sWD00000cQ1LzYAK","005al00000RVcKvAAL","false","DEP Personal Info (Individual Additional Owner)","false","false","true","42904270853889400"
"a0sWD00000cQ1QnYAK","005al00000RVcKvAAL","false","Seller Debt","false","false","true","42904453780468697"
"a0sWD00000cQ1M0YAK","005al00000RVcKvAAL","false","Available One to Many Screen Sections","false","false","true","429065460244810851"
"a0sWD00000cQ1Q0YAK","005al00000RVcKvAAL","false","Borrowing Structure Information","false","false","true","42907025017215417"
"a0sWD00000cQ1M1YAK","005al00000RVcKvAAL","false","Available Screen Sections","false","false","true","42910747869405628"
"a0sWD00000cQ1XCYA0","005al00000RVcKvAAL","false","Loan Compliance Screen","false","false","true","42920140975446045"
"a0sWD00000cQ1VmYAK","005al00000RVcKvAAL","false","Loan Current","false","false","true","42923350579814359"
"a0sWD00000cQ1M2YAK","005al00000RVcKvAAL","false","Available Screen Sections","false","false","true","42926344398697575"
"a0sWD00000cQ1M3YAK","005al00000RVcKvAAL","false","Available Screen Sections","false","false","true","42928826582583099"
"a0sWD00000cQ1PDYA0","005al00000RVcKvAAL","false","Add Beneficiaries","false","false","true","42933845298338736"
"a0sWD00000cQ1YrYAK","005al00000RVcKvAAL","false","Bulk Edit Pre Approval","false","false","true","42938264836815273"
"a0sWD00000cQ1M4YAK","005al00000RVcKvAAL","false","Available Screen Sections","false","false","true","42941694750032323"
"a0sWD00000cQ1M5YAK","005al00000RVcKvAAL","false","Available One to Many Screen Sections","false","false","true","429446046658847391"
"a0sWD00000cQ1M6YAK","005al00000RVcKvAAL","false","Available Screen Sections","false","false","true","42945613848333488"
"a0sWD00000cQ1M7YAK","005al00000RVcKvAAL","false","Business Type","false","false","true","42951112668990397"
"a0sWD00000cQ1QoYAK","005al00000RVcKvAAL","false","Conditions","false","false","true","42952555398847892"
"a0sWD00000cQ1WOYA0","005al00000RVcKvAAL","false","Copy Loan","false","false","true","42958934612337865"
"a0sWD00000cQ1Q1YAK","005al00000RVcKvAAL","false","Add Beneficial Owner OA","false","false","true","42962240935795279"
"a0sWD00000cQ1M8YAK","005al00000RVcKvAAL","false","Available Screen Sections","false","false","true","42973700372158944"
"a0sWD00000cQ1YgYAK","005al00000RVcKvAAL","false","SBL Business Info","false","false","true","42981961269080453"
"a0sWD00000cQ1WiYAK","005al00000RVcKvAAL","false","Underwriting Details","false","false","true","42983688617809083"
"a0sWD00000cQ1VcYAK","005al00000RVcKvAAL","false","Treasury Service Maintenance","false","false","true","42992811933823016"
"a0sWD00000cQ1Y4YAK","005al00000RVcKvAAL","false","Draw Overview Screen","false","false","true","43041619447514587"
"a0sWD00000cQ1XAYA0","005al00000RVcKvAAL","false","Rate Structure","false","false","true","43041620937671558"
"a0sWD00000cQ1PEYA0","005al00000RVcKvAAL","false","Pricing Approved","false","false","true","43091585311469498"
"a0sWD00000cQ1YDYA0","005al00000RVcKvAAL","false","Risk Rating","false","false","true","43241619447514581"
"a0sWD00000cQ1M9YAK","005al00000RVcKvAAL","false","Account Exposure","false","false","true","43544645"
"a0sWD00000cQ1PFYA0","005al00000RVcKvAAL","false","Final Pricing","false","false","true","43601585311469513"
"a0sWD00000cQ1PGYA0","005al00000RVcKvAAL","false","HMDA","false","false","true","43751600720267875"
"a0sWD00000cQ1PHYA0","005al00000RVcKvAAL","false","Third Party Management","false","false","true","45191663700624862"
"a0sWD00000cQ1PIYA0","005al00000RVcKvAAL","false","DEP Personal Info (business)","false","false","true","45611598381727710"
"a0sWD00000cQ1PJYA0","005al00000RVcKvAAL","false","Editable Fields","false","false","true","46011585311469504"
"a0sWD00000cQ1MAYA0","005al00000RVcKvAAL","false","Fees Summary","false","false","true","46241560278867078"
"a0sWD00000cQ1MBYA0","005al00000RVcKvAAL","false","Adverse Actions","false","false","true","46681620937671562"
"a0sWD00000cQ1YsYAK","005al00000RVcKvAAL","false","Third Party Reports","false","false","true","47581585604340855"
"a0sWD00000cQ1YXYA0","005al00000RVcKvAAL","false","Payment Structure","false","false","true","48261619447514581"
"a0sWD00000cQ1MCYA0","005al00000RVcKvAAL","false","Team Members","false","false","true","48281619447514582"
"a0sWD00000cQ1PKYA0","005al00000RVcKvAAL","false","Third Party Management","false","false","true","48401602764631366"
"a0sWD00000cQ1QpYAK","005al00000RVcKvAAL","false","Compliance Certifications","false","false","true","48484092340752"
"a0sWD00000cQ1Y8YAK","005al00000RVcKvAAL","false","Loan Products","false","false","true","48781562008947219"
"a0sWD00000cQ1PLYA0","005al00000RVcKvAAL","false","Collateral2","false","false","true","49201585311469493"
"a0sWD00000cQ1PMYA0","005al00000RVcKvAAL","false","Manual Underwriting","false","false","true","49551663700624863"
"a0sWD00000cQ1YQYA0","005al00000RVcKvAAL","false","Third Party Management","false","false","true","49681619447514580"
"a0sWD00000cQ1MDYA0","005al00000RVcKvAAL","false","Loan Compliance Screen","false","false","true","49751620937671564"
"a0sWD00000cQ1QqYAK","005al00000RVcKvAAL","false","Collateral2","false","false","true","4A337B5D3528422C924C3E1F46311910"
"a0sWD00000cQ1QrYAK","005al00000RVcKvAAL","false","Fees Approved","false","false","true","4F4C66326C534041AD004049437B4613"
"a0sWD00000cQ1PNYA0","005al00000RVcKvAAL","false","Adverse Actions","false","false","true","50491663700624860"
"a0sWD00000cQ1POYA0","005al00000RVcKvAAL","false","SBL Business Info","false","false","true","50791666029074780"
"a0sWD00000cQ1MEYA0","005al00000RVcKvAAL","false","Key Dates - Read Only","false","false","true","50971585604340856"
"a0sWD00000cQ1Q2YAK","005al00000RVcKvAAL","false","Deposit Application Summary","false","false","true","52261701790670787"
"a0sWD00000cQ1XpYAK","005al00000RVcKvAAL","false","Collateral Pledged","false","false","true","52621585604340855"
"a0sWD00000cQ1MFYA0","005al00000RVcKvAAL","false","Borrowing Structure Information","false","false","true","52691560278867079"
"a0sWD00000cQ1YYYA0","005al00000RVcKvAAL","false","Budget Details","false","false","true","53291619447514586"
"a0sWD00000cQ1PPYA0","005al00000RVcKvAAL","false","Enhanced Fees Management","false","false","true","53471600720267875"
"a0sWD00000cQ1QsYAK","005al00000RVcKvAAL","false","Venture Banking","false","false","true","544420094858235"
"a0sWD00000cQ1WnYAK","005al00000RVcKvAAL","false","Fees Summary","false","false","true","55051619447514582"
"a0sWD00000cQ1YSYA0","005al00000RVcKvAAL","false","Third Party Reports","false","false","true","55521619447514583"
"a0sWD00000cQ1MGYA0","005al00000RVcKvAAL","false","SnapshotTreasuryWireMan","false","false","true","55555555555"
"a0sWD00000cQ1PQYA0","005al00000RVcKvAAL","false","Collateral Summary","false","false","true","55841600720267874"
"a0sWD00000cQ1PRYA0","005al00000RVcKvAAL","false","Online Income Information","false","false","true","55861666029074781"
"a0sWD00000cQ1MHYA0","005al00000RVcKvAAL","false","Rate & Payment Structure","false","false","true","55871620937671566"
"a0sWD00000cQ1PSYA0","005al00000RVcKvAAL","false","Balance Details","false","false","true","56841585311469498"
"a0sWD00000cQ1Q3YAK","005al00000RVcKvAAL","false","Create New Relationship for Beneficiary","false","false","true","58621701790670786"
"a0sWD00000cQ1PTYA0","005al00000RVcKvAAL","false","Application Details","false","false","true","59661600720267874"
"a0sWD00000cQ1Q4YAK","005al00000RVcKvAAL","false","Application Details","false","false","true","596616007202678745"
"a0sWD00000cQ1MIYA0","005al00000RVcKvAAL","false","Key Dates - Editable","false","false","true","59771585604340856"
"a0sWD00000cQ1QtYAK","005al00000RVcKvAAL","false","Participations","false","false","true","5F2A7574747D4F31801C397D33087C18"
"a0sWD00000cQ1MJYA0","005al00000RVcKvAAL","false","Stage History","false","false","true","60101585604340856"
"a0sWD00000cQ1MKYA0","005al00000RVcKvAAL","false","Change Memo","false","false","true","60941560278867078"
"a0sWD00000cQ1PUYA0","005al00000RVcKvAAL","false","Credit Check","false","false","true","60941666029074782"
"a0sWD00000cQ1WuYAK","005al00000RVcKvAAL","false","Entity Compliance Screen","false","false","true","61171619447514586"
"a0sWD00000cQ1MLYA0","005al00000RVcKvAAL","false","Post Closing Review","false","false","true","61601585604340855"
"a0sWD00000cQ1X0YAK","005al00000RVcKvAAL","false","Participations","false","false","true","61601619447514583"
"a0sWD00000cQ1MMYA0","005al00000RVcKvAAL","false","Pricing Required Fields","false","false","true","61711620937671558"
"a0sWD00000cQ1QuYAK","005al00000RVcKvAAL","false","Pricing Approved","false","false","true","6212613861314441B5241C4F797E2F08"
"a0sWD00000cQ1WxYAK","005al00000RVcKvAAL","false","Loan Details-Retail","false","false","true","623454651543256"
"a0sWD00000cQ1PVYA0","005al00000RVcKvAAL","false","Approval Details","false","false","true","62551663700624864"
"a0sWD00000cQ1X1YAK","005al00000RVcKvAAL","false","Treasury Service Details","false","false","true","62851567002571747"
"a0sWD00000cQ1PWYA0","005al00000RVcKvAAL","false","Booked Information","false","false","true","63091585311469499"
"a0sWD00000cQ1MNYA0","005al00000RVcKvAAL","false","Application Details-Retail","false","false","true","6325647853262563245"
"a0sWD00000cQ1PXYA0","005al00000RVcKvAAL","false","Loan Compliance Screen","false","false","true","63951663700624860"
"a0sWD00000cQ1YEYA0","005al00000RVcKvAAL","false","Booked Information","false","false","true","64811619447514585"
"a0sWD00000cQ1Q5YAK","005al00000RVcKvAAL","false","Traditional Contributions","false","false","true","657465765543454545"
"a0sWD00000cQ1MOYA0","005al00000RVcKvAAL","false","Participations","false","false","true","66011620937671561"
"a0sWD00000cQ1PYYA0","005al00000RVcKvAAL","false","DEP Personal Info (business co owner)","false","false","true","66201598553323869"
"a0sWD00000cQ1MPYA0","005al00000RVcKvAAL","false","Fees Summary","false","false","true","66261620937671560"
"a0sWD00000cQ1YIYA0","005al00000RVcKvAAL","false","Editable Fields","false","false","true","66981619447514587"
"a0sWD00000cQ1WdYAK","005al00000RVcKvAAL","false","CRA Screen","false","false","true","67231585604340855"
"a0sWD00000cQ1YVYA0","005al00000RVcKvAAL","false","Change Memo","false","false","true","69121619447514582"
"a0sWD00000cQ1WoYAK","005al00000RVcKvAAL","false","Manage Budget Screen","false","false","true","69461619447514587"
"a0sWD00000cQ1PZYA0","005al00000RVcKvAAL","false","SBL Eligibility","false","false","true","69681666029074780"
"a0sWD00000cQ1YuYAK","005al00000RVcKvAAL","false","Booked Information Booked","false","false","true","69801585604340854"
"a0sWD00000cQ1MQYA0","005al00000RVcKvAAL","false","Participations","false","false","true","70051585604340856"
"a0sWD00000cQ1PaYAK","005al00000RVcKvAAL","false","Enhanced Fees Management","false","false","true","70101602764631366"
"a0sWD00000cQ1WYYA0","005al00000RVcKvAAL","false","HMDA Screen 2","false","false","true","70131585604340855"
"a0sWD00000cQ1PbYAK","005al00000RVcKvAAL","false","Borrowing Structure","false","false","true","71161602764631367"
"a0sWD00000cQ1MRYA0","005al00000RVcKvAAL","false","HMDA Screen 1","false","false","true","71331620937671563"
"a0sWD00000cQ1MSYA0","005al00000RVcKvAAL","false","Loan Details-Retail","false","false","true","71341560278867078"
"a0sWD00000cQ1YGYA0","005al00000RVcKvAAL","false","Team Members","false","false","true","71561620937671560"
"a0sWD00000cQ1PcYAK","005al00000RVcKvAAL","false","Add Others Involved MRF","false","false","true","71851666029074781"
"a0sWD00000cQ1PdYAK","005al00000RVcKvAAL","false","HMDA","false","false","true","73351602764631366"
"a0sWD00000cQ1WyYAK","005al00000RVcKvAAL","false","Rate Structure","false","false","true","74211619447514581"
"a0sWD00000cQ1MTYA0","005al00000RVcKvAAL","false","Draw Overview Screen","false","false","true","74561620937671565"
"a0sWD00000cQ1X8YAK","005al00000RVcKvAAL","false","Product Package Collateral2","false","false","true","75041563816286566"
"a0sWD00000cQ1MUYA0","005al00000RVcKvAAL","false","Borrowing Structure Information","false","false","true","76391620937671558"
"a0sWD00000cQ1PeYAK","005al00000RVcKvAAL","false","Proposal","false","false","true","76841585311469512"
"a0sWD00000cQ1QvYAK","005al00000RVcKvAAL","false","SBA Form 601","false","false","true","77464025155F4E1BB66E37791F570C04"
"a0sWD00000cQ1MVYA0","005al00000RVcKvAAL","false","SnapshotTreasuryLBX","false","false","true","777777777777"
"a0sWD00000cQ1YUYA0","005al00000RVcKvAAL","false","Payment Structure","false","false","true","78401620937671559"
"a0sWD00000cQ1MWYA0","005al00000RVcKvAAL","false","Collateral","false","false","true","784368902834672803"
"a0sWD00000cQ1Y5YAK","005al00000RVcKvAAL","false","Third Party Management","false","false","true","78611620937671557"
"a0sWD00000cQ1XZYA0","005al00000RVcKvAAL","false","Pricing","false","false","true","79341585604340856"
"a0sWD00000cQ1QwYAK","005al00000RVcKvAAL","false","Credit Underwriting","false","false","true","7B220477516145598B5145251435045F"
"a0sWD00000cQ1QxYAK","005al00000RVcKvAAL","false","SBA Form 1050","false","false","true","7B5257482579424E9F585774091D7405"
"a0sWD00000cQ1PfYAK","005al00000RVcKvAAL","false","Loan Team Member Information","false","false","true","80531585311469498"
"a0sWD00000cQ1WtYAK","005al00000RVcKvAAL","false","Balance Details","false","false","true","81501619447514584"
"a0sWD00000cQ1PgYAK","005al00000RVcKvAAL","false","Manual Underwriting","false","false","true","81511602764631367"
"a0sWD00000cQ1YPYA0","005al00000RVcKvAAL","false","Loan Dashboard Summary Screen","false","false","true","81661619447514585"
"a0sWD00000cQ1QyYAK","005al00000RVcKvAAL","false","Construction","false","false","true","8203475492093495224"
"a0sWD00000cQ1MXYA0","005al00000RVcKvAAL","false","Fees Approved","false","false","true","82191585604340855"
"a0sWD00000cQ1QzYAK","005al00000RVcKvAAL","false","Final Collateral Review","false","false","true","823676523962566533"
"a0sWD00000cQ1R0YAK","005al00000RVcKvAAL","false","Loan Information","false","false","true","8352345273450"
"a0sWD00000cQ1Q6YAK","005al00000RVcKvAAL","false","Beneficiary","false","false","true","83551701790670787"
"a0sWD00000cQ1Y9YAK","005al00000RVcKvAAL","false","Loan Details","false","false","true","84351619447514588"
"a0sWD00000cQ1R1YAK","005al00000RVcKvAAL","false","Processing Postapp","false","false","true","848888487575345"
"a0sWD00000cQ1R2YAK","005al00000RVcKvAAL","false","Complete","false","false","true","8523450523457"
"a0sWD00000cQ1YNYA0","005al00000RVcKvAAL","false","Approved Details","false","false","true","85571619447514583"
"a0sWD00000cQ1XuYAK","005al00000RVcKvAAL","false","Loan Compliance Screen","false","false","true","86401619447514586"
"a0sWD00000cQ1X9YAK","005al00000RVcKvAAL","false","Fees Approved","false","false","true","86411620937671561"
"a0sWD00000cQ1WlYAK","005al00000RVcKvAAL","false","Loan Details","false","false","true","86451585604340855"
"a0sWD00000cQ1XKYA0","005al00000RVcKvAAL","false","Booked Information","false","false","true","86611585604340855"
"a0sWD00000cQ1YCYA0","005al00000RVcKvAAL","false","Adverse Actions","false","false","true","86671619447514584"
"a0sWD00000cQ1YRYA0","005al00000RVcKvAAL","false","Deposit Products","false","false","true","86701562008947219"
"a0sWD00000cQ1MYYA0","005al00000RVcKvAAL","false","Fees","false","false","true","86811560278867079"
"a0sWD00000cQ1MZYA0","005al00000RVcKvAAL","false","Facility Information","false","false","true","87774"
"a0sWD00000cQ1MaYAK","005al00000RVcKvAAL","false","Aggregation","false","false","true","87774234"
"a0sWD00000cQ1MbYAK","005al00000RVcKvAAL","false","Review","false","false","true","877744"
"a0sWD00000cQ1McYAK","005al00000RVcKvAAL","false","Lease Details","false","false","true","879879871983791"
"a0sWD00000cQ1R3YAK","005al00000RVcKvAAL","false","Final Review","false","false","true","885746312349164"
"a0sWD00000cQ1MdYAK","005al00000RVcKvAAL","false","Narrative","false","false","true","89361585604340856"
"a0sWD00000cQ1X5YAK","005al00000RVcKvAAL","false","Loan Details","false","false","true","89871619447514586"
"a0sWD00000cQ1WWYA0","005al00000RVcKvAAL","false","Referral","false","false","true","91061585604340856"
"a0sWD00000cQ1PhYAK","005al00000RVcKvAAL","false","Borrowing Structure Information","false","false","true","91481663700624865"
"a0sWD00000cQ1Y1YAK","005al00000RVcKvAAL","false","Fees","false","false","true","91971560278745076"
"a0sWD00000cQ1PiYAK","005al00000RVcKvAAL","false","Next Steps","false","false","true","92101663700624863"
"a0sWD00000cPtLJYA0","005al00000RVcKvAAL","false","Loan Dashboard Summary Screen","false","false","true","92291620937671563"
"a0sWD00000cQ1YFYA0","005al00000RVcKvAAL","false","HMDA Screen 1","false","false","true","92911615577845542"
"a0sWD00000cQ1PjYAK","005al00000RVcKvAAL","false","Pricing Estimates","false","false","true","94511585311469513"
"a0sWD00000cQ1PkYAK","005al00000RVcKvAAL","false","HMDA","false","false","true","94881663700624862"
"a0sWD00000cQ1MeYAK","005al00000RVcKvAAL","false","Draw History Screen","false","false","true","95711620937671565"
"a0sWD00000cQ1MfYAK","005al00000RVcKvAAL","false","Loan Summary","false","false","true","976687686"
"a0sWD00000cQ1MgYAK","005al00000RVcKvAAL","false","Certifications","false","false","true","98061620937671556"
"a0sWD00000cQ1PlYAK","005al00000RVcKvAAL","false","Secured RL Eligibility","false","false","true","98421603129897051"
"a0sWD00000cQ1VzYAK","005al00000RVcKvAAL","false","Product Package Collateral2","false","false","true","DPPP42456617561636458"
"a0sWD00000cQ1W0YAK","005al00000RVcKvAAL","false","Product Package Entity","false","false","true","DPPP42672576519267017"
"a0sWD00000cQ1YZYA0","005al00000RVcKvAAL","false","Booked Details","false","false","true","XXX44432723848796"
"a0sWD00000cQ1R4YAK","005al00000RVcKvAAL","false","Loan Information","false","false","true","a2G3k000001JwSaEAK"
"a0sWD00000cQ1R5YAK","005al00000RVcKvAAL","false","Default Loan Facility Creation Fields","false","false","true","a2G3k000001JwSbEAK"
"a0sWD00000cQ1R6YAK","005al00000RVcKvAAL","false","Loan Compliance Screen","false","false","true","a2G3k000001JwSdEAK"
"a0sWD00000cQ1R7YAK","005al00000RVcKvAAL","false","Enhanced Fees Management","false","false","true","a2G3k000001JwSgEAK"
"a0sWD00000cQ1R8YAK","005al00000RVcKvAAL","false","Referral","false","false","true","a2G3k000001JwSoEAK"
"a0sWD00000cQ1R9YAK","005al00000RVcKvAAL","false","Balance Details","false","false","true","a2G3k000001JwSpEAK"
"a0sWD00000cQ1RAYA0","005al00000RVcKvAAL","false","Booked Details","false","false","true","a2G3k000001JwSqEAK"
"a0sWD00000cQ1RBYA0","005al00000RVcKvAAL","false","CRA Screen","false","false","true","a2G3k000001JwStEAK"
"a0sWD00000cQ1RCYA0","005al00000RVcKvAAL","false","Loan Team Member Information","false","false","true","a2G3k000001JwSwEAK"
"a0sWD00000cQ1RDYA0","005al00000RVcKvAAL","false","Risk Rating","false","false","true","a2G3k000001JwSzEAK"
"a0sWD00000cQ1REYA0","005al00000RVcKvAAL","false","Produc Package Details","false","false","true","a2G3k000001JwTIEA0"
"a0sWD00000cQ1RFYA0","005al00000RVcKvAAL","false","Product Package Entity","false","false","true","a2G3k000001JwTJEA0"
"a0sWD00000cQ1RGYA0","005al00000RVcKvAAL","false","pp-tn-review-detail","false","false","true","a2G3k000001JwTKEA0"
"a0sWD00000cQ1RHYA0","005al00000RVcKvAAL","false","Product Package Approval Info","false","false","true","a2G3k000001JwTLEA0"
"a0sWD00000cQ1RIYA0","005al00000RVcKvAAL","false","Deposits - PP","false","false","true","a2G3k000001JwTMEA0"
"a0sWD00000cQ1RJYA0","005al00000RVcKvAAL","false","UOPPPP","false","false","true","a2G3k000001JwTcEAK"
"a0sWD00000cQ1RKYA0","005al00000RVcKvAAL","false","LOB Use of Proceeds Summary","false","false","true","a2G3k000001JwTdEAK"
"a0sWD00000cQ1RLYA0","005al00000RVcKvAAL","false","LOBUOP","false","false","true","a2G3k000001JwTeEAK"
"a0sWD00000cQ1RMYA0","005al00000RVcKvAAL","false","LOBUOPFee","false","false","true","a2G3k000001JwTfEAK"
"a0sWD00000cQ1RNYA0","005al00000RVcKvAAL","false","PP-Team","false","false","true","a2G3k000001JwTyEAK"
"a0sWD00000cQ1ROYA0","005al00000RVcKvAAL","false","Credit","false","false","true","a2G3k000001JwTzEAK"
"a0sWD00000cQ1RPYA0","005al00000RVcKvAAL","false","DocPrep","false","false","true","a2G3k000001JwU0EAK"
"a0sWD00000cQ1RQYA0","005al00000RVcKvAAL","false","Closing","false","false","true","a2G3k000001JwU1EAK"
"a0sWD00000cQ1RRYA0","005al00000RVcKvAAL","false","Complete","false","false","true","a2G3k000001JwU2EAK"
"a0sWD00000cQ1RSYA0","005al00000RVcKvAAL","false","Final Review","false","false","true","a2G3k000001JwU4EAK"
"a0sWD00000cQ1RTYA0","005al00000RVcKvAAL","false","Payroll Calc Loan 2","false","false","true","a2G3k000001JwUUEA0"
"a0sWD00000cQ1RUYA0","005al00000RVcKvAAL","false","Eligibility Draw 2","false","false","true","a2G3k000001JwUbEAK"
"a0sWD00000cQ1RVYA0","005al00000RVcKvAAL","false","Top Bar","false","false","true","a2G3k000001eDj5EAE"
"a0sWD00000cQ1RWYA0","005al00000RVcKvAAL","false","Participation","false","false","true","a2G3k000001eDj8EAE"
"a0sWD00000cQ1RXYA0","005al00000RVcKvAAL","false","Syndications Summary","false","false","true","a2G3k000001eDj9EAE"
"a0sWD00000cQ1RYYA0","005al00000RVcKvAAL","false","Collateral2","false","false","true","a2G3k000001eDjBEAU"
"a0sWD00000cQ1RZYA0","005al00000RVcKvAAL","false","Third Party Management","false","false","true","a2G3k000001eDjCEAU"
"a0sWD00000cQ1RaYAK","005al00000RVcKvAAL","false","Change Memo","false","false","true","a2G3k000001eDjIEAU"
"a0sWD00000cQ1RbYAK","005al00000RVcKvAAL","false","Change Memo","false","false","true","a2G3k000001eDjIEAU2"
"a0sWD00000cQ1RcYAK","005al00000RVcKvAAL","false","Team Members","false","false","true","a2G3k000001eDjKEAU"
"a0sWD00000cQ1RdYAK","005al00000RVcKvAAL","false","Fees Approved","false","false","true","a2G3k000001eDjLEAU"
"a0sWD00000cQ1ReYAK","005al00000RVcKvAAL","false","Approved Details","false","false","true","a2G3k000001eDjNEAU"
"a0sWD00000cQ1RfYAK","005al00000RVcKvAAL","false","Pricing Approved","false","false","true","a2G3k000001eDjOEAU"
"a0sWD00000cQ1RgYAK","005al00000RVcKvAAL","false","Balance Details","false","false","true","a2G3k000001eDjQEAU"
"a0sWD00000cQ1RhYAK","005al00000RVcKvAAL","false","Booked Information","false","false","true","a2G3k000001eDjREAU"
"a0sWD00000cQ1RiYAK","005al00000RVcKvAAL","false","Referral","false","false","true","a2G3k000001eDjXEAU"
"a0sWD00000cQ1RjYAK","005al00000RVcKvAAL","false","Entity Compliance Screen","false","false","true","a2G3k000001eDjZEAU"
"a0sWD00000cQ1RkYAK","005al00000RVcKvAAL","false","Entity Compliance Screen","false","false","true","a2G3k000001eDjbEAE"
"a0sWD00000cQ1RlYAK","005al00000RVcKvAAL","false","Supplementary Details","false","false","true","a2G3k000001eDjdEAE"
"a0sWD00000cQ1RmYAK","005al00000RVcKvAAL","false","Editable Fields","false","false","true","a2G3k000001eDjhEAE"
"a0sWD00000cQ1RnYAK","005al00000RVcKvAAL","false","SBA Form 159","false","false","true","a2G3k000001eDjiEAE"
"a0sWD00000cQ1RoYAK","005al00000RVcKvAAL","false","SBA Form 912","false","false","true","a2G3k000001eDjjEAE"
"a0sWD00000cQ1RpYAK","005al00000RVcKvAAL","false","SBA Form 1846","false","false","true","a2G3k000001eDjkEAE"
"a0sWD00000cQ1RqYAK","005al00000RVcKvAAL","false","SBA Form 601","false","false","true","a2G3k000001eDjlEAE"
"a0sWD00000cQ1RrYAK","005al00000RVcKvAAL","false","SBA Form 652","false","false","true","a2G3k000001eDjmEAE"
"a0sWD00000cQ1RsYAK","005al00000RVcKvAAL","false","SBA Form G845","false","false","true","a2G3k000001eDjnEAE"
"a0sWD00000cQ1RtYAK","005al00000RVcKvAAL","false","Primary Account","false","false","true","a2G3k000001eDjoEAE"
"a0sWD00000cQ1RuYAK","005al00000RVcKvAAL","false","SBA Form 1050","false","false","true","a2G3k000001eDjpEAE"
"a0sWD00000cQ1RvYAK","005al00000RVcKvAAL","false","SBA Form 1919","false","false","true","a2G3k000001eDjqEAE"
"a0sWD00000cQ1RwYAK","005al00000RVcKvAAL","false","Change of Ownership","false","false","true","a2G3k000001eDjuEAE"
"a0sWD00000cQ1RxYAK","005al00000RVcKvAAL","false","Use of Proceeds","false","false","true","a2G3k000001eDjxEAE"
"a0sWD00000cQ1RyYAK","005al00000RVcKvAAL","false","Conditions","false","false","true","a2G3k000001eDjzEAE"
"a0sWD00000cQ1RzYAK","005al00000RVcKvAAL","false","Qualification","false","false","true","a2G3k000001eDk0EAE"
"a0sWD00000cQ1S0YAK","005al00000RVcKvAAL","false","Proposal","false","false","true","a2G3k000001eDk1EAE"
"a0sWD00000cQ1S1YAK","005al00000RVcKvAAL","false","Credit Underwriting","false","false","true","a2G3k000001eDk2EAE"
"a0sWD00000cQ1S2YAK","005al00000RVcKvAAL","false","Participations","false","false","true","a2G3k000001eDk3EAE"
"a0sWD00000cQ1S3YAK","005al00000RVcKvAAL","false","Loan Amount Change","false","false","true","a2G3k000001eDk7EAE"
"a0sWD00000cQ1S4YAK","005al00000RVcKvAAL","false","Construction","false","false","true","a2G3k000001ivRMEAY"
"a0sWD00000cQ1S5YAK","005al00000RVcKvAAL","false","Venture Banking","false","false","true","a2G3k000001ivRNEAY"
"a0sWD00000cQ1S6YAK","005al00000RVcKvAAL","false","Final Collateral Review","false","false","true","a2G3k000001ivROEAY"
"a0sWD00000cQ1S7YAK","005al00000RVcKvAAL","false","Seller Debt","false","false","true","a2G3k000001ivRSEAY"
"a0sWD00000cQ1S8YAK","005al00000RVcKvAAL","false","Legal Time","false","false","true","a2G3k000001ivRXEAY"
"a0sWD00000cQ1S9YAK","005al00000RVcKvAAL","false","Compliance Certifications","false","false","true","a2G3k000001iwTBEAY"
"a0sWD00000cQ1SAYA0","005al00000RVcKvAAL","false","Ongoing Fees","false","false","true","a2G3k000001iwTCEAY"
"a0sWD00000cQ1SBYA0","005al00000RVcKvAAL","false","Processing","false","false","true","a2G3k000001iwTDEAY"
"a0sWD00000cQ1SCYA0","005al00000RVcKvAAL","false","Processing Postapp","false","false","true","a2G3k000001iwTEEAY"
"a0sWD00000cQ1SDYA0","005al00000RVcKvAAL","false","Product Package Collateral2","false","false","true","a2G3k000001zFPuEAM"
"a0sWD00000cQ1SEYA0","005al00000RVcKvAAL","false","Supplementary Details","false","false","true","a2G3k000001zFPxEAM"
"a0sWD00000cQ1SFYA0","005al00000RVcKvAAL","false","Approved Details","false","false","true","a2G3k000001zFPyEAM"
"a0sWD00000cQ1SGYA0","005al00000RVcKvAAL","false","Modification Category","false","false","true","a2G3k000001zFQ0EAM"
"a0sWD00000cQ1SHYA0","005al00000RVcKvAAL","false","Enhanced Fees Management","false","false","true","a2G3k000001zFQ1EAM"
"a0sWD00000cQ1SIYA0","005al00000RVcKvAAL","false","SBA Loan Authorization","false","false","true","a2G3k000001zFQ6EAM"
"a0sWD00000cQ1SJYA0","005al00000RVcKvAAL","false","Balance Details","false","false","true","a2G3k000001zFQ7EAM"
"a0sWD00000cQ1SKYA0","005al00000RVcKvAAL","false","Booked Information","false","false","true","a2G3k000001zFQ8EAM"
"a0sWD00000cQ1SLYA0","005al00000RVcKvAAL","false","SBA Form 1920","false","false","true","a2G3k000001zFQ9EAM"
"a0sWD00000cQ1SMYA0","005al00000RVcKvAAL","false","Proposal","false","false","true","a2G3k000001zFQBEA2"
"a0sWD00000cQ1SNYA0","005al00000RVcKvAAL","false","Collateral2","false","false","true","a2G3k000001zFQCEA2"
"a0sWD00000cQ1SOYA0","005al00000RVcKvAAL","false","CRA Screen","false","false","true","a2G3k000001zFQEEA2"
"a0sWD00000cQ1SPYA0","005al00000RVcKvAAL","false","Referral","false","false","true","a2G3k000001zFQFEA2"
"a0sWD00000cQ1SQYA0","005al00000RVcKvAAL","false","Editable Fields","false","false","true","a2G3k000001zFQGEA2"
"a0sWD00000cQ1SRYA0","005al00000RVcKvAAL","false","Loan Compliance Screen","false","false","true","a2G3k000001zFQIEA2"
"a0sWD00000cQ1SSYA0","005al00000RVcKvAAL","false","Pricing Estimates","false","false","true","a2G3k000001zFQLEA2"
"a0sWD00000cQ1STYA0","005al00000RVcKvAAL","false","Pricing Required Fields","false","false","true","a2G3k000001zFQMEA2"
"a0sWD00000cQ1SUYA0","005al00000RVcKvAAL","false","Final Pricing","false","false","true","a2G3k000001zFQNEA2"
"a0sWD00000cQ1SVYA0","005al00000RVcKvAAL","false","Qualification","false","false","true","a2G3k000001zFQOEA2"
"a0sWD00000cQ1SWYA0","005al00000RVcKvAAL","false","Borrowing Structure Information","false","false","true","a2G3k000001zFQPEA2"
"a0sWD00000cQ1SXYA0","005al00000RVcKvAAL","false","Pricing Approved","false","false","true","a2G3k000001zFQQEA2"
"a0sWD00000cQ1SYYA0","005al00000RVcKvAAL","false","Loan Team Member Information","false","false","true","a2G3k000001zFQREA2"
"a0sWD00000cQ1SZYA0","005al00000RVcKvAAL","false","Credit Underwriting","false","false","true","a2G3k000001zFQUEA2"
"a0sWD00000cQ1SaYAK","005al00000RVcKvAAL","false","SBA Express Loan Authorization","false","false","true","a2G3k000001zFQVEA2"
"a0sWD00000cQ1SbYAK","005al00000RVcKvAAL","false","Loan Compliance Screen","false","false","true","a2G3k000001zFQXEA2"
"a0sWD00000cQ1ScYAK","005al00000RVcKvAAL","false","Pricing","false","false","true","a2G3k000001zFQZEA2"
"a0sWD00000cQ1SdYAK","005al00000RVcKvAAL","false","Pre-Flight Memo","false","false","true","a2G750000004D9eEAE"
"a0sWD00000cQ1SeYAK","005al00000RVcKvAAL","false","Pricing Option","false","false","true","a2G750000004DB1EAM"
"a0sWD00000cQ1SfYAK","005al00000RVcKvAAL","false","Team Members","false","false","true","a2G750000004FJBEA2"
"a0sWD00000cQ1SgYAK","005al00000RVcKvAAL","false","Injections","false","false","true","a2G750000004FK9EAM"
"a0sWD00000cQ1ShYAK","005al00000RVcKvAAL","false","TDR","false","false","true","a2G750000004FLREA2"
"a0sWD00000cQ1SiYAK","005al00000RVcKvAAL","false","TDR","false","false","true","a2G750000004FLgEAM"
"a0sWD00000cQ1SjYAK","005al00000RVcKvAAL","false","Assign Team","false","false","true","a2G750000004FMyEAM"
"a0sWD00000cQ1SkYAK","005al00000RVcKvAAL","false","Loan Assign Team Pre","false","false","true","a2G750000004FNmEAM"
"a0sWD00000cQ1SlYAK","005al00000RVcKvAAL","false","SBA 10-Tab Cover Sheet","false","false","true","a2G750000004FxGEAU"
"a0sWD00000cQ1SmYAK","005al00000RVcKvAAL","false","SBA 10-Tab Cover Sheet","false","false","true","a2G750000004FxQEAU"
"a0sWD00000cQ1SnYAK","005al00000RVcKvAAL","false","Loan Application Pre","false","false","true","a2G750000004G1XEAU"
"a0sWD00000cQ1SoYAK","005al00000RVcKvAAL","false","Unavailable Credit","false","false","true","a2G750000004G1cEAE"
"a0sWD00000cQ1SpYAK","005al00000RVcKvAAL","false","Unavailable Credit Post","false","false","true","a2G750000004G1hEAE"
"a0sWD00000cQ1SqYAK","005al00000RVcKvAAL","false","Due Diligence","false","false","true","a2G750000004HkxEAE"
"a0sWD00000cQ1SrYAK","005al00000RVcKvAAL","false","Product Package Approvals","false","false","true","a2G750000004I6jEAE"
"a0sWD00000cQ1SsYAK","005al00000RVcKvAAL","false","Ongoing Fees","false","false","true","a2G750000004I94EAE"
"a0sWD00000cQ1StYAK","005al00000RVcKvAAL","false","Loan Information","false","false","true","a2G750000004I9OEAU"
"a0sWD00000cQ1SuYAK","005al00000RVcKvAAL","false","Pricing Required Fields","false","false","true","a2G750000004IB0EAM"
"a0sWD00000cQ1SvYAK","005al00000RVcKvAAL","false","Pricing Estimates","false","false","true","a2G750000004ICDEA2"
"a0sWD00000cQ1SwYAK","005al00000RVcKvAAL","false","Supplementary Details","false","false","true","a2G750000004ICIEA2"
"a0sWD00000cQ1SxYAK","005al00000RVcKvAAL","false","Seller Debt","false","false","true","a2G750000004ICNEA2"
"a0sWD00000cQ1SyYAK","005al00000RVcKvAAL","false","Industry Specific Information","false","false","true","a2G750000004ICSEA2"
"a0sWD00000cQ1SzYAK","005al00000RVcKvAAL","false","Construction","false","false","true","a2G750000004ICcEAM"
"a0sWD00000cQ1T0YAK","005al00000RVcKvAAL","false","Borrowing Structure","false","false","true","a2G750000004ICwEAM"
"a0sWD00000cQ1T1YAK","005al00000RVcKvAAL","false","Collateral2","false","false","true","a2G750000004IDQEA2"
"a0sWD00000cQ1T2YAK","005al00000RVcKvAAL","false","Final Collateral Review","false","false","true","a2G750000004IE4EAM"
"a0sWD00000cQ1T3YAK","005al00000RVcKvAAL","false","Policy Exceptions","false","false","true","a2G750000004IExEAM"
"a0sWD00000cQ1T4YAK","005al00000RVcKvAAL","false","Pricing Option","false","false","true","a2G750000004IJxEAM"
"a0sWD00000cQ1T5YAK","005al00000RVcKvAAL","false","Pricing","false","false","true","a2G750000004IK2EAM"
"a0sWD00000cQ1T6YAK","005al00000RVcKvAAL","false","Rate Structure","false","false","true","a2G750000004IK7EAM"
"a0sWD00000cQ1T7YAK","005al00000RVcKvAAL","false","Payment Structure","false","false","true","a2G750000004IKCEA2"
"a0sWD00000cQ1T8YAK","005al00000RVcKvAAL","false","Pricing Model","false","false","true","a2G750000004IKMEA2"
"a0sWD00000cQ1T9YAK","005al00000RVcKvAAL","false","CLosing Review","false","false","true","a2G750000004IM3EAM"
"a0sWD00000cQ1TAYA0","005al00000RVcKvAAL","false","Risk Rating Summary","false","false","true","a2G750000004IM8EAM"
"a0sWD00000cQ1TBYA0","005al00000RVcKvAAL","false","DD","false","false","true","a2G750000004IsJEAU"
"a0sWD00000cQ1TCYA0","005al00000RVcKvAAL","false","Post Approval Information","false","false","true","a2G750000004IwLEAU"
"a0sWD00000cQ1TDYA0","005al00000RVcKvAAL","false","Credit Actions New Package Details","false","false","true","a2G750000004JlhEAE"
"a0sWD00000cQ1TEYA0","005al00000RVcKvAAL","false","Doc Prep Summary Post Approval","false","false","true","a2G750000004K1hEAE"
"a0sWD00000cQ1TFYA0","005al00000RVcKvAAL","false","Loan Information","false","false","true","a2G750000004KSPEA2"
"a0sWD00000cQ1TGYA0","005al00000RVcKvAAL","false","Supplementary Details","false","false","true","a2G750000004KTDEA2"
"a0sWD00000cQ1THYA0","005al00000RVcKvAAL","false","SAG","false","false","true","a2G750000004KUBEA2"
"a0sWD00000cQ1TIYA0","005al00000RVcKvAAL","false","Due Diligence","false","false","true","a2G750000004KULEA2"
"a0sWD00000cQ1TJYA0","005al00000RVcKvAAL","false","Closing Review","false","false","true","a2G750000004KUQEA2"
"a0sWD00000cQ1TKYA0","005al00000RVcKvAAL","false","Post Approval Info","false","false","true","a2G750000004KUaEAM"
"a0sWD00000cQ1TLYA0","005al00000RVcKvAAL","false","Doc Prep Summary Post Approval","false","false","true","a2G750000004KV4EAM"
"a0sWD00000cQ1TMYA0","005al00000RVcKvAAL","false","Change Of Ownership","false","false","true","a2G750000004KVdEAM"
"a0sWD00000cQ1TNYA0","005al00000RVcKvAAL","false","Third Party","false","false","true","a2G750000004KVnEAM"
"a0sWD00000cQ1TOYA0","005al00000RVcKvAAL","false","Compliance Certifications","false","false","true","a2G750000004KVsEAM"
"a0sWD00000cQ1TPYA0","005al00000RVcKvAAL","false","Assign Team","false","false","true","a2G750000004KVxEAM"
"a0sWD00000cQ1TQYA0","005al00000RVcKvAAL","false","Conditions","false","false","true","a2G750000004KW2EAM"
"a0sWD00000cQ1TRYA0","005al00000RVcKvAAL","false","Primary Account","false","false","true","a2G750000004KWHEA2"
"a0sWD00000cQ1TSYA0","005al00000RVcKvAAL","false","SBA Form 159","false","false","true","a2G750000004KWMEA2"
"a0sWD00000cQ1TTYA0","005al00000RVcKvAAL","false","SBA Form 912","false","false","true","a2G750000004KWREA2"
"a0sWD00000cQ1TUYA0","005al00000RVcKvAAL","false","SBA Form G845","false","false","true","a2G750000004KWbEAM"
"a0sWD00000cQ1TVYA0","005al00000RVcKvAAL","false","SBA Form 1846","false","false","true","a2G750000004KWgEAM"
"a0sWD00000cQ1TWYA0","005al00000RVcKvAAL","false","SBA Form 652","false","false","true","a2G750000004KWhEAM"
"a0sWD00000cQ1TXYA0","005al00000RVcKvAAL","false","SBA Form 601","false","false","true","a2G750000004KWlEAM"
"a0sWD00000cQ1TYYA0","005al00000RVcKvAAL","false","SBA Form 1050","false","false","true","a2G750000004KWqEAM"
"a0sWD00000cQ1TZYA0","005al00000RVcKvAAL","false","SBA 10-Tab Cover Sheet","false","false","true","a2G750000004KWvEAM"
"a0sWD00000cQ1TaYAK","005al00000RVcKvAAL","false","SBA Form 1919","false","false","true","a2G750000004KX0EAM"
"a0sWD00000cQ1TbYAK","005al00000RVcKvAAL","false","SBA Form 1920","false","false","true","a2G750000004KX5EAM"
"a0sWD00000cQ1TcYAK","005al00000RVcKvAAL","false","Loan Application  Pre","false","false","true","a2G750000004KXAEA2"
"a0sWD00000cQ1TdYAK","005al00000RVcKvAAL","false","Unavailable Credit","false","false","true","a2G750000004KXFEA2"
"a0sWD00000cQ1TeYAK","005al00000RVcKvAAL","false","Reg O","false","false","true","a2G750000004KXKEA2"
"a0sWD00000cQ1TfYAK","005al00000RVcKvAAL","false","HVCRE","false","false","true","a2G750000004KXPEA2"
"a0sWD00000cQ1TgYAK","005al00000RVcKvAAL","false","CRA","false","false","true","a2G750000004KXUEA2"
"a0sWD00000cQ1ThYAK","005al00000RVcKvAAL","false","TDR","false","false","true","a2G750000004KXZEA2"
"a0sWD00000cQ1TiYAK","005al00000RVcKvAAL","false","CRA","false","false","true","a2G750000004KXeEAM"
"a0sWD00000cQ1TjYAK","005al00000RVcKvAAL","false","Letter of Credit","false","false","true","a2G750000004MTCEA2"
"a0sWD00000cQ1TkYAK","005al00000RVcKvAAL","false","Letter of Credit","false","false","true","a2G750000004MTHEA2"
"a0sWD00000cQ1TlYAK","005al00000RVcKvAAL","false","Modification Reason","false","false","true","a2G750000004SF3EAM"
"a0sWD00000cQ1TmYAK","005al00000RVcKvAAL","false","Modification Reason","false","false","true","a2G750000004SGjEAM"
"a0sWD00000cQ1TnYAK","005al00000RVcKvAAL","false","Modification Reason","false","false","true","a2G750000004SH8EAM"
"a0sWD00000cQ1ToYAK","005al00000RVcKvAAL","false","Eligibility","false","false","true","a2G750000004Su6EAE"
"a0sWD00000cQ1TpYAK","005al00000RVcKvAAL","false","Business Type","false","false","true","a2G750000004SuGEAU"
"a0sWD00000cQ1TqYAK","005al00000RVcKvAAL","false","Refinancing Information","false","false","true","a2G750000004SuLEAU"
"a0sWD00000cQ1TrYAK","005al00000RVcKvAAL","false","Business Acquisition","false","false","true","a2G750000004SuVEAU"
"a0sWD00000cQ1TsYAK","005al00000RVcKvAAL","false","EPCOC","false","false","true","a2G750000004SuaEAE"
"a0sWD00000cQ1TtYAK","005al00000RVcKvAAL","false","Special Programs","false","false","true","a2G750000004SufEAE"
"a0sWD00000cQ1TuYAK","005al00000RVcKvAAL","false","Account Info","false","false","true","a2G750000004SukEAE"
"a0sWD00000cQ1TvYAK","005al00000RVcKvAAL","false","Project Info","false","false","true","a2G750000004SupEAE"
"a0sWD00000cQ1TwYAK","005al00000RVcKvAAL","false","EWCP","false","false","true","a2G750000004SuuEAE"
"a0sWD00000cQ1TxYAK","005al00000RVcKvAAL","false","Eligibility","false","false","true","a2G750000004Sw7EAE"
"a0sWD00000cQ1TyYAK","005al00000RVcKvAAL","false","Business Type","false","false","true","a2G750000004SwCEAU"
"a0sWD00000cQ1TzYAK","005al00000RVcKvAAL","false","Refinancing Information","false","false","true","a2G750000004SwHEAU"
"a0sWD00000cQ1U0YAK","005al00000RVcKvAAL","false","Business Acquisition","false","false","true","a2G750000004SxjEAE"
"a0sWD00000cQ1U1YAK","005al00000RVcKvAAL","false","EPCOC","false","false","true","a2G750000004SyDEAU"
"a0sWD00000cQ1U2YAK","005al00000RVcKvAAL","false","Account Info","false","false","true","a2G750000004SyNEAU"
"a0sWD00000cQ1U3YAK","005al00000RVcKvAAL","false","EWCP","false","false","true","a2G750000004SySEAU"
"a0sWD00000cQ1U4YAK","005al00000RVcKvAAL","false","Special Programs","false","false","true","a2G750000004SyTEAU"
"a0sWD00000cQ1U5YAK","005al00000RVcKvAAL","false","Project Info","false","false","true","a2G750000004SyXEAU"
"a0sWD00000cQ1U6YAK","005al00000RVcKvAAL","false","Fiserv Onboarding","false","false","true","a2G750000004TKsEAM"
"a0sWD00000cQ1U7YAK","005al00000RVcKvAAL","false","Fiserv Onboarding(ReadOnly)","false","false","true","a2G750000004TL2EAM"
"a0sWD00000cQ1U8YAK","005al00000RVcKvAAL","false","Loan Ops","false","false","true","a2G750000004TMZEA2"
"a0sWD00000cQ1U9YAK","005al00000RVcKvAAL","false","Acceptance","false","false","true","a2G750000004TRjEAM"
"a0sWD00000cQ1UAYA0","005al00000RVcKvAAL","false","Acceptance","false","false","true","a2G750000004TRtEAM"
"a0sWD00000cQ1UBYA0","005al00000RVcKvAAL","false","Final Review","false","false","true","a2G750000004TYOEA2"
"a0sWD00000cQ1UCYA0","005al00000RVcKvAAL","false","Loan Ops","false","false","true","a2G750000004TpjEAE"
"a0sWD00000cQ1UDYA0","005al00000RVcKvAAL","false","Servicing","false","false","true","a2G750000004YWvEAM"
"a0sWD00000cQ1UEYA0","005al00000RVcKvAAL","false","Servicing","false","false","true","a2G750000004YXFEA2"
"a0sWD00000cQ1UFYA0","005al00000RVcKvAAL","false","Referrals","false","false","true","a2G750000004ZC6EAM"
"a0sWD00000cQ1UGYA0","005al00000RVcKvAAL","false","Supplementary Details","false","false","true","a2G750000004ZCBEA2"
"a0sWD00000cQ1UHYA0","005al00000RVcKvAAL","false","Seller Debt","false","false","true","a2G750000004ZCGEA2"
"a0sWD00000cQ1UIYA0","005al00000RVcKvAAL","false","SAG","false","false","true","a2G750000004ZCLEA2"
"a0sWD00000cQ1UJYA0","005al00000RVcKvAAL","false","Modification Reason","false","false","true","a2G750000004ZCMEA2"
"a0sWD00000cQ1UKYA0","005al00000RVcKvAAL","false","Final Review","false","false","true","a2G750000004ZCQEA2"
"a0sWD00000cQ1ULYA0","005al00000RVcKvAAL","false","Acceptance","false","false","true","a2G750000004ZCVEA2"
"a0sWD00000cQ1UMYA0","005al00000RVcKvAAL","false","Due Diligence","false","false","true","a2G750000004ZCaEAM"
"a0sWD00000cQ1UNYA0","005al00000RVcKvAAL","false","Doc Prep Summary Post Approval","false","false","true","a2G750000004ZCfEAM"
"a0sWD00000cQ1UOYA0","005al00000RVcKvAAL","false","Closing Review","false","false","true","a2G750000004ZCkEAM"
"a0sWD00000cQ1UPYA0","005al00000RVcKvAAL","false","Post Approval Information","false","false","true","a2G750000004ZCqEAM"
"a0sWD00000cQ1UQYA0","005al00000RVcKvAAL","false","Letter Of Credit","false","false","true","a2G750000004ZCuEAM"
"a0sWD00000cQ1URYA0","005al00000RVcKvAAL","false","Pricing","false","false","true","a2G750000004ZCzEAM"
"a0sWD00000cQ1USYA0","005al00000RVcKvAAL","false","Pricing Options","false","false","true","a2G750000004ZD4EAM"
"a0sWD00000cQ1UTYA0","005al00000RVcKvAAL","false","Pricing Estimates","false","false","true","a2G750000004ZD9EAM"
"a0sWD00000cQ1UUYA0","005al00000RVcKvAAL","false","Collateral2","false","false","true","a2G750000004ZDEEA2"
"a0sWD00000cQ1UVYA0","005al00000RVcKvAAL","false","Risk Rating","false","false","true","a2G750000004ZDiEAM"
"a0sWD00000cQ1UWYA0","005al00000RVcKvAAL","false","Risk Rating Summary","false","false","true","a2G750000004ZDnEAM"
"a0sWD00000cQ1UXYA0","005al00000RVcKvAAL","false","Participation","false","false","true","a2G750000004ZDxEAM"
"a0sWD00000cQ1UYYA0","005al00000RVcKvAAL","false","Participations","false","false","true","a2G750000004ZE2EAM"
"a0sWD00000cQ1UZYA0","005al00000RVcKvAAL","false","Loan Ops Editable","false","false","true","a2G750000004bt5EAA"
"a0sWD00000cQ1UaYAK","005al00000RVcKvAAL","false","Loan Information","false","false","true","a2G750000004btKEAQ"
"a0sWD00000cQ1UbYAK","005al00000RVcKvAAL","false","Construction","false","false","true","a2G750000004bxrEAA"
"a0sWD00000cQ1UcYAK","005al00000RVcKvAAL","false","Collateral Summary","false","false","true","a2G750000004h5xEAA"
"a0sWD00000cQ1UdYAK","005al00000RVcKvAAL","false","Collateral Summary","false","false","true","a2G750000004h62EAA"
"a0sWD00000cQ1UeYAK","005al00000RVcKvAAL","false","Secondary Market","false","false","true","a2G750000004jvrEAA"
"a0sWD00000cQ1UfYAK","005al00000RVcKvAAL","false","Secondary Market","false","false","true","a2G750000004jw1EAA"
"a0sWD00000cQ1UgYAK","005al00000RVcKvAAL","false","Use of Proceeds Summary","false","false","true","a2G750000004jw6EAA"
"a0sWD00000cQ1UhYAK","005al00000RVcKvAAL","false","Injections","false","false","true","a2G750000004jwBEAQ"
"a0sWD00000cQ1UiYAK","005al00000RVcKvAAL","false","Use of Proceeds Summary","false","false","true","a2G750000004jwGEAQ"
"a0sWD00000cQ1UjYAK","005al00000RVcKvAAL","false","Injections","false","false","true","a2G750000004jwLEAQ"
"a0sWD00000cQ1UkYAK","005al00000RVcKvAAL","false","Loan Modification/Renewal Details","false","false","true","a2G750000004qV7EAI"
"a0sWD00000cQ1UlYAK","005al00000RVcKvAAL","false","Due Diligence Editable","false","false","true","a2G750000004wvUEAQ"
"a0sWD00000cQ1UmYAK","005al00000RVcKvAAL","false","Loan Information","false","false","true","a2G750000005788EAA"
"a0sWD00000cQ1UnYAK","005al00000RVcKvAAL","false","Referrals","false","false","true","a2G75000000578IEAQ"
"a0sWD00000cQ1UoYAK","005al00000RVcKvAAL","false","Supplementary Details","false","false","true","a2G75000000579BEAQ"
"a0sWD00000cQ1UpYAK","005al00000RVcKvAAL","false","Seller Dept","false","false","true","a2G75000000579GEAQ"
"a0sWD00000cQ1UqYAK","005al00000RVcKvAAL","false","Final Review","false","false","true","a2G7500000058UPEAY"
"a0sWD00000cQ1UrYAK","005al00000RVcKvAAL","false","Pricing Options","false","false","true","a2G7500000058hYEAQ"
"a0sWD00000cQ1UsYAK","005al00000RVcKvAAL","false","Pricing Estimates","false","false","true","a2G7500000058iCEAQ"
"a0sWD00000cQ1UtYAK","005al00000RVcKvAAL","false","SBA Form 1919","false","false","true","a2G7500000058ibEAA"
"a0sWD00000cQ1UuYAK","005al00000RVcKvAAL","false","Risk Rating","false","false","true","a2G7500000058iqEAA"
"a0sWD00000cQ1UvYAK","005al00000RVcKvAAL","false","Compliance Certification","false","false","true","a2G7500000058nMEAQ"
"a0sWD00000cQ1UwYAK","005al00000RVcKvAAL","false","Pricing","false","false","true","a2G7500000058nREAQ"
"a0sWD00000cQ1UxYAK","005al00000RVcKvAAL","false","SBA Form 1920","false","false","true","a2G7500000058nWEAQ"
"a0sWD00000cQ1UyYAK","005al00000RVcKvAAL","false","Eligibility","false","false","true","a2G7500000058nbEAA"
"a0sWD00000cQ1UzYAK","005al00000RVcKvAAL","false","Business Type","false","false","true","a2G7500000058ngEAA"
"a0sWD00000cQ1V0YAK","005al00000RVcKvAAL","false","Refinancing Information","false","false","true","a2G7500000058nlEAA"
"a0sWD00000cQ1V1YAK","005al00000RVcKvAAL","false","Business Acquisition","false","false","true","a2G7500000058nqEAA"
"a0sWD00000cQ1V2YAK","005al00000RVcKvAAL","false","EPCOC","false","false","true","a2G7500000058nvEAA"
"a0sWD00000cQ1V3YAK","005al00000RVcKvAAL","false","Special Programs","false","false","true","a2G7500000058o0EAA"
"a0sWD00000cQ1V4YAK","005al00000RVcKvAAL","false","Account Info","false","false","true","a2G7500000058o5EAA"
"a0sWD00000cQ1V5YAK","005al00000RVcKvAAL","false","Project Information","false","false","true","a2G7500000058oAEAQ"
"a0sWD00000cQ1V6YAK","005al00000RVcKvAAL","false","EWCP","false","false","true","a2G7500000058oFEAQ"
"a0sWD00000cQ1V7YAK","005al00000RVcKvAAL","false","Assign Team","false","false","true","a2G7500000058oKEAQ"
"a0sWD00000cQ1V8YAK","005al00000RVcKvAAL","false","Loan Team Member Information","false","false","true","a2G7500000058oPEAQ"
"a0sWD00000cQ1V9YAK","005al00000RVcKvAAL","false","Change of Ownership","false","false","true","a2G7500000058oUEAQ"
"a0sWD00000cQ1VAYA0","005al00000RVcKvAAL","false","Use of Proceeds","false","false","true","a2G7500000058oZEAQ"
"a0sWD00000cQ1VBYA0","005al00000RVcKvAAL","false","Use of Proceeds Summary","false","false","true","a2G7500000058oeEAA"
"a0sWD00000cQ1VCYA0","005al00000RVcKvAAL","false","Injections","false","false","true","a2G7500000058ojEAA"
"a0sWD00000cQ1VDYA0","005al00000RVcKvAAL","false","Manage Fees","false","false","true","a2G7500000058oyEAA"
"a0sWD00000cQ1VEYA0","005al00000RVcKvAAL","false","Ongoing Fees","false","false","true","a2G7500000058p3EAA"
"a0sWD00000cQ1VFYA0","005al00000RVcKvAAL","false","Third Party Management","false","false","true","a2G7500000058p8EAA"
"a0sWD00000cQ1VGYA0","005al00000RVcKvAAL","false","Conditions","false","false","true","a2G7500000058pDEAQ"
"a0sWD00000cQ1VHYA0","005al00000RVcKvAAL","false","Loan Application","false","false","true","a2G7500000058pIEAQ"
"a0sWD00000cQ1VIYA0","005al00000RVcKvAAL","false","Unavailable Credit post","false","false","true","a2G7500000058pNEAQ"
"a0sWD00000cQ1VJYA0","005al00000RVcKvAAL","false","Acceptance","false","false","true","a2G7500000058pXEAQ"
"a0sWD00000cQ1VKYA0","005al00000RVcKvAAL","false","Primary Account","false","false","true","a2G7500000058phEAA"
"a0sWD00000cQ1VLYA0","005al00000RVcKvAAL","false","SBA Form 159","false","false","true","a2G7500000058pmEAA"
"a0sWD00000cQ1VMYA0","005al00000RVcKvAAL","false","SBA Form 912","false","false","true","a2G7500000058prEAA"
"a0sWD00000cQ1VNYA0","005al00000RVcKvAAL","false","SBA Form G845","false","false","true","a2G7500000058q1EAA"
"a0sWD00000cQ1VOYA0","005al00000RVcKvAAL","false","SBA Form 1846","false","false","true","a2G7500000058q6EAA"
"a0sWD00000cQ1VPYA0","005al00000RVcKvAAL","false","SBA Form 652","false","false","true","a2G7500000058qBEAQ"
"a0sWD00000cQ1VQYA0","005al00000RVcKvAAL","false","SBA Form 601","false","false","true","a2G7500000058qGEAQ"
"a0sWD00000cQ1VRYA0","005al00000RVcKvAAL","false","SBA Form 1050","false","false","true","a2G7500000058qLEAQ"
"a0sWD00000cQ1VSYA0","005al00000RVcKvAAL","false","SBA 10-Tab Cover Sheet","false","false","true","a2G7500000058qQEAQ"
"a0sWD00000cQ1VTYA0","005al00000RVcKvAAL","false","Doc Prep Summary","false","false","true","a2G7500000058qpEAA"
"a0sWD00000cQ1VUYA0","005al00000RVcKvAAL","false","Closing Review","false","false","true","a2G7500000058quEAA"
"a0sWD00000cQ1VVYA0","005al00000RVcKvAAL","false","Letter of Credit","false","false","true","a2G7500000058qzEAA"
"a0sWD00000cQ1VWYA0","005al00000RVcKvAAL","false","Post Approval Info","false","false","true","a2G7500000058r9EAA"
"a0sWD00000cQ1MhYAK","005al00000RVcKvAAL","false","Collateral Summary","false","false","true","a2GHu00000AhIuvMAF"
"a0sWD00000cQ1MiYAK","005al00000RVcKvAAL","false","Collateral Details","false","false","true","a2GHu00000AhIuwMAF"
"a0sWD00000cQ1MjYAK","005al00000RVcKvAAL","false","Fees","false","false","true","a2GHu00000AhIwkMAF"
"a0sWD00000cQ1MkYAK","005al00000RVcKvAAL","false","Construction Details","false","false","true","a2GHu00000AhIwsMAF"
"a0sWD00000cQ1MlYAK","005al00000RVcKvAAL","false","Loan Dashboard","false","false","true","a2GHu00000AhIwtMAF"
"a0sWD00000cQ1MmYAK","005al00000RVcKvAAL","false","Activities","false","false","true","a2GHu00000AhIx3MAF"
"a0sWD00000cQ1MnYAK","005al00000RVcKvAAL","false","Business Contacts","false","false","true","a2GHu00000AhIx4MAF"
"a0sWD00000cQ1MoYAK","005al00000RVcKvAAL","false","Collateral Owned","false","false","true","a2GHu00000AhIx5MAF"
"a0sWD00000cQ1MpYAK","005al00000RVcKvAAL","false","Covenants","false","false","true","a2GHu00000AhIx6MAF"
"a0sWD00000cQ1MqYAK","005al00000RVcKvAAL","false","Deposits","false","false","true","a2GHu00000AhIx7MAF"
"a0sWD00000cQ1MrYAK","005al00000RVcKvAAL","false","Overview","false","false","true","a2GHu00000AhIx8MAF"
"a0sWD00000cQ1MsYAK","005al00000RVcKvAAL","false","Exposure","false","false","true","a2GHu00000AhIx9MAF"
"a0sWD00000cQ1MtYAK","005al00000RVcKvAAL","false","Loans","false","false","true","a2GHu00000AhIxAMAV"
"a0sWD00000cQ1MuYAK","005al00000RVcKvAAL","false","Opportunities","false","false","true","a2GHu00000AhIxBMAV"
"a0sWD00000cQ1MvYAK","005al00000RVcKvAAL","false","Other Information","false","false","true","a2GHu00000AhIxCMAV"
"a0sWD00000cQ1MwYAK","005al00000RVcKvAAL","false","Product Packages","false","false","true","a2GHu00000AhIxDMAV"
"a0sWD00000cQ1MxYAK","005al00000RVcKvAAL","false","Referrals","false","false","true","a2GHu00000AhIxEMAV"
"a0sWD00000cQ1MyYAK","005al00000RVcKvAAL","false","Risk Rating Reviews","false","false","true","a2GHu00000AhIxFMAV"
"a0sWD00000cQ1MzYAK","005al00000RVcKvAAL","false","Service Requests","false","false","true","a2GHu00000AhIxGMAV"
"a0sWD00000cQ1N0YAK","005al00000RVcKvAAL","false","Site Visits","false","false","true","a2GHu00000AhIxHMAV"
"a0sWD00000cQ1N1YAK","005al00000RVcKvAAL","false","Treasury","false","false","true","a2GHu00000AhIxIMAV"
"a0sWD00000cQ1N2YAK","005al00000RVcKvAAL","false","SBA Form 912","false","false","true","a2GHu00000AhIxKMAV"
"a0sWD00000cQ1N3YAK","005al00000RVcKvAAL","false","Loan Application","false","false","true","a2GHu00000AhIxLMAV"
"a0sWD00000cQ1N4YAK","005al00000RVcKvAAL","false","Change of Ownership","false","false","true","a2GHu00000AhIxMMAV"
"a0sWD00000cQ1N5YAK","005al00000RVcKvAAL","false","SBA Form 10","false","false","true","a2GHu00000AhIxNMAV"
"a0sWD00000cQ1N6YAK","005al00000RVcKvAAL","false","SBA Form 159","false","false","true","a2GHu00000AhIxOMAV"
"a0sWD00000cQ1N7YAK","005al00000RVcKvAAL","false","SBA Form 1846","false","false","true","a2GHu00000AhIxPMAV"
"a0sWD00000cQ1N8YAK","005al00000RVcKvAAL","false","SBA Form 1919","false","false","true","a2GHu00000AhIxQMAV"
"a0sWD00000cQ1N9YAK","005al00000RVcKvAAL","false","Business Type","false","false","true","a2GHu00000AhIxRMAV"
"a0sWD00000cQ1NAYA0","005al00000RVcKvAAL","false","Previous SBA Loan","false","false","true","a2GHu00000AhIxSMAV"
"a0sWD00000cQ1NBYA0","005al00000RVcKvAAL","false","Conflict of Interest","false","false","true","a2GHu00000AhIxTMAV"
"a0sWD00000cQ1NCYA0","005al00000RVcKvAAL","false","Primary Account","false","false","true","a2GHu00000AhIxUMAV"
"a0sWD00000cQ1NDYA0","005al00000RVcKvAAL","false","SBA Form 1920","false","false","true","a2GHu00000AhIxVMAV"
"a0sWD00000cQ1NEYA0","005al00000RVcKvAAL","false","SBA Form 1920","false","false","true","a2GHu00000AhIxWMAV"
"a0sWD00000cQ1NFYA0","005al00000RVcKvAAL","false","SBA Form 1920","false","false","true","a2GHu00000AhIxXMAV"
"a0sWD00000cQ1NGYA0","005al00000RVcKvAAL","false","SBA Form 1920","false","false","true","a2GHu00000AhIxYMAV"
"a0sWD00000cQ1NHYA0","005al00000RVcKvAAL","false","SBA Form 1920","false","false","true","a2GHu00000AhIxZMAV"
"a0sWD00000cQ1NIYA0","005al00000RVcKvAAL","false","SBA Form 1920","false","false","true","a2GHu00000AhIxaMAF"
"a0sWD00000cQ1NJYA0","005al00000RVcKvAAL","false","SBA Form 1920","false","false","true","a2GHu00000AhIxbMAF"
"a0sWD00000cQ1NKYA0","005al00000RVcKvAAL","false","Primary Account","false","false","true","a2GHu00000AhIxcMAF"
"a0sWD00000cQ1NLYA0","005al00000RVcKvAAL","false","Account Debt","false","false","true","a2GHu00000AhIxdMAF"
"a0sWD00000cQ1NMYA0","005al00000RVcKvAAL","false","SBA Form 652","false","false","true","a2GHu00000AhIxeMAF"
"a0sWD00000cQ1NNYA0","005al00000RVcKvAAL","false","SBA Form G845","false","false","true","a2GHu00000AhIxfMAF"
"a0sWD00000cQ1NOYA0","005al00000RVcKvAAL","false","Injections","false","false","true","a2GHu00000AhIxgMAF"
"a0sWD00000cQ1NPYA0","005al00000RVcKvAAL","false","Loan Information","false","false","true","a2GHu00000AhIxiMAF"
"a0sWD00000cQ1NQYA0","005al00000RVcKvAAL","false","Pricing","false","false","true","a2GHu00000AhIxjMAF"
"a0sWD00000cQ1NRYA0","005al00000RVcKvAAL","false","Loan Partner","false","false","true","a2GHu00000AhIxkMAF"
"a0sWD00000cQ1NSYA0","005al00000RVcKvAAL","false","Use of Proceeds","false","false","true","a2GHu00000AhIxlMAF"
"a0sWD00000cQ1NTYA0","005al00000RVcKvAAL","false","Certifications","false","false","true","a2GHu00000AhJ0lMAF"
"a0sWD00000cQ1NUYA0","005al00000RVcKvAAL","false","Participations","false","false","true","a2GHu00000AhJ0mMAF"
"a0sWD00000cQ1NVYA0","005al00000RVcKvAAL","false","HMDA Screen 1","false","false","true","a2GHu00000AhJ0nMAF"
"a0sWD00000cQ1NWYA0","005al00000RVcKvAAL","false","Collateral2","false","false","true","a343g000000gcpFAAQ"
"a0sWD00000cQ1NXYA0","005al00000RVcKvAAL","false","Loan covenants","false","false","true","a343g000000gcqEAAQ"
"a0sWD00000cQ1NYYA0","005al00000RVcKvAAL","false","Relationship covenants","false","false","true","a343g000000gcqFAAQ"
"a0sWD00000cQ1NZYA0","005al00000RVcKvAAL","false","Covenant Compliances","false","false","true","a343g000000gcqGAAQ"
"a0sWD00000cQ1NaYAK","005al00000RVcKvAAL","false","Preliminary Information","false","false","true","a343g000000gcqHAAQ"
"a0sWD00000cQ1NbYAK","005al00000RVcKvAAL","false","Online Application Details UI","false","false","true","a343g000000gcqIAAQ"
"a0sWD00000cQ1NcYAK","005al00000RVcKvAAL","false","SBA Application Details","false","false","true","a343g000000gcqJAAQ"
"a0sWD00000cQ1NdYAK","005al00000RVcKvAAL","false","Unavailable Credit Information","false","false","true","a343g000000gcqKAAQ"
"a0sWD00000cQ1NeYAK","005al00000RVcKvAAL","false","Loan Details Application UI","false","false","true","a343g000000gcqLAAQ"
"a0sWD00000cQ1NfYAK","005al00000RVcKvAAL","false","Online App Deposits UI","false","false","true","a343g000000gcqMAAQ"
"a0sWD00000cQ1NgYAK","005al00000RVcKvAAL","false","Contexts Relationship UI","false","false","true","a343g000000gcqNAAQ"
"a0sWD00000cQ1NhYAK","005al00000RVcKvAAL","false","Use of Proceeds UI","false","false","true","a343g000000gcqOAAQ"
"a0sWD00000cQ1NiYAK","005al00000RVcKvAAL","false","SBA Application Change of Ownership UI","false","false","true","a343g000000gcqPAAQ"
"a0sWD00000cQ1NjYAK","005al00000RVcKvAAL","false","Opportunity History","false","false","true","a343g000000gcqwAAA"
"a0sWD00000cQ1PmYAK","005al00000RVcKvAAL","false","SBL Eligibility","false","false","true","a343g000000gcr3AAA"
"a0sWD00000cQ1NkYAK","005al00000RVcKvAAL","false","Consumer Personal","false","false","true","a343g000000gcr4AAA"
"a0sWD00000cQ1NlYAK","005al00000RVcKvAAL","false","Deposit Rate Table","false","false","true","a343g000000gcrFAAQ"
"a0sWD00000cQ1NmYAK","005al00000RVcKvAAL","false","Needs Assessment","false","false","true","a343g000000gcrGAAQ"
"a0sWD00000cQ1NnYAK","005al00000RVcKvAAL","false","Personal Info","false","false","true","a343g000000gcrHAAQ"
"a0sWD00000cQ1NoYAK","005al00000RVcKvAAL","false","Work Information","false","false","true","a343g000000gcrIAAQ"
"a0sWD00000cQ1NpYAK","005al00000RVcKvAAL","false","Loans and Credit","false","false","true","a343g000000gcrJAAQ"
"a0sWD00000cQ1NqYAK","005al00000RVcKvAAL","false","Legal Proccessing","false","false","true","a343g000000gcrKAAQ"
"a0sWD00000cQ1NrYAK","005al00000RVcKvAAL","false","Mortgage Product","false","false","true","a343g000000gcrLAAQ"
"a0sWD00000cQ1NsYAK","005al00000RVcKvAAL","false","Financial Difficulty","false","false","true","a343g000000gcrUAAQ"
"a0sWD00000cQ1NtYAK","005al00000RVcKvAAL","false","Certifications","false","false","true","a343g000000gcwiAAA"
"a0sWD00000cQ1NuYAK","005al00000RVcKvAAL","false","Conditions","false","false","true","a343g000000gcwvAAA"
"a0sWD00000cQ1NvYAK","005al00000RVcKvAAL","false","Loan Details-Card","false","false","true","a343g000000gcwyAAA"
"a0sWD00000cQ1VXYA0","005al00000RVcKvAAL","false","Product Package Details LOE","false","false","true","andrew12345"
"a0sWD00000cQ1NwYAK","005al00000RVcKvAAL","false","Security","false","false","true","apac-res-mtg-collateral-screen"
"a0sWD00000cQ1NxYAK","005al00000RVcKvAAL","false","Borrower Information","false","false","true","borrower-info-screen"
"a0sWD00000cQ1VtYAK","005al00000RVcKvAAL","false","Row Edit","false","false","true","dmwui-42142100344"
"a0sWD00000cQ1VsYAK","005al00000RVcKvAAL","false","Row Edit Pre Approval","false","false","true","dmwui-42307143918"
"a0sWD00000cQ1VuYAK","005al00000RVcKvAAL","false","All Treasury Services","false","false","true","dmwui-42393982789"
"a0sWD00000cQ1YbYAK","005al00000RVcKvAAL","false","Bulk Edit","false","false","true","dmwui-42833518380"
"a0sWD00000cQ1Y2YAK","005al00000RVcKvAAL","false","Bulk Edit Post Approval","false","false","true","dmwui-428335183807"
"a0sWD00000cQ1VyYAK","005al00000RVcKvAAL","false","Pre Approval Loans","false","false","true","dmwui-42861164296"
"a0sWD00000cQ1VxYAK","005al00000RVcKvAAL","false","Post Approval Facilities","false","false","true","dmwui-42861164296A"
"a0sWD00000cQ1VwYAK","005al00000RVcKvAAL","false","Bulk Edit","false","false","true","dmwui-42975216429"
"a0sWD00000cQ1NyYAK","005al00000RVcKvAAL","false","Financial Overview","false","false","true","fin-overview-screen"
"a0sWD00000cQ1NzYAK","005al00000RVcKvAAL","false","Order Entry - Online Banking","false","false","true","kjahfisaduhfi7h2iyh"
"a0sWD00000cQ1VYYA0","005al00000RVcKvAAL","false","Processing","false","false","true","loan-scrn-processing"
"a0sWD00000cQ1VZYA0","005al00000RVcKvAAL","false","Credit","false","false","true","post-processing"
"a0sWD00000cQ1W1YAK","005al00000RVcKvAAL","false","Pricing Required Fields","false","false","true","pricingrequiredfields"
"a0sWD00000cQ1W3YAK","005al00000RVcKvAAL","false","Short Term Extensions","false","false","true","rcaui-42146575989"
"a0sWD00000cQ1W4YAK","005al00000RVcKvAAL","false","Credit Actionable Loans","false","false","true","rcaui-42425336604"
"a0sWD00000cQ1W5YAK","005al00000RVcKvAAL","false","Credit Actions","false","false","true","rcaui-42477727610"
"a0sWD00000cQ1YcYAK","005al00000RVcKvAAL","false","All Loans","false","false","true","rcaui-42706352307"
"a0sWD00000cQ1O0YAK","005al00000RVcKvAAL","false","Borrower Information","false","false","true","res-mtg-app-borrower-info-screen"
"a0sWD00000cQ1O1YAK","005al00000RVcKvAAL","false","Borrower Information - Mortgage - APAC","false","false","true","res-mtg-app-borrower-info-screen-apac"
"a0sWD00000cQ1O2YAK","005al00000RVcKvAAL","false","Property","false","false","true","res-mtg-app-property-screen"
"a0sWD00000cQ1O3YAK","005al00000RVcKvAAL","false","Borrower Information","false","false","true","res-mtg-refi-borrower-info-screen"
"a0sWD00000cQ1O4YAK","005al00000RVcKvAAL","false","Collateral","false","false","true","res-mtg-refi-collateral-screen"
"a0sWD00000cQ1O5YAK","005al00000RVcKvAAL","false","Financial Overview","false","false","true","res-mtg-refi-fin-overview-screen"
"a0sWD00000cQ1VaYAK","005al00000RVcKvAAL","false","Closing","false","false","true","sn-closing-post"
"a0sWD00000cQ1VbYAK","005al00000RVcKvAAL","false","DocPrep","false","false","true","sn-docprep-post"
