"AutorabitExtId__c","Id","IsDeleted","Name","OwnerId","nFORCE__Disable_Print__c","nFORCE__Disable_Read_Only_View__c","nFORCE__Show_Link_To_Context_Object__c","nFORCE__lookupKey__c","nPortal__Add_Multi_Record_Display_Icon__c","nPortal__Maximum_Number_of_Records__c","nPortal__Minimum_Number_of_Records__c","nPortal__OA_Review_Multiple_Record_Entry_Label__c"
"","","","a2Gbn000000hcbYEAQ","","","","","","","Standard Review Credit Memo (Account)","005bn000003k2JdAAI","","true","false","true","42379279229932235","","","",""
"","","","a2Gbn000000hcbZEAQ","","","","","","","Standard Product Package Credit Memo","005bn000003k2JdAAI","","true","false","true","42574703947997210","","","",""
"","","","a2Gbn000000hcbaEAA","","","","","","","Standard Loan Credit Memo","005bn000003k2JdAAI","","true","false","true","42891280917000827","","","",""
"","","","a2Gbn000000hcbbEAA","","","","","","","Standard Loan Credit Memo","005bn000003k2JdAAI","","true","false","true","42121422784906499","","","",""
"","","","a2Gbn000000hcbcEAA","","","","","","","Standard Loan Credit Memo","005bn000003k2JdAAI","","true","false","true","42140568475863973","","","",""
"","","","a2Gbn000000hcbeEAA","","","","","","","Master Product Package Credit Memo","005bn000003k2JdAAI","","true","false","true","42062514183153675","","","",""
"","","","a2Gbn000000hcbfEAA","","","","","","","Standard Loan Credit Memo","005bn000003k2JdAAI","","true","false","true","42286465180298091","","","",""
"","","","a2Gbn000000hcbgEAA","","","","","","","Commercial Credit Memo","005bn000003k2JdAAI","","true","false","true","a03bn000006iwNGAAY","","","",""
"","","","a2Gbn000000hcbhEAA","","","","","","","Standard Loan Credit Memo","005bn000003k2JdAAI","","true","false","true","a03bn000006iwNHAAY","","","",""
"","","","a2Gbn000000hcbiEAA","","","","","","","Standard Product Package Credit Memo","005bn000003k2JdAAI","","true","false","true","a03bn000006iwNIAAY","","","",""
"","","","a2Gbn000000hcbjEAA","","","","","","","Standard Review Credit Memo (Account)","005bn000003k2JdAAI","","true","false","true","a03bn000006iwNJAAY","","","",""
"","","","a2Gbn000000hcbkEAA","","","","","","","Standard Loan Commercial Credit Memo","005bn000003k2JdAAI","","true","false","true","a03bn000006iwNKAAY","","","",""
"","","","a2Gbn000000hcblEAA","","","","","","","Standard Loan Commercial Credit Memo","005bn000003k2JdAAI","","true","false","true","a03bn000006iwNLAAY","","","",""
"","","","a2Gbn000000hcbmEAA","","","","","","","Standard Product Package Commercial Credit Memo","005bn000003k2JdAAI","","true","false","true","42512714037884785","","","",""
"","","","a2Gbn000000hcbnEAA","","","","","","","Standard Loan Commercial Credit Memo","005bn000003k2JdAAI","","true","false","true","a03bn000006iwNMAAY","","","",""
"","","","a2Gbn000000hcboEAA","","","","","","","Standard Review Credit Memo (Product Package)","005bn000003k2JdAAI","","true","false","true","a2Gbn000000hcbo","","","",""
"","","","a2Gbn000000hcbqEAA","","","","","","","Standard Loan Credit Memo","005bn000003k2JdAAI","","true","false","true","42782339984939334","","","",""
"","","","a2Gbn000000hcbrEAA","","","","","","","Standard Loan Credit Memo","005bn000003k2JdAAI","","true","false","true","42143688452125768","","","",""
"","","","a2Gbn000000hcbsEAA","","","","","","","Standard Loan Credit Memo","005bn000003k2JdAAI","","true","false","true","42922771813354167","","","",""
"","","","a2Gbn000000hcbuEAA","","","","","","","Product Package Credit Memo","005bn000003k2JdAAI","","false","false","true","42585795068864816","","","",""
"","","","a2Gbn000000hcbvEAA","","","","","","","Product Package Credit Memo","005bn000003k2JdAAI","","false","false","true","42145159210960408","","","",""
"","","","a2Gbn000000hcbwEAA","","","","","","","Standard Product Package Credit Memo","005bn000003k2JdAAI","","true","false","true","42581514825086265","","","",""
"","","","a2Gbn000000hcbxEAA","","","","","","","Standard Product Package Credit Memo","005bn000003k2JdAAI","","true","false","true","42149563977299052","","","",""
"","","","a2Gbn000000hcbyEAA","","","","","","","Standard Product Package Credit Memo","005bn000003k2JdAAI","","true","false","true","42171814193357772","","","",""
"","","","a2Gbn000000hcbzEAA","","","","","","","Standard Loan Credit Memo","005bn000003k2JdAAI","","true","false","true","42131524291977109","","","",""
"","","","a2Gbn000000hccSEAQ","","","","","","","All Loan Facilities","005bn000003k2JdAAI","","false","false","true","42356559980837588","","","",""
"","","","a2Gbn000000hccTEAQ","","","","","","","Row Edit All Loan Facilities","005bn000003k2JdAAI","","false","false","true","42453423598343751","","","",""
"","","","a2Gbn000000hccXEAQ","","","","","","","Collateral Summary","005bn000003k2JdAAI","","false","false","true","a2Gbn000000hccXEAQ","","","",""
"","","","a2Gbn000000hccYEAQ","","","","","","","Collateral Details","005bn000003k2JdAAI","","false","false","true","a2Gbn000000hccYEAQ","","","",""
"","","","a2Gbn000000hccZEAQ","","","","","","","Certifications","005bn000003k2JdAAI","","false","false","true","a2Gbn000000hcifEAA","","","",""
"","","","a2Gbn000000hccuEAA","","","","","","","Fees Summary","005bn000003k2JdAAI","","false","false","true","42677042833835193","","","",""
"","","","a2Gbn000000hccyEAA","","","","","","","Product Package Collateral2","005bn000003k2JdAAI","","false","false","true","42456617561636458","","","",""
"","","","a2Gbn000000hcdfEAA","","","","","","","All Loans","005bn000003k2JdAAI","","false","false","true","rcaui-42378653376","","","",""
"","","","a2Gbn000000hcdgEAA","","","","","","","Credit Actionable Loans","005bn000003k2JdAAI","","false","false","true","rcaui-42306007930","","","",""
"","","","a2Gbn000000hcdhEAA","","","","","","","Credit Actions","005bn000003k2JdAAI","","false","false","true","rcaui-42580138346","","","",""
"","","","a2Gbn000000hcdlEAA","","","","","","","Bulk Edit All Facilities","005bn000003k2JdAAI","","false","false","true","42797151085322059","","","",""
"","","","a2Gbn000000hce3EAA","","","","","","","Adverse Action","005bn000003k2JdAAI","","false","false","true","a2Gbn000000hce3EAA","","","",""
"","","","a2Gbn000000hce4EAA","","","","","","","Attorney Information","005bn000003k2JdAAI","","false","false","true","a2Gbn000000hce4EAA","","","",""
"","","","a2Gbn000000hce7EAA","","","","","","","Compliance Info","005bn000003k2JdAAI","","false","false","true","a2Gbn000000hce7EAA","","","",""
"","","","a2Gbn000000hce8EAA","","","","","","","Construction Info","005bn000003k2JdAAI","","false","false","true","a2Gbn000000hce8EAA","","","",""
"","","","a2Gbn000000hceCEAQ","","","","","","","Risk Rating Review","005bn000003k2JdAAI","","false","false","true","a2Gbn000000hceCEAQ","","","",""
"","","","a2Gbn000000hceDEAQ","","","","","","","Secondary Market","005bn000003k2JdAAI","","false","false","true","a2Gbn000000hceDEAQ","","","",""
"","","","a2Gbn000000hceEEAQ","","","","","","","Structure Information","005bn000003k2JdAAI","","false","false","true","a2Gbn000000hceEEAQ","","","",""
"","","","a2Gbn000000hceGEAQ","","","","","","","Attorney Information Approved","005bn000003k2JdAAI","","false","false","true","a2Gbn000000hceGEAQ","","","",""
"","","","a2Gbn000000hceHEAQ","","","","","","","Key Dates Approved","005bn000003k2JdAAI","","false","false","true","a2Gbn000000hceHEAQ","","","",""
"","","","a2Gbn000000hceJEAQ","","","","","","","Post Closing Review Approved","005bn000003k2JdAAI","","false","false","true","a2Gbn000000hceJEAQ","","","",""
"","","","a2Gbn000000hceKEAQ","","","","","","","Secondary Market Approved","005bn000003k2JdAAI","","false","false","true","a2Gbn000000hceKEAQ","","","",""
"","","","a2Gbn000000hceLEAQ","","","","","","","Structure Information Approved","005bn000003k2JdAAI","","false","false","true","a2Gbn000000hceLEAQ","","","",""
"","","","a2Gbn000000hceMEAQ","","","","","","","Fees","005bn000003k2JdAAI","","false","false","true","a2Gbn000000hceMEAQ","","","",""
"","","","a2Gbn000000hceNEAQ","","","","","","","Participations","005bn000003k2JdAAI","","false","false","true","a2Gbn000000hcigEAA","","","",""
"","","","a2Gbn000000hceSEAQ","","","","","","","HMDA Screen 2","005bn000003k2JdAAI","","false","false","true","42978951107645512","","","",""
"","","","a2Gbn000000hceUEAQ","","","","","","","Construction Details","005bn000003k2JdAAI","","false","false","true","a2Gbn000000hceUEAQ","","","",""
"","","","a2Gbn000000hceVEAQ","","","","","","","Loan Dashboard","005bn000003k2JdAAI","","false","false","true","a2Gbn000000hceVEAQ","","","",""
"","","","a2Gbn000000hceaEAA","","","","","","","Authorized Users","005bn000003k2JdAAI","","false","false","true","a2Gbn000000hceaEAA","","","",""
"","","","a2Gbn000000hcebEAA","","","","","","","Order Entry-Remote-Deposit","005bn000003k2JdAAI","","false","false","true","a2Gbn000000hcebEAA","","","",""
"","","","a2Gbn000000hcecEAA","","","","","","","Order Entry-Retail-Lockbox","005bn000003k2JdAAI","","false","false","true","a2Gbn000000hcecEAA","","","",""
"","","","a2Gbn000000hcedEAA","","","","","","","Order Entry-Wire-Transfer","005bn000003k2JdAAI","","false","false","true","a2Gbn000000hcedEAA","","","",""
"","","","a2Gbn000000hcefEAA","","","","","","","Activities","005bn000003k2JdAAI","","false","false","true","a2Gbn000000hcefEAA","","","",""
"","","","a2Gbn000000hcegEAA","","","","","","","Business Contacts","005bn000003k2JdAAI","","false","false","true","a2Gbn000000hcegEAA","","","",""
"","","","a2Gbn000000hcehEAA","","","","","","","Collateral Owned","005bn000003k2JdAAI","","false","false","true","a2Gbn000000hcehEAA","","","",""
"","","","a2Gbn000000hceiEAA","","","","","","","Covenants","005bn000003k2JdAAI","","false","false","true","a2Gbn000000hceiEAA","","","",""
"","","","a2Gbn000000hcejEAA","","","","","","","Deposits","005bn000003k2JdAAI","","false","false","true","a2Gbn000000hcejEAA","","","",""
"","","","a2Gbn000000hcekEAA","","","","","","","Overview","005bn000003k2JdAAI","","false","false","true","a2Gbn000000hcekEAA","","","",""
"","","","a2Gbn000000hcelEAA","","","","","","","Exposure","005bn000003k2JdAAI","","false","false","true","a2Gbn000000hcelEAA","","","",""
"","","","a2Gbn000000hcemEAA","","","","","","","Loans","005bn000003k2JdAAI","","false","false","true","a2Gbn000000hcemEAA","","","",""
"","","","a2Gbn000000hcenEAA","","","","","","","Opportunities","005bn000003k2JdAAI","","false","false","true","a2Gbn000000hcenEAA","","","",""
"","","","a2Gbn000000hceoEAA","","","","","","","Other Information","005bn000003k2JdAAI","","false","false","true","a2Gbn000000hceoEAA","","","",""
"","","","a2Gbn000000hcepEAA","","","","","","","Product Packages","005bn000003k2JdAAI","","false","false","true","a2Gbn000000hcepEAA","","","",""
"","","","a2Gbn000000hceqEAA","","","","","","","Referrals","005bn000003k2JdAAI","","false","false","true","a2Gbn000000hceqEAA","","","",""
"","","","a2Gbn000000hcerEAA","","","","","","","Risk Rating Reviews","005bn000003k2JdAAI","","false","false","true","a2Gbn000000hcerEAA","","","",""
"","","","a2Gbn000000hcesEAA","","","","","","","Service Requests","005bn000003k2JdAAI","","false","false","true","a2Gbn000000hcesEAA","","","",""
"","","","a2Gbn000000hcetEAA","","","","","","","Site Visits","005bn000003k2JdAAI","","false","false","true","a2Gbn000000hcetEAA","","","",""
"","","","a2Gbn000000hceuEAA","","","","","","","Treasury","005bn000003k2JdAAI","","false","false","true","a2Gbn000000hceuEAA","","","",""
"","","","a2Gbn000000hcewEAA","","","","","","","SBA Form 912","005bn000003k2JdAAI","","false","false","true","a2Gbn000000hcewEAA","","","",""
"","","","a2Gbn000000hcexEAA","","","","","","","Loan Application","005bn000003k2JdAAI","","false","false","true","a2Gbn000000hcexEAA","","","",""
"","","","a2Gbn000000hceyEAA","","","","","","","Change of Ownership","005bn000003k2JdAAI","","false","false","true","a2Gbn000000hceyEAA","","","",""
"","","","a2Gbn000000hcezEAA","","","","","","","SBA Form 10","005bn000003k2JdAAI","","false","false","true","a2Gbn000000hcezEAA","","","",""
"","","","a2Gbn000000hcf0EAA","","","","","","","SBA Form 159","005bn000003k2JdAAI","","false","false","true","a2Gbn000000hcf0EAA","","","",""
"","","","a2Gbn000000hcf1EAA","","","","","","","SBA Form 1846","005bn000003k2JdAAI","","false","false","true","a2Gbn000000hcf1EAA","","","",""
"","","","a2Gbn000000hcf2EAA","","","","","","","SBA Form 1919","005bn000003k2JdAAI","","false","false","true","a2Gbn000000hcf2EAA","","","",""
"","","","a2Gbn000000hcf3EAA","","","","","","","Business Type","005bn000003k2JdAAI","","false","false","true","a2Gbn000000hcf3EAA","","","",""
"","","","a2Gbn000000hcf4EAA","","","","","","","Previous SBA Loan","005bn000003k2JdAAI","","false","false","true","a2Gbn000000hcf4EAA","","","",""
"","","","a2Gbn000000hcf5EAA","","","","","","","Conflict of Interest","005bn000003k2JdAAI","","false","false","true","a2Gbn000000hcf5EAA","","","",""
"","","","a2Gbn000000hcf6EAA","","","","","","","Primary Account","005bn000003k2JdAAI","","false","false","true","a2Gbn000000hcf6EAA","","","",""
"","","","a2Gbn000000hcf7EAA","","","","","","","SBA Form 1920","005bn000003k2JdAAI","","false","false","true","a2Gbn000000hcf7EAA","","","",""
"","","","a2Gbn000000hcf8EAA","","","","","","","SBA Form 1920","005bn000003k2JdAAI","","false","false","true","a2Gbn000000hcf8EAA","","","",""
"","","","a2Gbn000000hcf9EAA","","","","","","","SBA Form 1920","005bn000003k2JdAAI","","false","false","true","a2Gbn000000hcf9EAA","","","",""
"","","","a2Gbn000000hcfAEAQ","","","","","","","SBA Form 1920","005bn000003k2JdAAI","","false","false","true","a2Gbn000000hcfAEAQ","","","",""
"","","","a2Gbn000000hcfBEAQ","","","","","","","SBA Form 1920","005bn000003k2JdAAI","","false","false","true","a2Gbn000000hcfBEAQ","","","",""
"","","","a2Gbn000000hcfCEAQ","","","","","","","SBA Form 1920","005bn000003k2JdAAI","","false","false","true","a2Gbn000000hcfCEAQ","","","",""
"","","","a2Gbn000000hcfDEAQ","","","","","","","SBA Form 1920","005bn000003k2JdAAI","","false","false","true","a2Gbn000000hcfDEAQ","","","",""
"","","","a2Gbn000000hcfEEAQ","","","","","","","Primary Account","005bn000003k2JdAAI","","false","false","true","a2Gbn000000hcfEEAQ","","","",""
"","","","a2Gbn000000hcfFEAQ","","","","","","","Account Debt","005bn000003k2JdAAI","","false","false","true","a2Gbn000000hcfFEAQ","","","",""
"","","","a2Gbn000000hcfGEAQ","","","","","","","SBA Form 652","005bn000003k2JdAAI","","false","false","true","a2Gbn000000hcfGEAQ","","","",""
"","","","a2Gbn000000hcfHEAQ","","","","","","","SBA Form G845","005bn000003k2JdAAI","","false","false","true","a2Gbn000000hcfHEAQ","","","",""
"","","","a2Gbn000000hcfIEAQ","","","","","","","Injections","005bn000003k2JdAAI","","false","false","true","a2Gbn000000hcfIEAQ","","","",""
"","","","a2Gbn000000hcfJEAQ","","","","","","","Liens","005bn000003k2JdAAI","","false","false","true","a2Gbn000000hcfJEAQ","","","",""
"","","","a2Gbn000000hcfKEAQ","","","","","","","Loan Information","005bn000003k2JdAAI","","false","false","true","a2Gbn000000hcfKEAQ","","","",""
"","","","a2Gbn000000hcfLEAQ","","","","","","","Pricing","005bn000003k2JdAAI","","false","false","true","a2Gbn000000hcfLEAQ","","","",""
"","","","a2Gbn000000hcfMEAQ","","","","","","","Loan Partner","005bn000003k2JdAAI","","false","false","true","a2Gbn000000hcfMEAQ","","","",""
"","","","a2Gbn000000hcfNEAQ","","","","","","","Use of Proceeds","005bn000003k2JdAAI","","false","false","true","a2Gbn000000hcfNEAQ","","","",""
"","","","a2Gbn000000hcfUEAQ","","","","","","","HMDA Screen 1","005bn000003k2JdAAI","","false","false","true","a2Gbn000000hcihEAA","","","",""
"","","","a2Gbn000000hchNEAQ","","","","","","","Standard Loan Credit Memo","005bn000003k2JdAAI","","true","false","true","42705854020893109","","","",""
"","","","a2Gbn000000hchOEAQ","","","","","","","Standard Product Package Credit Memo","005bn000003k2JdAAI","","true","false","true","42674028392105268","","","",""
"","","","a2Gbn000000hchPEAQ","","","","","","","nCino UI Configuration Builder","005bn000003kBWeAAM","","false","false","true","42662065752774924","","","",""
"","","","a2Gbn000000hchQEAQ","","","","","","","Certifications","005bn000003k2JdAAI","","false","false","true","a2Gbn000000hchQEAQ","","","",""
"","","","a2Gbn000000hchREAQ","","","","","","","nCino UI Configuration Builder","005bn000003kBWeAAM","","false","false","true","42809526266709287","","","",""
"","","","a2Gbn000000hchSEAQ","","","","","","","Scenario Card","005bn000003k2JdAAI","","false","false","true","Scenario_Card_Screen","","","",""
"","","","a2Gbn000000hchUEAQ","","","","","","","Default_Collateral_Search","005bn000003k2JdAAI","","false","false","true","42270935084784006","","","",""
"","","","a2Gbn000000hchVEAQ","","","","","","","Collateral Creation Screen","005bn000003k2JdAAI","","false","false","true","42363993400862416","","","",""
"","","","a2Gbn000000hchWEAQ","","","","","","","Default Collateral Edit Screen","005bn000003k2JdAAI","","false","false","true","42982418717578930","","","",""
"","","","a2Gbn000000hchXEAQ","","","","","","","Entity Involvement New Relationship","005bn000003kBWfAAM","","false","false","true","42237304151615067","","","",""
"","","","a2Gbn000000hchYEAQ","","","","","","","Questionnaire Admin Screen Section Lookup Screen","005bn000003kBWfAAM","","false","false","true","42624099234463611","","","",""
"","","","a2Gbn000000hchZEAQ","","","","","","","Document Manager Bulk Update","005bn000003kBXCAA2","","false","false","true","5B674535_403D_4919_B07E_132B31442B5A","","","",""
"","","","a2Gbn000000hchbEAA","","","","","","","Product Package Entity","005bn000003k2JdAAI","","false","false","true","42672576519267017","","","",""
"","","","a2Gbn000000hchcEAA","","","","","","","Entity Involvement New Relationship","005bn000003k2JdAAI","","false","false","true","42498411924731353","","","",""
"","","","a2Gbn000000hchdEAA","","","","","","","Collateral-Default-PP","005bn000003k2JdAAI","","false","false","true","723454364762362365","","","",""
"","","","a2Gbn000000hcheEAA","","","","","","","Entity Involvement New Relationship","005bn000003kBWfAAM","","false","false","true","42306138289641147","","","",""
"","","","a2Gbn000000hchgEAA","","","","","","","Credit Actions New Package Details","005bn000003kBWfAAM","","false","false","true","42002221478896859","","","",""
"","","","a2Gbn000000hchhEAA","","","","","","","Account Docman Screen","005bn000003kBXCAA2","","false","false","true","Account_Document_Manager_Screen","","","",""
"","","","a2Gbn000000hchiEAA","","","","","","","Loan Docman Screen","005bn000003kBXCAA2","","false","false","true","LLC_BI__Loan__c_Document_Manager_Screen","","","",""
"","","","a2Gbn000000hchjEAA","","","","","","","Universal Docman Screen","005bn000003kBXCAA2","","false","false","true","LLC_BI__Document_Placeholder__c_Document_Manager_Screen","","","",""
"","","","a2Gbn000000hchkEAA","","","","","","","Account Docman Add New Placeholder Screen","005bn000003kBXCAA2","","false","false","true","Account_Add_New_Placeholder_Screen","","","",""
"","","","a2Gbn000000hchlEAA","","","","","","","Loan Docman Add New Placeholder Screen","005bn000003kBXCAA2","","false","false","true","LLC_BI__Loan__c_Add_New_Placeholder_Screen","","","",""
"","","","a2Gbn000000hchmEAA","","","","","","","Universal Docman Add New Placeholder Screen","005bn000003kBXCAA2","","false","false","true","LLC_BI__Document_Placeholder__c_Add_New_Placeholder_Screen","","","",""
"","","","a2Gbn000000hchoEAA","","","","","","","Short Term Extensions","005bn000003k2JdAAI","","false","false","true","rcaui-42850348037","","","",""
"","","","a2Gbn000000hchpEAA","","","","","","","nCino UI Configuration Builder","005bn000003kBWeAAM","","false","false","true","42623512920423307","","","",""
"","","","a2Gbn000000hchqEAA","","","","","","","Pricing Options","005bn000003k2JdAAI","","false","false","true","42027537690378711","","","",""
"","","","a2Gbn000000hchrEAA","","","","","","","Borrowing Structure Information","005bn000003k2JdAAI","","false","false","true","42877652000553004","","","",""
"","","","a2Gbn000000hchsEAA","","","","","","","Loan Dashboard Summary Screen","005bn000003k2JdAAI","","false","false","true","42163231605795238","","","",""
"","","","a2Gbn000000hchtEAA","","","","","","","Collateral","005bn000003k2JdAAI","","false","false","true","42271563503363812","","","",""
"","","","a2Gbn000000hchuEAA","","","","","","","HMDA Screen 1","005bn000003k2JdAAI","","false","false","true","42601932652128328","","","",""
"","","","a2Gbn000000hchvEAA","","","","","","","Loan Details","005bn000003k2JdAAI","","false","false","true","42817353373214065","","","",""
"","","","a2Gbn000000hchwEAA","","","","","","","Referral","005bn000003k2JdAAI","","false","false","true","42894029995684482","","","",""
"","","","a2Gbn000000hchxEAA","","","","","","","Balance Details","005bn000003k2JdAAI","","false","false","true","42791611198474204","","","",""
"","","","a2Gbn000000hchyEAA","","","","","","","Booked Details","005bn000003k2JdAAI","","false","false","true","42244432723848796","","","",""
"","","","a2Gbn000000hchzEAA","","","","","","","HMDA Screen 2","005bn000003k2JdAAI","","false","false","true","a2Gbn000000hchzEAA","","","",""
"","","","a2Gbn000000hci0EAA","","","","","","","CRA Screen","005bn000003k2JdAAI","","false","false","true","a2Gbn000000hci0EAA","","","",""
"","","","a2Gbn000000hci1EAA","","","","","","","Balance Details","005bn000003k2JdAAI","","false","false","true","a2Gbn000000hci1EAA","","","",""
"","","","a2Gbn000000hci2EAA","","","","","","","Loan Information","005bn000003k2JdAAI","","false","false","true","a2Gbn000000hci2EAA","","","",""
"","","","a2Gbn000000hci3EAA","","","","","","","Booked Details","005bn000003k2JdAAI","","false","false","true","a2Gbn000000hci3EAA","","","",""
"","","","a2Gbn000000hci4EAA","","","","","","","Borrowing Structure","005bn000003k2JdAAI","","false","false","true","a2Gbn000000hci4EAA","","","",""
"","","","a2Gbn000000hci5EAA","","","","","","","Borrowing Structure Information","005bn000003k2JdAAI","","false","false","true","a2Gbn000000hci5EAA","","","",""
"","","","a2Gbn000000hci6EAA","","","","","","","Collateral","005bn000003k2JdAAI","","false","false","true","a2Gbn000000hci6EAA","","","",""
"","","","a2Gbn000000hci7EAA","","","","","","","Collateral","005bn000003k2JdAAI","","false","false","true","a2Gbn000000hci7EAA","","","",""
"","","","a2Gbn000000hci8EAA","","","","","","","Collateral","005bn000003k2JdAAI","","false","false","true","a2Gbn000000hci8EAA","","","",""
"","","","a2Gbn000000hci9EAA","","","","","","","Contacts","005bn000003k2JdAAI","","false","false","true","a2Gbn000000hci9EAA","","","",""
"","","","a2Gbn000000hciAEAQ","","","","","","","Deposit Products","005bn000003k2JdAAI","","false","false","true","a2Gbn000000hciAEAQ","","","",""
"","","","a2Gbn000000hciBEAQ","","","","","","","HMDA Screen 1","005bn000003k2JdAAI","","false","false","true","a2Gbn000000hciBEAQ","","","",""
"","","","a2Gbn000000hciCEAQ","","","","","","","HMDA Screen 1","005bn000003k2JdAAI","","false","false","true","a2Gbn000000hciCEAQ","","","",""
"","","","a2Gbn000000hciDEAQ","","","","","","","Loan Dashboard Summary Screen","005bn000003k2JdAAI","","false","false","true","a2Gbn000000hciDEAQ","","","",""
"","","","a2Gbn000000hciEEAQ","","","","","","","Loan Products","005bn000003k2JdAAI","","false","false","true","a2Gbn000000hciEEAQ","","","",""
"","","","a2Gbn000000hciFEAQ","","","","","","","Loan Products","005bn000003k2JdAAI","","false","false","true","a2Gbn000000hciFEAQ","","","",""
"","","","a2Gbn000000hciGEAQ","","","","","","","Open Activities","005bn000003k2JdAAI","","false","false","true","a2Gbn000000hciGEAQ","","","",""
"","","","a2Gbn000000hciHEAQ","","","","","","","Other Information","005bn000003k2JdAAI","","false","false","true","a2Gbn000000hciHEAQ","","","",""
"","","","a2Gbn000000hciIEAQ","","","","","","","Overview","005bn000003k2JdAAI","","false","false","true","a2Gbn000000hciIEAQ","","","",""
"","","","a2Gbn000000hciJEAQ","","","","","","","Policy Exceptions","005bn000003k2JdAAI","","false","false","true","a2Gbn000000hciJEAQ","","","",""
"","","","a2Gbn000000hciKEAQ","","","","","","","Product Summary","005bn000003k2JdAAI","","false","false","true","a2Gbn000000hciKEAQ","","","",""
"","","","a2Gbn000000hciLEAQ","","","","","","","Referral","005bn000003k2JdAAI","","false","false","true","a2Gbn000000hciLEAQ","","","",""
"","","","a2Gbn000000hciMEAQ","","","","","","","Relationships","005bn000003k2JdAAI","","false","false","true","a2Gbn000000hciMEAQ","","","",""
"","","","a2Gbn000000hciNEAQ","","","","","","","Contacts","005bn000003k2JdAAI","","false","false","true","a2Gbn000000hciNEAQ","","","",""
"","","","a2Gbn000000hciPEAQ","","","","","","","Participations","005bn000003k2JdAAI","","false","false","true","a2Gbn000000hciPEAQ","","","",""
"","","","a2Gbn000000hciTEAQ","","","","","","","Credit Memo - Short Form","005bn000003k2JdAAI","","false","false","true","42958632144835122","","","",""
"","","","a2Gbn000000hciUEAQ","","","","","","","Credit Memo - Long Form","005bn000003k2JdAAI","","false","false","true","42933790367002733","","","",""
"","","","a2Gbn000000hciWEAQ","","","","","","","Credit Memo - SBA","005bn000003k2JdAAI","","false","false","true","42096050480516479","","","",""
"","","","a2Gbn000000hciXEAQ","","","","","","","Credit Memo - Long Form","005bn000003k2JdAAI","","false","false","true","42172726276338115","","","",""
"","","","a2Gbn000000hciYEAQ","","","","","","","Credit Memo - Short Form","005bn000003k2JdAAI","","false","false","true","42749844514030004","","","",""
"","","","a2Gbn000000hciZEAQ","","","","","","","SBA Form 1919","005bn000003k2JdAAI","","false","false","true","a2Gbn000000hciZEAQ","","","",""
"","","","a2Gbn000000hciaEAA","","","","","","","SBA Form 1920","005bn000003k2JdAAI","","false","false","true","a2Gbn000000hciaEAA","","","",""
"","","","a2Gbn000000hcibEAA","","","","","","","SBA Form 1920","005bn000003k2JdAAI","","false","false","true","a2Gbn000000hcibEAA","","","",""
"","","","a2Gbn000000hcicEAA","","","","","","","SBA Form 1920","005bn000003k2JdAAI","","false","false","true","a2Gbn000000hcicEAA","","","",""
"","","","a2Gbn000000hcidEAA","","","","","","","SBA Form 1920","005bn000003k2JdAAI","","false","false","true","a2Gbn000000hcidEAA","","","",""
"","","","a2Gbn000000hcieEAA","","","","","","","SBA Form 601","005bn000003k2JdAAI","","false","false","true","a2Gbn000000hcieEAA","","","",""
"","","","a2Gbn000000isG1EAI","","","","","","","ReviewSubmitLoan","005bn000003pcUiAAI","","false","false","false","000008C4_2C2C_4944_8EBC_E365C3EC842C","","","",""
"","","","a2Gbn000000isG2EAI","","","","","","","ReviewSubmitDeposit","005bn000003pcUiAAI","","false","false","false","000029C4_2C2C_4944_8EBC_E365C3EC842C","","","",""
"","","","a2Gbn000000itTpEAI","","","","","","","Portal Business Lookup","005bn000003q1G5AAI","","false","false","true","42807538823063320","","","",""
"","","","a2Gbn000000kG3NEAU","","","","","","","Adverse Actions","005bn000003k2JdAAI","","false","false","true","11381640791247587","","","",""
"","","","a2Gbn000000kG3OEAU","","","","","","","Application Details","005bn000003k2JdAAI","","false","false","true","56271640791247588","","","",""
"","","","a2Gbn000000kG3PEAU","","","","","","","Collateral Summary","005bn000003k2JdAAI","","false","false","true","39781640791247588","","","",""
"","","","a2Gbn000000kG3QEAU","","","","","","","Enhanced Fees Management","005bn000003k2JdAAI","","false","false","true","23851640791247588","","","",""
"","","","a2Gbn000000kG3REAU","","","","","","","Third Party Management","005bn000003k2JdAAI","","false","false","true","76681640791247588","","","",""
"","","","a2Gbn000000kG3SEAU","","","","","","","Underwriting Details1","005bn000003k2JdAAI","","false","false","true","06031640791247589","","","",""
"","","","a2Gbn000000kG3TEAU","","","","","","","HMDA","005bn000003k2JdAAI","","false","false","true","58641640791247589","","","",""
"","","","a2Gbn000000kG3UEAU","","","","","","","Credit Authorization/Joint Intent","005bn000003k2JdAAI","","false","false","true","37941640791247589","","","",""
"","","","a2Gbn000000kG3VEAU","","","","","","","Next Steps","005bn000003k2JdAAI","","false","false","true","85491640791247590","","","",""
"","","","a2Gbn000000kG3WEAU","","","","","","","Manual Underwriting","005bn000003k2JdAAI","","false","false","true","75711640791247590","","","",""
"","","","a2Gbn000000kG3XEAU","","","","","","","Approval Details","005bn000003k2JdAAI","","false","false","true","23611640791247590","","","",""
"","","","a2Gbn000000kG3YEAU","","","","","","","Loan Team","005bn000003k2JdAAI","","false","false","true","06901640791247591","","","",""
"","","","a2Gbn000000kG3ZEAU","","","","","","","Adverse Actions/Counter Offers","005bn000003k2JdAAI","","false","false","true","35151640791247591","","","",""
"","","","a2Gbn000000kG3aEAE","","","","","","","Borrowing Structure Information","005bn000003k2JdAAI","","false","false","true","42061673046837442","","","",""
"","","","a2Gbn000000kG4zEAE","","","","","","","SBL OA Real Estate Screen","005bn000003k2JdAAI","","false","false","true","3456789643451","","","",""
"","","","a2Gbn000000kG50EAE","","","","","","","SBL OA Titled","005bn000003k2JdAAI","","false","false","true","427563125353764331","","","",""
"","","","a2Gbn000000kG51EAE","","","","","","","SBL OA Possessory Screen","005bn000003k2JdAAI","","false","false","true","423819221918922441","","","",""
"","","","a2Gbn000000kG52EAE","","","","","","","SBL OA UCC Screen","005bn000003k2JdAAI","","false","false","true","429034805094343451","","","",""
"","","","a2Gbn000000mWf7EAE","","","","","","","OA - Overdraft Opt-In Acknowledgement","005bn000003k2JdAAI","","false","false","true","42774638895939535","","","",""
"","","","a2Gbn000000mWf8EAE","","","","","","","DAO In-Branch - Ancillary Services Information","005bn000003k2JdAAI","","false","false","true","42003474925522009","","","",""
"","","","a2Gbn000000mWvFEAU","","","","","","","Funding Methods","005bn000003k2JdAAI","","false","false","true","42458384193774495","","","",""
"","","","a2Gbn000000mXOKEA2","","","","","","","DAO In-Branch Workflow- Product Information","005bn000003k2JdAAI","","false","false","true","42716762031533477","","","",""
"","","","a2Gbn000000mXOLEA2","","","","","","","Dummy Screen- IBDAO","005bn000003k2JdAAI","","false","false","true","42755485456390388","","","",""
"","","","a2Gbn000000mXOMEA2","","","","","","","Application Details - Credit Card","005bn000003k2JdAAI","","false","false","true","42861206705947257","","","",""
"","","","a2Gbn000000mXONEA2","","","","","","","Other Purpose - Dummy Screen","005bn000003k2JdAAI","","false","false","true","42490357638977375","","","",""
"","","","a2Gbn000000mZACEA2","","","","","","","Details - EO - Summary Screen","005bn000003k2JdAAI","","false","false","true","42099472146166096","","","",""
"","","","a2Gbn000000mZAEEA2","","","","","","","DEP Personal Info (Individual Additional Owner)","005bn000003k2JdAAI","","false","false","true","42877898799061822","","","",""
"","","","a2Gbn000000mZAHEA2","","","","","","","ReviewSubmitDeposit","005bn000003k2JdAAI","","false","false","false","32784779_5423_4348_B702_0A3978035931","","","",""
"","","","a2Gbn000000mZAoEAM","","","","","","","Deposit - Eligibility Questions","005bn000003k2JdAAI","","false","false","true","42673874648302239","","","",""
"","","","a2Gbn000000mZApEAM","","","","","","","Add Beneficial Owner OA","005bn000003k2JdAAI","","false","false","true","42324327563395765","","","1.0",""
"","","","a2Gbn000000mZAqEAM","","","","","","","DEP Personal Info (business - sole prop)","005bn000003k2JdAAI","","false","false","true","21741640206777791","","","",""
"","","","a2Gbn000000mZArEAM","","","","","","","Consumer Loan - Personal Info (Primary Applicant)","005bn000003k2JdAAI","","false","false","true","22801641348179681","","","",""
"","","","a2Gbn000000mZAsEAM","","","","","","","Consumer Loan - Personal Info (Co-Applicant)","005bn000003k2JdAAI","","false","false","true","62691641354325280","","","",""
"","","","a2Gbn000000mZAtEAM","","","","","","","Personal Info (Primary Applicant) - No Marital Status","005bn000003k2JdAAI","","false","false","true","88871641831940600","","","",""
"","","","a2Gbn000000mZAuEAM","","","","","","","Credit Check","005bn000003k2JdAAI","","false","false","true","42900618021973361","","","",""
"","","","a2Gbn000000mZAvEAM","","","","","","","Credit Authorization/Joint Intent/Marital Status","005bn000003k2JdAAI","","false","false","true","42689578439063393","","","",""
"","","","a2Gbn000000mZAwEAM","","","","","","","Income/Debt/Asset","005bn000003k2JdAAI","","false","false","true","42201075476732480","","","",""
"","","","a2Gbn000000mZAyEAM","","","","","","","TRID Enhanced Fees Management TRID","005bn000003k2JdAAI","","false","false","true","42188449212898920","","","",""
"","","","a2Gbn000000mZWXEA2","","","","","","","Add Others Involved MRF","005bn000003k2JdAAI","","false","false","true","42443957461984030","","","",""
"","","","a2Gbn000000mZWYEA2","","","","","","","Add Others Involved MRF","005bn000003k2JdAAI","","false","false","true","42701512328128599","","","",""
"","","","a2Gbn000000mZWZEA2","","","","","","","Add Others Involved MRF","005bn000003k2JdAAI","","false","false","true","42285132769664950","","","",""
"","a0sWD00000cPyQYYA0","false","Entity Compliance Screen","005al00000RVcKvAAL","false","false","true","0072177E254843688F532C1E20705574","","","",""
"","a0sWD00000cPyYiYAK","false","CRA Screen","005al00000RVcKvAAL","false","false","true","01051619447514585","","","",""
"","a0sWD00000cPyY8YAK","false","Borrowing Structure Information","005al00000RVcKvAAL","false","false","true","02551560278745076","","","",""
"","a0sWD00000cPyQZYA0","false","Referral","005al00000RVcKvAAL","false","false","true","033A51341F29453B88353A5D3C775058","","","",""
"","a0sWD00000cPieLYAS","false","Underwriting Details","005al00000RVcKvAAL","false","false","true","03471560278867077","","","",""
"","a0sWD00000cPieMYAS","false","Site Visit","005al00000RVcKvAAL","false","false","true","0398747383","","","",""
"","a0sWD00000cPieNYAS","false","Change Memo","005al00000RVcKvAAL","false","false","true","04391620937671559","","","",""
"","a0sWD00000cPyXIYA0","false","Product Summary","005al00000RVcKvAAL","false","false","true","05641567002571747","","","",""
"","a0sWD00000cPyOXYA0","false","Borrowing Structure Information","005al00000RVcKvAAL","false","false","true","06531585311469510","","","",""
"","a0sWD00000cPyWHYA0","false","Editable Fields","005al00000RVcKvAAL","false","false","true","07281585604340854","","","",""
"","a0sWD00000cPyOYYA0","false","Underwriting Details1","005al00000RVcKvAAL","false","false","true","07911600720267875","","","",""
"","a0sWD00000cPyOZYA0","false","CRA Screen","005al00000RVcKvAAL","false","false","true","08841585311469499","","","",""
"","a0sWD00000cPyY3YAK","false","Risk Ratings","005al00000RVcKvAAL","false","false","true","08891585604340856","","","",""
"","a0sWD00000cPyWgYAK","false","Product Summary","005al00000RVcKvAAL","false","false","true","09911567002550278","","","",""
"","a0sWD00000cPyQaYAK","false","Change Memo","005al00000RVcKvAAL","false","false","true","0F42650F61684307B53C2F05566A6A16","","","",""
"","a0sWD00000cPieOYAS","false","Narrative Booked","005al00000RVcKvAAL","false","false","true","10941585604340854","","","",""
"","a0sWD00000cPyOaYAK","false","Adverse Actions/Counter Offers","005al00000RVcKvAAL","false","false","true","11031663700624864","","","",""
"","a0sWD00000cPyXVYA0","false","Pricing Required Fields","005al00000RVcKvAAL","false","false","true","11671619447514581","","","",""
"","a0sWD00000cPyXXYA0","false","Draw History Screen","005al00000RVcKvAAL","false","false","true","12061619447514587","","","",""
"","a0sWD00000cPyXDYA0","false","HMDA Screen 1","005al00000RVcKvAAL","false","false","true","12431619447514585","","","",""
"","a0sWD00000cPyObYAK","false","Secured RL Eligibility","005al00000RVcKvAAL","false","false","true","12661602078251380","","","",""
"","a0sWD00000cPiePYAS","false","Adverse Action","005al00000RVcKvAAL","false","false","true","131251514532143","","","",""
"","a0sWD00000cPyOcYAK","false","Secured RL Personal (Individual Other Involved)","005al00000RVcKvAAL","false","false","true","14111602603021209","","","",""
"","a0sWD00000cPyQbYAK","false","Approved Details","005al00000RVcKvAAL","false","false","true","144F7F73187E4234857D083E246F1E1B","","","",""
"","a0sWD00000cPyWyYAK","false","Budget Details","005al00000RVcKvAAL","false","false","true","14841620937671564","","","",""
"","a0sWD00000cPieQYAS","false","Memos Booked","005al00000RVcKvAAL","false","false","true","15561585604340854","","","",""
"","a0sWD00000cPieRYAS","false","Memos","005al00000RVcKvAAL","false","false","true","16221585604340856","","","",""
"","a0sWD00000cPyOdYAK","false","SBL Personal","005al00000RVcKvAAL","false","false","true","17701666029074779","","","",""
"","a0sWD00000cPyYYYA0","false","Loan Details","005al00000RVcKvAAL","false","false","true","17781620937671564","","","",""
"","a0sWD00000cPyXxYAK","false","Balance Details","005al00000RVcKvAAL","false","false","true","18751585604340855","","","",""
"","a0sWD00000cPyY2YAK","false","Deposit Products","005al00000RVcKvAAL","false","false","true","18931562008881233","","","",""
"","a0sWD00000cPyX2YAK","false","Adverse Actions","005al00000RVcKvAAL","false","false","true","19891585604340855","","","",""
"","a0sWD00000cPyYBYA0","false","Loan Dashboard Summary Screen","005al00000RVcKvAAL","false","false","true","19961585604340855","","","",""
"","a0sWD00000cPyXYYA0","false","Total Exposure Screen","005al00000RVcKvAAL","false","false","true","20091562008947218","","","",""
"","a0sWD00000cPyOeYAK","false","Supplementary Details","005al00000RVcKvAAL","false","false","true","20091585311469503","","","",""
"","a0sWD00000cPyOfYAK","false","Add Beneficial Owner OA","005al00000RVcKvAAL","false","false","true","20221666029074782","","","",""
"","a0sWD00000cPyXTYA0","false","Third Party Reports","005al00000RVcKvAAL","false","false","true","21441620937671561","","","",""
"","a0sWD00000cPyQcYAK","false","Entity Compliance Screen","005al00000RVcKvAAL","false","false","true","2210644B070E4D569700756C6F054B54","","","",""
"","a0sWD00000cPieSYAS","false","Key Dates","005al00000RVcKvAAL","false","false","true","23001585604340855","","","",""
"","a0sWD00000cPyQdYAK","false","Ongoing Fees","005al00000RVcKvAAL","false","false","true","23223443457734552","","","",""
"","a0sWD00000cPyOgYAK","false","Loan Team Member Information","005al00000RVcKvAAL","false","false","true","234892783649823492","","","",""
"","a0sWD00000cPyOhYAK","false","Underwriting Details1","005al00000RVcKvAAL","false","false","true","23681602764631366","","","",""
"","a0sWD00000cPyYnYAK","false","Rate & Payment Structure","005al00000RVcKvAAL","false","false","true","24751619447514588","","","",""
"","a0sWD00000cPieTYAS","false","Risk Rating","005al00000RVcKvAAL","false","false","true","25211620937671559","","","",""
"","a0sWD00000cPyOiYAK","false","Qualification","005al00000RVcKvAAL","false","false","true","25271585311469511","","","",""
"","a0sWD00000cPyZMYA0","false","Balance Details Booked","005al00000RVcKvAAL","false","false","true","25741585604340854","","","",""
"","a0sWD00000cPyXMYA0","false","Enhanced Fees Management","005al00000RVcKvAAL","false","false","true","25961619447514580","","","",""
"","a0sWD00000cPyOjYAK","false","Other Expenses","005al00000RVcKvAAL","false","false","true","26701666029074783","","","",""
"","a0sWD00000cPyOkYAK","false","Approved Details","005al00000RVcKvAAL","false","false","true","26911585311469497","","","",""
"","a0sWD00000cPyXNYA0","false","Guarantor Details","005al00000RVcKvAAL","false","false","true","27381619447514539","","","",""
"","a0sWD00000cPyZ1YAK","false","Borrowing Structure Information","005al00000RVcKvAAL","false","false","true","27381619447514580","","","",""
"","a0sWD00000cPyXJYA0","false","Collateral2","005al00000RVcKvAAL","false","false","true","27781619447514580","","","",""
"","a0sWD00000cPyYmYAK","false","Loan Details","005al00000RVcKvAAL","false","false","true","28631620937671566","","","",""
"","a0sWD00000cPyYXYA0","false","Enhanced Fees Management","005al00000RVcKvAAL","false","false","true","28731620937671557","","","",""
"","a0sWD00000cPyXtYAK","false","Loan Team Member Information","005al00000RVcKvAAL","false","false","true","28761585604340855","","","",""
"","a0sWD00000cPyOlYAK","false","Enhanced Fees Management","005al00000RVcKvAAL","false","false","true","29231663700624862","","","",""
"","a0sWD00000cPieUYAS","false","Approved Details","005al00000RVcKvAAL","false","false","true","29281620937671561","","","",""
"","a0sWD00000cPyYkYAK","false","Manage Budget Screen","005al00000RVcKvAAL","false","false","true","29611620937671565","","","",""
"","a0sWD00000cPyQeYAK","false","Third Party Management","005al00000RVcKvAAL","false","false","true","2B2B014A53134A11A2713C6F251A0767","","","",""
"","a0sWD00000cPyXGYA0","false","Editable Fields","005al00000RVcKvAAL","false","false","true","30481620937671566","","","",""
"","a0sWD00000cPyOmYAK","false","Underwriting Details1","005al00000RVcKvAAL","false","false","true","31001663700624862","","","",""
"","a0sWD00000cPyYpYAK","false","Balance Details","005al00000RVcKvAAL","false","false","true","31161620937671562","","","",""
"","a0sWD00000cPyYlYAK","false","Collateral2","005al00000RVcKvAAL","false","false","true","31331620937671558","","","",""
"","a0sWD00000cPieVYAS","false","Pricing Approved","005al00000RVcKvAAL","false","false","true","31801620937671562","","","",""
"","a0sWD00000cPieWYAS","false","Collateral2","005al00000RVcKvAAL","false","false","true","32281560278867079","","","",""
"","a0sWD00000cPyOnYAK","false","Third Party Management","005al00000RVcKvAAL","false","false","true","32571600720267875","","","",""
"","a0sWD00000cPyQfYAK","false","Conditions","005al00000RVcKvAAL","false","false","true","33335F031F73425B8B70461F365F7510","","","",""
"","a0sWD00000cPyOoYAK","false","Enhanced Fees Management","005al00000RVcKvAAL","false","false","true","33561585311469493","","","",""
"","a0sWD00000cPieXYAS","false","CRA Screen","005al00000RVcKvAAL","false","false","true","33681620937671563","","","",""
"","a0sWD00000cPyXQYA0","false","Certifications","005al00000RVcKvAAL","false","false","true","33961619447514579","","","",""
"","a0sWD00000cPyZGYA0","false","3508 Review - Approved in Full","005al00000RVcKvAAL","false","false","true","341535406464","","","",""
"","a0sWD00000cPyX3YAK","false","Approved Details","005al00000RVcKvAAL","false","false","true","34361585604340855","","","",""
"","a0sWD00000cPieYYAS","false","SBA Boarding Sheet","005al00000RVcKvAAL","false","false","true","345356742222","","","",""
"","a0sWD00000cPieZYAS","false","Snapshot Loan","005al00000RVcKvAAL","false","false","true","345356746789","","","",""
"","a0sWD00000cPyOpYAK","false","Pricing Required Fields","005al00000RVcKvAAL","false","false","true","36601585311469494","","","",""
"","a0sWD00000cPyXUYA0","false","Fees Approved","005al00000RVcKvAAL","false","false","true","36611619447514582","","","",""
"","a0sWD00000cPyQEYA0","false","Deposit Details","005al00000RVcKvAAL","false","true","true","36861701790670787","","","",""
"","a0sWD00000cPyOqYAK","false","Approval Details","005al00000RVcKvAAL","false","false","true","37541602764631367","","","",""
"","a0sWD00000cPyYuYAK","false","Pricing Approved","005al00000RVcKvAAL","false","false","true","38031619447514583","","","",""
"","a0sWD00000cPyZKYA0","false","Supplementary Details","005al00000RVcKvAAL","false","false","true","38211585604340854","","","",""
"","a0sWD00000cPyOrYAK","false","Loan Team","005al00000RVcKvAAL","false","false","true","39231663700624864","","","",""
"","a0sWD00000cPyOsYAK","false","Credit Underwriting","005al00000RVcKvAAL","false","false","true","40241585311469512","","","",""
"","a0sWD00000cPieaYAC","false","Collateral Value","005al00000RVcKvAAL","false","false","true","40481585604340855","","","",""
"","a0sWD00000cPyYbYAK","false","Loan Team Member Information","005al00000RVcKvAAL","false","false","true","40541619447514584","","","",""
"","a0sWD00000cPiebYAC","false","Entity Compliance Screen","005al00000RVcKvAAL","false","false","true","40861620937671564","","","",""
"","a0sWD00000cPyOtYAK","false","Rental Expense- Other involved","005al00000RVcKvAAL","false","false","true","41021666029074781","","","",""
"","a0sWD00000cPyQgYAK","false","CRA Screen","005al00000RVcKvAAL","false","false","true","412D2B681C6243529E4340516F3F7825","","","",""
"","a0sWD00000cPyXHYA0","false","Booked Information","005al00000RVcKvAAL","false","false","true","41591620937671563","","","",""
"","a0sWD00000d2upLYAQ","false","Product Package Credit Memo","005al00000RVcKvAAL","false","false","true","42008465323753156","","","",""
"","a0sWD00000cPyQhYAK","false","Insurance","005al00000RVcKvAAL","false","false","true","42008723198858603","","","",""
"","a0sWD00000cPiecYAC","false","Available Screen Sections","005al00000RVcKvAAL","false","false","true","42009136159900160","","","",""
"","a0sWD00000cPyOuYAK","false","Application Details - Locked","005al00000RVcKvAAL","false","false","true","42011209839901498","","","",""
"","a0sWD00000cPwXiYAK","false","Collateral-Possessory-Note/Instrument","005al00000RVcKvAAL","false","false","true","42012862423685131","","","",""
"","a0sWD00000cPyOvYAK","false","Booked Details","005al00000RVcKvAAL","false","false","true","42020825732519942","","","",""
"","a0sWD00000cPiedYAC","false","Available One to Many Screen Sections","005al00000RVcKvAAL","false","false","true","420215528831872771","","","",""
"","a0sWD00000cPieeYAC","false","Available One to Many Screen Sections","005al00000RVcKvAAL","false","false","true","42021552883187277101","","","",""
"","a0sWD00000cPiefYAC","false","Available One to Many Screen Sections","005al00000RVcKvAAL","false","false","true","42021552883187277103","","","",""
"","a0sWD00000cPiegYAC","false","Available One to Many Screen Sections","005al00000RVcKvAAL","false","false","true","42021552883187277105","","","",""
"","a0sWD00000cPiehYAC","false","Available One to Many Screen Sections","005al00000RVcKvAAL","false","false","true","42021552883187277107","","","",""
"","a0sWD00000cPieiYAC","false","Available One to Many Screen Sections","005al00000RVcKvAAL","false","false","true","42021552883187277109","","","",""
"","a0sWD00000cPiejYAC","false","Available One to Many Screen Sections","005al00000RVcKvAAL","false","false","true","4202155288318727711","","","",""
"","a0sWD00000cPiekYAC","false","Available One to Many Screen Sections","005al00000RVcKvAAL","false","false","true","42021552883187277111","","","",""
"","a0sWD00000cPielYAC","false","Available One to Many Screen Sections","005al00000RVcKvAAL","false","false","true","42021552883187277113","","","",""
"","a0sWD00000cPiemYAC","false","Available One to Many Screen Sections","005al00000RVcKvAAL","false","false","true","42021552883187277115","","","",""
"","a0sWD00000cPienYAC","false","Available One to Many Screen Sections","005al00000RVcKvAAL","false","false","true","42021552883187277117","","","",""
"","a0sWD00000cPieoYAC","false","Available One to Many Screen Sections","005al00000RVcKvAAL","false","false","true","42021552883187277119","","","",""
"","a0sWD00000cPiepYAC","false","Available One to Many Screen Sections","005al00000RVcKvAAL","false","false","true","42021552883187277121","","","",""
"","a0sWD00000cPieqYAC","false","Available One to Many Screen Sections","005al00000RVcKvAAL","false","false","true","42021552883187277123","","","",""
"","a0sWD00000cPierYAC","false","Available One to Many Screen Sections","005al00000RVcKvAAL","false","false","true","42021552883187277125","","","",""
"","a0sWD00000cPiesYAC","false","Available One to Many Screen Sections","005al00000RVcKvAAL","false","false","true","42021552883187277127","","","",""
"","a0sWD00000cPietYAC","false","Available One to Many Screen Sections","005al00000RVcKvAAL","false","false","true","42021552883187277129","","","",""
"","a0sWD00000cPieuYAC","false","Available One to Many Screen Sections","005al00000RVcKvAAL","false","false","true","4202155288318727713","","","",""
"","a0sWD00000cPievYAC","false","Available One to Many Screen Sections","005al00000RVcKvAAL","false","false","true","42021552883187277131","","","",""
"","a0sWD00000cPiewYAC","false","Available One to Many Screen Sections","005al00000RVcKvAAL","false","false","true","42021552883187277133","","","",""
"","a0sWD00000cPiexYAC","false","Available One to Many Screen Sections","005al00000RVcKvAAL","false","false","true","42021552883187277135","","","",""
"","a0sWD00000cPieyYAC","false","Available One to Many Screen Sections","005al00000RVcKvAAL","false","false","true","42021552883187277137","","","",""
"","a0sWD00000cPiezYAC","false","Available One to Many Screen Sections","005al00000RVcKvAAL","false","false","true","42021552883187277139","","","",""
"","a0sWD00000cPif0YAC","false","Available One to Many Screen Sections","005al00000RVcKvAAL","false","false","true","42021552883187277141","","","",""
"","a0sWD00000cPif1YAC","false","Available One to Many Screen Sections","005al00000RVcKvAAL","false","false","true","42021552883187277143","","","",""
"","a0sWD00000cPif2YAC","false","Available One to Many Screen Sections","005al00000RVcKvAAL","false","false","true","42021552883187277145","","","",""
"","a0sWD00000cPif3YAC","false","Available One to Many Screen Sections","005al00000RVcKvAAL","false","false","true","42021552883187277147","","","",""
"","a0sWD00000cPif4YAC","false","Available One to Many Screen Sections","005al00000RVcKvAAL","false","false","true","42021552883187277149","","","",""
"","a0sWD00000cPif5YAC","false","Available One to Many Screen Sections","005al00000RVcKvAAL","false","false","true","4202155288318727715","","","",""
"","a0sWD00000cPif6YAC","false","Available One to Many Screen Sections","005al00000RVcKvAAL","false","false","true","42021552883187277151","","","",""
"","a0sWD00000cPif7YAC","false","Available One to Many Screen Sections","005al00000RVcKvAAL","false","false","true","42021552883187277153","","","",""
"","a0sWD00000cPif8YAC","false","Available One to Many Screen Sections","005al00000RVcKvAAL","false","false","true","42021552883187277155","","","",""
"","a0sWD00000cPif9YAC","false","Available One to Many Screen Sections","005al00000RVcKvAAL","false","false","true","42021552883187277157","","","",""
"","a0sWD00000cPifAYAS","false","Available One to Many Screen Sections","005al00000RVcKvAAL","false","false","true","42021552883187277159","","","",""
"","a0sWD00000cPifBYAS","false","Available One to Many Screen Sections","005al00000RVcKvAAL","false","false","true","42021552883187277161","","","",""
"","a0sWD00000cPifCYAS","false","Available One to Many Screen Sections","005al00000RVcKvAAL","false","false","true","42021552883187277163","","","",""
"","a0sWD00000cPifDYAS","false","Available One to Many Screen Sections","005al00000RVcKvAAL","false","false","true","42021552883187277165","","","",""
"","a0sWD00000cPifEYAS","false","Available One to Many Screen Sections","005al00000RVcKvAAL","false","false","true","42021552883187277167","","","",""
"","a0sWD00000cPifFYAS","false","Available One to Many Screen Sections","005al00000RVcKvAAL","false","false","true","42021552883187277169","","","",""
"","a0sWD00000cPifGYAS","false","Available One to Many Screen Sections","005al00000RVcKvAAL","false","false","true","4202155288318727717","","","",""
"","a0sWD00000cPifHYAS","false","Available One to Many Screen Sections","005al00000RVcKvAAL","false","false","true","42021552883187277171","","","",""
"","a0sWD00000cPifIYAS","false","Available One to Many Screen Sections","005al00000RVcKvAAL","false","false","true","42021552883187277173","","","",""
"","a0sWD00000cPifJYAS","false","Available One to Many Screen Sections","005al00000RVcKvAAL","false","false","true","42021552883187277175","","","",""
"","a0sWD00000cPifKYAS","false","Available One to Many Screen Sections","005al00000RVcKvAAL","false","false","true","42021552883187277177","","","",""
"","a0sWD00000cPifLYAS","false","Available One to Many Screen Sections","005al00000RVcKvAAL","false","false","true","42021552883187277179","","","",""
"","a0sWD00000cPifMYAS","false","Available One to Many Screen Sections","005al00000RVcKvAAL","false","false","true","42021552883187277181","","","",""
"","a0sWD00000cPifNYAS","false","Available One to Many Screen Sections","005al00000RVcKvAAL","false","false","true","42021552883187277183","","","",""
"","a0sWD00000cPifOYAS","false","Available One to Many Screen Sections","005al00000RVcKvAAL","false","false","true","42021552883187277185","","","",""
"","a0sWD00000cPifPYAS","false","Available One to Many Screen Sections","005al00000RVcKvAAL","false","false","true","42021552883187277187","","","",""
"","a0sWD00000cPifQYAS","false","Available One to Many Screen Sections","005al00000RVcKvAAL","false","false","true","42021552883187277189","","","",""
"","a0sWD00000cPifRYAS","false","Available One to Many Screen Sections","005al00000RVcKvAAL","false","false","true","4202155288318727719","","","",""
"","a0sWD00000cPifSYAS","false","Available One to Many Screen Sections","005al00000RVcKvAAL","false","false","true","42021552883187277191","","","",""
"","a0sWD00000cPifTYAS","false","Available One to Many Screen Sections","005al00000RVcKvAAL","false","false","true","42021552883187277193","","","",""
"","a0sWD00000cPifUYAS","false","Available One to Many Screen Sections","005al00000RVcKvAAL","false","false","true","42021552883187277195","","","",""
"","a0sWD00000cPifVYAS","false","Available One to Many Screen Sections","005al00000RVcKvAAL","false","false","true","42021552883187277197","","","",""
"","a0sWD00000cPifWYAS","false","Available One to Many Screen Sections","005al00000RVcKvAAL","false","false","true","42021552883187277199","","","",""
"","a0sWD00000cPifXYAS","false","Available One to Many Screen Sections","005al00000RVcKvAAL","false","false","true","42021552883187277201","","","",""
"","a0sWD00000cPifYYAS","false","Available One to Many Screen Sections","005al00000RVcKvAAL","false","false","true","42021552883187277203","","","",""
"","a0sWD00000cPifZYAS","false","Available One to Many Screen Sections","005al00000RVcKvAAL","false","false","true","42021552883187277205","","","",""
"","a0sWD00000cPifaYAC","false","Available One to Many Screen Sections","005al00000RVcKvAAL","false","false","true","42021552883187277207","","","",""
"","a0sWD00000cPifbYAC","false","Available One to Many Screen Sections","005al00000RVcKvAAL","false","false","true","42021552883187277209","","","",""
"","a0sWD00000cPifcYAC","false","Available One to Many Screen Sections","005al00000RVcKvAAL","false","false","true","4202155288318727721","","","",""
"","a0sWD00000cPifdYAC","false","Available One to Many Screen Sections","005al00000RVcKvAAL","false","false","true","42021552883187277211","","","",""
"","a0sWD00000cPifeYAC","false","Available One to Many Screen Sections","005al00000RVcKvAAL","false","false","true","42021552883187277213","","","",""
"","a0sWD00000cPiffYAC","false","Available One to Many Screen Sections","005al00000RVcKvAAL","false","false","true","42021552883187277215","","","",""
"","a0sWD00000cPifgYAC","false","Available One to Many Screen Sections","005al00000RVcKvAAL","false","false","true","42021552883187277217","","","",""
"","a0sWD00000cPifhYAC","false","Available One to Many Screen Sections","005al00000RVcKvAAL","false","false","true","42021552883187277219","","","",""
"","a0sWD00000cPifiYAC","false","Available One to Many Screen Sections","005al00000RVcKvAAL","false","false","true","42021552883187277221","","","",""
"","a0sWD00000cPifjYAC","false","Available One to Many Screen Sections","005al00000RVcKvAAL","false","false","true","42021552883187277223","","","",""
"","a0sWD00000cPifkYAC","false","Available One to Many Screen Sections","005al00000RVcKvAAL","false","false","true","42021552883187277225","","","",""
"","a0sWD00000cPiflYAC","false","Available One to Many Screen Sections","005al00000RVcKvAAL","false","false","true","42021552883187277227","","","",""
"","a0sWD00000cPifmYAC","false","Available One to Many Screen Sections","005al00000RVcKvAAL","false","false","true","42021552883187277229","","","",""
"","a0sWD00000cPifnYAC","false","Available One to Many Screen Sections","005al00000RVcKvAAL","false","false","true","4202155288318727723","","","",""
"","a0sWD00000cPifoYAC","false","Available One to Many Screen Sections","005al00000RVcKvAAL","false","false","true","42021552883187277231","","","",""
"","a0sWD00000cPifpYAC","false","Available One to Many Screen Sections","005al00000RVcKvAAL","false","false","true","42021552883187277233","","","",""
"","a0sWD00000cPifqYAC","false","Available One to Many Screen Sections","005al00000RVcKvAAL","false","false","true","42021552883187277235","","","",""
"","a0sWD00000cPifrYAC","false","Available One to Many Screen Sections","005al00000RVcKvAAL","false","false","true","42021552883187277237","","","",""
"","a0sWD00000cPifsYAC","false","Available One to Many Screen Sections","005al00000RVcKvAAL","false","false","true","42021552883187277239","","","",""
"","a0sWD00000cPyHdYAK","false","Available One to Many Screen Sections","005al00000RVcKvAAL","false","false","true","42021552883187277241","","","",""
"","a0sWD00000cPyHeYAK","false","Available One to Many Screen Sections","005al00000RVcKvAAL","false","false","true","42021552883187277243","","","",""
"","a0sWD00000cPyHfYAK","false","Available One to Many Screen Sections","005al00000RVcKvAAL","false","false","true","42021552883187277245","","","",""
"","a0sWD00000cPyHgYAK","false","Available One to Many Screen Sections","005al00000RVcKvAAL","false","false","true","42021552883187277247","","","",""
"","a0sWD00000cPyHhYAK","false","Available One to Many Screen Sections","005al00000RVcKvAAL","false","false","true","4202155288318727725","","","",""
"","a0sWD00000cPyHiYAK","false","Available One to Many Screen Sections","005al00000RVcKvAAL","false","false","true","4202155288318727727","","","",""
"","a0sWD00000cPyHjYAK","false","Available One to Many Screen Sections","005al00000RVcKvAAL","false","false","true","4202155288318727729","","","",""
"","a0sWD00000cPyHkYAK","false","Available One to Many Screen Sections","005al00000RVcKvAAL","false","false","true","420215528831872773","","","",""
"","a0sWD00000cPyHlYAK","false","Available One to Many Screen Sections","005al00000RVcKvAAL","false","false","true","4202155288318727731","","","",""
"","a0sWD00000cPyHmYAK","false","Available One to Many Screen Sections","005al00000RVcKvAAL","false","false","true","4202155288318727733","","","",""
"","a0sWD00000cPyHnYAK","false","Available One to Many Screen Sections","005al00000RVcKvAAL","false","false","true","4202155288318727735","","","",""
"","a0sWD00000cPyHoYAK","false","Available One to Many Screen Sections","005al00000RVcKvAAL","false","false","true","4202155288318727737","","","",""
"","a0sWD00000cPyHpYAK","false","Available One to Many Screen Sections","005al00000RVcKvAAL","false","false","true","4202155288318727739","","","",""
"","a0sWD00000cPyHqYAK","false","Available One to Many Screen Sections","005al00000RVcKvAAL","false","false","true","4202155288318727741","","","",""
"","a0sWD00000cPyHrYAK","false","Available One to Many Screen Sections","005al00000RVcKvAAL","false","false","true","4202155288318727743","","","",""
"","a0sWD00000cPyHsYAK","false","Available One to Many Screen Sections","005al00000RVcKvAAL","false","false","true","4202155288318727745","","","",""
"","a0sWD00000cPyHtYAK","false","Available One to Many Screen Sections","005al00000RVcKvAAL","false","false","true","4202155288318727747","","","",""
"","a0sWD00000cPyHuYAK","false","Available One to Many Screen Sections","005al00000RVcKvAAL","false","false","true","4202155288318727749","","","",""
"","a0sWD00000cPyHvYAK","false","Available One to Many Screen Sections","005al00000RVcKvAAL","false","false","true","420215528831872775","","","",""
"","a0sWD00000cPyHwYAK","false","Available One to Many Screen Sections","005al00000RVcKvAAL","false","false","true","4202155288318727751","","","",""
"","a0sWD00000cPyHxYAK","false","Available One to Many Screen Sections","005al00000RVcKvAAL","false","false","true","4202155288318727753","","","",""
"","a0sWD00000cPyHyYAK","false","Available One to Many Screen Sections","005al00000RVcKvAAL","false","false","true","4202155288318727755","","","",""
"","a0sWD00000cPyHzYAK","false","Available One to Many Screen Sections","005al00000RVcKvAAL","false","false","true","4202155288318727757","","","",""
"","a0sWD00000cPyI0YAK","false","Available One to Many Screen Sections","005al00000RVcKvAAL","false","false","true","4202155288318727759","","","",""
"","a0sWD00000cPyI1YAK","false","Available One to Many Screen Sections","005al00000RVcKvAAL","false","false","true","4202155288318727761","","","",""
"","a0sWD00000cPyI2YAK","false","Available One to Many Screen Sections","005al00000RVcKvAAL","false","false","true","4202155288318727763","","","",""
"","a0sWD00000cPyI3YAK","false","Available One to Many Screen Sections","005al00000RVcKvAAL","false","false","true","4202155288318727765","","","",""
"","a0sWD00000cPyI4YAK","false","Available One to Many Screen Sections","005al00000RVcKvAAL","false","false","true","4202155288318727767","","","",""
"","a0sWD00000cPyI5YAK","false","Available One to Many Screen Sections","005al00000RVcKvAAL","false","false","true","4202155288318727769","","","",""
"","a0sWD00000cPyI6YAK","false","Available One to Many Screen Sections","005al00000RVcKvAAL","false","false","true","420215528831872777","","","",""
"","a0sWD00000cPyI7YAK","false","Available One to Many Screen Sections","005al00000RVcKvAAL","false","false","true","4202155288318727771","","","",""
"","a0sWD00000cPyI8YAK","false","Available One to Many Screen Sections","005al00000RVcKvAAL","false","false","true","4202155288318727773","","","",""
"","a0sWD00000cPyI9YAK","false","Available One to Many Screen Sections","005al00000RVcKvAAL","false","false","true","4202155288318727775","","","",""
"","a0sWD00000cPyIAYA0","false","Available One to Many Screen Sections","005al00000RVcKvAAL","false","false","true","4202155288318727777","","","",""
"","a0sWD00000cPyIBYA0","false","Available One to Many Screen Sections","005al00000RVcKvAAL","false","false","true","4202155288318727779","","","",""
"","a0sWD00000cPyICYA0","false","Available One to Many Screen Sections","005al00000RVcKvAAL","false","false","true","4202155288318727781","","","",""
"","a0sWD00000cPyIDYA0","false","Available One to Many Screen Sections","005al00000RVcKvAAL","false","false","true","4202155288318727783","","","",""
"","a0sWD00000cPyIEYA0","false","Available One to Many Screen Sections","005al00000RVcKvAAL","false","false","true","4202155288318727785","","","",""
"","a0sWD00000cPyIFYA0","false","Available One to Many Screen Sections","005al00000RVcKvAAL","false","false","true","4202155288318727787","","","",""
"","a0sWD00000cPyIGYA0","false","Available One to Many Screen Sections","005al00000RVcKvAAL","false","false","true","4202155288318727789","","","",""
"","a0sWD00000cPyIHYA0","false","Available One to Many Screen Sections","005al00000RVcKvAAL","false","false","true","420215528831872779","","","",""
"","a0sWD00000cPyIIYA0","false","Available One to Many Screen Sections","005al00000RVcKvAAL","false","false","true","4202155288318727791","","","",""
"","a0sWD00000cPyIJYA0","false","Available One to Many Screen Sections","005al00000RVcKvAAL","false","false","true","4202155288318727793","","","",""
"","a0sWD00000cPyIKYA0","false","Available One to Many Screen Sections","005al00000RVcKvAAL","false","false","true","4202155288318727795","","","",""
"","a0sWD00000cPyILYA0","false","Available One to Many Screen Sections","005al00000RVcKvAAL","false","false","true","4202155288318727797","","","",""
"","a0sWD00000cPyIMYA0","false","Available One to Many Screen Sections","005al00000RVcKvAAL","false","false","true","4202155288318727799","","","",""
"","a0sWD00000cPyINYA0","false","Repayment Terms","005al00000RVcKvAAL","false","false","true","42023099189094192","","","",""
"","a0sWD00000cPyZEYA0","false","Available Screen Sections","005al00000RVcKvAAL","false","false","true","42026428621205577","","","",""
"","a0sWD00000cPyQiYAK","false","Loan Information","005al00000RVcKvAAL","false","false","true","42029594095017407","","","",""
"","a0sWD00000cPyOwYAK","false","Application Details","005al00000RVcKvAAL","false","false","true","42031262758117926","","","",""
"","a0sWD00000cPieJYAS","false","Loan Dashboard","005al00000RVcKvAAL","false","false","true","42031994670948485","","","",""
"","a0sWD00000cPyIOYA0","false","Available Screen Sections","005al00000RVcKvAAL","false","false","true","42034902570450482","","","",""
"","a0sWD00000cPyIPYA0","false","Previous SBA Loan","005al00000RVcKvAAL","false","false","true","42036892505263950","","","",""
"","a0sWD00000cPyIQYA0","false","Available Screen Sections","005al00000RVcKvAAL","false","false","true","42038422667998275","","","",""
"","a0sWD00000cPyIRYA0","false","Available Screen Sections","005al00000RVcKvAAL","false","false","true","42039667039986909","","","",""
"","a0sWD00000cPyISYA0","false","Change of Ownership","005al00000RVcKvAAL","false","false","true","42039870745530943","","","",""
"","a0sWD00000cPyQjYAK","false","Acceptance","005al00000RVcKvAAL","false","false","true","42040858041388069","","","",""
"","a0sWD00000cPyITYA0","false","Collateral","005al00000RVcKvAAL","false","false","true","42044289409485998","","","",""
"","a0sWD00000cPyIUYA0","false","Available Screen Sections","005al00000RVcKvAAL","false","false","true","42045171035964661","","","",""
"","a0sWD00000cPyXkYAK","false","Loan Details","005al00000RVcKvAAL","false","false","true","42057670424928900","","","",""
"","a0sWD00000cPyOxYAK","false","Add Others Involved MRF","005al00000RVcKvAAL","false","false","true","42057741056995051","","","",""
"","a0sWD00000cPyWIYA0","false","Pricing Approved","005al00000RVcKvAAL","false","false","true","42057912696598906","","","",""
"","a0sWD00000cPyQkYAK","false","Change Memo","005al00000RVcKvAAL","false","false","true","42067800903048699","","","",""
"","a0sWD00000cPyIVYA0","false","Available One to Many Screen Sections","005al00000RVcKvAAL","false","false","true","420688709640240201","","","",""
"","a0sWD00000cPwXqYAK","false","Collateral-Possessory-Bills of Lading","005al00000Q6IbCAAV","false","false","true","42069100893617569","","","",""
"","a0sWD00000cPyIWYA0","false","Available Screen Sections","005al00000RVcKvAAL","false","false","true","42070950734377609","","","",""
"","a0sWD00000cPyOyYAK","false","Pricing","005al00000RVcKvAAL","false","false","true","42073702456589986","","","",""
"","a0sWD00000cPyQlYAK","false","SAG","005al00000RVcKvAAL","false","false","true","42075091352010811","","","",""
"","a0sWD00000cPyWjYAK","false","Details - EO","005al00000RVcKvAAL","false","false","true","42083286394967946","","","",""
"","a0sWD00000d2upNYAQ","false","Credit Memo - Short Form","005al00000RVcKvAAL","false","false","true","42083830623946866","","","",""
"","a0sWD00000cPyIXYA0","false","Available Screen Sections","005al00000RVcKvAAL","false","false","true","42084849054837628","","","",""
"","a0sWD00000cPyWeYAK","false","Add Sub-Loan","005al00000RVcKvAAL","false","false","true","42094753270807603","","","",""
"","a0sWD00000d2upOYAQ","false","Credit Memo - SBA","005al00000RVcKvAAL","false","false","true","42096305870691543","","","",""
"","a0sWD00000cPyIYYA0","false","Available Screen Sections","005al00000RVcKvAAL","false","false","true","42098432906518525","","","",""
"","a0sWD00000cPyIZYA0","false","Team Members","005al00000RVcKvAAL","false","false","true","42099974757861510","","","",""
"","a0sWD00000cPyWuYAK","false","Details","005al00000RVcKvAAL","false","false","true","42101974202872765","","","",""
"","a0sWD00000cPyQmYAK","false","Conditions","005al00000RVcKvAAL","false","false","true","42106123728270598","","","",""
"","a0sWD00000cPyIaYAK","false","SBA Form 1920","005al00000RVcKvAAL","false","false","true","42111771273235770","","","",""
"","a0sWD00000cPyZ5YAK","false","Secured SBL Personal (Individual Other Involved)","005al00000RVcKvAAL","false","false","true","42113928704115288","","","",""
"","a0sWD00000cPyIbYAK","false","SBA Form 1920","005al00000RVcKvAAL","false","false","true","42114855436013906","","","",""
"","a0sWD00000cPyZNYA0","false","DT2-Screen","005al00000RVcKvAAL","false","false","true","42121128499337326","","","",""
"","a0sWD00000cPyX7YAK","false","Proforma Options","005al00000RVcKvAAL","false","false","true","42127455761752627","","","",""
"","a0sWD00000cPyIcYAK","false","Rate & Payment Structure","005al00000RVcKvAAL","false","false","true","42129539473270586","","","",""
"","a0sWD00000cPyQnYAK","false","Loan Information","005al00000RVcKvAAL","false","false","true","42132321467446174","","","",""
"","a0sWD00000cPyOzYAK","false","Add Others Involved MRF","005al00000RVcKvAAL","false","false","true","42136054162613079","","","",""
"","a0sWD00000cPyYUYA0","false","Assign Approvers","005al00000RVcKvAAL","false","false","true","42136886661722680","","","",""
"","a0sWD00000cPyIdYAK","false","SBA Form 1920","005al00000RVcKvAAL","false","false","true","42137386148434509","","","",""
"","a0sWD00000cPyQoYAK","false","Post Close Items","005al00000RVcKvAAL","false","false","true","42140898920848919","","","",""
"","a0sWD00000cPyXuYAK","false","Add Sub-Loan","005al00000RVcKvAAL","false","false","true","42146906883856447","","","",""
"","a0sWD00000cPyIeYAK","false","SBA Form 10","005al00000RVcKvAAL","false","false","true","42149222702745326","","","",""
"","a0sWD00000cPyIfYAK","false","Available Screen Sections","005al00000RVcKvAAL","false","false","true","42150399614341616","","","",""
"","a0sWD00000cPyIgYAK","false","Available Screen Sections","005al00000RVcKvAAL","false","false","true","42152072906001100","","","",""
"","a0sWD00000cPyIhYAK","false","Available Screen Sections","005al00000RVcKvAAL","false","false","true","42152793487506478","","","",""
"","a0sWD00000cPyXnYAK","false","Loan Compliance Screen","005al00000RVcKvAAL","false","false","true","42154138192718696","","","",""
"","a0sWD00000cPyP0YAK","false","Borrowing Structure","005al00000RVcKvAAL","false","false","true","42156465383128569","","","",""
"","a0sWD00000cPyWsYAK","false","Total Exposure","005al00000RVcKvAAL","false","false","true","42159428573333161","","","",""
"","a0sWD00000cPyIiYAK","false","Collateral Pledged","005al00000RVcKvAAL","false","false","true","42166347972390703","","","",""
"","a0sWD00000cPyIjYAK","false","Available Screen Sections","005al00000RVcKvAAL","false","false","true","42167815663649789","","","",""
"","a0sWD00000cPyIkYAK","false","Available Screen Sections","005al00000RVcKvAAL","false","false","true","42171738043579816","","","",""
"","a0sWD00000cPyIlYAK","false","Available Screen Sections","005al00000RVcKvAAL","false","false","true","42172645886552116","","","",""
"","a0sWD00000cPyQpYAK","false","Supplementary Details","005al00000RVcKvAAL","false","false","true","42174387258537793","","","",""
"","a0sWD00000cPyWqYAK","false","Package Details","005al00000RVcKvAAL","false","false","true","42177182337892182","","","",""
"","a0sWD00000cPyYOYA0","false","Deposits","005al00000RVcKvAAL","false","false","true","42177182337892183","","","",""
"","a0sWD00000cPyImYAK","false","Use of Proceeds","005al00000RVcKvAAL","false","false","true","42179546665283257","","","",""
"","a0sWD00000cPyQFYA0","false","Beneficiary","005al00000RVcKvAAL","false","false","true","42181701790670788","","","",""
"","a0sWD00000cPyYIYA0","false","Draw Overview Screen","005al00000RVcKvAAL","false","false","true","42189632957882651","","","",""
"","a0sWD00000cPwXfYAK","false","Collateral-Titled-Vessel","005al00000RVcKvAAL","false","false","true","42193338758163888","","","",""
"","a0sWD00000cPyXhYAK","false","Underwriting Details","005al00000RVcKvAAL","false","false","true","42204392997691879","","","",""
"","a0sWD00000cPyP1YAK","false","HMDA","005al00000RVcKvAAL","false","false","true","42205446113358093","","","",""
"","a0sWD00000cPyWtYAK","false","Details","005al00000RVcKvAAL","false","false","true","42206232254498796","","","",""
"","a0sWD00000cPyInYAK","false","SBA Form 1920","005al00000RVcKvAAL","false","false","true","42214261167375138","","","",""
"","a0sWD00000cPyIoYAK","false","Available Screen Sections","005al00000RVcKvAAL","false","false","true","42215644255031629","","","",""
"","a0sWD00000cPyIpYAK","false","Available Screen Sections","005al00000RVcKvAAL","false","false","true","42216640012231128","","","",""
"","a0sWD00000cPyIqYAK","false","Available Screen Sections","005al00000RVcKvAAL","false","false","true","42216965115830581","","","",""
"","a0sWD00000cPyZOYA0","false","DT1-Screen","005al00000RVcKvAAL","false","false","true","42219794161377058","","","",""
"","a0sWD00000cPyP2YAK","false","Retail - Editable Details","005al00000RVcKvAAL","false","false","true","42220999464658455","","","",""
"","a0sWD00000cPyP3YAK","false","Loan Compliance Screen","005al00000RVcKvAAL","false","false","true","42223137024332230","","","",""
"","a0sWD00000cPyWiYAK","false","Booked Details","005al00000RVcKvAAL","false","false","true","42226870141912786","","","",""
"","a0sWD00000cPwXtYAK","false","Collateral-Titled","005al00000RVcKvAAL","false","false","true","42229309426024690","","","",""
"","a0sWD00000cPyIrYAK","false","Injections","005al00000RVcKvAAL","false","false","true","42230858883473510","","","",""
"","a0sWD00000cPyQqYAK","false","Loan Information","005al00000RVcKvAAL","false","false","true","42231210965718360","","","",""
"","a0sWD00000cPyIsYAK","false","Available Screen Sections","005al00000RVcKvAAL","false","false","true","42234376446636860","","","",""
"","a0sWD00000cPyP4YAK","false","Online Income Information","005al00000RVcKvAAL","false","false","true","42234563213912901","","","",""
"","a0sWD00000cPyQrYAK","false","Loan Information","005al00000RVcKvAAL","false","false","true","42238060109799024","","","",""
"","a0sWD00000cPyXvYAK","false","Manage Bill Points","005al00000RVcKvAAL","false","false","true","42238686668345765","","","",""
"","a0sWD00000cPyQsYAK","false","Acceptance","005al00000RVcKvAAL","false","false","true","42240464200215900","","","",""
"","a0sWD00000cPyP5YAK","false","Booked Information","005al00000RVcKvAAL","false","false","true","42241393496974062","","","",""
"","a0sWD00000cPyP6YAK","false","Add Owners MRF","005al00000RVcKvAAL","false","false","true","42247669763471219","","","",""
"","a0sWD00000cPyItYAK","false","Conflict of Interest","005al00000RVcKvAAL","false","false","true","42249549246967406","","","",""
"","a0sWD00000cPyWAYA0","false","Documents - Screen","005al00000RVcKvAAL","false","false","true","42250780572765256","","","",""
"","a0sWD00000cPyW4YAK","false","Deposit Income","005al00000RVcKvAAL","false","false","true","422521266855637441","","","",""
"","a0sWD00000cPyW9YAK","false","Treasury Income","005al00000RVcKvAAL","false","false","true","422521266855637442","","","",""
"","a0sWD00000cPyW8YAK","false","Additional Income","005al00000RVcKvAAL","false","false","true","422521266855637443","","","",""
"","a0sWD00000cPyW5YAK","false","Comments","005al00000RVcKvAAL","false","false","true","422521266855637444","","","",""
"","a0sWD00000cPyQGYA0","false","Entity Compliance Screen","005al00000RVcKvAAL","false","false","true","42252450705829812","","","",""
"","a0sWD00000cPyQtYAK","false","Insurance","005al00000RVcKvAAL","false","false","true","42252792544565941","","","",""
"","a0sWD00000cPwXyYAK","false","Collateral-Possessory-Letter of Credit","005al00000RVcKvAAL","false","false","true","42254692718045368","","","",""
"","a0sWD00000cPyYFYA0","false","Syndications Summary","005al00000RVcKvAAL","false","false","true","42254700713997327","","","",""
"","a0sWD00000cPyXBYA0","false","Participation","005al00000RVcKvAAL","false","false","true","42255938324133066","","","",""
"","a0sWD00000cPyWrYAK","false","UI Configuration Builder","005al00000RVcKvAAL","false","false","true","42257423463997756","","","",""
"","a0sWD00000cPyIuYAK","false","Available Screen Sections","005al00000RVcKvAAL","false","false","true","42258791916601441","","","",""
"","a0sWD00000cPwXcYAK","false","Collateral-Possessory-Key Person Insurance","005al00000Q6IbCAAV","false","false","true","42260456631626244","","","",""
"","a0sWD00000cPyXjYAK","false","Opportunities","005al00000RVcKvAAL","false","false","true","42261575075847433","","","",""
"","a0sWD00000cPyIvYAK","false","Available Screen Sections","005al00000RVcKvAAL","false","false","true","42263378690023471","","","",""
"","a0sWD00000cPyX6YAK","false","Loan Products","005al00000RVcKvAAL","false","false","true","42264506634750293","","","",""
"","a0sWD00000cPyXAYA0","false","pp-tn-review-detail","005al00000RVcKvAAL","false","false","true","42265516270396018","","","",""
"","a0sWD00000cPyYcYAK","false","Policy Exceptions","005al00000RVcKvAAL","false","false","true","42274618989959014","","","",""
"","a0sWD00000cPyIwYAK","false","DEP Personal Info (Individual)","005al00000RVcKvAAL","false","false","true","42275646712486613","","","",""
"","a0sWD00000cPyXsYAK","false","Total Exposure Screen","005al00000RVcKvAAL","false","false","true","42278923698642823","","","",""
"","a0sWD00000cPwY0YAK","false","Collateral-Possessory-Warehouse Receipts","005al00000Q6IbCAAV","false","false","true","42280349349038997","","","",""
"","a0sWD00000cPyYxYAK","false","Underwriting Details","005al00000RVcKvAAL","false","false","true","42281206255813701","","","",""
"","a0sWD00000cPyIxYAK","false","Available Screen Sections","005al00000RVcKvAAL","false","false","true","42281527194584547","","","",""
"","a0sWD00000cPyY6YAK","false","System Properties","005al00000RVcKvAAL","false","false","true","42283576814580241","","","",""
"","a0sWD00000cPyY5YAK","false","Application Details","005al00000RVcKvAAL","false","false","true","42286887929986442","","","",""
"","a0sWD00000cPyXgYAK","false","Credit Actions New Package Details","005al00000RVcKvAAL","false","false","true","42288156731909944","","","",""
"","a0sWD00000cPyWkYAK","false","Team Members","005al00000RVcKvAAL","false","false","true","42296036791553577","","","",""
"","a0sWD00000cPyIyYAK","false","SBA Form 912","005al00000RVcKvAAL","false","false","true","42296090309883102","","","",""
"","a0sWD00000cPyIzYAK","false","Available Screen Sections","005al00000RVcKvAAL","false","false","true","42297165952100001","","","",""
"","a0sWD00000cPyJ0YAK","false","Available Screen Sections","005al00000RVcKvAAL","false","false","true","42297489268922296","","","",""
"","a0sWD00000cPyJ1YAK","false","Available Screen Sections","005al00000RVcKvAAL","false","false","true","42299453123678824","","","",""
"","a0sWD00000cPyJ2YAK","false","Liens","005al00000RVcKvAAL","false","false","true","42300174704936069","","","",""
"","a0sWD00000cPyZCYA0","false","Default Loan Facility Creation Fields","005al00000RVcKvAAL","false","false","true","42300179894722648","","","",""
"","a0sWD00000cPyYKYA0","false","Loan Compliance Screen","005al00000RVcKvAAL","false","false","true","42300854924496650","","","",""
"","a0sWD00000cPyWvYAK","false","Rate Structure","005al00000RVcKvAAL","false","false","true","42306104470834702","","","",""
"","a0sWD00000cPyJ3YAK","false","Underwriting Details","005al00000RVcKvAAL","false","false","true","42306617109093353","","","",""
"","a0sWD00000cPyW6YAK","false","nCino UI Configuration Builder","005al00000RVcKvAAL","false","false","true","42311862257375707","","","",""
"","a0sWD00000cPyY1YAK","false","Bulk Edit Booked","005al00000RVcKvAAL","false","false","true","42321181600095060","","","",""
"","a0sWD00000cPyJ4YAK","false","Application","005al00000RVcKvAAL","false","false","true","42322238306973461","","","",""
"","a0sWD00000cPyP7YAK","false","OARL Personal Info (Individual)","005al00000RVcKvAAL","false","false","true","42323239843997996","","","",""
"","a0sWD00000cPyP8YAK","false","Underwriting Details","005al00000RVcKvAAL","false","false","true","42328640624982813","","","",""
"","a0sWD00000cPyYMYA0","false","Borrowing Structure Information","005al00000RVcKvAAL","false","false","true","42342881603800273","","","",""
"","a0sWD00000cPwY1YAK","false","Other Default Pledged Collateral Edit Screen","005al00000RVcKvAAL","false","false","true","42343481268905692","","","",""
"","a0sWD00000cPyYAYA0","false","Entity Compliance Screen","005al00000RVcKvAAL","false","false","true","42346461972245017","","","",""
"","a0sWD00000cPyJ5YAK","false","RL Personal","005al00000RVcKvAAL","false","false","true","42350430251209131","","","",""
"","a0sWD00000cPyJ6YAK","false","Referral","005al00000RVcKvAAL","false","false","true","42353198653936695","","","",""
"","a0sWD00000cPyX0YAK","false","Row Edit Booked","005al00000RVcKvAAL","false","false","true","42356782490989440","","","",""
"","a0sWD00000cPyQuYAK","false","Adverse Actions","005al00000RVcKvAAL","false","false","true","42359213706234290","","","",""
"","a0sWD00000cPyXeYAK","false","Entity Compliance Screen","005al00000RVcKvAAL","false","false","true","42359232390869881","","","",""
"","a0sWD00000cPyWcYAK","false","Loan Compliance Screen","005al00000RVcKvAAL","false","false","true","42366262690465820","","","",""
"","a0sWD00000cPyJ7YAK","false","SBA Form 1846","005al00000RVcKvAAL","false","false","true","42366334899998951","","","",""
"","a0sWD00000cPyJ8YAK","false","Available One to Many Screen Sections","005al00000RVcKvAAL","false","false","true","423666159078071101","","","",""
"","a0sWD00000cPyJ9YAK","false","Available One to Many Screen Sections","005al00000RVcKvAAL","false","false","true","4236661590780711010","","","",""
"","a0sWD00000cPyJAYA0","false","Available One to Many Screen Sections","005al00000RVcKvAAL","false","false","true","42366615907807110101","","","",""
"","a0sWD00000cPyJBYA0","false","Available One to Many Screen Sections","005al00000RVcKvAAL","false","false","true","42366615907807110103","","","",""
"","a0sWD00000cPyJCYA0","false","Available One to Many Screen Sections","005al00000RVcKvAAL","false","false","true","42366615907807110105","","","",""
"","a0sWD00000cPyJDYA0","false","Available One to Many Screen Sections","005al00000RVcKvAAL","false","false","true","42366615907807110107","","","",""
"","a0sWD00000cPyJEYA0","false","Available One to Many Screen Sections","005al00000RVcKvAAL","false","false","true","42366615907807110109","","","",""
"","a0sWD00000cPyJFYA0","false","Available One to Many Screen Sections","005al00000RVcKvAAL","false","false","true","42366615907807110111","","","",""
"","a0sWD00000cPyJGYA0","false","Available One to Many Screen Sections","005al00000RVcKvAAL","false","false","true","42366615907807110113","","","",""
"","a0sWD00000cPyJHYA0","false","Available One to Many Screen Sections","005al00000RVcKvAAL","false","false","true","42366615907807110115","","","",""
"","a0sWD00000cPyJIYA0","false","Available One to Many Screen Sections","005al00000RVcKvAAL","false","false","true","42366615907807110117","","","",""
"","a0sWD00000cPyJJYA0","false","Available One to Many Screen Sections","005al00000RVcKvAAL","false","false","true","42366615907807110119","","","",""
"","a0sWD00000cPyJKYA0","false","Available One to Many Screen Sections","005al00000RVcKvAAL","false","false","true","42366615907807110121","","","",""
"","a0sWD00000cPyJLYA0","false","Available One to Many Screen Sections","005al00000RVcKvAAL","false","false","true","42366615907807110123","","","",""
"","a0sWD00000cPyJMYA0","false","Available One to Many Screen Sections","005al00000RVcKvAAL","false","false","true","42366615907807110125","","","",""
"","a0sWD00000cPyJNYA0","false","Available One to Many Screen Sections","005al00000RVcKvAAL","false","false","true","42366615907807110127","","","",""
"","a0sWD00000cPyJOYA0","false","Available One to Many Screen Sections","005al00000RVcKvAAL","false","false","true","42366615907807110129","","","",""
"","a0sWD00000cPyJPYA0","false","Available One to Many Screen Sections","005al00000RVcKvAAL","false","false","true","4236661590780711013","","","",""
"","a0sWD00000cPyJQYA0","false","Available One to Many Screen Sections","005al00000RVcKvAAL","false","false","true","42366615907807110131","","","",""
"","a0sWD00000cPyJRYA0","false","Available One to Many Screen Sections","005al00000RVcKvAAL","false","false","true","42366615907807110133","","","",""
"","a0sWD00000cPyJSYA0","false","Available One to Many Screen Sections","005al00000RVcKvAAL","false","false","true","42366615907807110135","","","",""
"","a0sWD00000cPyJTYA0","false","Available One to Many Screen Sections","005al00000RVcKvAAL","false","false","true","42366615907807110137","","","",""
"","a0sWD00000cPyJUYA0","false","Available One to Many Screen Sections","005al00000RVcKvAAL","false","false","true","42366615907807110139","","","",""
"","a0sWD00000cPyJVYA0","false","Available One to Many Screen Sections","005al00000RVcKvAAL","false","false","true","42366615907807110141","","","",""
"","a0sWD00000cPyJWYA0","false","Available One to Many Screen Sections","005al00000RVcKvAAL","false","false","true","42366615907807110143","","","",""
"","a0sWD00000cPyJXYA0","false","Available One to Many Screen Sections","005al00000RVcKvAAL","false","false","true","42366615907807110145","","","",""
"","a0sWD00000cPyJYYA0","false","Available One to Many Screen Sections","005al00000RVcKvAAL","false","false","true","42366615907807110147","","","",""
"","a0sWD00000cPyJZYA0","false","Available One to Many Screen Sections","005al00000RVcKvAAL","false","false","true","42366615907807110149","","","",""
"","a0sWD00000cPyJaYAK","false","Available One to Many Screen Sections","005al00000RVcKvAAL","false","false","true","42366615907807110151","","","",""
"","a0sWD00000cPyJbYAK","false","Available One to Many Screen Sections","005al00000RVcKvAAL","false","false","true","42366615907807110153","","","",""
"","a0sWD00000cPyJcYAK","false","Available One to Many Screen Sections","005al00000RVcKvAAL","false","false","true","42366615907807110155","","","",""
"","a0sWD00000cPyJdYAK","false","Available One to Many Screen Sections","005al00000RVcKvAAL","false","false","true","42366615907807110157","","","",""
"","a0sWD00000cPyJeYAK","false","Available One to Many Screen Sections","005al00000RVcKvAAL","false","false","true","42366615907807110159","","","",""
"","a0sWD00000cPyJfYAK","false","Available One to Many Screen Sections","005al00000RVcKvAAL","false","false","true","4236661590780711016","","","",""
"","a0sWD00000cPyJgYAK","false","Available One to Many Screen Sections","005al00000RVcKvAAL","false","false","true","42366615907807110161","","","",""
"","a0sWD00000cPyJhYAK","false","Available One to Many Screen Sections","005al00000RVcKvAAL","false","false","true","42366615907807110163","","","",""
"","a0sWD00000cPyJiYAK","false","Available One to Many Screen Sections","005al00000RVcKvAAL","false","false","true","42366615907807110165","","","",""
"","a0sWD00000cPyJjYAK","false","Available One to Many Screen Sections","005al00000RVcKvAAL","false","false","true","42366615907807110167","","","",""
"","a0sWD00000cPyJkYAK","false","Available One to Many Screen Sections","005al00000RVcKvAAL","false","false","true","42366615907807110169","","","",""
"","a0sWD00000cPyJlYAK","false","Available One to Many Screen Sections","005al00000RVcKvAAL","false","false","true","42366615907807110171","","","",""
"","a0sWD00000cPyJmYAK","false","Available One to Many Screen Sections","005al00000RVcKvAAL","false","false","true","42366615907807110173","","","",""
"","a0sWD00000cPyJnYAK","false","Available One to Many Screen Sections","005al00000RVcKvAAL","false","false","true","42366615907807110175","","","",""
"","a0sWD00000cPyJoYAK","false","Available One to Many Screen Sections","005al00000RVcKvAAL","false","false","true","42366615907807110177","","","",""
"","a0sWD00000cPyJpYAK","false","Available One to Many Screen Sections","005al00000RVcKvAAL","false","false","true","42366615907807110179","","","",""
"","a0sWD00000cPyJqYAK","false","Available One to Many Screen Sections","005al00000RVcKvAAL","false","false","true","42366615907807110181","","","",""
"","a0sWD00000cPyJrYAK","false","Available One to Many Screen Sections","005al00000RVcKvAAL","false","false","true","42366615907807110183","","","",""
"","a0sWD00000cPyJsYAK","false","Available One to Many Screen Sections","005al00000RVcKvAAL","false","false","true","42366615907807110185","","","",""
"","a0sWD00000cPyJtYAK","false","Available One to Many Screen Sections","005al00000RVcKvAAL","false","false","true","42366615907807110187","","","",""
"","a0sWD00000cPyJuYAK","false","Available One to Many Screen Sections","005al00000RVcKvAAL","false","false","true","42366615907807110189","","","",""
"","a0sWD00000cPyJvYAK","false","Available One to Many Screen Sections","005al00000RVcKvAAL","false","false","true","4236661590780711019","","","",""
"","a0sWD00000cPyJwYAK","false","Available One to Many Screen Sections","005al00000RVcKvAAL","false","false","true","42366615907807110191","","","",""
"","a0sWD00000cPyJxYAK","false","Available One to Many Screen Sections","005al00000RVcKvAAL","false","false","true","42366615907807110193","","","",""
"","a0sWD00000cPyJyYAK","false","Available One to Many Screen Sections","005al00000RVcKvAAL","false","false","true","42366615907807110195","","","",""
"","a0sWD00000cPyJzYAK","false","Available One to Many Screen Sections","005al00000RVcKvAAL","false","false","true","42366615907807110197","","","",""
"","a0sWD00000cPyK0YAK","false","Available One to Many Screen Sections","005al00000RVcKvAAL","false","false","true","42366615907807110199","","","",""
"","a0sWD00000cPyK1YAK","false","Available One to Many Screen Sections","005al00000RVcKvAAL","false","false","true","42366615907807110201","","","",""
"","a0sWD00000cPyK2YAK","false","Available One to Many Screen Sections","005al00000RVcKvAAL","false","false","true","42366615907807110203","","","",""
"","a0sWD00000cPyK3YAK","false","Available One to Many Screen Sections","005al00000RVcKvAAL","false","false","true","42366615907807110205","","","",""
"","a0sWD00000cPyK4YAK","false","Available One to Many Screen Sections","005al00000RVcKvAAL","false","false","true","42366615907807110207","","","",""
"","a0sWD00000cPyK5YAK","false","Available One to Many Screen Sections","005al00000RVcKvAAL","false","false","true","42366615907807110209","","","",""
"","a0sWD00000cPyK6YAK","false","Available One to Many Screen Sections","005al00000RVcKvAAL","false","false","true","42366615907807110211","","","",""
"","a0sWD00000cPyK7YAK","false","Available One to Many Screen Sections","005al00000RVcKvAAL","false","false","true","42366615907807110213","","","",""
"","a0sWD00000cPyK8YAK","false","Available One to Many Screen Sections","005al00000RVcKvAAL","false","false","true","42366615907807110215","","","",""
"","a0sWD00000cPyK9YAK","false","Available One to Many Screen Sections","005al00000RVcKvAAL","false","false","true","42366615907807110217","","","",""
"","a0sWD00000cPyKAYA0","false","Available One to Many Screen Sections","005al00000RVcKvAAL","false","false","true","42366615907807110219","","","",""
"","a0sWD00000cPyKBYA0","false","Available One to Many Screen Sections","005al00000RVcKvAAL","false","false","true","4236661590780711022","","","",""
"","a0sWD00000cPyKCYA0","false","Available One to Many Screen Sections","005al00000RVcKvAAL","false","false","true","42366615907807110221","","","",""
"","a0sWD00000cPyKDYA0","false","Available One to Many Screen Sections","005al00000RVcKvAAL","false","false","true","42366615907807110223","","","",""
"","a0sWD00000cPyKEYA0","false","Available One to Many Screen Sections","005al00000RVcKvAAL","false","false","true","42366615907807110225","","","",""
"","a0sWD00000cPyKFYA0","false","Available One to Many Screen Sections","005al00000RVcKvAAL","false","false","true","42366615907807110227","","","",""
"","a0sWD00000cPyKGYA0","false","Available One to Many Screen Sections","005al00000RVcKvAAL","false","false","true","42366615907807110229","","","",""
"","a0sWD00000cPyKHYA0","false","Available One to Many Screen Sections","005al00000RVcKvAAL","false","false","true","42366615907807110231","","","",""
"","a0sWD00000cPyKIYA0","false","Available One to Many Screen Sections","005al00000RVcKvAAL","false","false","true","42366615907807110233","","","",""
"","a0sWD00000cPyKJYA0","false","Available One to Many Screen Sections","005al00000RVcKvAAL","false","false","true","42366615907807110235","","","",""
"","a0sWD00000cPyKKYA0","false","Available One to Many Screen Sections","005al00000RVcKvAAL","false","false","true","42366615907807110237","","","",""
"","a0sWD00000cPyKLYA0","false","Available One to Many Screen Sections","005al00000RVcKvAAL","false","false","true","42366615907807110239","","","",""
"","a0sWD00000cPyKMYA0","false","Available One to Many Screen Sections","005al00000RVcKvAAL","false","false","true","42366615907807110241","","","",""
"","a0sWD00000cPyKNYA0","false","Available One to Many Screen Sections","005al00000RVcKvAAL","false","false","true","42366615907807110243","","","",""
"","a0sWD00000cPyKOYA0","false","Available One to Many Screen Sections","005al00000RVcKvAAL","false","false","true","42366615907807110245","","","",""
"","a0sWD00000cPyKPYA0","false","Available One to Many Screen Sections","005al00000RVcKvAAL","false","false","true","42366615907807110247","","","",""
"","a0sWD00000cPyKQYA0","false","Available One to Many Screen Sections","005al00000RVcKvAAL","false","false","true","42366615907807110249","","","",""
"","a0sWD00000cPyKRYA0","false","Available One to Many Screen Sections","005al00000RVcKvAAL","false","false","true","4236661590780711025","","","",""
"","a0sWD00000cPyKSYA0","false","Available One to Many Screen Sections","005al00000RVcKvAAL","false","false","true","42366615907807110251","","","",""
"","a0sWD00000cPyKTYA0","false","Available One to Many Screen Sections","005al00000RVcKvAAL","false","false","true","42366615907807110253","","","",""
"","a0sWD00000cPyKUYA0","false","Available One to Many Screen Sections","005al00000RVcKvAAL","false","false","true","42366615907807110255","","","",""
"","a0sWD00000cPyKVYA0","false","Available One to Many Screen Sections","005al00000RVcKvAAL","false","false","true","4236661590780711027","","","",""
"","a0sWD00000cPyKWYA0","false","Available One to Many Screen Sections","005al00000RVcKvAAL","false","false","true","4236661590780711029","","","",""
"","a0sWD00000cPyKXYA0","false","Available One to Many Screen Sections","005al00000RVcKvAAL","false","false","true","4236661590780711031","","","",""
"","a0sWD00000cPyKYYA0","false","Available One to Many Screen Sections","005al00000RVcKvAAL","false","false","true","4236661590780711033","","","",""
"","a0sWD00000cPyKZYA0","false","Available One to Many Screen Sections","005al00000RVcKvAAL","false","false","true","4236661590780711035","","","",""
"","a0sWD00000cPyKaYAK","false","Available One to Many Screen Sections","005al00000RVcKvAAL","false","false","true","4236661590780711037","","","",""
"","a0sWD00000cPyKbYAK","false","Available One to Many Screen Sections","005al00000RVcKvAAL","false","false","true","4236661590780711039","","","",""
"","a0sWD00000cPyKcYAK","false","Available One to Many Screen Sections","005al00000RVcKvAAL","false","false","true","423666159078071104","","","",""
"","a0sWD00000cPyKdYAK","false","Available One to Many Screen Sections","005al00000RVcKvAAL","false","false","true","4236661590780711041","","","",""
"","a0sWD00000cPyKeYAK","false","Available One to Many Screen Sections","005al00000RVcKvAAL","false","false","true","4236661590780711043","","","",""
"","a0sWD00000cPyKfYAK","false","Available One to Many Screen Sections","005al00000RVcKvAAL","false","false","true","4236661590780711045","","","",""
"","a0sWD00000cPyKgYAK","false","Available One to Many Screen Sections","005al00000RVcKvAAL","false","false","true","4236661590780711047","","","",""
"","a0sWD00000cPyKhYAK","false","Available One to Many Screen Sections","005al00000RVcKvAAL","false","false","true","4236661590780711049","","","",""
"","a0sWD00000cPyKiYAK","false","Available One to Many Screen Sections","005al00000RVcKvAAL","false","false","true","4236661590780711051","","","",""
"","a0sWD00000cPyKjYAK","false","Available One to Many Screen Sections","005al00000RVcKvAAL","false","false","true","4236661590780711053","","","",""
"","a0sWD00000cPyKkYAK","false","Available One to Many Screen Sections","005al00000RVcKvAAL","false","false","true","4236661590780711055","","","",""
"","a0sWD00000cPyKlYAK","false","Available One to Many Screen Sections","005al00000RVcKvAAL","false","false","true","4236661590780711057","","","",""
"","a0sWD00000cPyKmYAK","false","Available One to Many Screen Sections","005al00000RVcKvAAL","false","false","true","4236661590780711059","","","",""
"","a0sWD00000cPyKnYAK","false","Available One to Many Screen Sections","005al00000RVcKvAAL","false","false","true","4236661590780711061","","","",""
"","a0sWD00000cPyKoYAK","false","Available One to Many Screen Sections","005al00000RVcKvAAL","false","false","true","4236661590780711063","","","",""
"","a0sWD00000cPyKpYAK","false","Available One to Many Screen Sections","005al00000RVcKvAAL","false","false","true","4236661590780711065","","","",""
"","a0sWD00000cPyKqYAK","false","Available One to Many Screen Sections","005al00000RVcKvAAL","false","false","true","4236661590780711067","","","",""
"","a0sWD00000cPyKrYAK","false","Available One to Many Screen Sections","005al00000RVcKvAAL","false","false","true","4236661590780711069","","","",""
"","a0sWD00000cPyKsYAK","false","Available One to Many Screen Sections","005al00000RVcKvAAL","false","false","true","423666159078071107","","","",""
"","a0sWD00000cPyKtYAK","false","Available One to Many Screen Sections","005al00000RVcKvAAL","false","false","true","4236661590780711071","","","",""
"","a0sWD00000cPyKuYAK","false","Available One to Many Screen Sections","005al00000RVcKvAAL","false","false","true","4236661590780711073","","","",""
"","a0sWD00000cPyKvYAK","false","Available One to Many Screen Sections","005al00000RVcKvAAL","false","false","true","4236661590780711075","","","",""
"","a0sWD00000cPyKwYAK","false","Available One to Many Screen Sections","005al00000RVcKvAAL","false","false","true","4236661590780711077","","","",""
"","a0sWD00000cPyKxYAK","false","Available One to Many Screen Sections","005al00000RVcKvAAL","false","false","true","4236661590780711079","","","",""
"","a0sWD00000cPyKyYAK","false","Available One to Many Screen Sections","005al00000RVcKvAAL","false","false","true","4236661590780711081","","","",""
"","a0sWD00000cPyKzYAK","false","Available One to Many Screen Sections","005al00000RVcKvAAL","false","false","true","4236661590780711083","","","",""
"","a0sWD00000cPyL0YAK","false","Available One to Many Screen Sections","005al00000RVcKvAAL","false","false","true","4236661590780711085","","","",""
"","a0sWD00000cPyL1YAK","false","Available One to Many Screen Sections","005al00000RVcKvAAL","false","false","true","4236661590780711087","","","",""
"","a0sWD00000cPyL2YAK","false","Available One to Many Screen Sections","005al00000RVcKvAAL","false","false","true","4236661590780711089","","","",""
"","a0sWD00000cPyL3YAK","false","Available One to Many Screen Sections","005al00000RVcKvAAL","false","false","true","4236661590780711091","","","",""
"","a0sWD00000cPyL4YAK","false","Available One to Many Screen Sections","005al00000RVcKvAAL","false","false","true","4236661590780711093","","","",""
"","a0sWD00000cPyL5YAK","false","Available One to Many Screen Sections","005al00000RVcKvAAL","false","false","true","4236661590780711095","","","",""
"","a0sWD00000cPyL6YAK","false","Available One to Many Screen Sections","005al00000RVcKvAAL","false","false","true","4236661590780711097","","","",""
"","a0sWD00000cPyL7YAK","false","Available One to Many Screen Sections","005al00000RVcKvAAL","false","false","true","4236661590780711099","","","",""
"","a0sWD00000cPyQHYA0","false","Roth Contributions","005al00000RVcKvAAL","false","false","true","42370082958059837","","","",""
"","a0sWD00000cPyQIYA0","false","Credit Authorization/Marital Status","005al00000RVcKvAAL","false","false","true","42371261383184965","","","",""
"","a0sWD00000cPyL8YAK","false","Available Screen Sections","005al00000RVcKvAAL","false","false","true","42375967143243576","","","",""
"","a0sWD00000cPyL9YAK","false","Available Screen Sections","005al00000RVcKvAAL","false","false","true","42377036245656591","","","",""
"","a0sWD00000cPyWMYA0","false","Booked Facilities","005al00000RVcKvAAL","false","false","true","42380056249585665","","","",""
"","a0sWD00000cPwXaYAK","false","Collateral-Other-Government Contracts","005al00000RVcKvAAL","false","false","true","42385715917275967","","","",""
"","a0sWD00000cPyP9YAK","false","Entity Compliance Screen","005al00000RVcKvAAL","false","false","true","42391663700624859","","","",""
"","a0sWD00000cPyXyYAK","false","Application Details","005al00000RVcKvAAL","false","false","true","42393241259581911","","","",""
"","a0sWD00000cPwXuYAK","false","Collateral-Possessory-Credit Life","005al00000Q6IbCAAV","false","false","true","42394153288848601","","","",""
"","a0sWD00000cPyZ8YAK","false","SBL Personal (Individual Other Involved)","005al00000RVcKvAAL","false","false","true","42395526772715632","","","",""
"","a0sWD00000cPwXxYAK","false","Collateral-Possessory-Life Insurance","005al00000RVcKvAAL","false","false","true","42401059851966033","","","",""
"","a0sWD00000cPyLAYA0","false","Available Screen Sections","005al00000RVcKvAAL","false","false","true","42408597515396741","","","",""
"","a0sWD00000cPyLBYA0","false","Available Screen Sections","005al00000RVcKvAAL","false","false","true","42409805801187142","","","",""
"","a0sWD00000cPyYHYA0","false","Referral","005al00000RVcKvAAL","false","false","true","42410404119994869","","","",""
"","a0sWD00000cPyWmYAK","false","Third Party Management","005al00000RVcKvAAL","false","false","true","42411851997942573","","","",""
"","a0sWD00000d2upKYAQ","false","Standard Product Package Credit Memo","005al00000RVcKvAAL","true","false","true","42413872987117928","","","",""
"","a0sWD00000cPyZAYA0","false","Secured SBL Eligibility","005al00000RVcKvAAL","false","false","true","42415980332756543","","","",""
"","a0sWD00000cPyLCYA0","false","SBA Form 1919","005al00000RVcKvAAL","false","false","true","42416074893865396","","","",""
"","a0sWD00000cPyLDYA0","false","Application Details","005al00000RVcKvAAL","false","false","true","42416387574958178","","","",""
"","a0sWD00000cPyY7YAK","false","Draw History Screen","005al00000RVcKvAAL","false","false","true","42419863457011593","","","",""
"","a0sWD00000cPyPAYA0","false","Beneficial Owners","005al00000RVcKvAAL","false","false","true","42420206330006732","","","",""
"","a0sWD00000cPyLEYA0","false","Underwriting Details","005al00000RVcKvAAL","false","false","true","42420244195616807","","","",""
"","a0sWD00000cPyLFYA0","false","RL Personal (Individual Other Involved)","005al00000RVcKvAAL","false","false","true","42426004248565116","","","",""
"","a0sWD00000cPyXqYAK","false","Change Memo","005al00000RVcKvAAL","false","false","true","42432836327202375","","","",""
"","a0sWD00000cPwY2YAK","false","Real Estate Default Pledged Collateral Edit Screen","005al00000RVcKvAAL","false","false","true","42434056664701194","","","",""
"","a0sWD00000cPyLGYA0","false","RL Eligibility","005al00000RVcKvAAL","false","false","true","42435399078181112","","","",""
"","a0sWD00000cPyPBYA0","false","Add Others Involved MRF","005al00000RVcKvAAL","false","false","true","42436459684933691","","","",""
"","a0sWD00000cPwXnYAK","false","Collateral-Titled-Ship","005al00000RVcKvAAL","false","false","true","42437151313046644","","","",""
"","a0sWD00000cPyYNYA0","false","Budget Details","005al00000RVcKvAAL","false","false","true","42438936865131651","","","",""
"","a0sWD00000cPwXwYAK","false","Collateral-Possessory-Savings/CDs","005al00000RVcKvAAL","false","false","true","42440767386795598","","","",""
"","a0sWD00000cPyWdYAK","false","Copy Loan","005al00000RVcKvAAL","false","false","true","42443303677598944","","","",""
"","a0sWD00000cPyLHYA0","false","Memo","005al00000RVcKvAAL","false","false","true","42444467222185355","","","",""
"","a0sWD00000cPyLIYA0","false","SBA Form 1920","005al00000RVcKvAAL","false","false","true","42444688549380816","","","",""
"","a0sWD00000cPyLJYA0","false","Loan Application","005al00000RVcKvAAL","false","false","true","42447459765222498","","","",""
"","a0sWD00000cPyWFYA0","false","Payment Structure","005al00000RVcKvAAL","false","false","true","42448651673900408","","","",""
"","a0sWD00000cPyY9YAK","false","Memo Details","005al00000RVcKvAAL","false","false","true","42453478693303001","","","",""
"","a0sWD00000cPyPCYA0","false","Rate & Payment Structure","005al00000RVcKvAAL","false","false","true","42454304015867314","","","",""
"","a0sWD00000cPyLKYA0","false","SBA Express Loan Authorization","005al00000RVcKvAAL","false","false","true","42459082135169084","","","",""
"","a0sWD00000cPwXhYAK","false","Collateral-Titled-Mobile Home","005al00000RVcKvAAL","false","false","true","42461395767237886","","","",""
"","a0sWD00000cPwXmYAK","false","Collateral-Possessory-Stocks","005al00000Q6IbCAAV","false","false","true","42463981752592188","","","",""
"","a0sWD00000cPyLLYA0","false","Deposit Products","005al00000RVcKvAAL","false","false","true","42464191242067167","","","",""
"","a0sWD00000cPyQvYAK","false","Loan Information","005al00000RVcKvAAL","false","false","true","42471436313323417","","","",""
"","a0sWD00000cPyLMYA0","false","SBA Form G845","005al00000RVcKvAAL","false","false","true","42471724685478023","","","",""
"","a0sWD00000cPyWCYA0","false","Origination - Screen","005al00000RVcKvAAL","false","false","true","42472270104121077","","","",""
"","a0sWD00000cPyLNYA0","false","SBA Form 1920","005al00000RVcKvAAL","false","false","true","42472429494470650","","","",""
"","a0sWD00000cPyXoYAK","false","Loan Details","005al00000RVcKvAAL","false","false","true","42477760115293706","","","",""
"","a0sWD00000cPyLOYA0","false","Additional Conditions","005al00000RVcKvAAL","false","false","true","42478995042737688","","","",""
"","a0sWD00000cPyPDYA0","false","Risk Rating","005al00000RVcKvAAL","false","false","true","42479930579628378","","","",""
"","a0sWD00000cPyQwYAK","false","Loan Information","005al00000RVcKvAAL","false","false","true","42483057015138499","","","",""
"","a0sWD00000cPyWYYA0","false","Entity Compliance Screen","005al00000RVcKvAAL","false","false","true","42484621918140548","","","",""
"","a0sWD00000cPyPEYA0","false","Income/Debt/Asset","005al00000RVcKvAAL","false","false","true","42495888365913731","","","",""
"","a0sWD00000cPyLPYA0","false","Available Screen Sections","005al00000RVcKvAAL","false","false","true","42500217811994715","","","",""
"","a0sWD00000cPyX5YAK","false","Balance Details","005al00000RVcKvAAL","false","false","true","42506447999100246","","","",""
"","a0sWD00000cPyYPYA0","false","CRA Screen","005al00000RVcKvAAL","false","false","true","42508794583138413","","","",""
"","a0sWD00000cPyZ4YAK","false","Secured SBL Business Info","005al00000RVcKvAAL","false","false","true","42509691136301749","","","",""
"","a0sWD00000d2upFYAQ","false","Master Product Package Credit Memo","005al00000RVcKvAAL","true","false","true","42513758426634757","","","",""
"","a0sWD00000cPyZ9YAK","false","Available Screen Sections","005al00000RVcKvAAL","false","false","true","42518046726897075","","","",""
"","a0sWD00000cPyWwYAK","false","Enhanced Fees Management","005al00000RVcKvAAL","false","false","true","42519280233404703","","","",""
"","a0sWD00000cPyWhYAK","false","Underwriting Details","005al00000RVcKvAAL","false","false","true","42520577919445796","","","",""
"","a0sWD00000cPyPFYA0","false","DEP Business Info","005al00000RVcKvAAL","false","false","true","42521926955999322","","","",""
"","a0sWD00000cPyPGYA0","false","Secured SBL Eligibility - Test PDI","005al00000RVcKvAAL","false","false","true","42522355733503858","","","",""
"","a0sWD00000cPwXdYAK","false","Default Pledged Leased Asset Edit Screen","005al00000RVcKvAAL","false","false","true","42524349854296463","","","",""
"","a0sWD00000cPyLQYA0","false","Application Details","005al00000RVcKvAAL","false","false","true","42524769303520840","","","",""
"","a0sWD00000cPyLRYA0","false","Optional Balloon Loan","005al00000RVcKvAAL","false","false","true","425247693035208401","","","",""
"","a0sWD00000cPyQxYAK","false","Supplementary Details","005al00000RVcKvAAL","false","false","true","42530585031003565","","","",""
"","a0sWD00000cPyLSYA0","false","SBA Form 159","005al00000RVcKvAAL","false","false","true","42532180679580861","","","",""
"","a0sWD00000cPyQyYAK","false","Loan Information","005al00000RVcKvAAL","false","false","true","42534403815343112","","","",""
"","a0sWD00000cPyLTYA0","false","Available Screen Sections","005al00000RVcKvAAL","false","false","true","42547554951755541","","","",""
"","a0sWD00000cPyLUYA0","false","Available Screen Sections","005al00000RVcKvAAL","false","false","true","42548454303640585","","","",""
"","a0sWD00000cPyLVYA0","false","SBA Loan Authorization","005al00000RVcKvAAL","false","false","true","42549108122041790","","","",""
"","a0sWD00000cPyLWYA0","false","Available Screen Sections","005al00000RVcKvAAL","false","false","true","42552507167472630","","","",""
"","a0sWD00000cPyQzYAK","false","Credit Memo Narrative","005al00000RVcKvAAL","false","false","true","42552912179786949","","","",""
"","a0sWD00000cPyPHYA0","false","Add Others Involved MRF","005al00000RVcKvAAL","false","false","true","42552938228272786","","","",""
"","a0sWD00000cPyWGYA0","false","Rate Structure","005al00000RVcKvAAL","false","false","true","42558854118324394","","","",""
"","a0sWD00000cPyR0YAK","false","Acceptance","005al00000RVcKvAAL","false","false","true","42560640919494297","","","",""
"","a0sWD00000cPyLXYA0","false","Available Screen Sections","005al00000RVcKvAAL","false","false","true","42563550023379214","","","",""
"","a0sWD00000cPyLYYA0","false","Loan Products","005al00000RVcKvAAL","false","false","true","42567764686172869","","","",""
"","a0sWD00000cPyLZYA0","false","Collateral2Assets","005al00000RVcKvAAL","false","false","true","42572175721289664","","","",""
"","a0sWD00000cPwXkYAK","false","Collateral-Possessory-Revocable Letter of Credit","005al00000Q6IbCAAV","false","false","true","42576262737384334","","","",""
"","a0sWD00000cPyLaYAK","false","Available Screen Sections","005al00000RVcKvAAL","false","false","true","42576748687733812","","","",""
"","a0sWD00000cPyR1YAK","false","Insurance","005al00000RVcKvAAL","false","false","true","42577798839968707","","","",""
"","a0sWD00000cPwXrYAK","false","Collateral-Titled-Aircraft","005al00000RVcKvAAL","false","false","true","42581909766045101","","","",""
"","a0sWD00000cPyPIYA0","false","Collateral - Locked","005al00000RVcKvAAL","false","false","true","42582888066068259","","","",""
"","a0sWD00000cPyXzYAK","false","Counterparty Report","005al00000RVcKvAAL","false","false","true","42582982089307696","","","",""
"","a0sWD00000cPyR2YAK","false","Industry Specific Information","005al00000RVcKvAAL","false","false","true","42583235685340065","","","",""
"","a0sWD00000cPyLbYAK","false","Available One to Many Screen Sections","005al00000RVcKvAAL","false","false","true","425833549245594371","","","",""
"","a0sWD00000cPyLcYAK","false","Enhanced Fees Management","005al00000RVcKvAAL","false","false","true","42584277321636193","","","",""
"","a0sWD00000cPipcYAC","false","id-documents-screen","005al00000RVcKvAAL","false","false","true","42586691742860430","","","",""
"","a0sWD00000cPyLdYAK","false","Borrowing Structure","005al00000RVcKvAAL","false","false","true","4259332982860135","","","",""
"","a0sWD00000cPyWoYAK","false","Rate & Payment Structure","005al00000RVcKvAAL","false","false","true","42597613353871482","","","",""
"","a0sWD00000cPyPJYA0","false","Next Steps","005al00000RVcKvAAL","false","false","true","42597622962511405","","","",""
"","a0sWD00000cPyLeYAK","false","Third Party Management","005al00000RVcKvAAL","false","false","true","42601708187893789","","","",""
"","a0sWD00000cPyLfYAK","false","Available Screen Sections","005al00000RVcKvAAL","false","false","true","42602768168224267","","","",""
"","a0sWD00000cPyLgYAK","false","Add RDC Scanner","005al00000RVcKvAAL","false","false","true","4260341211167783167","","","",""
"","a0sWD00000cPyLhYAK","false","Available One to Many Screen Sections","005al00000RVcKvAAL","false","false","true","4260341270267783112","","","",""
"","a0sWD00000cPyLiYAK","false","Available Screen Sections","005al00000RVcKvAAL","false","false","true","4260341270267783114","","","",""
"","a0sWD00000cPyLjYAK","false","Available One to Many Screen Sections","005al00000RVcKvAAL","false","false","true","426034127026778312","","","",""
"","a0sWD00000cPyLkYAK","false","Available One to Many Screen Sections","005al00000RVcKvAAL","false","false","true","4260341270267783122","","","",""
"","a0sWD00000cPyLlYAK","false","Available Screen Sections","005al00000RVcKvAAL","false","false","true","4260341270267783124","","","",""
"","a0sWD00000cPyLmYAK","false","Available One to Many Screen Sections","005al00000RVcKvAAL","false","false","true","4260341270267783132","","","",""
"","a0sWD00000cPyLnYAK","false","Available Screen Sections","005al00000RVcKvAAL","false","false","true","4260341270267783134","","","",""
"","a0sWD00000cPyLoYAK","false","Available Screen Sections","005al00000RVcKvAAL","false","false","true","426034127026778314","","","",""
"","a0sWD00000cPyLpYAK","false","Modify","005al00000RVcKvAAL","false","false","true","4260341270267783155","","","",""
"","a0sWD00000cPyLqYAK","false","Add","005al00000RVcKvAAL","false","false","true","4260341270267783158","","","",""
"","a0sWD00000cPyLrYAK","false","Change","005al00000RVcKvAAL","false","false","true","4260341270267783161","","","",""
"","a0sWD00000cPyLsYAK","false","Delete","005al00000RVcKvAAL","false","false","true","4260341270267783164","","","",""
"","a0sWD00000cPyLtYAK","false","RDC Scanner Updates","005al00000RVcKvAAL","false","false","true","4260341270267783167","","","",""
"","a0sWD00000cPyLuYAK","false","Change Authorized User Access","005al00000RVcKvAAL","false","false","true","4260341270267783179","","","",""
"","a0sWD00000cPyLvYAK","false","AU Access","005al00000RVcKvAAL","false","false","true","4260341270267783182","","","",""
"","a0sWD00000cPyLwYAK","false","LockboxDetails","005al00000RVcKvAAL","false","false","true","4260341270267783188","","","",""
"","a0sWD00000cPyLxYAK","false","LockboxLocationDetails","005al00000RVcKvAAL","false","false","true","4260341270267783191","","","",""
"","a0sWD00000cPyLyYAK","false","AU Changes","005al00000RVcKvAAL","false","false","true","4260341270267783194","","","",""
"","a0sWD00000cPyXpYAK","false","Pricing","005al00000RVcKvAAL","false","false","true","42603748046132357","","","",""
"","a0sWD00000d2upMYAQ","false","Credit Memo - Long Form","005al00000RVcKvAAL","false","false","true","42604838885981004","","","",""
"","a0sWD00000cPyXrYAK","false","Application Details","005al00000RVcKvAAL","false","false","true","42607933161237870","","","",""
"","a0sWD00000cPyLzYAK","false","Application Details","005al00000RVcKvAAL","false","false","true","42614756889733027","","","",""
"","a0sWD00000cPyQJYA0","false","Rates and APY","005al00000RVcKvAAL","false","false","true","42615384382748734","","","",""
"","a0sWD00000cPwY3YAK","false","Titled Default Pledged Collateral Edit Screen","005al00000RVcKvAAL","false","false","true","42617227847727072","","","",""
"","a0sWD00000cPyPKYA0","false","Next Steps","005al00000RVcKvAAL","false","false","true","42621602764631367","","","",""
"","a0sWD00000cPyWZYA0","false","Manage Budget Screen","005al00000RVcKvAAL","false","false","true","42622713689821035","","","",""
"","a0sWD00000cPyWnYAK","false","Row Edit Post Approval","005al00000RVcKvAAL","false","false","true","42623271149565690","","","",""
"","a0sWD00000cPyY4YAK","false","pp-tn-review-detail","005al00000RVcKvAAL","false","false","true","42623826249591830","","","",""
"","a0sWD00000cPyR3YAK","false","Referral","005al00000RVcKvAAL","false","false","true","42626152928349612","","","",""
"","a0sWD00000cPyPLYA0","false","Pricing Approved","005al00000RVcKvAAL","false","false","true","42628206483992946","","","",""
"","a0sWD00000cPyR4YAK","false","Referrals","005al00000RVcKvAAL","false","false","true","42628394564202379","","","",""
"","a0sWD00000cPyXiYAK","false","Treasury Service Details","005al00000RVcKvAAL","false","false","true","42634238437115000","","","",""
"","a0sWD00000cPyM0YAK","false","Available Screen Sections","005al00000RVcKvAAL","false","false","true","42635809217633931","","","",""
"","a0sWD00000cPyZDYA0","false","SBL Eligibility","005al00000RVcKvAAL","false","false","true","42636216486699414","","","",""
"","a0sWD00000cPwXbYAK","false","Collateral-Possessory-Mutual Fund","005al00000Q6IbCAAV","false","false","true","42639155007632757","","","",""
"","a0sWD00000cPyR5YAK","false","Change Memo","005al00000RVcKvAAL","false","false","true","42642682361221361","","","",""
"","a0sWD00000cPyM1YAK","false","Loan Details Mortgage APAC","005al00000RVcKvAAL","false","false","true","42645426226502049","","","",""
"","a0sWD00000cPyPMYA0","false","Statement Mailing Address","005al00000RVcKvAAL","false","false","true","42649164738446918","","","",""
"","a0sWD00000cPyQKYA0","false","Credit Authorization","005al00000RVcKvAAL","false","false","true","42650005288493003","","","",""
"","a0sWD00000cPwXsYAK","false","Collateral-Possessory-Securities","005al00000RVcKvAAL","false","false","true","42653954664465365","","","",""
"","a0sWD00000cPyYCYA0","false","Application Details","005al00000RVcKvAAL","false","false","true","42659629105416955","","","",""
"","a0sWD00000cPyPNYA0","false","Rental Expense- Other involved","005al00000RVcKvAAL","false","false","true","42661183844977569","","","",""
"","a0sWD00000cPyM2YAK","false","Loan Team Member Information","005al00000RVcKvAAL","false","false","true","42661620937671562","","","",""
"","a0sWD00000cPyM3YAK","false","Available Screen Sections","005al00000RVcKvAAL","false","false","true","42664936141973887","","","",""
"","a0sWD00000cPyPOYA0","false","Balance Details","005al00000RVcKvAAL","false","false","true","42665939958739667","","","",""
"","a0sWD00000cPyR6YAK","false","Loan Information","005al00000RVcKvAAL","false","false","true","42667060638923733","","","",""
"","a0sWD00000cPyZFYA0","false","Available Screen Sections","005al00000RVcKvAAL","false","false","true","42668947043259055","","","",""
"","a0sWD00000cPyWfYAK","false","Risk Rating","005al00000RVcKvAAL","false","false","true","42672158236792769","","","",""
"","a0sWD00000cPyWEYA0","false","Account Current","005al00000RVcKvAAL","false","false","true","42673965235711935","","","",""
"","a0sWD00000cPyPPYA0","false","Rental Expense","005al00000RVcKvAAL","false","false","true","42676652900382649","","","",""
"","a0sWD00000cPyR7YAK","false","Supplementary Details","005al00000RVcKvAAL","false","false","true","42677169303849006","","","",""
"","a0sWD00000cPyYQYA0","false","Copy Loan","005al00000RVcKvAAL","false","false","true","42678219453394575","","","",""
"","a0sWD00000cPyM4YAK","false","Available Screen Sections","005al00000RVcKvAAL","false","false","true","42682493032422653","","","",""
"","a0sWD00000cPyM5YAK","false","Available Screen Sections","005al00000RVcKvAAL","false","false","true","42683078783818524","","","",""
"","a0sWD00000cPyM6YAK","false","Available Screen Sections","005al00000RVcKvAAL","false","false","true","42686277354485569","","","",""
"","a0sWD00000cPyR8YAK","false","Loan Information","005al00000RVcKvAAL","false","false","true","42688042363052532","","","",""
"","a0sWD00000cPyQLYA0","false","Joint Intent/Marital Status","005al00000RVcKvAAL","false","false","true","426895784390633934","","","",""
"","a0sWD00000cPyQMYA0","false","Marital Status","005al00000RVcKvAAL","false","false","true","4268957843906339345","","","",""
"","a0sWD00000cPyM7YAK","false","Verification Online Application","005al00000RVcKvAAL","false","false","true","426906024564896","","","",""
"","a0sWD00000cPyM8YAK","false","Account Debt","005al00000RVcKvAAL","false","false","true","42690602794320896","","","",""
"","a0sWD00000cPyQNYA0","false","Add Beneficial Owner OA","005al00000RVcKvAAL","false","false","true","42692388294244423","","","",""
"","a0sWD00000cPyZ6YAK","false","SBL Personal","005al00000RVcKvAAL","false","false","true","42692911532156791","","","",""
"","a0sWD00000cPyM9YAK","false","Available Screen Sections","005al00000RVcKvAAL","false","false","true","42695743300491352","","","",""
"","a0sWD00000d2ukPYAQ","false","Test soure record","005al00000RVcKvAAL","true","false","true","42698268396265303","","","",""
"","a0sWD00000cPwXlYAK","false","Collateral-Titled-Pleasure Boat","005al00000RVcKvAAL","false","false","true","42703575356168779","","","",""
"","a0sWD00000cPyPQYA0","false","Balance Details","005al00000RVcKvAAL","false","false","true","42706402666860943","","","",""
"","a0sWD00000cPyPRYA0","false","Counter Offer - Adverse Action","005al00000RVcKvAAL","false","false","true","42714169169259151","","","",""
"","a0sWD00000cPyR9YAK","false","Legal Time","005al00000RVcKvAAL","false","false","true","4271592250132544","","","",""
"","a0sWD00000cPyWbYAK","false","Collateral2","005al00000RVcKvAAL","false","false","true","42716660961482717","","","",""
"","a0sWD00000cPyMAYA0","false","Available Screen Sections","005al00000RVcKvAAL","false","false","true","42718553518226114","","","",""
"","a0sWD00000cPyPSYA0","false","Approval Details","005al00000RVcKvAAL","false","false","true","42722997428486649","","","",""
"","a0sWD00000cPyPTYA0","false","Referral","005al00000RVcKvAAL","false","false","true","42723038925154595","","","",""
"","a0sWD00000cPyPUYA0","false","Application Details","005al00000RVcKvAAL","false","false","true","42724462769795377","","","",""
"","a0sWD00000cPyQOYA0","false","Funding Method","005al00000RVcKvAAL","false","false","true","42728043130819155","","","",""
"","a0sWD00000cPyMBYA0","false","Available Screen Sections","005al00000RVcKvAAL","false","false","true","42728605133414469","","","",""
"","a0sWD00000cPyYDYA0","false","Product Package Entity","005al00000RVcKvAAL","false","false","true","42733556589936485","","","",""
"","a0sWD00000cPyPVYA0","false","Collateral- Locked","005al00000RVcKvAAL","false","false","true","42741467655006969","","","",""
"","a0sWD00000cPwY4YAK","false","Default Pledged Collateral Edit Screen","005al00000RVcKvAAL","false","false","true","42742750444485483","","","",""
"","a0sWD00000cPyZHYA0","false","DEP Personal Info (Individual)","005al00000RVcKvAAL","false","false","true","42747891239502889","","","",""
"","a0sWD00000cPyMCYA0","false","Available Screen Sections","005al00000RVcKvAAL","false","false","true","42747916675539942","","","",""
"","a0sWD00000cPyZBYA0","false","Dummy Screen- Enterprise Onboarding conditional rendering","005al00000RVcKvAAL","false","false","true","42749540180904717","","","",""
"","a0sWD00000cPyWXYA0","false","Details- business EO","005al00000RVcKvAAL","false","false","true","42754538931621755","","","",""
"","a0sWD00000cPyYJYA0","false","Underwriting Details","005al00000RVcKvAAL","false","false","true","42755114587290036","","","",""
"","a0sWD00000cPyMDYA0","false","Available Screen Sections","005al00000RVcKvAAL","false","false","true","42757901971851638","","","",""
"","a0sWD00000cPyRAYA0","false","Loan Information","005al00000RVcKvAAL","false","false","true","42764906769112658","","","",""
"","a0sWD00000cPyX8YAK","false","CRA Screen","005al00000RVcKvAAL","false","false","true","42768158053098535","","","",""
"","a0sWD00000cPyXmYAK","false","Change Memo","005al00000RVcKvAAL","false","false","true","42768254162527564","","","",""
"","a0sWD00000cPyMEYA0","false","Available Screen Sections","005al00000RVcKvAAL","false","false","true","42772476273148442","","","",""
"","a0sWD00000cPyPWYA0","false","Third Party Management","005al00000RVcKvAAL","false","false","true","42777805345713930","","","",""
"","a0sWD00000cPyWTYA0","false","Loan Structuring","005al00000RVcKvAAL","false","false","true","42782802324724320","","","",""
"","a0sWD00000cPyMFYA0","false","Available Screen Sections","005al00000RVcKvAAL","false","false","true","42784655050267520","","","",""
"","a0sWD00000cPyRBYA0","false","Supplementary Details","005al00000RVcKvAAL","false","false","true","42784668195749286","","","",""
"","a0sWD00000cPyRCYA0","false","Supplementary Details","005al00000RVcKvAAL","false","false","true","42789072950713247","","","",""
"","a0sWD00000cPyMGYA0","false","Application Details","005al00000RVcKvAAL","false","false","true","42789688783028529","","","",""
"","a0sWD00000cPyMHYA0","false","Available Screen Sections","005al00000RVcKvAAL","false","false","true","42791228768816744","","","",""
"","a0sWD00000cPyPXYA0","false","Manual Underwriting","005al00000RVcKvAAL","false","false","true","42798477393046069","","","",""
"","a0sWD00000cPyPYYA0","false","Loan Team","005al00000RVcKvAAL","false","false","true","42799819999780737","","","",""
"","a0sWD00000cPwXeYAK","false","Collateral-Possessory-Irrevocable Letter of Credit","005al00000Q6IbCAAV","false","false","true","42801016480660056","","","",""
"","a0sWD00000cPyMIYA0","false","Available Screen Sections","005al00000RVcKvAAL","false","false","true","42805277430289136","","","",""
"","a0sWD00000cPyWBYA0","false","Servicing - Screen","005al00000RVcKvAAL","false","false","true","42806416906738366","","","",""
"","a0sWD00000cPyMJYA0","false","Available Screen Sections","005al00000RVcKvAAL","false","false","true","42809722658798881","","","",""
"","a0sWD00000cPyPZYA0","false","DEP Interest Information (Individual)","005al00000RVcKvAAL","false","false","true","42810462241793916","","","",""
"","a0sWD00000cPyPaYAK","false","Credit Authorization/Joint Intent","005al00000RVcKvAAL","false","false","true","42820867345365240","","","",""
"","a0sWD00000cPwY5YAK","false","UCC Default Pledged Collateral Edit Screen","005al00000RVcKvAAL","false","false","true","42823550212584926","","","",""
"","a0sWD00000cPyMKYA0","false","Available Screen Sections","005al00000RVcKvAAL","false","false","true","42826813630382801","","","",""
"","a0sWD00000cPyPbYAK","false","SBL - Editable Details","005al00000RVcKvAAL","false","false","true","42827405195124985","","","",""
"","a0sWD00000cPyYRYA0","false","Loan Compliance Screen","005al00000RVcKvAAL","false","false","true","42832806785932622","","","",""
"","a0sWD00000cPyXwYAK","false","Beneficial Ownership Summary","005al00000RVcKvAAL","false","false","true","42834021314193185","","","",""
"","a0sWD00000cPyYEYA0","false","Fees Summary","005al00000RVcKvAAL","false","false","true","42839732363377241","","","",""
"","a0sWD00000cPyMLYA0","false","Primary Account","005al00000RVcKvAAL","false","false","true","42841308199109875","","","",""
"","a0sWD00000cPyQPYA0","false","Confirm Credit Pull","005al00000RVcKvAAL","false","false","true","42843836296295970","","","",""
"","a0sWD00000cPyPcYAK","false","Collateral Summary","005al00000RVcKvAAL","false","false","true","42844102433828463","","","",""
"","a0sWD00000cPyRDYA0","false","Insurance","005al00000RVcKvAAL","false","false","true","42845584850399950","","","",""
"","a0sWD00000cPyXfYAK","false","Payment Structure","005al00000RVcKvAAL","false","false","true","42845770103705580","","","",""
"","a0sWD00000cPyMMYA0","false","Available Screen Sections","005al00000RVcKvAAL","false","false","true","42847881028755096","","","",""
"","a0sWD00000cPyMNYA0","false","Primary Account","005al00000RVcKvAAL","false","false","true","42848714246696455","","","",""
"","a0sWD00000cPyW7YAK","false","Counterparty Report Topbar","005al00000RVcKvAAL","false","false","true","42851832252859441","","","",""
"","a0sWD00000cPyQQYA0","false","Approval Summary","005al00000RVcKvAAL","false","false","true","42855096372429871","","","",""
"","a0sWD00000cPwY6YAK","false","Possessory Default Pledged Collateral Edit Screen","005al00000RVcKvAAL","false","false","true","42855467987240797","","","",""
"","a0sWD00000cPyWaYAK","false","Beneficiary","005al00000RVcKvAAL","false","false","true","42856498406131349","","","",""
"","a0sWD00000cPwXgYAK","false","Collateral-Titled-Trailer","005al00000RVcKvAAL","false","false","true","42860084203432194","","","",""
"","a0sWD00000cPyPdYAK","false","Add Signers MRF","005al00000RVcKvAAL","false","false","true","42865719039783387","","","",""
"","a0sWD00000cPyWlYAK","false","Underwriting Details","005al00000RVcKvAAL","false","false","true","42866893089137191","","","",""
"","a0sWD00000cPwXvYAK","false","Collateral-Possessory-Other Possessory","005al00000RVcKvAAL","false","false","true","42868736103271902","","","",""
"","a0sWD00000cPyX1YAK","false","HMDA Screen 1","005al00000RVcKvAAL","false","false","true","42870475258935934","","","",""
"","a0sWD00000cPwY8YAK","false","Default Pledged Collateral Edit Screen","005al00000RVcKvAAL","false","false","true","42871665770611153","","","",""
"","a0sWD00000cPyMOYA0","false","SBA Form 1920","005al00000RVcKvAAL","false","false","true","42873565418591638","","","",""
"","a0sWD00000cPyMPYA0","false","Available One to Many Screen Sections","005al00000RVcKvAAL","false","false","true","428736578115047581","","","",""
"","a0sWD00000cPyXcYAK","false","Entity Compliance Screen","005al00000RVcKvAAL","false","false","true","42875195092745613","","","",""
"","a0sWD00000cPwXjYAK","false","Collateral-Real Estate","005al00000RVcKvAAL","false","false","true","42875581032868363","","","",""
"","a0sWD00000cPwXoYAK","false","Collateral-Possessory-Term Life","005al00000Q6IbCAAV","false","false","true","42902788784356696","","","",""
"","a0sWD00000cPyMQYA0","false","DEP Personal Info (Individual Additional Owner)","005al00000RVcKvAAL","false","false","true","42904270853889400","","","",""
"","a0sWD00000cPyREYA0","false","Seller Debt","005al00000RVcKvAAL","false","false","true","42904453780468697","","","",""
"","a0sWD00000d32LNYAY","false","testing source","005al00000RVcKvAAL","false","false","true","42905219948350323","","","",""
"","a0sWD00000cPyMRYA0","false","Available One to Many Screen Sections","005al00000RVcKvAAL","false","false","true","429065460244810851","","","",""
"","a0sWD00000cPyQRYA0","false","Borrowing Structure Information","005al00000RVcKvAAL","false","false","true","42907025017215417","","","",""
"","a0sWD00000cPyMSYA0","false","Available Screen Sections","005al00000RVcKvAAL","false","false","true","42910747869405628","","","",""
"","a0sWD00000cPwXzYAK","false","Collateral-Titled-Motor Vehicle","005al00000RVcKvAAL","false","false","true","42913737407936953","","","",""
"","a0sWD00000cPyXdYAK","false","Loan Compliance Screen","005al00000RVcKvAAL","false","false","true","42920140975446045","","","",""
"","a0sWD00000cPyWDYA0","false","Loan Current","005al00000RVcKvAAL","false","false","true","42923350579814359","","","",""
"","a0sWD00000cPyMTYA0","false","Available Screen Sections","005al00000RVcKvAAL","false","false","true","42926344398697575","","","",""
"","a0sWD00000cPyMUYA0","false","Available Screen Sections","005al00000RVcKvAAL","false","false","true","42928826582583099","","","",""
"","a0sWD00000cPyPeYAK","false","Add Beneficiaries","005al00000RVcKvAAL","false","false","true","42933845298338736","","","",""
"","a0sWD00000cPyZIYA0","false","Bulk Edit Pre Approval","005al00000RVcKvAAL","false","false","true","42938264836815273","","","",""
"","a0sWD00000cPyMVYA0","false","Available Screen Sections","005al00000RVcKvAAL","false","false","true","42941694750032323","","","",""
"","a0sWD00000cPyMWYA0","false","Available One to Many Screen Sections","005al00000RVcKvAAL","false","false","true","429446046658847391","","","",""
"","a0sWD00000cPyMXYA0","false","Available Screen Sections","005al00000RVcKvAAL","false","false","true","42945613848333488","","","",""
"","a0sWD00000cPyMYYA0","false","Business Type","005al00000RVcKvAAL","false","false","true","42951112668990397","","","",""
"","a0sWD00000cPyRFYA0","false","Conditions","005al00000RVcKvAAL","false","false","true","42952555398847892","","","",""
"","a0sWD00000cPyWpYAK","false","Copy Loan","005al00000RVcKvAAL","false","false","true","42958934612337865","","","",""
"","a0sWD00000cPyQSYA0","false","Add Beneficial Owner OA","005al00000RVcKvAAL","false","false","true","42962240935795279","","","",""
"","a0sWD00000cPwXpYAK","false","Collateral-UCC","005al00000RVcKvAAL","false","false","true","42966783217336788","","","",""
"","a0sWD00000cPyMZYA0","false","Available Screen Sections","005al00000RVcKvAAL","false","false","true","42973700372158944","","","",""
"","a0sWD00000cPyZ7YAK","false","SBL Business Info","005al00000RVcKvAAL","false","false","true","42981961269080453","","","",""
"","a0sWD00000cPyX9YAK","false","Underwriting Details","005al00000RVcKvAAL","false","false","true","42983688617809083","","","",""
"","a0sWD00000cPyW3YAK","false","Treasury Service Maintenance","005al00000RVcKvAAL","false","false","true","42992811933823016","","","",""
"","a0sWD00000cPyYVYA0","false","Draw Overview Screen","005al00000RVcKvAAL","false","false","true","43041619447514587","","","",""
"","a0sWD00000cPyXbYAK","false","Rate Structure","005al00000RVcKvAAL","false","false","true","43041620937671558","","","",""
"","a0sWD00000cPyPfYAK","false","Pricing Approved","005al00000RVcKvAAL","false","false","true","43091585311469498","","","",""
"","a0sWD00000cPyYeYAK","false","Risk Rating","005al00000RVcKvAAL","false","false","true","43241619447514581","","","",""
"","a0sWD00000cPyMaYAK","false","Account Exposure","005al00000RVcKvAAL","false","false","true","43544645","","","",""
"","a0sWD00000cPyPgYAK","false","Final Pricing","005al00000RVcKvAAL","false","false","true","43601585311469513","","","",""
"","a0sWD00000cPyPhYAK","false","HMDA","005al00000RVcKvAAL","false","false","true","43751600720267875","","","",""
"","a0sWD00000cPyPiYAK","false","Third Party Management","005al00000RVcKvAAL","false","false","true","45191663700624862","","","",""
"","a0sWD00000cPyPjYAK","false","DEP Personal Info (business)","005al00000RVcKvAAL","false","false","true","45611598381727710","","","",""
"","a0sWD00000cPyPkYAK","false","Editable Fields","005al00000RVcKvAAL","false","false","true","46011585311469504","","","",""
"","a0sWD00000cPyMbYAK","false","Fees Summary","005al00000RVcKvAAL","false","false","true","46241560278867078","","","",""
"","a0sWD00000cPyMcYAK","false","Adverse Actions","005al00000RVcKvAAL","false","false","true","46681620937671562","","","",""
"","a0sWD00000cPwY7YAK","false","Test-47098","005al00000RVcKvAAL","false","false","true","47098","","","",""
"","a0sWD00000cPyZJYA0","false","Third Party Reports","005al00000RVcKvAAL","false","false","true","47581585604340855","","","",""
"","a0sWD00000cPyYyYAK","false","Payment Structure","005al00000RVcKvAAL","false","false","true","48261619447514581","","","",""
"","a0sWD00000cPyMdYAK","false","Team Members","005al00000RVcKvAAL","false","false","true","48281619447514582","","","",""
"","a0sWD00000cPyPlYAK","false","Third Party Management","005al00000RVcKvAAL","false","false","true","48401602764631366","","","",""
"","a0sWD00000cPyRGYA0","false","Compliance Certifications","005al00000RVcKvAAL","false","false","true","48484092340752","","","",""
"","a0sWD00000cPyYZYA0","false","Loan Products","005al00000RVcKvAAL","false","false","true","48781562008947219","","","",""
"","a0sWD00000cPyPmYAK","false","Collateral2","005al00000RVcKvAAL","false","false","true","49201585311469493","","","",""
"","a0sWD00000cPyPnYAK","false","Manual Underwriting","005al00000RVcKvAAL","false","false","true","49551663700624863","","","",""
"","a0sWD00000cPyYrYAK","false","Third Party Management","005al00000RVcKvAAL","false","false","true","49681619447514580","","","",""
"","a0sWD00000cPyMeYAK","false","Loan Compliance Screen","005al00000RVcKvAAL","false","false","true","49751620937671564","","","",""
"","a0sWD00000cPyRHYA0","false","Collateral2","005al00000RVcKvAAL","false","false","true","4A337B5D3528422C924C3E1F46311910","","","",""
"","a0sWD00000cPyRIYA0","false","Fees Approved","005al00000RVcKvAAL","false","false","true","4F4C66326C534041AD004049437B4613","","","",""
"","a0sWD00000cPyPoYAK","false","Adverse Actions","005al00000RVcKvAAL","false","false","true","50491663700624860","","","",""
"","a0sWD00000cPyPpYAK","false","SBL Business Info","005al00000RVcKvAAL","false","false","true","50791666029074780","","","",""
"","a0sWD00000cPyMfYAK","false","Key Dates - Read Only","005al00000RVcKvAAL","false","false","true","50971585604340856","","","",""
"","a0sWD00000cPyQTYA0","false","Deposit Application Summary","005al00000RVcKvAAL","false","false","true","52261701790670787","","","",""
"","a0sWD00000cPyYGYA0","false","Collateral Pledged","005al00000RVcKvAAL","false","false","true","52621585604340855","","","",""
"","a0sWD00000cPyMgYAK","false","Borrowing Structure Information","005al00000RVcKvAAL","false","false","true","52691560278867079","","","",""
"","a0sWD00000cPyYzYAK","false","Budget Details","005al00000RVcKvAAL","false","false","true","53291619447514586","","","",""
"","a0sWD00000cPyPqYAK","false","Enhanced Fees Management","005al00000RVcKvAAL","false","false","true","53471600720267875","","","",""
"","a0sWD00000cPyRJYA0","false","Venture Banking","005al00000RVcKvAAL","false","false","true","544420094858235","","","",""
"","a0sWD00000cPyXEYA0","false","Fees Summary","005al00000RVcKvAAL","false","false","true","55051619447514582","","","",""
"","a0sWD00000cPyYtYAK","false","Third Party Reports","005al00000RVcKvAAL","false","false","true","55521619447514583","","","",""
"","a0sWD00000cPyMhYAK","false","SnapshotTreasuryWireMan","005al00000RVcKvAAL","false","false","true","55555555555","","","",""
"","a0sWD00000cPyPrYAK","false","Collateral Summary","005al00000RVcKvAAL","false","false","true","55841600720267874","","","",""
"","a0sWD00000cPyPsYAK","false","Online Income Information","005al00000RVcKvAAL","false","false","true","55861666029074781","","","",""
"","a0sWD00000cPyMiYAK","false","Rate & Payment Structure","005al00000RVcKvAAL","false","false","true","55871620937671566","","","",""
"","a0sWD00000cPyPtYAK","false","Balance Details","005al00000RVcKvAAL","false","false","true","56841585311469498","","","",""
"","a0sWD00000cPyQUYA0","false","Create New Relationship for Beneficiary","005al00000RVcKvAAL","false","false","true","58621701790670786","","","",""
"","a0sWD00000cPyPuYAK","false","Application Details","005al00000RVcKvAAL","false","false","true","59661600720267874","","","",""
"","a0sWD00000cPyQVYA0","false","Application Details","005al00000RVcKvAAL","false","false","true","596616007202678745","","","",""
"","a0sWD00000cPyMjYAK","false","Key Dates - Editable","005al00000RVcKvAAL","false","false","true","59771585604340856","","","",""
"","a0sWD00000cPyRKYA0","false","Participations","005al00000RVcKvAAL","false","false","true","5F2A7574747D4F31801C397D33087C18","","","",""
"","a0sWD00000cPyMkYAK","false","Stage History","005al00000RVcKvAAL","false","false","true","60101585604340856","","","",""
"","a0sWD00000cPyMlYAK","false","Change Memo","005al00000RVcKvAAL","false","false","true","60941560278867078","","","",""
"","a0sWD00000cPyPvYAK","false","Credit Check","005al00000RVcKvAAL","false","false","true","60941666029074782","","","",""
"","a0sWD00000cPyXLYA0","false","Entity Compliance Screen","005al00000RVcKvAAL","false","false","true","61171619447514586","","","",""
"","a0sWD00000cPyMmYAK","false","Post Closing Review","005al00000RVcKvAAL","false","false","true","61601585604340855","","","",""
"","a0sWD00000cPyXRYA0","false","Participations","005al00000RVcKvAAL","false","false","true","61601619447514583","","","",""
"","a0sWD00000cPyMnYAK","false","Pricing Required Fields","005al00000RVcKvAAL","false","false","true","61711620937671558","","","",""
"","a0sWD00000cPyRLYA0","false","Pricing Approved","005al00000RVcKvAAL","false","false","true","6212613861314441B5241C4F797E2F08","","","",""
"","a0sWD00000cPyXOYA0","false","Loan Details-Retail","005al00000RVcKvAAL","false","false","true","623454651543256","","","",""
"","a0sWD00000cPyPwYAK","false","Approval Details","005al00000RVcKvAAL","false","false","true","62551663700624864","","","",""
"","a0sWD00000cPyXSYA0","false","Treasury Service Details","005al00000RVcKvAAL","false","false","true","62851567002571747","","","",""
"","a0sWD00000cPyPxYAK","false","Booked Information","005al00000RVcKvAAL","false","false","true","63091585311469499","","","",""
"","a0sWD00000cPyMoYAK","false","Application Details-Retail","005al00000RVcKvAAL","false","false","true","6325647853262563245","","","",""
"","a0sWD00000cPyPyYAK","false","Loan Compliance Screen","005al00000RVcKvAAL","false","false","true","63951663700624860","","","",""
"","a0sWD00000cPyYfYAK","false","Booked Information","005al00000RVcKvAAL","false","false","true","64811619447514585","","","",""
"","a0sWD00000cPfRuYAK","false","Appraisal Fee Screen","005al00000RVcKvAAL","false","false","true","6573485672623625","","","",""
"","a0sWD00000cPyQWYA0","false","Traditional Contributions","005al00000RVcKvAAL","false","false","true","657465765543454545","","","",""
"","a0sWD00000cPyMpYAK","false","Participations","005al00000RVcKvAAL","false","false","true","66011620937671561","","","",""
"","a0sWD00000cPyPzYAK","false","DEP Personal Info (business co owner)","005al00000RVcKvAAL","false","false","true","66201598553323869","","","",""
"","a0sWD00000cPyMqYAK","false","Fees Summary","005al00000RVcKvAAL","false","false","true","66261620937671560","","","",""
"","a0sWD00000cPyYjYAK","false","Editable Fields","005al00000RVcKvAAL","false","false","true","66981619447514587","","","",""
"","a0sWD00000cPyX4YAK","false","CRA Screen","005al00000RVcKvAAL","false","false","true","67231585604340855","","","",""
"","a0sWD00000cPyYwYAK","false","Change Memo","005al00000RVcKvAAL","false","false","true","69121619447514582","","","",""
"","a0sWD00000cPyXFYA0","false","Manage Budget Screen","005al00000RVcKvAAL","false","false","true","69461619447514587","","","",""
"","a0sWD00000cPyQ0YAK","false","SBL Eligibility","005al00000RVcKvAAL","false","false","true","69681666029074780","","","",""
"","a0sWD00000cPyZLYA0","false","Booked Information Booked","005al00000RVcKvAAL","false","false","true","69801585604340854","","","",""
"","a0sWD00000cPyMrYAK","false","Participations","005al00000RVcKvAAL","false","false","true","70051585604340856","","","",""
"","a0sWD00000cPyQ1YAK","false","Enhanced Fees Management","005al00000RVcKvAAL","false","false","true","70101602764631366","","","",""
"","a0sWD00000cPyWzYAK","false","HMDA Screen 2","005al00000RVcKvAAL","false","false","true","70131585604340855","","","",""
"","a0sWD00000cPyQ2YAK","false","Borrowing Structure","005al00000RVcKvAAL","false","false","true","71161602764631367","","","",""
"","a0sWD00000cPyMsYAK","false","HMDA Screen 1","005al00000RVcKvAAL","false","false","true","71331620937671563","","","",""
"","a0sWD00000cPyMtYAK","false","Loan Details-Retail","005al00000RVcKvAAL","false","false","true","71341560278867078","","","",""
"","a0sWD00000cPyYhYAK","false","Team Members","005al00000RVcKvAAL","false","false","true","71561620937671560","","","",""
"","a0sWD00000cPyQ3YAK","false","Add Others Involved MRF","005al00000RVcKvAAL","false","false","true","71851666029074781","","","",""
"","a0sWD00000cPyQ4YAK","false","HMDA","005al00000RVcKvAAL","false","false","true","73351602764631366","","","",""
"","a0sWD00000cPyXPYA0","false","Rate Structure","005al00000RVcKvAAL","false","false","true","74211619447514581","","","",""
"","a0sWD00000cPyMuYAK","false","Draw Overview Screen","005al00000RVcKvAAL","false","false","true","74561620937671565","","","",""
"","a0sWD00000cPyXZYA0","false","Product Package Collateral2","005al00000RVcKvAAL","false","false","true","75041563816286566","","","",""
"","a0sWD00000cPyMvYAK","false","Borrowing Structure Information","005al00000RVcKvAAL","false","false","true","76391620937671558","","","",""
"","a0sWD00000cPyQ5YAK","false","Proposal","005al00000RVcKvAAL","false","false","true","76841585311469512","","","",""
"","a0sWD00000cPyRMYA0","false","SBA Form 601","005al00000RVcKvAAL","false","false","true","77464025155F4E1BB66E37791F570C04","","","",""
"","a0sWD00000cPyMwYAK","false","SnapshotTreasuryLBX","005al00000RVcKvAAL","false","false","true","777777777777","","","",""
"","a0sWD00000cPyYvYAK","false","Payment Structure","005al00000RVcKvAAL","false","false","true","78401620937671559","","","",""
"","a0sWD00000cPyMxYAK","false","Collateral","005al00000RVcKvAAL","false","false","true","784368902834672803","","","",""
"","a0sWD00000cPyYWYA0","false","Third Party Management","005al00000RVcKvAAL","false","false","true","78611620937671557","","","",""
"","a0sWD00000cPyY0YAK","false","Pricing","005al00000RVcKvAAL","false","false","true","79341585604340856","","","",""
"","a0sWD00000cPyRNYA0","false","Credit Underwriting","005al00000RVcKvAAL","false","false","true","7B220477516145598B5145251435045F","","","",""
"","a0sWD00000cPyROYA0","false","SBA Form 1050","005al00000RVcKvAAL","false","false","true","7B5257482579424E9F585774091D7405","","","",""
"","a0sWD00000cPyQ6YAK","false","Loan Team Member Information","005al00000RVcKvAAL","false","false","true","80531585311469498","","","",""
"","a0sWD00000cPyXKYA0","false","Balance Details","005al00000RVcKvAAL","false","false","true","81501619447514584","","","",""
"","a0sWD00000cPyQ7YAK","false","Manual Underwriting","005al00000RVcKvAAL","false","false","true","81511602764631367","","","",""
"","a0sWD00000cPyYqYAK","false","Loan Dashboard Summary Screen","005al00000RVcKvAAL","false","false","true","81661619447514585","","","",""
"","a0sWD00000cPyRPYA0","false","Construction","005al00000RVcKvAAL","false","false","true","8203475492093495224","","","",""
"","a0sWD00000cPyMyYAK","false","Fees Approved","005al00000RVcKvAAL","false","false","true","82191585604340855","","","",""
"","a0sWD00000cPyRQYA0","false","Final Collateral Review","005al00000RVcKvAAL","false","false","true","823676523962566533","","","",""
"","a0sWD00000cPyRRYA0","false","Loan Information","005al00000RVcKvAAL","false","false","true","8352345273450","","","",""
"","a0sWD00000cPyQXYA0","false","Beneficiary","005al00000RVcKvAAL","false","false","true","83551701790670787","","","",""
"","a0sWD00000cPyYaYAK","false","Loan Details","005al00000RVcKvAAL","false","false","true","84351619447514588","","","",""
"","a0sWD00000cPyRSYA0","false","Processing Postapp","005al00000RVcKvAAL","false","false","true","848888487575345","","","",""
"","a0sWD00000cPyRTYA0","false","Complete","005al00000RVcKvAAL","false","false","true","8523450523457","","","",""
"","a0sWD00000cPyYoYAK","false","Approved Details","005al00000RVcKvAAL","false","false","true","85571619447514583","","","",""
"","a0sWD00000cPyYLYA0","false","Loan Compliance Screen","005al00000RVcKvAAL","false","false","true","86401619447514586","","","",""
"","a0sWD00000cPyXaYAK","false","Fees Approved","005al00000RVcKvAAL","false","false","true","86411620937671561","","","",""
"","a0sWD00000cPyXCYA0","false","Loan Details","005al00000RVcKvAAL","false","false","true","86451585604340855","","","",""
"","a0sWD00000cPyXlYAK","false","Booked Information","005al00000RVcKvAAL","false","false","true","86611585604340855","","","",""
"","a0sWD00000cPyYdYAK","false","Adverse Actions","005al00000RVcKvAAL","false","false","true","86671619447514584","","","",""
"","a0sWD00000cPyYsYAK","false","Deposit Products","005al00000RVcKvAAL","false","false","true","86701562008947219","","","",""
"","a0sWD00000cPyMzYAK","false","Fees","005al00000RVcKvAAL","false","false","true","86811560278867079","","","",""
"","a0sWD00000cPyN0YAK","false","Facility Information","005al00000RVcKvAAL","false","false","true","87774","","","",""
"","a0sWD00000cPyN1YAK","false","Aggregation","005al00000RVcKvAAL","false","false","true","87774234","","","",""
"","a0sWD00000cPyN2YAK","false","Review","005al00000RVcKvAAL","false","false","true","877744","","","",""
"","a0sWD00000cPyN3YAK","false","Lease Details","005al00000RVcKvAAL","false","false","true","879879871983791","","","",""
"","a0sWD00000cPyRUYA0","false","Final Review","005al00000RVcKvAAL","false","false","true","885746312349164","","","",""
"","a0sWD00000cPyN4YAK","false","Narrative","005al00000RVcKvAAL","false","false","true","89361585604340856","","","",""
"","a0sWD00000cPyXWYA0","false","Loan Details","005al00000RVcKvAAL","false","false","true","89871619447514586","","","",""
"","a0sWD00000cPyWxYAK","false","Referral","005al00000RVcKvAAL","false","false","true","91061585604340856","","","",""
"","a0sWD00000cPyQ8YAK","false","Borrowing Structure Information","005al00000RVcKvAAL","false","false","true","91481663700624865","","","",""
"","a0sWD00000cPyYSYA0","false","Fees","005al00000RVcKvAAL","false","false","true","91971560278745076","","","",""
"","a0sWD00000cPyQ9YAK","false","Next Steps","005al00000RVcKvAAL","false","false","true","92101663700624863","","","",""
"","a0sWD00000cPieKYAS","false","Loan Dashboard Summary Screen","005al00000RVcKvAAL","false","false","true","92291620937671563","","","",""
"","a0sWD00000cPyYgYAK","false","HMDA Screen 1","005al00000RVcKvAAL","false","false","true","92911615577845542","","","",""
"","a0sWD00000cPyQAYA0","false","Pricing Estimates","005al00000RVcKvAAL","false","false","true","94511585311469513","","","",""
"","a0sWD00000cPyQBYA0","false","HMDA","005al00000RVcKvAAL","false","false","true","94881663700624862","","","",""
"","a0sWD00000cPyN5YAK","false","Draw History Screen","005al00000RVcKvAAL","false","false","true","95711620937671565","","","",""
"","a0sWD00000cPyN6YAK","false","Loan Summary","005al00000RVcKvAAL","false","false","true","976687686","","","",""
"","a0sWD00000cPyN7YAK","false","Certifications","005al00000RVcKvAAL","false","false","true","98061620937671556","","","",""
"","a0sWD00000cPyQCYA0","false","Secured RL Eligibility","005al00000RVcKvAAL","false","false","true","98421603129897051","","","",""
"","a0sWD00000cPyWQYA0","false","Product Package Collateral2","005al00000RVcKvAAL","false","false","true","DPPP42456617561636458","","","",""
"","a0sWD00000cPyWRYA0","false","Product Package Entity","005al00000RVcKvAAL","false","false","true","DPPP42672576519267017","","","",""
"","a0sWD00000cPyZ0YAK","false","Booked Details","005al00000RVcKvAAL","false","false","true","XXX44432723848796","","","",""
"","a0sWD00000d2upPYAQ","false","Standard Review Credit Memo (Account)","005al00000RVcKvAAL","true","false","true","a034S000000EGwlQAG","","","",""
"","a0sWD00000d2upGYAQ","false","Commercial Credit Memo","005al00000RVcKvAAL","true","false","true","a03Ho00000HXsDYIA1","","","",""
"","a0sWD00000d2upHYAQ","false","Standard Loan Credit Memo","005al00000RVcKvAAL","true","false","true","a03Ho00000HXsDZIA1","","","",""
"","a0sWD00000d2upIYAQ","false","Standard Review Credit Memo (Account)","005al00000RVcKvAAL","true","false","true","a03Ho00000HXsDbIAL","","","",""
"","a0sWD00000cPyRVYA0","false","Loan Information","005al00000RVcKvAAL","false","false","true","a2G3k000001JwSaEAK","","","",""
"","a0sWD00000cPyRWYA0","false","Default Loan Facility Creation Fields","005al00000RVcKvAAL","false","false","true","a2G3k000001JwSbEAK","","","",""
"","a0sWD00000cPyRXYA0","false","Loan Compliance Screen","005al00000RVcKvAAL","false","false","true","a2G3k000001JwSdEAK","","","",""
"","a0sWD00000cPyRYYA0","false","Enhanced Fees Management","005al00000RVcKvAAL","false","false","true","a2G3k000001JwSgEAK","","","",""
"","a0sWD00000cPyRZYA0","false","Referral","005al00000RVcKvAAL","false","false","true","a2G3k000001JwSoEAK","","","",""
"","a0sWD00000cPyRaYAK","false","Balance Details","005al00000RVcKvAAL","false","false","true","a2G3k000001JwSpEAK","","","",""
"","a0sWD00000cPyRbYAK","false","Booked Details","005al00000RVcKvAAL","false","false","true","a2G3k000001JwSqEAK","","","",""
"","a0sWD00000cPyRcYAK","false","CRA Screen","005al00000RVcKvAAL","false","false","true","a2G3k000001JwStEAK","","","",""
"","a0sWD00000cPyRdYAK","false","Loan Team Member Information","005al00000RVcKvAAL","false","false","true","a2G3k000001JwSwEAK","","","",""
"","a0sWD00000cPyReYAK","false","Risk Rating","005al00000RVcKvAAL","false","false","true","a2G3k000001JwSzEAK","","","",""
"","a0sWD00000cPyRfYAK","false","Produc Package Details","005al00000RVcKvAAL","false","false","true","a2G3k000001JwTIEA0","","","",""
"","a0sWD00000cPyRgYAK","false","Product Package Entity","005al00000RVcKvAAL","false","false","true","a2G3k000001JwTJEA0","","","",""
"","a0sWD00000cPyRhYAK","false","pp-tn-review-detail","005al00000RVcKvAAL","false","false","true","a2G3k000001JwTKEA0","","","",""
"","a0sWD00000cPyRiYAK","false","Product Package Approval Info","005al00000RVcKvAAL","false","false","true","a2G3k000001JwTLEA0","","","",""
"","a0sWD00000cPyRjYAK","false","Deposits - PP","005al00000RVcKvAAL","false","false","true","a2G3k000001JwTMEA0","","","",""
"","a0sWD00000cPyRkYAK","false","UOPPPP","005al00000RVcKvAAL","false","false","true","a2G3k000001JwTcEAK","","","",""
"","a0sWD00000cPyRlYAK","false","LOB Use of Proceeds Summary","005al00000RVcKvAAL","false","false","true","a2G3k000001JwTdEAK","","","",""
"","a0sWD00000cPyRmYAK","false","LOBUOP","005al00000RVcKvAAL","false","false","true","a2G3k000001JwTeEAK","","","",""
"","a0sWD00000cPyRnYAK","false","LOBUOPFee","005al00000RVcKvAAL","false","false","true","a2G3k000001JwTfEAK","","","",""
"","a0sWD00000cPyRoYAK","false","PP-Team","005al00000RVcKvAAL","false","false","true","a2G3k000001JwTyEAK","","","",""
"","a0sWD00000cPyRpYAK","false","Credit","005al00000RVcKvAAL","false","false","true","a2G3k000001JwTzEAK","","","",""
"","a0sWD00000cPyRqYAK","false","DocPrep","005al00000RVcKvAAL","false","false","true","a2G3k000001JwU0EAK","","","",""
"","a0sWD00000cPyRrYAK","false","Closing","005al00000RVcKvAAL","false","false","true","a2G3k000001JwU1EAK","","","",""
"","a0sWD00000cPyRsYAK","false","Complete","005al00000RVcKvAAL","false","false","true","a2G3k000001JwU2EAK","","","",""
"","a0sWD00000cPyRtYAK","false","Final Review","005al00000RVcKvAAL","false","false","true","a2G3k000001JwU4EAK","","","",""
"","a0sWD00000cPyRuYAK","false","Payroll Calc Loan 2","005al00000RVcKvAAL","false","false","true","a2G3k000001JwUUEA0","","","",""
"","a0sWD00000cPyRvYAK","false","Eligibility Draw 2","005al00000RVcKvAAL","false","false","true","a2G3k000001JwUbEAK","","","",""
"","a0sWD00000cPyRwYAK","false","Top Bar","005al00000RVcKvAAL","false","false","true","a2G3k000001eDj5EAE","","","",""
"","a0sWD00000cPyRxYAK","false","Participation","005al00000RVcKvAAL","false","false","true","a2G3k000001eDj8EAE","","","",""
"","a0sWD00000cPyRyYAK","false","Syndications Summary","005al00000RVcKvAAL","false","false","true","a2G3k000001eDj9EAE","","","",""
"","a0sWD00000cPyRzYAK","false","Collateral2","005al00000RVcKvAAL","false","false","true","a2G3k000001eDjBEAU","","","",""
"","a0sWD00000cPyS0YAK","false","Third Party Management","005al00000RVcKvAAL","false","false","true","a2G3k000001eDjCEAU","","","",""
"","a0sWD00000cPyS1YAK","false","Change Memo","005al00000RVcKvAAL","false","false","true","a2G3k000001eDjIEAU","","","",""
"","a0sWD00000cPyS2YAK","false","Change Memo","005al00000RVcKvAAL","false","false","true","a2G3k000001eDjIEAU2","","","",""
"","a0sWD00000cPyS3YAK","false","Team Members","005al00000RVcKvAAL","false","false","true","a2G3k000001eDjKEAU","","","",""
"","a0sWD00000cPyS4YAK","false","Fees Approved","005al00000RVcKvAAL","false","false","true","a2G3k000001eDjLEAU","","","",""
"","a0sWD00000cPyS5YAK","false","Approved Details","005al00000RVcKvAAL","false","false","true","a2G3k000001eDjNEAU","","","",""
"","a0sWD00000cPyS6YAK","false","Pricing Approved","005al00000RVcKvAAL","false","false","true","a2G3k000001eDjOEAU","","","",""
"","a0sWD00000cPyS7YAK","false","Balance Details","005al00000RVcKvAAL","false","false","true","a2G3k000001eDjQEAU","","","",""
"","a0sWD00000cPyS8YAK","false","Booked Information","005al00000RVcKvAAL","false","false","true","a2G3k000001eDjREAU","","","",""
"","a0sWD00000cPyS9YAK","false","Referral","005al00000RVcKvAAL","false","false","true","a2G3k000001eDjXEAU","","","",""
"","a0sWD00000cPySAYA0","false","Entity Compliance Screen","005al00000RVcKvAAL","false","false","true","a2G3k000001eDjZEAU","","","",""
"","a0sWD00000cPySBYA0","false","Entity Compliance Screen","005al00000RVcKvAAL","false","false","true","a2G3k000001eDjbEAE","","","",""
"","a0sWD00000cPySCYA0","false","Supplementary Details","005al00000RVcKvAAL","false","false","true","a2G3k000001eDjdEAE","","","",""
"","a0sWD00000cPySDYA0","false","Editable Fields","005al00000RVcKvAAL","false","false","true","a2G3k000001eDjhEAE","","","",""
"","a0sWD00000cPySEYA0","false","SBA Form 159","005al00000RVcKvAAL","false","false","true","a2G3k000001eDjiEAE","","","",""
"","a0sWD00000cPySFYA0","false","SBA Form 912","005al00000RVcKvAAL","false","false","true","a2G3k000001eDjjEAE","","","",""
"","a0sWD00000cPySGYA0","false","SBA Form 1846","005al00000RVcKvAAL","false","false","true","a2G3k000001eDjkEAE","","","",""
"","a0sWD00000cPySHYA0","false","SBA Form 601","005al00000RVcKvAAL","false","false","true","a2G3k000001eDjlEAE","","","",""
"","a0sWD00000cPySIYA0","false","SBA Form 652","005al00000RVcKvAAL","false","false","true","a2G3k000001eDjmEAE","","","",""
"","a0sWD00000cPySJYA0","false","SBA Form G845","005al00000RVcKvAAL","false","false","true","a2G3k000001eDjnEAE","","","",""
"","a0sWD00000cPySKYA0","false","Primary Account","005al00000RVcKvAAL","false","false","true","a2G3k000001eDjoEAE","","","",""
"","a0sWD00000cPySLYA0","false","SBA Form 1050","005al00000RVcKvAAL","false","false","true","a2G3k000001eDjpEAE","","","",""
"","a0sWD00000cPySMYA0","false","SBA Form 1919","005al00000RVcKvAAL","false","false","true","a2G3k000001eDjqEAE","","","",""
"","a0sWD00000cPySNYA0","false","Change of Ownership","005al00000RVcKvAAL","false","false","true","a2G3k000001eDjuEAE","","","",""
"","a0sWD00000cPySOYA0","false","Use of Proceeds","005al00000RVcKvAAL","false","false","true","a2G3k000001eDjxEAE","","","",""
"","a0sWD00000cPySPYA0","false","Conditions","005al00000RVcKvAAL","false","false","true","a2G3k000001eDjzEAE","","","",""
"","a0sWD00000cPySQYA0","false","Qualification","005al00000RVcKvAAL","false","false","true","a2G3k000001eDk0EAE","","","",""
"","a0sWD00000cPySRYA0","false","Proposal","005al00000RVcKvAAL","false","false","true","a2G3k000001eDk1EAE","","","",""
"","a0sWD00000cPySSYA0","false","Credit Underwriting","005al00000RVcKvAAL","false","false","true","a2G3k000001eDk2EAE","","","",""
"","a0sWD00000cPySTYA0","false","Participations","005al00000RVcKvAAL","false","false","true","a2G3k000001eDk3EAE","","","",""
"","a0sWD00000cPySUYA0","false","Loan Amount Change","005al00000RVcKvAAL","false","false","true","a2G3k000001eDk7EAE","","","",""
"","a0sWD00000cPySVYA0","false","Construction","005al00000RVcKvAAL","false","false","true","a2G3k000001ivRMEAY","","","",""
"","a0sWD00000cPySWYA0","false","Venture Banking","005al00000RVcKvAAL","false","false","true","a2G3k000001ivRNEAY","","","",""
"","a0sWD00000cPySXYA0","false","Final Collateral Review","005al00000RVcKvAAL","false","false","true","a2G3k000001ivROEAY","","","",""
"","a0sWD00000cPySYYA0","false","Seller Debt","005al00000RVcKvAAL","false","false","true","a2G3k000001ivRSEAY","","","",""
"","a0sWD00000cPySZYA0","false","Legal Time","005al00000RVcKvAAL","false","false","true","a2G3k000001ivRXEAY","","","",""
"","a0sWD00000cPySaYAK","false","Compliance Certifications","005al00000RVcKvAAL","false","false","true","a2G3k000001iwTBEAY","","","",""
"","a0sWD00000cPySbYAK","false","Ongoing Fees","005al00000RVcKvAAL","false","false","true","a2G3k000001iwTCEAY","","","",""
"","a0sWD00000cPyScYAK","false","Processing","005al00000RVcKvAAL","false","false","true","a2G3k000001iwTDEAY","","","",""
"","a0sWD00000cPySdYAK","false","Processing Postapp","005al00000RVcKvAAL","false","false","true","a2G3k000001iwTEEAY","","","",""
"","a0sWD00000cPySeYAK","false","Product Package Collateral2","005al00000RVcKvAAL","false","false","true","a2G3k000001zFPuEAM","","","",""
"","a0sWD00000cPySfYAK","false","Supplementary Details","005al00000RVcKvAAL","false","false","true","a2G3k000001zFPxEAM","","","",""
"","a0sWD00000cPySgYAK","false","Approved Details","005al00000RVcKvAAL","false","false","true","a2G3k000001zFPyEAM","","","",""
"","a0sWD00000cPyShYAK","false","Modification Category","005al00000RVcKvAAL","false","false","true","a2G3k000001zFQ0EAM","","","",""
"","a0sWD00000cPySiYAK","false","Enhanced Fees Management","005al00000RVcKvAAL","false","false","true","a2G3k000001zFQ1EAM","","","",""
"","a0sWD00000cPySjYAK","false","SBA Loan Authorization","005al00000RVcKvAAL","false","false","true","a2G3k000001zFQ6EAM","","","",""
"","a0sWD00000cPySkYAK","false","Balance Details","005al00000RVcKvAAL","false","false","true","a2G3k000001zFQ7EAM","","","",""
"","a0sWD00000cPySlYAK","false","Booked Information","005al00000RVcKvAAL","false","false","true","a2G3k000001zFQ8EAM","","","",""
"","a0sWD00000cPySmYAK","false","SBA Form 1920","005al00000RVcKvAAL","false","false","true","a2G3k000001zFQ9EAM","","","",""
"","a0sWD00000cPySnYAK","false","Proposal","005al00000RVcKvAAL","false","false","true","a2G3k000001zFQBEA2","","","",""
"","a0sWD00000cPySoYAK","false","Collateral2","005al00000RVcKvAAL","false","false","true","a2G3k000001zFQCEA2","","","",""
"","a0sWD00000cPySpYAK","false","CRA Screen","005al00000RVcKvAAL","false","false","true","a2G3k000001zFQEEA2","","","",""
"","a0sWD00000cPySqYAK","false","Referral","005al00000RVcKvAAL","false","false","true","a2G3k000001zFQFEA2","","","",""
"","a0sWD00000cPySrYAK","false","Editable Fields","005al00000RVcKvAAL","false","false","true","a2G3k000001zFQGEA2","","","",""
"","a0sWD00000cPySsYAK","false","Loan Compliance Screen","005al00000RVcKvAAL","false","false","true","a2G3k000001zFQIEA2","","","",""
"","a0sWD00000cPyStYAK","false","Pricing Estimates","005al00000RVcKvAAL","false","false","true","a2G3k000001zFQLEA2","","","",""
"","a0sWD00000cPySuYAK","false","Pricing Required Fields","005al00000RVcKvAAL","false","false","true","a2G3k000001zFQMEA2","","","",""
"","a0sWD00000cPySvYAK","false","Final Pricing","005al00000RVcKvAAL","false","false","true","a2G3k000001zFQNEA2","","","",""
"","a0sWD00000cPySwYAK","false","Qualification","005al00000RVcKvAAL","false","false","true","a2G3k000001zFQOEA2","","","",""
"","a0sWD00000cPySxYAK","false","Borrowing Structure Information","005al00000RVcKvAAL","false","false","true","a2G3k000001zFQPEA2","","","",""
"","a0sWD00000cPySyYAK","false","Pricing Approved","005al00000RVcKvAAL","false","false","true","a2G3k000001zFQQEA2","","","",""
"","a0sWD00000cPySzYAK","false","Loan Team Member Information","005al00000RVcKvAAL","false","false","true","a2G3k000001zFQREA2","","","",""
"","a0sWD00000cPyT0YAK","false","Credit Underwriting","005al00000RVcKvAAL","false","false","true","a2G3k000001zFQUEA2","","","",""
"","a0sWD00000cPyT1YAK","false","SBA Express Loan Authorization","005al00000RVcKvAAL","false","false","true","a2G3k000001zFQVEA2","","","",""
"","a0sWD00000cPyT2YAK","false","Loan Compliance Screen","005al00000RVcKvAAL","false","false","true","a2G3k000001zFQXEA2","","","",""
"","a0sWD00000cPyT3YAK","false","Pricing","005al00000RVcKvAAL","false","false","true","a2G3k000001zFQZEA2","","","",""
"","a0sWD00000d2upQYAQ","false","Standard Review Credit Memo (Product Package)","005al00000RVcKvAAL","true","false","true","a2G4S0000006UOf","","","",""
"","a0sWD00000cPyT4YAK","false","Pre-Flight Memo","005al00000RVcKvAAL","false","false","true","a2G750000004D9eEAE","","","",""
"","a0sWD00000cPyT5YAK","false","Pricing Option","005al00000RVcKvAAL","false","false","true","a2G750000004DB1EAM","","","",""
"","a0sWD00000cPyT6YAK","false","Team Members","005al00000RVcKvAAL","false","false","true","a2G750000004FJBEA2","","","",""
"","a0sWD00000cPyT7YAK","false","Injections","005al00000RVcKvAAL","false","false","true","a2G750000004FK9EAM","","","",""
"","a0sWD00000cPyT8YAK","false","TDR","005al00000RVcKvAAL","false","false","true","a2G750000004FLREA2","","","",""
"","a0sWD00000cPyT9YAK","false","TDR","005al00000RVcKvAAL","false","false","true","a2G750000004FLgEAM","","","",""
"","a0sWD00000cPyTAYA0","false","Assign Team","005al00000RVcKvAAL","false","false","true","a2G750000004FMyEAM","","","",""
"","a0sWD00000cPyTBYA0","false","Loan Assign Team Pre","005al00000RVcKvAAL","false","false","true","a2G750000004FNmEAM","","","",""
"","a0sWD00000cPyTCYA0","false","SBA 10-Tab Cover Sheet","005al00000RVcKvAAL","false","false","true","a2G750000004FxGEAU","","","",""
"","a0sWD00000cPyTDYA0","false","SBA 10-Tab Cover Sheet","005al00000RVcKvAAL","false","false","true","a2G750000004FxQEAU","","","",""
"","a0sWD00000cPyTEYA0","false","Loan Application Pre","005al00000RVcKvAAL","false","false","true","a2G750000004G1XEAU","","","",""
"","a0sWD00000cPyTFYA0","false","Unavailable Credit","005al00000RVcKvAAL","false","false","true","a2G750000004G1cEAE","","","",""
"","a0sWD00000cPyTGYA0","false","Unavailable Credit Post","005al00000RVcKvAAL","false","false","true","a2G750000004G1hEAE","","","",""
"","a0sWD00000cPyTHYA0","false","Due Diligence","005al00000RVcKvAAL","false","false","true","a2G750000004HkxEAE","","","",""
"","a0sWD00000cPyTIYA0","false","Product Package Approvals","005al00000RVcKvAAL","false","false","true","a2G750000004I6jEAE","","","",""
"","a0sWD00000cPyTJYA0","false","Ongoing Fees","005al00000RVcKvAAL","false","false","true","a2G750000004I94EAE","","","",""
"","a0sWD00000cPyTKYA0","false","Loan Information","005al00000RVcKvAAL","false","false","true","a2G750000004I9OEAU","","","",""
"","a0sWD00000cPyTLYA0","false","Pricing Required Fields","005al00000RVcKvAAL","false","false","true","a2G750000004IB0EAM","","","",""
"","a0sWD00000cPyTMYA0","false","Pricing Estimates","005al00000RVcKvAAL","false","false","true","a2G750000004ICDEA2","","","",""
"","a0sWD00000cPyTNYA0","false","Supplementary Details","005al00000RVcKvAAL","false","false","true","a2G750000004ICIEA2","","","",""
"","a0sWD00000cPyTOYA0","false","Seller Debt","005al00000RVcKvAAL","false","false","true","a2G750000004ICNEA2","","","",""
"","a0sWD00000cPyTPYA0","false","Industry Specific Information","005al00000RVcKvAAL","false","false","true","a2G750000004ICSEA2","","","",""
"","a0sWD00000cPyTQYA0","false","Construction","005al00000RVcKvAAL","false","false","true","a2G750000004ICcEAM","","","",""
"","a0sWD00000cPyTRYA0","false","Borrowing Structure","005al00000RVcKvAAL","false","false","true","a2G750000004ICwEAM","","","",""
"","a0sWD00000cPyTSYA0","false","Collateral2","005al00000RVcKvAAL","false","false","true","a2G750000004IDQEA2","","","",""
"","a0sWD00000cPyTTYA0","false","Final Collateral Review","005al00000RVcKvAAL","false","false","true","a2G750000004IE4EAM","","","",""
"","a0sWD00000cPyTUYA0","false","Policy Exceptions","005al00000RVcKvAAL","false","false","true","a2G750000004IExEAM","","","",""
"","a0sWD00000cPyTVYA0","false","Pricing Option","005al00000RVcKvAAL","false","false","true","a2G750000004IJxEAM","","","",""
"","a0sWD00000cPyTWYA0","false","Pricing","005al00000RVcKvAAL","false","false","true","a2G750000004IK2EAM","","","",""
"","a0sWD00000cPyTXYA0","false","Rate Structure","005al00000RVcKvAAL","false","false","true","a2G750000004IK7EAM","","","",""
"","a0sWD00000cPyTYYA0","false","Payment Structure","005al00000RVcKvAAL","false","false","true","a2G750000004IKCEA2","","","",""
"","a0sWD00000cPyTZYA0","false","Pricing Model","005al00000RVcKvAAL","false","false","true","a2G750000004IKMEA2","","","",""
"","a0sWD00000cPyTaYAK","false","CLosing Review","005al00000RVcKvAAL","false","false","true","a2G750000004IM3EAM","","","",""
"","a0sWD00000cPyTbYAK","false","Risk Rating Summary","005al00000RVcKvAAL","false","false","true","a2G750000004IM8EAM","","","",""
"","a0sWD00000cPyTcYAK","false","DD","005al00000RVcKvAAL","false","false","true","a2G750000004IsJEAU","","","",""
"","a0sWD00000cPyTdYAK","false","Post Approval Information","005al00000RVcKvAAL","false","false","true","a2G750000004IwLEAU","","","",""
"","a0sWD00000cPyTeYAK","false","Credit Actions New Package Details","005al00000RVcKvAAL","false","false","true","a2G750000004JlhEAE","","","",""
"","a0sWD00000cPyTfYAK","false","Doc Prep Summary Post Approval","005al00000RVcKvAAL","false","false","true","a2G750000004K1hEAE","","","",""
"","a0sWD00000cPyTgYAK","false","Loan Information","005al00000RVcKvAAL","false","false","true","a2G750000004KSPEA2","","","",""
"","a0sWD00000cPyThYAK","false","Supplementary Details","005al00000RVcKvAAL","false","false","true","a2G750000004KTDEA2","","","",""
"","a0sWD00000cPyTiYAK","false","SAG","005al00000RVcKvAAL","false","false","true","a2G750000004KUBEA2","","","",""
"","a0sWD00000cPyTjYAK","false","Due Diligence","005al00000RVcKvAAL","false","false","true","a2G750000004KULEA2","","","",""
"","a0sWD00000cPyTkYAK","false","Closing Review","005al00000RVcKvAAL","false","false","true","a2G750000004KUQEA2","","","",""
"","a0sWD00000cPyTlYAK","false","Post Approval Info","005al00000RVcKvAAL","false","false","true","a2G750000004KUaEAM","","","",""
"","a0sWD00000cPyTmYAK","false","Doc Prep Summary Post Approval","005al00000RVcKvAAL","false","false","true","a2G750000004KV4EAM","","","",""
"","a0sWD00000cPyTnYAK","false","Change Of Ownership","005al00000RVcKvAAL","false","false","true","a2G750000004KVdEAM","","","",""
"","a0sWD00000cPyToYAK","false","Third Party","005al00000RVcKvAAL","false","false","true","a2G750000004KVnEAM","","","",""
"","a0sWD00000cPyTpYAK","false","Compliance Certifications","005al00000RVcKvAAL","false","false","true","a2G750000004KVsEAM","","","",""
"","a0sWD00000cPyTqYAK","false","Assign Team","005al00000RVcKvAAL","false","false","true","a2G750000004KVxEAM","","","",""
"","a0sWD00000cPyTrYAK","false","Conditions","005al00000RVcKvAAL","false","false","true","a2G750000004KW2EAM","","","",""
"","a0sWD00000cPyTsYAK","false","Primary Account","005al00000RVcKvAAL","false","false","true","a2G750000004KWHEA2","","","",""
"","a0sWD00000cPyTtYAK","false","SBA Form 159","005al00000RVcKvAAL","false","false","true","a2G750000004KWMEA2","","","",""
"","a0sWD00000cPyTuYAK","false","SBA Form 912","005al00000RVcKvAAL","false","false","true","a2G750000004KWREA2","","","",""
"","a0sWD00000cPyTvYAK","false","SBA Form G845","005al00000RVcKvAAL","false","false","true","a2G750000004KWbEAM","","","",""
"","a0sWD00000cPyTwYAK","false","SBA Form 1846","005al00000RVcKvAAL","false","false","true","a2G750000004KWgEAM","","","",""
"","a0sWD00000cPyTxYAK","false","SBA Form 652","005al00000RVcKvAAL","false","false","true","a2G750000004KWhEAM","","","",""
"","a0sWD00000cPyTyYAK","false","SBA Form 601","005al00000RVcKvAAL","false","false","true","a2G750000004KWlEAM","","","",""
"","a0sWD00000cPyTzYAK","false","SBA Form 1050","005al00000RVcKvAAL","false","false","true","a2G750000004KWqEAM","","","",""
"","a0sWD00000cPyU0YAK","false","SBA 10-Tab Cover Sheet","005al00000RVcKvAAL","false","false","true","a2G750000004KWvEAM","","","",""
"","a0sWD00000cPyU1YAK","false","SBA Form 1919","005al00000RVcKvAAL","false","false","true","a2G750000004KX0EAM","","","",""
"","a0sWD00000cPyU2YAK","false","SBA Form 1920","005al00000RVcKvAAL","false","false","true","a2G750000004KX5EAM","","","",""
"","a0sWD00000cPyU3YAK","false","Loan Application  Pre","005al00000RVcKvAAL","false","false","true","a2G750000004KXAEA2","","","",""
"","a0sWD00000cPyU4YAK","false","Unavailable Credit","005al00000RVcKvAAL","false","false","true","a2G750000004KXFEA2","","","",""
"","a0sWD00000cPyU5YAK","false","Reg O","005al00000RVcKvAAL","false","false","true","a2G750000004KXKEA2","","","",""
"","a0sWD00000cPyU6YAK","false","HVCRE","005al00000RVcKvAAL","false","false","true","a2G750000004KXPEA2","","","",""
"","a0sWD00000cPyU7YAK","false","CRA","005al00000RVcKvAAL","false","false","true","a2G750000004KXUEA2","","","",""
"","a0sWD00000cPyU8YAK","false","TDR","005al00000RVcKvAAL","false","false","true","a2G750000004KXZEA2","","","",""
"","a0sWD00000cPyU9YAK","false","CRA","005al00000RVcKvAAL","false","false","true","a2G750000004KXeEAM","","","",""
"","a0sWD00000cPyUAYA0","false","Letter of Credit","005al00000RVcKvAAL","false","false","true","a2G750000004MTCEA2","","","",""
"","a0sWD00000cPyUBYA0","false","Letter of Credit","005al00000RVcKvAAL","false","false","true","a2G750000004MTHEA2","","","",""
"","a0sWD00000cPyUCYA0","false","Modification Reason","005al00000RVcKvAAL","false","false","true","a2G750000004SF3EAM","","","",""
"","a0sWD00000cPyUDYA0","false","Modification Reason","005al00000RVcKvAAL","false","false","true","a2G750000004SGjEAM","","","",""
"","a0sWD00000cPyUEYA0","false","Modification Reason","005al00000RVcKvAAL","false","false","true","a2G750000004SH8EAM","","","",""
"","a0sWD00000cPyUFYA0","false","Eligibility","005al00000RVcKvAAL","false","false","true","a2G750000004Su6EAE","","","",""
"","a0sWD00000cPyUGYA0","false","Business Type","005al00000RVcKvAAL","false","false","true","a2G750000004SuGEAU","","","",""
"","a0sWD00000cPyUHYA0","false","Refinancing Information","005al00000RVcKvAAL","false","false","true","a2G750000004SuLEAU","","","",""
"","a0sWD00000cPyUIYA0","false","Business Acquisition","005al00000RVcKvAAL","false","false","true","a2G750000004SuVEAU","","","",""
"","a0sWD00000cPyUJYA0","false","EPCOC","005al00000RVcKvAAL","false","false","true","a2G750000004SuaEAE","","","",""
"","a0sWD00000cPyUKYA0","false","Special Programs","005al00000RVcKvAAL","false","false","true","a2G750000004SufEAE","","","",""
"","a0sWD00000cPyULYA0","false","Account Info","005al00000RVcKvAAL","false","false","true","a2G750000004SukEAE","","","",""
"","a0sWD00000cPyUMYA0","false","Project Info","005al00000RVcKvAAL","false","false","true","a2G750000004SupEAE","","","",""
"","a0sWD00000cPyUNYA0","false","EWCP","005al00000RVcKvAAL","false","false","true","a2G750000004SuuEAE","","","",""
"","a0sWD00000cPyUOYA0","false","Eligibility","005al00000RVcKvAAL","false","false","true","a2G750000004Sw7EAE","","","",""
"","a0sWD00000cPyUPYA0","false","Business Type","005al00000RVcKvAAL","false","false","true","a2G750000004SwCEAU","","","",""
"","a0sWD00000cPyUQYA0","false","Refinancing Information","005al00000RVcKvAAL","false","false","true","a2G750000004SwHEAU","","","",""
"","a0sWD00000cPyURYA0","false","Business Acquisition","005al00000RVcKvAAL","false","false","true","a2G750000004SxjEAE","","","",""
"","a0sWD00000cPyUSYA0","false","EPCOC","005al00000RVcKvAAL","false","false","true","a2G750000004SyDEAU","","","",""
"","a0sWD00000cPyUTYA0","false","Account Info","005al00000RVcKvAAL","false","false","true","a2G750000004SyNEAU","","","",""
"","a0sWD00000cPyUUYA0","false","EWCP","005al00000RVcKvAAL","false","false","true","a2G750000004SySEAU","","","",""
"","a0sWD00000cPyUVYA0","false","Special Programs","005al00000RVcKvAAL","false","false","true","a2G750000004SyTEAU","","","",""
"","a0sWD00000cPyUWYA0","false","Project Info","005al00000RVcKvAAL","false","false","true","a2G750000004SyXEAU","","","",""
"","a0sWD00000cPyUXYA0","false","Fiserv Onboarding","005al00000RVcKvAAL","false","false","true","a2G750000004TKsEAM","","","",""
"","a0sWD00000cPyUYYA0","false","Fiserv Onboarding(ReadOnly)","005al00000RVcKvAAL","false","false","true","a2G750000004TL2EAM","","","",""
"","a0sWD00000cPyUZYA0","false","Loan Ops","005al00000RVcKvAAL","false","false","true","a2G750000004TMZEA2","","","",""
"","a0sWD00000cPyUaYAK","false","Acceptance","005al00000RVcKvAAL","false","false","true","a2G750000004TRjEAM","","","",""
"","a0sWD00000cPyUbYAK","false","Acceptance","005al00000RVcKvAAL","false","false","true","a2G750000004TRtEAM","","","",""
"","a0sWD00000cPyUcYAK","false","Final Review","005al00000RVcKvAAL","false","false","true","a2G750000004TYOEA2","","","",""
"","a0sWD00000cPyUdYAK","false","Loan Ops","005al00000RVcKvAAL","false","false","true","a2G750000004TpjEAE","","","",""
"","a0sWD00000cPyUeYAK","false","Servicing","005al00000RVcKvAAL","false","false","true","a2G750000004YWvEAM","","","",""
"","a0sWD00000cPyUfYAK","false","Servicing","005al00000RVcKvAAL","false","false","true","a2G750000004YXFEA2","","","",""
"","a0sWD00000cPyUgYAK","false","Referrals","005al00000RVcKvAAL","false","false","true","a2G750000004ZC6EAM","","","",""
"","a0sWD00000cPyUhYAK","false","Supplementary Details","005al00000RVcKvAAL","false","false","true","a2G750000004ZCBEA2","","","",""
"","a0sWD00000cPyUiYAK","false","Seller Debt","005al00000RVcKvAAL","false","false","true","a2G750000004ZCGEA2","","","",""
"","a0sWD00000cPyUjYAK","false","SAG","005al00000RVcKvAAL","false","false","true","a2G750000004ZCLEA2","","","",""
"","a0sWD00000cPyUkYAK","false","Modification Reason","005al00000RVcKvAAL","false","false","true","a2G750000004ZCMEA2","","","",""
"","a0sWD00000cPyUlYAK","false","Final Review","005al00000RVcKvAAL","false","false","true","a2G750000004ZCQEA2","","","",""
"","a0sWD00000cPyUmYAK","false","Acceptance","005al00000RVcKvAAL","false","false","true","a2G750000004ZCVEA2","","","",""
"","a0sWD00000cPyUnYAK","false","Due Diligence","005al00000RVcKvAAL","false","false","true","a2G750000004ZCaEAM","","","",""
"","a0sWD00000cPyUoYAK","false","Doc Prep Summary Post Approval","005al00000RVcKvAAL","false","false","true","a2G750000004ZCfEAM","","","",""
"","a0sWD00000cPyUpYAK","false","Closing Review","005al00000RVcKvAAL","false","false","true","a2G750000004ZCkEAM","","","",""
"","a0sWD00000cPyUqYAK","false","Post Approval Information","005al00000RVcKvAAL","false","false","true","a2G750000004ZCqEAM","","","",""
"","a0sWD00000cPyUrYAK","false","Letter Of Credit","005al00000RVcKvAAL","false","false","true","a2G750000004ZCuEAM","","","",""
"","a0sWD00000cPyUsYAK","false","Pricing","005al00000RVcKvAAL","false","false","true","a2G750000004ZCzEAM","","","",""
"","a0sWD00000cPyUtYAK","false","Pricing Options","005al00000RVcKvAAL","false","false","true","a2G750000004ZD4EAM","","","",""
"","a0sWD00000cPyUuYAK","false","Pricing Estimates","005al00000RVcKvAAL","false","false","true","a2G750000004ZD9EAM","","","",""
"","a0sWD00000cPyUvYAK","false","Collateral2","005al00000RVcKvAAL","false","false","true","a2G750000004ZDEEA2","","","",""
"","a0sWD00000cPyUwYAK","false","Risk Rating","005al00000RVcKvAAL","false","false","true","a2G750000004ZDiEAM","","","",""
"","a0sWD00000cPyUxYAK","false","Risk Rating Summary","005al00000RVcKvAAL","false","false","true","a2G750000004ZDnEAM","","","",""
"","a0sWD00000cPyUyYAK","false","Participation","005al00000RVcKvAAL","false","false","true","a2G750000004ZDxEAM","","","",""
"","a0sWD00000cPyUzYAK","false","Participations","005al00000RVcKvAAL","false","false","true","a2G750000004ZE2EAM","","","",""
"","a0sWD00000cPyV0YAK","false","Loan Ops Editable","005al00000RVcKvAAL","false","false","true","a2G750000004bt5EAA","","","",""
"","a0sWD00000cPyV1YAK","false","Loan Information","005al00000RVcKvAAL","false","false","true","a2G750000004btKEAQ","","","",""
"","a0sWD00000cPyV2YAK","false","Construction","005al00000RVcKvAAL","false","false","true","a2G750000004bxrEAA","","","",""
"","a0sWD00000cPyV3YAK","false","Collateral Summary","005al00000RVcKvAAL","false","false","true","a2G750000004h5xEAA","","","",""
"","a0sWD00000cPyV4YAK","false","Collateral Summary","005al00000RVcKvAAL","false","false","true","a2G750000004h62EAA","","","",""
"","a0sWD00000cPyV5YAK","false","Secondary Market","005al00000RVcKvAAL","false","false","true","a2G750000004jvrEAA","","","",""
"","a0sWD00000cPyV6YAK","false","Secondary Market","005al00000RVcKvAAL","false","false","true","a2G750000004jw1EAA","","","",""
"","a0sWD00000cPyV7YAK","false","Use of Proceeds Summary","005al00000RVcKvAAL","false","false","true","a2G750000004jw6EAA","","","",""
"","a0sWD00000cPyV8YAK","false","Injections","005al00000RVcKvAAL","false","false","true","a2G750000004jwBEAQ","","","",""
"","a0sWD00000cPyV9YAK","false","Use of Proceeds Summary","005al00000RVcKvAAL","false","false","true","a2G750000004jwGEAQ","","","",""
"","a0sWD00000cPyVAYA0","false","Injections","005al00000RVcKvAAL","false","false","true","a2G750000004jwLEAQ","","","",""
"","a0sWD00000cPyVBYA0","false","Loan Modification/Renewal Details","005al00000RVcKvAAL","false","false","true","a2G750000004qV7EAI","","","",""
"","a0sWD00000cPyVCYA0","false","Due Diligence Editable","005al00000RVcKvAAL","false","false","true","a2G750000004wvUEAQ","","","",""
"","a0sWD00000cPyVDYA0","false","Loan Information","005al00000RVcKvAAL","false","false","true","a2G750000005788EAA","","","",""
"","a0sWD00000cPyVEYA0","false","Referrals","005al00000RVcKvAAL","false","false","true","a2G75000000578IEAQ","","","",""
"","a0sWD00000cPyVFYA0","false","Supplementary Details","005al00000RVcKvAAL","false","false","true","a2G75000000579BEAQ","","","",""
"","a0sWD00000cPyVGYA0","false","Seller Dept","005al00000RVcKvAAL","false","false","true","a2G75000000579GEAQ","","","",""
"","a0sWD00000cPyVHYA0","false","Final Review","005al00000RVcKvAAL","false","false","true","a2G7500000058UPEAY","","","",""
"","a0sWD00000cPyVIYA0","false","Pricing Options","005al00000RVcKvAAL","false","false","true","a2G7500000058hYEAQ","","","",""
"","a0sWD00000cPyVJYA0","false","Pricing Estimates","005al00000RVcKvAAL","false","false","true","a2G7500000058iCEAQ","","","",""
"","a0sWD00000cPyVKYA0","false","SBA Form 1919","005al00000RVcKvAAL","false","false","true","a2G7500000058ibEAA","","","",""
"","a0sWD00000cPyVLYA0","false","Risk Rating","005al00000RVcKvAAL","false","false","true","a2G7500000058iqEAA","","","",""
"","a0sWD00000cPyVMYA0","false","Compliance Certification","005al00000RVcKvAAL","false","false","true","a2G7500000058nMEAQ","","","",""
"","a0sWD00000cPyVNYA0","false","Pricing","005al00000RVcKvAAL","false","false","true","a2G7500000058nREAQ","","","",""
"","a0sWD00000cPyVOYA0","false","SBA Form 1920","005al00000RVcKvAAL","false","false","true","a2G7500000058nWEAQ","","","",""
"","a0sWD00000cPyVPYA0","false","Eligibility","005al00000RVcKvAAL","false","false","true","a2G7500000058nbEAA","","","",""
"","a0sWD00000cPyVQYA0","false","Business Type","005al00000RVcKvAAL","false","false","true","a2G7500000058ngEAA","","","",""
"","a0sWD00000cPyVRYA0","false","Refinancing Information","005al00000RVcKvAAL","false","false","true","a2G7500000058nlEAA","","","",""
"","a0sWD00000cPyVSYA0","false","Business Acquisition","005al00000RVcKvAAL","false","false","true","a2G7500000058nqEAA","","","",""
"","a0sWD00000cPyVTYA0","false","EPCOC","005al00000RVcKvAAL","false","false","true","a2G7500000058nvEAA","","","",""
"","a0sWD00000cPyVUYA0","false","Special Programs","005al00000RVcKvAAL","false","false","true","a2G7500000058o0EAA","","","",""
"","a0sWD00000cPyVVYA0","false","Account Info","005al00000RVcKvAAL","false","false","true","a2G7500000058o5EAA","","","",""
"","a0sWD00000cPyVWYA0","false","Project Information","005al00000RVcKvAAL","false","false","true","a2G7500000058oAEAQ","","","",""
"","a0sWD00000cPyVXYA0","false","EWCP","005al00000RVcKvAAL","false","false","true","a2G7500000058oFEAQ","","","",""
"","a0sWD00000cPyVYYA0","false","Assign Team","005al00000RVcKvAAL","false","false","true","a2G7500000058oKEAQ","","","",""
"","a0sWD00000cPyVZYA0","false","Loan Team Member Information","005al00000RVcKvAAL","false","false","true","a2G7500000058oPEAQ","","","",""
"","a0sWD00000cPyVaYAK","false","Change of Ownership","005al00000RVcKvAAL","false","false","true","a2G7500000058oUEAQ","","","",""
"","a0sWD00000cPyVbYAK","false","Use of Proceeds","005al00000RVcKvAAL","false","false","true","a2G7500000058oZEAQ","","","",""
"","a0sWD00000cPyVcYAK","false","Use of Proceeds Summary","005al00000RVcKvAAL","false","false","true","a2G7500000058oeEAA","","","",""
"","a0sWD00000cPyVdYAK","false","Injections","005al00000RVcKvAAL","false","false","true","a2G7500000058ojEAA","","","",""
"","a0sWD00000cPyVeYAK","false","Manage Fees","005al00000RVcKvAAL","false","false","true","a2G7500000058oyEAA","","","",""
"","a0sWD00000cPyVfYAK","false","Ongoing Fees","005al00000RVcKvAAL","false","false","true","a2G7500000058p3EAA","","","",""
"","a0sWD00000cPyVgYAK","false","Third Party Management","005al00000RVcKvAAL","false","false","true","a2G7500000058p8EAA","","","",""
"","a0sWD00000cPyVhYAK","false","Conditions","005al00000RVcKvAAL","false","false","true","a2G7500000058pDEAQ","","","",""
"","a0sWD00000cPyViYAK","false","Loan Application","005al00000RVcKvAAL","false","false","true","a2G7500000058pIEAQ","","","",""
"","a0sWD00000cPyVjYAK","false","Unavailable Credit post","005al00000RVcKvAAL","false","false","true","a2G7500000058pNEAQ","","","",""
"","a0sWD00000cPyVkYAK","false","Acceptance","005al00000RVcKvAAL","false","false","true","a2G7500000058pXEAQ","","","",""
"","a0sWD00000cPyVlYAK","false","Primary Account","005al00000RVcKvAAL","false","false","true","a2G7500000058phEAA","","","",""
"","a0sWD00000cPyVmYAK","false","SBA Form 159","005al00000RVcKvAAL","false","false","true","a2G7500000058pmEAA","","","",""
"","a0sWD00000cPyVnYAK","false","SBA Form 912","005al00000RVcKvAAL","false","false","true","a2G7500000058prEAA","","","",""
"","a0sWD00000cPyVoYAK","false","SBA Form G845","005al00000RVcKvAAL","false","false","true","a2G7500000058q1EAA","","","",""
"","a0sWD00000cPyVpYAK","false","SBA Form 1846","005al00000RVcKvAAL","false","false","true","a2G7500000058q6EAA","","","",""
"","a0sWD00000cPyVqYAK","false","SBA Form 652","005al00000RVcKvAAL","false","false","true","a2G7500000058qBEAQ","","","",""
"","a0sWD00000cPyVrYAK","false","SBA Form 601","005al00000RVcKvAAL","false","false","true","a2G7500000058qGEAQ","","","",""
"","a0sWD00000cPyVsYAK","false","SBA Form 1050","005al00000RVcKvAAL","false","false","true","a2G7500000058qLEAQ","","","",""
"","a0sWD00000cPyVtYAK","false","SBA 10-Tab Cover Sheet","005al00000RVcKvAAL","false","false","true","a2G7500000058qQEAQ","","","",""
"","a0sWD00000cPyVuYAK","false","Doc Prep Summary","005al00000RVcKvAAL","false","false","true","a2G7500000058qpEAA","","","",""
"","a0sWD00000cPyVvYAK","false","Closing Review","005al00000RVcKvAAL","false","false","true","a2G7500000058quEAA","","","",""
"","a0sWD00000cPyVwYAK","false","Letter of Credit","005al00000RVcKvAAL","false","false","true","a2G7500000058qzEAA","","","",""
"","a0sWD00000cPyVxYAK","false","Post Approval Info","005al00000RVcKvAAL","false","false","true","a2G7500000058r9EAA","","","",""
"","a0sWD00000d2upJYAQ","false","Standard Review Credit Memo (Product Package)","005al00000RVcKvAAL","true","false","true","a2GHo000001ueIN","","","",""
"","a0sWD00000cPyN8YAK","false","Collateral Summary","005al00000RVcKvAAL","false","false","true","a2GHu00000AhIuvMAF","","","",""
"","a0sWD00000cPyN9YAK","false","Collateral Details","005al00000RVcKvAAL","false","false","true","a2GHu00000AhIuwMAF","","","",""
"","a0sWD00000cPyNAYA0","false","Fees","005al00000RVcKvAAL","false","false","true","a2GHu00000AhIwkMAF","","","",""
"","a0sWD00000cPyNBYA0","false","Construction Details","005al00000RVcKvAAL","false","false","true","a2GHu00000AhIwsMAF","","","",""
"","a0sWD00000cPyNCYA0","false","Loan Dashboard","005al00000RVcKvAAL","false","false","true","a2GHu00000AhIwtMAF","","","",""
"","a0sWD00000cPyNDYA0","false","Activities","005al00000RVcKvAAL","false","false","true","a2GHu00000AhIx3MAF","","","",""
"","a0sWD00000cPyNEYA0","false","Business Contacts","005al00000RVcKvAAL","false","false","true","a2GHu00000AhIx4MAF","","","",""
"","a0sWD00000cPyNFYA0","false","Collateral Owned","005al00000RVcKvAAL","false","false","true","a2GHu00000AhIx5MAF","","","",""
"","a0sWD00000cPyNGYA0","false","Covenants","005al00000RVcKvAAL","false","false","true","a2GHu00000AhIx6MAF","","","",""
"","a0sWD00000cPyNHYA0","false","Deposits","005al00000RVcKvAAL","false","false","true","a2GHu00000AhIx7MAF","","","",""
"","a0sWD00000cPyNIYA0","false","Overview","005al00000RVcKvAAL","false","false","true","a2GHu00000AhIx8MAF","","","",""
"","a0sWD00000cPyNJYA0","false","Exposure","005al00000RVcKvAAL","false","false","true","a2GHu00000AhIx9MAF","","","",""
"","a0sWD00000cPyNKYA0","false","Loans","005al00000RVcKvAAL","false","false","true","a2GHu00000AhIxAMAV","","","",""
"","a0sWD00000cPyNLYA0","false","Opportunities","005al00000RVcKvAAL","false","false","true","a2GHu00000AhIxBMAV","","","",""
"","a0sWD00000cPyNMYA0","false","Other Information","005al00000RVcKvAAL","false","false","true","a2GHu00000AhIxCMAV","","","",""
"","a0sWD00000cPyNNYA0","false","Product Packages","005al00000RVcKvAAL","false","false","true","a2GHu00000AhIxDMAV","","","",""
"","a0sWD00000cPyNOYA0","false","Referrals","005al00000RVcKvAAL","false","false","true","a2GHu00000AhIxEMAV","","","",""
"","a0sWD00000cPyNPYA0","false","Risk Rating Reviews","005al00000RVcKvAAL","false","false","true","a2GHu00000AhIxFMAV","","","",""
"","a0sWD00000cPyNQYA0","false","Service Requests","005al00000RVcKvAAL","false","false","true","a2GHu00000AhIxGMAV","","","",""
"","a0sWD00000cPyNRYA0","false","Site Visits","005al00000RVcKvAAL","false","false","true","a2GHu00000AhIxHMAV","","","",""
"","a0sWD00000cPyNSYA0","false","Treasury","005al00000RVcKvAAL","false","false","true","a2GHu00000AhIxIMAV","","","",""
"","a0sWD00000cPyNTYA0","false","SBA Form 912","005al00000RVcKvAAL","false","false","true","a2GHu00000AhIxKMAV","","","",""
"","a0sWD00000cPyNUYA0","false","Loan Application","005al00000RVcKvAAL","false","false","true","a2GHu00000AhIxLMAV","","","",""
"","a0sWD00000cPyNVYA0","false","Change of Ownership","005al00000RVcKvAAL","false","false","true","a2GHu00000AhIxMMAV","","","",""
"","a0sWD00000cPyNWYA0","false","SBA Form 10","005al00000RVcKvAAL","false","false","true","a2GHu00000AhIxNMAV","","","",""
"","a0sWD00000cPyNXYA0","false","SBA Form 159","005al00000RVcKvAAL","false","false","true","a2GHu00000AhIxOMAV","","","",""
"","a0sWD00000cPyNYYA0","false","SBA Form 1846","005al00000RVcKvAAL","false","false","true","a2GHu00000AhIxPMAV","","","",""
"","a0sWD00000cPyNZYA0","false","SBA Form 1919","005al00000RVcKvAAL","false","false","true","a2GHu00000AhIxQMAV","","","",""
"","a0sWD00000cPyNaYAK","false","Business Type","005al00000RVcKvAAL","false","false","true","a2GHu00000AhIxRMAV","","","",""
"","a0sWD00000cPyNbYAK","false","Previous SBA Loan","005al00000RVcKvAAL","false","false","true","a2GHu00000AhIxSMAV","","","",""
"","a0sWD00000cPyNcYAK","false","Conflict of Interest","005al00000RVcKvAAL","false","false","true","a2GHu00000AhIxTMAV","","","",""
"","a0sWD00000cPyNdYAK","false","Primary Account","005al00000RVcKvAAL","false","false","true","a2GHu00000AhIxUMAV","","","",""
"","a0sWD00000cPyNeYAK","false","SBA Form 1920","005al00000RVcKvAAL","false","false","true","a2GHu00000AhIxVMAV","","","",""
"","a0sWD00000cPyNfYAK","false","SBA Form 1920","005al00000RVcKvAAL","false","false","true","a2GHu00000AhIxWMAV","","","",""
"","a0sWD00000cPyNgYAK","false","SBA Form 1920","005al00000RVcKvAAL","false","false","true","a2GHu00000AhIxXMAV","","","",""
"","a0sWD00000cPyNhYAK","false","SBA Form 1920","005al00000RVcKvAAL","false","false","true","a2GHu00000AhIxYMAV","","","",""
"","a0sWD00000cPyNiYAK","false","SBA Form 1920","005al00000RVcKvAAL","false","false","true","a2GHu00000AhIxZMAV","","","",""
"","a0sWD00000cPyNjYAK","false","SBA Form 1920","005al00000RVcKvAAL","false","false","true","a2GHu00000AhIxaMAF","","","",""
"","a0sWD00000cPyNkYAK","false","SBA Form 1920","005al00000RVcKvAAL","false","false","true","a2GHu00000AhIxbMAF","","","",""
"","a0sWD00000cPyNlYAK","false","Primary Account","005al00000RVcKvAAL","false","false","true","a2GHu00000AhIxcMAF","","","",""
"","a0sWD00000cPyNmYAK","false","Account Debt","005al00000RVcKvAAL","false","false","true","a2GHu00000AhIxdMAF","","","",""
"","a0sWD00000cPyNnYAK","false","SBA Form 652","005al00000RVcKvAAL","false","false","true","a2GHu00000AhIxeMAF","","","",""
"","a0sWD00000cPyNoYAK","false","SBA Form G845","005al00000RVcKvAAL","false","false","true","a2GHu00000AhIxfMAF","","","",""
"","a0sWD00000cPyNpYAK","false","Injections","005al00000RVcKvAAL","false","false","true","a2GHu00000AhIxgMAF","","","",""
"","a0sWD00000cPyNqYAK","false","Loan Information","005al00000RVcKvAAL","false","false","true","a2GHu00000AhIxiMAF","","","",""
"","a0sWD00000cPyNrYAK","false","Pricing","005al00000RVcKvAAL","false","false","true","a2GHu00000AhIxjMAF","","","",""
"","a0sWD00000cPyNsYAK","false","Loan Partner","005al00000RVcKvAAL","false","false","true","a2GHu00000AhIxkMAF","","","",""
"","a0sWD00000cPyNtYAK","false","Use of Proceeds","005al00000RVcKvAAL","false","false","true","a2GHu00000AhIxlMAF","","","",""
"","a0sWD00000cPyNuYAK","false","Certifications","005al00000RVcKvAAL","false","false","true","a2GHu00000AhJ0lMAF","","","",""
"","a0sWD00000cPyNvYAK","false","Participations","005al00000RVcKvAAL","false","false","true","a2GHu00000AhJ0mMAF","","","",""
"","a0sWD00000cPyNwYAK","false","HMDA Screen 1","005al00000RVcKvAAL","false","false","true","a2GHu00000AhJ0nMAF","","","",""
"","a0sWD00000cPyNxYAK","false","Collateral2","005al00000RVcKvAAL","false","false","true","a343g000000gcpFAAQ","","","",""
"","a0sWD00000cPyNyYAK","false","Loan covenants","005al00000RVcKvAAL","false","false","true","a343g000000gcqEAAQ","","","",""
"","a0sWD00000cPyNzYAK","false","Relationship covenants","005al00000RVcKvAAL","false","false","true","a343g000000gcqFAAQ","","","",""
"","a0sWD00000cPyO0YAK","false","Covenant Compliances","005al00000RVcKvAAL","false","false","true","a343g000000gcqGAAQ","","","",""
"","a0sWD00000cPyO1YAK","false","Preliminary Information","005al00000RVcKvAAL","false","false","true","a343g000000gcqHAAQ","","","",""
"","a0sWD00000cPyO2YAK","false","Online Application Details UI","005al00000RVcKvAAL","false","false","true","a343g000000gcqIAAQ","","","",""
"","a0sWD00000cPyO3YAK","false","SBA Application Details","005al00000RVcKvAAL","false","false","true","a343g000000gcqJAAQ","","","",""
"","a0sWD00000cPyO4YAK","false","Unavailable Credit Information","005al00000RVcKvAAL","false","false","true","a343g000000gcqKAAQ","","","",""
"","a0sWD00000cPyO5YAK","false","Loan Details Application UI","005al00000RVcKvAAL","false","false","true","a343g000000gcqLAAQ","","","",""
"","a0sWD00000cPyO6YAK","false","Online App Deposits UI","005al00000RVcKvAAL","false","false","true","a343g000000gcqMAAQ","","","",""
"","a0sWD00000cPyO7YAK","false","Contexts Relationship UI","005al00000RVcKvAAL","false","false","true","a343g000000gcqNAAQ","","","",""
"","a0sWD00000cPyO8YAK","false","Use of Proceeds UI","005al00000RVcKvAAL","false","false","true","a343g000000gcqOAAQ","","","",""
"","a0sWD00000cPyO9YAK","false","SBA Application Change of Ownership UI","005al00000RVcKvAAL","false","false","true","a343g000000gcqPAAQ","","","",""
"","a0sWD00000cPyOAYA0","false","Opportunity History","005al00000RVcKvAAL","false","false","true","a343g000000gcqwAAA","","","",""
"","a0sWD00000cPyQDYA0","false","SBL Eligibility","005al00000RVcKvAAL","false","false","true","a343g000000gcr3AAA","","","",""
"","a0sWD00000cPyOBYA0","false","Consumer Personal","005al00000RVcKvAAL","false","false","true","a343g000000gcr4AAA","","","",""
"","a0sWD00000cPyOCYA0","false","Deposit Rate Table","005al00000RVcKvAAL","false","false","true","a343g000000gcrFAAQ","","","",""
"","a0sWD00000cPyODYA0","false","Needs Assessment","005al00000RVcKvAAL","false","false","true","a343g000000gcrGAAQ","","","",""
"","a0sWD00000cPyOEYA0","false","Personal Info","005al00000RVcKvAAL","false","false","true","a343g000000gcrHAAQ","","","",""
"","a0sWD00000cPyOFYA0","false","Work Information","005al00000RVcKvAAL","false","false","true","a343g000000gcrIAAQ","","","",""
"","a0sWD00000cPyOGYA0","false","Loans and Credit","005al00000RVcKvAAL","false","false","true","a343g000000gcrJAAQ","","","",""
"","a0sWD00000cPyOHYA0","false","Legal Proccessing","005al00000RVcKvAAL","false","false","true","a343g000000gcrKAAQ","","","",""
"","a0sWD00000cPyOIYA0","false","Mortgage Product","005al00000RVcKvAAL","false","false","true","a343g000000gcrLAAQ","","","",""
"","a0sWD00000cPyOJYA0","false","Financial Difficulty","005al00000RVcKvAAL","false","false","true","a343g000000gcrUAAQ","","","",""
"","a0sWD00000cPyOKYA0","false","Certifications","005al00000RVcKvAAL","false","false","true","a343g000000gcwiAAA","","","",""
"","a0sWD00000cPyOLYA0","false","Conditions","005al00000RVcKvAAL","false","false","true","a343g000000gcwvAAA","","","",""
"","a0sWD00000cPyOMYA0","false","Loan Details-Card","005al00000RVcKvAAL","false","false","true","a343g000000gcwyAAA","","","",""
"","a0sWD00000cPyVyYAK","false","Product Package Details LOE","005al00000RVcKvAAL","false","false","true","andrew12345","","","",""
"","a0sWD00000cPyONYA0","false","Security","005al00000RVcKvAAL","false","false","true","apac-res-mtg-collateral-screen","","","",""
"","a0sWD00000cPyOOYA0","false","Borrower Information","005al00000RVcKvAAL","false","false","true","borrower-info-screen","","","",""
"","a0sWD00000cPyWKYA0","false","Row Edit","005al00000RVcKvAAL","false","false","true","dmwui-42142100344","","","",""
"","a0sWD00000cPyWJYA0","false","Row Edit Pre Approval","005al00000RVcKvAAL","false","false","true","dmwui-42307143918","","","",""
"","a0sWD00000cPyWLYA0","false","All Treasury Services","005al00000RVcKvAAL","false","false","true","dmwui-42393982789","","","",""
"","a0sWD00000cPyZ2YAK","false","Bulk Edit","005al00000RVcKvAAL","false","false","true","dmwui-42833518380","","","",""
"","a0sWD00000cPyYTYA0","false","Bulk Edit Post Approval","005al00000RVcKvAAL","false","false","true","dmwui-428335183807","","","",""
"","a0sWD00000cPyWPYA0","false","Pre Approval Loans","005al00000RVcKvAAL","false","false","true","dmwui-42861164296","","","",""
"","a0sWD00000cPyWOYA0","false","Post Approval Facilities","005al00000RVcKvAAL","false","false","true","dmwui-42861164296A","","","",""
"","a0sWD00000cPyWNYA0","false","Bulk Edit","005al00000RVcKvAAL","false","false","true","dmwui-42975216429","","","",""
"","a0sWD00000cPyOPYA0","false","Financial Overview","005al00000RVcKvAAL","false","false","true","fin-overview-screen","","","",""
"","a0sWD00000cPyOQYA0","false","Order Entry - Online Banking","005al00000RVcKvAAL","false","false","true","kjahfisaduhfi7h2iyh","","","",""
"","a0sWD00000cPyVzYAK","false","Processing","005al00000RVcKvAAL","false","false","true","loan-scrn-processing","","","",""
"","a0sWD00000cPyW0YAK","false","Credit","005al00000RVcKvAAL","false","false","true","post-processing","","","",""
"","a0sWD00000cPyWSYA0","false","Pricing Required Fields","005al00000RVcKvAAL","false","false","true","pricingrequiredfields","","","",""
"","a0sWD00000cPyWUYA0","false","Short Term Extensions","005al00000RVcKvAAL","false","false","true","rcaui-42146575989","","","",""
"","a0sWD00000cPyWVYA0","false","Credit Actionable Loans","005al00000RVcKvAAL","false","false","true","rcaui-42425336604","","","",""
"","a0sWD00000cPyWWYA0","false","Credit Actions","005al00000RVcKvAAL","false","false","true","rcaui-42477727610","","","",""
"","a0sWD00000cPyZ3YAK","false","All Loans","005al00000RVcKvAAL","false","false","true","rcaui-42706352307","","","",""
"","a0sWD00000cPyORYA0","false","Borrower Information","005al00000RVcKvAAL","false","false","true","res-mtg-app-borrower-info-screen","","","",""
"","a0sWD00000cPyOSYA0","false","Borrower Information - Mortgage - APAC","005al00000RVcKvAAL","false","false","true","res-mtg-app-borrower-info-screen-apac","","","",""
"","a0sWD00000cPyOTYA0","false","Property","005al00000RVcKvAAL","false","false","true","res-mtg-app-property-screen","","","",""
"","a0sWD00000cPyOUYA0","false","Borrower Information","005al00000RVcKvAAL","false","false","true","res-mtg-refi-borrower-info-screen","","","",""
"","a0sWD00000cPyOVYA0","false","Collateral","005al00000RVcKvAAL","false","false","true","res-mtg-refi-collateral-screen","","","",""
"","a0sWD00000cPyOWYA0","false","Financial Overview","005al00000RVcKvAAL","false","false","true","res-mtg-refi-fin-overview-screen","","","",""
"","a0sWD00000cPyW1YAK","false","Closing","005al00000RVcKvAAL","false","false","true","sn-closing-post","","","",""
"","a0sWD00000cPyW2YAK","false","DocPrep","005al00000RVcKvAAL","false","false","true","sn-docprep-post","","","",""
