"AutorabitExtId__c","Id","IsDeleted","LLC_BI__Branch_Id__c","LLC_BI__City__c","LLC_BI__County__c","LLC_BI__Enabled_Experiences__c","LLC_BI__Institution__c","LLC_BI__Location__Latitude__s","LLC_BI__Location__Longitude__s","LLC_BI__Location__c","LLC_BI__Mortgage_License_State__c","LLC_BI__Mortgage_License__c","LLC_BI__NMLS__c","LLC_BI__State__c","LLC_BI__Street__c","LLC_BI__Zip_Code__c","LLC_BI__lookupKey__c","Name","OwnerId"
"a1TWD000001ox7b2AA","a1TWD000001ox7b2AA","false","765","Chicago","","","a31WD000001k07hYAA","41.830047","87.602809","XmlObjectWrapper{name={urn:sobject.partner.soap.sforce.com}LLC_BI__Location__c, xmlizable=[Location  latitude='41.830047'
 longitude='87.602809'
]
}","","","","IL","3155 S Lake Shore Drive","60616","42637738016507082","Porters Neck","005al00000RVcKvAAL"
"a1TVx00000F44Z6MAJ","a1TWD000001ox7c2AA","false","","","","","","","","","","","","","","","42474163793354642","Branch 2-Updated 2","005al00000RVcKvAAL"
"a1TVx00000F44Z7MAJ","a1TWD000001ox7d2AA","false","","","","","","","","","","","","","","","42274697852735677","Branch new 1","005al00000RVcKvAAL"
"a1TVx00000F452hMAB","a1TWD000001ox7e2AA","false","","","","","","","","","","","","","","","\      981723123\ ","DT-5180-Record03-BackSlash","005al00000RVcKvAAL"
"a1TVx00000F452iMAB","a1TWD000001ox7f2AA","false","","","","","","","","","","","","","","","\      Test123\ ","Singlequote-DT5180","005al00000RVcKvAAL"
"a1TVx00000F44g4MAB","a1TWD000001ox7g2AA","false","","","","","","","","","","","","","","","\       981723123\ ","DT-5180-Record03-BackSlash","005al00000RVcKvAAL"
"a1TVx00000F44gFMAR","a1TWD000001ox7h2AA","false","","","","","","","","","","","","","","","\       Test123\ ","Singlequote-DT5180","005al00000RVcKvAAL"
"a1TVx00000F44ZCMAZ","a1TWD000001ox7i2AA","false","","","","","","","","","","","","","","","42405670057585693","Hyd Qa","005al00000RVcKvAAL"
"a1TVx00000F44Z8MAJ","a1TWD000001ox7j2AA","false","","","","","","","","","","","","","","","\        981723123\ ","DT-5180-Record03-BackSlash","005al00000RVcKvAAL"
"a1TVx00000F44Z9MAJ","a1TWD000001ox7k2AA","false","","","","","","","","","","","","","","","\        Test123\ ","Singlequote-DT5180","005al00000RVcKvAAL"
"a1TVx00000F44ZFMAZ","a1TWD000001ox7l2AA","false","","","","","","","","","","","","IL","","","/""813154123/""","DT-5180-Record01-DoubleQuote","005al00000RVcKvAAL"
"a1TVx00000F44ZGMAZ","a1TWD000001ox7m2AA","false","","","","","","","","","","","","","","","//""Test123//""","doublequote-DT5180","005al00000RVcKvAAL"
"a1TVx00000F44ZHMAZ","a1TWD000001ox7n2AA","false","50001","NJ","","","","","","","","","","CT","CA","16529","42769899187814773","QA Branch for RollBack","005al00000RVcKvAAL"
"a1TVx00000F44ZIMAZ","a1TWD000001ox7o2AA","false","50002","NJ","","","","","","","","","","CT","CA","16529","42969312541966432","QA Branch for RollBack-002","005al00000RVcKvAAL"
"a1TVx00000F44ZJMAZ","a1TWD000001ox7p2AA","false","","","","","","","","","","","","","","","42425639847007241","NewBranch-July-10-OnPremise","005al00000RVcKvAAL"
"a1TVx00000F44ZKMAZ","a1TWD000001ox7q2AA","false","","","","","","","","","","","","","","","42927478242879563","NewBranch-July-10-OnPremise-01","005al00000RVcKvAAL"
"a1TVx00000F44ZLMAZ","a1TWD000001ox7r2AA","false","","Hyd","","","","","","","","","","CA","Hitech City","580008","42969916523147144","Test-For-Rollback-0712-001","005al00000RVcKvAAL"
"a1TVx00000F44ZMMAZ","a1TWD000001ox7s2AA","false","","","","","","","","","","","","","","","42104574955904923","rollBackOrg","005al00000RVcKvAAL"
"a1TVx00000F44ZNMAZ","a1TWD000001ox7t2AA","false","","","","","","","","","","","","","","","42681371586193062","Hyd Telangana dev 01","005al00000RVcKvAAL"
"a1TVx00000F44ZOMAZ","a1TWD000001ox7u2AA","false","","","","","","","","","","","","","","","42683783043332395","Hyd Qa","005al00000RVcKvAAL"
"a1TVx00000F44ZPMAZ","a1TWD000001ox7v2AA","false","","","","","","","","","","","","","","","42017857270307298","Hyd dev","005al00000RVcKvAAL"
"a1TVx00000F44ZQMAZ","a1TWD000001ox7w2AA","false","","Wilmington","","","","","","","","","","","","","4.22704E+16","Wilmington","005al00000RVcKvAAL"
"a1TVx00000F44ZRMAZ","a1TWD000001ox7x2AA","false","502","Mumbai","","","","","","","","","","","","","4.21749E+16","Mumbai","005al00000RVcKvAAL"
"a1TVx00000F44ZSMAZ","a1TWD000001ox7y2AA","false","1213","Hyderabad","","","","","","","","","","","Mindspace","500036","42277346657862025","AR-Branch-Test","005al00000RVcKvAAL"
"a1TVx00000F44ZTMAZ","a1TWD000001ox7z2AA","false","","","","","","","","","","","","","","","12312231987262","Wilmington","005al00000RVcKvAAL"
"a1TVx00000F44ZUMAZ","a1TWD000001ox802AA","false","00-00-00","London","","","","","","","","","","","","","42984981530106460","London City","005al00000RVcKvAAL"
"a1TVx00000F44ZVMAZ","a1TWD000001ox812AA","false","00-00-01","Manchester","","","","","","","","","","","","","42816112327745586","Manchester","005al00000RVcKvAAL"
"a1TVx00000F44ZWMAZ","a1TWD000001ox822AA","false","4","","","","","","","","","","","","","","4.21E+16","Toulouse","005al00000RVcKvAAL"
"a1TVx00000F44ZXMAZ","a1TWD000001ox832AA","false","","","","","","","","","","","","","","","4.29E+16","Barcelona","005al00000RVcKvAAL"
"a1TVx00000F44ZYMAZ","a1TWD000001ox842AA","false","","","","","","","","","","","","","","","4.25E+16","Rome","005al00000RVcKvAAL"
"a1TVx00000F44ZZMAZ","a1TWD000001ox852AA","false","","","","","","","","","","","","","","","4.20E+16","Naples","005al00000RVcKvAAL"
"a1TVx00000F44ZaMAJ","a1TWD000001ox862AA","false","00-00-02","Bristol","","","","","","","","","","","","","42623705816678938","Bristol","005al00000RVcKvAAL"
"a1TVx00000F44ZbMAJ","a1TWD000001ox872AA","false","00-00-03","Liverpool","","","","","","","","","","","","","42234277122631192","Liverpool","005al00000RVcKvAAL"
"a1TVx00000F44ZcMAJ","a1TWD000001ox882AA","false","2","Paris","","","","","","","","","","","","","42187439089132066","Paris","005al00000RVcKvAAL"
"a1TVx00000F44ZdMAJ","a1TWD000001ox892AA","false","3","Marseille","","","","","","","","","","","","","42232433769901310","Marseille","005al00000RVcKvAAL"
"a1TVx00000F44ZeMAJ","a1TWD000001ox8A2AQ","false","4","Toulouse","","","","","","","","","","","","","42113662998770322","Toulouse01","005al00000RVcKvAAL"
"a1TVx00000F44ZfMAJ","a1TWD000001ox8B2AQ","false","","Madrid","","","","","","","","","","","","","42060257462079232","Madrid","005al00000RVcKvAAL"
"a1TVx00000F44ZgMAJ","a1TWD000001ox8C2AQ","false","","Barcelona","","","","","","","","","","","","","42899159769439821","Barcelona","005al00000RVcKvAAL"
"a1TVx00000F44ZhMAJ","a1TWD000001ox8D2AQ","false","","Valencia","","","","","","","","","","","","","42950805545528693","Valencia","005al00000RVcKvAAL"
"a1TVx00000F44ZiMAJ","a1TWD000001ox8E2AQ","false","","Seville","","","","","","","","","","","","","42304069554666446","Seville","005al00000RVcKvAAL"
"a1TVx00000F44ZjMAJ","a1TWD000001ox8F2AQ","false","","Rome","","","","","","","","","","","","","42475652994774891","Rome","005al00000RVcKvAAL"
"a1TVx00000F44ZkMAJ","a1TWD000001ox8G2AQ","false","","Milan","","","","","","","","","","","","","42193729222229818","Milan","005al00000RVcKvAAL"
"a1TVx00000F44ZlMAJ","a1TWD000001ox8H2AQ","false","","Naples","","","","","","","","","","","","","42041492848728951","Naples","005al00000RVcKvAAL"
"a1TVx00000F44ZmMAJ","a1TWD000001ox8I2AQ","false","","Turin","","","","","","","","","","","","","42696661317723472","Turin","005al00000RVcKvAAL"
"a1TVx00000F44ZnMAJ","a1TWD000001ox8J2AQ","false","","Berlin","","","","","","","","","","","","","42161013540773511","Berlin","005al00000RVcKvAAL"
"a1TVx00000F44ZoMAJ","a1TWD000001ox8K2AQ","false","","Hamburg","","","","","","","","","","","","","42757967926654723","Hamburg","005al00000RVcKvAAL"
"a1TVx00000F44ZpMAJ","a1TWD000001ox8L2AQ","false","","Munich","","","","","","","","","","","","","42287382038643938","Munich","005al00000RVcKvAAL"
"a1TVx00000F44ZqMAJ","a1TWD000001ox8M2AQ","false","","Cologne","","","","","","","","","","","","","42737723738240624","Cologne","005al00000RVcKvAAL"
"a1TVx00000F44ZrMAJ","a1TWD000001ox8N2AQ","false","52","Bangalore","","","","","","","","","","","KA","560064","42800838010681455","QA - Branch 002","005al00000RVcKvAAL"
"a1TVx00000F44ZsMAJ","a1TWD000001ox8O2AQ","false","53","myCity","","","","","","","","","","","myStreet","123456","42483464176160371","QA - Branch 003","005al00000RVcKvAAL"
"a1TVx00000F44ZtMAJ","a1TWD000001ox8P2AQ","false","54","myCityTest","","","","","","","","","","","myStreetTest","560066","42576448528245971","QA - Branch 004-0712 Update","005al00000RVcKvAAL"
"a1TVx00000F44ZuMAJ","a1TWD000001ox8Q2AQ","false","","","","","","","","","","","","","","","42611603063655638","SriBranchesTest1","005al00000RVcKvAAL"
"a1TVx00000F44ZvMAJ","a1TWD000001ox8R2AQ","false","","","","","","","","","","","","","","","4.22773E+16","AR-Branch-Test","005al00000RVcKvAAL"
"a1TVx00000F44ZwMAJ","a1TWD000001ox8S2AQ","false","","","","","","","","","","","","","","","1.23122E+13","Wilmington","005al00000RVcKvAAL"
"a1TVx00000F44ZxMAJ","a1TWD000001ox8T2AQ","false","00-00-00","","","","","","","","","","","","","","4.2985E+16","London City","005al00000RVcKvAAL"
"a1TVx00000F44ZyMAJ","a1TWD000001ox8U2AQ","false","00-00-01","","","","","","","","","","","","","","4.28161E+16","Manchester","005al00000RVcKvAAL"
"a1TVx00000F44ZzMAJ","a1TWD000001ox8V2AQ","false","00-00-02","","","","","","","","","","","","","","4.26237E+16","Bristol","005al00000RVcKvAAL"
"a1TVx00000F44a0MAB","a1TWD000001ox8W2AQ","false","00-00-03","","","","","","","","","","","","","","4.22343E+16","Liverpool","005al00000RVcKvAAL"
"a1TVx00000F44a1MAB","a1TWD000001ox8X2AQ","false","2","","","","","","","","","","","","","","4.21874E+16","Paris","005al00000RVcKvAAL"
"a1TVx00000F44a2MAB","a1TWD000001ox8Y2AQ","false","3","","","","","","","","","","","","","","4.22324E+16","Marseille","005al00000RVcKvAAL"
"a1TVx00000F44a3MAB","a1TWD000001ox8Z2AQ","false","4","","","","","","","","","","","","","","4.21137E+16","Toulouse","005al00000RVcKvAAL"
"a1TVx00000F44a4MAB","a1TWD000001ox8a2AA","false","1","","","","","","","","","","","","","","4.27724E+16","Lyon","005al00000RVcKvAAL"
"a1TVx00000F44a5MAB","a1TWD000001ox8b2AA","false","","","","","","","","","","","","","","","4.20603E+16","Madrid","005al00000RVcKvAAL"
"a1TVx00000F44a6MAB","a1TWD000001ox8c2AA","false","","","","","","","","","","","","","","","4.28992E+16","Barcelona","005al00000RVcKvAAL"
"a1TVx00000F44a7MAB","a1TWD000001ox8d2AA","false","","","","","","","","","","","","","","","4.29508E+16","Valencia","005al00000RVcKvAAL"
"a1TVx00000F44a8MAB","a1TWD000001ox8e2AA","false","","","","","","","","","","","","","","","4.23041E+16","Seville","005al00000RVcKvAAL"
"a1TVx00000F44a9MAB","a1TWD000001ox8f2AA","false","","","","","","","","","","","","","","","4.24757E+16","Rome","005al00000RVcKvAAL"
"a1TVx00000F44aAMAR","a1TWD000001ox8g2AA","false","","","","","","","","","","","","","","","4.21937E+16","Milan","005al00000RVcKvAAL"
"a1TVx00000F44aBMAR","a1TWD000001ox8h2AA","false","","","","","","","","","","","","","","","4.20415E+16","Naples","005al00000RVcKvAAL"
"a1TVx00000F44aCMAR","a1TWD000001ox8i2AA","false","","","","","","","","","","","","","","","4.26967E+16","Turin","005al00000RVcKvAAL"
"a1TVx00000F44aDMAR","a1TWD000001ox8j2AA","false","","","","","","","","","","","","","","","4.2161E+16","Berlin","005al00000RVcKvAAL"
"a1TVx00000F44aEMAR","a1TWD000001ox8k2AA","false","","","","","","","","","","","","","","","4.2758E+16","Hamburg","005al00000RVcKvAAL"
"a1TVx00000F44aFMAR","a1TWD000001ox8l2AA","false","","","","","","","","","","","","","","","4.22874E+16","Munich","005al00000RVcKvAAL"
"a1TVx00000F44aGMAR","a1TWD000001ox8m2AA","false","","","","","","","","","","","","","","","4.27377E+16","Cologne","005al00000RVcKvAAL"
"a1TVx00000F44aHMAR","a1TWD000001ox8n2AA","false","52","","","","","","","","","","","","","","4.28008E+16","QA - Branch 002","005al00000RVcKvAAL"
"a1TVx00000F44aIMAR","a1TWD000001ox8o2AA","false","53","","","","","","","","","","","","","","4.24835E+16","QA - Branch 003","005al00000RVcKvAAL"
"a1TVx00000F44aJMAR","a1TWD000001ox8p2AA","false","54","","","","","","","","","","","","","","4.25764E+16","QA - Branch 004","005al00000RVcKvAAL"
"a1TVx00000F44aKMAR","a1TWD000001ox8q2AA","false","","","","","","","","","","","","","","","42361086499466592","Shiva","005al00000RVcKvAAL"
"a1TVx00000F44aLMAR","a1TWD000001ox8r2AA","false","","","","","","","","","","","","","","","42333043214236547","AR-Branch-Test","005al00000RVcKvAAL"
"a1TVx00000F44aMMAR","a1TWD000001ox8s2AA","false","","","","","","","","","","","","","","","42008723670610623","Wilmington","005al00000RVcKvAAL"
"a1TVx00000F44aNMAR","a1TWD000001ox8t2AA","false","00-00-00","","","","","","","","","","","","","","42683844897478206","London City","005al00000RVcKvAAL"
"a1TVx00000F44aOMAR","a1TWD000001ox8u2AA","false","00-00-01","","","","","","","","","","","","","","42462934753303422","Manchester","005al00000RVcKvAAL"
"a1TVx00000F44aPMAR","a1TWD000001ox8v2AA","false","00-00-02","","","","","","","","","","","","","","42350301403076650","Bristol","005al00000RVcKvAAL"
"a1TVx00000F44aQMAR","a1TWD000001ox8w2AA","false","00-00-03","","","","","","","","","","","","","","42179091323594253","Liverpool","005al00000RVcKvAAL"
"a1TVx00000F44aRMAR","a1TWD000001ox8x2AA","false","2","","","","","","","","","","","","","","42755239377688318","Paris","005al00000RVcKvAAL"
"a1TVx00000F44aSMAR","a1TWD000001ox8y2AA","false","3","","","","","","","","","","","","","","42204662098425817","Marseille","005al00000RVcKvAAL"
"a1TVx00000F44aTMAR","a1TWD000001ox8z2AA","false","4","","","","","","","","","","","","","","42802425444024057","Toulouse","005al00000RVcKvAAL"
"a1TVx00000F44aUMAR","a1TWD000001ox902AA","false","1","","","","","","","","","","","","","","42034969807242332","Lyon","005al00000RVcKvAAL"
"a1TVx00000F44aVMAR","a1TWD000001ox912AA","false","","","","","","","","","","","","","","","42512510861018358","yuga002","005al00000RVcKvAAL"
"a1TVx00000F44aWMAR","a1TWD000001ox922AA","false","","","","","","","","","","","","","","","42854073507995564","sree001","005al00000RVcKvAAL"
"a1TVx00000F44aXMAR","a1TWD000001ox932AA","false","","","","","","","","","","","","","","","42656466536907181","shiva001","005al00000RVcKvAAL"
"a1TVx00000F44aYMAR","a1TWD000001ox942AA","false","","","","","","","","","","","","","","","42474661479286286","yugandhar","005al00000RVcKvAAL"
"a1TVx00000F44aZMAR","a1TWD000001ox952AA","false","123","Hyderabad","","","","","","","","","","AL","Test","500049","dryrun","DryRunBranchUpdate","005al00000RVcKvAAL"
"a1TVx00000F44aaMAB","a1TWD000001ox962AA","false","500","Bangalore","","","","","","","","","","AL","Yelahanka","560064","42768501582727041","Bangalore-01-Update","005al00000RVcKvAAL"
"a1TVx00000F44abMAB","a1TWD000001ox972AA","false","501","Delhi","","","","","","","","","","DE","Central","","42464158971677016","Delhi","005al00000RVcKvAAL"
"a1TVx00000F44acMAB","a1TWD000001ox982AA","false","502","Mumbai","","","","","","","","","","MT","Andheri East","","42067240581307215","Mumbai","005al00000RVcKvAAL"
"a1TVx00000F44adMAB","a1TWD000001ox992AA","false","0987","Los Angeles","","","","34.077054","118.232158","XmlObjectWrapper{name={urn:sobject.partner.soap.sforce.com}LLC_BI__Location__c, xmlizable=[Location  latitude='34.077054'
 longitude='118.232158'
]
}","","","","CA","635 Academy Road","90012","9930JPD323915477","Wilmington - South","005al00000RVcKvAAL"
"a1TVx00000F44aeMAB","a1TWD000001ox9A2AQ","false","235576","New York","","","","40.736248","73.979397","XmlObjectWrapper{name={urn:sobject.partner.soap.sforce.com}LLC_BI__Location__c, xmlizable=[Location  latitude='40.736248'
 longitude='73.979397'
]
}","","","","NY","342 E 22nd Street","10010","9951JPD359895839","Wrightsville","005al00000RVcKvAAL"
"a1TVx00000F44afMAB","a1TWD000001ox9B2AQ","false","123456","Salt Lake City","","","","40.769539","-111.882204","XmlObjectWrapper{name={urn:sobject.partner.soap.sforce.com}LLC_BI__Location__c, xmlizable=[Location  latitude='40.769539'
 longitude='-111.882204'
]
}","","","","UT","303 B Street D","84103","9997JPD205456783","Elon","005al00000RVcKvAAL"
"a1TVx00000F44agMAB","a1TWD000001ox9C2AQ","false","234456","Dallas","","","","32.761075","96.743745","XmlObjectWrapper{name={urn:sobject.partner.soap.sforce.com}LLC_BI__Location__c, xmlizable=[Location  latitude='32.761075'
 longitude='96.743745'
]
}","","","","TX","3514 Hancock Street","75210","9900JPD377393056","Wilmington - Main","005al00000RVcKvAAL"
"a1TVx00000F44ahMAB","a1TWD000001ox9D2AQ","false","34567","Minneapolis","","","","44.927774","93.254569","XmlObjectWrapper{name={urn:sobject.partner.soap.sforce.com}LLC_BI__Location__c, xmlizable=[Location  latitude='44.927774'
 longitude='93.254569'
]
}","","","","MN","4125 14th Avenue S.","55407","9984JPD281370293","Mortgage Office","005al00000RVcKvAAL"
"a1TVx00000F44aiMAB","a1TWD000001ox9E2AQ","false","13647","Wilmington","","","","","","","","","","NC","200 Parker Farm Dr.","28403","9920JPD541539548","Mayfaire","005al00000RVcKvAAL"
"a1TVx00000F44ajMAB","a1TWD000001ox9F2AQ","false","","","","","","","","","","","","","","","a0B4W000013fbnWUAQ","nCino HQ","005al00000RVcKvAAL"
"a1TVx00000F44akMAB","a1TWD000001ox9G2AQ","false","","","","","","","","","","","","","","","a0B4W000013nB5mUAE","nCino HQ","005al00000RVcKvAAL"
"a1TVx00000F44alMAB","a1TWD000001ox9H2AQ","false","00001","Lyon","","","","","","","","","","","","","42772430318932776","Lyon","005al00000RVcKvAAL"
"a1TVx00000F44amMAB","a1TWD000001ox9I2AQ","false","","","","","","","","","","","","","","","1234567","testbranch","005al00000RVcKvAAL"
"a1TVx00000F44anMAB","a1TWD000001ox9J2AQ","false","","","","","","","","","","","","","","","a0BHo00000SbBMhMAN","nCino HQ","005al00000RVcKvAAL"
"a1TVx00000F44aoMAB","a1TWD000001ox9K2AQ","false","","","","","","","","","","","","","","","a0BHo00000Z61mFMAR","nCino HQ","005al00000RVcKvAAL"
"a1TVx00000F44apMAB","a1TWD000001ox9L2AQ","false","","","","","","","","","","","","","","","a0B5f000000wKEUEA2","nCino HQ","005al00000RVcKvAAL"
"a1TVx00000F44aqMAB","a1TWD000001ox9M2AQ","false","","Wilmington","","","","","","","","","","NC","6770 Parker Farm Dr.","","42835746243659106","Wilmington","005al00000RVcKvAAL"
"a1TVx00000F44arMAB","a1TWD000001ox9N2AQ","false","765","Chicago","","","","","","","","","","","","","42626787492044930","Porters Neck","005al00000RVcKvAAL"
"a1TVx00000F44asMAB","a1TWD000001ox9O2AQ","false","987","Los Angeles","","","","","","","","","","","","","42843763899037384","Wilmington - South","005al00000RVcKvAAL"
"a1TVx00000F44atMAB","a1TWD000001ox9P2AQ","false","235576","New York","","","","","","","","","","","","","42703771139595463","Wrightsville","005al00000RVcKvAAL"
"a1TVx00000F44auMAB","a1TWD000001ox9Q2AQ","false","13647","Wilmington","","","","","","","","","","","","","42071450135742569","Mayfaire","005al00000RVcKvAAL"
"a1TVx00000F44avMAB","a1TWD000001ox9R2AQ","false","","","","","","","","","","","","","","","42877500523650933","nCino HQ","005al00000RVcKvAAL"
"a1TVx00000F44awMAB","a1TWD000001ox9S2AQ","false","123456","Salt Lake City","","","","","","","","","","","","","42368424779358749","Elon","005al00000RVcKvAAL"
"a1TVx00000F44axMAB","a1TWD000001ox9T2AQ","false","234456","Dallas","","","","","","","","","","","","","42360584062232166","Wilmington - Main","005al00000RVcKvAAL"
"a1TVx00000F44ayMAB","a1TWD000001ox9U2AQ","false","34567","Minneapolis","","","","","","","","","","","","","42769082616097902","Mortgage Office","005al00000RVcKvAAL"
"a1TVx00000F44azMAB","a1TWD000001ox9V2AQ","false","","","","","","","","","","","","","","","42695571527410544","nCino HQ","005al00000RVcKvAAL"
"a1TVx00000F44b0MAB","a1TWD000001ox9W2AQ","false","1","Lyon","","","","","","","","","","","","","42499872189968753","Lyon","005al00000RVcKvAAL"
"a1TVx00000F44b1MAB","a1TWD000001ox9X2AQ","false","","","","","","","","","","","","","","","42258906314280969","testbranch","005al00000RVcKvAAL"
"a1TVx00000F44b2MAB","a1TWD000001ox9Y2AQ","false","","","","","","","","","","","","","","","42416311335156033","nCino HQ","005al00000RVcKvAAL"
"a1TVx00000F44b3MAB","a1TWD000001ox9Z2AQ","false","","","","","","","","","","","","","","","42358446733668515","nCino HQ","005al00000RVcKvAAL"
"a1TVx00000F44b4MAB","a1TWD000001ox9a2AA","false","","Wilmington","","","","","","","","","","","","","42270443632939777","Wilmington","005al00000RVcKvAAL"
"a1TVx00000F44b5MAB","a1TWD000001ox9b2AA","false","502","Mumbai","","","","","","","","","","","","","42174878218385524","Mumbai","005al00000RVcKvAAL"
"a1TVx00000F44b6MAB","a1TWD000001ox9c2AA","false","","","","","","","","","","","","","","","42415870883794925","yugandhar","005al00000RVcKvAAL"
"a1TVx00000F44b7MAB","a1TWD000001ox9d2AA","false","","","","","","","","","","","","","","","42061944136217463","AR-Branch-Test","005al00000RVcKvAAL"
"a1TVx00000F44b8MAB","a1TWD000001ox9e2AA","false","","","","","","","","","","","","","","","42733754761864548","Wilmington","005al00000RVcKvAAL"
"a1TVx00000F44b9MAB","a1TWD000001ox9f2AA","false","00-00-00","","","","","","","","","","","","","","42448226048589507","London City","005al00000RVcKvAAL"
"a1TVx00000F44bAMAR","a1TWD000001ox9g2AA","false","00-00-01","","","","","","","","","","","","","","42156247875525457","Manchester","005al00000RVcKvAAL"
"a1TVx00000F44bBMAR","a1TWD000001ox9h2AA","false","00-00-02","","","","","","","","","","","","","","42107209303086111","Bristol","005al00000RVcKvAAL"
"a1TVx00000F44bCMAR","a1TWD000001ox9i2AA","false","00-00-03","","","","","","","","","","","","","","42639511287688878","Liverpool","005al00000RVcKvAAL"
"a1TVx00000F44bDMAR","a1TWD000001ox9j2AA","false","2","","","","","","","","","","","","","","42293712836484811","Paris","005al00000RVcKvAAL"
"a1TVx00000F44bEMAR","a1TWD000001ox9k2AA","false","3","","","","","","","","","","","","","","42465746428404646","Marseille","005al00000RVcKvAAL"
"a1TVx00000F44bFMAR","a1TWD000001ox9l2AA","false","4","","","","","","","","","","","","","","42922698034785802","Toulouse","005al00000RVcKvAAL"
"a1TVx00000F44bGMAR","a1TWD000001ox9m2AA","false","1","","","","","","","","","","","","","","42454585925874847","Lyon","005al00000RVcKvAAL"
"a1TVx00000F44bHMAR","a1TWD000001ox9n2AA","false","","","","","","","","","","","","","","","42908385675770247","yuga002","005al00000RVcKvAAL"
"a1TVx00000F44bIMAR","a1TWD000001ox9o2AA","false","","","","","","","","","","","","","","","42863944570508979","sree001","005al00000RVcKvAAL"
"a1TVx00000F44bJMAR","a1TWD000001ox9p2AA","false","","","","","","","","","","","","","","","42133008054906237","shiva001","005al00000RVcKvAAL"
"a1TVx00000F44bKMAR","a1TWD000001ox9q2AA","false","500","Bangalore","","","","","","","","","","","","","42237348444565984","Bangalore-01-Update","005al00000RVcKvAAL"
"a1TVx00000F44bLMAR","a1TWD000001ox9r2AA","false","501","Delhi","","","","","","","","","","","","","42499039503797229","Delhi","005al00000RVcKvAAL"
"a1TVx00000F44bMMAR","a1TWD000001ox9s2AA","false","123","Hyderabad","","","","","","","","","","","","","42190284021862019","DryRunBranchUpdate","005al00000RVcKvAAL"
"a1TVx00000F44bNMAR","a1TWD000001ox9t2AA","false","","","","","","","","","","","","","","","42688140578202281","nCino HQ","005al00000RVcKvAAL"
"a1TVx00000F44bOMAR","a1TWD000001ox9u2AA","false","","","","","","","","","","","","","","","42556808141361141","AR-Branch-Test","005al00000RVcKvAAL"
"a1TVx00000F44bPMAR","a1TWD000001ox9v2AA","false","","","","","","","","","","","","","","","42734200522325551","Wilmington","005al00000RVcKvAAL"
"a1TVx00000F44bQMAR","a1TWD000001ox9w2AA","false","00-00-00","","","","","","","","","","","","","","42577231055011455","London City","005al00000RVcKvAAL"
"a1TVx00000F44bRMAR","a1TWD000001ox9x2AA","false","00-00-01","","","","","","","","","","","","","","42274779313703465","Manchester","005al00000RVcKvAAL"
"a1TVx00000F44bSMAR","a1TWD000001ox9y2AA","false","00-00-02","","","","","","","","","","","","","","42988947593818078","Bristol","005al00000RVcKvAAL"
"a1TVx00000F44bTMAR","a1TWD000001ox9z2AA","false","00-00-03","","","","","","","","","","","","","","42411064840140098","Liverpool","005al00000RVcKvAAL"
"a1TVx00000F44bUMAR","a1TWD000001oxA02AI","false","2","","","","","","","","","","","","","","42279391654438389","Paris","005al00000RVcKvAAL"
"a1TVx00000F44bVMAR","a1TWD000001oxA12AI","false","3","","","","","","","","","","","","","","42845433248219925","Marseille","005al00000RVcKvAAL"
"a1TVx00000F44bWMAR","a1TWD000001oxA22AI","false","4","","","","","","","","","","","","","","42719697186726534","Toulouse","005al00000RVcKvAAL"
"a1TVx00000F44bXMAR","a1TWD000001oxA32AI","false","1","","","","","","","","","","","","","","42320211082405515","Lyon","005al00000RVcKvAAL"
"a1TVx00000F44bYMAR","a1TWD000001oxA42AI","false","","","","","","","","","","","","","","","42570158968376822","Madrid","005al00000RVcKvAAL"
"a1TVx00000F44bZMAR","a1TWD000001oxA52AI","false","","","","","","","","","","","","","","","42121796842634294","Barcelona","005al00000RVcKvAAL"
"a1TVx00000F44baMAB","a1TWD000001oxA62AI","false","","","","","","","","","","","","","","","42437320316804799","Valencia","005al00000RVcKvAAL"
"a1TVx00000F44bbMAB","a1TWD000001oxA72AI","false","","","","","","","","","","","","","","","42389538408666396","Seville","005al00000RVcKvAAL"
"a1TVx00000F44bcMAB","a1TWD000001oxA82AI","false","","","","","","","","","","","","","","","42773917280795988","Rome","005al00000RVcKvAAL"
"a1TVx00000F44bdMAB","a1TWD000001oxA92AI","false","","","","","","","","","","","","","","","42355439235128091","Milan","005al00000RVcKvAAL"
"a1TVx00000F44beMAB","a1TWD000001oxAA2AY","false","","","","","","","","","","","","","","","42006549178672748","Naples","005al00000RVcKvAAL"
"a1TVx00000F44bfMAB","a1TWD000001oxAB2AY","false","","","","","","","","","","","","","","","42193764134776161","Turin","005al00000RVcKvAAL"
"a1TVx00000F44bgMAB","a1TWD000001oxAC2AY","false","","","","","","","","","","","","","","","42514520954281698","Berlin","005al00000RVcKvAAL"
"a1TVx00000F44bhMAB","a1TWD000001oxAD2AY","false","","","","","","","","","","","","","","","42461941698516664","Hamburg","005al00000RVcKvAAL"
"a1TVx00000F44biMAB","a1TWD000001oxAE2AY","false","","","","","","","","","","","","","","","42382631687819596","Munich","005al00000RVcKvAAL"
"a1TVx00000F44bjMAB","a1TWD000001oxAF2AY","false","","","","","","","","","","","","","","","42826947695537419","Cologne","005al00000RVcKvAAL"
"a1TVx00000F44bkMAB","a1TWD000001oxAG2AY","false","52","","","","","","","","","","","","","","42429713014757711","QA - Branch 002","005al00000RVcKvAAL"
"a1TVx00000F44blMAB","a1TWD000001oxAH2AY","false","53","","","","","","","","","","","","","","42883860852129749","QA - Branch 003","005al00000RVcKvAAL"
"a1TVx00000F44bmMAB","a1TWD000001oxAI2AY","false","54","","","","","","","","","","","","","","42845520204723066","QA - Branch 004","005al00000RVcKvAAL"
"a1TVx00000F44bnMAB","a1TWD000001oxAJ2AY","false","","","","","","","","","","","","","","","42952891519477744","SriBranchesTest1","005al00000RVcKvAAL"
"a1TVx00000F44boMAB","a1TWD000001oxAK2AY","false","","","","","","","","","","","","","","","42926342898751786","sreekanth","005al00000RVcKvAAL"
"a1TVx00000F44bpMAB","a1TWD000001oxAL2AY","false","","","","","","","","","","","","","","","42183402238739183","Shiva","005al00000RVcKvAAL"
"a1TVx00000F44bqMAB","a1TWD000001oxAM2AY","false","1213","Hyderabad","","","","","","","","","","","","","42912753049247694","AR-Branch-Test","005al00000RVcKvAAL"
"a1TVx00000F44brMAB","a1TWD000001oxAN2AY","false","","","","","","","","","","","","","","","42571900655566474","Wilmington","005al00000RVcKvAAL"
"a1TVx00000F44bsMAB","a1TWD000001oxAO2AY","false","00-00-00","London","","","","","","","","","","","","","42032688136471702","London City","005al00000RVcKvAAL"
"a1TVx00000F44btMAB","a1TWD000001oxAP2AY","false","00-00-01","Manchester","","","","","","","","","","","","","42417447526110371","Manchester","005al00000RVcKvAAL"
"a1TVx00000F44buMAB","a1TWD000001oxAQ2AY","false","00-00-02","Bristol","","","","","","","","","","","","","42224150186941842","Bristol","005al00000RVcKvAAL"
"a1TVx00000F44bvMAB","a1TWD000001oxAR2AY","false","00-00-03","Liverpool","","","","","","","","","","","","","42672267266834828","Liverpool","005al00000RVcKvAAL"
"a1TVx00000F44bwMAB","a1TWD000001oxAS2AY","false","2","Paris","","","","","","","","","","","","","42041880503622389","Paris","005al00000RVcKvAAL"
"a1TVx00000F44bxMAB","a1TWD000001oxAT2AY","false","3","Marseille","","","","","","","","","","","","","42805585547287729","Marseille","005al00000RVcKvAAL"
"a1TVx00000F44byMAB","a1TWD000001oxAU2AY","false","4","Toulouse","","","","","","","","","","","","","42282264705348357","Toulouse01","005al00000RVcKvAAL"
"a1TVx00000F44bzMAB","a1TWD000001oxAV2AY","false","","Madrid","","","","","","","","","","","","","42470977859462395","Madrid","005al00000RVcKvAAL"
"a1TVx00000F44c0MAB","a1TWD000001oxAW2AY","false","","Barcelona","","","","","","","","","","","","","42434382011154728","Barcelona","005al00000RVcKvAAL"
"a1TVx00000F44c1MAB","a1TWD000001oxAX2AY","false","","Valencia","","","","","","","","","","","","","42066055961774332","Valencia","005al00000RVcKvAAL"
"a1TVx00000F44c2MAB","a1TWD000001oxAY2AY","false","","Seville","","","","","","","","","","","","","42179602047163531","Seville","005al00000RVcKvAAL"
"a1TVx00000F44c3MAB","a1TWD000001oxAZ2AY","false","","Rome","","","","","","","","","","","","","42390524699077060","Rome","005al00000RVcKvAAL"
"a1TVx00000F44c4MAB","a1TWD000001oxAa2AI","false","","Milan","","","","","","","","","","","","","42517651549809362","Milan","005al00000RVcKvAAL"
"a1TVx00000F44c5MAB","a1TWD000001oxAb2AI","false","","Naples","","","","","","","","","","","","","42065021595605893","Naples","005al00000RVcKvAAL"
"a1TVx00000F44c6MAB","a1TWD000001oxAc2AI","false","","Turin","","","","","","","","","","","","","42346939368418436","Turin","005al00000RVcKvAAL"
"a1TVx00000F44c7MAB","a1TWD000001oxAd2AI","false","","Berlin","","","","","","","","","","","","","42267334926021310","Berlin","005al00000RVcKvAAL"
"a1TVx00000F44c8MAB","a1TWD000001oxAe2AI","false","54","myCityTest","","","","","","","","","","","","","42327588514061882","QA - Branch 004","005al00000RVcKvAAL"
"a1TVx00000F44c9MAB","a1TWD000001oxAf2AI","false","","","","","","","","","","","","","","","42101343573210470","SriBranchesTest1","005al00000RVcKvAAL"
"a1TVx00000F44cAMAR","a1TWD000001oxAg2AI","false","","Hamburg","","","","","","","","","","","","","42916647366978760","Hamburg","005al00000RVcKvAAL"
"a1TVx00000F44cBMAR","a1TWD000001oxAh2AI","false","","Munich","","","","","","","","","","","","","42542214607014228","Munich","005al00000RVcKvAAL"
"a1TVx00000F44cCMAR","a1TWD000001oxAi2AI","false","","Cologne","","","","","","","","","","","","","42599034955162398","Cologne","005al00000RVcKvAAL"
"a1TVx00000F44cDMAR","a1TWD000001oxAj2AI","false","52","Bangalore","","","","","","","","","","","","","42232041264015883","QA - Branch 002","005al00000RVcKvAAL"
"a1TVx00000F44cEMAR","a1TWD000001oxAk2AI","false","53","myCity","","","","","","","","","","","","","42510737895174108","QA - Branch 003","005al00000RVcKvAAL"
"a1TVx00000F44cFMAR","a1TWD000001oxAl2AI","false","","Hbd","","","","","","","","","","","","","42344336716101906","Hyd","005al00000RVcKvAAL"
"a1TVx00000F44cGMAR","a1TWD000001oxAm2AI","false","","ap01","","","","","","","","","","","","","42031562710689290","Ap","005al00000RVcKvAAL"
"a1TVx00000F44cHMAR","a1TWD000001oxAn2AI","false","","Mumbai-02","","","","","","","","","","","","","42532876444586553","Mumbai-01","005al00000RVcKvAAL"
"a1TVx00000F44cIMAR","a1TWD000001oxAo2AI","false","","Uppal","","","","","","","","","","","","","42135429992770019","Bangalore-01","005al00000RVcKvAAL"
"a1TVx00000F44cJMAR","a1TWD000001oxAp2AI","false","Hyd","","","","","","","","","","","","","","42712103847925761","Uppal","005al00000RVcKvAAL"
"a1TVx00000F44cKMAR","a1TWD000001oxAq2AI","false","KHMM","","","","","","","","","","","","","","42265907221113051","Khmm","005al00000RVcKvAAL"
"a1TVx00000F44cLMAR","a1TWD000001oxAr2AI","false","test-001","test01","","","","","","","","","","","","","42117306237812593","Hyd Qa","005al00000RVcKvAAL"
"a1TVx00000F44cMMAR","a1TWD000001oxAs2AI","false","Test-02","","","","","","","","","","","","","","42322286130974341","UK","005al00000RVcKvAAL"
"a1TVx00000F44cNMAR","a1TWD000001oxAt2AI","false","Test-03","","","","","","","","","","","","","","42500299190166554","Us","005al00000RVcKvAAL"
"a1TVx00000F44cOMAR","a1TWD000001oxAu2AI","false","","Wilmington","","","","","","","","","","NC","6770 Parker Farm Dr.","","4.28357E+16","Wilmington","005al00000RVcKvAAL"
"a1TVx00000F44cPMAR","a1TWD000001oxAv2AI","false","502","Mumbai","","","","","","","","","","MT","Andheri East","","4.20672E+16","Mumbai","005al00000RVcKvAAL"
"a1TVx00000F44cQMAR","a1TWD000001oxAw2AI","false","test-001","test01","","","","","","","","","","","","","4.21173E+16","Hyd Qa","005al00000RVcKvAAL"
"a1TVx00000F44cRMAR","a1TWD000001oxAx2AI","false","Test-02","","","","","","","","","","","","","","4.23223E+16","UK","005al00000RVcKvAAL"
"a1TVx00000F44cSMAR","a1TWD000001oxAy2AI","false","Test-03","","","","","","","","","","","","","","4.25003E+16","Us","005al00000RVcKvAAL"
"a1TVx00000F44cTMAR","a1TWD000001oxAz2AI","false","","","","","","","","","","","","","","","4.24747E+16","yugandhar","005al00000RVcKvAAL"
"a1TVx00000F44cUMAR","a1TWD000001oxB02AI","false","765","Chicago","","","","","","","","","","","","","4.26268E+16","Porters Neck","005al00000RVcKvAAL"
"a1TVx00000F44cVMAR","a1TWD000001oxB12AI","false","987","Los Angeles","","","","","","","","","","","","","4.28438E+16","Wilmington - South","005al00000RVcKvAAL"
"a1TVx00000F44cWMAR","a1TWD000001oxB22AI","false","235576","New York","","","","","","","","","","","","","4.27038E+16","Wrightsville","005al00000RVcKvAAL"
"a1TVx00000F44cXMAR","a1TWD000001oxB32AI","false","13647","Wilmington","","","","","","","","","","","","","4.20715E+16","Mayfaire","005al00000RVcKvAAL"
"a1TVx00000F44cYMAR","a1TWD000001oxB42AI","false","","","","","","","","","","","","","","","4.28775E+16","nCino HQ","005al00000RVcKvAAL"
"a1TVx00000F44cZMAR","a1TWD000001oxB52AI","false","123456","Salt Lake City","","","","","","","","","","","","","4.23684E+16","Elon","005al00000RVcKvAAL"
"a1TVx00000F44caMAB","a1TWD000001oxB62AI","false","234456","Dallas","","","","","","","","","","","","","4.23606E+16","Wilmington - Main","005al00000RVcKvAAL"
"a1TVx00000F44cbMAB","a1TWD000001oxB72AI","false","34567","Minneapolis","","","","","","","","","","","","","4.27691E+16","Mortgage Office","005al00000RVcKvAAL"
"a1TVx00000F44ccMAB","a1TWD000001oxB82AI","false","","","","","","","","","","","","","","","4.26956E+16","nCino HQ","005al00000RVcKvAAL"
"a1TVx00000F44cdMAB","a1TWD000001oxB92AI","false","1","Lyon","","","","","","","","","","","","","4.24999E+16","Lyon","005al00000RVcKvAAL"
"a1TVx00000F44ceMAB","a1TWD000001oxBA2AY","false","","","","","","","","","","","","","","","4.22589E+16","testbranch","005al00000RVcKvAAL"
"a1TVx00000F44cfMAB","a1TWD000001oxBB2AY","false","","","","","","","","","","","","","","","4.24163E+16","nCino HQ","005al00000RVcKvAAL"
"a1TVx00000F44cgMAB","a1TWD000001oxBC2AY","false","","","","","","","","","","","","","","","4.23584E+16","nCino HQ","005al00000RVcKvAAL"
"a1TVx00000F44chMAB","a1TWD000001oxBD2AY","false","","","","","","","","","","","","","","","4.24159E+16","yugandhar","005al00000RVcKvAAL"
"a1TVx00000F44ciMAB","a1TWD000001oxBE2AY","false","","","","","","","","","","","","","","","4.20619E+16","AR-Branch-Test","005al00000RVcKvAAL"
"a1TVx00000F44cjMAB","a1TWD000001oxBF2AY","false","","","","","","","","","","","","","","","4.27338E+16","Wilmington","005al00000RVcKvAAL"
"a1TVx00000F44ckMAB","a1TWD000001oxBG2AY","false","00-00-00","","","","","","","","","","","","","","4.24482E+16","London City","005al00000RVcKvAAL"
"a1TVx00000F44clMAB","a1TWD000001oxBH2AY","false","00-00-01","","","","","","","","","","","","","","4.21562E+16","Manchester","005al00000RVcKvAAL"
"a1TVx00000F44cmMAB","a1TWD000001oxBI2AY","false","00-00-02","","","","","","","","","","","","","","4.21072E+16","Bristol","005al00000RVcKvAAL"
"a1TVx00000F44cnMAB","a1TWD000001oxBJ2AY","false","00-00-03","","","","","","","","","","","","","","4.26395E+16","Liverpool","005al00000RVcKvAAL"
"a1TVx00000F44coMAB","a1TWD000001oxBK2AY","false","2","","","","","","","","","","","","","","4.22937E+16","Paris","005al00000RVcKvAAL"
"a1TVx00000F44cpMAB","a1TWD000001oxBL2AY","false","3","","","","","","","","","","","","","","4.24657E+16","Marseille","005al00000RVcKvAAL"
"a1TVx00000F44cqMAB","a1TWD000001oxBM2AY","false","4","","","","","","","","","","","","","","4.29227E+16","Toulouse","005al00000RVcKvAAL"
"a1TVx00000F44crMAB","a1TWD000001oxBN2AY","false","1","","","","","","","","","","","","","","4.24546E+16","Lyon","005al00000RVcKvAAL"
"a1TVx00000F44csMAB","a1TWD000001oxBO2AY","false","","","","","","","","","","","","","","","4.29084E+16","yuga002","005al00000RVcKvAAL"
"a1TVx00000F44ctMAB","a1TWD000001oxBP2AY","false","","","","","","","","","","","","","","","4.28639E+16","sree001","005al00000RVcKvAAL"
"a1TVx00000F44cuMAB","a1TWD000001oxBQ2AY","false","","","","","","","","","","","","","","","4.2133E+16","shiva001","005al00000RVcKvAAL"
"a1TVx00000F44cvMAB","a1TWD000001oxBR2AY","false","500","Bangalore","","","","","","","","","","","","","4.22373E+16","Bangalore-01-Update","005al00000RVcKvAAL"
"a1TVx00000F44cwMAB","a1TWD000001oxBS2AY","false","501","Delhi","","","","","","","","","","","","","4.2499E+16","Delhi","005al00000RVcKvAAL"
"a1TVx00000F44cxMAB","a1TWD000001oxBT2AY","false","123","Hyderabad","","","","","","","","","","","","","4.21903E+16","DryRunBranchUpdate","005al00000RVcKvAAL"
"a1TVx00000F44cyMAB","a1TWD000001oxBU2AY","false","","","","","","","","","","","","","","","4.26881E+16","nCino HQ","005al00000RVcKvAAL"
"a1TVx00000F44czMAB","a1TWD000001oxBV2AY","false","","","","","","","","","","","","","","","4.25568E+16","AR-Branch-Test","005al00000RVcKvAAL"
"a1TVx00000F44d0MAB","a1TWD000001oxBW2AY","false","","","","","","","","","","","","","","","4.27342E+16","Wilmington","005al00000RVcKvAAL"
"a1TVx00000F44d1MAB","a1TWD000001oxBX2AY","false","00-00-00","","","","","","","","","","","","","","4.25772E+16","London City","005al00000RVcKvAAL"
"a1TVx00000F44d2MAB","a1TWD000001oxBY2AY","false","00-00-01","","","","","","","","","","","","","","4.22748E+16","Manchester","005al00000RVcKvAAL"
"a1TVx00000F44d3MAB","a1TWD000001oxBZ2AY","false","00-00-02","","","","","","","","","","","","","","4.29889E+16","Bristol","005al00000RVcKvAAL"
"a1TVx00000F44d4MAB","a1TWD000001oxBa2AI","false","00-00-03","","","","","","","","","","","","","","4.24111E+16","Liverpool","005al00000RVcKvAAL"
"a1TVx00000F44d5MAB","a1TWD000001oxBb2AI","false","2","","","","","","","","","","","","","","4.22794E+16","Paris","005al00000RVcKvAAL"
"a1TVx00000F44d6MAB","a1TWD000001oxBc2AI","false","3","","","","","","","","","","","","","","4.28454E+16","Marseille","005al00000RVcKvAAL"
"a1TVx00000F44d7MAB","a1TWD000001oxBd2AI","false","4","","","","","","","","","","","","","","4.27197E+16","Toulouse","005al00000RVcKvAAL"
"a1TVx00000F44d8MAB","a1TWD000001oxBe2AI","false","1","","","","","","","","","","","","","","4.23202E+16","Lyon","005al00000RVcKvAAL"
"a1TVx00000F44d9MAB","a1TWD000001oxBf2AI","false","","","","","","","","","","","","","","","4.25702E+16","Madrid","005al00000RVcKvAAL"
"a1TVx00000F44dAMAR","a1TWD000001oxBg2AI","false","","","","","","","","","","","","","","","4.21218E+16","Barcelona","005al00000RVcKvAAL"
"a1TVx00000F44dBMAR","a1TWD000001oxBh2AI","false","","","","","","","","","","","","","","","4.24373E+16","Valencia","005al00000RVcKvAAL"
"a1TVx00000F44dCMAR","a1TWD000001oxBi2AI","false","","","","","","","","","","","","","","","4.23895E+16","Seville","005al00000RVcKvAAL"
"a1TVx00000F44dDMAR","a1TWD000001oxBj2AI","false","","","","","","","","","","","","","","","4.27739E+16","Rome","005al00000RVcKvAAL"
"a1TVx00000F44dEMAR","a1TWD000001oxBk2AI","false","","","","","","","","","","","","","","","4.23554E+16","Milan","005al00000RVcKvAAL"
"a1TVx00000F44dFMAR","a1TWD000001oxBl2AI","false","","","","","","","","","","","","","","","4.20065E+16","Naples","005al00000RVcKvAAL"
"a1TVx00000F44dGMAR","a1TWD000001oxBm2AI","false","","","","","","","","","","","","","","","4.21938E+16","Turin","005al00000RVcKvAAL"
"a1TVx00000F44dHMAR","a1TWD000001oxBn2AI","false","","","","","","","","","","","","","","","4.25145E+16","Berlin","005al00000RVcKvAAL"
"a1TVx00000F44dIMAR","a1TWD000001oxBo2AI","false","","","","","","","","","","","","","","","4.24619E+16","Hamburg","005al00000RVcKvAAL"
"a1TVx00000F44dJMAR","a1TWD000001oxBp2AI","false","","","","","","","","","","","","","","","4.23826E+16","Munich","005al00000RVcKvAAL"
"a1TVx00000F44dKMAR","a1TWD000001oxBq2AI","false","","","","","","","","","","","","","","","4.28269E+16","Cologne","005al00000RVcKvAAL"
"a1TVx00000F44dLMAR","a1TWD000001oxBr2AI","false","52","","","","","","","","","","","","","","4.24297E+16","QA - Branch 002","005al00000RVcKvAAL"
"a1TVx00000F44dMMAR","a1TWD000001oxBs2AI","false","53","","","","","","","","","","","","","","4.28839E+16","QA - Branch 003","005al00000RVcKvAAL"
"a1TVx00000F44dNMAR","a1TWD000001oxBt2AI","false","54","","","","","","","","","","","","","","4.28455E+16","QA - Branch 004","005al00000RVcKvAAL"
"a1TVx00000F44dOMAR","a1TWD000001oxBu2AI","false","","","","","","","","","","","","","","","4.29529E+16","SriBranchesTest1","005al00000RVcKvAAL"
"a1TVx00000F44dPMAR","a1TWD000001oxBv2AI","false","","","","","","","","","","","","","","","4.29263E+16","sreekanth","005al00000RVcKvAAL"
"a1TVx00000F44dQMAR","a1TWD000001oxBw2AI","false","","","","","","","","","","","","","","","4.21834E+16","Shiva","005al00000RVcKvAAL"
"a1TVx00000F44dRMAR","a1TWD000001oxBx2AI","false","1213","Hyderabad","","","","","","","","","","","","","4.29128E+16","AR-Branch-Test","005al00000RVcKvAAL"
"a1TVx00000F44dSMAR","a1TWD000001oxBy2AI","false","","","","","","","","","","","","","","","4.25719E+16","Wilmington","005al00000RVcKvAAL"
"a1TVx00000F44dTMAR","a1TWD000001oxBz2AI","false","00-00-00","London","","","","","","","","","","","","","4.20327E+16","London City","005al00000RVcKvAAL"
"a1TVx00000F44dUMAR","a1TWD000001oxC02AI","false","00-00-01","Manchester","","","","","","","","","","","","","4.24174E+16","Manchester","005al00000RVcKvAAL"
"a1TVx00000F44dVMAR","a1TWD000001oxC12AI","false","00-00-02","Bristol","","","","","","","","","","","","","4.22242E+16","Bristol","005al00000RVcKvAAL"
"a1TVx00000F44dWMAR","a1TWD000001oxC22AI","false","","Seville","","","","","","","","","","","","","4.21796E+16","Seville","005al00000RVcKvAAL"
"a1TVx00000F44dXMAR","a1TWD000001oxC32AI","false","00-00-03","Liverpool","","","","","","","","","","","","","4.26723E+16","Liverpool","005al00000RVcKvAAL"
"a1TVx00000F44dYMAR","a1TWD000001oxC42AI","false","2","Paris","","","","","","","","","","","","","4.20419E+16","Paris","005al00000RVcKvAAL"
"a1TVx00000F44dZMAR","a1TWD000001oxC52AI","false","3","Marseille","","","","","","","","","","","","","4.28056E+16","Marseille","005al00000RVcKvAAL"
"a1TVx00000F44daMAB","a1TWD000001oxC62AI","false","4","Toulouse","","","","","","","","","","","","","4.22823E+16","Toulouse01","005al00000RVcKvAAL"
"a1TVx00000F44dbMAB","a1TWD000001oxC72AI","false","","Madrid","","","","","","","","","","","","","4.2471E+16","Madrid","005al00000RVcKvAAL"
"a1TVx00000F44dcMAB","a1TWD000001oxC82AI","false","","Barcelona","","","","","","","","","","","","","4.24344E+16","Barcelona","005al00000RVcKvAAL"
"a1TVx00000F44ddMAB","a1TWD000001oxC92AI","false","","Valencia","","","","","","","","","","","","","4.20661E+16","Valencia","005al00000RVcKvAAL"
"a1TVx00000F44deMAB","a1TWD000001oxCA2AY","false","","Rome","","","","","","","","","","","","","4.23905E+16","Rome","005al00000RVcKvAAL"
"a1TVx00000F44dfMAB","a1TWD000001oxCB2AY","false","","Milan","","","","","","","","","","","","","4.25177E+16","Milan","005al00000RVcKvAAL"
"a1TVx00000F44dgMAB","a1TWD000001oxCC2AY","false","","Naples","","","","","","","","","","","","","4.2065E+16","Naples","005al00000RVcKvAAL"
"a1TVx00000F44dhMAB","a1TWD000001oxCD2AY","false","","Turin","","","","","","","","","","","","","4.23469E+16","Turin","005al00000RVcKvAAL"
"a1TVx00000F44diMAB","a1TWD000001oxCE2AY","false","","Berlin","","","","","","","","","","","","","4.22673E+16","Berlin","005al00000RVcKvAAL"
"a1TVx00000F44djMAB","a1TWD000001oxCF2AY","false","54","myCityTest","","","","","","","","","","","","","4.23276E+16","QA - Branch 004","005al00000RVcKvAAL"
"a1TVx00000F44dkMAB","a1TWD000001oxCG2AY","false","","","","","","","","","","","","","","","4.21013E+16","SriBranchesTest1","005al00000RVcKvAAL"
"a1TVx00000F44dlMAB","a1TWD000001oxCH2AY","false","","Hamburg","","","","","","","","","","","","","4.29166E+16","Hamburg","005al00000RVcKvAAL"
"a1TVx00000F44dmMAB","a1TWD000001oxCI2AY","false","","Munich","","","","","","","","","","","","","4.25422E+16","Munich","005al00000RVcKvAAL"
"a1TVx00000F44dnMAB","a1TWD000001oxCJ2AY","false","","Cologne","","","","","","","","","","","","","4.2599E+16","Cologne","005al00000RVcKvAAL"
"a1TVx00000F44doMAB","a1TWD000001oxCK2AY","false","52","Bangalore","","","","","","","","","","","","","4.2232E+16","QA - Branch 002","005al00000RVcKvAAL"
"a1TVx00000F44dpMAB","a1TWD000001oxCL2AY","false","53","myCity","","","","","","","","","","","","","4.25107E+16","QA - Branch 003","005al00000RVcKvAAL"
"a1TVx00000F44dqMAB","a1TWD000001oxCM2AY","false","","Hbd","","","","","","","","","","","","","4.23443E+16","Hyd","005al00000RVcKvAAL"
"a1TVx00000F44drMAB","a1TWD000001oxCN2AY","false","","ap01","","","","","","","","","","","","","4.20316E+16","Ap","005al00000RVcKvAAL"
"a1TVx00000F44dsMAB","a1TWD000001oxCO2AY","false","","Mumbai-02","","","","","","","","","","","","","4.25329E+16","Mumbai-01","005al00000RVcKvAAL"
"a1TVx00000F44dtMAB","a1TWD000001oxCP2AY","false","","Uppal","","","","","","","","","","","","","4.21354E+16","Bangalore-01","005al00000RVcKvAAL"
"a1TVx00000F44duMAB","a1TWD000001oxCQ2AY","false","","","","","","","","","","","","","","","4.2333E+16","AR-Branch-Test","005al00000RVcKvAAL"
"a1TVx00000F44dvMAB","a1TWD000001oxCR2AY","false","","","","","","","","","","","","","","","4.20087E+16","Wilmington","005al00000RVcKvAAL"
"a1TVx00000F44dwMAB","a1TWD000001oxCS2AY","false","00-00-00","","","","","","","","","","","","","","4.26838E+16","London City","005al00000RVcKvAAL"
"a1TVx00000F44dxMAB","a1TWD000001oxCT2AY","false","00-00-01","","","","","","","","","","","","","","4.24629E+16","Manchester","005al00000RVcKvAAL"
"a1TVx00000F44dyMAB","a1TWD000001oxCU2AY","false","00-00-02","","","","","","","","","","","","","","4.23503E+16","Bristol","005al00000RVcKvAAL"
"a1TVx00000F44dzMAB","a1TWD000001oxCV2AY","false","00-00-03","","","","","","","","","","","","","","4.21791E+16","Liverpool","005al00000RVcKvAAL"
"a1TVx00000F44e0MAB","a1TWD000001oxCW2AY","false","2","","","","","","","","","","","","","","4.27552E+16","Paris","005al00000RVcKvAAL"
"a1TVx00000F44e1MAB","a1TWD000001oxCX2AY","false","3","","","","","","","","","","","","","","4.22047E+16","Marseille","005al00000RVcKvAAL"
"a1TVx00000F44e2MAB","a1TWD000001oxCY2AY","false","4","","","","","","","","","","","","","","4.28024E+16","Toulouse","005al00000RVcKvAAL"
"a1TVx00000F44e3MAB","a1TWD000001oxCZ2AY","false","1","","","","","","","","","","","","","","4.2035E+16","Lyon","005al00000RVcKvAAL"
"a1TVx00000F44e4MAB","a1TWD000001oxCa2AI","false","","","","","","","","","","","","","","","4.25125E+16","yuga002","005al00000RVcKvAAL"
"a1TVx00000F44e5MAB","a1TWD000001oxCb2AI","false","","","","","","","","","","","","","","","4.28541E+16","sree001","005al00000RVcKvAAL"
"a1TVx00000F44e6MAB","a1TWD000001oxCc2AI","false","","","","","","","","","","","","","","","4.26565E+16","shiva001","005al00000RVcKvAAL"
"a1TVx00000F44e7MAB","a1TWD000001oxCd2AI","false","500","Bangalore","","","","","","","","","","AL","Yelahanka","560064","4.27685E+16","Bangalore-01-Update","005al00000RVcKvAAL"
"a1TVx00000F44e8MAB","a1TWD000001oxCe2AI","false","501","Delhi","","","","","","","","","","DE","Central","","4.24642E+16","Delhi","005al00000RVcKvAAL"
"a1TVx00000F44e9MAB","a1TWD000001oxCf2AI","false","Hyd","","","","","","","","","","","","","","4.27121E+16","Uppal","005al00000RVcKvAAL"
"a1TVx00000F44eAMAR","a1TWD000001oxCg2AI","false","KHMM","","","","","","","","","","","","","","4.22659E+16","Khmm","005al00000RVcKvAAL"
"a1TVx00000F44eBMAR","a1TWD000001oxCh2AI","false","","","","","","","","","","","","","","","4.23E+16","AR-Branch-Test","005al00000RVcKvAAL"
"a1TVx00000F44eCMAR","a1TWD000001oxCi2AI","false","","","","","","","","","","","","","","","1.23E+13","Wilmington","005al00000RVcKvAAL"
"a1TVx00000F44eDMAR","a1TWD000001oxCj2AI","false","00-00-00","","","","","","","","","","","","","","4.30E+16","London City","005al00000RVcKvAAL"
"a1TVx00000F44eEMAR","a1TWD000001oxCk2AI","false","00-00-01","","","","","","","","","","","","","","4.28E+16","Manchester","005al00000RVcKvAAL"
"a1TVx00000F44eFMAR","a1TWD000001oxCl2AI","false","00-00-02","","","","","","","","","","","","","","4.26E+16","Bristol","005al00000RVcKvAAL"
"a1TVx00000F44eGMAR","a1TWD000001oxCm2AI","false","00-00-03","","","","","","","","","","","","","","4.22E+16","Liverpool","005al00000RVcKvAAL"
"a1TVx00000F44eHMAR","a1TWD000001oxCn2AI","false","","","","","","","","","","","","","","","4.27E+16","Turin","005al00000RVcKvAAL"
"a1TVx00000F44eIMAR","a1TWD000001oxCo2AI","false","","","","","","","","","","","","","","","4.21578E+16","sreekanth","005al00000RVcKvAAL"
"a1TVx00000F44eJMAR","a1TWD000001oxCp2AI","false","","","","","","","","","","","","","","","4.23611E+16","Shiva","005al00000RVcKvAAL"
"a1TVx00000F44eKMAR","a1TWD000001oxCq2AI","false","","","","","","","","","","","","","","","42234217593559597","Hyd Qa","005al00000RVcKvAAL"
"a1TVx00000F44eLMAR","a1TWD000001oxCr2AI","false","","","","","","","","","","","","","","","42204496258563925","Hyd dev","005al00000RVcKvAAL"
"a1TVx00000F44eMMAR","a1TWD000001oxCs2AI","false","","","","","","","","","","","","","","","42589717802905288","banguluru","005al00000RVcKvAAL"
"a1TVx00000F44eNMAR","a1TWD000001oxCt2AI","false","","","","","","","","","","","","","","","42263988146896782","Hyd Qa","005al00000RVcKvAAL"
"a1TVx00000F44eOMAR","a1TWD000001oxCu2AI","false","","","","","","","","","","","","","","","42687090036446873","Hyd dev","005al00000RVcKvAAL"
"a1TVx00000F44ePMAR","a1TWD000001oxCv2AI","false","","","","","","","","","","","","","","","42455404617844553","banguluru","005al00000RVcKvAAL"
"a1TVx00000F44eQMAR","a1TWD000001oxCw2AI","false","","","","","","","","","","","","","","","42322313960240575","Hyd Qa","005al00000RVcKvAAL"
"a1TVx00000F44eRMAR","a1TWD000001oxCx2AI","false","","","","","","","","","","","","","","","42001267508093751","Hyd dev","005al00000RVcKvAAL"
"a1TVx00000F44eSMAR","a1TWD000001oxCy2AI","false","","","","","","","","","","","","","","","42001869650774983","banguluru","005al00000RVcKvAAL"
"a1TVx00000F44eTMAR","a1TWD000001oxCz2AI","false","","","","","","","","","","","","","","","42551812186884261","Hyd Qa","005al00000RVcKvAAL"
"a1TVx00000F44eUMAR","a1TWD000001oxD02AI","false","","","","","","","","","","","","","","","428413947308925","Hyd dev","005al00000RVcKvAAL"
"a1TVx00000F44eVMAR","a1TWD000001oxD12AI","false","","","","","","","","","","","","","","","42031184866665101","banguluru","005al00000RVcKvAAL"
"a1TVx00000F44eWMAR","a1TWD000001oxD22AI","false","","","","","","","","","","","","","","","42573265510389478","Hyd Qa","005al00000RVcKvAAL"
"a1TVx00000F44eXMAR","a1TWD000001oxD32AI","false","","","","","","","","","","","","","","","42460599701461235","Hyd dev","005al00000RVcKvAAL"
"a1TVx00000F44eYMAR","a1TWD000001oxD42AI","false","","","","","","","","","","","","","","","42336262647213941","banguluru","005al00000RVcKvAAL"
"a1TVx00000F44eZMAR","a1TWD000001oxD52AI","false","","","","","","","","","","","","","","","42341931225525468","Hyd Qa","005al00000RVcKvAAL"
"a1TVx00000F44eaMAB","a1TWD000001oxD62AI","false","","","","","","","","","","","","","","","42780699018654092","Hyd dev","005al00000RVcKvAAL"
"a1TVx00000F44ebMAB","a1TWD000001oxD72AI","false","","","","","","","","","","","","","","","42090505803064372","banguluru","005al00000RVcKvAAL"
"a1TVx00000F44ecMAB","a1TWD000001oxD82AI","false","","","","","","","","","","","","","","","42958408533213460","Hyd Qa","005al00000RVcKvAAL"
"a1TVx00000F44edMAB","a1TWD000001oxD92AI","false","","","","","","","","","","","","","","","42157993420093165","Hyd dev","005al00000RVcKvAAL"
"a1TVx00000F44eeMAB","a1TWD000001oxDA2AY","false","","","","","","","","","","","","","","","42812270827375650","banguluru","005al00000RVcKvAAL"
"a1TVx00000F44efMAB","a1TWD000001oxDB2AY","false","","","","","","","","","","","","","","","42554781870320368","a0B8c00001Lzw6S","005al00000RVcKvAAL"
"a1TVx00000F44egMAB","a1TWD000001oxDC2AY","false","","","","","","","","","","","","","","","42823688521527380","a0B8c00001Lzw6T","005al00000RVcKvAAL"
"a1TVx00000F44ehMAB","a1TWD000001oxDD2AY","false","","","","","","","","","","","","","","","42207042963003197","Hyd Qa","005al00000RVcKvAAL"
"a1TVx00000F44eiMAB","a1TWD000001oxDE2AY","false","","","","","","","","","","","","","","","42303154998303668","Hyd dev","005al00000RVcKvAAL"
"a1TVx00000F44ejMAB","a1TWD000001oxDF2AY","false","","","","","","","","","","","","","","","42813201778090118","banguluru","005al00000RVcKvAAL"
"a1TVx00000F44ekMAB","a1TWD000001oxDG2AY","false","","","","","","","","","","","","","","","42267468701608602","a0B8c00001M139S","005al00000RVcKvAAL"
"a1TVx00000F44elMAB","a1TWD000001oxDH2AY","false","","","","","","","","","","","","","","","42696644396824194","a0B8c00001M139T","005al00000RVcKvAAL"
"a1TVx00000F44emMAB","a1TWD000001oxDI2AY","false","","","","","","","","","","","","","","","42049305405367592","Hyd Qa","005al00000RVcKvAAL"
"a1TVx00000F44enMAB","a1TWD000001oxDJ2AY","false","","","","","","","","","","","","","","","42384961519834637","Hyd dev","005al00000RVcKvAAL"
"a1TVx00000F44eoMAB","a1TWD000001oxDK2AY","false","","","","","","","","","","","","","","","42932332697165865","banguluru","005al00000RVcKvAAL"
"a1TVx00000F44epMAB","a1TWD000001oxDL2AY","false","","cityname002","","","","","","","","","","","","","42570694533628753","cityname001","005al00000RVcKvAAL"
"a1TVx00000F44eqMAB","a1TWD000001oxDM2AY","false","","city test 01","","","","","","","","","","","","","42581413393914682","name test 01","005al00000RVcKvAAL"
"a1TVx00000F44erMAB","a1TWD000001oxDN2AY","false","","cityname02","","","","","","","","","","","","","42532926925735208","cityname01","005al00000RVcKvAAL"
"a1TVx00000F44esMAB","a1TWD000001oxDO2AY","false","","","","","","","","","","","","","","","42177360474281153","Hyd Qa","005al00000RVcKvAAL"
"a1TVx00000F44etMAB","a1TWD000001oxDP2AY","false","","","","","","","","","","","","","","","42548281320214047","Hyd dev","005al00000RVcKvAAL"
"a1TVx00000F44euMAB","a1TWD000001oxDQ2AY","false","","","","","","","","","","","","","","","42046187686829703","banguluru","005al00000RVcKvAAL"
"a1TVx00000F44evMAB","a1TWD000001oxDR2AY","false","","","","","","","","","","","","","","","42785396038108718","Hyd Qa","005al00000RVcKvAAL"
"a1TVx00000F44ewMAB","a1TWD000001oxDS2AY","false","","","","","","","","","","","","","","","42377892444945425","Hyd dev","005al00000RVcKvAAL"
"a1TVx00000F44exMAB","a1TWD000001oxDT2AY","false","","","","","","","","","","","","","","","42439344418739686","banguluru","005al00000RVcKvAAL"
"a1TVx00000F44eyMAB","a1TWD000001oxDU2AY","false","","","","","","","","","","","","","","","42842805726037763","Hyd Qa","005al00000RVcKvAAL"
"a1TVx00000F44ezMAB","a1TWD000001oxDV2AY","false","","","","","","","","","","","","","","","42177720179894489","Hyd dev","005al00000RVcKvAAL"
"a1TVx00000F44f0MAB","a1TWD000001oxDW2AY","false","","","","","","","","","","","","","","","42466875489005551","banguluru","005al00000RVcKvAAL"
"a1TVx00000F44f1MAB","a1TWD000001oxDX2AY","false","","","","","","","","","","","","","","","42351989184646387","Hyd Qa","005al00000RVcKvAAL"
"a1TVx00000F44f2MAB","a1TWD000001oxDY2AY","false","","","","","","","","","","","","","","","42986570203827489","Hyd dev","005al00000RVcKvAAL"
"a1TVx00000F44f3MAB","a1TWD000001oxDZ2AY","false","","","","","","","","","","","","","","","42867815068177850","banguluru","005al00000RVcKvAAL"
"a1TVx00000F44f4MAB","a1TWD000001oxDa2AI","false","","","","","","","","","","","","","","","42547433344510880","Hyd Qa","005al00000RVcKvAAL"
"a1TVx00000F44f5MAB","a1TWD000001oxDb2AI","false","","","","","","","","","","","","","","","42333699377976831","Hyd dev","005al00000RVcKvAAL"
"a1TVx00000F44f6MAB","a1TWD000001oxDc2AI","false","","","","","","","","","","","","","","","42216425079665176","banguluru","005al00000RVcKvAAL"
"a1TVx00000F44f7MAB","a1TWD000001oxDd2AI","false","","","","","","","","","","","","","","","42201188448860931","Hyd Qa","005al00000RVcKvAAL"
"a1TVx00000F44f8MAB","a1TWD000001oxDe2AI","false","","","","","","","","","","","","","","","42500783472361928","Hyd dev","005al00000RVcKvAAL"
"a1TVx00000F44f9MAB","a1TWD000001oxDf2AI","false","","","","","","","","","","","","","","","42369903060542672","banguluru","005al00000RVcKvAAL"
"a1TVx00000F44fAMAR","a1TWD000001oxDg2AI","false","","","","","","","","","","","","","","","42826060966795394","Hyd Qa","005al00000RVcKvAAL"
"a1TVx00000F44fBMAR","a1TWD000001oxDh2AI","false","","","","","","","","","","","","","","","42943547930302763","Hyd dev","005al00000RVcKvAAL"
"a1TVx00000F44fCMAR","a1TWD000001oxDi2AI","false","","","","","","","","","","","","","","","42674369064971037","banguluru","005al00000RVcKvAAL"
"a1TVx00000F44fDMAR","a1TWD000001oxDj2AI","false","","","","","","","","","","","","","","","42200522780753833","Hyd Qa","005al00000RVcKvAAL"
"a1TVx00000F44fEMAR","a1TWD000001oxDk2AI","false","","","","","","","","","","","","","","","42199321047447015","Hyd dev","005al00000RVcKvAAL"
"a1TVx00000F44fFMAR","a1TWD000001oxDl2AI","false","","","","","","","","","","","","","","","42818715583048343","banguluru","005al00000RVcKvAAL"
"a1TVx00000F44fGMAR","a1TWD000001oxDm2AI","false","","","","","","","","","","","","","","","42791930876949862","Hyd Qa","005al00000RVcKvAAL"
"a1TVx00000F44fHMAR","a1TWD000001oxDn2AI","false","","","","","","","","","","","","","","","42431178253486187","Hyd dev","005al00000RVcKvAAL"
"a1TVx00000F44fIMAR","a1TWD000001oxDo2AI","false","","","","","","","","","","","","","","","42418181753016277","banguluru","005al00000RVcKvAAL"
"a1TVx00000F44fJMAR","a1TWD000001oxDp2AI","false","","","","","","","","","","","","","","","42788137853892462","Hyd Qa","005al00000RVcKvAAL"
"a1TVx00000F44fKMAR","a1TWD000001oxDq2AI","false","","","","","","","","","","","","","","","42021543533330203","Hyd dev","005al00000RVcKvAAL"
"a1TVx00000F44fLMAR","a1TWD000001oxDr2AI","false","","","","","","","","","","","","","","","42711491979357287","banguluru","005al00000RVcKvAAL"
"a1TVx00000F44fMMAR","a1TWD000001oxDs2AI","false","","","","","","","","","","","","","","","42998389759109050","Hyd Qa","005al00000RVcKvAAL"
"a1TVx00000F44fNMAR","a1TWD000001oxDt2AI","false","","","","","","","","","","","","","","","42678428417976691","Hyd dev","005al00000RVcKvAAL"
"a1TVx00000F44fOMAR","a1TWD000001oxDu2AI","false","","","","","","","","","","","","","","","42953937233894434","banguluru","005al00000RVcKvAAL"
"a1TVx00000F44fPMAR","a1TWD000001oxDv2AI","false","","","","","","","","","","","","","","","42502138908319247","Hyd Qa","005al00000RVcKvAAL"
"a1TVx00000F44fQMAR","a1TWD000001oxDw2AI","false","","","","","","","","","","","","","","","42220861653318673","Hyd dev","005al00000RVcKvAAL"
"a1TVx00000F44fRMAR","a1TWD000001oxDx2AI","false","","","","","","","","","","","","","","","42746213095980590","banguluru","005al00000RVcKvAAL"
"a1TVx00000F44fSMAR","a1TWD000001oxDy2AI","false","","","","","","","","","","","","","","","42107311981248539","Hyd Qa","005al00000RVcKvAAL"
"a1TVx00000F44fTMAR","a1TWD000001oxDz2AI","false","","","","","","","","","","","","","","","42404205863720153","Hyd dev","005al00000RVcKvAAL"
"a1TVx00000F44fUMAR","a1TWD000001oxE02AI","false","","","","","","","","","","","","","","","42295463100363723","banguluru","005al00000RVcKvAAL"
"a1TVx00000F44fVMAR","a1TWD000001oxE12AI","false","","","","","","","","","","","","","","","42261615310618471","Hyd Qa","005al00000RVcKvAAL"
"a1TVx00000F44fWMAR","a1TWD000001oxE22AI","false","","","","","","","","","","","","","","","42197902312187390","Hyd dev","005al00000RVcKvAAL"
"a1TVx00000F44fXMAR","a1TWD000001oxE32AI","false","","","","","","","","","","","","","","","42070819029373520","banguluru","005al00000RVcKvAAL"
"a1TVx00000F44fYMAR","a1TWD000001oxE42AI","false","","","","","","","","","","","","","","","42809952220250129","Hyd Qa","005al00000RVcKvAAL"
"a1TVx00000F44fZMAR","a1TWD000001oxE52AI","false","","","","","","","","","","","","","","","42650979567245893","Hyd dev","005al00000RVcKvAAL"
"a1TVx00000F44faMAB","a1TWD000001oxE62AI","false","","","","","","","","","","","","","","","42471232635096219","banguluru","005al00000RVcKvAAL"
"a1TVx00000F44fbMAB","a1TWD000001oxE72AI","false","","","","","","","","","","","","","","","42988702600307397","Hyd Qa","005al00000RVcKvAAL"
"a1TVx00000F44fcMAB","a1TWD000001oxE82AI","false","","","","","","","","","","","","","","","42294287336568761","Hyd dev","005al00000RVcKvAAL"
"a1TVx00000F44fdMAB","a1TWD000001oxE92AI","false","","","","","","","","","","","","","","","42144959061249998","banguluru","005al00000RVcKvAAL"
"a1TVx00000F44feMAB","a1TWD000001oxEA2AY","false","","","","","","","","","","","","","","","42365540566000816","Hyd Qa","005al00000RVcKvAAL"
"a1TVx00000F44ffMAB","a1TWD000001oxEB2AY","false","","","","","","","","","","","","","","","42941496679313605","Hyd dev","005al00000RVcKvAAL"
"a1TVx00000F44fgMAB","a1TWD000001oxEC2AY","false","","","","","","","","","","","","","","","42627026512045445","banguluru","005al00000RVcKvAAL"
"a1TVx00000F44fhMAB","a1TWD000001oxED2AY","false","","","","","","","","","","","","","","","42914953756463827","Hyd Qa","005al00000RVcKvAAL"
"a1TVx00000F44fiMAB","a1TWD000001oxEE2AY","false","","","","","","","","","","","","","","","42039931200991485","Hyd dev","005al00000RVcKvAAL"
"a1TVx00000F44fjMAB","a1TWD000001oxEF2AY","false","","","","","","","","","","","","","","","42775398232830501","banguluru","005al00000RVcKvAAL"
"a1TVx00000F44fkMAB","a1TWD000001oxEG2AY","false","","city 01","","","","","","","","","","","","","42597538429804846","name 01","005al00000RVcKvAAL"
"a1TVx00000F44flMAB","a1TWD000001oxEH2AY","false","","city 001","","","","","","","","","","","","","42049082227905706","name 001","005al00000RVcKvAAL"
"a1TVx00000F44fmMAB","a1TWD000001oxEI2AY","false","","","","","","","","","","","","","","","42463163950481255","Hyd Qa","005al00000RVcKvAAL"
"a1TVx00000F44fnMAB","a1TWD000001oxEJ2AY","false","","","","","","","","","","","","","","","42347488189298302","Hyd dev","005al00000RVcKvAAL"
"a1TVx00000F44foMAB","a1TWD000001oxEK2AY","false","","","","","","","","","","","","","","","42234115540554742","banguluru","005al00000RVcKvAAL"
"a1TVx00000F44fpMAB","a1TWD000001oxEL2AY","false","","","","","","","","","","","","","","","42430577364691018","banguluru","005al00000RVcKvAAL"
"a1TVx00000F44fqMAB","a1TWD000001oxEM2AY","false","","","","","","","","","","","","","","","42011205188333450","Hyd Qa","005al00000RVcKvAAL"
"a1TVx00000F44frMAB","a1TWD000001oxEN2AY","false","","","","","","","","","","","","","","","42557783922338504","Hyd dev","005al00000RVcKvAAL"
"a1TVx00000F44fsMAB","a1TWD000001oxEO2AY","false","","","","","","","","","","","","","","","42260611975319865","banguluru","005al00000RVcKvAAL"
"a1TVx00000F44ftMAB","a1TWD000001oxEP2AY","false","","","","","","","","","","","","","","","42030851582694782","Hyd Qa","005al00000RVcKvAAL"
"a1TVx00000F44fuMAB","a1TWD000001oxEQ2AY","false","","","","","","","","","","","","","","","42156214979868978","Hyd dev","005al00000RVcKvAAL"
"a1TVx00000F44fvMAB","a1TWD000001oxER2AY","false","","","","","","","","","","","","","","","42220393672228027","banguluru","005al00000RVcKvAAL"
"a1TVx00000F44fwMAB","a1TWD000001oxES2AY","false","","","","","","","","","","","","","","","42660403128438115","Hyd Qa","005al00000RVcKvAAL"
"a1TVx00000F44fxMAB","a1TWD000001oxET2AY","false","","","","","","","","","","","","","","","42025937990052522","Hyd dev","005al00000RVcKvAAL"
"a1TVx00000F44fyMAB","a1TWD000001oxEU2AY","false","","","","","","","","","","","","","","","42606913781424750","banguluru","005al00000RVcKvAAL"
"a1TVx00000F44fzMAB","a1TWD000001oxEV2AY","false","","","","","","","","","","","","","","","42068592848958427","Hyd Qa","005al00000RVcKvAAL"
"a1TVx00000F44g0MAB","a1TWD000001oxEW2AY","false","","","","","","","","","","","","","","","42489019712653174","Hyd dev","005al00000RVcKvAAL"
"a1TVx00000F44g1MAB","a1TWD000001oxEX2AY","false","","","","","","","","","","","","","","","42844152937138020","banguluru","005al00000RVcKvAAL"
"a1TVx00000F44g2MAB","a1TWD000001oxEY2AY","false","","","","","","","","","","","","IL","","","""813154123""","DT-5180-Record01-DoubleQuote","005al00000RVcKvAAL"
"a1TVx00000F44g3MAB","a1TWD000001oxEZ2AY","false","","","","","","","","","","","","","","","/123765123/","DT-5180-Record04-ForwardSlash","005al00000RVcKvAAL"
"a1TVx00000GQGj3MAH","a1TWD000001oxEa2AI","false","","","","","","","","","","","","","","","\     981723123\ ","DT-5180-Record03-BackSlash","005al00000RVcKvAAL"
"a1TVx00000F44g5MAB","a1TWD000001oxEb2AI","false","","","","","","","","","","","","IL","","","'8612354123'","DT-5180-Record02-SingleQuote","005al00000RVcKvAAL"
"a1TVx00000F44g6MAB","a1TWD000001oxEc2AI","false","","","","","","","","","","","","","","","42595940403212727","Hyd Qa","005al00000RVcKvAAL"
"a1TVx00000F44g7MAB","a1TWD000001oxEd2AI","false","","","","","","","","","","","","","","","42053467054914013","Hyd dev","005al00000RVcKvAAL"
"a1TVx00000F44g8MAB","a1TWD000001oxEe2AI","false","","","","","","","","","","","","","","","42840003162394867","banguluru","005al00000RVcKvAAL"
"a1TVx00000F44g9MAB","a1TWD000001oxEf2AI","false","","","","","","","","","","","","","","","42574633407241350","Hyd Qa","005al00000RVcKvAAL"
"a1TVx00000F44gAMAR","a1TWD000001oxEg2AI","false","","","","","","","","","","","","","","","42913317808099454","Hyd dev","005al00000RVcKvAAL"
"a1TVx00000F44gBMAR","a1TWD000001oxEh2AI","false","","","","","","","","","","","","","","","42531745920336478","banguluru","005al00000RVcKvAAL"
"a1TVx00000F44gCMAR","a1TWD000001oxEi2AI","false","","","","","","","","","","","","","","","/Test123/","Forwarequote-DT5180","005al00000RVcKvAAL"
"a1TVx00000F44gDMAR","a1TWD000001oxEj2AI","false","","","","","","","","","","","","","","","""Test123""","doublequote-DT5180","005al00000RVcKvAAL"
"a1TVx00000F44gEMAR","a1TWD000001oxEk2AI","false","","","","","","","","","","","","","","","'Test123'","Singlequote-DT5180","005al00000RVcKvAAL"
"a1TVx00000GQGj4MAH","a1TWD000001oxEl2AI","false","","","","","","","","","","","","","","","\     Test123\ ","Singlequote-DT5180","005al00000RVcKvAAL"
"a1TVx00000F44gGMAR","a1TWD000001oxEm2AI","false","","","","","","","","","","","","","","","42581701232601569","Hyd Qa","005al00000RVcKvAAL"
"a1TVx00000F44gHMAR","a1TWD000001oxEn2AI","false","","","","","","","","","","","","","","","42687865210754102","Hyd dev","005al00000RVcKvAAL"
"a1TVx00000F44gIMAR","a1TWD000001oxEo2AI","false","","","","","","","","","","","","","","","42059257364922923","banguluru","005al00000RVcKvAAL"
"a1TVx00000F44gJMAR","a1TWD000001oxEp2AI","false","","","","","","","","","","","","","","","42215446251288288","Hyd Qa","005al00000RVcKvAAL"
"a1TVx00000F44gKMAR","a1TWD000001oxEq2AI","false","","","","","","","","","","","","","","","42128615996319906","Hyd dev","005al00000RVcKvAAL"
"a1TVx00000F44gLMAR","a1TWD000001oxEr2AI","false","","","","","","","","","","","","","","","42733944959563303","banguluru","005al00000RVcKvAAL"
"a1TVx00000F44gMMAR","a1TWD000001oxEs2AI","false","","","","","","","","","","","","","","","/""Test123/""","doublequote-DT5180","005al00000RVcKvAAL"
"a1TVx00000F44gNMAR","a1TWD000001oxEt2AI","false","","","","","","","","","","","","","","","42113307815011219","Hyd Qa","005al00000RVcKvAAL"
"a1TVx00000F44gOMAR","a1TWD000001oxEu2AI","false","","","","","","","","","","","","","","","42261540952242268","Hyd dev","005al00000RVcKvAAL"
"a1TVx00000F44gPMAR","a1TWD000001oxEv2AI","false","","","","","","","","","","","","","","","42040170866651223","banguluru","005al00000RVcKvAAL"
"a1TVx00000F44gQMAR","a1TWD000001oxEw2AI","false","","","","","","","","","","","","","","","42388326363421866","Hyd Qa","005al00000RVcKvAAL"
"a1TVx00000F44gRMAR","a1TWD000001oxEx2AI","false","","","","","","","","","","","","","","","42384784950255878","Hyd dev","005al00000RVcKvAAL"
"a1TVx00000F44gSMAR","a1TWD000001oxEy2AI","false","","","","","","","","","","","","","","","42371778507118016","banguluru","005al00000RVcKvAAL"
"a1TVx00000F44gTMAR","a1TWD000001oxEz2AI","false","","","","","","","","","","","","","","","42540992200100043","Hyd Qa","005al00000RVcKvAAL"
"a1TVx00000F44gUMAR","a1TWD000001oxF02AI","false","","","","","","","","","","","","","","","42436249282654868","Hyd dev","005al00000RVcKvAAL"
"a1TVx00000F44gVMAR","a1TWD000001oxF12AI","false","","","","","","","","","","","","","","","42005533545830061","banguluru","005al00000RVcKvAAL"
"a1TVx00000F44gWMAR","a1TWD000001oxF22AI","false","","","","","","","","","","","","","","","42012605231311550","Hyd Qa","005al00000RVcKvAAL"
"a1TVx00000F44gXMAR","a1TWD000001oxF32AI","false","","","","","","","","","","","","","","","42287417874970751","Hyd dev","005al00000RVcKvAAL"
"a1TVx00000F44gYMAR","a1TWD000001oxF42AI","false","","","","","","","","","","","","","","","42580863064378424","banguluru","005al00000RVcKvAAL"
"a1TVx00000F44gZMAR","a1TWD000001oxF52AI","false","","","","","","","","","","","","","","","42130070538988258","Hyd Telangana dev","005al00000RVcKvAAL"
"a1TVx00000F44gaMAB","a1TWD000001oxF62AI","false","","","","","","","","","","","","","","","42478486000375535","banguluru","005al00000RVcKvAAL"
"a1TVx00000F44gbMAB","a1TWD000001oxF72AI","false","","","","","","","","","","","","","","","42220673185074397","Branch new 2","005al00000RVcKvAAL"
"a1TVx00000F44gcMAB","a1TWD000001oxF82AI","false","","","","","","","","","","","","","","","42872745020935342","Branch new 1 New Record","005al00000RVcKvAAL"
"a1TVx00000F44gdMAB","a1TWD000001oxF92AI","false","","","","","","","","","","","","","","","42713039287307906","Branch new 2 New Record","005al00000RVcKvAAL"
"a1TVx00000F44geMAB","a1TWD000001oxFA2AY","false","","","","","","","","","","","","","","","42941979279255705","Branch new 3","005al00000RVcKvAAL"
"a1TVx00000F44gfMAB","a1TWD000001oxFB2AY","false","","","","","","","","","","","","","","","42682029798990806","Branch new 4","005al00000RVcKvAAL"
"a1TVx00000F44ggMAB","a1TWD000001oxFC2AY","false","","","","","","","","","","","","","","","42187817396943064","Branch new 5","005al00000RVcKvAAL"
"a1TVx00000F44ghMAB","a1TWD000001oxFD2AY","false","","","","","","","","","","","","","","","42875863719753842","Branch Test 001","005al00000RVcKvAAL"
"a1TVx00000F44giMAB","a1TWD000001oxFE2AY","false","","","","","","","","","","","","","","","42080927610770509","Branch 3","005al00000RVcKvAAL"
"a1TVx00000F44ZBMAZ","a1TWD000001oxFF2AY","false","","","","","","","","","","","","","","","\         Test123\ ","Singlequote-DT5180","005al00000RVcKvAAL"
"a1TVx00000F44gkMAB","a1TWD000001oxFG2AY","false","1213","Hyderabad clone","","","","","","","","","","","Mindspace clone","500036 clo","42022301917367274","AR-Branch-Test clone","005al00000RVcKvAAL"
"a1TVx00000F44glMAB","a1TWD000001oxFH2AY","false","1213","Hyderabad","","","","","","","","","","","Mindspace","500036","42045247002567686","New Record Branch","005al00000RVcKvAAL"
"a1TVx00000F44gmMAB","a1TWD000001oxFI2AY","false","1213","Hyderabad","","","","","","","","","","","Mindspace","500036","42946873198914700","New Record Branch 2","005al00000RVcKvAAL"
"a1TVx00000F44gnMAB","a1TWD000001oxFJ2AY","false","","","","","","","","","","","","","","","42373966028904976","New Branch 2","005al00000RVcKvAAL"
"a1TVx00000F44goMAB","a1TWD000001oxFK2AY","false","","","","","","","","","","","","","","","42013493088032710","New Branch 3","005al00000RVcKvAAL"
"a1TVx00000F44gpMAB","a1TWD000001oxFL2AY","false","","","","","","","","","","","","","","","42010278444230075","New Branch 4","005al00000RVcKvAAL"
"a1TVx00000F44gqMAB","a1TWD000001oxFM2AY","false","","","","","","","","","","","","","","","42347186798832618","Branch New 3","005al00000RVcKvAAL"
"a1TVx00000F44ZAMAZ","a1TWD000001oxFN2AY","false","","","","","","","","","","","","","","","\         981723123\ ","DT-5180-Record03-BackSlash","005al00000RVcKvAAL"
"a1TVx00000F44ZEMAZ","a1TWD000001oxFO2AY","false","","","","","","","","","","","","","","","\          Test123\ ","Singlequote-DT5180","005al00000RVcKvAAL"
"a1TVx00000F44gtMAB","a1TWD000001oxFP2AY","false","","","","","","","","","","","","","","","42795719630084337","newTest1","005al00000RVcKvAAL"
"a1TVx00000F44ZDMAZ","a1TWD000001oxFQ2AY","false","","","","","","","","","","","","","","","\          981723123\ ","DT-5180-Record03-BackSlash","005al00000RVcKvAAL"
"a1TVx00000F44gjMAB","a1TWD000001oxFR2AY","false","","","","","","","","","","","","","","","\           Test123\ ","Singlequote-DT5180","005al00000RVcKvAAL"
"a1TVx00000F44gwMAB","a1TWD000001oxFS2AY","false","","","","","","","","","","","","","","","42055306378679494","New Rec 0001","005al00000RVcKvAAL"
"a1TVx00000F44gxMAB","a1TWD000001oxFT2AY","false","","","","","","","","","","","","","","","42102896379584951","New Rec 0002","005al00000RVcKvAAL"
"a1TVx00000F44gyMAB","a1TWD000001oxFU2AY","false","","","","","","","","","","","","","","","42298947869016894","New Rec 0003","005al00000RVcKvAAL"
"a1TVx00000F44grMAB","a1TWD000001oxFV2AY","false","","","","","","","","","","","","","","","\           981723123\ ","DT-5180-Record03-BackSlash","005al00000RVcKvAAL"
"a1TVx00000F44gsMAB","a1TWD000001oxFW2AY","false","","","","","","","","","","","","","","","\            Test123\ ","Singlequote-DT5180","005al00000RVcKvAAL"
"a1TVx00000F44guMAB","a1TWD000001oxFX2AY","false","","","","","","","","","","","","","","","\            981723123\ ","DT-5180-Record03-BackSlash","005al00000RVcKvAAL"
"a1TVx00000F44gvMAB","a1TWD000001oxFY2AY","false","","","","","","","","","","","","","","","\             Test123\ ","Singlequote-DT5180","005al00000RVcKvAAL"
"a1TVx00000F44h3MAB","a1TWD000001oxFZ2AY","false","","","","","","","","","","","","IL","","","42059989215882375","""813154123""","005al00000RVcKvAAL"
"a1TVx00000F44h4MAB","a1TWD000001oxFa2AI","false","","","","","","","","","","","","","","","42140352172686827","""Test123""","005al00000RVcKvAAL"
"a1TVx00000F44h5MAB","a1TWD000001oxFb2AI","false","","","","","","","","","","","","IL","","","42854909102491582","'8612354123'","005al00000RVcKvAAL"
"a1TVx00000F44h6MAB","a1TWD000001oxFc2AI","false","","Denver","","","","","","","","","","CO","909 N Lafayette St","80218","42762789045517497","'Test123'","005al00000RVcKvAAL"
"a1TVx00000F44h7MAB","a1TWD000001oxFd2AI","false","","","","","","","","","","","","IL","","","42675027268362243","/""813154123/""","005al00000RVcKvAAL"
"a1TVx00000F44h8MAB","a1TWD000001oxFe2AI","false","","","","","","","","","","","","","","","42312483979745592","/""Test123/""","005al00000RVcKvAAL"
"a1TVx00000F44h9MAB","a1TWD000001oxFf2AI","false","","","","","","","","","","","","","","","42412971957440432","//""Test123//""","005al00000RVcKvAAL"
"a1TVx00000F44hAMAR","a1TWD000001oxFg2AI","false","","","","","","","","","","","","","","","42617900726311345","/123765123/","005al00000RVcKvAAL"
"a1TVx00000F44hBMAR","a1TWD000001oxFh2AI","false","","","","","","","","","","","","","","","42115528963178535","/Test123/","005al00000RVcKvAAL"
"a1TVx00000F44hCMAR","a1TWD000001oxFi2AI","false","","","","","","","","","","","","","","","42186475261987073","1.23122E+13","005al00000RVcKvAAL"
"a1TVx00000F44hDMAR","a1TWD000001oxFj2AI","false","","","","","","","","","","","","","","","42143375823618536","1.23E+13","005al00000RVcKvAAL"
"a1TVx00000F44hEMAR","a1TWD000001oxFk2AI","false","","","","","","","","","","","","","","","42835139595191926","12312231987262","005al00000RVcKvAAL"
"a1TVx00000F44hFMAR","a1TWD000001oxFl2AI","false","","","","","","","","","","","","","","","42026762020139465","1234567","005al00000RVcKvAAL"
"a1TVx00000F44hGMAR","a1TWD000001oxFm2AI","false","","","","","","","","","","","","","","","42155494054685313","4.20065E+16","005al00000RVcKvAAL"
"a1TVx00000F44hHMAR","a1TWD000001oxFn2AI","false","","","","","","","","","","","","","","","42479677609724528","4.20087E+16","005al00000RVcKvAAL"
"a1TVx00000F44hIMAR","a1TWD000001oxFo2AI","false","","ap01","","","","","","","","","","","","","42715681525964721","4.20316E+16","005al00000RVcKvAAL"
"a1TVx00000F44hJMAR","a1TWD000001oxFp2AI","false","00-00-00","London","","","","","","","","","","","","","42629151299932770","4.20327E+16","005al00000RVcKvAAL"
"a1TVx00000F44hKMAR","a1TWD000001oxFq2AI","false","1","","","","","","","","","","","","","","42648527893157451","4.2035E+16","005al00000RVcKvAAL"
"a1TVx00000F44hLMAR","a1TWD000001oxFr2AI","false","","","","","","","","","","","","","","","42946363039406046","4.20415E+16","005al00000RVcKvAAL"
"a1TVx00000F44hMMAR","a1TWD000001oxFs2AI","false","2","Paris","","","","","","","","","","","","","42792994205483483","4.20419E+16","005al00000RVcKvAAL"
"a1TVx00000F44hNMAR","a1TWD000001oxFt2AI","false","","","","","","","","","","","","","","","42029777706319650","4.20603E+16","005al00000RVcKvAAL"
"a1TVx00000F44hOMAR","a1TWD000001oxFu2AI","false","","","","","","","","","","","","","","","42680338815327464","4.20619E+16","005al00000RVcKvAAL"
"a1TVx00000F44hPMAR","a1TWD000001oxFv2AI","false","","Naples","","","","","","","","","","","","","42829090597478031","4.2065E+16","005al00000RVcKvAAL"
"a1TVx00000F44hQMAR","a1TWD000001oxFw2AI","false","","Valencia","","","","","","","","","","","","","42357575124187348","4.20661E+16","005al00000RVcKvAAL"
"a1TVx00000F44hRMAR","a1TWD000001oxFx2AI","false","502","Mumbai","","","","","","","","","","MT","Andheri East","","42964423309182768","4.20672E+16","005al00000RVcKvAAL"
"a1TVx00000F44hSMAR","a1TWD000001oxFy2AI","false","13647","Wilmington","","","","","","","","","","","","","42168604646176745","4.20715E+16","005al00000RVcKvAAL"
"a1TVx00000F44hTMAR","a1TWD000001oxFz2AI","false","","","","","","","","","","","","","","","42467077272196617","4.20E+16","005al00000RVcKvAAL"
"a1TVx00000F44hUMAR","a1TWD000001oxG02AI","false","","","","","","","","","","","","","","","42213604804500195","4.21013E+16","005al00000RVcKvAAL"
"a1TVx00000F44hVMAR","a1TWD000001oxG12AI","false","00-00-02","","","","","","","","","","","","","","42195751716879775","4.21072E+16","005al00000RVcKvAAL"
"a1TVx00000F44hWMAR","a1TWD000001oxG22AI","false","4","","","","","","","","","","","","","","42922388135710521","4.21137E+16","005al00000RVcKvAAL"
"a1TVx00000F44hXMAR","a1TWD000001oxG32AI","false","test-001","test01","","","","","","","","","","","","","42676313712594950","4.21173E+16","005al00000RVcKvAAL"
"a1TVx00000F44hYMAR","a1TWD000001oxG42AI","false","","","","","","","","","","","","","","","42013337610718111","4.21218E+16","005al00000RVcKvAAL"
"a1TVx00000F44hZMAR","a1TWD000001oxG52AI","false","","","","","","","","","","","","","","","42207441599164166","4.2133E+16","005al00000RVcKvAAL"
"a1TVx00000F44haMAB","a1TWD000001oxG62AI","false","","Uppal","","","","","","","","","","","","","42962145765994387","4.21354E+16","005al00000RVcKvAAL"
"a1TVx00000F44hbMAB","a1TWD000001oxG72AI","false","00-00-01","","","","","","","","","","","","","","42143820670381404","4.21562E+16","005al00000RVcKvAAL"
"a1TVx00000F44hcMAB","a1TWD000001oxG82AI","false","","","","","","","","","","","","","","","42966599282555152","4.21578E+16","005al00000RVcKvAAL"
"a1TVx00000F44hdMAB","a1TWD000001oxG92AI","false","","","","","","","","","","","","","","","42272349652568098","4.2161E+16","005al00000RVcKvAAL"
"a1TVx00000F44heMAB","a1TWD000001oxGA2AY","false","502","Mumbai","","","","","","","","","","","","","42896098858408618","4.21749E+16","005al00000RVcKvAAL"
"a1TVx00000F44hfMAB","a1TWD000001oxGB2AY","false","00-00-03","","","","","","","","","","","","","","42203357471977766","4.21791E+16","005al00000RVcKvAAL"
"a1TVx00000F44hgMAB","a1TWD000001oxGC2AY","false","","Seville","","","","","","","","","","","","","42962749520996189","4.21796E+16","005al00000RVcKvAAL"
"a1TVx00000F44hhMAB","a1TWD000001oxGD2AY","false","","","","","","","","","","","","","","","42981811599456844","4.21834E+16","005al00000RVcKvAAL"
"a1TVx00000F44hiMAB","a1TWD000001oxGE2AY","false","2","","","","","","","","","","","","","","42256365693698672","4.21874E+16","005al00000RVcKvAAL"
"a1TVx00000F44hjMAB","a1TWD000001oxGF2AY","false","123","Hyderabad","","","","","","","","","","","","","42377763110391963","4.21903E+16","005al00000RVcKvAAL"
"a1TVx00000F44hkMAB","a1TWD000001oxGG2AY","false","","","","","","","","","","","","","","","42708489913854634","4.21937E+16","005al00000RVcKvAAL"
"a1TVx00000F44hlMAB","a1TWD000001oxGH2AY","false","","","","","","","","","","","","","","","42537358638703024","4.21938E+16","005al00000RVcKvAAL"
"a1TVx00000F44hmMAB","a1TWD000001oxGI2AY","false","4","","","","","","","","","","","","","","42940770626972390","4.21E+16","005al00000RVcKvAAL"
"a1TVx00000F44hnMAB","a1TWD000001oxGJ2AY","false","3","","","","","","","","","","","","","","42033333116372474","4.22047E+16","005al00000RVcKvAAL"
"a1TVx00000F44hoMAB","a1TWD000001oxGK2AY","false","00-00-02","Bristol","","","","","","","","","","","","","42789175700935744","4.22242E+16","005al00000RVcKvAAL"
"a1TVx00000F44hpMAB","a1TWD000001oxGL2AY","false","3","","","","","","","","","","","","","","42359816193423783","4.22324E+16","005al00000RVcKvAAL"
"a1TVx00000F44hqMAB","a1TWD000001oxGM2AY","false","52","Bangalore","","","","","","","","","","","","","42240308453569523","4.2232E+16","005al00000RVcKvAAL"
"a1TVx00000F44hrMAB","a1TWD000001oxGN2AY","false","00-00-03","","","","","","","","","","","","","","42428009860967942","4.22343E+16","005al00000RVcKvAAL"
"a1TVx00000F44hsMAB","a1TWD000001oxGO2AY","false","500","Bangalore","","","","","","","","","","","","","42538219431338805","4.22373E+16","005al00000RVcKvAAL"
"a1TVx00000F44htMAB","a1TWD000001oxGP2AY","false","","","","","","","","","","","","","","","42116408244730090","4.22589E+16","005al00000RVcKvAAL"
"a1TVx00000F44huMAB","a1TWD000001oxGQ2AY","false","KHMM","","","","","","","","","","","","","","42887379258572295","4.22659E+16","005al00000RVcKvAAL"
"a1TVx00000F44hvMAB","a1TWD000001oxGR2AY","false","","Berlin","","","","","","","","","","","","","42173014587883892","4.22673E+16","005al00000RVcKvAAL"
"a1TVx00000F44hwMAB","a1TWD000001oxGS2AY","false","","Wilmington","","","","","","","","","","","","","42181220918299918","4.22704E+16","005al00000RVcKvAAL"
"a1TVx00000F44hxMAB","a1TWD000001oxGT2AY","false","00-00-01","","","","","","","","","","","","","","42959352430320396","4.22748E+16","005al00000RVcKvAAL"
"a1TVx00000F44hyMAB","a1TWD000001oxGU2AY","false","","","","","","","","","","","","","","","42312688073137416","4.22773E+16","005al00000RVcKvAAL"
"a1TVx00000F44hzMAB","a1TWD000001oxGV2AY","false","2","","","","","","","","","","","","","","42280323134154762","4.22794E+16","005al00000RVcKvAAL"
"a1TVx00000F44i0MAB","a1TWD000001oxGW2AY","false","4","Toulouse","","","","","","","","","","","","","42119985117581037","4.22823E+16","005al00000RVcKvAAL"
"a1TVx00000F44i1MAB","a1TWD000001oxGX2AY","false","","","","","","","","","","","","","","","42005356447556649","4.22874E+16","005al00000RVcKvAAL"
"a1TVx00000F44i2MAB","a1TWD000001oxGY2AY","false","2","","","","","","","","","","","","","","42290678088709729","4.22937E+16","005al00000RVcKvAAL"
"a1TVx00000F44i3MAB","a1TWD000001oxGZ2AY","false","00-00-03","","","","","","","","","","","","","","42417767831514907","4.22E+16","005al00000RVcKvAAL"
"a1TVx00000F44i4MAB","a1TWD000001oxGa2AI","false","","","","","","","","","","","","","","","42685250101479031","4.23041E+16","005al00000RVcKvAAL"
"a1TVx00000F44i5MAB","a1TWD000001oxGb2AI","false","1","","","","","","","","","","","","","","42826264320111600","4.23202E+16","005al00000RVcKvAAL"
"a1TVx00000F44i6MAB","a1TWD000001oxGc2AI","false","Test-02","","","","","","","","","","","","","","42372299150010401","4.23223E+16","005al00000RVcKvAAL"
"a1TVx00000F44i7MAB","a1TWD000001oxGd2AI","false","54","myCityTest","","","","","","","","","","","","","42005638364416364","4.23276E+16","005al00000RVcKvAAL"
"a1TVx00000F44i8MAB","a1TWD000001oxGe2AI","false","","","","","","","","","","","","","","","42312507075087232","4.2333E+16","005al00000RVcKvAAL"
"a1TVx00000F44i9MAB","a1TWD000001oxGf2AI","false","","Hbd","","","","","","","","","","","","","42461387967102616","4.23443E+16","005al00000RVcKvAAL"
"a1TVx00000F44iAMAR","a1TWD000001oxGg2AI","false","","Turin","","","","","","","","","","","","","42201305756779962","4.23469E+16","005al00000RVcKvAAL"
"a1TVx00000F44iBMAR","a1TWD000001oxGh2AI","false","00-00-02","","","","","","","","","","","","","","42483062512125713","4.23503E+16","005al00000RVcKvAAL"
"a1TVx00000F44iCMAR","a1TWD000001oxGi2AI","false","","","","","","","","","","","","","","","42905933475679619","4.23554E+16","005al00000RVcKvAAL"
"a1TVx00000F44iDMAR","a1TWD000001oxGj2AI","false","","","","","","","","","","","","","","","42058325787816936","4.23584E+16","005al00000RVcKvAAL"
"a1TVx00000F44iEMAR","a1TWD000001oxGk2AI","false","234456","Dallas","","","","","","","","","","","","","42625127704992939","4.23606E+16","005al00000RVcKvAAL"
"a1TVx00000F44iFMAR","a1TWD000001oxGl2AI","false","","","","","","","","","","","","","","","42961409067729709","4.23611E+16","005al00000RVcKvAAL"
"a1TVx00000F44iGMAR","a1TWD000001oxGm2AI","false","123456","Salt Lake City","","","","","","","","","","","","","42674129787818617","4.23684E+16","005al00000RVcKvAAL"
"a1TVx00000F44iHMAR","a1TWD000001oxGn2AI","false","","","","","","","","","","","","","","","42274380697845351","4.23826E+16","005al00000RVcKvAAL"
"a1TVx00000F44iIMAR","a1TWD000001oxGo2AI","false","","","","","","","","","","","","","","","42911572339452133","4.23895E+16","005al00000RVcKvAAL"
"a1TVx00000F44iJMAR","a1TWD000001oxGp2AI","false","","Rome","","","","","","","","","","","","","42256806024690263","4.23905E+16","005al00000RVcKvAAL"
"a1TVx00000F44iKMAR","a1TWD000001oxGq2AI","false","","","","","","","","","","","","","","","42884807009958419","4.23E+16","005al00000RVcKvAAL"
"a1TVx00000F44iLMAR","a1TWD000001oxGr2AI","false","00-00-03","","","","","","","","","","","","","","42561362012605926","4.24111E+16","005al00000RVcKvAAL"
"a1TVx00000F44iMMAR","a1TWD000001oxGs2AI","false","","","","","","","","","","","","","","","42814067443725024","4.24159E+16","005al00000RVcKvAAL"
"a1TVx00000F44iNMAR","a1TWD000001oxGt2AI","false","","","","","","","","","","","","","","","42197856904296240","4.24163E+16","005al00000RVcKvAAL"
"a1TVx00000F44iOMAR","a1TWD000001oxGu2AI","false","00-00-01","Manchester","","","","","","","","","","","","","42659125696456702","4.24174E+16","005al00000RVcKvAAL"
"a1TVx00000F44iPMAR","a1TWD000001oxGv2AI","false","52","","","","","","","","","","","","","","42215334574055696","4.24297E+16","005al00000RVcKvAAL"
"a1TVx00000F44iQMAR","a1TWD000001oxGw2AI","false","","Barcelona","","","","","","","","","","","","","42752728292988617","4.24344E+16","005al00000RVcKvAAL"
"a1TVx00000F44iRMAR","a1TWD000001oxGx2AI","false","","","","","","","","","","","","","","","42086224630171733","4.24373E+16","005al00000RVcKvAAL"
"a1TVx00000F44iSMAR","a1TWD000001oxGy2AI","false","00-00-00","","","","","","","","","","","","","","42818794271070861","4.24482E+16","005al00000RVcKvAAL"
"a1TVx00000F44iTMAR","a1TWD000001oxGz2AI","false","1","","","","","","","","","","","","","","42973862365555037","4.24546E+16","005al00000RVcKvAAL"
"a1TVx00000F44iUMAR","a1TWD000001oxH02AI","false","","","","","","","","","","","","","","","42902904852697998","4.24619E+16","005al00000RVcKvAAL"
"a1TVx00000F44iVMAR","a1TWD000001oxH12AI","false","00-00-01","","","","","","","","","","","","","","42009922845646792","4.24629E+16","005al00000RVcKvAAL"
"a1TVx00000F44iWMAR","a1TWD000001oxH22AI","false","501","Delhi","","","","","","","","","","DE","Central","","42091818000652403","4.24642E+16","005al00000RVcKvAAL"
"a1TVx00000F44iXMAR","a1TWD000001oxH32AI","false","3","","","","","","","","","","","","","","42406583602718550","4.24657E+16","005al00000RVcKvAAL"
"a1TVx00000F44iYMAR","a1TWD000001oxH42AI","false","","Madrid","","","","","","","","","","","","","42472989466857719","4.2471E+16","005al00000RVcKvAAL"
"a1TVx00000F44iZMAR","a1TWD000001oxH52AI","false","","","","","","","","","","","","","","","42255300585692251","4.24747E+16","005al00000RVcKvAAL"
"a1TVx00000F44iaMAB","a1TWD000001oxH62AI","false","","","","","","","","","","","","","","","42161643919197054","4.24757E+16","005al00000RVcKvAAL"
"a1TVx00000F44ibMAB","a1TWD000001oxH72AI","false","53","","","","","","","","","","","","","","42092459677614277","4.24835E+16","005al00000RVcKvAAL"
"a1TVx00000F44icMAB","a1TWD000001oxH82AI","false","1","Lyon","","","","","","","","","","","","","42517570403907493","4.24999E+16","005al00000RVcKvAAL"
"a1TVx00000F44idMAB","a1TWD000001oxH92AI","false","501","Delhi","","","","","","","","","","","","","42250871613774840","4.2499E+16","005al00000RVcKvAAL"
"a1TVx00000F44ieMAB","a1TWD000001oxHA2AY","false","Test-03","","","","","","","","","","","","","","42903948304895936","4.25003E+16","005al00000RVcKvAAL"
"a1TVx00000F44ifMAB","a1TWD000001oxHB2AY","false","53","myCity","","","","","","","","","","","","","42031016340677680","4.25107E+16","005al00000RVcKvAAL"
"a1TVx00000F44igMAB","a1TWD000001oxHC2AY","false","","","","","","","","","","","","","","","42150195722625256","4.25125E+16","005al00000RVcKvAAL"
"a1TVx00000F44ihMAB","a1TWD000001oxHD2AY","false","","","","","","","","","","","","","","","42718776538709284","4.25145E+16","005al00000RVcKvAAL"
"a1TVx00000F44iiMAB","a1TWD000001oxHE2AY","false","","Milan","","","","","","","","","","","","","42263189198798079","4.25177E+16","005al00000RVcKvAAL"
"a1TVx00000F44ijMAB","a1TWD000001oxHF2AY","false","","Mumbai-02","","","","","","","","","","","","","42869147113488856","4.25329E+16","005al00000RVcKvAAL"
"a1TVx00000F44ikMAB","a1TWD000001oxHG2AY","false","","Munich","","","","","","","","","","","","","42697795354099305","4.25422E+16","005al00000RVcKvAAL"
"a1TVx00000F44ilMAB","a1TWD000001oxHH2AY","false","","","","","","","","","","","","","","","42269265843425360","4.25568E+16","005al00000RVcKvAAL"
"a1TVx00000F44imMAB","a1TWD000001oxHI2AY","false","","","","","","","","","","","","","","","42572151701581498","4.25702E+16","005al00000RVcKvAAL"
"a1TVx00000F44inMAB","a1TWD000001oxHJ2AY","false","","","","","","","","","","","","","","","42403080136340182","4.25719E+16","005al00000RVcKvAAL"
"a1TVx00000F44ioMAB","a1TWD000001oxHK2AY","false","54","","","","","","","","","","","","","","42696666240693698","4.25764E+16","005al00000RVcKvAAL"
"a1TVx00000F44ipMAB","a1TWD000001oxHL2AY","false","00-00-00","","","","","","","","","","","","","","42758055876055733","4.25772E+16","005al00000RVcKvAAL"
"a1TVx00000F44iqMAB","a1TWD000001oxHM2AY","false","","Cologne","","","","","","","","","","","","","42131998528511699","4.2599E+16","005al00000RVcKvAAL"
"a1TVx00000F44irMAB","a1TWD000001oxHN2AY","false","","","","","","","","","","","","","","","42082066218316498","4.25E+16","005al00000RVcKvAAL"
"a1TVx00000F44isMAB","a1TWD000001oxHO2AY","false","00-00-02","","","","","","","","","","","","","","42230662055157913","4.26237E+16","005al00000RVcKvAAL"
"a1TVx00000F44itMAB","a1TWD000001oxHP2AY","false","765","Chicago","","","","","","","","","","","","","42957324982185423","4.26268E+16","005al00000RVcKvAAL"
"a1TVx00000F44iuMAB","a1TWD000001oxHQ2AY","false","00-00-03","","","","","","","","","","","","","","42014584641231281","4.26395E+16","005al00000RVcKvAAL"
"a1TVx00000F44ivMAB","a1TWD000001oxHR2AY","false","","","","","","","","","","","","","","","42819970007975477","4.26565E+16","005al00000RVcKvAAL"
"a1TVx00000F44iwMAB","a1TWD000001oxHS2AY","false","00-00-03","Liverpool","","","","","","","","","","","","","42922662023420081","4.26723E+16","005al00000RVcKvAAL"
"a1TVx00000F44ixMAB","a1TWD000001oxHT2AY","false","00-00-00","","","","","","","","","","","","","","42840377364125735","4.26838E+16","005al00000RVcKvAAL"
"a1TVx00000F44iyMAB","a1TWD000001oxHU2AY","false","","","","","","","","","","","","","","","42855755339046294","4.26881E+16","005al00000RVcKvAAL"
"a1TVx00000F44izMAB","a1TWD000001oxHV2AY","false","","","","","","","","","","","","","","","42733112649613047","4.26956E+16","005al00000RVcKvAAL"
"a1TVx00000F44j0MAB","a1TWD000001oxHW2AY","false","","","","","","","","","","","","","","","42411306135995537","4.26967E+16","005al00000RVcKvAAL"
"a1TVx00000F44j1MAB","a1TWD000001oxHX2AY","false","00-00-02","","","","","","","","","","","","","","42976040759885741","4.26E+16","005al00000RVcKvAAL"
"a1TVx00000F44j2MAB","a1TWD000001oxHY2AY","false","235576","New York","","","","","","","","","","","","","42945374180595890","4.27038E+16","005al00000RVcKvAAL"
"a1TVx00000F44j3MAB","a1TWD000001oxHZ2AY","false","Hyd","","","","","","","","","","","","","","42518352192383566","4.27121E+16","005al00000RVcKvAAL"
"a1TVx00000F44j4MAB","a1TWD000001oxHa2AI","false","4","","","","","","","","","","","","","","42927693993207796","4.27197E+16","005al00000RVcKvAAL"
"a1TVx00000F44j5MAB","a1TWD000001oxHb2AI","false","","","","","","","","","","","","","","","42357239086738496","4.27338E+16","005al00000RVcKvAAL"
"a1TVx00000F44j6MAB","a1TWD000001oxHc2AI","false","","","","","","","","","","","","","","","42877957496037244","4.27342E+16","005al00000RVcKvAAL"
"a1TVx00000F44j7MAB","a1TWD000001oxHd2AI","false","","","","","","","","","","","","","","","42660647745242574","4.27377E+16","005al00000RVcKvAAL"
"a1TVx00000F44j8MAB","a1TWD000001oxHe2AI","false","2","","","","","","","","","","","","","","42030452613543693","4.27552E+16","005al00000RVcKvAAL"
"a1TVx00000F44j9MAB","a1TWD000001oxHf2AI","false","","","","","","","","","","","","","","","42515054934056306","4.2758E+16","005al00000RVcKvAAL"
"a1TVx00000F44jAMAR","a1TWD000001oxHg2AI","false","500","Bangalore","","","","","","","","","","AL","Yelahanka","560064","42027298969977030","4.27685E+16","005al00000RVcKvAAL"
"a1TVx00000F44jBMAR","a1TWD000001oxHh2AI","false","34567","Minneapolis","","","","","","","","","","","","","42832277227362044","4.27691E+16","005al00000RVcKvAAL"
"a1TVx00000F44jCMAR","a1TWD000001oxHi2AI","false","1","","","","","","","","","","","","","","42626654304060530","4.27724E+16","005al00000RVcKvAAL"
"a1TVx00000F44jDMAR","a1TWD000001oxHj2AI","false","","","","","","","","","","","","","","","42229124217212166","4.27739E+16","005al00000RVcKvAAL"
"a1TVx00000F44jEMAR","a1TWD000001oxHk2AI","false","","","","","","","","","","","","","","","42403513449785069","4.27E+16","005al00000RVcKvAAL"
"a1TVx00000F44jFMAR","a1TWD000001oxHl2AI","false","52","","","","","","","","","","","","","","42813740279846779","4.28008E+16","005al00000RVcKvAAL"
"a1TVx00000F44jGMAR","a1TWD000001oxHm2AI","false","4","","","","","","","","","","","","","","42195141732118169","4.28024E+16","005al00000RVcKvAAL"
"a1TVx00000F44jHMAR","a1TWD000001oxHn2AI","false","3","Marseille","","","","","","","","","","","","","4258489027685061","4.28056E+16","005al00000RVcKvAAL"
"a1TVx00000F44jIMAR","a1TWD000001oxHo2AI","false","00-00-01","","","","","","","","","","","","","","42708575508580955","4.28161E+16","005al00000RVcKvAAL"
"a1TVx00000F44jJMAR","a1TWD000001oxHp2AI","false","","","","","","","","","","","","","","","42369455822520267","4.28269E+16","005al00000RVcKvAAL"
"a1TVx00000F44jKMAR","a1TWD000001oxHq2AI","false","","Wilmington","","","","","","","","","","NC","6770 Parker Farm Dr.","","42436954807823765","4.28357E+16","005al00000RVcKvAAL"
"a1TVx00000F44jLMAR","a1TWD000001oxHr2AI","false","987","Los Angeles","","","","","","","","","","","","","42944010481612039","4.28438E+16","005al00000RVcKvAAL"
"a1TVx00000F44jMMAR","a1TWD000001oxHs2AI","false","3","","","","","","","","","","","","","","42221365795351380","4.28454E+16","005al00000RVcKvAAL"
"a1TVx00000F44jNMAR","a1TWD000001oxHt2AI","false","54","","","","","","","","","","","","","","42244318810928848","4.28455E+16","005al00000RVcKvAAL"
"a1TVx00000F44jOMAR","a1TWD000001oxHu2AI","false","","","","","","","","","","","","","","","42889622390038425","4.28541E+16","005al00000RVcKvAAL"
"a1TVx00000F44jPMAR","a1TWD000001oxHv2AI","false","","","","","","","","","","","","","","","42721000917999122","4.28639E+16","005al00000RVcKvAAL"
"a1TVx00000F44jQMAR","a1TWD000001oxHw2AI","false","","","","","","","","","","","","","","","42409760531891582","4.28775E+16","005al00000RVcKvAAL"
"a1TVx00000F44jRMAR","a1TWD000001oxHx2AI","false","53","","","","","","","","","","","","","","42202304448588054","4.28839E+16","005al00000RVcKvAAL"
"a1TVx00000F44jSMAR","a1TWD000001oxHy2AI","false","","","","","","","","","","","","","","","42156105182907702","4.28992E+16","005al00000RVcKvAAL"
"a1TVx00000F44jTMAR","a1TWD000001oxHz2AI","false","00-00-01","","","","","","","","","","","","","","42009143507511274","4.28E+16","005al00000RVcKvAAL"
"a1TVx00000F44jUMAR","a1TWD000001oxI02AI","false","","","","","","","","","","","","","","","42392829816096862","4.29084E+16","005al00000RVcKvAAL"
"a1TVx00000F44jVMAR","a1TWD000001oxI12AI","false","1213","Hyderabad","","","","","","","","","","","","","42108772466440730","4.29128E+16","005al00000RVcKvAAL"
"a1TVx00000F44jWMAR","a1TWD000001oxI22AI","false","","Hamburg","","","","","","","","","","","","","42537580764327275","4.29166E+16","005al00000RVcKvAAL"
"a1TVx00000F44jXMAR","a1TWD000001oxI32AI","false","4","","","","","","","","","","","","","","42719817618921774","4.29227E+16","005al00000RVcKvAAL"
"a1TVx00000F44jYMAR","a1TWD000001oxI42AI","false","","","","","","","","","","","","","","","42409694791671187","4.29263E+16","005al00000RVcKvAAL"
"a1TVx00000F44jZMAR","a1TWD000001oxI52AI","false","","","","","","","","","","","","","","","42027930724467098","4.29508E+16","005al00000RVcKvAAL"
"a1TVx00000F44jaMAB","a1TWD000001oxI62AI","false","","","","","","","","","","","","","","","42993986768180118","4.29529E+16","005al00000RVcKvAAL"
"a1TVx00000F44jbMAB","a1TWD000001oxI72AI","false","00-00-00","","","","","","","","","","","","","","42540683562429098","4.2985E+16","005al00000RVcKvAAL"
"a1TVx00000F44jcMAB","a1TWD000001oxI82AI","false","00-00-02","","","","","","","","","","","","","","42876830264648816","4.29889E+16","005al00000RVcKvAAL"
"a1TVx00000F44jdMAB","a1TWD000001oxI92AI","false","","","","","","","","","","","","","","","42821941818119028","4.29E+16","005al00000RVcKvAAL"
"a1TVx00000F44jeMAB","a1TWD000001oxIA2AY","false","00-00-00","","","","","","","","","","","","","","42276572761385978","4.30E+16","005al00000RVcKvAAL"
"a1TVx00000F44jfMAB","a1TWD000001oxIB2AY","false","","","","","","","","","","","","","","","42003559742335012","42001267508093751","005al00000RVcKvAAL"
"a1TVx00000F44jgMAB","a1TWD000001oxIC2AY","false","","","","","","","","","","","","","","","42872254960028778","42001869650774983","005al00000RVcKvAAL"
"a1TVx00000F44jhMAB","a1TWD000001oxID2AY","false","","","","","","","","","","","","","","","42699060280403253","42005533545830061","005al00000RVcKvAAL"
"a1TVx00000F44jiMAB","a1TWD000001oxIE2AY","false","","","","","","","","","","","","","","","42939329602265645","42006549178672748","005al00000RVcKvAAL"
"a1TVx00000F44jjMAB","a1TWD000001oxIF2AY","false","","","","","","","","","","","","","","","42765344472830913","42008723670610623","005al00000RVcKvAAL"
"a1TVx00000F44jkMAB","a1TWD000001oxIG2AY","false","","","","","","","","","","","","","","","42782629015864562","42010278444230075","005al00000RVcKvAAL"
"a1TVx00000F44jlMAB","a1TWD000001oxIH2AY","false","","","","","","","","","","","","","","","42718748291609214","42011205188333450","005al00000RVcKvAAL"
"a1TVx00000F44jmMAB","a1TWD000001oxII2AY","false","","","","","","","","","","","","","","","42698012879280062","42012605231311550","005al00000RVcKvAAL"
"a1TVx00000F44jnMAB","a1TWD000001oxIJ2AY","false","","","","","","","","","","","","","","","42742218164124547","42013493088032710","005al00000RVcKvAAL"
"a1TVx00000F44joMAB","a1TWD000001oxIK2AY","false","","","","","","","","","","","","","","","42275130058649976","42017857270307298","005al00000RVcKvAAL"
"a1TVx00000F44jpMAB","a1TWD000001oxIL2AY","false","","","","","","","","","","","","","","","42038017720515534","42021543533330203","005al00000RVcKvAAL"
"a1TVx00000F44jqMAB","a1TWD000001oxIM2AY","false","1213","Hyderabad clone","","","","","","","","","","","Mindspace clone","500036 clo","42457182366942560","42022301917367274","005al00000RVcKvAAL"
"a1TVx00000F44jrMAB","a1TWD000001oxIN2AY","false","","","","","","","","","","","","","","","42694993791570492","42025937990052522","005al00000RVcKvAAL"
"a1TVx00000F44jsMAB","a1TWD000001oxIO2AY","false","","","","","","","","","","","","","","","42921288863582542","42030851582694782","005al00000RVcKvAAL"
"a1TVx00000F44jtMAB","a1TWD000001oxIP2AY","false","","","","","","","","","","","","","","","42799336176802531","42031184866665101","005al00000RVcKvAAL"
"a1TVx00000F44juMAB","a1TWD000001oxIQ2AY","false","","ap01","","","","","","","","","","","","","42895173421644024","42031562710689290","005al00000RVcKvAAL"
"a1TVx00000F44jvMAB","a1TWD000001oxIR2AY","false","00-00-00","London","","","","","","","","","","","","","42610709081275561","42032688136471702","005al00000RVcKvAAL"
"a1TVx00000F44jwMAB","a1TWD000001oxIS2AY","false","1","","","","","","","","","","","","","","42693990708855436","42034969807242332","005al00000RVcKvAAL"
"a1TVx00000F44jxMAB","a1TWD000001oxIT2AY","false","","","","","","","","","","","","","","","42761643641076188","42039931200991485","005al00000RVcKvAAL"
"a1TVx00000F44jyMAB","a1TWD000001oxIU2AY","false","","","","","","","","","","","","","","","42258727900792067","42040170866651223","005al00000RVcKvAAL"
"a1TVx00000F44jzMAB","a1TWD000001oxIV2AY","false","","Naples","","","","","","","","","","","","","42223452078647718","42041492848728951","005al00000RVcKvAAL"
"a1TVx00000F44k0MAB","a1TWD000001oxIW2AY","false","2","Paris","","","","","","","","","","","","","42153015969287929","42041880503622389","005al00000RVcKvAAL"
"a1TVx00000F44k1MAB","a1TWD000001oxIX2AY","false","1213","Hyderabad","","","","","","","","","","","Mindspace","500036","42185263845066775","42045247002567686","005al00000RVcKvAAL"
"a1TVx00000F44k2MAB","a1TWD000001oxIY2AY","false","","","","","","","","","","","","","","","42173766497690856","42046187686829703","005al00000RVcKvAAL"
"a1TVx00000F44k3MAB","a1TWD000001oxIZ2AY","false","","city 001","","","","","","","","","","","","","42571294751446589","42049082227905706","005al00000RVcKvAAL"
"a1TVx00000F44k4MAB","a1TWD000001oxIa2AI","false","","","","","","","","","","","","","","","42751247359494778","42049305405367592","005al00000RVcKvAAL"
"a1TVx00000F44k5MAB","a1TWD000001oxIb2AI","false","","","","","","","","","","","","","","","42602011051678965","42053467054914013","005al00000RVcKvAAL"
"a1TVx00000F44k6MAB","a1TWD000001oxIc2AI","false","","","","","","","","","","","","","","","42338121828436500","42055306378679494","005al00000RVcKvAAL"
"a1TVx00000F44k7MAB","a1TWD000001oxId2AI","false","","","","","","","","","","","","","","","42384863956300629","42059257364922923","005al00000RVcKvAAL"
"a1TVx00000F44k8MAB","a1TWD000001oxIe2AI","false","","Madrid","","","","","","","","","","","","","42464588218552821","42060257462079232","005al00000RVcKvAAL"
"a1TVx00000F44k9MAB","a1TWD000001oxIf2AI","false","","","","","","","","","","","","","","","42898159696370963","42061944136217463","005al00000RVcKvAAL"
"a1TVx00000F44kAMAR","a1TWD000001oxIg2AI","false","","Naples","","","","","","","","","","","","","42830419170211248","42065021595605893","005al00000RVcKvAAL"
"a1TVx00000F44kBMAR","a1TWD000001oxIh2AI","false","","Valencia","","","","","","","","","","","","","42630922454813274","42066055961774332","005al00000RVcKvAAL"
"a1TVx00000F44kCMAR","a1TWD000001oxIi2AI","false","502","Mumbai","","","","","","","","","","MT","Andheri East","","42072457345760666","42067240581307215","005al00000RVcKvAAL"
"a1TVx00000F44kDMAR","a1TWD000001oxIj2AI","false","","","","","","","","","","","","","","","42089662108090441","42068592848958427","005al00000RVcKvAAL"
"a1TVx00000F44kEMAR","a1TWD000001oxIk2AI","false","","","","","","","","","","","","","","","42149914498729225","42070819029373520","005al00000RVcKvAAL"
"a1TVx00000F44kFMAR","a1TWD000001oxIl2AI","false","13647","Wilmington","","","","","","","","","","","","","42719489830302724","42071450135742569","005al00000RVcKvAAL"
"a1TVx00000F44kGMAR","a1TWD000001oxIm2AI","false","","","","","","","","","","","","","","","42444189552039151","42080927610770509","005al00000RVcKvAAL"
"a1TVx00000F44kHMAR","a1TWD000001oxIn2AI","false","","","","","","","","","","","","","","","42511474450822490","42090505803064372","005al00000RVcKvAAL"
"a1TVx00000F44kIMAR","a1TWD000001oxIo2AI","false","","","","","","","","","","","","","","","42529884926299632","42101343573210470","005al00000RVcKvAAL"
"a1TVx00000F44kJMAR","a1TWD000001oxIp2AI","false","","","","","","","","","","","","","","","42324175662926252","42102896379584951","005al00000RVcKvAAL"
"a1TVx00000F44kKMAR","a1TWD000001oxIq2AI","false","","","","","","","","","","","","","","","42551368659729758","42104574955904923","005al00000RVcKvAAL"
"a1TVx00000F44kLMAR","a1TWD000001oxIr2AI","false","00-00-02","","","","","","","","","","","","","","42505620558536291","42107209303086111","005al00000RVcKvAAL"
"a1TVx00000F44kMMAR","a1TWD000001oxIs2AI","false","","","","","","","","","","","","","","","42495155916500225","42107311981248539","005al00000RVcKvAAL"
"a1TVx00000F44kNMAR","a1TWD000001oxIt2AI","false","","","","","","","","","","","","","","","42559444323471143","42113307815011219","005al00000RVcKvAAL"
"a1TVx00000F44kOMAR","a1TWD000001oxIu2AI","false","4","Toulouse","","","","","","","","","","","","","42922958513447471","42113662998770322","005al00000RVcKvAAL"
"a1TVx00000F44kPMAR","a1TWD000001oxIv2AI","false","test-001","test01","","","","","","","","","","","","","42080449561186173","42117306237812593","005al00000RVcKvAAL"
"a1TVx00000F44kQMAR","a1TWD000001oxIw2AI","false","","","","","","","","","","","","","","","42114783402554149","42121796842634294","005al00000RVcKvAAL"
"a1TVx00000F44kRMAR","a1TWD000001oxIx2AI","false","","","","","","","","","","","","","","","42815722865469375","42128615996319906","005al00000RVcKvAAL"
"a1TVx00000F44kSMAR","a1TWD000001oxIy2AI","false","","","","","","","","","","","","","","","42168420324498828","42130070538988258","005al00000RVcKvAAL"
"a1TVx00000F44kTMAR","a1TWD000001oxIz2AI","false","","","","","","","","","","","","","","","42810865898559048","42133008054906237","005al00000RVcKvAAL"
"a1TVx00000F44kUMAR","a1TWD000001oxJ02AI","false","","Uppal","","","","","","","","","","","","","42115452307155476","42135429992770019","005al00000RVcKvAAL"
"a1TVx00000F44kVMAR","a1TWD000001oxJ12AI","false","","","","","","","","","","","","","","","42623300066062338","42144959061249998","005al00000RVcKvAAL"
"a1TVx00000F44kWMAR","a1TWD000001oxJ22AI","false","","","","","","","","","","","","","","","42668753786502985","42156214979868978","005al00000RVcKvAAL"
"a1TVx00000F44kXMAR","a1TWD000001oxJ32AI","false","00-00-01","","","","","","","","","","","","","","42050187244808316","42156247875525457","005al00000RVcKvAAL"
"a1TVx00000F44kYMAR","a1TWD000001oxJ42AI","false","","","","","","","","","","","","","","","42810595826303804","42157993420093165","005al00000RVcKvAAL"
"a1TVx00000F44kZMAR","a1TWD000001oxJ52AI","false","","Berlin","","","","","","","","","","","","","42031936837037778","42161013540773511","005al00000RVcKvAAL"
"a1TVx00000F44kaMAB","a1TWD000001oxJ62AI","false","502","Mumbai","","","","","","","","","","","","","42871657587362472","42174878218385524","005al00000RVcKvAAL"
"a1TVx00000F44kbMAB","a1TWD000001oxJ72AI","false","","","","","","","","","","","","","","","42489186595397332","42177360474281153","005al00000RVcKvAAL"
"a1TVx00000F44kcMAB","a1TWD000001oxJ82AI","false","","","","","","","","","","","","","","","42594104817512871","42177720179894489","005al00000RVcKvAAL"
"a1TVx00000F44kdMAB","a1TWD000001oxJ92AI","false","00-00-03","","","","","","","","","","","","","","42352649314498702","42179091323594253","005al00000RVcKvAAL"
"a1TVx00000F44keMAB","a1TWD000001oxJA2AY","false","","Seville","","","","","","","","","","","","","42159304780405375","42179602047163531","005al00000RVcKvAAL"
"a1TVx00000F44kfMAB","a1TWD000001oxJB2AY","false","","","","","","","","","","","","","","","42132624448290738","42183402238739183","005al00000RVcKvAAL"
"a1TVx00000F44kgMAB","a1TWD000001oxJC2AY","false","2","Paris","","","","","","","","","","","","","42287772951015652","42187439089132066","005al00000RVcKvAAL"
"a1TVx00000F44khMAB","a1TWD000001oxJD2AY","false","","","","","","","","","","","","","","","42380020393319775","42187817396943064","005al00000RVcKvAAL"
"a1TVx00000F44kiMAB","a1TWD000001oxJE2AY","false","123","Hyderabad","","","","","","","","","","","","","4298903280829084","42190284021862019","005al00000RVcKvAAL"
"a1TVx00000F44kjMAB","a1TWD000001oxJF2AY","false","","Milan","","","","","","","","","","","","","42675633854610789","42193729222229818","005al00000RVcKvAAL"
"a1TVx00000F44kkMAB","a1TWD000001oxJG2AY","false","","","","","","","","","","","","","","","42603635759576583","42193764134776161","005al00000RVcKvAAL"
"a1TVx00000F44klMAB","a1TWD000001oxJH2AY","false","","","","","","","","","","","","","","","42055442058709496","42197902312187390","005al00000RVcKvAAL"
"a1TVx00000F44kmMAB","a1TWD000001oxJI2AY","false","","","","","","","","","","","","","","","42787655035117385","42199321047447015","005al00000RVcKvAAL"
"a1TVx00000F44knMAB","a1TWD000001oxJJ2AY","false","","","","","","","","","","","","","","","42080989564453655","42200522780753833","005al00000RVcKvAAL"
"a1TVx00000F44koMAB","a1TWD000001oxJK2AY","false","","","","","","","","","","","","","","","42135401439889023","42201188448860931","005al00000RVcKvAAL"
"a1TVx00000F44kpMAB","a1TWD000001oxJL2AY","false","","","","","","","","","","","","","","","42954420978215902","42204496258563925","005al00000RVcKvAAL"
"a1TVx00000F44kqMAB","a1TWD000001oxJM2AY","false","3","","","","","","","","","","","","","","42388259900175708","42204662098425817","005al00000RVcKvAAL"
"a1TVx00000F44krMAB","a1TWD000001oxJN2AY","false","","","","","","","","","","","","","","","42021533814371973","42207042963003197","005al00000RVcKvAAL"
"a1TVx00000F44ksMAB","a1TWD000001oxJO2AY","false","","","","","","","","","","","","","","","42085989586767056","42215446251288288","005al00000RVcKvAAL"
"a1TVx00000F44ktMAB","a1TWD000001oxJP2AY","false","","","","","","","","","","","","","","","42953405405798151","42216425079665176","005al00000RVcKvAAL"
"a1TVx00000F44kuMAB","a1TWD000001oxJQ2AY","false","","","","","","","","","","","","","","","42541545339324568","42220393672228027","005al00000RVcKvAAL"
"a1TVx00000F44kvMAB","a1TWD000001oxJR2AY","false","","","","","","","","","","","","","","","42890249728335337","42220673185074397","005al00000RVcKvAAL"
"a1TVx00000F44kwMAB","a1TWD000001oxJS2AY","false","","","","","","","","","","","","","","","42027975621291636","42220861653318673","005al00000RVcKvAAL"
"a1TVx00000F44kxMAB","a1TWD000001oxJT2AY","false","00-00-02","Bristol","","","","","","","","","","","","","42771176928451111","42224150186941842","005al00000RVcKvAAL"
"a1TVx00000F44kyMAB","a1TWD000001oxJU2AY","false","52","Bangalore","","","","","","","","","","","","","42667916830802519","42232041264015883","005al00000RVcKvAAL"
"a1TVx00000F44kzMAB","a1TWD000001oxJV2AY","false","3","Marseille","","","","","","","","","","","","","42243160049820676","42232433769901310","005al00000RVcKvAAL"
"a1TVx00000F44l0MAB","a1TWD000001oxJW2AY","false","","","","","","","","","","","","","","","42021864239903955","42234115540554742","005al00000RVcKvAAL"
"a1TVx00000F44l1MAB","a1TWD000001oxJX2AY","false","","","","","","","","","","","","","","","42228624625626309","42234217593559597","005al00000RVcKvAAL"
"a1TVx00000F44l2MAB","a1TWD000001oxJY2AY","false","00-00-03","Liverpool","","","","","","","","","","","","","42976075882165819","42234277122631192","005al00000RVcKvAAL"
"a1TVx00000F44l3MAB","a1TWD000001oxJZ2AY","false","500","Bangalore","","","","","","","","","","","","","42233453714408434","42237348444565984","005al00000RVcKvAAL"
"a1TVx00000F44l4MAB","a1TWD000001oxJa2AI","false","","","","","","","","","","","","","","","42290246242497244","42258906314280969","005al00000RVcKvAAL"
"a1TVx00000F44l5MAB","a1TWD000001oxJb2AI","false","","","","","","","","","","","","","","","42180114203595114","42260611975319865","005al00000RVcKvAAL"
"a1TVx00000F44l6MAB","a1TWD000001oxJc2AI","false","","","","","","","","","","","","","","","42332541459465852","42261540952242268","005al00000RVcKvAAL"
"a1TVx00000F44l7MAB","a1TWD000001oxJd2AI","false","","","","","","","","","","","","","","","42944525223887090","42261615310618471","005al00000RVcKvAAL"
"a1TVx00000F44l8MAB","a1TWD000001oxJe2AI","false","","","","","","","","","","","","","","","42499450399445046","42263988146896782","005al00000RVcKvAAL"
"a1TVx00000F44l9MAB","a1TWD000001oxJf2AI","false","KHMM","","","","","","","","","","","","","","42071811182424533","42265907221113051","005al00000RVcKvAAL"
"a1TVx00000F44lAMAR","a1TWD000001oxJg2AI","false","","Berlin","","","","","","","","","","","","","42567316141930994","42267334926021310","005al00000RVcKvAAL"
"a1TVx00000F44lBMAR","a1TWD000001oxJh2AI","false","","","","","","","","","","","","","","","42346598169026211","42267468701608602","005al00000RVcKvAAL"
"a1TVx00000F44lCMAR","a1TWD000001oxJi2AI","false","","Wilmington","","","","","","","","","","","","","42367220946509526","42270443632939777","005al00000RVcKvAAL"
"a1TVx00000F44lDMAR","a1TWD000001oxJj2AI","false","","","","","","","","","","","","","","","42548701928667840","42274697852735677","005al00000RVcKvAAL"
"a1TVx00000F44lEMAR","a1TWD000001oxJk2AI","false","00-00-01","","","","","","","","","","","","","","42943238373959924","42274779313703465","005al00000RVcKvAAL"
"a1TVx00000F44lFMAR","a1TWD000001oxJl2AI","false","1213","Hyderabad","","","","","","","","","","","Mindspace","500036","42236669276309740","42277346657862025","005al00000RVcKvAAL"
"a1TVx00000F44lGMAR","a1TWD000001oxJm2AI","false","2","","","","","","","","","","","","","","42309630625896406","42279391654438389","005al00000RVcKvAAL"
"a1TVx00000F44lHMAR","a1TWD000001oxJn2AI","false","4","Toulouse","","","","","","","","","","","","","42771100000691727","42282264705348357","005al00000RVcKvAAL"
"a1TVx00000F44lIMAR","a1TWD000001oxJo2AI","false","","Munich","","","","","","","","","","","","","42094259844129375","42287382038643938","005al00000RVcKvAAL"
"a1TVx00000F44lJMAR","a1TWD000001oxJp2AI","false","","","","","","","","","","","","","","","42555416522590203","42287417874970751","005al00000RVcKvAAL"
"a1TVx00000F44lKMAR","a1TWD000001oxJq2AI","false","2","","","","","","","","","","","","","","42952881553355320","42293712836484811","005al00000RVcKvAAL"
"a1TVx00000F44lLMAR","a1TWD000001oxJr2AI","false","","","","","","","","","","","","","","","42799797121338635","42294287336568761","005al00000RVcKvAAL"
"a1TVx00000F44lMMAR","a1TWD000001oxJs2AI","false","","","","","","","","","","","","","","","42952016928955625","42295463100363723","005al00000RVcKvAAL"
"a1TVx00000F44lNMAR","a1TWD000001oxJt2AI","false","","","","","","","","","","","","","","","42968551930960406","42298947869016894","005al00000RVcKvAAL"
"a1TVx00000F44lOMAR","a1TWD000001oxJu2AI","false","","","","","","","","","","","","","","","42938660816447793","42303154998303668","005al00000RVcKvAAL"
"a1TVx00000F44lPMAR","a1TWD000001oxJv2AI","false","","Seville","","","","","","","","","","","","","42890735560443758","42304069554666446","005al00000RVcKvAAL"
"a1TVx00000F44lQMAR","a1TWD000001oxJw2AI","false","1","","","","","","","","","","","","","","42522634205981481","42320211082405515","005al00000RVcKvAAL"
"a1TVx00000F44lRMAR","a1TWD000001oxJx2AI","false","Test-02","","","","","","","","","","","","","","42065007098193533","42322286130974341","005al00000RVcKvAAL"
"a1TVx00000F44lSMAR","a1TWD000001oxJy2AI","false","","","","","","","","","","","","","","","42601179034868262","42322313960240575","005al00000RVcKvAAL"
"a1TVx00000F44lTMAR","a1TWD000001oxJz2AI","false","54","myCityTest","","","","","","","","","","","","","42452213647170578","42327588514061882","005al00000RVcKvAAL"
"a1TVx00000F44lUMAR","a1TWD000001oxK02AI","false","","","","","","","","","","","","","","","42042705297972634","42333043214236547","005al00000RVcKvAAL"
"a1TVx00000F44lVMAR","a1TWD000001oxK12AI","false","","","","","","","","","","","","","","","42775268666981868","42333699377976831","005al00000RVcKvAAL"
"a1TVx00000F44lWMAR","a1TWD000001oxK22AI","false","","","","","","","","","","","","","","","42672137390086925","42336262647213941","005al00000RVcKvAAL"
"a1TVx00000F44lXMAR","a1TWD000001oxK32AI","false","","","","","","","","","","","","","","","42670129990092783","42341931225525468","005al00000RVcKvAAL"
"a1TVx00000F44lYMAR","a1TWD000001oxK42AI","false","","Hbd","","","","","","","","","","","","","42492158941536279","42344336716101906","005al00000RVcKvAAL"
"a1TVx00000F44lZMAR","a1TWD000001oxK52AI","false","","Turin","","","","","","","","","","","","","42671282083484602","42346939368418436","005al00000RVcKvAAL"
"a1TVx00000F44laMAB","a1TWD000001oxK62AI","false","","","","","","","","","","","","","","","42867513341420085","42347186798832618","005al00000RVcKvAAL"
"a1TVx00000F44lbMAB","a1TWD000001oxK72AI","false","","","","","","","","","","","","","","","42838474521283673","42347488189298302","005al00000RVcKvAAL"
"a1TVx00000F44lcMAB","a1TWD000001oxK82AI","false","00-00-02","","","","","","","","","","","","","","42555699591666304","42350301403076650","005al00000RVcKvAAL"
"a1TVx00000F44ldMAB","a1TWD000001oxK92AI","false","","","","","","","","","","","","","","","42059863382083283","42351989184646387","005al00000RVcKvAAL"
"a1TVx00000F44leMAB","a1TWD000001oxKA2AY","false","","","","","","","","","","","","","","","42759981089328989","42355439235128091","005al00000RVcKvAAL"
"a1TVx00000F44lfMAB","a1TWD000001oxKB2AY","false","","","","","","","","","","","","","","","42452261158036845","42358446733668515","005al00000RVcKvAAL"
"a1TVx00000F44lgMAB","a1TWD000001oxKC2AY","false","234456","Dallas","","","","","","","","","","","","","42493579686591772","42360584062232166","005al00000RVcKvAAL"
"a1TVx00000F44lhMAB","a1TWD000001oxKD2AY","false","","","","","","","","","","","","","","","42093996697192371","42361086499466592","005al00000RVcKvAAL"
"a1TVx00000F44liMAB","a1TWD000001oxKE2AY","false","","","","","","","","","","","","","","","42553729062951028","42365540566000816","005al00000RVcKvAAL"
"a1TVx00000F44ljMAB","a1TWD000001oxKF2AY","false","123456","Salt Lake City","","","","","","","","","","","","","42592821732285008","42368424779358749","005al00000RVcKvAAL"
"a1TVx00000F44lkMAB","a1TWD000001oxKG2AY","false","","","","","","","","","","","","","","","42560216511899721","42369903060542672","005al00000RVcKvAAL"
"a1TVx00000F44llMAB","a1TWD000001oxKH2AY","false","","","","","","","","","","","","","","","42823083785718173","42371778507118016","005al00000RVcKvAAL"
"a1TVx00000F44lmMAB","a1TWD000001oxKI2AY","false","","","","","","","","","","","","","","","42548375310404130","42373966028904976","005al00000RVcKvAAL"
"a1TVx00000F44lnMAB","a1TWD000001oxKJ2AY","false","","","","","","","","","","","","","","","42213626813668537","42377892444945425","005al00000RVcKvAAL"
"a1TVx00000F44loMAB","a1TWD000001oxKK2AY","false","","","","","","","","","","","","","","","42008961596052695","42382631687819596","005al00000RVcKvAAL"
"a1TVx00000F44lpMAB","a1TWD000001oxKL2AY","false","","","","","","","","","","","","","","","42125360603810648","42384784950255878","005al00000RVcKvAAL"
"a1TVx00000F44lqMAB","a1TWD000001oxKM2AY","false","","","","","","","","","","","","","","","42552930989995641","42384961519834637","005al00000RVcKvAAL"
"a1TVx00000F44lrMAB","a1TWD000001oxKN2AY","false","","","","","","","","","","","","","","","42809935683508194","42388326363421866","005al00000RVcKvAAL"
"a1TVx00000F44lsMAB","a1TWD000001oxKO2AY","false","","","","","","","","","","","","","","","42898502582116554","42389538408666396","005al00000RVcKvAAL"
"a1TVx00000F44ltMAB","a1TWD000001oxKP2AY","false","","Rome","","","","","","","","","","","","","42245676758382829","42390524699077060","005al00000RVcKvAAL"
"a1TVx00000F44luMAB","a1TWD000001oxKQ2AY","false","","","","","","","","","","","","","","","42544027575966433","42404205863720153","005al00000RVcKvAAL"
"a1TVx00000F44lvMAB","a1TWD000001oxKR2AY","false","","","","","","","","","","","","","","","42928254170760478","42405670057585693","005al00000RVcKvAAL"
"a1TVx00000F44lwMAB","a1TWD000001oxKS2AY","false","00-00-03","","","","","","","","","","","","","","42930444438637418","42411064840140098","005al00000RVcKvAAL"
"a1TVx00000F44lxMAB","a1TWD000001oxKT2AY","false","","","","","","","","","","","","","","","42627216320416895","42415870883794925","005al00000RVcKvAAL"
"a1TVx00000F44lyMAB","a1TWD000001oxKU2AY","false","","","","","","","","","","","","","","","42048878649253222","42416311335156033","005al00000RVcKvAAL"
"a1TVx00000F44lzMAB","a1TWD000001oxKV2AY","false","00-00-01","Manchester","","","","","","","","","","","","","42151290187704354","42417447526110371","005al00000RVcKvAAL"
"a1TVx00000F44m0MAB","a1TWD000001oxKW2AY","false","","","","","","","","","","","","","","","42819365545404695","42418181753016277","005al00000RVcKvAAL"
"a1TVx00000F44m1MAB","a1TWD000001oxKX2AY","false","","","","","","","","","","","","","","","42983263165067068","42425639847007241","005al00000RVcKvAAL"
"a1TVx00000F44m2MAB","a1TWD000001oxKY2AY","false","52","","","","","","","","","","","","","","42784362101716684","42429713014757711","005al00000RVcKvAAL"
"a1TVx00000F44m3MAB","a1TWD000001oxKZ2AY","false","","","","","","","","","","","","","","","42586261030127960","42430577364691018","005al00000RVcKvAAL"
"a1TVx00000F44m4MAB","a1TWD000001oxKa2AI","false","","","","","","","","","","","","","","","42208405668614190","42431178253486187","005al00000RVcKvAAL"
"a1TVx00000F44m5MAB","a1TWD000001oxKb2AI","false","","Barcelona","","","","","","","","","","","","","42209891206721722","42434382011154728","005al00000RVcKvAAL"
"a1TVx00000F44m6MAB","a1TWD000001oxKc2AI","false","","","","","","","","","","","","","","","42686569561420253","42436249282654868","005al00000RVcKvAAL"
"a1TVx00000F44m7MAB","a1TWD000001oxKd2AI","false","","","","","","","","","","","","","","","42002051156896695","42437320316804799","005al00000RVcKvAAL"
"a1TVx00000F44m8MAB","a1TWD000001oxKe2AI","false","","","","","","","","","","","","","","","42072943464260007","42439344418739686","005al00000RVcKvAAL"
"a1TVx00000F44m9MAB","a1TWD000001oxKf2AI","false","00-00-00","","","","","","","","","","","","","","42839105958530453","42448226048589507","005al00000RVcKvAAL"
"a1TVx00000F44mAMAR","a1TWD000001oxKg2AI","false","1","","","","","","","","","","","","","","42592110225983887","42454585925874847","005al00000RVcKvAAL"
"a1TVx00000F44mBMAR","a1TWD000001oxKh2AI","false","","","","","","","","","","","","","","","42716026852637002","42455404617844553","005al00000RVcKvAAL"
"a1TVx00000F44mCMAR","a1TWD000001oxKi2AI","false","","","","","","","","","","","","","","","42507912458497715","42460599701461235","005al00000RVcKvAAL"
"a1TVx00000F44mDMAR","a1TWD000001oxKj2AI","false","","","","","","","","","","","","","","","42623562092036926","42461941698516664","005al00000RVcKvAAL"
"a1TVx00000F44mEMAR","a1TWD000001oxKk2AI","false","00-00-01","","","","","","","","","","","","","","42226444876954905","42462934753303422","005al00000RVcKvAAL"
"a1TVx00000F44mFMAR","a1TWD000001oxKl2AI","false","","","","","","","","","","","","","","","42349144559502657","42463163950481255","005al00000RVcKvAAL"
"a1TVx00000F44mGMAR","a1TWD000001oxKm2AI","false","501","Delhi","","","","","","","","","","DE","Central","","42833882815402033","42464158971677016","005al00000RVcKvAAL"
"a1TVx00000F44mHMAR","a1TWD000001oxKn2AI","false","3","","","","","","","","","","","","","","42183786035859231","42465746428404646","005al00000RVcKvAAL"
"a1TVx00000F44mIMAR","a1TWD000001oxKo2AI","false","","","","","","","","","","","","","","","42186963258661536","42466875489005551","005al00000RVcKvAAL"
"a1TVx00000F44mJMAR","a1TWD000001oxKp2AI","false","","Madrid","","","","","","","","","","","","","42884434795932759","42470977859462395","005al00000RVcKvAAL"
"a1TVx00000F44mKMAR","a1TWD000001oxKq2AI","false","","","","","","","","","","","","","","","42501756160065662","42471232635096219","005al00000RVcKvAAL"
"a1TVx00000F44mLMAR","a1TWD000001oxKr2AI","false","","","","","","","","","","","","","","","42666141717095994","42474163793354642","005al00000RVcKvAAL"
"a1TVx00000F44mMMAR","a1TWD000001oxKs2AI","false","","","","","","","","","","","","","","","42273799995056069","42474661479286286","005al00000RVcKvAAL"
"a1TVx00000F44mNMAR","a1TWD000001oxKt2AI","false","","Rome","","","","","","","","","","","","","42203725755520872","42475652994774891","005al00000RVcKvAAL"
"a1TVx00000F44mOMAR","a1TWD000001oxKu2AI","false","","","","","","","","","","","","","","","42295538776744010","42478486000375535","005al00000RVcKvAAL"
"a1TVx00000F44mPMAR","a1TWD000001oxKv2AI","false","53","myCity","","","","","","","","","","","myStreet","123456","42850423290201877","42483464176160371","005al00000RVcKvAAL"
"a1TVx00000F44mQMAR","a1TWD000001oxKw2AI","false","","","","","","","","","","","","","","","42545999517604615","42489019712653174","005al00000RVcKvAAL"
"a1TVx00000F44mRMAR","a1TWD000001oxKx2AI","false","501","Delhi","","","","","","","","","","","","","42763784390168460","42499039503797229","005al00000RVcKvAAL"
"a1TVx00000F44mSMAR","a1TWD000001oxKy2AI","false","1","Lyon","","","","","","","","","","","","","42560606054898593","42499872189968753","005al00000RVcKvAAL"
"a1TVx00000F44mTMAR","a1TWD000001oxKz2AI","false","Test-03","","","","","","","","","","","","","","42469603460699492","42500299190166554","005al00000RVcKvAAL"
"a1TVx00000F44mUMAR","a1TWD000001oxL02AI","false","","","","","","","","","","","","","","","42935070964762432","42500783472361928","005al00000RVcKvAAL"
"a1TVx00000F44mVMAR","a1TWD000001oxL12AI","false","","","","","","","","","","","","","","","4257815082916579","42502138908319247","005al00000RVcKvAAL"
"a1TVx00000F44mWMAR","a1TWD000001oxL22AI","false","53","myCity","","","","","","","","","","","","","42517506795606198","42510737895174108","005al00000RVcKvAAL"
"a1TVx00000F44mXMAR","a1TWD000001oxL32AI","false","","","","","","","","","","","","","","","42880196349612260","42512510861018358","005al00000RVcKvAAL"
"a1TVx00000F44mYMAR","a1TWD000001oxL42AI","false","","","","","","","","","","","","","","","42515664454900534","42514520954281698","005al00000RVcKvAAL"
"a1TVx00000F44mZMAR","a1TWD000001oxL52AI","false","","Milan","","","","","","","","","","","","","42072523547537028","42517651549809362","005al00000RVcKvAAL"
"a1TVx00000F44maMAB","a1TWD000001oxL62AI","false","","","","","","","","","","","","","","","42539269619307525","42531745920336478","005al00000RVcKvAAL"
"a1TVx00000F44mbMAB","a1TWD000001oxL72AI","false","","Mumbai-02","","","","","","","","","","","","","42760218070387277","42532876444586553","005al00000RVcKvAAL"
"a1TVx00000F44mcMAB","a1TWD000001oxL82AI","false","","cityname02","","","","","","","","","","","","","42763699001883809","42532926925735208","005al00000RVcKvAAL"
"a1TVx00000F44mdMAB","a1TWD000001oxL92AI","false","","","","","","","","","","","","","","","42310646428404759","42540992200100043","005al00000RVcKvAAL"
"a1TVx00000F44meMAB","a1TWD000001oxLA2AY","false","","Munich","","","","","","","","","","","","","42351114868299285","42542214607014228","005al00000RVcKvAAL"
"a1TVx00000F44mfMAB","a1TWD000001oxLB2AY","false","","","","","","","","","","","","","","","42959547564389181","42547433344510880","005al00000RVcKvAAL"
"a1TVx00000F44mgMAB","a1TWD000001oxLC2AY","false","","","","","","","","","","","","","","","42598461856596652","42548281320214047","005al00000RVcKvAAL"
"a1TVx00000F44mhMAB","a1TWD000001oxLD2AY","false","","","","","","","","","","","","","","","42070227641753121","42551812186884261","005al00000RVcKvAAL"
"a1TVx00000F44miMAB","a1TWD000001oxLE2AY","false","","","","","","","","","","","","","","","42822393909072859","42554781870320368","005al00000RVcKvAAL"
"a1TVx00000F44mjMAB","a1TWD000001oxLF2AY","false","","","","","","","","","","","","","","","42830210398198368","42556808141361141","005al00000RVcKvAAL"
"a1TVx00000F44mkMAB","a1TWD000001oxLG2AY","false","","","","","","","","","","","","","","","42053669798914063","42557783922338504","005al00000RVcKvAAL"
"a1TVx00000F44mlMAB","a1TWD000001oxLH2AY","false","","","","","","","","","","","","","","","42919293161094434","42570158968376822","005al00000RVcKvAAL"
"a1TVx00000F44mmMAB","a1TWD000001oxLI2AY","false","","cityname002","","","","","","","","","","","","","42546867148994464","42570694533628753","005al00000RVcKvAAL"
"a1TVx00000F44mnMAB","a1TWD000001oxLJ2AY","false","","","","","","","","","","","","","","","42638966163613338","42571900655566474","005al00000RVcKvAAL"
"a1TVx00000F44moMAB","a1TWD000001oxLK2AY","false","","","","","","","","","","","","","","","42238761996118503","42573265510389478","005al00000RVcKvAAL"
"a1TVx00000F44mpMAB","a1TWD000001oxLL2AY","false","","","","","","","","","","","","","","","42871876468945706","42574633407241350","005al00000RVcKvAAL"
"a1TVx00000F44mqMAB","a1TWD000001oxLM2AY","false","54","myCityTest","","","","","","","","","","","myStreetTest","560066","42761292002909261","42576448528245971","005al00000RVcKvAAL"
"a1TVx00000F44mrMAB","a1TWD000001oxLN2AY","false","00-00-00","","","","","","","","","","","","","","42453808873587469","42577231055011455","005al00000RVcKvAAL"
"a1TVx00000F44msMAB","a1TWD000001oxLO2AY","false","","","","","","","","","","","","","","","42066422252337774","42580863064378424","005al00000RVcKvAAL"
"a1TVx00000F44mtMAB","a1TWD000001oxLP2AY","false","","city test 01","","","","","","","","","","","","","42753746118747726","42581413393914682","005al00000RVcKvAAL"
"a1TVx00000F44muMAB","a1TWD000001oxLQ2AY","false","","","","","","","","","","","","","","","42072361766359638","42581701232601569","005al00000RVcKvAAL"
"a1TVx00000F44mvMAB","a1TWD000001oxLR2AY","false","","","","","","","","","","","","","","","42076838850010018","42589717802905288","005al00000RVcKvAAL"
"a1TVx00000F44mwMAB","a1TWD000001oxLS2AY","false","","","","","","","","","","","","","","","42466046721004404","42595940403212727","005al00000RVcKvAAL"
"a1TVx00000F44mxMAB","a1TWD000001oxLT2AY","false","","city 01","","","","","","","","","","","","","42448046532346110","42597538429804846","005al00000RVcKvAAL"
"a1TVx00000F44myMAB","a1TWD000001oxLU2AY","false","","Cologne","","","","","","","","","","","","","42664398523136525","42599034955162398","005al00000RVcKvAAL"
"a1TVx00000F44mzMAB","a1TWD000001oxLV2AY","false","","","","","","","","","","","","","","","42737392705356592","42606913781424750","005al00000RVcKvAAL"
"a1TVx00000F44n0MAB","a1TWD000001oxLW2AY","false","","","","","","","","","","","","","","","42188510910142113","42611603063655638","005al00000RVcKvAAL"
"a1TVx00000F44n1MAB","a1TWD000001oxLX2AY","false","00-00-02","Bristol","","","","","","","","","","","","","42706849795070543","42623705816678938","005al00000RVcKvAAL"
"a1TVx00000F44n2MAB","a1TWD000001oxLY2AY","false","765","Chicago","","","","","","","","","","","","","42977698440584519","42626787492044930","005al00000RVcKvAAL"
"a1TVx00000F44n3MAB","a1TWD000001oxLZ2AY","false","","","","","","","","","","","","","","","42967975270268035","42627026512045445","005al00000RVcKvAAL"
"a1TVx00000F44n4MAB","a1TWD000001oxLa2AI","false","00-00-03","","","","","","","","","","","","","","42086428041670935","42639511287688878","005al00000RVcKvAAL"
"a1TVx00000F44n5MAB","a1TWD000001oxLb2AI","false","","","","","","","","","","","","","","","42804493330762344","42650979567245893","005al00000RVcKvAAL"
"a1TVx00000F44n6MAB","a1TWD000001oxLc2AI","false","","","","","","","","","","","","","","","42944594488712222","42656466536907181","005al00000RVcKvAAL"
"a1TVx00000F44n7MAB","a1TWD000001oxLd2AI","false","","","","","","","","","","","","","","","42995601743302703","42660403128438115","005al00000RVcKvAAL"
"a1TVx00000F44n8MAB","a1TWD000001oxLe2AI","false","00-00-03","Liverpool","","","","","","","","","","","","","42532158294888928","42672267266834828","005al00000RVcKvAAL"
"a1TVx00000F44n9MAB","a1TWD000001oxLf2AI","false","","","","","","","","","","","","","","","42781909550944804","42674369064971037","005al00000RVcKvAAL"
"a1TVx00000F44nAMAR","a1TWD000001oxLg2AI","false","","","","","","","","","","","","","","","42087604581728321","42678428417976691","005al00000RVcKvAAL"
"a1TVx00000F44nBMAR","a1TWD000001oxLh2AI","false","","","","","","","","","","","","","","","42129956536607542","42681371586193062","005al00000RVcKvAAL"
"a1TVx00000F44nCMAR","a1TWD000001oxLi2AI","false","","","","","","","","","","","","","","","42919362053073383","42682029798990806","005al00000RVcKvAAL"
"a1TVx00000F44nDMAR","a1TWD000001oxLj2AI","false","","","","","","","","","","","","","","","42940874287390867","42683783043332395","005al00000RVcKvAAL"
"a1TVx00000F44nEMAR","a1TWD000001oxLk2AI","false","00-00-00","","","","","","","","","","","","","","42130863916281844","42683844897478206","005al00000RVcKvAAL"
"a1TVx00000F44nFMAR","a1TWD000001oxLl2AI","false","","","","","","","","","","","","","","","42848180471621576","42687090036446873","005al00000RVcKvAAL"
"a1TVx00000F44nGMAR","a1TWD000001oxLm2AI","false","","","","","","","","","","","","","","","42604418971033985","42687865210754102","005al00000RVcKvAAL"
"a1TVx00000F44nHMAR","a1TWD000001oxLn2AI","false","","","","","","","","","","","","","","","42659235956394628","42688140578202281","005al00000RVcKvAAL"
"a1TVx00000F44nIMAR","a1TWD000001oxLo2AI","false","","","","","","","","","","","","","","","42589111397670539","42695571527410544","005al00000RVcKvAAL"
"a1TVx00000F44nJMAR","a1TWD000001oxLp2AI","false","","","","","","","","","","","","","","","42574027898340811","42696644396824194","005al00000RVcKvAAL"
"a1TVx00000F44nKMAR","a1TWD000001oxLq2AI","false","","Turin","","","","","","","","","","","","","42088478808937214","42696661317723472","005al00000RVcKvAAL"
"a1TVx00000F44nLMAR","a1TWD000001oxLr2AI","false","235576","New York","","","","","","","","","","","","","42262500006667500","42703771139595463","005al00000RVcKvAAL"
"a1TVx00000F44nMMAR","a1TWD000001oxLs2AI","false","","","","","","","","","","","","","","","42107910052652924","42711491979357287","005al00000RVcKvAAL"
"a1TVx00000F44nNMAR","a1TWD000001oxLt2AI","false","Hyd","","","","","","","","","","","","","","42282363333720161","42712103847925761","005al00000RVcKvAAL"
"a1TVx00000F44nOMAR","a1TWD000001oxLu2AI","false","","","","","","","","","","","","","","","42468644371503218","42713039287307906","005al00000RVcKvAAL"
"a1TVx00000F44nPMAR","a1TWD000001oxLv2AI","false","4","","","","","","","","","","","","","","42835131485342673","42719697186726534","005al00000RVcKvAAL"
"a1TVx00000F44nQMAR","a1TWD000001oxLw2AI","false","","","","","","","","","","","","","","","42878018504074515","42733754761864548","005al00000RVcKvAAL"
"a1TVx00000F44nRMAR","a1TWD000001oxLx2AI","false","","","","","","","","","","","","","","","42592823070792236","42733944959563303","005al00000RVcKvAAL"
"a1TVx00000F44nSMAR","a1TWD000001oxLy2AI","false","","","","","","","","","","","","","","","42050606181488850","42734200522325551","005al00000RVcKvAAL"
"a1TVx00000F44nTMAR","a1TWD000001oxLz2AI","false","","Cologne","","","","","","","","","","","","","42260148153919322","42737723738240624","005al00000RVcKvAAL"
"a1TVx00000F44nUMAR","a1TWD000001oxM02AI","false","","","","","","","","","","","","","","","42457998076477364","42746213095980590","005al00000RVcKvAAL"
"a1TVx00000F44nVMAR","a1TWD000001oxM12AI","false","2","","","","","","","","","","","","","","42764081490266112","42755239377688318","005al00000RVcKvAAL"
"a1TVx00000F44nWMAR","a1TWD000001oxM22AI","false","","Hamburg","","","","","","","","","","","","","42109424299114259","42757967926654723","005al00000RVcKvAAL"
"a1TVx00000F44nXMAR","a1TWD000001oxM32AI","false","500","Bangalore","","","","","","","","","","AL","Yelahanka","560064","42471779693736898","42768501582727041","005al00000RVcKvAAL"
"a1TVx00000F44nYMAR","a1TWD000001oxM42AI","false","34567","Minneapolis","","","","","","","","","","","","","42248691365341419","42769082616097902","005al00000RVcKvAAL"
"a1TVx00000F44nZMAR","a1TWD000001oxM52AI","false","50001","NJ","","","","","","","","","","CT","CA","16529","42317311317934854","42769899187814773","005al00000RVcKvAAL"
"a1TVx00000F44naMAB","a1TWD000001oxM62AI","false","00001","Lyon","","","","","","","","","","","","","42533982855422505","42772430318932776","005al00000RVcKvAAL"
"a1TVx00000F44nbMAB","a1TWD000001oxM72AI","false","","","","","","","","","","","","","","","42467963067806714","42773917280795988","005al00000RVcKvAAL"
"a1TVx00000F44ncMAB","a1TWD000001oxM82AI","false","","","","","","","","","","","","","","","42734493144121158","42775398232830501","005al00000RVcKvAAL"
"a1TVx00000F44ndMAB","a1TWD000001oxM92AI","false","","","","","","","","","","","","","","","42798702247153384","42780699018654092","005al00000RVcKvAAL"
"a1TVx00000F44neMAB","a1TWD000001oxMA2AY","false","","","","","","","","","","","","","","","42355047769868421","42785396038108718","005al00000RVcKvAAL"
"a1TVx00000F44nfMAB","a1TWD000001oxMB2AY","false","","","","","","","","","","","","","","","42643563241282280","42788137853892462","005al00000RVcKvAAL"
"a1TVx00000F44ngMAB","a1TWD000001oxMC2AY","false","","","","","","","","","","","","","","","42417820150387416","42791930876949862","005al00000RVcKvAAL"
"a1TVx00000F44nhMAB","a1TWD000001oxMD2AY","false","","","","","","","","","","","","","","","42372234765707945","42795719630084337","005al00000RVcKvAAL"
"a1TVx00000F44niMAB","a1TWD000001oxME2AY","false","52","Bangalore","","","","","","","","","","","KA","560064","42398530119454287","42800838010681455","005al00000RVcKvAAL"
"a1TVx00000F44njMAB","a1TWD000001oxMF2AY","false","4","","","","","","","","","","","","","","42523392009884758","42802425444024057","005al00000RVcKvAAL"
"a1TVx00000F44nkMAB","a1TWD000001oxMG2AY","false","3","Marseille","","","","","","","","","","","","","42350052029919721","42805585547287729","005al00000RVcKvAAL"
"a1TVx00000F44nlMAB","a1TWD000001oxMH2AY","false","","","","","","","","","","","","","","","42971568268718146","42809952220250129","005al00000RVcKvAAL"
"a1TVx00000F44nmMAB","a1TWD000001oxMI2AY","false","","","","","","","","","","","","","","","42222384577700380","42812270827375650","005al00000RVcKvAAL"
"a1TVx00000F44nnMAB","a1TWD000001oxMJ2AY","false","","","","","","","","","","","","","","","42689382690538335","42813201778090118","005al00000RVcKvAAL"
"a1TVx00000F44noMAB","a1TWD000001oxMK2AY","false","00-00-01","Manchester","","","","","","","","","","","","","42692785666245553","42816112327745586","005al00000RVcKvAAL"
"a1TVx00000F44npMAB","a1TWD000001oxML2AY","false","","","","","","","","","","","","","","","42332365860265486","42818715583048343","005al00000RVcKvAAL"
"a1TVx00000F44nqMAB","a1TWD000001oxMM2AY","false","","","","","","","","","","","","","","","42211734368125431","42823688521527380","005al00000RVcKvAAL"
"a1TVx00000F44nrMAB","a1TWD000001oxMN2AY","false","","","","","","","","","","","","","","","42978223857633780","42826060966795394","005al00000RVcKvAAL"
"a1TVx00000F44nsMAB","a1TWD000001oxMO2AY","false","","","","","","","","","","","","","","","42218516645792883","42826947695537419","005al00000RVcKvAAL"
"a1TVx00000F44ntMAB","a1TWD000001oxMP2AY","false","","Wilmington","","","","","","","","","","NC","6770 Parker Farm Dr.","","42770294570524319","42835746243659106","005al00000RVcKvAAL"
"a1TVx00000F44nuMAB","a1TWD000001oxMQ2AY","false","","","","","","","","","","","","","","","42719961483847727","42840003162394867","005al00000RVcKvAAL"
"a1TVx00000F44nvMAB","a1TWD000001oxMR2AY","false","","","","","","","","","","","","","","","42140271817037722","428413947308925","005al00000RVcKvAAL"
"a1TVx00000F44nwMAB","a1TWD000001oxMS2AY","false","","","","","","","","","","","","","","","42816589047868698","42842805726037763","005al00000RVcKvAAL"
"a1TVx00000F44nxMAB","a1TWD000001oxMT2AY","false","987","Los Angeles","","","","","","","","","","","","","42437527689991068","42843763899037384","005al00000RVcKvAAL"
"a1TVx00000F44nyMAB","a1TWD000001oxMU2AY","false","","","","","","","","","","","","","","","42784696957980632","42844152937138020","005al00000RVcKvAAL"
"a1TVx00000F44nzMAB","a1TWD000001oxMV2AY","false","3","","","","","","","","","","","","","","42346582962150096","42845433248219925","005al00000RVcKvAAL"
"a1TVx00000F44o0MAB","a1TWD000001oxMW2AY","false","54","","","","","","","","","","","","","","42282775792644382","42845520204723066","005al00000RVcKvAAL"
"a1TVx00000F44o1MAB","a1TWD000001oxMX2AY","false","","","","","","","","","","","","","","","42835921601590460","42854073507995564","005al00000RVcKvAAL"
"a1TVx00000F44o2MAB","a1TWD000001oxMY2AY","false","","","","","","","","","","","","","","","42163425994630101","42863944570508979","005al00000RVcKvAAL"
"a1TVx00000F44o3MAB","a1TWD000001oxMZ2AY","false","","","","","","","","","","","","","","","42021112206572178","42867815068177850","005al00000RVcKvAAL"
"a1TVx00000F44o4MAB","a1TWD000001oxMa2AI","false","","","","","","","","","","","","","","","42581419985157739","42872745020935342","005al00000RVcKvAAL"
"a1TVx00000F44o5MAB","a1TWD000001oxMb2AI","false","","","","","","","","","","","","","","","42800025520980594","42875863719753842","005al00000RVcKvAAL"
"a1TVx00000F44o6MAB","a1TWD000001oxMc2AI","false","","","","","","","","","","","","","","","42847745585555081","42877500523650933","005al00000RVcKvAAL"
"a1TVx00000F44o7MAB","a1TWD000001oxMd2AI","false","53","","","","","","","","","","","","","","42640328658826900","42883860852129749","005al00000RVcKvAAL"
"a1TVx00000F44o8MAB","a1TWD000001oxMe2AI","false","","Barcelona","","","","","","","","","","","","","42218028406290319","42899159769439821","005al00000RVcKvAAL"
"a1TVx00000F44o9MAB","a1TWD000001oxMf2AI","false","","","","","","","","","","","","","","","42335715188534964","42908385675770247","005al00000RVcKvAAL"
"a1TVx00000F44oAMAR","a1TWD000001oxMg2AI","false","1213","Hyderabad","","","","","","","","","","","","","42573987968692060","42912753049247694","005al00000RVcKvAAL"
"a1TVx00000F44oBMAR","a1TWD000001oxMh2AI","false","","","","","","","","","","","","","","","42931697334419564","42913317808099454","005al00000RVcKvAAL"
"a1TVx00000F44oCMAR","a1TWD000001oxMi2AI","false","","","","","","","","","","","","","","","42554089785464381","42914953756463827","005al00000RVcKvAAL"
"a1TVx00000F44oDMAR","a1TWD000001oxMj2AI","false","","Hamburg","","","","","","","","","","","","","42381944968182946","42916647366978760","005al00000RVcKvAAL"
"a1TVx00000F44oEMAR","a1TWD000001oxMk2AI","false","4","","","","","","","","","","","","","","42838479783276630","42922698034785802","005al00000RVcKvAAL"
"a1TVx00000F44oFMAR","a1TWD000001oxMl2AI","false","","","","","","","","","","","","","","","42543930225093497","42926342898751786","005al00000RVcKvAAL"
"a1TVx00000F44oGMAR","a1TWD000001oxMm2AI","false","","","","","","","","","","","","","","","42251654074856849","42927478242879563","005al00000RVcKvAAL"
"a1TVx00000F44oHMAR","a1TWD000001oxMn2AI","false","","","","","","","","","","","","","","","42725432595709494","42932332697165865","005al00000RVcKvAAL"
"a1TVx00000F44oIMAR","a1TWD000001oxMo2AI","false","","","","","","","","","","","","","","","42142653317996542","42941496679313605","005al00000RVcKvAAL"
"a1TVx00000F44oJMAR","a1TWD000001oxMp2AI","false","","","","","","","","","","","","","","","42835425562767830","42941979279255705","005al00000RVcKvAAL"
"a1TVx00000F44oKMAR","a1TWD000001oxMq2AI","false","","","","","","","","","","","","","","","42399745659432618","42943547930302763","005al00000RVcKvAAL"
"a1TVx00000F44oLMAR","a1TWD000001oxMr2AI","false","1213","Hyderabad","","","","","","","","","","","Mindspace","500036","42093803674912091","42946873198914700","005al00000RVcKvAAL"
"a1TVx00000F44oMMAR","a1TWD000001oxMs2AI","false","","Valencia","","","","","","","","","","","","","42391387310765652","42950805545528693","005al00000RVcKvAAL"
"a1TVx00000F44oNMAR","a1TWD000001oxMt2AI","false","","","","","","","","","","","","","","","42896122765398126","42952891519477744","005al00000RVcKvAAL"
"a1TVx00000F44oOMAR","a1TWD000001oxMu2AI","false","","","","","","","","","","","","","","","42214711515905597","42953937233894434","005al00000RVcKvAAL"
"a1TVx00000F44oPMAR","a1TWD000001oxMv2AI","false","","","","","","","","","","","","","","","42132564133485868","42958408533213460","005al00000RVcKvAAL"
"a1TVx00000F44oQMAR","a1TWD000001oxMw2AI","false","50002","NJ","","","","","","","","","","CT","CA","16529","42905086933700901","42969312541966432","005al00000RVcKvAAL"
"a1TVx00000F44oRMAR","a1TWD000001oxMx2AI","false","","Hyd","","","","","","","","","","CA","Hitech City","580008","42936190855039066","42969916523147144","005al00000RVcKvAAL"
"a1TVx00000F44oSMAR","a1TWD000001oxMy2AI","false","00-00-00","London","","","","","","","","","","","","","42600059202180087","42984981530106460","005al00000RVcKvAAL"
"a1TVx00000F44oTMAR","a1TWD000001oxMz2AI","false","","","","","","","","","","","","","","","42850100421640861","42986570203827489","005al00000RVcKvAAL"
"a1TVx00000F44oUMAR","a1TWD000001oxN02AI","false","","","","","","","","","","","","","","","42954713265517640","42988702600307397","005al00000RVcKvAAL"
"a1TVx00000F44oVMAR","a1TWD000001oxN12AI","false","00-00-02","","","","","","","","","","","","","","42582150785315836","42988947593818078","005al00000RVcKvAAL"
"a1TVx00000F44oWMAR","a1TWD000001oxN22AI","false","","","","","","","","","","","","","","","42558374476073171","42998389759109050","005al00000RVcKvAAL"
"a1TVx00000F44oXMAR","a1TWD000001oxN32AI","false","234456","Dallas","","","","32.761075","96.743745","XmlObjectWrapper{name={urn:sobject.partner.soap.sforce.com}LLC_BI__Location__c, xmlizable=[Location  latitude='32.761075'
 longitude='96.743745'
]
}","","","","TX","3514 Hancock Street","75210","42386993342746314","9900JPD377393056","005al00000RVcKvAAL"
"a1TVx00000F44oYMAR","a1TWD000001oxN42AI","false","13647","Wilmington","","","","","","","","","","NC","200 Parker Farm Dr.","28403","42925195258727617","9920JPD541539548","005al00000RVcKvAAL"
"a1TVx00000F44oZMAR","a1TWD000001oxN52AI","false","0987","Los Angeles","","","","34.077054","118.232158","XmlObjectWrapper{name={urn:sobject.partner.soap.sforce.com}LLC_BI__Location__c, xmlizable=[Location  latitude='34.077054'
 longitude='118.232158'
]
}","","","","CA","635 Academy Road","90012","42661178296156341","9930JPD323915477","005al00000RVcKvAAL"
"a1TVx00000F44oaMAB","a1TWD000001oxN62AI","false","235576","New York","","","","40.736248","73.979397","XmlObjectWrapper{name={urn:sobject.partner.soap.sforce.com}LLC_BI__Location__c, xmlizable=[Location  latitude='40.736248'
 longitude='73.979397'
]
}","","","","NY","342 E 22nd Street","10010","42758987774338881","9951JPD359895839","005al00000RVcKvAAL"
"a1TVx00000F44obMAB","a1TWD000001oxN72AI","false","34567","Minneapolis","","","","44.927774","93.254569","XmlObjectWrapper{name={urn:sobject.partner.soap.sforce.com}LLC_BI__Location__c, xmlizable=[Location  latitude='44.927774'
 longitude='93.254569'
]
}","","","","MN","4125 14th Avenue S.","55407","42227686190956649","9984JPD281370293","005al00000RVcKvAAL"
"a1TVx00000F44ocMAB","a1TWD000001oxN82AI","false","123456","Salt Lake City","","","","40.769539","-111.882204","XmlObjectWrapper{name={urn:sobject.partner.soap.sforce.com}LLC_BI__Location__c, xmlizable=[Location  latitude='40.769539'
 longitude='-111.882204'
]
}","","","","UT","303 B Street D","84103","42587386589685315","9997JPD205456783","005al00000RVcKvAAL"
"a1TVx00000F44odMAB","a1TWD000001oxN92AI","false","1213","Hyderabad","","","","","","","","","","","Mindspace","500036","42938571333251537","AR-Branch-Test","005al00000RVcKvAAL"
"a1TVx00000F44oeMAB","a1TWD000001oxNA2AY","false","","","","","","","","","","","","","","","42194344686970569","AR-Branch-Test","005al00000RVcKvAAL"
"a1TVx00000F44ofMAB","a1TWD000001oxNB2AY","false","","","","","","","","","","","","","","","42705810447176579","AR-Branch-Test","005al00000RVcKvAAL"
"a1TVx00000F44ogMAB","a1TWD000001oxNC2AY","false","","","","","","","","","","","","","","","42163816055307015","AR-Branch-Test","005al00000RVcKvAAL"
"a1TVx00000F44ohMAB","a1TWD000001oxND2AY","false","","","","","","","","","","","","","","","42219670398142942","AR-Branch-Test","005al00000RVcKvAAL"
"a1TVx00000F44oiMAB","a1TWD000001oxNE2AY","false","1213","Hyderabad","","","","","","","","","","","","","42808527805645000","AR-Branch-Test","005al00000RVcKvAAL"
"a1TVx00000F44ojMAB","a1TWD000001oxNF2AY","false","","","","","","","","","","","","","","","42661320798139468","AR-Branch-Test","005al00000RVcKvAAL"
"a1TVx00000F44okMAB","a1TWD000001oxNG2AY","false","","","","","","","","","","","","","","","42405560473504700","AR-Branch-Test","005al00000RVcKvAAL"
"a1TVx00000F44olMAB","a1TWD000001oxNH2AY","false","1213","Hyderabad","","","","","","","","","","","","","42440168701388340","AR-Branch-Test","005al00000RVcKvAAL"
"a1TVx00000F44omMAB","a1TWD000001oxNI2AY","false","","","","","","","","","","","","","","","42842132064990616","AR-Branch-Test","005al00000RVcKvAAL"
"a1TVx00000F44onMAB","a1TWD000001oxNJ2AY","false","","","","","","","","","","","","","","","42540919959814029","AR-Branch-Test","005al00000RVcKvAAL"
"a1TVx00000F44ooMAB","a1TWD000001oxNK2AY","false","1213","Hyderabad clone","","","","","","","","","","","Mindspace clone","500036 clo","42659564835269960","AR-Branch-Test clone","005al00000RVcKvAAL"
"a1TVx00000F44opMAB","a1TWD000001oxNL2AY","false","","ap01","","","","","","","","","","","","","42122756163633789","Ap","005al00000RVcKvAAL"
"a1TVx00000F44oqMAB","a1TWD000001oxNM2AY","false","","ap01","","","","","","","","","","","","","42724776586076431","Ap","005al00000RVcKvAAL"
"a1TVx00000F44orMAB","a1TWD000001oxNN2AY","false","","Uppal","","","","","","","","","","","","","42685669876669097","Bangalore-01","005al00000RVcKvAAL"
"a1TVx00000F44osMAB","a1TWD000001oxNO2AY","false","","Uppal","","","","","","","","","","","","","42406098681129867","Bangalore-01","005al00000RVcKvAAL"
"a1TVx00000F44otMAB","a1TWD000001oxNP2AY","false","500","Bangalore","","","","","","","","","","AL","Yelahanka","560064","42987745936857028","Bangalore-01-Update","005al00000RVcKvAAL"
"a1TVx00000F44ouMAB","a1TWD000001oxNQ2AY","false","500","Bangalore","","","","","","","","","","","","","42035155512190993","Bangalore-01-Update","005al00000RVcKvAAL"
"a1TVx00000F44ovMAB","a1TWD000001oxNR2AY","false","500","Bangalore","","","","","","","","","","","","","42979091477122058","Bangalore-01-Update","005al00000RVcKvAAL"
"a1TVx00000F44owMAB","a1TWD000001oxNS2AY","false","500","Bangalore","","","","","","","","","","AL","Yelahanka","560064","42860948333557318","Bangalore-01-Update","005al00000RVcKvAAL"
"a1TVx00000F44oxMAB","a1TWD000001oxNT2AY","false","","","","","","","","","","","","","","","42812645334521309","Barcelona","005al00000RVcKvAAL"
"a1TVx00000F44oyMAB","a1TWD000001oxNU2AY","false","","Barcelona","","","","","","","","","","","","","42164994237211163","Barcelona","005al00000RVcKvAAL"
"a1TVx00000F44ozMAB","a1TWD000001oxNV2AY","false","","","","","","","","","","","","","","","42795216466707451","Barcelona","005al00000RVcKvAAL"
"a1TVx00000F44p0MAB","a1TWD000001oxNW2AY","false","","","","","","","","","","","","","","","42413977615115360","Barcelona","005al00000RVcKvAAL"
"a1TVx00000F44p1MAB","a1TWD000001oxNX2AY","false","","Barcelona","","","","","","","","","","","","","42360824538875278","Barcelona","005al00000RVcKvAAL"
"a1TVx00000F44p2MAB","a1TWD000001oxNY2AY","false","","","","","","","","","","","","","","","42233677918160570","Barcelona","005al00000RVcKvAAL"
"a1TVx00000F44p3MAB","a1TWD000001oxNZ2AY","false","","Barcelona","","","","","","","","","","","","","42885735232273207","Barcelona","005al00000RVcKvAAL"
"a1TVx00000F44p4MAB","a1TWD000001oxNa2AI","false","","Berlin","","","","","","","","","","","","","42091168784433593","Berlin","005al00000RVcKvAAL"
"a1TVx00000F44p5MAB","a1TWD000001oxNb2AI","false","","","","","","","","","","","","","","","42942933710511054","Berlin","005al00000RVcKvAAL"
"a1TVx00000F44p6MAB","a1TWD000001oxNc2AI","false","","","","","","","","","","","","","","","42035088773647028","Berlin","005al00000RVcKvAAL"
"a1TVx00000F44p7MAB","a1TWD000001oxNd2AI","false","","Berlin","","","","","","","","","","","","","42962112708527014","Berlin","005al00000RVcKvAAL"
"a1TVx00000F44p8MAB","a1TWD000001oxNe2AI","false","","","","","","","","","","","","","","","42466589450296051","Berlin","005al00000RVcKvAAL"
"a1TVx00000F44p9MAB","a1TWD000001oxNf2AI","false","","Berlin","","","","","","","","","","","","","42789687441170786","Berlin","005al00000RVcKvAAL"
"a1TVx00000F44pAMAR","a1TWD000001oxNg2AI","false","","","","","","","","","","","","","","","42926321037542487","Branch 2","005al00000RVcKvAAL"
"a1TVx00000F44pBMAR","a1TWD000001oxNh2AI","false","","","","","","","","","","","","","","","42114538863657922","Branch 3","005al00000RVcKvAAL"
"a1TVx00000F44pCMAR","a1TWD000001oxNi2AI","false","","","","","","","","","","","","","","","42112903472659637","Branch New 3","005al00000RVcKvAAL"
"a1TVx00000F44pDMAR","a1TWD000001oxNj2AI","false","","","","","","","","","","","","","","","42126842658442913","Branch Test 001","005al00000RVcKvAAL"
"a1TVx00000F44pEMAR","a1TWD000001oxNk2AI","false","","","","","","","","","","","","","","","42616155532510549","Branch new 1","005al00000RVcKvAAL"
"a1TVx00000F44pFMAR","a1TWD000001oxNl2AI","false","","","","","","","","","","","","","","","42219816410401948","Branch new 1 New Record","005al00000RVcKvAAL"
"a1TVx00000F44pGMAR","a1TWD000001oxNm2AI","false","","","","","","","","","","","","","","","42434827041877052","Branch new 2","005al00000RVcKvAAL"
"a1TVx00000F44pHMAR","a1TWD000001oxNn2AI","false","","","","","","","","","","","","","","","42325985721977325","Branch new 2 New Record","005al00000RVcKvAAL"
"a1TVx00000F44pIMAR","a1TWD000001oxNo2AI","false","","","","","","","","","","","","","","","42564735047389064","Branch new 3","005al00000RVcKvAAL"
"a1TVx00000F44pJMAR","a1TWD000001oxNp2AI","false","","","","","","","","","","","","","","","42550655647672590","Branch new 4","005al00000RVcKvAAL"
"a1TVx00000F44pKMAR","a1TWD000001oxNq2AI","false","","","","","","","","","","","","","","","42143266552704972","Branch new 5","005al00000RVcKvAAL"
"a1TVx00000F44pLMAR","a1TWD000001oxNr2AI","false","00-00-02","Bristol","","","","","","","","","","","","","42850066153542055","Bristol","005al00000RVcKvAAL"
"a1TVx00000F44pMMAR","a1TWD000001oxNs2AI","false","00-00-02","","","","","","","","","","","","","","42887680344223644","Bristol","005al00000RVcKvAAL"
"a1TVx00000F44pNMAR","a1TWD000001oxNt2AI","false","00-00-02","","","","","","","","","","","","","","42176106804995398","Bristol","005al00000RVcKvAAL"
"a1TVx00000F44pOMAR","a1TWD000001oxNu2AI","false","00-00-02","","","","","","","","","","","","","","42898110292342764","Bristol","005al00000RVcKvAAL"
"a1TVx00000F44pPMAR","a1TWD000001oxNv2AI","false","00-00-02","","","","","","","","","","","","","","42061705141770383","Bristol","005al00000RVcKvAAL"
"a1TVx00000F44pQMAR","a1TWD000001oxNw2AI","false","00-00-02","Bristol","","","","","","","","","","","","","42353019068016773","Bristol","005al00000RVcKvAAL"
"a1TVx00000F44pRMAR","a1TWD000001oxNx2AI","false","00-00-02","","","","","","","","","","","","","","42770806580811196","Bristol","005al00000RVcKvAAL"
"a1TVx00000F44pSMAR","a1TWD000001oxNy2AI","false","00-00-02","","","","","","","","","","","","","","42336508638710669","Bristol","005al00000RVcKvAAL"
"a1TVx00000F44pTMAR","a1TWD000001oxNz2AI","false","00-00-02","Bristol","","","","","","","","","","","","","42060105101219955","Bristol","005al00000RVcKvAAL"
"a1TVx00000F44pUMAR","a1TWD000001oxO02AI","false","00-00-02","","","","","","","","","","","","","","42018251232634964","Bristol","005al00000RVcKvAAL"
"a1TVx00000F44pVMAR","a1TWD000001oxO12AI","false","00-00-02","","","","","","","","","","","","","","42509400318003570","Bristol","005al00000RVcKvAAL"
"a1TVx00000F44pWMAR","a1TWD000001oxO22AI","false","","Cologne","","","","","","","","","","","","","42724853679666038","Cologne","005al00000RVcKvAAL"
"a1TVx00000F44pXMAR","a1TWD000001oxO32AI","false","","","","","","","","","","","","","","","42268153451597397","Cologne","005al00000RVcKvAAL"
"a1TVx00000F44pYMAR","a1TWD000001oxO42AI","false","","","","","","","","","","","","","","","42204892867560917","Cologne","005al00000RVcKvAAL"
"a1TVx00000F44pZMAR","a1TWD000001oxO52AI","false","","Cologne","","","","","","","","","","","","","42838083274166094","Cologne","005al00000RVcKvAAL"
"a1TVx00000F44paMAB","a1TWD000001oxO62AI","false","","","","","","","","","","","","","","","42794069787132610","Cologne","005al00000RVcKvAAL"
"a1TVx00000F44pbMAB","a1TWD000001oxO72AI","false","","Cologne","","","","","","","","","","","","","42060652134831005","Cologne","005al00000RVcKvAAL"
"a1TVx00000F44pcMAB","a1TWD000001oxO82AI","false","","","","","","","","","","","","IL","","","//""813154123//""","DT-5180-Record01-DoubleQuote","005al00000RVcKvAAL"
"a1TVx00000F44pdMAB","a1TWD000001oxO92AI","false","","","","","","","","","","","","IL","","","///""813154123///""","DT-5180-Record01-DoubleQuote","005al00000RVcKvAAL"
"a1TVx00000F44peMAB","a1TWD000001oxOA2AY","false","","","","","","","","","","","","IL","","","42696758862964160","DT-5180-Record01-DoubleQuote","005al00000RVcKvAAL"
"a1TVx00000F44pfMAB","a1TWD000001oxOB2AY","false","","","","","","","","","","","","IL","","","42411992705586561","DT-5180-Record01-DoubleQuote","005al00000RVcKvAAL"
"a1TVx00000F44pgMAB","a1TWD000001oxOC2AY","false","","","","","","","","","","","","IL","","","////""813154123////""","DT-5180-Record01-DoubleQuote","005al00000RVcKvAAL"
"a1TVx00000F44phMAB","a1TWD000001oxOD2AY","false","","","","","","","","","","","","IL","","","42327676404098906","DT-5180-Record02-SingleQuote","005al00000RVcKvAAL"
"a1TVx00000F44gzMAB","a1TWD000001oxOE2AY","false","","","","","","","","","","","","","","","\             981723123\ ","DT-5180-Record03-BackSlash","005al00000RVcKvAAL"
"a1TVx00000F44h1MAB","a1TWD000001oxOF2AY","false","","","","","","","","","","","","","","","\              981723123\ ","DT-5180-Record03-BackSlash","005al00000RVcKvAAL"
"a1TVx00000F44piMAB","a1TWD000001oxOG2AY","false","","","","","","","","","","","","","","","\               981723123\ ","DT-5180-Record03-BackSlash","005al00000RVcKvAAL"
"a1TVx00000F44pjMAB","a1TWD000001oxOH2AY","false","","","","","","","","","","","","","","","\                981723123\ ","DT-5180-Record03-BackSlash","005al00000RVcKvAAL"
"a1TVx00000F44pkMAB","a1TWD000001oxOI2AY","false","","","","","","","","","","","","","","","\                 981723123\ ","DT-5180-Record03-BackSlash","005al00000RVcKvAAL"
"a1TVx00000F44pnMAB","a1TWD000001oxOJ2AY","false","","","","","","","","","","","","","","","42161013075880670","DT-5180-Record03-BackSlash","005al00000RVcKvAAL"
"a1TVx00000F44poMAB","a1TWD000001oxOK2AY","false","","","","","","","","","","","","","","","42475735661339704","DT-5180-Record03-BackSlash","005al00000RVcKvAAL"
"a1TVx00000F44ppMAB","a1TWD000001oxOL2AY","false","","","","","","","","","","","","","","","42898956853821266","DT-5180-Record03-BackSlash","005al00000RVcKvAAL"
"a1TVx00000F44pqMAB","a1TWD000001oxOM2AY","false","","","","","","","","","","","","","","","42675809471775666","DT-5180-Record03-BackSlash","005al00000RVcKvAAL"
"a1TVx00000F44prMAB","a1TWD000001oxON2AY","false","","","","","","","","","","","","","","","42906842560348032","DT-5180-Record03-BackSlash","005al00000RVcKvAAL"
"a1TVx00000F44psMAB","a1TWD000001oxOO2AY","false","","","","","","","","","","","","","","","42075252018012288","DT-5180-Record04-ForwardSlash","005al00000RVcKvAAL"
"a1TVx00000F44ptMAB","a1TWD000001oxOP2AY","false","501","Delhi","","","","","","","","","","DE","Central","","42386858957123937","Delhi","005al00000RVcKvAAL"
"a1TVx00000F44puMAB","a1TWD000001oxOQ2AY","false","501","Delhi","","","","","","","","","","","","","42974189732022602","Delhi","005al00000RVcKvAAL"
"a1TVx00000F44pvMAB","a1TWD000001oxOR2AY","false","501","Delhi","","","","","","","","","","","","","42024685364925155","Delhi","005al00000RVcKvAAL"
"a1TVx00000F44pwMAB","a1TWD000001oxOS2AY","false","501","Delhi","","","","","","","","","","DE","Central","","42380892414057806","Delhi","005al00000RVcKvAAL"
"a1TVx00000F44pxMAB","a1TWD000001oxOT2AY","false","123","Hyderabad","","","","","","","","","","AL","Test","500049","42415046881329444","DryRunBranchUpdate","005al00000RVcKvAAL"
"a1TVx00000F44pyMAB","a1TWD000001oxOU2AY","false","123","Hyderabad","","","","","","","","","","","","","42215550640772149","DryRunBranchUpdate","005al00000RVcKvAAL"
"a1TVx00000F44pzMAB","a1TWD000001oxOV2AY","false","123","Hyderabad","","","","","","","","","","","","","42206179827477092","DryRunBranchUpdate","005al00000RVcKvAAL"
"a1TVx00000F44q0MAB","a1TWD000001oxOW2AY","false","123456","Salt Lake City","","","","40.769539","-111.882204","XmlObjectWrapper{name={urn:sobject.partner.soap.sforce.com}LLC_BI__Location__c, xmlizable=[Location  latitude='40.769539'
 longitude='-111.882204'
]
}","","","","UT","303 B Street D","84103","42730896448380545","Elon","005al00000RVcKvAAL"
"a1TVx00000F44q1MAB","a1TWD000001oxOX2AY","false","123456","Salt Lake City","","","","","","","","","","","","","42376489378647982","Elon","005al00000RVcKvAAL"
"a1TVx00000F44q2MAB","a1TWD000001oxOY2AY","false","123456","Salt Lake City","","","","","","","","","","","","","42132870758689488","Elon","005al00000RVcKvAAL"
"a1TVx00000F44q3MAB","a1TWD000001oxOZ2AY","false","","","","","","","","","","","","","","","42293752243400294","Forwarequote-DT5180","005al00000RVcKvAAL"
"a1TVx00000F44q4MAB","a1TWD000001oxOa2AI","false","","Hamburg","","","","","","","","","","","","","42764923322015127","Hamburg","005al00000RVcKvAAL"
"a1TVx00000F44q5MAB","a1TWD000001oxOb2AI","false","","","","","","","","","","","","","","","42208851299164066","Hamburg","005al00000RVcKvAAL"
"a1TVx00000F44q6MAB","a1TWD000001oxOc2AI","false","","","","","","","","","","","","","","","42206563511163408","Hamburg","005al00000RVcKvAAL"
"a1TVx00000F44q7MAB","a1TWD000001oxOd2AI","false","","Hamburg","","","","","","","","","","","","","42647714519024973","Hamburg","005al00000RVcKvAAL"
"a1TVx00000F44q8MAB","a1TWD000001oxOe2AI","false","","","","","","","","","","","","","","","42372816407878847","Hamburg","005al00000RVcKvAAL"
"a1TVx00000F44q9MAB","a1TWD000001oxOf2AI","false","","Hamburg","","","","","","","","","","","","","42815870247085147","Hamburg","005al00000RVcKvAAL"
"a1TVx00000F44qAMAR","a1TWD000001oxOg2AI","false","","Hbd","","","","","","","","","","","","","42270745593255068","Hyd","005al00000RVcKvAAL"
"a1TVx00000F44qBMAR","a1TWD000001oxOh2AI","false","","Hbd","","","","","","","","","","","","","42521455140449206","Hyd","005al00000RVcKvAAL"
"a1TVx00000F44qCMAR","a1TWD000001oxOi2AI","false","","","","","","","","","","","","","","","42022286096802339","Hyd Qa","005al00000RVcKvAAL"
"a1TVx00000F44qDMAR","a1TWD000001oxOj2AI","false","","","","","","","","","","","","","","","42968178500013500","Hyd Qa","005al00000RVcKvAAL"
"a1TVx00000F44qEMAR","a1TWD000001oxOk2AI","false","test-001","test01","","","","","","","","","","","","","42405851357229364","Hyd Qa","005al00000RVcKvAAL"
"a1TVx00000F44qFMAR","a1TWD000001oxOl2AI","false","test-001","test01","","","","","","","","","","","","","42386811070190597","Hyd Qa","005al00000RVcKvAAL"
"a1TVx00000F44qGMAR","a1TWD000001oxOm2AI","false","","","","","","","","","","","","","","","42064889267857367","Hyd Qa","005al00000RVcKvAAL"
"a1TVx00000F44qHMAR","a1TWD000001oxOn2AI","false","","","","","","","","","","","","","","","42443579724638086","Hyd Qa","005al00000RVcKvAAL"
"a1TVx00000F44qIMAR","a1TWD000001oxOo2AI","false","","","","","","","","","","","","","","","42209207111764393","Hyd Qa","005al00000RVcKvAAL"
"a1TVx00000F44qJMAR","a1TWD000001oxOp2AI","false","","","","","","","","","","","","","","","42899177700465367","Hyd Qa","005al00000RVcKvAAL"
"a1TVx00000F44qKMAR","a1TWD000001oxOq2AI","false","","","","","","","","","","","","","","","42926033536280717","Hyd Qa","005al00000RVcKvAAL"
"a1TVx00000F44qLMAR","a1TWD000001oxOr2AI","false","","","","","","","","","","","","","","","42521197423043985","Hyd Qa","005al00000RVcKvAAL"
"a1TVx00000F44qMMAR","a1TWD000001oxOs2AI","false","","","","","","","","","","","","","","","42924982750886901","Hyd Qa","005al00000RVcKvAAL"
"a1TVx00000F44qNMAR","a1TWD000001oxOt2AI","false","","","","","","","","","","","","","","","42046494870568349","Hyd Qa","005al00000RVcKvAAL"
"a1TVx00000F44qOMAR","a1TWD000001oxOu2AI","false","","","","","","","","","","","","","","","42086365603309758","Hyd Qa","005al00000RVcKvAAL"
"a1TVx00000F44qPMAR","a1TWD000001oxOv2AI","false","","","","","","","","","","","","","","","42468744500580768","Hyd Qa","005al00000RVcKvAAL"
"a1TVx00000F44qQMAR","a1TWD000001oxOw2AI","false","","","","","","","","","","","","","","","42689302530354476","Hyd Qa","005al00000RVcKvAAL"
"a1TVx00000F44qRMAR","a1TWD000001oxOx2AI","false","","","","","","","","","","","","","","","42152917260917169","Hyd Qa","005al00000RVcKvAAL"
"a1TVx00000F44qSMAR","a1TWD000001oxOy2AI","false","","","","","","","","","","","","","","","42794730170458218","Hyd Qa","005al00000RVcKvAAL"
"a1TVx00000F44qTMAR","a1TWD000001oxOz2AI","false","","","","","","","","","","","","","","","42908131447632848","Hyd Qa","005al00000RVcKvAAL"
"a1TVx00000F44qUMAR","a1TWD000001oxP02AI","false","","","","","","","","","","","","","","","42599798097446720","Hyd Qa","005al00000RVcKvAAL"
"a1TVx00000F44qVMAR","a1TWD000001oxP12AI","false","","","","","","","","","","","","","","","42057907494729536","Hyd Qa","005al00000RVcKvAAL"
"a1TVx00000F44qWMAR","a1TWD000001oxP22AI","false","","","","","","","","","","","","","","","42637723402469396","Hyd Qa","005al00000RVcKvAAL"
"a1TVx00000F44qXMAR","a1TWD000001oxP32AI","false","","","","","","","","","","","","","","","42305312279321221","Hyd Qa","005al00000RVcKvAAL"
"a1TVx00000F44qYMAR","a1TWD000001oxP42AI","false","","","","","","","","","","","","","","","42132874085016073","Hyd Qa","005al00000RVcKvAAL"
"a1TVx00000F44qZMAR","a1TWD000001oxP52AI","false","","","","","","","","","","","","","","","42874479648705236","Hyd Qa","005al00000RVcKvAAL"
"a1TVx00000F44qaMAB","a1TWD000001oxP62AI","false","","","","","","","","","","","","","","","42583877816805419","Hyd Qa","005al00000RVcKvAAL"
"a1TVx00000F44qbMAB","a1TWD000001oxP72AI","false","","","","","","","","","","","","","","","42222051249255008","Hyd Qa","005al00000RVcKvAAL"
"a1TVx00000F44qcMAB","a1TWD000001oxP82AI","false","","","","","","","","","","","","","","","42761991656744453","Hyd Qa","005al00000RVcKvAAL"
"a1TVx00000F44qdMAB","a1TWD000001oxP92AI","false","","","","","","","","","","","","","","","42155884230088702","Hyd Qa","005al00000RVcKvAAL"
"a1TVx00000F44qeMAB","a1TWD000001oxPA2AY","false","","","","","","","","","","","","","","","42587718133149328","Hyd Qa","005al00000RVcKvAAL"
"a1TVx00000F44qfMAB","a1TWD000001oxPB2AY","false","","","","","","","","","","","","","","","42164526479496863","Hyd Qa","005al00000RVcKvAAL"
"a1TVx00000F44qgMAB","a1TWD000001oxPC2AY","false","","","","","","","","","","","","","","","42751911630555194","Hyd Qa","005al00000RVcKvAAL"
"a1TVx00000F44qhMAB","a1TWD000001oxPD2AY","false","","","","","","","","","","","","","","","42580464672598002","Hyd Qa","005al00000RVcKvAAL"
"a1TVx00000F44qiMAB","a1TWD000001oxPE2AY","false","","","","","","","","","","","","","","","42862710789518183","Hyd Qa","005al00000RVcKvAAL"
"a1TVx00000F44qjMAB","a1TWD000001oxPF2AY","false","","","","","","","","","","","","","","","42239932309736464","Hyd Qa","005al00000RVcKvAAL"
"a1TVx00000F44qkMAB","a1TWD000001oxPG2AY","false","","","","","","","","","","","","","","","42563959102786602","Hyd Qa","005al00000RVcKvAAL"
"a1TVx00000F44qlMAB","a1TWD000001oxPH2AY","false","","","","","","","","","","","","","","","42193435674688943","Hyd Qa","005al00000RVcKvAAL"
"a1TVx00000F44qmMAB","a1TWD000001oxPI2AY","false","","","","","","","","","","","","","","","42531764104644472","Hyd Qa","005al00000RVcKvAAL"
"a1TVx00000F44qnMAB","a1TWD000001oxPJ2AY","false","","","","","","","","","","","","","","","42465149747558525","Hyd Qa","005al00000RVcKvAAL"
"a1TVx00000F44qoMAB","a1TWD000001oxPK2AY","false","","","","","","","","","","","","","","","42738083843755334","Hyd Qa","005al00000RVcKvAAL"
"a1TVx00000F44qpMAB","a1TWD000001oxPL2AY","false","","","","","","","","","","","","","","","42255382913024270","Hyd Qa","005al00000RVcKvAAL"
"a1TVx00000F44qqMAB","a1TWD000001oxPM2AY","false","","","","","","","","","","","","","","","42442505939374323","Hyd Qa","005al00000RVcKvAAL"
"a1TVx00000F44qrMAB","a1TWD000001oxPN2AY","false","","","","","","","","","","","","","","","42293121466304669","Hyd Qa","005al00000RVcKvAAL"
"a1TVx00000F44qsMAB","a1TWD000001oxPO2AY","false","","","","","","","","","","","","","","","42397116383041833","Hyd Qa","005al00000RVcKvAAL"
"a1TVx00000F44qtMAB","a1TWD000001oxPP2AY","false","","","","","","","","","","","","","","","42548760678593866","Hyd Qa","005al00000RVcKvAAL"
"a1TVx00000F44quMAB","a1TWD000001oxPQ2AY","false","","","","","","","","","","","","","","","42701042016522617","Hyd Telangana dev","005al00000RVcKvAAL"
"a1TVx00000F44qvMAB","a1TWD000001oxPR2AY","false","","","","","","","","","","","","","","","42590379952419472","Hyd Telangana dev 01","005al00000RVcKvAAL"
"a1TVx00000F44qwMAB","a1TWD000001oxPS2AY","false","","","","","","","","","","","","","","","42979287255162894","Hyd dev","005al00000RVcKvAAL"
"a1TVx00000F44qxMAB","a1TWD000001oxPT2AY","false","","","","","","","","","","","","","","","42641595559075598","Hyd dev","005al00000RVcKvAAL"
"a1TVx00000F44qyMAB","a1TWD000001oxPU2AY","false","","","","","","","","","","","","","","","4269131771599994","Hyd dev","005al00000RVcKvAAL"
"a1TVx00000F44qzMAB","a1TWD000001oxPV2AY","false","","","","","","","","","","","","","","","42820770007254201","Hyd dev","005al00000RVcKvAAL"
"a1TVx00000F44r0MAB","a1TWD000001oxPW2AY","false","","","","","","","","","","","","","","","42504944635874195","Hyd dev","005al00000RVcKvAAL"
"a1TVx00000F44r1MAB","a1TWD000001oxPX2AY","false","","","","","","","","","","","","","","","42221734849856856","Hyd dev","005al00000RVcKvAAL"
"a1TVx00000F44r2MAB","a1TWD000001oxPY2AY","false","","","","","","","","","","","","","","","42887852227330489","Hyd dev","005al00000RVcKvAAL"
"a1TVx00000F44r3MAB","a1TWD000001oxPZ2AY","false","","","","","","","","","","","","","","","42872696097059569","Hyd dev","005al00000RVcKvAAL"
"a1TVx00000F44r4MAB","a1TWD000001oxPa2AI","false","","","","","","","","","","","","","","","42660278592179717","Hyd dev","005al00000RVcKvAAL"
"a1TVx00000F44r5MAB","a1TWD000001oxPb2AI","false","","","","","","","","","","","","","","","42709206687941019","Hyd dev","005al00000RVcKvAAL"
"a1TVx00000F44r6MAB","a1TWD000001oxPc2AI","false","","","","","","","","","","","","","","","42575803724123533","Hyd dev","005al00000RVcKvAAL"
"a1TVx00000F44r7MAB","a1TWD000001oxPd2AI","false","","","","","","","","","","","","","","","42537279377941743","Hyd dev","005al00000RVcKvAAL"
"a1TVx00000F44r8MAB","a1TWD000001oxPe2AI","false","","","","","","","","","","","","","","","42914341090464994","Hyd dev","005al00000RVcKvAAL"
"a1TVx00000F44r9MAB","a1TWD000001oxPf2AI","false","","","","","","","","","","","","","","","42402266207233716","Hyd dev","005al00000RVcKvAAL"
"a1TVx00000F44rAMAR","a1TWD000001oxPg2AI","false","","","","","","","","","","","","","","","42359711506164627","Hyd dev","005al00000RVcKvAAL"
"a1TVx00000F44rBMAR","a1TWD000001oxPh2AI","false","","","","","","","","","","","","","","","42299482875685610","Hyd dev","005al00000RVcKvAAL"
"a1TVx00000F44rCMAR","a1TWD000001oxPi2AI","false","","","","","","","","","","","","","","","42752656506668307","Hyd dev","005al00000RVcKvAAL"
"a1TVx00000F44rDMAR","a1TWD000001oxPj2AI","false","","","","","","","","","","","","","","","42498586590363800","Hyd dev","005al00000RVcKvAAL"
"a1TVx00000F44rEMAR","a1TWD000001oxPk2AI","false","","","","","","","","","","","","","","","42854949836980152","Hyd dev","005al00000RVcKvAAL"
"a1TVx00000F44rFMAR","a1TWD000001oxPl2AI","false","","","","","","","","","","","","","","","42205411106724309","Hyd dev","005al00000RVcKvAAL"
"a1TVx00000F44rGMAR","a1TWD000001oxPm2AI","false","","","","","","","","","","","","","","","42700527814756365","Hyd dev","005al00000RVcKvAAL"
"a1TVx00000F44rHMAR","a1TWD000001oxPn2AI","false","","","","","","","","","","","","","","","42314823310706155","Hyd dev","005al00000RVcKvAAL"
"a1TVx00000F44rIMAR","a1TWD000001oxPo2AI","false","","","","","","","","","","","","","","","42625492236813590","Hyd dev","005al00000RVcKvAAL"
"a1TVx00000F44rJMAR","a1TWD000001oxPp2AI","false","","","","","","","","","","","","","","","42994612687294961","Hyd dev","005al00000RVcKvAAL"
"a1TVx00000F44rKMAR","a1TWD000001oxPq2AI","false","","","","","","","","","","","","","","","42089361367240521","Hyd dev","005al00000RVcKvAAL"
"a1TVx00000F44rLMAR","a1TWD000001oxPr2AI","false","","","","","","","","","","","","","","","42972044541974269","Hyd dev","005al00000RVcKvAAL"
"a1TVx00000F44rMMAR","a1TWD000001oxPs2AI","false","","","","","","","","","","","","","","","42912441079781027","Hyd dev","005al00000RVcKvAAL"
"a1TVx00000F44rNMAR","a1TWD000001oxPt2AI","false","","","","","","","","","","","","","","","42689639263229300","Hyd dev","005al00000RVcKvAAL"
"a1TVx00000F44rOMAR","a1TWD000001oxPu2AI","false","","","","","","","","","","","","","","","42592940164252786","Hyd dev","005al00000RVcKvAAL"
"a1TVx00000F44rPMAR","a1TWD000001oxPv2AI","false","","","","","","","","","","","","","","","42527191768387739","Hyd dev","005al00000RVcKvAAL"
"a1TVx00000F44rQMAR","a1TWD000001oxPw2AI","false","","","","","","","","","","","","","","","42705228275216093","Hyd dev","005al00000RVcKvAAL"
"a1TVx00000F44rRMAR","a1TWD000001oxPx2AI","false","","","","","","","","","","","","","","","42615692731115975","Hyd dev","005al00000RVcKvAAL"
"a1TVx00000F44rSMAR","a1TWD000001oxPy2AI","false","","","","","","","","","","","","","","","42673692439612630","Hyd dev","005al00000RVcKvAAL"
"a1TVx00000F44rTMAR","a1TWD000001oxPz2AI","false","","","","","","","","","","","","","","","42557096082558937","Hyd dev","005al00000RVcKvAAL"
"a1TVx00000F44rUMAR","a1TWD000001oxQ02AI","false","","","","","","","","","","","","","","","42457594352559044","Hyd dev","005al00000RVcKvAAL"
"a1TVx00000F44rVMAR","a1TWD000001oxQ12AI","false","","","","","","","","","","","","","","","42953787771815924","Hyd dev","005al00000RVcKvAAL"
"a1TVx00000F44rWMAR","a1TWD000001oxQ22AI","false","","","","","","","","","","","","","","","42098805939360190","Hyd dev","005al00000RVcKvAAL"
"a1TVx00000F44rXMAR","a1TWD000001oxQ32AI","false","","","","","","","","","","","","","","","42891692174760311","Hyd dev","005al00000RVcKvAAL"
"a1TVx00000F44rYMAR","a1TWD000001oxQ42AI","false","","","","","","","","","","","","","","","42232051968295339","Hyd dev","005al00000RVcKvAAL"
"a1TVx00000F44rZMAR","a1TWD000001oxQ52AI","false","","","","","","","","","","","","","","","42652534375516772","Hyd dev","005al00000RVcKvAAL"
"a1TVx00000F44raMAB","a1TWD000001oxQ62AI","false","","","","","","","","","","","","","","","42962718471693127","Hyd dev","005al00000RVcKvAAL"
"a1TVx00000F44rbMAB","a1TWD000001oxQ72AI","false","503","Hyderabad-Pocharam","INDIA","","","","","","","","","AP","Eco-Zone","500088","428242243659106","Hyderabad-SEZ","005al00000RVcKvAAL"
"a1TVx00000F44rcMAB","a1TWD000001oxQ82AI","false","502","Hyderabad-Town","IN","","","","","","","","","TG","6770 Parker Farm Dr.","","428246243659106","Hyderabad-Town","005al00000RVcKvAAL"
"a1TVx00000F44rdMAB","a1TWD000001oxQ92AI","false","KHMM","","","","","","","","","","","","","","42269295184951067","Khmm","005al00000RVcKvAAL"
"a1TVx00000F44reMAB","a1TWD000001oxQA2AY","false","KHMM","","","","","","","","","","","","","","42701838106272052","Khmm","005al00000RVcKvAAL"
"a1TVx00000F44rfMAB","a1TWD000001oxQB2AY","false","00-00-03","Liverpool","","","","","","","","","","","","","42776983073294875","Liverpool","005al00000RVcKvAAL"
"a1TVx00000F44rgMAB","a1TWD000001oxQC2AY","false","00-00-03","","","","","","","","","","","","","","42370602011102714","Liverpool","005al00000RVcKvAAL"
"a1TVx00000F44rhMAB","a1TWD000001oxQD2AY","false","00-00-03","","","","","","","","","","","","","","42943134198533976","Liverpool","005al00000RVcKvAAL"
"a1TVx00000F44riMAB","a1TWD000001oxQE2AY","false","00-00-03","","","","","","","","","","","","","","42230309418731834","Liverpool","005al00000RVcKvAAL"
"a1TVx00000F44rjMAB","a1TWD000001oxQF2AY","false","00-00-03","","","","","","","","","","","","","","42695083702892976","Liverpool","005al00000RVcKvAAL"
"a1TVx00000F44rkMAB","a1TWD000001oxQG2AY","false","00-00-03","Liverpool","","","","","","","","","","","","","42131752458597061","Liverpool","005al00000RVcKvAAL"
"a1TVx00000F44rlMAB","a1TWD000001oxQH2AY","false","00-00-03","","","","","","","","","","","","","","42948155308794989","Liverpool","005al00000RVcKvAAL"
"a1TVx00000F44rmMAB","a1TWD000001oxQI2AY","false","00-00-03","","","","","","","","","","","","","","42653008505809392","Liverpool","005al00000RVcKvAAL"
"a1TVx00000F44rnMAB","a1TWD000001oxQJ2AY","false","00-00-03","Liverpool","","","","","","","","","","","","","42579368189926758","Liverpool","005al00000RVcKvAAL"
"a1TVx00000F44roMAB","a1TWD000001oxQK2AY","false","00-00-03","","","","","","","","","","","","","","42375897133477222","Liverpool","005al00000RVcKvAAL"
"a1TVx00000F44rpMAB","a1TWD000001oxQL2AY","false","00-00-03","","","","","","","","","","","","","","42744661917342557","Liverpool","005al00000RVcKvAAL"
"a1TVx00000F44rqMAB","a1TWD000001oxQM2AY","false","00-00-00","London","","","","","","","","","","","","","42358835929661654","London City","005al00000RVcKvAAL"
"a1TVx00000F44rrMAB","a1TWD000001oxQN2AY","false","00-00-00","","","","","","","","","","","","","","42501902816501896","London City","005al00000RVcKvAAL"
"a1TVx00000F44rsMAB","a1TWD000001oxQO2AY","false","00-00-00","","","","","","","","","","","","","","42170080814069820","London City","005al00000RVcKvAAL"
"a1TVx00000F44rtMAB","a1TWD000001oxQP2AY","false","00-00-00","","","","","","","","","","","","","","42427081223220035","London City","005al00000RVcKvAAL"
"a1TVx00000F44ruMAB","a1TWD000001oxQQ2AY","false","00-00-00","","","","","","","","","","","","","","42808134417401584","London City","005al00000RVcKvAAL"
"a1TVx00000F44rvMAB","a1TWD000001oxQR2AY","false","00-00-00","London","","","","","","","","","","","","","42235243833210378","London City","005al00000RVcKvAAL"
"a1TVx00000F44rwMAB","a1TWD000001oxQS2AY","false","00-00-00","","","","","","","","","","","","","","42762385215272255","London City","005al00000RVcKvAAL"
"a1TVx00000F44rxMAB","a1TWD000001oxQT2AY","false","00-00-00","","","","","","","","","","","","","","42604575445845174","London City","005al00000RVcKvAAL"
"a1TVx00000F44ryMAB","a1TWD000001oxQU2AY","false","00-00-00","London","","","","","","","","","","","","","42978411095026627","London City","005al00000RVcKvAAL"
"a1TVx00000F44rzMAB","a1TWD000001oxQV2AY","false","00-00-00","","","","","","","","","","","","","","42581939686608607","London City","005al00000RVcKvAAL"
"a1TVx00000F44s0MAB","a1TWD000001oxQW2AY","false","00-00-00","","","","","","","","","","","","","","42045185352566304","London City","005al00000RVcKvAAL"
"a1TVx00000F44s1MAB","a1TWD000001oxQX2AY","false","1","","","","","","","","","","","","","","42337730578974908","Lyon","005al00000RVcKvAAL"
"a1TVx00000F44s2MAB","a1TWD000001oxQY2AY","false","1","","","","","","","","","","","","","","42835074429994941","Lyon","005al00000RVcKvAAL"
"a1TVx00000F44s3MAB","a1TWD000001oxQZ2AY","false","00001","Lyon","","","","","","","","","","","","","42324198904076466","Lyon","005al00000RVcKvAAL"
"a1TVx00000F44s4MAB","a1TWD000001oxQa2AI","false","1","Lyon","","","","","","","","","","","","","42493316609064649","Lyon","005al00000RVcKvAAL"
"a1TVx00000F44s5MAB","a1TWD000001oxQb2AI","false","1","","","","","","","","","","","","","","42065227700623813","Lyon","005al00000RVcKvAAL"
"a1TVx00000F44s6MAB","a1TWD000001oxQc2AI","false","1","","","","","","","","","","","","","","42680295466564194","Lyon","005al00000RVcKvAAL"
"a1TVx00000F44s7MAB","a1TWD000001oxQd2AI","false","1","Lyon","","","","","","","","","","","","","42276324612155561","Lyon","005al00000RVcKvAAL"
"a1TVx00000F44s8MAB","a1TWD000001oxQe2AI","false","1","","","","","","","","","","","","","","42656886895942925","Lyon","005al00000RVcKvAAL"
"a1TVx00000F44s9MAB","a1TWD000001oxQf2AI","false","1","","","","","","","","","","","","","","42338785582998570","Lyon","005al00000RVcKvAAL"
"a1TVx00000F44sAMAR","a1TWD000001oxQg2AI","false","1","","","","","","","","","","","","","","42699283734172611","Lyon","005al00000RVcKvAAL"
"a1TVx00000F44sBMAR","a1TWD000001oxQh2AI","false","","Madrid","","","","","","","","","","","","","42767069137576180","Madrid","005al00000RVcKvAAL"
"a1TVx00000F44sCMAR","a1TWD000001oxQi2AI","false","","","","","","","","","","","","","","","42247399340326169","Madrid","005al00000RVcKvAAL"
"a1TVx00000F44sDMAR","a1TWD000001oxQj2AI","false","","","","","","","","","","","","","","","42172662648046617","Madrid","005al00000RVcKvAAL"
"a1TVx00000F44sEMAR","a1TWD000001oxQk2AI","false","","Madrid","","","","","","","","","","","","","42469707166194575","Madrid","005al00000RVcKvAAL"
"a1TVx00000F44sFMAR","a1TWD000001oxQl2AI","false","","","","","","","","","","","","","","","42736274325440685","Madrid","005al00000RVcKvAAL"
"a1TVx00000F44sGMAR","a1TWD000001oxQm2AI","false","","Madrid","","","","","","","","","","","","","42997953093295766","Madrid","005al00000RVcKvAAL"
"a1TVx00000F44sHMAR","a1TWD000001oxQn2AI","false","00-00-01","Manchester","","","","","","","","","","","","","42319704509775884","Manchester","005al00000RVcKvAAL"
"a1TVx00000F44sIMAR","a1TWD000001oxQo2AI","false","00-00-01","","","","","","","","","","","","","","42339360169162332","Manchester","005al00000RVcKvAAL"
"a1TVx00000F44sJMAR","a1TWD000001oxQp2AI","false","00-00-01","","","","","","","","","","","","","","42950134546261134","Manchester","005al00000RVcKvAAL"
"a1TVx00000F44sKMAR","a1TWD000001oxQq2AI","false","00-00-01","","","","","","","","","","","","","","42121946476229882","Manchester","005al00000RVcKvAAL"
"a1TVx00000F44sLMAR","a1TWD000001oxQr2AI","false","00-00-01","","","","","","","","","","","","","","42563488108935258","Manchester","005al00000RVcKvAAL"
"a1TVx00000F44sMMAR","a1TWD000001oxQs2AI","false","00-00-01","Manchester","","","","","","","","","","","","","42338873922703174","Manchester","005al00000RVcKvAAL"
"a1TVx00000F44sNMAR","a1TWD000001oxQt2AI","false","00-00-01","","","","","","","","","","","","","","42757553755412357","Manchester","005al00000RVcKvAAL"
"a1TVx00000F44sOMAR","a1TWD000001oxQu2AI","false","00-00-01","","","","","","","","","","","","","","42892555030210339","Manchester","005al00000RVcKvAAL"
"a1TVx00000F44sPMAR","a1TWD000001oxQv2AI","false","00-00-01","Manchester","","","","","","","","","","","","","42554784437172394","Manchester","005al00000RVcKvAAL"
"a1TVx00000F44sQMAR","a1TWD000001oxQw2AI","false","00-00-01","","","","","","","","","","","","","","42202246722574656","Manchester","005al00000RVcKvAAL"
"a1TVx00000F44sRMAR","a1TWD000001oxQx2AI","false","00-00-01","","","","","","","","","","","","","","42539899626506605","Manchester","005al00000RVcKvAAL"
"a1TVx00000F44sSMAR","a1TWD000001oxQy2AI","false","3","Marseille","","","","","","","","","","","","","42507643647911388","Marseille","005al00000RVcKvAAL"
"a1TVx00000F44sTMAR","a1TWD000001oxQz2AI","false","3","","","","","","","","","","","","","","42224592098281566","Marseille","005al00000RVcKvAAL"
"a1TVx00000F44sUMAR","a1TWD000001oxR02AI","false","3","","","","","","","","","","","","","","42541341351354435","Marseille","005al00000RVcKvAAL"
"a1TVx00000F44sVMAR","a1TWD000001oxR12AI","false","3","","","","","","","","","","","","","","42568737268600139","Marseille","005al00000RVcKvAAL"
"a1TVx00000F44sWMAR","a1TWD000001oxR22AI","false","3","","","","","","","","","","","","","","42371707253769398","Marseille","005al00000RVcKvAAL"
"a1TVx00000F44sXMAR","a1TWD000001oxR32AI","false","3","Marseille","","","","","","","","","","","","","42650926311200351","Marseille","005al00000RVcKvAAL"
"a1TVx00000F44sYMAR","a1TWD000001oxR42AI","false","3","","","","","","","","","","","","","","42007002410896148","Marseille","005al00000RVcKvAAL"
"a1TVx00000F44sZMAR","a1TWD000001oxR52AI","false","3","","","","","","","","","","","","","","42744629951969951","Marseille","005al00000RVcKvAAL"
"a1TVx00000F44saMAB","a1TWD000001oxR62AI","false","3","Marseille","","","","","","","","","","","","","42366531482021459","Marseille","005al00000RVcKvAAL"
"a1TVx00000F44sbMAB","a1TWD000001oxR72AI","false","3","","","","","","","","","","","","","","42769282960729159","Marseille","005al00000RVcKvAAL"
"a1TVx00000F44scMAB","a1TWD000001oxR82AI","false","13647","Wilmington","","","","","","","","","","NC","200 Parker Farm Dr.","28403","42149781953187352","Mayfaire","005al00000RVcKvAAL"
"a1TVx00000F44sdMAB","a1TWD000001oxR92AI","false","13647","Wilmington","","","","","","","","","","","","","42152312678158275","Mayfaire","005al00000RVcKvAAL"
"a1TVx00000F44seMAB","a1TWD000001oxRA2AY","false","13647","Wilmington","","","","","","","","","","","","","42036525284078543","Mayfaire","005al00000RVcKvAAL"
"a1TVx00000F44sfMAB","a1TWD000001oxRB2AY","false","","Milan","","","","","","","","","","","","","42010874246890354","Milan","005al00000RVcKvAAL"
"a1TVx00000F44sgMAB","a1TWD000001oxRC2AY","false","","","","","","","","","","","","","","","42337430210393119","Milan","005al00000RVcKvAAL"
"a1TVx00000F44shMAB","a1TWD000001oxRD2AY","false","","","","","","","","","","","","","","","42870838817865699","Milan","005al00000RVcKvAAL"
"a1TVx00000F44siMAB","a1TWD000001oxRE2AY","false","","Milan","","","","","","","","","","","","","42097496329298124","Milan","005al00000RVcKvAAL"
"a1TVx00000F44sjMAB","a1TWD000001oxRF2AY","false","","","","","","","","","","","","","","","42258784677277783","Milan","005al00000RVcKvAAL"
"a1TVx00000F44skMAB","a1TWD000001oxRG2AY","false","","Milan","","","","","","","","","","","","","42194854443068448","Milan","005al00000RVcKvAAL"
"a1TVx00000F44slMAB","a1TWD000001oxRH2AY","false","34567","Minneapolis","","","","44.927774","93.254569","XmlObjectWrapper{name={urn:sobject.partner.soap.sforce.com}LLC_BI__Location__c, xmlizable=[Location  latitude='44.927774'
 longitude='93.254569'
]
}","","","","MN","4125 14th Avenue S.","55407","42427818455012385","Mortgage Office","005al00000RVcKvAAL"
"a1TVx00000F44smMAB","a1TWD000001oxRI2AY","false","34567","Minneapolis","","","","","","","","","","","","","42604265642414713","Mortgage Office","005al00000RVcKvAAL"
"a1TVx00000F44snMAB","a1TWD000001oxRJ2AY","false","34567","Minneapolis","","","","","","","","","","","","","42782121394038825","Mortgage Office","005al00000RVcKvAAL"
"a1TVx00000F44soMAB","a1TWD000001oxRK2AY","false","502","Mumbai","","","","","","","","","","","","","42556388090888274","Mumbai","005al00000RVcKvAAL"
"a1TVx00000F44spMAB","a1TWD000001oxRL2AY","false","502","Mumbai","","","","","","","","","","MT","Andheri East","","42715132029351667","Mumbai","005al00000RVcKvAAL"
"a1TVx00000F44sqMAB","a1TWD000001oxRM2AY","false","502","Mumbai","","","","","","","","","","","","","42619202095554544","Mumbai","005al00000RVcKvAAL"
"a1TVx00000F44srMAB","a1TWD000001oxRN2AY","false","502","Mumbai","","","","","","","","","","MT","Andheri East","","42327485025694458","Mumbai","005al00000RVcKvAAL"
"a1TVx00000F44ssMAB","a1TWD000001oxRO2AY","false","","Mumbai-02","","","","","","","","","","","","","42233941111083670","Mumbai-01","005al00000RVcKvAAL"
"a1TVx00000F44stMAB","a1TWD000001oxRP2AY","false","","Mumbai-02","","","","","","","","","","","","","42272260627716819","Mumbai-01","005al00000RVcKvAAL"
"a1TVx00000F44suMAB","a1TWD000001oxRQ2AY","false","","Munich","","","","","","","","","","","","","42713848960784281","Munich","005al00000RVcKvAAL"
"a1TVx00000F44svMAB","a1TWD000001oxRR2AY","false","","","","","","","","","","","","","","","42531255064920184","Munich","005al00000RVcKvAAL"
"a1TVx00000F44swMAB","a1TWD000001oxRS2AY","false","","","","","","","","","","","","","","","42197399973648336","Munich","005al00000RVcKvAAL"
"a1TVx00000F44sxMAB","a1TWD000001oxRT2AY","false","","Munich","","","","","","","","","","","","","42414200858890113","Munich","005al00000RVcKvAAL"
"a1TVx00000F44syMAB","a1TWD000001oxRU2AY","false","","","","","","","","","","","","","","","42405989982196414","Munich","005al00000RVcKvAAL"
"a1TVx00000F44szMAB","a1TWD000001oxRV2AY","false","","Munich","","","","","","","","","","","","","42235589398698934","Munich","005al00000RVcKvAAL"
"a1TVx00000F44t0MAB","a1TWD000001oxRW2AY","false","","","","","","","","","","","","","","","42204176687703881","Naples","005al00000RVcKvAAL"
"a1TVx00000F44t1MAB","a1TWD000001oxRX2AY","false","","Naples","","","","","","","","","","","","","42267322757658699","Naples","005al00000RVcKvAAL"
"a1TVx00000F44t2MAB","a1TWD000001oxRY2AY","false","","","","","","","","","","","","","","","42086264539787469","Naples","005al00000RVcKvAAL"
"a1TVx00000F44t3MAB","a1TWD000001oxRZ2AY","false","","","","","","","","","","","","","","","42026416394111119","Naples","005al00000RVcKvAAL"
"a1TVx00000F44t4MAB","a1TWD000001oxRa2AI","false","","Naples","","","","","","","","","","","","","42576508029368818","Naples","005al00000RVcKvAAL"
"a1TVx00000F44t5MAB","a1TWD000001oxRb2AI","false","","","","","","","","","","","","","","","42519436968273776","Naples","005al00000RVcKvAAL"
"a1TVx00000F44t6MAB","a1TWD000001oxRc2AI","false","","Naples","","","","","","","","","","","","","42914903435584731","Naples","005al00000RVcKvAAL"
"a1TVx00000F44t7MAB","a1TWD000001oxRd2AI","false","","","","","","","","","","","","","","","42592178888136763","New Branch 2","005al00000RVcKvAAL"
"a1TVx00000F44t8MAB","a1TWD000001oxRe2AI","false","","","","","","","","","","","","","","","42013266827069251","New Branch 3","005al00000RVcKvAAL"
"a1TVx00000F44t9MAB","a1TWD000001oxRf2AI","false","","","","","","","","","","","","","","","42038748310948401","New Branch 4","005al00000RVcKvAAL"
"a1TVx00000F44tAMAR","a1TWD000001oxRg2AI","false","","","","","","","","","","","","","","","42325798057658839","New Rec 0001","005al00000RVcKvAAL"
"a1TVx00000F44tBMAR","a1TWD000001oxRh2AI","false","","","","","","","","","","","","","","","42173694032413947","New Rec 0002","005al00000RVcKvAAL"
"a1TVx00000F44tCMAR","a1TWD000001oxRi2AI","false","","","","","","","","","","","","","","","42500638442941991","New Rec 0003","005al00000RVcKvAAL"
"a1TVx00000F44tDMAR","a1TWD000001oxRj2AI","false","1213","Hyderabad","","","","","","","","","","","Mindspace","500036","42048088713627243","New Record Branch","005al00000RVcKvAAL"
"a1TVx00000F44tEMAR","a1TWD000001oxRk2AI","false","1213","Hyderabad","","","","","","","","","","","Mindspace","500036","42420771104927332","New Record Branch 2","005al00000RVcKvAAL"
"a1TVx00000F44tFMAR","a1TWD000001oxRl2AI","false","","","","","","","","","","","","","","","42210723383780740","NewBranch-July-10-OnPremise","005al00000RVcKvAAL"
"a1TVx00000F44tGMAR","a1TWD000001oxRm2AI","false","","","","","","","","","","","","","","","42236116389077829","NewBranch-July-10-OnPremise-01","005al00000RVcKvAAL"
"a1TVx00000F44tHMAR","a1TWD000001oxRn2AI","false","2","Paris","","","","","","","","","","","","","42012020685838489","Paris","005al00000RVcKvAAL"
"a1TVx00000F44tIMAR","a1TWD000001oxRo2AI","false","2","","","","","","","","","","","","","","42881590576546839","Paris","005al00000RVcKvAAL"
"a1TVx00000F44tJMAR","a1TWD000001oxRp2AI","false","2","","","","","","","","","","","","","","42260849744510164","Paris","005al00000RVcKvAAL"
"a1TVx00000F44tKMAR","a1TWD000001oxRq2AI","false","2","","","","","","","","","","","","","","42785736181080686","Paris","005al00000RVcKvAAL"
"a1TVx00000F44tLMAR","a1TWD000001oxRr2AI","false","2","","","","","","","","","","","","","","42483921191454958","Paris","005al00000RVcKvAAL"
"a1TVx00000F44tMMAR","a1TWD000001oxRs2AI","false","2","Paris","","","","","","","","","","","","","42495706205006008","Paris","005al00000RVcKvAAL"
"a1TVx00000F44tNMAR","a1TWD000001oxRt2AI","false","2","","","","","","","","","","","","","","42260974158247596","Paris","005al00000RVcKvAAL"
"a1TVx00000F44tOMAR","a1TWD000001oxRu2AI","false","2","","","","","","","","","","","","","","42422855588828876","Paris","005al00000RVcKvAAL"
"a1TVx00000F44tPMAR","a1TWD000001oxRv2AI","false","2","Paris","","","","","","","","","","","","","42514763227930829","Paris","005al00000RVcKvAAL"
"a1TVx00000F44tQMAR","a1TWD000001oxRw2AI","false","2","","","","","","","","","","","","","","42423993881399502","Paris","005al00000RVcKvAAL"
"a1TVx00000F44tRMAR","a1TWD000001oxRx2AI","false","765","Chicago","","","","","","","","","","","","","42741352470514427","Porters Neck","005al00000RVcKvAAL"
"a1TVx00000F44tSMAR","a1TWD000001oxRy2AI","false","765","Chicago","","","","","","","","","","","","","42433446922539851","Porters Neck","005al00000RVcKvAAL"
"a1TVx00000F44tTMAR","a1TWD000001oxRz2AI","false","52","Bangalore","","","","","","","","","","","KA","560064","42792810126787959","QA - Branch 002","005al00000RVcKvAAL"
"a1TVx00000F44tUMAR","a1TWD000001oxS02AI","false","52","","","","","","","","","","","","","","42941897918589749","QA - Branch 002","005al00000RVcKvAAL"
"a1TVx00000F44tVMAR","a1TWD000001oxS12AI","false","52","","","","","","","","","","","","","","42970657536209607","QA - Branch 002","005al00000RVcKvAAL"
"a1TVx00000F44tWMAR","a1TWD000001oxS22AI","false","52","Bangalore","","","","","","","","","","","","","42504062288499837","QA - Branch 002","005al00000RVcKvAAL"
"a1TVx00000F44tXMAR","a1TWD000001oxS32AI","false","52","","","","","","","","","","","","","","42746879202135464","QA - Branch 002","005al00000RVcKvAAL"
"a1TVx00000F44tYMAR","a1TWD000001oxS42AI","false","52","Bangalore","","","","","","","","","","","","","42226023825045573","QA - Branch 002","005al00000RVcKvAAL"
"a1TVx00000F44tZMAR","a1TWD000001oxS52AI","false","53","myCity","","","","","","","","","","","myStreet","123456","42933820090529996","QA - Branch 003","005al00000RVcKvAAL"
"a1TVx00000F44taMAB","a1TWD000001oxS62AI","false","53","","","","","","","","","","","","","","42714998978608933","QA - Branch 003","005al00000RVcKvAAL"
"a1TVx00000F44tbMAB","a1TWD000001oxS72AI","false","53","","","","","","","","","","","","","","42780192726204975","QA - Branch 003","005al00000RVcKvAAL"
"a1TVx00000F44tcMAB","a1TWD000001oxS82AI","false","53","myCity","","","","","","","","","","","","","4287795134161237","QA - Branch 003","005al00000RVcKvAAL"
"a1TVx00000F44tdMAB","a1TWD000001oxS92AI","false","53","","","","","","","","","","","","","","42999679733042877","QA - Branch 003","005al00000RVcKvAAL"
"a1TVx00000F44teMAB","a1TWD000001oxSA2AY","false","53","myCity","","","","","","","","","","","","","42197602191577485","QA - Branch 003","005al00000RVcKvAAL"
"a1TVx00000F44tfMAB","a1TWD000001oxSB2AY","false","54","","","","","","","","","","","","","","42200832883649873","QA - Branch 004","005al00000RVcKvAAL"
"a1TVx00000F44tgMAB","a1TWD000001oxSC2AY","false","54","","","","","","","","","","","","","","42477289343370970","QA - Branch 004","005al00000RVcKvAAL"
"a1TVx00000F44thMAB","a1TWD000001oxSD2AY","false","54","myCityTest","","","","","","","","","","","","","42334634159665264","QA - Branch 004","005al00000RVcKvAAL"
"a1TVx00000F44tiMAB","a1TWD000001oxSE2AY","false","54","","","","","","","","","","","","","","42761228393472735","QA - Branch 004","005al00000RVcKvAAL"
"a1TVx00000F44tjMAB","a1TWD000001oxSF2AY","false","54","myCityTest","","","","","","","","","","","","","42646669824758099","QA - Branch 004","005al00000RVcKvAAL"
"a1TVx00000F44tkMAB","a1TWD000001oxSG2AY","false","54","myCityTest","","","","","","","","","","","myStreetTest","560066","42975676383989951","QA - Branch 004-0712 Update","005al00000RVcKvAAL"
"a1TVx00000F44tlMAB","a1TWD000001oxSH2AY","false","50001","NJ","","","","","","","","","","CT","CA","16529","42234973967590732","QA Branch for RollBack","005al00000RVcKvAAL"
"a1TVx00000F44tmMAB","a1TWD000001oxSI2AY","false","50002","NJ","","","","","","","","","","CT","CA","16529","42425387019843614","QA Branch for RollBack-002","005al00000RVcKvAAL"
"a1TVx00000F44tnMAB","a1TWD000001oxSJ2AY","false","","","","","","","","","","","","","","","42622473420226147","Rome","005al00000RVcKvAAL"
"a1TVx00000F44toMAB","a1TWD000001oxSK2AY","false","","Rome","","","","","","","","","","","","","42868662142852309","Rome","005al00000RVcKvAAL"
"a1TVx00000F44tpMAB","a1TWD000001oxSL2AY","false","","","","","","","","","","","","","","","42823023577823712","Rome","005al00000RVcKvAAL"
"a1TVx00000F44tqMAB","a1TWD000001oxSM2AY","false","","","","","","","","","","","","","","","42804289566561941","Rome","005al00000RVcKvAAL"
"a1TVx00000F44trMAB","a1TWD000001oxSN2AY","false","","Rome","","","","","","","","","","","","","42786124908768334","Rome","005al00000RVcKvAAL"
"a1TVx00000F44tsMAB","a1TWD000001oxSO2AY","false","","","","","","","","","","","","","","","42588002372059373","Rome","005al00000RVcKvAAL"
"a1TVx00000F44ttMAB","a1TWD000001oxSP2AY","false","","Rome","","","","","","","","","","","","","42683469022670338","Rome","005al00000RVcKvAAL"
"a1TVx00000F44tuMAB","a1TWD000001oxSQ2AY","false","","Seville","","","","","","","","","","","","","42926130744792853","Seville","005al00000RVcKvAAL"
"a1TVx00000F44tvMAB","a1TWD000001oxSR2AY","false","","","","","","","","","","","","","","","42938299336001533","Seville","005al00000RVcKvAAL"
"a1TVx00000F44twMAB","a1TWD000001oxSS2AY","false","","","","","","","","","","","","","","","42473654539334299","Seville","005al00000RVcKvAAL"
"a1TVx00000F44txMAB","a1TWD000001oxST2AY","false","","Seville","","","","","","","","","","","","","42061420141342349","Seville","005al00000RVcKvAAL"
"a1TVx00000F44tyMAB","a1TWD000001oxSU2AY","false","","","","","","","","","","","","","","","42921949372883132","Seville","005al00000RVcKvAAL"
"a1TVx00000F44tzMAB","a1TWD000001oxSV2AY","false","","Seville","","","","","","","","","","","","","42703684171348303","Seville","005al00000RVcKvAAL"
"a1TVx00000F44u0MAB","a1TWD000001oxSW2AY","false","","","","","","","","","","","","","","","42023725060698258","Shiva","005al00000RVcKvAAL"
"a1TVx00000F44u1MAB","a1TWD000001oxSX2AY","false","","","","","","","","","","","","","","","42934526871703446","Shiva","005al00000RVcKvAAL"
"a1TVx00000F44u2MAB","a1TWD000001oxSY2AY","false","","","","","","","","","","","","","","","42726817421284903","Shiva","005al00000RVcKvAAL"
"a1TVx00000F44u3MAB","a1TWD000001oxSZ2AY","false","","","","","","","","","","","","","","","42295806557317332","Shiva","005al00000RVcKvAAL"
"a1TVx00000F44u4MAB","a1TWD000001oxSa2AI","false","","","","","","","","","","","","","","","42354433102026593","Singlequote-DT5180","005al00000RVcKvAAL"
"a1TVx00000F44u5MAB","a1TWD000001oxSb2AI","false","","","","","","","","","","","","","","","42723924239927195","Singlequote-DT5180","005al00000RVcKvAAL"
"a1TVx00000F44u6MAB","a1TWD000001oxSc2AI","false","","","","","","","","","","","","","","","42593303093489289","Singlequote-DT5180","005al00000RVcKvAAL"
"a1TVx00000F44u7MAB","a1TWD000001oxSd2AI","false","","","","","","","","","","","","","","","42013881542122724","Singlequote-DT5180","005al00000RVcKvAAL"
"a1TVx00000F44u8MAB","a1TWD000001oxSe2AI","false","","","","","","","","","","","","","","","42573385380486265","Singlequote-DT5180","005al00000RVcKvAAL"
"a1TVx00000F44u9MAB","a1TWD000001oxSf2AI","false","","","","","","","","","","","","","","","4.26116E+16","SriBranchesTest1","005al00000RVcKvAAL"
"a1TVx00000F44uAMAR","a1TWD000001oxSg2AI","false","","","","","","","","","","","","","","","42978160432796537","SriBranchesTest1","005al00000RVcKvAAL"
"a1TVx00000F44uBMAR","a1TWD000001oxSh2AI","false","","","","","","","","","","","","","","","42916970202153658","SriBranchesTest1","005al00000RVcKvAAL"
"a1TVx00000F44uCMAR","a1TWD000001oxSi2AI","false","","","","","","","","","","","","","","","42265134489126572","SriBranchesTest1","005al00000RVcKvAAL"
"a1TVx00000F44uDMAR","a1TWD000001oxSj2AI","false","","","","","","","","","","","","","","","42961804342332276","SriBranchesTest1","005al00000RVcKvAAL"
"a1TVx00000F44uEMAR","a1TWD000001oxSk2AI","false","","","","","","","","","","","","","","","42546345359981330","SriBranchesTest1","005al00000RVcKvAAL"
"a1TVx00000F44uFMAR","a1TWD000001oxSl2AI","false","","Hyd","","","","","","","","","","CA","Hitech City","580008","42859603853603050","Test-For-Rollback-0712-001","005al00000RVcKvAAL"
"a1TVx00000F44h0MAB","a1TWD000001oxSm2AI","false","","","","","","","","","","","","","","","\              Test123\ ","TestBranches-01","005al00000RVcKvAAL"
"a1TVx00000F44h2MAB","a1TWD000001oxSn2AI","false","","","","","","","","","","","","","","","\               Test123\ ","TestBranches-01","005al00000RVcKvAAL"
"a1TVx00000F44uGMAR","a1TWD000001oxSo2AI","false","","","","","","","","","","","","","","","\                Test123\ ","TestBranches-01","005al00000RVcKvAAL"
"a1TVx00000F44uHMAR","a1TWD000001oxSp2AI","false","","","","","","","","","","","","","","","\                 Test123\ ","TestBranches-01","005al00000RVcKvAAL"
"a1TVx00000F44uKMAR","a1TWD000001oxSq2AI","false","","","","","","","","","","","","","","","42548857689503775","TestBranches-01","005al00000RVcKvAAL"
"a1TVx00000F44uLMAR","a1TWD000001oxSr2AI","false","","","","","","","","","","","","","","","42005530540018921","TestBranches-01","005al00000RVcKvAAL"
"a1TVx00000F44uMMAR","a1TWD000001oxSs2AI","false","","","","","","","","","","","","","","","42785337332597848","TestBranches-01","005al00000RVcKvAAL"
"a1TVx00000F44uNMAR","a1TWD000001oxSt2AI","false","4","","","","","","","","","","","","","","42814658219277850","Toulouse","005al00000RVcKvAAL"
"a1TVx00000F44uOMAR","a1TWD000001oxSu2AI","false","4","","","","","","","","","","","","","","42761731224360658","Toulouse","005al00000RVcKvAAL"
"a1TVx00000F44uPMAR","a1TWD000001oxSv2AI","false","4","","","","","","","","","","","","","","42507428802125534","Toulouse","005al00000RVcKvAAL"
"a1TVx00000F44uQMAR","a1TWD000001oxSw2AI","false","4","","","","","","","","","","","","","","42656454956610501","Toulouse","005al00000RVcKvAAL"
"a1TVx00000F44uRMAR","a1TWD000001oxSx2AI","false","4","","","","","","","","","","","","","","42695771084647052","Toulouse","005al00000RVcKvAAL"
"a1TVx00000F44uSMAR","a1TWD000001oxSy2AI","false","4","","","","","","","","","","","","","","42555627068458946","Toulouse","005al00000RVcKvAAL"
"a1TVx00000F44uTMAR","a1TWD000001oxSz2AI","false","4","","","","","","","","","","","","","","42277841952040366","Toulouse","005al00000RVcKvAAL"
"a1TVx00000F44uUMAR","a1TWD000001oxT02AI","false","4","","","","","","","","","","","","","","42203838256173496","Toulouse","005al00000RVcKvAAL"
"a1TVx00000F44uVMAR","a1TWD000001oxT12AI","false","4","Toulouse","","","","","","","","","","","","","42655878227747684","Toulouse01","005al00000RVcKvAAL"
"a1TVx00000F44uWMAR","a1TWD000001oxT22AI","false","4","Toulouse","","","","","","","","","","","","","42863736773869785","Toulouse01","005al00000RVcKvAAL"
"a1TVx00000F44uXMAR","a1TWD000001oxT32AI","false","4","Toulouse","","","","","","","","","","","","","42717831967614042","Toulouse01","005al00000RVcKvAAL"
"a1TVx00000F44uYMAR","a1TWD000001oxT42AI","false","","Turin","","","","","","","","","","","","","42236175969048781","Turin","005al00000RVcKvAAL"
"a1TVx00000F44uZMAR","a1TWD000001oxT52AI","false","","","","","","","","","","","","","","","42391773830320109","Turin","005al00000RVcKvAAL"
"a1TVx00000F44uaMAB","a1TWD000001oxT62AI","false","","","","","","","","","","","","","","","42589489727694123","Turin","005al00000RVcKvAAL"
"a1TVx00000F44ubMAB","a1TWD000001oxT72AI","false","","Turin","","","","","","","","","","","","","42856168111483348","Turin","005al00000RVcKvAAL"
"a1TVx00000F44ucMAB","a1TWD000001oxT82AI","false","","","","","","","","","","","","","","","42377909855399114","Turin","005al00000RVcKvAAL"
"a1TVx00000F44udMAB","a1TWD000001oxT92AI","false","","Turin","","","","","","","","","","","","","42961453977368370","Turin","005al00000RVcKvAAL"
"a1TVx00000F44ueMAB","a1TWD000001oxTA2AY","false","","","","","","","","","","","","","","","42855863360624129","Turin","005al00000RVcKvAAL"
"a1TVx00000F44ufMAB","a1TWD000001oxTB2AY","false","Test-02","","","","","","","","","","","","","","42770410769646645","UK","005al00000RVcKvAAL"
"a1TVx00000F44ugMAB","a1TWD000001oxTC2AY","false","Test-02","","","","","","","","","","","","","","42901830640612561","UK","005al00000RVcKvAAL"
"a1TVx00000F44uhMAB","a1TWD000001oxTD2AY","false","Hyd","","","","","","","","","","","","","","42454508950000602","Uppal","005al00000RVcKvAAL"
"a1TVx00000F44uiMAB","a1TWD000001oxTE2AY","false","Hyd","","","","","","","","","","","","","","42619892706026378","Uppal","005al00000RVcKvAAL"
"a1TVx00000F44ujMAB","a1TWD000001oxTF2AY","false","Test-03","","","","","","","","","","","","","","42097603505032570","Us","005al00000RVcKvAAL"
"a1TVx00000F44ukMAB","a1TWD000001oxTG2AY","false","Test-03","","","","","","","","","","","","","","42199160550936231","Us","005al00000RVcKvAAL"
"a1TVx00000F44ulMAB","a1TWD000001oxTH2AY","false","","Valencia","","","","","","","","","","","","","42496227926398477","Valencia","005al00000RVcKvAAL"
"a1TVx00000F44umMAB","a1TWD000001oxTI2AY","false","","","","","","","","","","","","","","","42798252138077675","Valencia","005al00000RVcKvAAL"
"a1TVx00000F44unMAB","a1TWD000001oxTJ2AY","false","","","","","","","","","","","","","","","42832514232013127","Valencia","005al00000RVcKvAAL"
"a1TVx00000F44uoMAB","a1TWD000001oxTK2AY","false","","Valencia","","","","","","","","","","","","","42826873269994363","Valencia","005al00000RVcKvAAL"
"a1TVx00000F44upMAB","a1TWD000001oxTL2AY","false","","","","","","","","","","","","","","","42625276246675653","Valencia","005al00000RVcKvAAL"
"a1TVx00000F44uqMAB","a1TWD000001oxTM2AY","false","","Valencia","","","","","","","","","","","","","42682583397382196","Valencia","005al00000RVcKvAAL"
"a1TVx00000F44urMAB","a1TWD000001oxTN2AY","false","","Wilmington","","","","","","","","","","","","","42959073019207260","Wilmington","005al00000RVcKvAAL"
"a1TVx00000F44usMAB","a1TWD000001oxTO2AY","false","","","","","","","","","","","","","","","42638003028453898","Wilmington","005al00000RVcKvAAL"
"a1TVx00000F44utMAB","a1TWD000001oxTP2AY","false","","","","","","","","","","","","","","","42573674895460260","Wilmington","005al00000RVcKvAAL"
"a1TVx00000F44uuMAB","a1TWD000001oxTQ2AY","false","","","","","","","","","","","","","","","42356465957025837","Wilmington","005al00000RVcKvAAL"
"a1TVx00000F44uvMAB","a1TWD000001oxTR2AY","false","","Wilmington","","","","","","","","","","NC","6770 Parker Farm Dr.","","42362712370072728","Wilmington","005al00000RVcKvAAL"
"a1TVx00000F44uwMAB","a1TWD000001oxTS2AY","false","","Wilmington","","","","","","","","","","","","","42607461147227080","Wilmington","005al00000RVcKvAAL"
"a1TVx00000F44uxMAB","a1TWD000001oxTT2AY","false","","","","","","","","","","","","","","","42103170132492470","Wilmington","005al00000RVcKvAAL"
"a1TVx00000F44uyMAB","a1TWD000001oxTU2AY","false","","","","","","","","","","","","","","","42652462878376008","Wilmington","005al00000RVcKvAAL"
"a1TVx00000F44uzMAB","a1TWD000001oxTV2AY","false","","","","","","","","","","","","","","","42086942805271272","Wilmington","005al00000RVcKvAAL"
"a1TVx00000F44v0MAB","a1TWD000001oxTW2AY","false","","Wilmington","","","","","","","","","","NC","6770 Parker Farm Dr.","","42187310550015454","Wilmington","005al00000RVcKvAAL"
"a1TVx00000F44v1MAB","a1TWD000001oxTX2AY","false","","","","","","","","","","","","","","","42146270494056102","Wilmington","005al00000RVcKvAAL"
"a1TVx00000F44v2MAB","a1TWD000001oxTY2AY","false","","","","","","","","","","","","","","","42504783040472441","Wilmington","005al00000RVcKvAAL"
"a1TVx00000F44v3MAB","a1TWD000001oxTZ2AY","false","","","","","","","","","","","","","","","42319583380424077","Wilmington","005al00000RVcKvAAL"
"a1TVx00000F44v4MAB","a1TWD000001oxTa2AI","false","","","","","","","","","","","","","","","42024185971901933","Wilmington","005al00000RVcKvAAL"
"a1TVx00000F44v5MAB","a1TWD000001oxTb2AI","false","","","","","","","","","","","","","","","42065665062523891","Wilmington","005al00000RVcKvAAL"
"a1TVx00000F44v6MAB","a1TWD000001oxTc2AI","false","234456","Dallas","","","","32.761075","96.743745","XmlObjectWrapper{name={urn:sobject.partner.soap.sforce.com}LLC_BI__Location__c, xmlizable=[Location  latitude='32.761075'
 longitude='96.743745'
]
}","","","","TX","3514 Hancock Street","75210","42363957654248588","Wilmington - Main","005al00000RVcKvAAL"
"a1TVx00000F44v7MAB","a1TWD000001oxTd2AI","false","234456","Dallas","","","","","","","","","","","","","42325220469211205","Wilmington - Main","005al00000RVcKvAAL"
"a1TVx00000F44v8MAB","a1TWD000001oxTe2AI","false","234456","Dallas","","","","","","","","","","","","","42125040979892624","Wilmington - Main","005al00000RVcKvAAL"
"a1TVx00000F44v9MAB","a1TWD000001oxTf2AI","false","0987","Los Angeles","","","","34.077054","118.232158","XmlObjectWrapper{name={urn:sobject.partner.soap.sforce.com}LLC_BI__Location__c, xmlizable=[Location  latitude='34.077054'
 longitude='118.232158'
]
}","","","","CA","635 Academy Road","90012","42940667651879307","Wilmington - South","005al00000RVcKvAAL"
"a1TVx00000F44vAMAR","a1TWD000001oxTg2AI","false","987","Los Angeles","","","","","","","","","","","","","42390185239668803","Wilmington - South","005al00000RVcKvAAL"
"a1TVx00000F44vBMAR","a1TWD000001oxTh2AI","false","987","Los Angeles","","","","","","","","","","","","","42363783473264273","Wilmington - South","005al00000RVcKvAAL"
"a1TVx00000F44vCMAR","a1TWD000001oxTi2AI","false","235576","New York","","","","40.736248","73.979397","XmlObjectWrapper{name={urn:sobject.partner.soap.sforce.com}LLC_BI__Location__c, xmlizable=[Location  latitude='40.736248'
 longitude='73.979397'
]
}","","","","NY","342 E 22nd Street","10010","42565452137059184","Wrightsville","005al00000RVcKvAAL"
"a1TVx00000F44vDMAR","a1TWD000001oxTj2AI","false","235576","New York","","","","","","","","","","","","","42218345931377677","Wrightsville","005al00000RVcKvAAL"
"a1TVx00000F44vEMAR","a1TWD000001oxTk2AI","false","235576","New York","","","","","","","","","","","","","42270148586793581","Wrightsville","005al00000RVcKvAAL"
"a1TVx00000F44vFMAR","a1TWD000001oxTl2AI","false","","","","","","","","","","","","","","","42534676103677735","\                                Test123\ ","005al00000RVcKvAAL"
"a1TVx00000F44vGMAR","a1TWD000001oxTm2AI","false","","","","","","","","","","","","","","","42693371590730466","\                                Test123\ ","005al00000RVcKvAAL"
"a1TVx00000F44vHMAR","a1TWD000001oxTn2AI","false","","","","","","","","","","","","","","","42097068840429831","\                                Test123\ ","005al00000RVcKvAAL"
"a1TVx00000F44vIMAR","a1TWD000001oxTo2AI","false","","","","","","","","","","","","","","","42784018691938781","\                                Test123\ ","005al00000RVcKvAAL"
"a1TVx00000F44vJMAR","a1TWD000001oxTp2AI","false","","","","","","","","","","","","","","","42392782138232509","\                                Test123\ ","005al00000RVcKvAAL"
"a1TVx00000F44vKMAR","a1TWD000001oxTq2AI","false","","","","","","","","","","","","","","","42926507215592670","\                                Test123\ ","005al00000RVcKvAAL"
"a1TVx00000F44vLMAR","a1TWD000001oxTr2AI","false","","","","","","","","","","","","","","","42738756053926074","\                                Test123\ ","005al00000RVcKvAAL"
"a1TVx00000F44vMMAR","a1TWD000001oxTs2AI","false","","","","","","","","","","","","","","","42152302450984445","\                                Test123\ ","005al00000RVcKvAAL"
"a1TVx00000F44vNMAR","a1TWD000001oxTt2AI","false","","","","","","","","","","","","","","","42358859996595151","\                                Test123\ ","005al00000RVcKvAAL"
"a1TVx00000F44vOMAR","a1TWD000001oxTu2AI","false","","","","","","","","","","","","","","","42557852294521641","\                                Test123\ ","005al00000RVcKvAAL"
"a1TVx00000F44vPMAR","a1TWD000001oxTv2AI","false","","","","","","","","","","","","","","","42705893185123202","\                                Test123\ ","005al00000RVcKvAAL"
"a1TVx00000F44vQMAR","a1TWD000001oxTw2AI","false","","","","","","","","","","","","","","","42568907140026092","\                               981723123\ ","005al00000RVcKvAAL"
"a1TVx00000F44vRMAR","a1TWD000001oxTx2AI","false","","","","","","","","","","","","","","","42196789016629598","\                               981723123\ ","005al00000RVcKvAAL"
"a1TVx00000F44vSMAR","a1TWD000001oxTy2AI","false","","","","","","","","","","","","","","","42993008340676580","\                               981723123\ ","005al00000RVcKvAAL"
"a1TVx00000F44vTMAR","a1TWD000001oxTz2AI","false","","","","","","","","","","","","","","","42868368409273381","\                               981723123\ ","005al00000RVcKvAAL"
"a1TVx00000F44vUMAR","a1TWD000001oxU02AI","false","","","","","","","","","","","","","","","42063418593761500","\                               981723123\ ","005al00000RVcKvAAL"
"a1TVx00000F44vVMAR","a1TWD000001oxU12AI","false","","","","","","","","","","","","","","","42461189547717731","\                               981723123\ ","005al00000RVcKvAAL"
"a1TVx00000F44vWMAR","a1TWD000001oxU22AI","false","","","","","","","","","","","","","","","42574872312305596","\                               981723123\ ","005al00000RVcKvAAL"
"a1TVx00000F44vXMAR","a1TWD000001oxU32AI","false","","","","","","","","","","","","","","","42260751020770906","\                               981723123\ ","005al00000RVcKvAAL"
"a1TVx00000F44vYMAR","a1TWD000001oxU42AI","false","","","","","","","","","","","","","","","42247560489889882","\                               981723123\ ","005al00000RVcKvAAL"
"a1TVx00000F44vZMAR","a1TWD000001oxU52AI","false","","","","","","","","","","","","","","","42574907656731555","\                               981723123\ ","005al00000RVcKvAAL"
"a1TVx00000F44vaMAB","a1TWD000001oxU62AI","false","","","","","","","","","","","","","","","42810200678070863","\                               981723123\ ","005al00000RVcKvAAL"
"a1TVx00000F44vbMAB","a1TWD000001oxU72AI","false","","","","","","","","","","","","","","","42842995452235487","\                               Test123\ ","005al00000RVcKvAAL"
"a1TVx00000F44vcMAB","a1TWD000001oxU82AI","false","","","","","","","","","","","","","","","42696082579196595","\                               Test123\ ","005al00000RVcKvAAL"
"a1TVx00000F44vdMAB","a1TWD000001oxU92AI","false","","","","","","","","","","","","","","","42037839516279311","\                               Test123\ ","005al00000RVcKvAAL"
"a1TVx00000F44veMAB","a1TWD000001oxUA2AY","false","","","","","","","","","","","","","","","42295558888773496","\                               Test123\ ","005al00000RVcKvAAL"
"a1TVx00000F44vfMAB","a1TWD000001oxUB2AY","false","","","","","","","","","","","","","","","42237177903941171","\                               Test123\ ","005al00000RVcKvAAL"
"a1TVx00000F44vgMAB","a1TWD000001oxUC2AY","false","","","","","","","","","","","","","","","42817868403277677","\                               Test123\ ","005al00000RVcKvAAL"
"a1TVx00000F44vhMAB","a1TWD000001oxUD2AY","false","","","","","","","","","","","","","","","42888728773528527","\                               Test123\ ","005al00000RVcKvAAL"
"a1TVx00000F44viMAB","a1TWD000001oxUE2AY","false","","","","","","","","","","","","","","","42898945463126227","\                               Test123\ ","005al00000RVcKvAAL"
"a1TVx00000F44vjMAB","a1TWD000001oxUF2AY","false","","","","","","","","","","","","","","","42643452092782133","\                               Test123\ ","005al00000RVcKvAAL"
"a1TVx00000F44vkMAB","a1TWD000001oxUG2AY","false","","","","","","","","","","","","","","","42431305407792328","\                               Test123\ ","005al00000RVcKvAAL"
"a1TVx00000F44vlMAB","a1TWD000001oxUH2AY","false","","","","","","","","","","","","","","","42788203797296944","\                               Test123\ ","005al00000RVcKvAAL"
"a1TVx00000F44vmMAB","a1TWD000001oxUI2AY","false","","","","","","","","","","","","","","","42684402365991162","\                              981723123\ ","005al00000RVcKvAAL"
"a1TVx00000F44vnMAB","a1TWD000001oxUJ2AY","false","","","","","","","","","","","","","","","42355401904917020","\                              981723123\ ","005al00000RVcKvAAL"
"a1TVx00000F44voMAB","a1TWD000001oxUK2AY","false","","","","","","","","","","","","","","","42689269152545208","\                              981723123\ ","005al00000RVcKvAAL"
"a1TVx00000F44vpMAB","a1TWD000001oxUL2AY","false","","","","","","","","","","","","","","","42036162242327109","\                              981723123\ ","005al00000RVcKvAAL"
"a1TVx00000F44vqMAB","a1TWD000001oxUM2AY","false","","","","","","","","","","","","","","","42758820455109897","\                              981723123\ ","005al00000RVcKvAAL"
"a1TVx00000F44vrMAB","a1TWD000001oxUN2AY","false","","","","","","","","","","","","","","","42374396398498285","\                              981723123\ ","005al00000RVcKvAAL"
"a1TVx00000F44vsMAB","a1TWD000001oxUO2AY","false","","","","","","","","","","","","","","","42982213174025505","\                              981723123\ ","005al00000RVcKvAAL"
"a1TVx00000F44vtMAB","a1TWD000001oxUP2AY","false","","","","","","","","","","","","","","","42881931081221121","\                              981723123\ ","005al00000RVcKvAAL"
"a1TVx00000F44vuMAB","a1TWD000001oxUQ2AY","false","","","","","","","","","","","","","","","42523087700795848","\                              981723123\ ","005al00000RVcKvAAL"
"a1TVx00000F44vvMAB","a1TWD000001oxUR2AY","false","","","","","","","","","","","","","","","42226040219143674","\                              981723123\ ","005al00000RVcKvAAL"
"a1TVx00000F44vwMAB","a1TWD000001oxUS2AY","false","","","","","","","","","","","","","","","42516492311240609","\                              981723123\ ","005al00000RVcKvAAL"
"a1TVx00000F44vxMAB","a1TWD000001oxUT2AY","false","","","","","","","","","","","","","","","42294177552395722","\                              Test123\ ","005al00000RVcKvAAL"
"a1TVx00000F44vyMAB","a1TWD000001oxUU2AY","false","","","","","","","","","","","","","","","42628806990364434","\                              Test123\ ","005al00000RVcKvAAL"
"a1TVx00000F44vzMAB","a1TWD000001oxUV2AY","false","","","","","","","","","","","","","","","42734027404214291","\                              Test123\ ","005al00000RVcKvAAL"
"a1TVx00000F44w0MAB","a1TWD000001oxUW2AY","false","","","","","","","","","","","","","","","42171688658296157","\                              Test123\ ","005al00000RVcKvAAL"
"a1TVx00000F44w1MAB","a1TWD000001oxUX2AY","false","","","","","","","","","","","","","","","42078192710391557","\                              Test123\ ","005al00000RVcKvAAL"
"a1TVx00000F44w2MAB","a1TWD000001oxUY2AY","false","","","","","","","","","","","","","","","42312783258505595","\                              Test123\ ","005al00000RVcKvAAL"
"a1TVx00000F44w3MAB","a1TWD000001oxUZ2AY","false","","","","","","","","","","","","","","","42190386273210031","\                              Test123\ ","005al00000RVcKvAAL"
"a1TVx00000F44w4MAB","a1TWD000001oxUa2AI","false","","","","","","","","","","","","","","","42116614223506213","\                              Test123\ ","005al00000RVcKvAAL"
"a1TVx00000F44w5MAB","a1TWD000001oxUb2AI","false","","","","","","","","","","","","","","","42465050131878053","\                              Test123\ ","005al00000RVcKvAAL"
"a1TVx00000F44w6MAB","a1TWD000001oxUc2AI","false","","","","","","","","","","","","","","","42654221576559413","\                              Test123\ ","005al00000RVcKvAAL"
"a1TVx00000F44w7MAB","a1TWD000001oxUd2AI","false","","","","","","","","","","","","","","","42631389047080519","\                              Test123\ ","005al00000RVcKvAAL"
"a1TVx00000F44w8MAB","a1TWD000001oxUe2AI","false","","","","","","","","","","","","","","","42126347391417777","\                             981723123\ ","005al00000RVcKvAAL"
"a1TVx00000F44w9MAB","a1TWD000001oxUf2AI","false","","","","","","","","","","","","","","","42986355056097167","\                             981723123\ ","005al00000RVcKvAAL"
"a1TVx00000F44wAMAR","a1TWD000001oxUg2AI","false","","","","","","","","","","","","","","","42058048254535624","\                             981723123\ ","005al00000RVcKvAAL"
"a1TVx00000F44wBMAR","a1TWD000001oxUh2AI","false","","","","","","","","","","","","","","","42759836970499108","\                             981723123\ ","005al00000RVcKvAAL"
"a1TVx00000F44wCMAR","a1TWD000001oxUi2AI","false","","","","","","","","","","","","","","","42873435809883615","\                             981723123\ ","005al00000RVcKvAAL"
"a1TVx00000F44wDMAR","a1TWD000001oxUj2AI","false","","","","","","","","","","","","","","","42267155473424695","\                             981723123\ ","005al00000RVcKvAAL"
"a1TVx00000F44wEMAR","a1TWD000001oxUk2AI","false","","","","","","","","","","","","","","","42449759482034673","\                             981723123\ ","005al00000RVcKvAAL"
"a1TVx00000F44wFMAR","a1TWD000001oxUl2AI","false","","","","","","","","","","","","","","","42559299330048658","\                             981723123\ ","005al00000RVcKvAAL"
"a1TVx00000F44wGMAR","a1TWD000001oxUm2AI","false","","","","","","","","","","","","","","","42236296964407821","\                             981723123\ ","005al00000RVcKvAAL"
"a1TVx00000F44wHMAR","a1TWD000001oxUn2AI","false","","","","","","","","","","","","","","","42668410541872203","\                             981723123\ ","005al00000RVcKvAAL"
"a1TVx00000F44wIMAR","a1TWD000001oxUo2AI","false","","","","","","","","","","","","","","","42036333302321983","\                             981723123\ ","005al00000RVcKvAAL"
"a1TVx00000F44wJMAR","a1TWD000001oxUp2AI","false","","","","","","","","","","","","","","","42791011232437506","\                             Test123\ ","005al00000RVcKvAAL"
"a1TVx00000F44wKMAR","a1TWD000001oxUq2AI","false","","","","","","","","","","","","","","","42587668242690325","\                             Test123\ ","005al00000RVcKvAAL"
"a1TVx00000F44wLMAR","a1TWD000001oxUr2AI","false","","","","","","","","","","","","","","","42866970839081687","\                             Test123\ ","005al00000RVcKvAAL"
"a1TVx00000F44wMMAR","a1TWD000001oxUs2AI","false","","","","","","","","","","","","","","","42661168728028421","\                             Test123\ ","005al00000RVcKvAAL"
"a1TVx00000F44wNMAR","a1TWD000001oxUt2AI","false","","","","","","","","","","","","","","","42324521647729621","\                             Test123\ ","005al00000RVcKvAAL"
"a1TVx00000F44wOMAR","a1TWD000001oxUu2AI","false","","","","","","","","","","","","","","","42566883244565103","\                             Test123\ ","005al00000RVcKvAAL"
"a1TVx00000F44wPMAR","a1TWD000001oxUv2AI","false","","","","","","","","","","","","","","","42013789202270631","\                             Test123\ ","005al00000RVcKvAAL"
"a1TVx00000F44wQMAR","a1TWD000001oxUw2AI","false","","","","","","","","","","","","","","","42975548795454214","\                             Test123\ ","005al00000RVcKvAAL"
"a1TVx00000F44wRMAR","a1TWD000001oxUx2AI","false","","","","","","","","","","","","","","","42664085705940624","\                             Test123\ ","005al00000RVcKvAAL"
"a1TVx00000F44wSMAR","a1TWD000001oxUy2AI","false","","","","","","","","","","","","","","","42135975651629366","\                             Test123\ ","005al00000RVcKvAAL"
"a1TVx00000F44wTMAR","a1TWD000001oxUz2AI","false","","","","","","","","","","","","","","","42055716820700955","\                             Test123\ ","005al00000RVcKvAAL"
"a1TVx00000F44wUMAR","a1TWD000001oxV02AI","false","","","","","","","","","","","","","","","42002095090369650","\                            981723123\ ","005al00000RVcKvAAL"
"a1TVx00000F44wVMAR","a1TWD000001oxV12AI","false","","","","","","","","","","","","","","","42738456018737134","\                            981723123\ ","005al00000RVcKvAAL"
"a1TVx00000F44wWMAR","a1TWD000001oxV22AI","false","","","","","","","","","","","","","","","42732957965619045","\                            981723123\ ","005al00000RVcKvAAL"
"a1TVx00000F44wXMAR","a1TWD000001oxV32AI","false","","","","","","","","","","","","","","","42613717960499723","\                            981723123\ ","005al00000RVcKvAAL"
"a1TVx00000F44wYMAR","a1TWD000001oxV42AI","false","","","","","","","","","","","","","","","42290404062192264","\                            981723123\ ","005al00000RVcKvAAL"
"a1TVx00000F44wZMAR","a1TWD000001oxV52AI","false","","","","","","","","","","","","","","","42524618651286457","\                            981723123\ ","005al00000RVcKvAAL"
"a1TVx00000F44waMAB","a1TWD000001oxV62AI","false","","","","","","","","","","","","","","","42270734923176833","\                            981723123\ ","005al00000RVcKvAAL"
"a1TVx00000F44wbMAB","a1TWD000001oxV72AI","false","","","","","","","","","","","","","","","42730784131425314","\                            981723123\ ","005al00000RVcKvAAL"
"a1TVx00000F44wcMAB","a1TWD000001oxV82AI","false","","","","","","","","","","","","","","","42614991291082036","\                            981723123\ ","005al00000RVcKvAAL"
"a1TVx00000F44wdMAB","a1TWD000001oxV92AI","false","","","","","","","","","","","","","","","42546617896768577","\                                                 981723123\ ","005al00000RVcKvAAL"
"a1TVx00000F44weMAB","a1TWD000001oxVA2AY","false","","","","","","","","","","","","","","","42394658906914520","\                                                 981723123\ ","005al00000RVcKvAAL"
"a1TVx00000F44wfMAB","a1TWD000001oxVB2AY","false","","","","","","","","","","","","","","","42428057981571819","\                                                 Test123\ ","005al00000RVcKvAAL"
"a1TVx00000F44wgMAB","a1TWD000001oxVC2AY","false","","","","","","","","","","","","","","","42536975069366141","\                                                 Test123\ ","005al00000RVcKvAAL"
"a1TVx00000F44whMAB","a1TWD000001oxVD2AY","false","","","","","","","","","","","","","","","42221468918453877","\                                                 Test123\ ","005al00000RVcKvAAL"
"a1TVx00000F44wiMAB","a1TWD000001oxVE2AY","false","","","","","","","","","","","","","","","42879884177535726","\                                                 Test123\ ","005al00000RVcKvAAL"
"a1TVx00000F44wjMAB","a1TWD000001oxVF2AY","false","","","","","","","","","","","","","","","42569491521715898","\                                                 Test123\ ","005al00000RVcKvAAL"
"a1TVx00000F44wkMAB","a1TWD000001oxVG2AY","false","","","","","","","","","","","","","","","42145481237323296","\                                                 Test123\ ","005al00000RVcKvAAL"
"a1TVx00000F44wlMAB","a1TWD000001oxVH2AY","false","","","","","","","","","","","","","","","42857378137474451","\                                                 Test123\ ","005al00000RVcKvAAL"
"a1TVx00000F44wmMAB","a1TWD000001oxVI2AY","false","","","","","","","","","","","","","","","42014164086537064","\                                                 Test123\ ","005al00000RVcKvAAL"
"a1TVx00000F44wnMAB","a1TWD000001oxVJ2AY","false","","","","","","","","","","","","","","","42543610865014954","\                                                 Test123\ ","005al00000RVcKvAAL"
"a1TVx00000F44woMAB","a1TWD000001oxVK2AY","false","","","","","","","","","","","","","","","42998893207155159","\                                                 Test123\ ","005al00000RVcKvAAL"
"a1TVx00000F44wpMAB","a1TWD000001oxVL2AY","false","","","","","","","","","","","","","","","42774115443957372","\                                                 Test123\ ","005al00000RVcKvAAL"
"a1TVx00000F44wqMAB","a1TWD000001oxVM2AY","false","","","","","","","","","","","","","","","42371776842948751","\                                                981723123\ ","005al00000RVcKvAAL"
"a1TVx00000F44wrMAB","a1TWD000001oxVN2AY","false","","","","","","","","","","","","","","","42593237662226999","\                                                981723123\ ","005al00000RVcKvAAL"
"a1TVx00000F44wsMAB","a1TWD000001oxVO2AY","false","","","","","","","","","","","","","","","42845103762046763","\                                                981723123\ ","005al00000RVcKvAAL"
"a1TVx00000F44wtMAB","a1TWD000001oxVP2AY","false","","","","","","","","","","","","","","","42739410691521633","\                                                981723123\ ","005al00000RVcKvAAL"
"a1TVx00000F44wuMAB","a1TWD000001oxVQ2AY","false","","","","","","","","","","","","","","","42070194728669922","\                                                981723123\ ","005al00000RVcKvAAL"
"a1TVx00000F44wvMAB","a1TWD000001oxVR2AY","false","","","","","","","","","","","","","","","42818937546900482","\                                                981723123\ ","005al00000RVcKvAAL"
"a1TVx00000F44wwMAB","a1TWD000001oxVS2AY","false","","","","","","","","","","","","","","","42307890987291768","\                                                981723123\ ","005al00000RVcKvAAL"
"a1TVx00000F44wxMAB","a1TWD000001oxVT2AY","false","","","","","","","","","","","","","","","42279677779491655","\                                                981723123\ ","005al00000RVcKvAAL"
"a1TVx00000F44wyMAB","a1TWD000001oxVU2AY","false","","","","","","","","","","","","","","","42764799989981987","\                                                981723123\ ","005al00000RVcKvAAL"
"a1TVx00000F44wzMAB","a1TWD000001oxVV2AY","false","","","","","","","","","","","","","","","42441836122794044","\                                                981723123\ ","005al00000RVcKvAAL"
"a1TVx00000F44x0MAB","a1TWD000001oxVW2AY","false","","","","","","","","","","","","","","","42343226304825098","\                                                981723123\ ","005al00000RVcKvAAL"
"a1TVx00000F44x1MAB","a1TWD000001oxVX2AY","false","","","","","","","","","","","","","","","42438962543187784","\                                                Test123\ ","005al00000RVcKvAAL"
"a1TVx00000F44x2MAB","a1TWD000001oxVY2AY","false","","","","","","","","","","","","","","","42626114370534155","\                                                Test123\ ","005al00000RVcKvAAL"
"a1TVx00000F44x3MAB","a1TWD000001oxVZ2AY","false","","","","","","","","","","","","","","","42443365447703133","\                                                Test123\ ","005al00000RVcKvAAL"
"a1TVx00000F44x4MAB","a1TWD000001oxVa2AI","false","","","","","","","","","","","","","","","42727197821982415","\                                                Test123\ ","005al00000RVcKvAAL"
"a1TVx00000F44x5MAB","a1TWD000001oxVb2AI","false","","","","","","","","","","","","","","","42950222303060675","\                                                Test123\ ","005al00000RVcKvAAL"
"a1TVx00000F44x6MAB","a1TWD000001oxVc2AI","false","","","","","","","","","","","","","","","42573791481987959","\                                                Test123\ ","005al00000RVcKvAAL"
"a1TVx00000F44x7MAB","a1TWD000001oxVd2AI","false","","","","","","","","","","","","","","","42673525880866583","\                                                Test123\ ","005al00000RVcKvAAL"
"a1TVx00000F44x8MAB","a1TWD000001oxVe2AI","false","","","","","","","","","","","","","","","42962596601875901","\                                                Test123\ ","005al00000RVcKvAAL"
"a1TVx00000F44x9MAB","a1TWD000001oxVf2AI","false","","","","","","","","","","","","","","","42583730922407875","\                                                Test123\ ","005al00000RVcKvAAL"
"a1TVx00000F44xAMAR","a1TWD000001oxVg2AI","false","","","","","","","","","","","","","","","42049220582372310","\                                                Test123\ ","005al00000RVcKvAAL"
"a1TVx00000F44xBMAR","a1TWD000001oxVh2AI","false","","","","","","","","","","","","","","","42290970807174554","\                                                Test123\ ","005al00000RVcKvAAL"
"a1TVx00000F44xCMAR","a1TWD000001oxVi2AI","false","","","","","","","","","","","","","","","42031048766001152","\                                               981723123\ ","005al00000RVcKvAAL"
"a1TVx00000F44xDMAR","a1TWD000001oxVj2AI","false","","","","","","","","","","","","","","","42506862643199386","\                                               981723123\ ","005al00000RVcKvAAL"
"a1TVx00000F44xEMAR","a1TWD000001oxVk2AI","false","","","","","","","","","","","","","","","42706650877823405","\                                               981723123\ ","005al00000RVcKvAAL"
"a1TVx00000F44xFMAR","a1TWD000001oxVl2AI","false","","","","","","","","","","","","","","","42171278284313445","\                                               981723123\ ","005al00000RVcKvAAL"
"a1TVx00000F44xGMAR","a1TWD000001oxVm2AI","false","","","","","","","","","","","","","","","42906662194509940","\                                               981723123\ ","005al00000RVcKvAAL"
"a1TVx00000F44xHMAR","a1TWD000001oxVn2AI","false","","","","","","","","","","","","","","","42255444608396820","\                                               981723123\ ","005al00000RVcKvAAL"
"a1TVx00000F44xIMAR","a1TWD000001oxVo2AI","false","","","","","","","","","","","","","","","42121449881879720","\                                               981723123\ ","005al00000RVcKvAAL"
"a1TVx00000F44xJMAR","a1TWD000001oxVp2AI","false","","","","","","","","","","","","","","","42514415034755356","\                                               981723123\ ","005al00000RVcKvAAL"
"a1TVx00000F44xKMAR","a1TWD000001oxVq2AI","false","","","","","","","","","","","","","","","42990620914554765","\                                               981723123\ ","005al00000RVcKvAAL"
"a1TVx00000F44xLMAR","a1TWD000001oxVr2AI","false","","","","","","","","","","","","","","","42725418519986315","\                                               981723123\ ","005al00000RVcKvAAL"
"a1TVx00000F44xMMAR","a1TWD000001oxVs2AI","false","","","","","","","","","","","","","","","42834331566310497","\                                               981723123\ ","005al00000RVcKvAAL"
"a1TVx00000F44xNMAR","a1TWD000001oxVt2AI","false","","","","","","","","","","","","","","","42394293379810750","\                                               Test123\ ","005al00000RVcKvAAL"
"a1TVx00000F44xOMAR","a1TWD000001oxVu2AI","false","","","","","","","","","","","","","","","42864384580692739","\                                               Test123\ ","005al00000RVcKvAAL"
"a1TVx00000F44xPMAR","a1TWD000001oxVv2AI","false","","","","","","","","","","","","","","","42638885433474626","\                                               Test123\ ","005al00000RVcKvAAL"
"a1TVx00000F44xQMAR","a1TWD000001oxVw2AI","false","","","","","","","","","","","","","","","42879963170089065","\                                               Test123\ ","005al00000RVcKvAAL"
"a1TVx00000F44xRMAR","a1TWD000001oxVx2AI","false","","","","","","","","","","","","","","","42140584911415786","\                                               Test123\ ","005al00000RVcKvAAL"
"a1TVx00000F44xSMAR","a1TWD000001oxVy2AI","false","","","","","","","","","","","","","","","42002776615550600","\                                               Test123\ ","005al00000RVcKvAAL"
"a1TVx00000F44xTMAR","a1TWD000001oxVz2AI","false","","","","","","","","","","","","","","","42020019460650861","\                                               Test123\ ","005al00000RVcKvAAL"
"a1TVx00000F44xUMAR","a1TWD000001oxW02AI","false","","","","","","","","","","","","","","","42864346416978446","\                                               Test123\ ","005al00000RVcKvAAL"
"a1TVx00000F44xVMAR","a1TWD000001oxW12AI","false","","","","","","","","","","","","","","","42429816691992872","\                                               Test123\ ","005al00000RVcKvAAL"
"a1TVx00000F44xWMAR","a1TWD000001oxW22AI","false","","","","","","","","","","","","","","","42833311624459344","\                                               Test123\ ","005al00000RVcKvAAL"
"a1TVx00000F44xXMAR","a1TWD000001oxW32AI","false","","","","","","","","","","","","","","","42882961968943039","\                                               Test123\ ","005al00000RVcKvAAL"
"a1TVx00000F44xYMAR","a1TWD000001oxW42AI","false","","","","","","","","","","","","","","","42039266194311298","a0B4W000013fbnWUAQ","005al00000RVcKvAAL"
"a1TVx00000F44xZMAR","a1TWD000001oxW52AI","false","","","","","","","","","","","","","","","42143059168923975","a0B4W000013nB5mUAE","005al00000RVcKvAAL"
"a1TVx00000F44xaMAB","a1TWD000001oxW62AI","false","","","","","","","","","","","","","","","42877947217814299","a0B5f000000wKEUEA2","005al00000RVcKvAAL"
"a1TVx00000F44xbMAB","a1TWD000001oxW72AI","false","","","","","","","","","","","","","","","42050209453101387","a0B8c00001Lzw6S","005al00000RVcKvAAL"
"a1TVx00000F44xcMAB","a1TWD000001oxW82AI","false","","","","","","","","","","","","","","","42194112034761357","a0B8c00001Lzw6T","005al00000RVcKvAAL"
"a1TVx00000F44xdMAB","a1TWD000001oxW92AI","false","","","","","","","","","","","","","","","42438971849571473","a0B8c00001M139S","005al00000RVcKvAAL"
"a1TVx00000F44xeMAB","a1TWD000001oxWA2AY","false","","","","","","","","","","","","","","","42654719068150181","a0B8c00001M139T","005al00000RVcKvAAL"
"a1TVx00000F44xfMAB","a1TWD000001oxWB2AY","false","","","","","","","","","","","","","","","42708855952267437","a0BHo00000SbBMhMAN","005al00000RVcKvAAL"
"a1TVx00000F44xgMAB","a1TWD000001oxWC2AY","false","","","","","","","","","","","","","","","42167181597744029","a0BHo00000Z61mFMAR","005al00000RVcKvAAL"
"a1TVx00000F44xhMAB","a1TWD000001oxWD2AY","false","","","","","","","","","","","","","","","42905946187518904","autoTest1","005al00000RVcKvAAL"
"a1TVx00000F44xiMAB","a1TWD000001oxWE2AY","false","","","","","","","","","","","","","","","42412357974256381","autoTest1","005al00000RVcKvAAL"
"a1TVx00000F44xjMAB","a1TWD000001oxWF2AY","false","","","","","","","","","","","","","","","42695150482446908","autoTest1","005al00000RVcKvAAL"
"a1TVx00000F44xkMAB","a1TWD000001oxWG2AY","false","","","","","","","","","","","","","","","42733500635225378","autoTest10","005al00000RVcKvAAL"
"a1TVx00000F44xlMAB","a1TWD000001oxWH2AY","false","","","","","","","","","","","","","","","42480602750838039","autoTest10","005al00000RVcKvAAL"
"a1TVx00000F44xmMAB","a1TWD000001oxWI2AY","false","","","","","","","","","","","","","","","42259938703794080","autoTest11","005al00000RVcKvAAL"
"a1TVx00000F44xnMAB","a1TWD000001oxWJ2AY","false","","","","","","","","","","","","","","","42678243364095540","autoTest11","005al00000RVcKvAAL"
"a1TVx00000F44xoMAB","a1TWD000001oxWK2AY","false","","","","","","","","","","","","","","","42983207840254584","autoTest12","005al00000RVcKvAAL"
"a1TVx00000F44xpMAB","a1TWD000001oxWL2AY","false","","","","","","","","","","","","","","","42282596885426701","autoTest12","005al00000RVcKvAAL"
"a1TVx00000F44xqMAB","a1TWD000001oxWM2AY","false","","","","","","","","","","","","","","","42245786720125148","autoTest13","005al00000RVcKvAAL"
"a1TVx00000F44xrMAB","a1TWD000001oxWN2AY","false","","","","","","","","","","","","","","","42648783568720849","autoTest14","005al00000RVcKvAAL"
"a1TVx00000F44xsMAB","a1TWD000001oxWO2AY","false","","","","","","","","","","","","","","","42783459302196485","autoTest15","005al00000RVcKvAAL"
"a1TVx00000F44xtMAB","a1TWD000001oxWP2AY","false","","","","","","","","","","","","","","","42749286912701853","autoTest16","005al00000RVcKvAAL"
"a1TVx00000F44xuMAB","a1TWD000001oxWQ2AY","false","","","","","","","","","","","","","","","42812291529560117","autoTest17","005al00000RVcKvAAL"
"a1TVx00000F44xvMAB","a1TWD000001oxWR2AY","false","","","","","","","","","","","","","","","42477358872838164","autoTest18","005al00000RVcKvAAL"
"a1TVx00000F44xwMAB","a1TWD000001oxWS2AY","false","","","","","","","","","","","","","","","42610025664770565","autoTest19","005al00000RVcKvAAL"
"a1TVx00000F44xxMAB","a1TWD000001oxWT2AY","false","","","","","","","","","","","","","","","42211045112832642","autoTest2","005al00000RVcKvAAL"
"a1TVx00000F44xyMAB","a1TWD000001oxWU2AY","false","","","","","","","","","","","","","","","42041308914718095","autoTest2","005al00000RVcKvAAL"
"a1TVx00000F44xzMAB","a1TWD000001oxWV2AY","false","","","","","","","","","","","","","","","42885652452987163","autoTest2","005al00000RVcKvAAL"
"a1TVx00000F44y0MAB","a1TWD000001oxWW2AY","false","","","","","","","","","","","","","","","42404760812634907","autoTest20","005al00000RVcKvAAL"
"a1TVx00000F44y1MAB","a1TWD000001oxWX2AY","false","","","","","","","","","","","","","","","42123430836318709","autoTest21","005al00000RVcKvAAL"
"a1TVx00000F44y2MAB","a1TWD000001oxWY2AY","false","","","","","","","","","","","","","","","42440956347966455","autoTest22","005al00000RVcKvAAL"
"a1TVx00000F44y3MAB","a1TWD000001oxWZ2AY","false","","","","","","","","","","","","","","","42655901331702088","autoTest23","005al00000RVcKvAAL"
"a1TVx00000F44y4MAB","a1TWD000001oxWa2AI","false","","","","","","","","","","","","","","","42520467192082641","autoTest24","005al00000RVcKvAAL"
"a1TVx00000F44y5MAB","a1TWD000001oxWb2AI","false","","","","","","","","","","","","","","","42032721083968544","autoTest25","005al00000RVcKvAAL"
"a1TVx00000F44y6MAB","a1TWD000001oxWc2AI","false","","","","","","","","","","","","","","","42953052608202397","autoTest26","005al00000RVcKvAAL"
"a1TVx00000F44y7MAB","a1TWD000001oxWd2AI","false","","","","","","","","","","","","","","","42780784267617114","autoTest27","005al00000RVcKvAAL"
"a1TVx00000F44y8MAB","a1TWD000001oxWe2AI","false","","","","","","","","","","","","","","","42733023303671363","autoTest28","005al00000RVcKvAAL"
"a1TVx00000F44y9MAB","a1TWD000001oxWf2AI","false","","","","","","","","","","","","","","","42851790637550599","autoTest29","005al00000RVcKvAAL"
"a1TVx00000F44yAMAR","a1TWD000001oxWg2AI","false","","","","","","","","","","","","","","","42513457530623447","autoTest3","005al00000RVcKvAAL"
"a1TVx00000F44yBMAR","a1TWD000001oxWh2AI","false","","","","","","","","","","","","","","","42648003871019403","autoTest3","005al00000RVcKvAAL"
"a1TVx00000F44yCMAR","a1TWD000001oxWi2AI","false","","","","","","","","","","","","","","","42817540736884403","autoTest4","005al00000RVcKvAAL"
"a1TVx00000F44yDMAR","a1TWD000001oxWj2AI","false","","","","","","","","","","","","","","","42928907489484579","autoTest4","005al00000RVcKvAAL"
"a1TVx00000F44yEMAR","a1TWD000001oxWk2AI","false","","","","","","","","","","","","","","","42094845818846336","autoTest5","005al00000RVcKvAAL"
"a1TVx00000F44yFMAR","a1TWD000001oxWl2AI","false","","","","","","","","","","","","","","","42463966540052321","autoTest5","005al00000RVcKvAAL"
"a1TVx00000F44yGMAR","a1TWD000001oxWm2AI","false","","","","","","","","","","","","","","","42761386921194188","autoTest6","005al00000RVcKvAAL"
"a1TVx00000F44yHMAR","a1TWD000001oxWn2AI","false","","","","","","","","","","","","","","","42484303303835156","autoTest6","005al00000RVcKvAAL"
"a1TVx00000F44yIMAR","a1TWD000001oxWo2AI","false","","","","","","","","","","","","","","","42269767116762767","autoTest7","005al00000RVcKvAAL"
"a1TVx00000F44yJMAR","a1TWD000001oxWp2AI","false","","","","","","","","","","","","","","","42124877720661085","autoTest7","005al00000RVcKvAAL"
"a1TVx00000F44yKMAR","a1TWD000001oxWq2AI","false","","","","","","","","","","","","","","","42519069071260071","autoTest8","005al00000RVcKvAAL"
"a1TVx00000F44yLMAR","a1TWD000001oxWr2AI","false","","","","","","","","","","","","","","","42209207894610585","autoTest8","005al00000RVcKvAAL"
"a1TVx00000F44yMMAR","a1TWD000001oxWs2AI","false","","","","","","","","","","","","","","","42162814841875555","autoTest9","005al00000RVcKvAAL"
"a1TVx00000F44yNMAR","a1TWD000001oxWt2AI","false","","","","","","","","","","","","","","","42665497733097374","autoTest9","005al00000RVcKvAAL"
"a1TVx00000F44yOMAR","a1TWD000001oxWu2AI","false","","","","","","","","","","","","","","","42816166974739907","autoTestRecordForBranches","005al00000RVcKvAAL"
"a1TVx00000F44yPMAR","a1TWD000001oxWv2AI","false","","","","","","","","","","","","","","","42429623131098912","banguluru","005al00000RVcKvAAL"
"a1TVx00000F44yQMAR","a1TWD000001oxWw2AI","false","","","","","","","","","","","","","","","42462672476576707","banguluru","005al00000RVcKvAAL"
"a1TVx00000F44yRMAR","a1TWD000001oxWx2AI","false","","","","","","","","","","","","","","","42456535573479943","banguluru","005al00000RVcKvAAL"
"a1TVx00000F44ySMAR","a1TWD000001oxWy2AI","false","","","","","","","","","","","","","","","42892223710458504","banguluru","005al00000RVcKvAAL"
"a1TVx00000F44yTMAR","a1TWD000001oxWz2AI","false","","","","","","","","","","","","","","","42734936866100013","banguluru","005al00000RVcKvAAL"
"a1TVx00000F44yUMAR","a1TWD000001oxX02AI","false","","","","","","","","","","","","","","","42990012494089895","banguluru","005al00000RVcKvAAL"
"a1TVx00000F44yVMAR","a1TWD000001oxX12AI","false","","","","","","","","","","","","","","","42935813071531885","banguluru","005al00000RVcKvAAL"
"a1TVx00000F44yWMAR","a1TWD000001oxX22AI","false","","","","","","","","","","","","","","","42599031075730559","banguluru","005al00000RVcKvAAL"
"a1TVx00000F44yXMAR","a1TWD000001oxX32AI","false","","","","","","","","","","","","","","","42025446827873903","banguluru","005al00000RVcKvAAL"
"a1TVx00000F44yYMAR","a1TWD000001oxX42AI","false","","","","","","","","","","","","","","","42744764570981110","banguluru","005al00000RVcKvAAL"
"a1TVx00000F44yZMAR","a1TWD000001oxX52AI","false","","","","","","","","","","","","","","","42834614921802745","banguluru","005al00000RVcKvAAL"
"a1TVx00000F44yaMAB","a1TWD000001oxX62AI","false","","","","","","","","","","","","","","","42951040342445134","banguluru","005al00000RVcKvAAL"
"a1TVx00000F44ybMAB","a1TWD000001oxX72AI","false","","","","","","","","","","","","","","","42861727683445122","banguluru","005al00000RVcKvAAL"
"a1TVx00000F44ycMAB","a1TWD000001oxX82AI","false","","","","","","","","","","","","","","","42528556156080097","banguluru","005al00000RVcKvAAL"
"a1TVx00000F44ydMAB","a1TWD000001oxX92AI","false","","","","","","","","","","","","","","","42328823221612821","banguluru","005al00000RVcKvAAL"
"a1TVx00000F44yeMAB","a1TWD000001oxXA2AY","false","","","","","","","","","","","","","","","42835378428645978","banguluru","005al00000RVcKvAAL"
"a1TVx00000F44yfMAB","a1TWD000001oxXB2AY","false","","","","","","","","","","","","","","","42736048200674708","banguluru","005al00000RVcKvAAL"
"a1TVx00000F44ygMAB","a1TWD000001oxXC2AY","false","","","","","","","","","","","","","","","42262611696772253","banguluru","005al00000RVcKvAAL"
"a1TVx00000F44yhMAB","a1TWD000001oxXD2AY","false","","","","","","","","","","","","","","","42183331252412865","banguluru","005al00000RVcKvAAL"
"a1TVx00000F44yiMAB","a1TWD000001oxXE2AY","false","","","","","","","","","","","","","","","42364835591858843","banguluru","005al00000RVcKvAAL"
"a1TVx00000F44yjMAB","a1TWD000001oxXF2AY","false","","","","","","","","","","","","","","","42027642757207099","banguluru","005al00000RVcKvAAL"
"a1TVx00000F44ykMAB","a1TWD000001oxXG2AY","false","","","","","","","","","","","","","","","42778637641222632","banguluru","005al00000RVcKvAAL"
"a1TVx00000F44ylMAB","a1TWD000001oxXH2AY","false","","","","","","","","","","","","","","","42299945844258105","banguluru","005al00000RVcKvAAL"
"a1TVx00000F44ymMAB","a1TWD000001oxXI2AY","false","","","","","","","","","","","","","","","42270394382272946","banguluru","005al00000RVcKvAAL"
"a1TVx00000F44ynMAB","a1TWD000001oxXJ2AY","false","","","","","","","","","","","","","","","42241780785620440","banguluru","005al00000RVcKvAAL"
"a1TVx00000F44yoMAB","a1TWD000001oxXK2AY","false","","","","","","","","","","","","","","","42974542780252798","banguluru","005al00000RVcKvAAL"
"a1TVx00000F44ypMAB","a1TWD000001oxXL2AY","false","","","","","","","","","","","","","","","42291133915305588","banguluru","005al00000RVcKvAAL"
"a1TVx00000F44yqMAB","a1TWD000001oxXM2AY","false","","","","","","","","","","","","","","","42714444239805502","banguluru","005al00000RVcKvAAL"
"a1TVx00000F44yrMAB","a1TWD000001oxXN2AY","false","","","","","","","","","","","","","","","42128194769093900","banguluru","005al00000RVcKvAAL"
"a1TVx00000F44ysMAB","a1TWD000001oxXO2AY","false","","","","","","","","","","","","","","","42378908175100382","banguluru","005al00000RVcKvAAL"
"a1TVx00000F44ytMAB","a1TWD000001oxXP2AY","false","","","","","","","","","","","","","","","42604164908211289","banguluru","005al00000RVcKvAAL"
"a1TVx00000F44yuMAB","a1TWD000001oxXQ2AY","false","","","","","","","","","","","","","","","42793413927104016","banguluru","005al00000RVcKvAAL"
"a1TVx00000F44yvMAB","a1TWD000001oxXR2AY","false","","","","","","","","","","","","","","","42565201769675417","banguluru","005al00000RVcKvAAL"
"a1TVx00000F44ywMAB","a1TWD000001oxXS2AY","false","","","","","","","","","","","","","","","42177585657417312","banguluru","005al00000RVcKvAAL"
"a1TVx00000F44yxMAB","a1TWD000001oxXT2AY","false","","","","","","","","","","","","","","","42310618619462184","banguluru","005al00000RVcKvAAL"
"a1TVx00000F44yyMAB","a1TWD000001oxXU2AY","false","","","","","","","","","","","","","","","42818915360048358","banguluru","005al00000RVcKvAAL"
"a1TVx00000F44yzMAB","a1TWD000001oxXV2AY","false","","","","","","","","","","","","","","","42930999295249788","banguluru","005al00000RVcKvAAL"
"a1TVx00000F44z0MAB","a1TWD000001oxXW2AY","false","","","","","","","","","","","","","","","42036897791865896","banguluru","005al00000RVcKvAAL"
"a1TVx00000F44z1MAB","a1TWD000001oxXX2AY","false","","","","","","","","","","","","","","","42078812714636553","banguluru","005al00000RVcKvAAL"
"a1TVx00000F44z2MAB","a1TWD000001oxXY2AY","false","","","","","","","","","","","","","","","42041094043959983","banguluru","005al00000RVcKvAAL"
"a1TVx00000F44z3MAB","a1TWD000001oxXZ2AY","false","","","","","","","","","","","","","","","42801743848586815","banguluru","005al00000RVcKvAAL"
"a1TVx00000F44z4MAB","a1TWD000001oxXa2AI","false","","","","","","","","","","","","","","","42433528267410600","banguluru","005al00000RVcKvAAL"
"a1TVx00000F44z5MAB","a1TWD000001oxXb2AI","false","","","","","","","","","","","","","","","42176833363072142","brachToAutomate","005al00000RVcKvAAL"
"a1TVx00000F44z6MAB","a1TWD000001oxXc2AI","false","","cityname002","","","","","","","","","","","","","42677020673434950","cityname001","005al00000RVcKvAAL"
"a1TVx00000F44z7MAB","a1TWD000001oxXd2AI","false","","cityname02","","","","","","","","","","","","","42470387453647614","cityname01","005al00000RVcKvAAL"
"a1TVx00000F44z8MAB","a1TWD000001oxXe2AI","false","","","","","","","","","","","","","","","///""Test123///""","doublequote-DT5180","005al00000RVcKvAAL"
"a1TVx00000F44z9MAB","a1TWD000001oxXf2AI","false","","","","","","","","","","","","","","","////""Test123////""","doublequote-DT5180","005al00000RVcKvAAL"
"a1TVx00000F44zAMAR","a1TWD000001oxXg2AI","false","","","","","","","","","","","","","","","42511969495607140","doublequote-DT5180","005al00000RVcKvAAL"
"a1TVx00000F44zBMAR","a1TWD000001oxXh2AI","false","","","","","","","","","","","","","","","42704027331414588","doublequote-DT5180","005al00000RVcKvAAL"
"a1TVx00000F44zCMAR","a1TWD000001oxXi2AI","false","","","","","","","","","","","","","","","42791989113580390","doublequote-DT5180","005al00000RVcKvAAL"
"a1TVx00000F44zDMAR","a1TWD000001oxXj2AI","false","","","","","","","","","","","","","","","/////""Test123/////""","doublequote-DT5180","005al00000RVcKvAAL"
"a1TVx00000F44zEMAR","a1TWD000001oxXk2AI","false","123","Hyderabad","","","","","","","","","","AL","Test","500049","42547397350687169","dryrun","005al00000RVcKvAAL"
"a1TVx00000F44zFMAR","a1TWD000001oxXl2AI","false","","","","","","","","","","","","","","","a0BHu00000eYMDoMAO","nCino HQ","005al00000RVcKvAAL"
"a1TVx00000F44zGMAR","a1TWD000001oxXm2AI","false","","","","","","","","","","","","","","","42157096812069136","nCino HQ","005al00000RVcKvAAL"
"a1TVx00000F44zHMAR","a1TWD000001oxXn2AI","false","","","","","","","","","","","","","","","42668286516354493","nCino HQ","005al00000RVcKvAAL"
"a1TVx00000F44zIMAR","a1TWD000001oxXo2AI","false","","","","","","","","","","","","","","","42320157300602986","nCino HQ","005al00000RVcKvAAL"
"a1TVx00000F44zJMAR","a1TWD000001oxXp2AI","false","","","","","","","","","","","","","","","42230931891479900","nCino HQ","005al00000RVcKvAAL"
"a1TVx00000F44zKMAR","a1TWD000001oxXq2AI","false","","","","","","","","","","","","","","","42605205083113506","nCino HQ","005al00000RVcKvAAL"
"a1TVx00000F44zLMAR","a1TWD000001oxXr2AI","false","","","","","","","","","","","","","","","42188577588105034","nCino HQ","005al00000RVcKvAAL"
"a1TVx00000F44zMMAR","a1TWD000001oxXs2AI","false","","","","","","","","","","","","","","","42724444295422953","nCino HQ","005al00000RVcKvAAL"
"a1TVx00000F44zNMAR","a1TWD000001oxXt2AI","false","","","","","","","","","","","","","","","42907682132545245","nCino HQ","005al00000RVcKvAAL"
"a1TVx00000F44zOMAR","a1TWD000001oxXu2AI","false","","","","","","","","","","","","","","","42917822445002983","nCino HQ","005al00000RVcKvAAL"
"a1TVx00000F44zPMAR","a1TWD000001oxXv2AI","false","","","","","","","","","","","","","","","42893607800926599","nCino HQ","005al00000RVcKvAAL"
"a1TVx00000F44zQMAR","a1TWD000001oxXw2AI","false","","","","","","","","","","","","","","","42570575985924883","nCino HQ","005al00000RVcKvAAL"
"a1TVx00000F44zRMAR","a1TWD000001oxXx2AI","false","","","","","","","","","","","","","","","42485832644006219","nCino HQ","005al00000RVcKvAAL"
"a1TVx00000F44zSMAR","a1TWD000001oxXy2AI","false","","","","","","","","","","","","","","","42042995972261170","nCino HQ","005al00000RVcKvAAL"
"a1TVx00000F44zTMAR","a1TWD000001oxXz2AI","false","","","","","","","","","","","","","","","42057545137708246","nCino HQ","005al00000RVcKvAAL"
"a1TVx00000F44zUMAR","a1TWD000001oxY02AI","false","","","","","","","","","","","","","","","42993657885488732","nCino HQ","005al00000RVcKvAAL"
"a1TVx00000F44zVMAR","a1TWD000001oxY12AI","false","","city 001","","","","","","","","","","","","","42293623050519785","name 001","005al00000RVcKvAAL"
"a1TVx00000F44zWMAR","a1TWD000001oxY22AI","false","","city 01","","","","","","","","","","","","","42886299451301892","name 01","005al00000RVcKvAAL"
"a1TVx00000F44zXMAR","a1TWD000001oxY32AI","false","","city test 01","","","","","","","","","","","","","42906760729850675","name test 01","005al00000RVcKvAAL"
"a1TVx00000F44zYMAR","a1TWD000001oxY42AI","false","","","","","","","","","","","","","","","42934025230219221","newBrachToTest","005al00000RVcKvAAL"
"a1TVx00000F44zZMAR","a1TWD000001oxY52AI","false","","","","","","","","","","","","","","","42203889937069967","newTest1","005al00000RVcKvAAL"
"a1TVx00000F44zaMAB","a1TWD000001oxY62AI","false","","","","","","","","","","","","","","","42283513812955499","rollBackOrg","005al00000RVcKvAAL"
"a1TVx00000F44zbMAB","a1TWD000001oxY72AI","false","","","","","","","","","","","","","","","42630513379992837","shiva001","005al00000RVcKvAAL"
"a1TVx00000F44zcMAB","a1TWD000001oxY82AI","false","","","","","","","","","","","","","","","42097211133918401","shiva001","005al00000RVcKvAAL"
"a1TVx00000F44zdMAB","a1TWD000001oxY92AI","false","","","","","","","","","","","","","","","42811204117740235","shiva001","005al00000RVcKvAAL"
"a1TVx00000F44zeMAB","a1TWD000001oxYA2AY","false","","","","","","","","","","","","","","","42824683797814946","shiva001","005al00000RVcKvAAL"
"a1TVx00000F44zfMAB","a1TWD000001oxYB2AY","false","","","","","","","","","","","","","","","42008737929000625","sree001","005al00000RVcKvAAL"
"a1TVx00000F44zgMAB","a1TWD000001oxYC2AY","false","","","","","","","","","","","","","","","42408373568793613","sree001","005al00000RVcKvAAL"
"a1TVx00000F44zhMAB","a1TWD000001oxYD2AY","false","","","","","","","","","","","","","","","42380014821107867","sree001","005al00000RVcKvAAL"
"a1TVx00000F44ziMAB","a1TWD000001oxYE2AY","false","","","","","","","","","","","","","","","42189998588638516","sree001","005al00000RVcKvAAL"
"a1TVx00000F44zjMAB","a1TWD000001oxYF2AY","false","","","","","","","","","","","","","","","42157800090850209","sreekanth","005al00000RVcKvAAL"
"a1TVx00000F44zkMAB","a1TWD000001oxYG2AY","false","","","","","","","","","","","","","","","42677780271569246","sreekanth","005al00000RVcKvAAL"
"a1TVx00000F44zlMAB","a1TWD000001oxYH2AY","false","","","","","","","","","","","","","","","42737328122691235","sreekanth","005al00000RVcKvAAL"
"a1TVx00000F44zmMAB","a1TWD000001oxYI2AY","false","","","","","","","","","","","","","","","42152331265769796","sreekanth","005al00000RVcKvAAL"
"a1TVx00000F44znMAB","a1TWD000001oxYJ2AY","false","","","","","","","","","","","","","","","42025769281841847","testbranch","005al00000RVcKvAAL"
"a1TVx00000F44zoMAB","a1TWD000001oxYK2AY","false","","","","","","","","","","","","","","","42745112068844828","testbranch","005al00000RVcKvAAL"
"a1TVx00000F44zpMAB","a1TWD000001oxYL2AY","false","","","","","","","","","","","","","","","42181258453781261","testbranch","005al00000RVcKvAAL"
"a1TVx00000F44zqMAB","a1TWD000001oxYM2AY","false","","","","","","","","","","","","","","","42156250897480254","updatedRecord","005al00000RVcKvAAL"
"a1TVx00000F44zrMAB","a1TWD000001oxYN2AY","false","","","","","","","","","","","","","","","42283923799064554","updatedTest","005al00000RVcKvAAL"
"a1TVx00000F44zsMAB","a1TWD000001oxYO2AY","false","","","","","","","","","","","","","","","42483937399341937","yuga002","005al00000RVcKvAAL"
"a1TVx00000F44ztMAB","a1TWD000001oxYP2AY","false","","","","","","","","","","","","","","","42090185776303120","yuga002","005al00000RVcKvAAL"
"a1TVx00000F44zuMAB","a1TWD000001oxYQ2AY","false","","","","","","","","","","","","","","","42213233914963209","yuga002","005al00000RVcKvAAL"
"a1TVx00000F44zvMAB","a1TWD000001oxYR2AY","false","","","","","","","","","","","","","","","42463716196733746","yuga002","005al00000RVcKvAAL"
"a1TVx00000F44zwMAB","a1TWD000001oxYS2AY","false","","","","","","","","","","","","","","","42865025527608768","yugandhar","005al00000RVcKvAAL"
"a1TVx00000F44zxMAB","a1TWD000001oxYT2AY","false","","","","","","","","","","","","","","","42298618242321512","yugandhar","005al00000RVcKvAAL"
"a1TVx00000F44zyMAB","a1TWD000001oxYU2AY","false","","","","","","","","","","","","","","","42558682325464050","yugandhar","005al00000RVcKvAAL"
"a1TVx00000F44zzMAB","a1TWD000001oxYV2AY","false","","","","","","","","","","","","","","","42707127305884653","yugandhar","005al00000RVcKvAAL"
"a1TVx00000F44plMAB","a1TWD000001oxYW2AY","false","","","","","","","","","","","","","","","\                  981723123\ ","DT-5180-Record03-BackSlash","005al00000RVcKvAAL"
"a1TVx00000F44pmMAB","a1TWD000001oxYX2AY","false","","","","","","","","","","","","","","","\                   981723123\ ","DT-5180-Record03-BackSlash","005al00000RVcKvAAL"
"a1TVx00000F44uIMAR","a1TWD000001oxYY2AY","false","","","","","","","","","","","","","","","\                  Test123\ ","TestBranches-01","005al00000RVcKvAAL"
"a1TVx00000F44uJMAR","a1TWD000001oxYZ2AY","false","","","","","","","","","","","","","","","\                   Test123\ ","TestBranches-01","005al00000RVcKvAAL"
"a1TVx00000F4504MAB","a1TWD000001oxYa2AI","false","","","","","","","","","","","","","","","42282693477267125","Branch 3","005al00000RVcKvAAL"
"a1TVx00000F4500MAB","a1TWD000001oxYb2AI","false","","","","","","","","","","","","","","","\                    981723123\ ","DT-5180-Record03-BackSlash","005al00000RVcKvAAL"
"a1TVx00000F4502MAB","a1TWD000001oxYc2AI","false","","","","","","","","","","","","","","","\                    Test123\ ","TestBranches-01","005al00000RVcKvAAL"
"a1TVx00000F4501MAB","a1TWD000001oxYd2AI","false","","","","","","","","","","","","","","","\                     981723123\ ","DT-5180-Record03-BackSlash","005al00000RVcKvAAL"
"a1TVx00000F4503MAB","a1TWD000001oxYe2AI","false","","","","","","","","","","","","","","","\                     Test123\ ","TestBranches-01","005al00000RVcKvAAL"
"a1TVx00000F4509MAB","a1TWD000001oxYf2AI","false","","","","","","","","","","","","IL","","","/////""813154123/////""","DT-5180-Record01-DoubleQuote","005al00000RVcKvAAL"
"a1TVx00000F450AMAR","a1TWD000001oxYg2AI","false","","","","","","","","","","","","","","","//////""Test123//////""","doublequote-DT5180","005al00000RVcKvAAL"
"a1TVx00000F4505MAB","a1TWD000001oxYh2AI","false","","","","","","","","","","","","","","","\                      981723123\ ","DT-5180-Record03-BackSlash","005al00000RVcKvAAL"
"a1TVx00000F4506MAB","a1TWD000001oxYi2AI","false","","","","","","","","","","","","","","","\                      Test123\ ","TestBranches-01","005al00000RVcKvAAL"
"a1TVx00000F4507MAB","a1TWD000001oxYj2AI","false","","","","","","","","","","","","","","","\                       981723123\ ","DT-5180-Record03-BackSlash","005al00000RVcKvAAL"
"a1TVx00000F4508MAB","a1TWD000001oxYk2AI","false","","","","","","","","","","","","","","","\                       Test123\ ","TestBranches-01","005al00000RVcKvAAL"
"a1TVx00000F450FMAR","a1TWD000001oxYl2AI","false","","","","","","","","","","","","IL","","","//////""813154123//////""","DT-5180-Record01-DoubleQuote","005al00000RVcKvAAL"
"a1TVx00000F450GMAR","a1TWD000001oxYm2AI","false","","","","","","","","","","","","","","","///////""Test123///////""","doublequote-DT5180","005al00000RVcKvAAL"
"a1TVx00000F450HMAR","a1TWD000001oxYn2AI","false","","","","","","","","","","","","","","","42656211098412988","manualTest1","005al00000RVcKvAAL"
"a1TVx00000F450IMAR","a1TWD000001oxYo2AI","false","","","","","","","","","","","","","","","a0Bbn000006AGH8EAO","nCino HQ","005al00000RVcKvAAL"
"a1TVx00000F450BMAR","a1TWD000001oxYp2AI","false","","","","","","","","","","","","","","","\                        981723123\ ","DT-5180-Record03-BackSlash","005al00000RVcKvAAL"
"a1TVx00000F450CMAR","a1TWD000001oxYq2AI","false","","","","","","","","","","","","","","","\                        Test123\ ","TestBranches-01","005al00000RVcKvAAL"
"a1TVx00000F450DMAR","a1TWD000001oxYr2AI","false","","","","","","","","","","","","","","","\                         981723123\ ","DT-5180-Record03-BackSlash","005al00000RVcKvAAL"
"a1TVx00000F450EMAR","a1TWD000001oxYs2AI","false","","","","","","","","","","","","","","","\                         Test123\ ","TestBranches-01","005al00000RVcKvAAL"
"a1TVx00000F450JMAR","a1TWD000001oxYt2AI","false","","","","","","","","","","","","","","","\                          981723123\ ","DT-5180-Record03-BackSlash","005al00000RVcKvAAL"
"a1TVx00000F450KMAR","a1TWD000001oxYu2AI","false","","","","","","","","","","","","","","","\                          Test123\ ","TestBranches-01","005al00000RVcKvAAL"
"a1TVx00000F450LMAR","a1TWD000001oxYv2AI","false","","","","","","","","","","","","","","","\                           981723123\ ","DT-5180-Record03-BackSlash","005al00000RVcKvAAL"
"a1TVx00000F450MMAR","a1TWD000001oxYw2AI","false","","","","","","","","","","","","","","","\                           Test123\ ","TestBranches-01","005al00000RVcKvAAL"
"a1TVx00000F450NMAR","a1TWD000001oxYx2AI","false","","","","","","","","","","","","","","","\                            981723123\ ","DT-5180-Record03-BackSlash","005al00000RVcKvAAL"
"a1TVx00000F450OMAR","a1TWD000001oxYy2AI","false","","","","","","","","","","","","","","","\                            Test123\ ","TestBranches-01","005al00000RVcKvAAL"
"a1TVx00000F450PMAR","a1TWD000001oxYz2AI","false","","","","","","","","","","","","","","","\                             981723123\ ","DT-5180-Record03-BackSlash","005al00000RVcKvAAL"
"a1TVx00000F450QMAR","a1TWD000001oxZ02AI","false","","","","","","","","","","","","","","","\                             Test123\ ","TestBranches-01","005al00000RVcKvAAL"
"a1TVx00000F450RMAR","a1TWD000001oxZ12AI","false","","","","","","","","","","","","","","","\                              981723123\ ","DT-5180-Record03-BackSlash","005al00000RVcKvAAL"
"a1TVx00000F450SMAR","a1TWD000001oxZ22AI","false","","","","","","","","","","","","","","","\                              Test123\ ","TestBranches-01","005al00000RVcKvAAL"
"a1TVx00000F450TMAR","a1TWD000001oxZ32AI","false","","","","","","","","","","","","","","","\                               981723123\ ","DT-5180-Record03-BackSlash","005al00000RVcKvAAL"
"a1TVx00000F450UMAR","a1TWD000001oxZ42AI","false","","","","","","","","","","","","","","","\                               Test123\ ","TestBranches-01","005al00000RVcKvAAL"
"a1TVx00000F450VMAR","a1TWD000001oxZ52AI","false","","","","","","","","","","","","","","","\                                981723123\ ","DT-5180-Record03-BackSlash","005al00000RVcKvAAL"
"a1TVx00000F450WMAR","a1TWD000001oxZ62AI","false","","","","","","","","","","","","","","","\                                Test123\ ","TestBranches-01","005al00000RVcKvAAL"
"a1TVx00000F450XMAR","a1TWD000001oxZ72AI","false","","","","","","","","","","","","","","","\                                 981723123\ ","DT-5180-Record03-BackSlash","005al00000RVcKvAAL"
"a1TVx00000F450YMAR","a1TWD000001oxZ82AI","false","","","","","","","","","","","","","","","\                                 Test123\ ","TestBranches-01","005al00000RVcKvAAL"
"a1TVx00000F450ZMAR","a1TWD000001oxZ92AI","false","","","","","","","","","","","","","","","\                                  981723123\ ","DT-5180-Record03-BackSlash","005al00000RVcKvAAL"
"a1TVx00000F450aMAB","a1TWD000001oxZA2AY","false","","","","","","","","","","","","","","","\                                  Test123\ ","TestBranches-01","005al00000RVcKvAAL"
"a1TVx00000F450bMAB","a1TWD000001oxZB2AY","false","","","","","","","","","","","","","","","\                                   981723123\ ","DT-5180-Record03-BackSlash","005al00000RVcKvAAL"
"a1TVx00000F450cMAB","a1TWD000001oxZC2AY","false","","","","","","","","","","","","","","","\                                   Test123\ ","TestBranches-01","005al00000RVcKvAAL"
"a1TVx00000F450dMAB","a1TWD000001oxZD2AY","false","","","","","","","","","","","","","","","\                                    981723123\ ","DT-5180-Record03-BackSlash","005al00000RVcKvAAL"
"a1TVx00000F450eMAB","a1TWD000001oxZE2AY","false","","","","","","","","","","","","","","","\                                    Test123\ ","TestBranches-01","005al00000RVcKvAAL"
"a1TVx00000F450fMAB","a1TWD000001oxZF2AY","false","","","","","","","","","","","","","","","\                                     981723123\ ","DT-5180-Record03-BackSlash","005al00000RVcKvAAL"
"a1TVx00000F450gMAB","a1TWD000001oxZG2AY","false","","","","","","","","","","","","","","","\                                     Test123\ ","TestBranches-01","005al00000RVcKvAAL"
"a1TVx00000F450hMAB","a1TWD000001oxZH2AY","false","","","","","","","","","","","","","","","\                                      981723123\ ","DT-5180-Record03-BackSlash","005al00000RVcKvAAL"
"a1TVx00000F450iMAB","a1TWD000001oxZI2AY","false","","","","","","","","","","","","","","","\                                      Test123\ ","TestBranches-01","005al00000RVcKvAAL"
"a1TVx00000F450jMAB","a1TWD000001oxZJ2AY","false","","","","","","","","","","","","","","","\                                       981723123\ ","DT-5180-Record03-BackSlash","005al00000RVcKvAAL"
"a1TVx00000F450kMAB","a1TWD000001oxZK2AY","false","","","","","","","","","","","","","","","\                                       Test123\ ","TestBranches-01","005al00000RVcKvAAL"
"a1TVx00000F450lMAB","a1TWD000001oxZL2AY","false","","","","","","","","","","","","","","","\                                        981723123\ ","DT-5180-Record03-BackSlash","005al00000RVcKvAAL"
"a1TVx00000F450mMAB","a1TWD000001oxZM2AY","false","","","","","","","","","","","","","","","\                                        Test123\ ","TestBranches-01","005al00000RVcKvAAL"
"a1TVx00000F450nMAB","a1TWD000001oxZN2AY","false","","","","","","","","","","","","","","","\                                         981723123\ ","DT-5180-Record03-BackSlash","005al00000RVcKvAAL"
"a1TVx00000F450oMAB","a1TWD000001oxZO2AY","false","","","","","","","","","","","","","","","\                                         Test123\ ","TestBranches-01","005al00000RVcKvAAL"
"a1TVx00000F450pMAB","a1TWD000001oxZP2AY","false","","","","","","","","","","","","","","","\                                          981723123\ ","DT-5180-Record03-BackSlash","005al00000RVcKvAAL"
"a1TVx00000F450qMAB","a1TWD000001oxZQ2AY","false","","","","","","","","","","","","","","","\                                          Test123\ ","TestBranches-01","005al00000RVcKvAAL"
"a1TVx00000F450rMAB","a1TWD000001oxZR2AY","false","","","","","","","","","","","","","","","\                                           981723123\ ","DT-5180-Record03-BackSlash","005al00000RVcKvAAL"
"a1TVx00000F450sMAB","a1TWD000001oxZS2AY","false","","","","","","","","","","","","","","","\                                           Test123\ ","TestBranches-01","005al00000RVcKvAAL"
"a1TVx00000F450tMAB","a1TWD000001oxZT2AY","false","","","","","","","","","","","","","","","\                                            981723123\ ","DT-5180-Record03-BackSlash","005al00000RVcKvAAL"
"a1TVx00000F450uMAB","a1TWD000001oxZU2AY","false","","","","","","","","","","","","","","","\                                            Test123\ ","TestBranches-01","005al00000RVcKvAAL"
"a1TVx00000F450vMAB","a1TWD000001oxZV2AY","false","","","","","","","","","","","","","","","\                                             981723123\ ","DT-5180-Record03-BackSlash","005al00000RVcKvAAL"
"a1TVx00000F450wMAB","a1TWD000001oxZW2AY","false","","","","","","","","","","","","","","","\                                             Test123\ ","TestBranches-01","005al00000RVcKvAAL"
"a1TVx00000F450xMAB","a1TWD000001oxZX2AY","false","","","","","","","","","","","","","","","\                                              981723123\ ","DT-5180-Record03-BackSlash","005al00000RVcKvAAL"
"a1TVx00000F450yMAB","a1TWD000001oxZY2AY","false","","","","","","","","","","","","","","","\                                              Test123\ ","TestBranches-01","005al00000RVcKvAAL"
"a1TVx00000F450zMAB","a1TWD000001oxZZ2AY","false","","","","","","","","","","","","","","","\                                               981723123\ ","DT-5180-Record03-BackSlash","005al00000RVcKvAAL"
"a1TVx00000F4510MAB","a1TWD000001oxZa2AI","false","","","","","","","","","","","","","","","\                                               Test123\ ","TestBranches-01","005al00000RVcKvAAL"
"a1TVx00000F4511MAB","a1TWD000001oxZb2AI","false","","","","","","","","","","","","","","","\                                                981723123\ ","DT-5180-Record03-BackSlash","005al00000RVcKvAAL"
"a1TVx00000F4512MAB","a1TWD000001oxZc2AI","false","","","","","","","","","","","","","","","\                                                Test123\ ","TestBranches-01","005al00000RVcKvAAL"
"a1TVx00000F4513MAB","a1TWD000001oxZd2AI","false","","","","","","","","","","","","","","","\                                                 981723123\ ","DT-5180-Record03-BackSlash","005al00000RVcKvAAL"
"a1TVx00000F4514MAB","a1TWD000001oxZe2AI","false","","","","","","","","","","","","","","","\                                                 Test123\ ","TestBranches-01","005al00000RVcKvAAL"
"a1TVx00000F4515MAB","a1TWD000001oxZf2AI","false","","","","","","","","","","","","","","","\                                                  981723123\ ","DT-5180-Record03-BackSlash","005al00000RVcKvAAL"
"a1TVx00000F4516MAB","a1TWD000001oxZg2AI","false","","","","","","","","","","","","","","","\                                                  Test123\ ","TestBranches-01","005al00000RVcKvAAL"
"a1TVx00000F451BMAR","a1TWD000001oxZh2AI","false","","","","","","","","","","","","","","","42690952456992690","testData001","005al00000RVcKvAAL"
"a1TVx00000F451CMAR","a1TWD000001oxZi2AI","false","","","","","","","","","","","","","","","42044887143375074","autoTest30","005al00000RVcKvAAL"
"a1TVx00000F451DMAR","a1TWD000001oxZj2AI","false","","","","","","","","","","","","","","","42945927505265077","autoTest31","005al00000RVcKvAAL"
"a1TVx00000F451EMAR","a1TWD000001oxZk2AI","false","","","","","","","","","","","","","","","42028678930302443","autoTest32","005al00000RVcKvAAL"
"a1TVx00000F451FMAR","a1TWD000001oxZl2AI","false","","","","","","","","","","","","","","","42710304367837484","autoTest33","005al00000RVcKvAAL"
"a1TVx00000F451GMAR","a1TWD000001oxZm2AI","false","","","","","","","","","","","","","","","42769630459482747","autoTest34","005al00000RVcKvAAL"
"a1TVx00000F4517MAB","a1TWD000001oxZn2AI","false","","","","","","","","","","","","","","","\                                                   981723123\ ","DT-5180-Record03-BackSlash","005al00000RVcKvAAL"
"a1TVx00000F4518MAB","a1TWD000001oxZo2AI","false","","","","","","","","","","","","","","","\                                                   Test123\ ","TestBranches-01","005al00000RVcKvAAL"
"a1TVx00000F4519MAB","a1TWD000001oxZp2AI","false","","","","","","","","","","","","","","","\                                                    981723123\ ","DT-5180-Record03-BackSlash","005al00000RVcKvAAL"
"a1TVx00000F451AMAR","a1TWD000001oxZq2AI","false","","","","","","","","","","","","","","","\                                                    Test123\ ","TestBranches-01","005al00000RVcKvAAL"
"a1TVx00000F451HMAR","a1TWD000001oxZr2AI","false","","","","","","","","","","","","","","","\                                                     981723123\ ","DT-5180-Record03-BackSlash","005al00000RVcKvAAL"
"a1TVx00000F451IMAR","a1TWD000001oxZs2AI","false","","","","","","","","","","","","","","","\                                                     Test123\ ","TestBranches-01","005al00000RVcKvAAL"
"a1TVx00000F451JMAR","a1TWD000001oxZt2AI","false","","","","","","","","","","","","","","","\                                                      981723123\ ","DT-5180-Record03-BackSlash","005al00000RVcKvAAL"
"a1TVx00000F451KMAR","a1TWD000001oxZu2AI","false","","","","","","","","","","","","","","","\                                                      Test123\ ","TestBranches-01","005al00000RVcKvAAL"
"a1TVx00000F451LMAR","a1TWD000001oxZv2AI","false","","","","","","","","","","","","","","","\                                                       981723123\ ","DT-5180-Record03-BackSlash","005al00000RVcKvAAL"
"a1TVx00000F451MMAR","a1TWD000001oxZw2AI","false","","","","","","","","","","","","","","","\                                                       Test123\ ","TestBranches-01","005al00000RVcKvAAL"
"a1TVx00000F451NMAR","a1TWD000001oxZx2AI","false","","","","","","","","","","","","","","","\                                                        981723123\ ","DT-5180-Record03-BackSlash","005al00000RVcKvAAL"
"a1TVx00000F451OMAR","a1TWD000001oxZy2AI","false","","","","","","","","","","","","","","","\                                                        Test123\ ","TestBranches-01","005al00000RVcKvAAL"
"a1TVx00000F451PMAR","a1TWD000001oxZz2AI","false","","","","","","","","","","","","","","","\                                                         981723123\ ","DT-5180-Record03-BackSlash","005al00000RVcKvAAL"
"a1TVx00000F451QMAR","a1TWD000001oxa02AA","false","","","","","","","","","","","","","","","\                                                         Test123\ ","TestBranches-01","005al00000RVcKvAAL"
"a1TVx00000F451RMAR","a1TWD000001oxa12AA","false","","","","","","","","","","","","","","","\                                                          981723123\ ","DT-5180-Record03-BackSlash","005al00000RVcKvAAL"
"a1TVx00000F451SMAR","a1TWD000001oxa22AA","false","","","","","","","","","","","","","","","\                                                          Test123\ ","TestBranches-01","005al00000RVcKvAAL"
"a1TVx00000F451TMAR","a1TWD000001oxa32AA","false","","","","","","","","","","","","","","","\                                                           981723123\ ","DT-5180-Record03-BackSlash","005al00000RVcKvAAL"
"a1TVx00000F451UMAR","a1TWD000001oxa42AA","false","","","","","","","","","","","","","","","\                                                           Test123\ ","TestBranches-01","005al00000RVcKvAAL"
"a1TVx00000F451VMAR","a1TWD000001oxa52AA","false","","","","","","","","","","","","","","","\                                                            981723123\ ","DT-5180-Record03-BackSlash","005al00000RVcKvAAL"
"a1TVx00000F451WMAR","a1TWD000001oxa62AA","false","","","","","","","","","","","","","","","\                                                            Test123\ ","TestBranches-01","005al00000RVcKvAAL"
"a1TVx00000F451XMAR","a1TWD000001oxa72AA","false","","","","","","","","","","","","","","","\                                                             981723123\ ","DT-5180-Record03-BackSlash","005al00000RVcKvAAL"
"a1TVx00000F451YMAR","a1TWD000001oxa82AA","false","","","","","","","","","","","","","","","\                                                             Test123\ ","TestBranches-01","005al00000RVcKvAAL"
"a1TVx00000F451ZMAR","a1TWD000001oxa92AA","false","","","","","","","","","","","","","","","\                                                              981723123\ ","DT-5180-Record03-BackSlash","005al00000RVcKvAAL"
"a1TVx00000F451aMAB","a1TWD000001oxaA2AQ","false","","","","","","","","","","","","","","","\                                                              Test123\ ","TestBranches-01","005al00000RVcKvAAL"
"a1TVx00000F451fMAB","a1TWD000001oxaB2AQ","false","","","","","","","","","","","","IL","","","///////""813154123///////""","DT-5180-Record01-DoubleQuote","005al00000RVcKvAAL"
"a1TVx00000F451gMAB","a1TWD000001oxaC2AQ","false","","","","","","","","","","","","","","","////////""Test123////////""","doublequote-DT5180","005al00000RVcKvAAL"
"a1TVx00000F451bMAB","a1TWD000001oxaD2AQ","false","","","","","","","","","","","","","","","\                                                               981723123\ ","DT-5180-Record03-BackSlash","005al00000RVcKvAAL"
"a1TVx00000F451cMAB","a1TWD000001oxaE2AQ","false","","","","","","","","","","","","","","","\                                                               Test123\ ","TestBranches-01","005al00000RVcKvAAL"
"a1TVx00000F451dMAB","a1TWD000001oxaF2AQ","false","","","","","","","","","","","","","","","\                                                                981723123\ ","DT-5180-Record03-BackSlash","005al00000RVcKvAAL"
"a1TVx00000F451eMAB","a1TWD000001oxaG2AQ","false","","","","","","","","","","","","","","","\                                                                Test123\ ","TestBranches-01","005al00000RVcKvAAL"
"a1TVx00000F451hMAB","a1TWD000001oxaH2AQ","false","","","","","","","","","","","","","","","\                                                                 981723123\ ","DT-5180-Record03-BackSlash","005al00000RVcKvAAL"
"a1TVx00000F451iMAB","a1TWD000001oxaI2AQ","false","","","","","","","","","","","","","","","\                                                                 Test123\ ","TestBranches-01","005al00000RVcKvAAL"
"a1TVx00000F451nMAB","a1TWD000001oxaJ2AQ","false","123455","Denver","","","","","","","","","","CO","909 N Lafayette St","80218","VVVbbGG","Metzger Credit Union","005al00000RVcKvAAL"
"a1TVx00000F451jMAB","a1TWD000001oxaK2AQ","false","","","","","","","","","","","","","","","\                                                                  981723123\ ","DT-5180-Record03-BackSlash","005al00000RVcKvAAL"
"a1TVx00000F451kMAB","a1TWD000001oxaL2AQ","false","","","","","","","","","","","","","","","\                                                                  Test123\ ","TestBranches-01","005al00000RVcKvAAL"
"a1TVx00000F451lMAB","a1TWD000001oxaM2AQ","false","","","","","","","","","","","","","","","\                                                                   981723123\ ","DT-5180-Record03-BackSlash","005al00000RVcKvAAL"
"a1TVx00000F451mMAB","a1TWD000001oxaN2AQ","false","","","","","","","","","","","","","","","\                                                                   Test123\ ","TestBranches-01","005al00000RVcKvAAL"
"a1TVx00000F451sMAB","a1TWD000001oxaO2AQ","false","","","","","","","","","","","","","","","42136106729631638","branch004","005al00000RVcKvAAL"
"a1TVx00000F451tMAB","a1TWD000001oxaP2AQ","false","","","","","","","","","","","","","","","42755465037395162","New Branch","005al00000RVcKvAAL"
"a1TVx00000F451uMAB","a1TWD000001oxaQ2AQ","false","","","","","","","","","","","","","","","42541859660361151","Branch-1 Updated","005al00000RVcKvAAL"
"a1TVx00000F451vMAB","a1TWD000001oxaR2AQ","false","","","","","","","","","","","","","","","42900403747328144","Branch-2","005al00000RVcKvAAL"
"a1TVx00000F451wMAB","a1TWD000001oxaS2AQ","false","","","","","","","","","","","","","","","42160725063966257","Branch-3","005al00000RVcKvAAL"
"a1TVx00000F451xMAB","a1TWD000001oxaT2AQ","false","","","","","","","","","","","","","","","42606099140983199","Branch-4","005al00000RVcKvAAL"
"a1TVx00000F451yMAB","a1TWD000001oxaU2AQ","false","a0BKa000009tPbNMAU","Los Angeles","","","","","","","","","","CA","California","310","42974898778934975","NewBranch-Hyd","005al00000RVcKvAAL"
"a1TVx00000F451zMAB","a1TWD000001oxaV2AQ","false","768765487","","","","","","","","","","","","","","42065129485933018","RS record","005al00000RVcKvAAL"
"a1TVx00000F4520MAB","a1TWD000001oxaW2AQ","false","68478274","","","","","","","","","","","","8","678358","42920848903190319","RS record 2","005al00000RVcKvAAL"
"a1TVx00000F4521MAB","a1TWD000001oxaX2AQ","false","974589743","","","","","","","","","","","","","973685","42040248610070946","RS record 3","005al00000RVcKvAAL"
"a1TVx00000F451oMAB","a1TWD000001oxaY2AQ","false","","","","","","","","","","","","","","","\                                                                    981723123\ ","DT-5180-Record03-BackSlash","005al00000RVcKvAAL"
"a1TVx00000F451pMAB","a1TWD000001oxaZ2AQ","false","","","","","","","","","","","","","","","\                                                                    Test123\ ","TestBranches-01","005al00000RVcKvAAL"
"a1TVx00000F451qMAB","a1TWD000001oxaa2AA","false","","","","","","","","","","","","","","","\                                                                     981723123\ ","DT-5180-Record03-BackSlash","005al00000RVcKvAAL"
"a1TVx00000F451rMAB","a1TWD000001oxab2AA","false","","","","","","","","","","","","","","","\                                                                     Test123\ ","TestBranches-01","005al00000RVcKvAAL"
"a1TVx00000F4522MAB","a1TWD000001oxac2AA","false","","","","","","","","","","","","","","","\                                                                      981723123\ ","DT-5180-Record03-BackSlash","005al00000RVcKvAAL"
"a1TVx00000F4523MAB","a1TWD000001oxad2AA","false","","","","","","","","","","","","","","","\                                                                      Test123\ ","TestBranches-01","005al00000RVcKvAAL"
"a1TVx00000F4528MAB","a1TWD000001oxae2AA","false","","","","","","","","","","","","","","","42058546144577765","a0BKQ000000X61B","005al00000RVcKvAAL"
"a1TVx00000F4529MAB","a1TWD000001oxaf2AA","false","","","","","","","","","","","","","","","42038681645554044","a0BKQ000000X61C","005al00000RVcKvAAL"
"a1TVx00000F452AMAR","a1TWD000001oxag2AA","false","","","","","","","","","","","","","","","42652340030890780","a0BKQ000000X61D","005al00000RVcKvAAL"
"a1TVx00000F452BMAR","a1TWD000001oxah2AA","false","","","","","","","","","","","","","","","42412295854821550","a0BKQ000000X61E","005al00000RVcKvAAL"
"a1TVx00000F452CMAR","a1TWD000001oxai2AA","false","","","","","","","","","","","","","","","42221268915036057","branch002","005al00000RVcKvAAL"
"a1TVx00000F452DMAR","a1TWD000001oxaj2AA","false","","","","","","","","","","","","","","","42748710864642424","branch001","005al00000RVcKvAAL"
"a1TVx00000F4524MAB","a1TWD000001oxak2AA","false","","","","","","","","","","","","","","","\                                                                       981723123\ ","DT-5180-Record03-BackSlash","005al00000RVcKvAAL"
"a1TVx00000F4525MAB","a1TWD000001oxal2AA","false","","","","","","","","","","","","","","","\                                                                       Test123\ ","TestBranches-01","005al00000RVcKvAAL"
"a1TVx00000F4526MAB","a1TWD000001oxam2AA","false","","","","","","","","","","","","","","","\                                                                        981723123\ ","DT-5180-Record03-BackSlash","005al00000RVcKvAAL"
"a1TVx00000F4527MAB","a1TWD000001oxan2AA","false","","","","","","","","","","","","","","","\                                                                        Test123\ ","TestBranches-01","005al00000RVcKvAAL"
"a1TVx00000F452EMAR","a1TWD000001oxao2AA","false","","","","","","","","","","","","","","","\                                                                         981723123\ ","DT-5180-Record03-BackSlash","005al00000RVcKvAAL"
"a1TVx00000F452FMAR","a1TWD000001oxap2AA","false","","","","","","","","","","","","","","","\                                                                         Test123\ ","TestBranches-01","005al00000RVcKvAAL"
"a1TVx00000F452GMAR","a1TWD000001oxaq2AA","false","","","","","","","","","","","","","","","\                                                                          981723123\ ","DT-5180-Record03-BackSlash","005al00000RVcKvAAL"
"a1TVx00000F452HMAR","a1TWD000001oxar2AA","false","","","","","","","","","","","","","","","\                                                                          Test123\ ","TestBranches-01","005al00000RVcKvAAL"
"a1TVx00000F452IMAR","a1TWD000001oxas2AA","false","","","","","","","","","","","","","","","\                                                                           981723123\ ","DT-5180-Record03-BackSlash","005al00000RVcKvAAL"
"a1TVx00000F452JMAR","a1TWD000001oxat2AA","false","","","","","","","","","","","","","","","\                                                                           Test123\ ","TestBranches-01","005al00000RVcKvAAL"
"a1TVx00000F452KMAR","a1TWD000001oxau2AA","false","","","","","","","","","","","","","","","\                                                                            981723123\ ","DT-5180-Record03-BackSlash","005al00000RVcKvAAL"
"a1TVx00000F452LMAR","a1TWD000001oxav2AA","false","","","","","","","","","","","","","","","\                                                                            Test123\ ","TestBranches-01","005al00000RVcKvAAL"
"a1TVx00000F452MMAR","a1TWD000001oxaw2AA","false","","","","","","","","","","","","","","","\                                                                             981723123\ ","DT-5180-Record03-BackSlash","005al00000RVcKvAAL"
"a1TVx00000F452NMAR","a1TWD000001oxax2AA","false","","","","","","","","","","","","","","","\                                                                             Test123\ ","TestBranches-01","005al00000RVcKvAAL"
"a1TVx00000F452OMAR","a1TWD000001oxay2AA","false","","","","","","","","","","","","","","","\                                                                              981723123\ ","DT-5180-Record03-BackSlash","005al00000RVcKvAAL"
"a1TVx00000F452PMAR","a1TWD000001oxaz2AA","false","","","","","","","","","","","","","","","\                                                                              Test123\ ","TestBranches-01","005al00000RVcKvAAL"
"a1TVx00000F452QMAR","a1TWD000001oxb02AA","false","","","","","","","","","","","","","","","\                                                                               981723123\ ","DT-5180-Record03-BackSlash","005al00000RVcKvAAL"
"a1TVx00000F452RMAR","a1TWD000001oxb12AA","false","","","","","","","","","","","","","","","\                                                                               Test123\ ","TestBranches-01","005al00000RVcKvAAL"
"a1TVx00000F452SMAR","a1TWD000001oxb22AA","false","","","","","","","","","","","","","","","\                                                                                981723123\ ","DT-5180-Record03-BackSlash","005al00000RVcKvAAL"
"a1TVx00000F452TMAR","a1TWD000001oxb32AA","false","","","","","","","","","","","","","","","\                                                                                Test123\ ","TestBranches-01","005al00000RVcKvAAL"
"a1TVx00000F452YMAR","a1TWD000001oxb42AA","false","Branch1","Hyderabad","","","","","","","","","","CA","","","42674076322832990","Test1","005al00000RVcKvAAL"
"a1TVx00000F452ZMAR","a1TWD000001oxdp2AA","false","","","","","","","","","","","","","","","42099973499407755","Branch-Rec-05","005al00000RVcKvAAL"
"a1TVx00000F452aMAB","a1TWD000001oxdq2AA","false","","","","","","","","","","","","","","","42144404120384652","Branch-Rec-07","005al00000RVcKvAAL"
"a1TVx00000F452bMAB","a1TWD000001oxdr2AA","false","","","","","","","","","","","","","","","42171171592201325","Branch-Rec-02","005al00000RVcKvAAL"
"a1TVx00000F452cMAB","a1TWD000001oxds2AA","false","","","","","","","","","","","","","","","42231513672800827","Branch-Rec-03","005al00000RVcKvAAL"
"a1TVx00000F452dMAB","a1TWD000001oxdt2AA","false","","","","","","","","","","","","","","","42414889721892862","Branch-Rec-06","005al00000RVcKvAAL"
"a1TVx00000F452eMAB","a1TWD000001oxdu2AA","false","","","","","","","","","","","","","","","42460632064968001","Branch-Rec-04","005al00000RVcKvAAL"
"a1TVx00000F452fMAB","a1TWD000001oxdv2AA","false","","","","","","","","","","","","","","","42641702192927535","Branch-Rec-08","005al00000RVcKvAAL"
"a1TVx00000F452gMAB","a1TWD000001oxdw2AA","false","","","","","","","","","","","","","","","42655426458463628","Branch-Rec-01","005al00000RVcKvAAL"
"a1TVx00000F452UMAR","a1TWD000001pEpx2AE","false","","","","","","","","","","","","","","","\                                                                                 981723123\ ","DT-5180-Record03-BackSlash","005al00000RVcKvAAL"
"a1TVx00000F452VMAR","a1TWD000001pEpy2AE","false","","","","","","","","","","","","","","","\                                                                                 Test123\ ","TestBranches-01","005al00000RVcKvAAL"
"a1TVx00000F452WMAR","a1TWE000004SGcD2AW","false","","","","","","","","","","","","","","","\                                                                                  981723123\ ","DT-5180-Record03-BackSlash","005al00000RVcKvAAL"
"a1TVx00000F452XMAR","a1TWE000004SGcE2AW","false","","","","","","","","","","","","","","","\                                                                                  Test123\ ","TestBranches-01","005al00000RVcKvAAL"
"a1TWD000001vDsr2AE","a1TWE000004SGvZ2AW","false","","","","","","","","","","","","","","","42970791695756283","fff","005al00000RVcKvAAL"
"a1TWD000001vDss2AE","a1TWE000004SGva2AG","false","BR-101","Austin","Travis","","a31WE000001UH9OYAW","30.2672","-97.7431","XmlObjectWrapper{name={urn:sobject.partner.soap.sforce.com}LLC_BI__Location__c, xmlizable=[Location  latitude='30.2672'
 longitude='-97.7431'
]
}","","ML-TX-2024-0451","789456","TX","1200 Congress Ave","78701","BR0001","Downtown Main Branch","005al00000RVcKvAAL"
"a1TWD000001vDst2AE","a1TWE000004SGvb2AG","false","BR-205","Denver","Denver","","a31WE000001UH9PYAW","39.7392","-104.9903","XmlObjectWrapper{name={urn:sobject.partner.soap.sforce.com}LLC_BI__Location__c, xmlizable=[Location  latitude='39.7392'
 longitude='-104.9903'
]
}","","ML-CO-2024-0833","654321","CO","4500 E Colfax Ave","80220","BR0002","Lakewood Heights Branch","005al00000RVcKvAAL"
"a1TVx00000DzvDBMAZ","a1TWE000004SGvc2AG","false","BR-001045","Charlotte","Mecklenburg","","","35.2271","-80.8431","XmlObjectWrapper{name={urn:sobject.partner.soap.sforce.com}LLC_BI__Location__c, xmlizable=[Location  latitude='35.2271'
 longitude='-80.8431'
]
}","","ML-NC-20198","1045827","NC","401 South Tryon Street","28202","BR001045","Downtown Main Branch","005al00000RVcKvAAL"
"a1TWD000001vDsv2AE","a1TWE000004SGvd2AG","false","BR-002317","Greenville","Greenville","","a31WE000001UH9VYAW","34.8526","-82.394","XmlObjectWrapper{name={urn:sobject.partner.soap.sforce.com}LLC_BI__Location__c, xmlizable=[Location  latitude='34.8526'
 longitude='-82.394'
]
}","","ML-SC-33741","2317654","SC","200 East Broad Street","29601","BR002317","Greenville Trust Center","005al00000RVcKvAAL"
"a1TVx00000DzuvaMAB","a1TWE000004SGve2AG","false","BR-010","San Jose","Santa Clara","","","37.3382","-121.8863","XmlObjectWrapper{name={urn:sobject.partner.soap.sforce.com}LLC_BI__Location__c, xmlizable=[Location  latitude='37.3382'
 longitude='-121.8863'
]
}","","ML-CA-20240830","NMLS-103587","","150 W Santa Clara St","95113","BRANCH_ACCESS_LIGHT_SJ_010","Access Light - San Jose","005al00000RVcKvAAL"
"a1TVx00000DzuvRMAR","a1TWE000004SGvf2AG","false","BR-009","Detroit","Wayne","","","42.3314","-83.0458","XmlObjectWrapper{name={urn:sobject.partner.soap.sforce.com}LLC_BI__Location__c, xmlizable=[Location  latitude='42.3314'
 longitude='-83.0458'
]
}","","ML-MI-20240128","NMLS-246789","","1001 Woodward Ave","48226","BRANCH_AUTO_LEND_DET_009","Auto Lending Center - Detroit","005al00000RVcKvAAL"
"a1TVx00000DzuvYMAR","a1TWE000004SGvg2AG","false","BR-004","Portland","Multnomah","","","45.5152","-122.6784","XmlObjectWrapper{name={urn:sobject.partner.soap.sforce.com}LLC_BI__Location__c, xmlizable=[Location  latitude='45.5152'
 longitude='-122.6784'
]
}","","ML-OR-20240510","NMLS-337654","","821 SE Belmont St","97214","BRANCH_COMM_CU_EAST_004","Commerce Credit Union - Eastside","005al00000RVcKvAAL"
"a1TVx00000DzuvTMAR","a1TWE000004SGvh2AG","false","BR-005","Austin","Travis","","","30.2672","-97.7431","XmlObjectWrapper{name={urn:sobject.partner.soap.sforce.com}LLC_BI__Location__c, xmlizable=[Location  latitude='30.2672'
 longitude='-97.7431'
]
}","","ML-TX-20240901","NMLS-558210","","600 Congress Ave","78701","BRANCH_DIGI_HUB_AUSTIN_005","Digital First Hub - Austin","005al00000RVcKvAAL"
"a1TVx00000DzuvXMAR","a1TWE000004SGvi2AG","false","BR-001","Chicago","Cook","","","41.8781","-87.6298","XmlObjectWrapper{name={urn:sobject.partner.soap.sforce.com}LLC_BI__Location__c, xmlizable=[Location  latitude='41.8781'
 longitude='-87.6298'
]
}","","ML-IL-20241001","NMLS-784512","","200 S Michigan Ave","60604","BRANCH_DOWNTOWN_MAIN_001","Downtown Main Branch","005al00000RVcKvAAL"
"a1TVx00000DzuvWMAR","a1TWE000004SGvj2AG","false","BR-002","Madison","Dane","","","43.0731","-89.4012","XmlObjectWrapper{name={urn:sobject.partner.soap.sforce.com}LLC_BI__Location__c, xmlizable=[Location  latitude='43.0731'
 longitude='-89.4012'
]
}","","ML-WI-20240315","NMLS-623981","","1 W Main St","53703","BRANCH_GREENFIELD_COMM_002","Greenfield Community Branch","005al00000RVcKvAAL"
"a1TVx00000DzuvSMAR","a1TWE000004SGvk2AG","false","BR-006","Savannah","Chatham","","","32.0809","-81.0912","XmlObjectWrapper{name={urn:sobject.partner.soap.sforce.com}LLC_BI__Location__c, xmlizable=[Location  latitude='32.0809'
 longitude='-81.0912'
]
}","","ML-GA-20240218","NMLS-412876","","301 Bull St","31401","BRANCH_HERITAGE_SAV_006","Heritage Savings - Savannah","005al00000RVcKvAAL"
"a1TVx00000DzuvUMAR","a1TWE000004SGvl2AG","false","BR-008","Charlotte","Mecklenburg","","","35.2271","-80.8431","XmlObjectWrapper{name={urn:sobject.partner.soap.sforce.com}LLC_BI__Location__c, xmlizable=[Location  latitude='35.2271'
 longitude='-80.8431'
]
}","","ML-NC-20240411","NMLS-891034","","201 S Tryon St","28202","BRANCH_MORT_CLASSIC_CLT_008","Mortgage Classic - Charlotte","005al00000RVcKvAAL"
"a1TVx00000DzuvZMAR","a1TWE000004SGvm2AG","false","BR-003","Scottsdale","Maricopa","","","33.4942","-111.9261","XmlObjectWrapper{name={urn:sobject.partner.soap.sforce.com}LLC_BI__Location__c, xmlizable=[Location  latitude='33.4942'
 longitude='-111.9261'
]
}","","ML-AZ-20240722","NMLS-491205","","7014 E Camelback Rd","85251","BRANCH_PLAT_PLAZA_003","Platinum Premium Plaza","005al00000RVcKvAAL"
"a1TVx00000DzuvVMAR","a1TWE000004SGvn2AG","false","BR-007","Denver","Denver","","","39.7392","-104.9903","XmlObjectWrapper{name={urn:sobject.partner.soap.sforce.com}LLC_BI__Location__c, xmlizable=[Location  latitude='39.7392'
 longitude='-104.9903'
]
}","","ML-CO-20240605","NMLS-675432","","1600 Champa St","80202","BRANCH_SB_EXP_DENVER_007","Small Business Express - Denver","005al00000RVcKvAAL"
"a1TVx00000E01P5MAJ","a1TWE000004SGvo2AG","false","BR-10001","Denver","Denver","","","39.7392","-104.9903","XmlObjectWrapper{name={urn:sobject.partner.soap.sforce.com}LLC_BI__Location__c, xmlizable=[Location  latitude='39.7392'
 longitude='-104.9903'
]
}","","MLO-CO-2024-0451","784521","","1200 17th Street Suite 100","80202","BRK_00001","Downtown Main Branch","005al00000RVcKvAAL"
"a1TVx00000E01P4MAJ","a1TWE000004SGvp2AG","false","BR-10002","Austin","Travis","","","30.2672","-97.7431","XmlObjectWrapper{name={urn:sobject.partner.soap.sforce.com}LLC_BI__Location__c, xmlizable=[Location  latitude='30.2672'
 longitude='-97.7431'
]
}","","MLO-TX-2024-0893","651238","","4500 West Lamar Blvd","78751","BRK_00002","Westfield Plaza Branch","005al00000RVcKvAAL"
"a1TWD000001vDt82AE","a1TWE000004SGvq2AG","false","BR-10003","Portland","Multnomah","","a31WE000001UH9SYAW","45.5152","-122.6784","XmlObjectWrapper{name={urn:sobject.partner.soap.sforce.com}LLC_BI__Location__c, xmlizable=[Location  latitude='45.5152'
 longitude='-122.6784'
]
}","","MLO-OR-2024-1127","923847","","820 NW Burnside Road","97209","BRK_00003","Lakewood Heights Branch","005al00000RVcKvAAL"
"a1TWD000001vDt92AE","a1TWE000004SGvr2AG","false","BR-10004","Charlotte","Mecklenburg","","a31WE000001UH9TYAW","35.2271","-80.8431","XmlObjectWrapper{name={urn:sobject.partner.soap.sforce.com}LLC_BI__Location__c, xmlizable=[Location  latitude='35.2271'
 longitude='-80.8431'
]
}","","MLO-NC-2024-0562","471596","","3100 South Tryon Street","28217","BRK_00004","Riverdale Community Branch","005al00000RVcKvAAL"
"a1TWD000001vDtA2AU","a1TWE000004SGvs2AG","false","BR-10005","Minneapolis","Hennepin","","a31WE000001UH9UYAW","44.9778","-93.265","XmlObjectWrapper{name={urn:sobject.partner.soap.sforce.com}LLC_BI__Location__c, xmlizable=[Location  latitude='44.9778'
 longitude='-93.265'
]
}","","MLO-MN-2024-0734","318762","","7600 France Avenue South","55435","BRK_00005","Northgate Financial Center","005al00000RVcKvAAL"
"a1TWD000001vDtB2AU","a1TWE000004SGvt2AG","false","BR-001","Austin","Travis","","a31WE000001UH9JYAW","30.2672","-97.7431","XmlObjectWrapper{name={urn:sobject.partner.soap.sforce.com}LLC_BI__Location__c, xmlizable=[Location  latitude='30.2672'
 longitude='-97.7431'
]
}","","ML-TX-98234","123456","","401 Congress Avenue","78701","BRN0001","Downtown Main Branch","005al00000RVcKvAAL"
"a1TWD000001vDtC2AU","a1TWE000004SGvu2AG","false","BR-002","Denver","Denver","","a31WE000001UH9KYAW","39.7392","-104.9903","XmlObjectWrapper{name={urn:sobject.partner.soap.sforce.com}LLC_BI__Location__c, xmlizable=[Location  latitude='39.7392'
 longitude='-104.9903'
]
}","","ML-CO-44521","789012","","1600 California Street","80202","BRN0002","Westlake Hills Branch","005al00000RVcKvAAL"
"a1TWD000001vDtD2AU","a1TWE000004SGvv2AG","false","BR-003","Portland","Multnomah","","a31WE000001UH9LYAW","45.5152","-122.6784","XmlObjectWrapper{name={urn:sobject.partner.soap.sforce.com}LLC_BI__Location__c, xmlizable=[Location  latitude='45.5152'
 longitude='-122.6784'
]
}","","ML-OR-67890","345678","","520 SW Yamhill Street","97204","BRN0003","Northside Community Branch","005al00000RVcKvAAL"
"a1TWD000001vDtE2AU","a1TWE000004SGvw2AG","false","BR-004","Charlotte","Mecklenburg","","a31WE000001UH9MYAW","35.2271","-80.8431","XmlObjectWrapper{name={urn:sobject.partner.soap.sforce.com}LLC_BI__Location__c, xmlizable=[Location  latitude='35.2271'
 longitude='-80.8431'
]
}","","ML-NC-11234","901234","","200 South Tryon Street","28202","BRN0004","Riverside Plaza Branch","005al00000RVcKvAAL"
"a1TWD000001vDtF2AU","a1TWE000004SGvx2AG","false","BR-005","Minneapolis","Hennepin","","a31WE000001UH9NYAW","44.9778","-93.265","XmlObjectWrapper{name={urn:sobject.partner.soap.sforce.com}LLC_BI__Location__c, xmlizable=[Location  latitude='44.9778'
 longitude='-93.265'
]
}","","ML-MN-55678","567890","","80 South 8th Street","55402","BRN0005","Lakewood Square Branch","005al00000RVcKvAAL"
"a1TWD000001vDtG2AU","a1TWE000004SGvy2AG","false","BR-10001","Austin","Travis","","a31WE000001UH9QYAW","30.2672","-97.7431","XmlObjectWrapper{name={urn:sobject.partner.soap.sforce.com}LLC_BI__Location__c, xmlizable=[Location  latitude='30.2672'
 longitude='-97.7431'
]
}","","TX-ML-98234","123456","","401 Congress Avenue","78701","BRN_00001","Downtown Main Branch","005al00000RVcKvAAL"
"a1TWD000001vDtH2AU","a1TWE000004SGvz2AG","false","BR-10002","Denver","Denver","","a31WE000001UH9RYAW","39.7392","-104.9903","XmlObjectWrapper{name={urn:sobject.partner.soap.sforce.com}LLC_BI__Location__c, xmlizable=[Location  latitude='39.7392'
 longitude='-104.9903'
]
}","","CO-ML-44521","789012","","1600 California Street","80202","BRN_00002","Lakewood Heights Branch","005al00000RVcKvAAL"
"a1TWD000001vDtI2AU","a1TWE000004SGw02AG","false","BR-10003","Charlotte","Mecklenburg","","a31WE000001UH9SYAW","35.2271","-80.8431","XmlObjectWrapper{name={urn:sobject.partner.soap.sforce.com}LLC_BI__Location__c, xmlizable=[Location  latitude='35.2271'
 longitude='-80.8431'
]
}","","NC-ML-67382","345678","","525 North Tryon Street","28202","BRN_00003","Riverside Square Branch","005al00000RVcKvAAL"
"a1TWD000001vDtJ2AU","a1TWE000004SGw12AG","false","BR-10004","Atlanta","Fulton","","a31WE000001UH9TYAW","33.749","-84.388","XmlObjectWrapper{name={urn:sobject.partner.soap.sforce.com}LLC_BI__Location__c, xmlizable=[Location  latitude='33.749'
 longitude='-84.388'
]
}","","GA-ML-29104","901234","","200 Peachtree Street NW","30303","BRN_00004","Midtown Financial Center","005al00000RVcKvAAL"
"a1TWD000001vDtK2AU","a1TWE000004SGw22AG","false","BR-10005","Seattle","King","","a31WE000001UH9UYAW","47.6062","-122.3321","XmlObjectWrapper{name={urn:sobject.partner.soap.sforce.com}LLC_BI__Location__c, xmlizable=[Location  latitude='47.6062'
 longitude='-122.3321'
]
}","","WA-ML-55810","567890","","701 Fifth Avenue","98104","BRN_00005","Northgate Community Branch","005al00000RVcKvAAL"
"a1TVx00000Dzv8LMAR","a1TWE000004SGw32AG","false","BR-10451","Springfield","Sangamon","","","39.7817","-89.6501","XmlObjectWrapper{name={urn:sobject.partner.soap.sforce.com}LLC_BI__Location__c, xmlizable=[Location  latitude='39.7817'
 longitude='-89.6501'
]
}","","ML-2024-0873","485231","IL","200 South Fifth Street","62701","BRN_0001","Downtown Main Branch","005al00000RVcKvAAL"
"a1TVx00000Dzv8MMAR","a1TWE000004SGw42AG","false","BR-20789","Madison","Dane","","","43.0731","-89.4012","XmlObjectWrapper{name={urn:sobject.partner.soap.sforce.com}LLC_BI__Location__c, xmlizable=[Location  latitude='43.0731'
 longitude='-89.4012'
]
}","","ML-2024-1247","612084","WI","4510 East Washington Avenue","53704","BRN_0002","Lakewood Crossing Branch","005al00000RVcKvAAL"
"a1TWD000001vDtN2AU","a1TWE000004SGw52AG","false","BR-10001","Denver","Denver","","a31WE000001UH9QYAW","39.7392","-104.9903","XmlObjectWrapper{name={urn:sobject.partner.soap.sforce.com}LLC_BI__Location__c, xmlizable=[Location  latitude='39.7392'
 longitude='-104.9903'
]
}","","MLO-284571","123456","","1600 California Street","80202","BRN_001","Downtown Main Branch","005al00000RVcKvAAL"
"a1TWD000001vDtO2AU","a1TWE000004SGw62AG","false","BR-10002","Lakewood","Jefferson","","a31WE000001UH9RYAW","39.7047","-105.0814","XmlObjectWrapper{name={urn:sobject.partner.soap.sforce.com}LLC_BI__Location__c, xmlizable=[Location  latitude='39.7047'
 longitude='-105.0814'
]
}","","MLO-398412","234567","","455 Union Boulevard","80228","BRN_002","Lakewood West Branch","005al00000RVcKvAAL"
"a1TWD000001vDtP2AU","a1TWE000004SGw72AG","false","BR-10003","Aurora","Arapahoe","","a31WE000001UH9SYAW","39.7294","-104.8319","XmlObjectWrapper{name={urn:sobject.partner.soap.sforce.com}LLC_BI__Location__c, xmlizable=[Location  latitude='39.7294'
 longitude='-104.8319'
]
}","","MLO-512984","345678","","2200 South Havana Street","80014","BRN_003","Aurora East Branch","005al00000RVcKvAAL"
"a1TWD000001vDtQ2AU","a1TWE000004SGw82AG","false","BR-10004","Boulder","Boulder","","a31WE000001UH9TYAW","40.015","-105.2705","XmlObjectWrapper{name={urn:sobject.partner.soap.sforce.com}LLC_BI__Location__c, xmlizable=[Location  latitude='40.015'
 longitude='-105.2705'
]
}","","MLO-671023","456789","","1800 Pearl Street","80302","BRN_004","Boulder North Branch","005al00000RVcKvAAL"
"a1TWD000001vDtR2AU","a1TWE000004SGw92AG","false","BR-10005","Fort Collins","Larimer","","a31WE000001UH9UYAW","40.5853","-105.0844","XmlObjectWrapper{name={urn:sobject.partner.soap.sforce.com}LLC_BI__Location__c, xmlizable=[Location  latitude='40.5853'
 longitude='-105.0844'
]
}","","MLO-789456","567890","","3500 South College Avenue","80525","BRN_005","Fort Collins South Branch","005al00000RVcKvAAL"
"a1TVx00000DzvBZMAZ","a1TWE000004SGwA2AW","false","BR-001045","Charlotte","Mecklenburg","","","35.2271","-80.8431","XmlObjectWrapper{name={urn:sobject.partner.soap.sforce.com}LLC_BI__Location__c, xmlizable=[Location  latitude='35.2271'
 longitude='-80.8431'
]
}","","MLO-2024-NC-00812","1847263","NC","401 South Tryon Street","28202","BR_DT001","Downtown Main Branch","005al00000RVcKvAAL"
"a1TVx00000DzvBaMAJ","a1TWE000004SGwB2AW","false","BR-002198","Atlanta","Fulton","","","33.749","-84.388","XmlObjectWrapper{name={urn:sobject.partner.soap.sforce.com}LLC_BI__Location__c, xmlizable=[Location  latitude='33.749'
 longitude='-84.388'
]
}","","MLO-2024-GA-01547","2935814","GA","1200 Peachtree Street NE","30309","BR_RW002","Riverdale West Branch","005al00000RVcKvAAL"
"a1TVx00000F452jMAB","a1TWE000004SokL2AS","false","","","","","","","","","","","","","","","\                                                                                   981723123\ ","DT-5180-Record03-BackSlash","005al00000RVcKvAAL"
"a1TVx00000F452kMAB","a1TWE000004SokM2AS","false","","","","","","","","","","","","","","","\                                                                                   Test123\ ","TestBranches-01","005al00000RVcKvAAL"
"a1TVx00000F452lMAB","a1TWE000004SokN2AS","false","","","","","","","","","","","","","","","\                                                                                    981723123\ ","DT-5180-Record03-BackSlash","005al00000RVcKvAAL"
"a1TVx00000F452mMAB","a1TWE000004SokO2AS","false","","","","","","","","","","","","","","","\                                                                                    Test123\ ","TestBranches-01","005al00000RVcKvAAL"
"a1TVx00000F4532MAB","a1TWE000004YNMT2A4","false","","","","","","","","","","","","","","","\                                                                                     981723123\ ","DT-5180-Record03-BackSlash","005al00000RVcKvAAL"
"a1TVx00000F4533MAB","a1TWE000004YNMU2A4","false","","","","","","","","","","","","","","","\                                                                                     Test123\ ","TestBranches-01","005al00000RVcKvAAL"
"","a1TWE000004aQBN2A2","false","765","Chicago","","","a31WD000001k07hYAA","41.830047","87.602809","XmlObjectWrapper{name={urn:sobject.partner.soap.sforce.com}LLC_BI__Location__c, xmlizable=[Location  latitude='41.830047'
 longitude='87.602809'
]
}","","","","IL","3155 S Lake Shore Drive","60616","9969JPD894656593","Porters Neck","005al00000RVcKvAAL"
"","a1TWE000004aQBO2A2","false","765","Chicago","","","a31WD000001k07hYAA","41.830047","87.602809","XmlObjectWrapper{name={urn:sobject.partner.soap.sforce.com}LLC_BI__Location__c, xmlizable=[Location  latitude='41.830047'
 longitude='87.602809'
]
}","","","","IL","3155 S Lake Shore Drive","60616","42738426310997125","9969JPD894656593","005al00000RVcKvAAL"
"","a1TWE000004cS0z2AE","false","","","","","","","","","","","","","","","\                                                                                      981723123\ ","DT-5180-Record03-BackSlash","005al00000RVcKvAAL"
"","a1TWE000004cS102AE","false","","","","","","","","","","","","","","","\                                                                                      Test123\ ","TestBranches-01","005al00000RVcKvAAL"
