"Id","OwnerId","IsDeleted","Name","nFORCE__Alternate_Label__c","nFORCE__Conditional_Display_Criteria__c","nFORCE__Default_Value__c","nFORCE__Field_Hint__c","nFORCE__Field_Name__c","nFORCE__Format_Description__c","nFORCE__Format_Enabled__c","nFORCE__Format_Expression__c","nFORCE__Format_Message__c","nFORCE__Is_Hidden__c","nFORCE__Is_Read_Only__c","nFORCE__Is_Required__c","nFORCE__Output_Expression__c","nFORCE__Route__c","nFORCE__SLDS_Column_Size__c","nFORCE__Screen_Section__c","nFORCE__Tooltip_Contents__c","nFORCE__Tooltip_Enabled__c","nFORCE__Tooltip_Text__c","nFORCE__lookupKey__c","nFORCE__sObject_Name__c","nFORCE__Is_Editable__c","nFORCE__Autocomplete_Attribute_Value__c","nFORCE__Is_Header__c","nFORCE__Is_Important__c","nFORCE__Filter_Criteria__c","nFORCE__Filter_Display_Name__c","nFORCE__Is_Active__c","nFORCE__Is_Filter_Active__c","nFORCE__Is_Conditional_Lookup__c","nFORCE__Defined_Picklist_Values__c","nFORCE__Address_Part__c","nPortal__Picklist_Buttons_Enabled__c"
"a3Tbn000000NX5eEAG","005bn000003k2JdAAI","","FC-000241","ZIP","","","","Mailing_Zip_code_nCino__c","","false","","","false","false","false","","a2Ebn000000ECGDEA4","2.0","","","false","","00821598381727928","Contact","false","","false","false","","","false","false","false","","","false"
"a3Tbn000000NX6FEAW","005bn000003k2JdAAI","","FC-000278","","","","","LLC_BI__Home_Address__c","","false","","","false","false","false","","a2Ebn000000ECGIEA4","","","","false","","02641598553324136","Contact","false","","false","false","","","false","false","false","","","false"
"a3Tbn000000NX5gEAG","005bn000003k2JdAAI","","FC-000243","Is your mailing address the same as your physical address?","","","","cm_Mailing_Same_as_Physical__c","","false","","","false","false","false","","a2Ebn000000ECGDEA4","","","","false","","03801598381727928","Contact","false","","false","false","","","false","false","false","","","true"
"a3Tbn000000MFQlEAO","005bn000003k2JdAAI","","FC-000147","","","","","cm_Passport_Number__c","","false","","","false","false","false","","a2Ebn000000DJuPEAW","2.0","","","false","","03801666029076777","Contact","false","","false","false","","","false","false","false","","","false"
"a3Tbn000000NX5pEAG","005bn000003k2JdAAI","","FC-000252","","","","","LLC_BI__Employer_Name__c","","false","","","true","false","false","","a2Ebn000000ECGDEA4","2.0","","","false","","03891598381727932","Contact","false","","false","false","","","false","false","false","","","false"
"a3Tbn000000NX69EAG","005bn000003k2JdAAI","","FC-000272","","","","","BirthDate","","false","","","false","false","false","","a2Ebn000000ECGIEA4","2.0","","","false","","04591598553324134","Contact","false","","false","false","","","false","false","false","","","false"
"a3Tbn000000MFQTEA4","005bn000003k2JdAAI","","FC-000129","","","","","LLC_BI__Total_Direct_Exposure__c","","false","","","false","true","false","","","","a2Fbn000000CzGnEAK","","false","","04891663700626156","Account","false","","false","false","","","false","false","false","","","false"
"a3Tbn000000MFQrEAO","005bn000003k2JdAAI","","FC-000153","","","Customer Reported","","LLC_BI__Income_Source__c","","false","","","true","false","false","","a2Ebn000000DJuQEAW","","","","false","","06241666029076781","LLC_BI__Income__c","false","","false","false","","","false","false","false","","","false"
"a3Tbn000000MFR4EAO","005bn000003k2JdAAI","","FC-000166","Physical Address","","","","MailingStreet","","false","","","false","false","false","","a2Ebn000000DJuPEAW","","","","false","","06381666029076786","Contact","false","","false","false","","","false","false","false","","","false"
"a3Tbn000000NX5zEAG","005bn000003k2JdAAI","","FC-000262","City","","","","LLC_BI__Home_City__c","","false","","","false","false","false","","a2Ebn000000ECGIEA4","","","","false","","08301598553324130","Contact","false","","false","false","","","false","false","false","","","false"
"a3Tbn000000NXBrEAO","005bn000003k2JdAAI","","FC-000626","","","","","LLC_BI__Product_Line__c","","false","","","true","false","false","","","","a2Fbn000000DvU0EAK","","false","","09451701790671658","LLC_BI__Deposit__c","false","","false","false","","","false","false","false","","","false"
"a3Tbn000000NX5tEAG","005bn000003k2JdAAI","","FC-000256","Mobile Phone Number","","","","MobilePhone","","false","","","false","false","false","","a2Ebn000000ECGDEA4","2.0","","","false","","11111598381727933","Contact","false","","false","false","","","false","false","false","","","false"
"a3Tbn000000NX6IEAW","005bn000003k2JdAAI","","FC-000281","ZIP","","","","LLC_BI__Home_Zipcode__c","","false","","","false","false","false","","a2Ebn000000ECGIEA4","2.0","","","false","","13071598553324137","Contact","false","","false","false","","","false","false","false","","","false"
"a3Tbn000000NXBsEAO","005bn000003k2JdAAI","","FC-000627","","","","","LLC_BI__Product_Type__c","","false","","","true","false","false","","","","a2Fbn000000DvU0EAK","","false","","13071701790671659","LLC_BI__Deposit__c","false","","false","false","","","false","false","false","","","false"
"a3Tbn000000MFRPEA4","005bn000003k2JdAAI","","FC-000187","","","","","LLC_BI__Income_Type__c","","false","","","false","false","false","","","","a2Fbn000000CzH8EAK","","false","","14611666029076797","LLC_BI__Income__c","false","","false","false","","","false","false","false","Alimony Support|Gross Annual Income|Investment/Trust Income|Other Income|Rental Income","","false"
"a3Tbn000000NX5jEAG","005bn000003k2JdAAI","","FC-000246","Date of Birth","","","","BirthDate","","false","","","false","false","false","","a2Ebn000000ECGDEA4","2.0","","","false","","15121598381727930","Contact","false","","false","false","","","false","false","false","","","false"
"a3Tbn000000NX6EEAW","005bn000003k2JdAAI","","FC-000277","","","","","LLC_BI__Country_of_Citizenship__c","","false","","","false","false","false","","a2Ebn000000ECGIEA4","2.0","","","false","","16681598553324136","Contact","false","","false","false","","","false","false","false","","","false"
"a3Tbn000000MFRJEA4","005bn000003k2JdAAI","","FC-000181","ZIP","","","","MailingPostalCode","","false","","","false","false","false","","a2Ebn000000DJuPEAW","2.0","","","false","","18121666029076795","Contact","false","","false","false","","","false","false","false","","","false"
"a3Tbn000000MFQtEAO","005bn000003k2JdAAI","","FC-000155","What industry does your business belong to?","","","","Industry","","false","","","false","false","false","","a2Ebn000000DJuOEAW","","","","false","","20081666029076781","Account","false","","false","false","","","false","false","false","","","false"
"a3Tbn000000MFQsEAO","005bn000003k2JdAAI","","FC-000154","","","","","cm_State_ID_Expiration_Date__c","","false","","","false","false","false","","a2Ebn000000DJuPEAW","2.0","","","false","","20701666029076781","Contact","false","","false","false","","","false","false","false","","","false"
"a3Tbn000000MFQhEAO","005bn000003k2JdAAI","","FC-000143","ZIP","","","","ShippingPostalCode","","false","","","false","false","false","","a2Ebn000000DJuOEAW","2.0","","","false","","20781666029076776","Account","false","","false","false","","","false","false","false","","","false"
"a3Tbn000000MFR3EAO","005bn000003k2JdAAI","","FC-000165","State","","","","BillingState","","false","","","false","false","false","","a2Ebn000000DJuOEAW","2.0","","","false","","21781666029076786","Account","false","","false","false","","","false","false","false","","","false"
"a3Tbn000000MFRBEA4","005bn000003k2JdAAI","","FC-000173","","","","","cm_Passport_Issue_Date__c","","false","","","false","false","false","","a2Ebn000000DJuPEAW","2.0","","","false","","23071666029076790","Contact","false","","false","false","","","false","false","false","","","false"
"a3Tbn000000MFR9EAO","005bn000003k2JdAAI","","FC-000171","Shipping Address","","","","ShippingStreet","","false","","","false","false","false","","a2Ebn000000DJuOEAW","","","","false","","23581666029076789","Account","false","","false","false","","","false","false","false","","","false"
"a3Tbn000000NX5rEAG","005bn000003k2JdAAI","","FC-000254","City","","","","Mailing_City_nCino__c","","false","","","false","false","false","","a2Ebn000000ECGDEA4","","","","false","","23731598381727933","Contact","false","","false","false","","","false","false","false","","","false"
"a3Tbn000000NX5hEAG","005bn000003k2JdAAI","","FC-000244","State","","","","Mailing_State_nCino__c","","false","","","false","false","false","","a2Ebn000000ECGDEA4","2.0","","","false","","25451598381727929","Contact","false","","false","false","","","false","false","false","","","false"
"a3Tbn000000NX5mEAG","005bn000003k2JdAAI","","FC-000249","","","","","LLC_BI__Primary_ID_Issue_Date__c","","false","","","false","false","false","","a2Ebn000000ECGDEA4","2.0","","","false","","25861598381727931","Contact","false","","false","false","","","false","false","false","","","false"
"a3Tbn000000NX67EAG","005bn000003k2JdAAI","","FC-000270","Mailing Address","","","","Mailing_Address_nCino__c","","false","","","false","false","false","","a2Ebn000000ECGIEA4","","","","false","","25901598553324133","Contact","false","","false","false","","","false","false","false","","","false"
"a3Tbn000000MFRGEA4","005bn000003k2JdAAI","","FC-000178","Are there additional business entities you need to add as Guarantors or Borrowers?","","","","cm_Additional_Businesses__c","","false","","","false","false","false","","a2Ebn000000DJuNEAW","","","","false","","26241666029076793","LLC_BI__Loan__c","false","","false","false","","","false","false","false","","","false"
"a3Tbn000000NX68EAG","005bn000003k2JdAAI","","FC-000271","","","","","FirstName","","false","","","false","false","false","","a2Ebn000000ECGIEA4","2.0","","","false","","26691598553324134","Contact","false","","false","false","","","false","false","false","","","false"
"a3Tbn000000MFQzEAO","005bn000003k2JdAAI","","FC-000161","","","Monthly Rent- Reported via Online App","","Name","","false","","","true","false","false","","a2Ebn000000DJuREAW","","","","false","","27361666029076784","LLC_BI__Debt__c","false","","false","false","","","false","false","false","","","false"
"a3Tbn000000MFQfEAO","005bn000003k2JdAAI","","FC-000141","","","{{Contact}}","","LLC_BI__Contact__c","","false","","","true","false","false","","a2Ebn000000DJuhEAG","","","","false","","28901666029076775","LLC_BI__Debt__c","false","","false","false","","","false","false","false","","","false"
"a3Tbn000000MFQmEAO","005bn000003k2JdAAI","","FC-000148","","","","","cm_Driver_License_Expiration_Date__c","","false","","","false","false","false","","a2Ebn000000DJuPEAW","2.0","","","false","","30211666029076778","Contact","false","","false","false","","","false","false","false","","","false"
"a3Tbn000000MFQqEAO","005bn000003k2JdAAI","","FC-000152","City","","","","ShippingCity","","false","","","false","false","false","","a2Ebn000000DJuOEAW","","","","false","","30241666029076780","Account","false","","false","false","","","false","false","false","","","false"
"a3Tbn000000NX5oEAG","005bn000003k2JdAAI","","FC-000251","ZIP","","","","LLC_BI__Home_Zipcode__c","","false","","","false","false","false","","a2Ebn000000ECGDEA4","2.0","","","false","","30821598381727932","Contact","false","","false","false","","","false","false","false","","","false"
"a3Tbn000000MFRNEA4","005bn000003k2JdAAI","","FC-000185","","","{{individual}}","","LLC_BI__Account__c","","false","","","true","false","false","","a2Ebn000000DJuhEAG","","","","false","","31231666029076796","LLC_BI__Debt__c","false","","false","false","","","false","false","false","","","false"
"a3Tbn000000MFR7EAO","005bn000003k2JdAAI","","FC-000169","","","","","cm_State_ID_Issue_Date__c","","false","","","false","false","false","","a2Ebn000000DJuPEAW","2.0","","","false","","32561666029076787","Contact","false","","false","false","","","false","false","false","","","false"
"a3Tbn000000MFQdEAO","005bn000003k2JdAAI","","FC-000139","Date of Birth","","","","Birthdate","","false","","","false","false","false","","a2Ebn000000DJuPEAW","2.0","","","false","","33681666029076774","Contact","false","","false","false","","","false","false","false","","","false"
"a3Tbn000000MFQVEA4","005bn000003k2JdAAI","","FC-000131","","","Customer Reported","","LLC_BI__Income_Source__c","","false","","","true","false","false","","a2Ebn000000DJuQEAW","","","","false","","34611666029076770","LLC_BI__Income__c","false","","false","false","","","false","false","false","","","false"
"a3Tbn000000NX6BEAW","005bn000003k2JdAAI","","FC-000274","State","","","","LLC_BI__Home_State__c","","false","","","false","false","false","","a2Ebn000000ECGIEA4","2.0","","","false","","34671598553324135","Contact","false","","false","false","","","false","false","false","","","false"
"a3Tbn000000MFROEA4","005bn000003k2JdAAI","","FC-000186","","","","","cm_Driver_License_Issue_Date__c","","false","","","false","false","false","","a2Ebn000000DJuPEAW","2.0","","","false","","35761666029076797","Contact","false","","false","false","","","false","false","false","","","false"
"a3Tbn000000MFQZEA4","005bn000003k2JdAAI","","FC-000135","ZIP","","","","BillingPostalCode","","false","","","false","false","false","","a2Ebn000000DJuOEAW","2.0","","","false","","35921666029076772","Account","false","","false","false","","","false","false","false","","","false"
"a3Tbn000000MFQYEA4","005bn000003k2JdAAI","","FC-000134","City","","","","OtherCity","","false","","","false","false","false","","a2Ebn000000DJuPEAW","","","","false","","37121666029076772","Contact","false","","false","false","","","false","false","false","","","false"
"a3Tbn000000MFR2EAO","005bn000003k2JdAAI","","FC-000164","","","","","cm_State_ID_Issuing_State__c","","false","","","false","false","false","","a2Ebn000000DJuPEAW","2.0","","","false","","37231666029076785","Contact","false","","false","false","","","false","false","false","","","false"
"a3Tbn000000MFQxEAO","005bn000003k2JdAAI","","FC-000159","","","{{artifact}}","","LLC_BI__Loan__c","","false","","","true","false","false","","a2Ebn000000DJuhEAG","","","","false","","37301666029076783","LLC_BI__Debt__c","false","","false","false","","","false","false","false","","","false"
"a3Tbn000000MFQgEAO","005bn000003k2JdAAI","","FC-000142","","","{{Contact}}","","LLC_BI__Contact__c","","false","","","true","false","false","","a2Ebn000000DJuREAW","","","","false","","37951666029076775","LLC_BI__Debt__c","false","","false","false","","","false","false","false","","","false"
"a3Tbn000000NX6HEAW","005bn000003k2JdAAI","","FC-000280","","","","","LLC_BI__Primary_ID_Expiration_Date__c","","false","","","false","false","false","","a2Ebn000000ECGIEA4","2.0","","","false","","40471598553324137","Contact","false","","false","false","","","false","false","false","","","false"
"a3Tbn000000NX5qEAG","005bn000003k2JdAAI","","FC-000253","Social Security Number (SSN)","","","","LLC_BI__Tax_Identification_Number__c","","false","","","false","false","false","","a2Ebn000000ECG6EAO","","","","false","","41291598381727932","LLC_BI__Beneficiary__c","false","","false","false","","","false","false","false","","","false"
"a3Tbn000000NX51EAG","005bn000003k2JdAAI","","FC-000202","City","","","","Mailing_City_nCino__c","","false","","","false","false","false","","a2Ebn000000ECFiEAO","","","","false","","42014149847373033","Contact","false","","false","false","","","false","false","false","","","false"
"a3Tbn000000NX5KEAW","005bn000003k2JdAAI","","FC-000221","State","","","","ShippingState","","false","","","false","false","false","","a2Ebn000000ECFvEAO","2.0","","","false","","42029879046397659","Account","false","","false","false","","","false","false","false","","","false"
"a3Tbn000000NX8eEAG","005bn000003k2JdAAI","","FC-000427","Mailing Zip Code","","","","Mailing_Zip_code_nCino__c","","false","","","false","false","false","","a2Ebn000000ECG2EAO","","","","false","","42030675625400405","Contact","false","","false","false","","","false","false","false","","","false"
"a3Tbn000000NX7XEAW","005bn000003k2JdAAI","","FC-000358","","","","","cm_State_ID_Issue_Date__c","","false","","","false","false","false","","a2Ebn000000ECFoEAO","2.0","","","false","","42034809811905657","Contact","false","","false","false","","","false","false","false","","","false"
"a3Tbn000000NX7JEAW","005bn000003k2JdAAI","","FC-000344","","","","","cm_Driver_License_Expiration_Date__c","","false","","","false","false","false","","a2Ebn000000ECFiEAO","2.0","","","false","","42050995892028580","Contact","false","","false","false","","","false","false","false","","","false"
"a3Tbn000000NX7wEAG","005bn000003k2JdAAI","","FC-000383","","","","","cm_Driver_License_Issue_Date__c","","false","","","false","false","false","","a2Ebn000000ECGDEA4","2.0","","","false","","42062079390615919","Contact","false","","false","false","","","false","false","false","","","false"
"a3Tbn000000NX8SEAW","005bn000003k2JdAAI","","FC-000415","","","","","cm_Driver_License_Issuing_State__c","","false","","","false","false","false","","a2Ebn000000ECGIEA4","2.0","","","false","","42062944705024908","Contact","false","","false","false","","","false","false","false","","","false"
"a3Tbn000000NX5bEAG","005bn000003k2JdAAI","","FC-000238","","","{{artifact}}","","LLC_BI__Deposit__c","","false","","","true","false","false","","","","a2Fbn000000DvQPEA0","","false","","42085915559474043","LLC_BI__Beneficiary__c","false","","false","false","","","false","false","false","","","false"
"a3Tbn000000NX5BEAW","005bn000003k2JdAAI","","FC-000212","City","","","","Mailing_City_nCino__c","","false","","","false","false","false","","a2Ebn000000ECFoEAO","","","","false","","42086145414817725","Contact","false","","false","false","","","false","false","false","","","false"
"a3Tbn000000NX7hEAG","005bn000003k2JdAAI","","FC-000368","Mailing State","","","","Mailing_State_nCino__c","","false","","","false","false","false","","a2Ebn000000ECFlEAO","","","","false","","42090783292083562","Contact","false","","false","false","","","false","false","false","","","false"
"a3Tbn000000NX55EAG","005bn000003k2JdAAI","","FC-000206","Mobile Phone Number","","","","MobilePhone","","false","","","false","false","false","","a2Ebn000000ECFoEAO","2.0","","","false","","42092201416522135","Contact","false","","false","false","","","false","false","false","","","false"
"a3Tbn000000NX7ZEAW","005bn000003k2JdAAI","","FC-000360","","","","","cm_Passport_Expiration_Date__c","","false","","","false","false","false","","a2Ebn000000ECFoEAO","2.0","","","false","","42097747859210484","Contact","false","","false","false","","","false","false","false","","","false"
"a3Tbn000000NX5REAW","005bn000003k2JdAAI","","FC-000228","","","","","LLC_BI__Primary_ID_Issue_Date__c","","false","","","false","false","false","","a2Ebn000000ECFiEAO","2.0","","","false","","42098778926805801","Contact","false","","false","false","","","false","false","false","","","false"
"a3Tbn000000NX85EAG","005bn000003k2JdAAI","","FC-000392","","","","","cm_State_ID_Expiration_Date__c","","false","","","false","false","false","","a2Ebn000000ECGDEA4","2.0","","","false","","42101867995863429","Contact","false","","false","false","","","false","false","false","","","false"
"a3Tbn000000NX5wEAG","005bn000003k2JdAAI","","FC-000259","","","","","LastName","","false","","","false","false","false","","a2Ebn000000ECGDEA4","2.0","","","false","","42103485638352626","Contact","false","","false","false","","","false","false","false","","","false"
"a3Tbn000000NX8KEAW","005bn000003k2JdAAI","","FC-000407","Mailing Zip Code","","","","Mailing_Zip_code_nCino__c","","false","","","false","false","false","","a2Ebn000000ECFyEAO","","","","false","","42104562907129732","Contact","false","","false","false","","","false","false","false","","","false"
"a3Tbn000000NX54EAG","005bn000003k2JdAAI","","FC-000205","Social Security Number (SSN)","","","XXXXXXXXX","LLC_BI__SS__c","","false","","","false","false","false","","a2Ebn000000ECFoEAO","1.0","","As a federally regulated bank, we are required to know our customers. We use your SSN to pull your credit bureau data, which allows us to process your application.","true","Why do we need this?","42110702729842312","Contact","false","","false","false","","","false","false","false","","","false"
"a3Tbn000000NX5QEAW","005bn000003k2JdAAI","","FC-000227","Primary ID Number","","","","LLC_BI__Drivers_License__c","","false","","","false","false","false","","a2Ebn000000ECFiEAO","2.0","","","false","","42113738255485547","Contact","false","","false","false","","","false","false","false","","","false"
"a3Tbn000000NX80EAG","005bn000003k2JdAAI","","FC-000387","","","","","cm_Passport_Issue_Date__c","","false","","","false","false","false","","a2Ebn000000ECGDEA4","2.0","","","false","","42119686156327069","Contact","false","","false","false","","","false","false","false","","","false"
"a3Tbn000000NXWLEA4","005bn000003k2JdAAI","","FC-000636","","","","","LLC_BI__Account__c","","false","","","true","true","false","","","","a2Fbn000000DvyAEAS","","false","","42131868360334692","LLC_BI__Entity__r","false","","false","false","","","false","false","false","","","false"
"a3Tbn000000NX5NEAW","005bn000003k2JdAAI","","FC-000224","City","","","","BillingCity","","false","","","false","false","false","","a2Ebn000000ECFvEAO","","","","false","","42136983569324498","Account","false","","false","false","","","false","false","false","","","false"
"a3Tbn000000NXBoEAO","005bn000003k2JdAAI","","FC-000623","","","","","LLC_BI__Controlling_Individual__c","","false","","","false","false","false","","a2Ebn000000ECGDEA4","","","A controlling individual for beneficial ownership purposes is a single individual with significant responsibility to control, manage or direct the business. Examples include an executive officer or senior manager (Chief Executive Officer, Chief Financial Officer, Chief Operating Officer, President), or any other individual who regularly performs similar functions. One controlling individual must be identified for each legal entity customer.","true","What is this?","42140502656120424","LLC_BI__Connection__c","false","","false","false","","","false","false","false","","","false"
"a3Tbn000000NX7GEAW","005bn000003k2JdAAI","","FC-000341","","","","","cm_Passport_Issue_Date__c","","false","","","false","false","false","","a2Ebn000000ECFiEAO","2.0","","","false","","42140722016187617","Contact","false","","false","false","","","false","false","false","","","false"
"a3Tbn000000NX7SEAW","005bn000003k2JdAAI","","FC-000353","","","","","cm_Passport_Issue_Date__c","","false","","","false","false","false","","a2Ebn000000ECFoEAO","2.0","","","false","","42142235528774263","Contact","false","","false","false","","","false","false","false","","","false"
"a3Tbn000000NX6OEAW","005bn000003k2JdAAI","","FC-000287","","","","","cs_Type_of_Account_ACH_Int__c","","false","","","false","false","false","","a2Ebn000000ECG7EAO","","","","false","","42144555292645515","LLC_BI__Deposit__c","false","","false","false","","","false","false","false","","","false"
"a3Tbn000000NX7uEAG","005bn000003k2JdAAI","","FC-000381","Business Type","","","","Type","","false","","","false","false","false","","a2Ebn000000ECFvEAO","","","","false","","42147191808062575","Account","false","","false","false","","","false","false","false","Association|Corporation|Limited Liability Company|Limited Partnership|Municipality|Partnership|Sole Proprietorship - Business","","false"
"a3Tbn000000NX7eEAG","005bn000003k2JdAAI","","FC-000365","","","","","cm_Is_Existing_Customer__c","","false","","","true","false","false","","a2Ebn000000ECFqEAO","","","","false","","42151742914299592","Contact","false","","false","false","","","false","false","false","","","false"
"a3Tbn000000NX5AEAW","005bn000003k2JdAAI","","FC-000211","Mailing Address","","","","Mailing_Address_nCino__c","","false","","","false","false","false","","a2Ebn000000ECFoEAO","","","","false","","42153355164288339","Contact","false","","false","false","","","false","false","false","","","false"
"a3Tbn000000NX7FEAW","005bn000003k2JdAAI","","FC-000340","","","","","cm_Driver_License_Issue_Date__c","","false","","","false","false","false","","a2Ebn000000ECFiEAO","2.0","","","false","","42154328871651408","Contact","false","","false","false","","","false","false","false","","","false"
"a3Tbn000000NX7QEAW","005bn000003k2JdAAI","","FC-000351","","","","","cm_State_ID_Number__c","","false","","","false","false","false","","a2Ebn000000ECFoEAO","2.0","","","false","","42176917962642918","Contact","false","","false","false","","","false","false","false","","","false"
"a3Tbn000000NX87EAG","005bn000003k2JdAAI","","FC-000394","","","","","cm_State_ID_Number__c","","false","","","false","false","false","","a2Ebn000000ECGDEA4","2.0","","","false","","42177070578822259","Contact","false","","false","false","","","false","false","false","","","false"
"a3Tbn000000MFREEA4","005bn000003k2JdAAI","","FC-000176","State","","","","MailingState","","false","","","false","false","false","","a2Ebn000000DJuPEAW","2.0","","","false","","42181666029076792","Contact","false","","false","false","","","false","false","false","","","false"
"a3Tbn000000KmWREA0","005bn000003k2JdAAI","","FC-000017","","","","","LLC_BI__Allocated_Facility_Amount__c","","false","","","false","true","false","","","","a2Fbn000000C3XgEAK","","false","","42182148697712431","LLC_BI__Loan__c","false","","false","false","","","false","false","false","","","false"
"a3Tbn000000NXBbEAO","005bn000003k2JdAAI","","FC-000610","","","","","LLC_BI__Identity_Verification_Status__c","","false","","","true","false","false","","a2Ebn000000ECFyEAO","","","","false","","42184388780093697","Contact","false","","false","false","","","false","false","false","","","false"
"a3Tbn000000NX7VEAW","005bn000003k2JdAAI","","FC-000356","","","","","cm_Driver_License_Issuing_State__c","","false","","","false","false","false","","a2Ebn000000ECFoEAO","2.0","","","false","","42185577060599347","Contact","false","","false","false","","","false","false","false","","","false"
"a3Tbn000000NX7TEAW","005bn000003k2JdAAI","","FC-000354","Mailing Street Address","","","","Mailing_Address_nCino__c","","false","","","false","false","false","","a2Ebn000000ECFqEAO","","","","false","","42187297829067821","Contact","false","","false","false","","","false","false","false","","","false"
"a3Tbn000000NX56EAG","005bn000003k2JdAAI","","FC-000207","","","","","LLC_BI__Home_Address__c","","false","","","false","false","false","","a2Ebn000000ECFoEAO","","","","false","","42197150328776289","Contact","false","","false","false","","","false","false","false","","","false"
"a3Tbn000000NX5PEAW","005bn000003k2JdAAI","","FC-000226","ZIP","","","","BillingPostalCode","","false","","","false","false","false","","a2Ebn000000ECFvEAO","2.0","","","false","","42201073979871220","Account","false","","false","false","","","false","false","false","","","false"
"a3Tbn000000NX8MEAW","005bn000003k2JdAAI","","FC-000409","","","","","cm_Driver_License_Expiration_Date__c","","false","","","false","false","false","","a2Ebn000000ECGIEA4","2.0","","","false","","42202255482498615","Contact","false","","false","false","","","false","false","false","","","false"
"a3Tbn000000NX7oEAG","005bn000003k2JdAAI","","FC-000375","County","","","","LLC_BI__Home_Address_County__c","","false","","","false","false","false","","a2Ebn000000ECFoEAO","2.0","","","false","","42203766298756294","Contact","false","","false","false","","","false","false","false","","","false"
"a3Tbn000000NX7aEAG","005bn000003k2JdAAI","","FC-000361","","","","","cm_State_ID_Issuing_State__c","","false","","","false","false","false","","a2Ebn000000ECFoEAO","2.0","","","false","","42205770448811836","Contact","false","","false","false","","","false","false","false","","","false"
"a3Tbn000000NX7vEAG","005bn000003k2JdAAI","","FC-000382","","","","","cm_Driver_License_Expiration_Date__c","","false","","","false","false","false","","a2Ebn000000ECGDEA4","2.0","","","false","","42206042231930577","Contact","false","","false","false","","","false","false","false","","","false"
"a3Tbn000000NX6MEAW","005bn000003k2JdAAI","","FC-000285","Routing Number","","","","cs_Routing_Number_ACH_Int__c","","false","","","false","false","false","","a2Ebn000000ECG7EAO","","","","false","","42206524088934928","LLC_BI__Deposit__c","false","","false","false","","","false","false","false","","","false"
"a3Tbn000000NX8WEAW","005bn000003k2JdAAI","","FC-000419","","","","","cm_Passport_Issue_Date__c","","false","","","false","false","false","","a2Ebn000000ECGIEA4","2.0","","","false","","42208538493111824","Contact","false","","false","false","","","false","false","false","","","false"
"a3Tbn000000NX5XEAW","005bn000003k2JdAAI","","FC-000234","","","","","LLC_BI__Country_of_Citizenship__c","","false","","","false","false","false","","a2Ebn000000ECFiEAO","2.0","","","false","","42217717125346212","Contact","false","","false","false","","","false","false","false","","","false"
"a3Tbn000000MFRTEA4","005bn000003k2JdAAI","","FC-000191","","","a1f5f0000010ARDAA2","","LLC_BI__Connection_Role__c","","false","","","true","false","false","","a2Ebn000000DJucEAG","","","","false","","42222975162292231","LLC_BI__Connection__c","false","","false","false","","","false","false","false","","","false"
"a3Tbn000000NX5vEAG","005bn000003k2JdAAI","","FC-000258","","","","","FirstName","","false","","","false","false","false","","a2Ebn000000ECGDEA4","2.0","","","false","","42234958214003224","Contact","false","","false","false","","","false","false","false","","","false"
"a3Tbn000000NXBkEAO","005bn000003k2JdAAI","","FC-000619","","","","","Funding_Amount__c","","false","","","true","false","true","","a2Ebn000000ECHyEAO","","","","false","","42239523133211357","LLC_BI__Funding_Method__c","false","","false","false","","","false","false","false","","","false"
"a3Tbn000000NX6tEAG","005bn000003k2JdAAI","","FC-000318","","","","","Name","","false","","","false","true","false","","","","a2Fbn000000C3X1EAK","","false","","42242293480412932","LLC_BI__Credit_Memo_Modifcation__c","false","","false","false","","","false","false","false","","","false"
"a3Tbn000000NX8gEAG","005bn000003k2JdAAI","","FC-000429","","","","","LLC_BI__Employer_Name__c","","false","","","true","false","false","","a2Ebn000000ECFyEAO","","","","false","","42245395821819791","Contact","false","","false","false","","","false","false","false","","","false"
"a3Tbn000000NX6yEAG","005bn000003k2JdAAI","","FC-000323","","","","","LLC_BI__Primary_ID_Issue_Date__c","","false","","","false","false","false","","a2Ebn000000ECFoEAO","2.0","","","false","","42246230385693262","Contact","false","","false","false","","","false","false","false","","","false"
"a3Tbn000000NX8YEAW","005bn000003k2JdAAI","","FC-000421","","","","","cm_State_ID_Issue_Date__c","","false","","","false","false","false","","a2Ebn000000ECGIEA4","2.0","","","false","","42251919564522158","Contact","false","","false","false","","","false","false","false","","","false"
"a3Tbn000000NX7rEAG","005bn000003k2JdAAI","","FC-000378","Business Type","","","","Legal_Entity_Type_cm__c","","false","","","false","false","false","","a2Ebn000000ECFvEAO","","","","false","","42254936313755270","Account","false","","false","false","","","false","false","false","","","false"
"a3Tbn000000NXBZEA4","005bn000003k2JdAAI","","FC-000608","","","","","LLC_BI__Identity_Verification_Status__c","","false","","","true","false","false","","a2Ebn000000ECFqEAO","","","","false","","42274285013268051","Contact","false","","false","false","","","false","false","false","","","false"
"a3Tbn000000NX78EAG","005bn000003k2JdAAI","","FC-000333","Please indicate whether or not you will be applying with any joint owners","","No","","cm_Applying_with_a_co_applicant__c","","false","","","false","false","true","","a2Ebn000000ECFiEAO","","","","false","","42277418551315200","LLC_BI__Deposit__c","true","","false","false","","","false","false","false","","","true"
"a3Tbn000000NX89EAG","005bn000003k2JdAAI","","FC-000396","Social Security Number (SSN)","","","XXXXXXXXX. Click here to view data -->","LLC_BI__SS__c","","false","","","false","false","false","","a2Ebn000000ECGDEA4","1.0","","As a federally regulated bank, we are required to know our customers. We use your SSN to pull your credit bureau data, which allows us to process your application.","true","Why do we need this?","42277839849495506","Contact","false","","false","false","","","false","false","false","","","false"
"a3Tbn000000NX8REAW","005bn000003k2JdAAI","","FC-000414","Mailing City","","","","Mailing_City_nCino__c","","false","","","false","false","false","","a2Ebn000000ECG2EAO","","","","false","","42279708347184093","Contact","false","","false","false","","","false","false","false","","","false"
"a3Tbn000000NX5DEAW","005bn000003k2JdAAI","","FC-000214","ZIP","","","","Mailing_Zip_code_nCino__c","","false","","","false","false","false","","a2Ebn000000ECFoEAO","2.0","","","false","","42280016273045072","Contact","false","","false","false","","","false","false","false","","","false"
"a3Tbn000000NX8TEAW","005bn000003k2JdAAI","","FC-000416","","","","","cm_State_ID_Number__c","","false","","","false","false","false","","a2Ebn000000ECGIEA4","2.0","","","false","","42284242043645238","Contact","false","","false","false","","","false","false","false","","","false"
"a3Tbn000000NX8OEAW","005bn000003k2JdAAI","","FC-000411","","","","","cm_Driver_License_Number__c","","false","","","false","false","false","","a2Ebn000000ECGIEA4","2.0","","","false","","42297774907060956","Contact","false","","false","false","","","false","false","false","","","false"
"a3Tbn000000NX7PEAW","005bn000003k2JdAAI","","FC-000350","","","","","cm_State_ID_Expiration_Date__c","","false","","","false","false","false","","a2Ebn000000ECFoEAO","2.0","","","false","","42312659049615237","Contact","false","","false","false","","","false","false","false","","","false"
"a3Tbn000000NX7KEAW","005bn000003k2JdAAI","","FC-000345","","","","","cm_State_ID_Issuing_State__c","","false","","","false","false","false","","a2Ebn000000ECFiEAO","2.0","","","false","","42316852133027920","Contact","false","","false","false","","","false","false","false","","","false"
"a3Tbn000000NX8hEAG","005bn000003k2JdAAI","","FC-000430","","","","","LLC_BI__Employer_Name__c","","false","","","true","false","false","","a2Ebn000000ECG2EAO","","","","false","","42318087916159094","Contact","false","","false","false","","","false","false","false","","","false"
"a3Tbn000000NX5WEAW","005bn000003k2JdAAI","","FC-000233","Date of Birth","","","","BirthDate","","false","","","false","false","false","","a2Ebn000000ECFiEAO","2.0","","","false","","42322599804262013","Contact","false","","false","false","","","false","false","false","","","false"
"a3Tbn000000NX8FEAW","005bn000003k2JdAAI","","FC-000402","","","","","cm_Is_Existing_Customer__c","","false","","","true","false","false","","a2Ebn000000ECFyEAO","","","","false","","42328191212231937","Contact","false","","false","false","","","false","false","false","","","false"
"a3Tbn000000MFQQEA4","005bn000003k2JdAAI","","FC-000126","","","","","LLC_BI__Approved_Loan_Amount__c","","false","","","false","true","false","","","","a2Fbn000000CzG4EAK","","false","","42330668526596006","LLC_BI__Loan__c","false","","false","false","","","false","false","false","","","false"
"a3Tbn000000NX6JEAW","005bn000003k2JdAAI","","FC-000282","Account Number","","","Click the icon to the right to view data","cs_Account_Number_ACH_Int__c","","false","","","false","false","false","","a2Ebn000000ECG7EAO","","","","false","","42344525828240534","LLC_BI__Deposit__c","false","","false","false","","","false","false","false","","","false"
"a3Tbn000000NX7cEAG","005bn000003k2JdAAI","","FC-000363","","","","","cm_Passport_Issuing_Country__c","","false","","","false","false","false","","a2Ebn000000ECFoEAO","2.0","","","false","","42348536401492660","Contact","false","","false","false","","","false","false","false","","","false"
"a3Tbn000000NXBuEAO","005bn000003k2JdAAI","","FC-000629","Doing Business As","","","","LLC_BI__Doing_Business_As__r.Name","","false","","","false","false","false","","","","a2Fbn000000DvU7EAK","","false","","42351442277867026","LLC_BI__Legal_Entities__c","false","","false","false","","","false","false","false","","","false"
"a3Tbn000000NX7WEAW","005bn000003k2JdAAI","","FC-000357","Mailing City","","","","Mailing_City_nCino__c","","false","","","false","false","false","","a2Ebn000000ECFlEAO","","","","false","","42353381029885564","Contact","false","","false","false","","","false","false","false","","","false"
"a3Tbn000000NX5aEAG","005bn000003k2JdAAI","","FC-000237","","","","","LLC_BI__Ownership_Percentage__c","","false","","","false","false","false","","a2Ebn000000ECG6EAO","","","Ownership Percentage must add up to 100%.","true","","42373678610170349","LLC_BI__Beneficiary__c","false","","false","false","","","false","false","false","","","false"
"a3Tbn000000NX7OEAW","005bn000003k2JdAAI","","FC-000349","","","","","cm_Driver_License_Issue_Date__c","","false","","","false","false","false","","a2Ebn000000ECFoEAO","2.0","","","false","","42374263449759102","Contact","false","","false","false","","","false","false","false","","","false"
"a3Tbn000000KmV8EAK","005bn000003k2JdAAI","","FC-000104","","","Booked","","LLC_BI__Stage__c","","false","","","false","false","false","","","","a2Fbn000000C3lfEAC","","false","","42376372932960978","LLC_BI__Loan__c","false","","false","false","","Stages to Display","false","false","false","","","false"
"a3Tbn000000NX53EAG","005bn000003k2JdAAI","","FC-000204","ZIP","","","","Mailing_Zip_code_nCino__c","","false","","","false","false","false","","a2Ebn000000ECFiEAO","2.0","","","false","","42383387322650082","Contact","false","","false","false","","","false","false","false","","","false"
"a3Tbn000000NXBdEAO","005bn000003k2JdAAI","","FC-000612","","","","","LLC_BI__Identity_Verification_Status__c","","false","","","true","false","false","","a2Ebn000000ECG2EAO","","","","false","","42385078677671405","Contact","false","","false","false","","","false","false","false","","","false"
"a3Tbn000000NX81EAG","005bn000003k2JdAAI","","FC-000388","","","","","cm_Driver_License_Number__c","","false","","","false","false","false","","a2Ebn000000ECGDEA4","2.0","","","false","","42390459134943312","Contact","false","","false","false","","","false","false","false","","","false"
"a3Tbn000000NXBlEAO","005bn000003k2JdAAI","","FC-000620","Routing Number","","","","Routing_Number_text__c","","false","","","false","false","false","","a2Ebn000000ECHyEAO","","","","false","","42392429195940475","LLC_BI__Funding_Method__c","false","","false","false","","","false","false","false","","","false"
"a3Tbn000000NX7BEAW","005bn000003k2JdAAI","","FC-000336","Primary ID Number","","","","LLC_BI__Drivers_License__c","","false","","","false","false","false","","a2Ebn000000ECFlEAO","2.0","","","false","","42401646606785320","Contact","false","","false","false","","","false","false","false","","","false"
"a3Tbn000000MFRREA4","005bn000003k2JdAAI","","FC-000189","","","{{artifact}}","","LLC_BI__Loan__c","","false","","","true","false","false","","a2Ebn000000DJuQEAW","","a2Fbn000000CzH8EAK","","false","","424061355665269857","LLC_BI__Income__c","false","","false","false","","","false","false","false","","","false"
"a3Tbn000000NX59EAG","005bn000003k2JdAAI","","FC-000210","ZIP","","","","LLC_BI__Home_Zipcode__c","","false","","","false","false","false","","a2Ebn000000ECFoEAO","2.0","","","false","","42421244114970636","Contact","false","","false","false","","","false","false","false","","","false"
"a3Tbn000000NX7tEAG","005bn000003k2JdAAI","","FC-000380","% of Ownership","","","","LLC_BI__Ownership_Percent__c","","false","","","false","false","false","","a2Ebn000000ECGDEA4","","","","false","","42426868571529296","LLC_BI__Connection__c","false","","false","false","","","false","false","false","","","false"
"a3Tbn000000NX8cEAG","005bn000003k2JdAAI","","FC-000425","Mailing Street Address","","","","Mailing_Address_nCino__c","","false","","","false","false","false","","a2Ebn000000ECG2EAO","","","","false","","42428709304360074","Contact","false","","false","false","","","false","false","false","","","false"
"a3Tbn000000NX50EAG","005bn000003k2JdAAI","","FC-000201","Mailing Address","","","","Mailing_Address_nCino__c","","false","","","false","false","false","","a2Ebn000000ECFiEAO","","","","false","","42429439045855396","Contact","false","","false","false","","","false","false","false","","","false"
"a3Tbn000000NX8VEAW","005bn000003k2JdAAI","","FC-000418","","","","","cm_Passport_Number__c","","false","","","false","false","false","","a2Ebn000000ECGIEA4","2.0","","","false","","42430945410084737","Contact","false","","false","false","","","false","false","false","","","false"
"a3Tbn000000NX5SEAW","005bn000003k2JdAAI","","FC-000229","","","","","LLC_BI__Primary_ID_Expiration_Date__c","","false","","","false","false","false","","a2Ebn000000ECFiEAO","2.0","","","false","","42447738913024110","Contact","false","","false","false","","","false","false","false","","","false"
"a3Tbn000000NX7iEAG","005bn000003k2JdAAI","","FC-000369","Mailing Zip Code","","","","Mailing_Zip_code_nCino__c","","false","","","false","false","false","","a2Ebn000000ECFlEAO","","","","false","","42455215506718680","Contact","false","","false","false","","","false","false","false","","","false"
"a3Tbn000000NX7EEAW","005bn000003k2JdAAI","","FC-000339","","","","","cm_Passport_Number__c","","false","","","false","false","false","","a2Ebn000000ECFiEAO","2.0","","","false","","42459944147818003","Contact","false","","false","false","","","false","false","false","","","false"
"a3Tbn000000NX6KEAW","005bn000003k2JdAAI","","FC-000283","","","","","cs_Bank_Name_ACH_Int__c","","false","","","false","false","false","","a2Ebn000000ECG7EAO","","","","false","","42463909366769377","LLC_BI__Deposit__c","false","","false","false","","","false","false","false","","","false"
"a3Tbn000000NX6PEAW","005bn000003k2JdAAI","","FC-000288","","","","","Funding_Amount__c","","false","","","true","false","true","","a2Ebn000000ECHxEAO","","","","false","","42463935261314287","LLC_BI__Funding_Method__c","false","","false","false","","","false","false","false","","","false"
"a3Tbn000000NX72EAG","005bn000003k2JdAAI","","FC-000327","","","","","cm_Is_Existing_Customer__c","","false","","","true","false","false","","a2Ebn000000ECFoEAO","","","","false","","42471941799949685","Contact","false","","false","false","","","false","false","false","","","false"
"a3Tbn000000NX8LEAW","005bn000003k2JdAAI","","FC-000408","Employer Identification Number (EIN)","","","","LLC_BI__Tax_Identification_Number__c","","false","","","false","false","false","","a2Ebn000000ECFyEAO","1.0","","","false","","42472564272756073","Account","false","","false","false","","","false","false","false","","","false"
"a3Tbn000000NX8UEAW","005bn000003k2JdAAI","","FC-000417","","","","","cm_Is_Existing_Customer__c","","false","","","true","false","false","","a2Ebn000000ECGIEA4","","","","false","","42481523342647172","Contact","false","","false","false","","","false","false","false","","","false"
"a3Tbn000000NX83EAG","005bn000003k2JdAAI","","FC-000390","","","","","cm_Passport_Number__c","","false","","","false","false","false","","a2Ebn000000ECGDEA4","2.0","","","false","","42489099032261627","Contact","false","","false","false","","","false","false","false","","","false"
"a3Tbn000000NX5xEAG","005bn000003k2JdAAI","","FC-000260","What industry is your business? (ie: Photography)","","","","Naics_lookup_cm__c","","false","","","false","false","false","","a2Ebn000000ECFvEAO","","","","false","","42495671498959677","Account","false","","false","false","","","false","false","false","","","false"
"a3Tbn000000NX8aEAG","005bn000003k2JdAAI","","FC-000423","","","","","cm_Is_Existing_Customer__c","","false","","","true","false","false","","a2Ebn000000ECG2EAO","","","","false","","42497079715605269","Contact","false","","false","false","","","false","false","false","","","false"
"a3Tbn000000NX5HEAW","005bn000003k2JdAAI","","FC-000218","Number of employees","","","","NumberOfEmployees","","false","","","false","false","false","","a2Ebn000000ECFvEAO","","","","false","","42504945345575070","Account","false","","false","false","","","false","false","false","","","false"
"a3Tbn000000NX6NEAW","005bn000003k2JdAAI","","FC-000286","","","","","cs_Personal_or_Business_Account_ACH_Int__c","","false","","","false","false","false","","a2Ebn000000ECG7EAO","2.0","","","false","","42505016652479823","LLC_BI__Deposit__c","false","","false","false","","","false","false","false","","","false"
"a3Tbn000000KmVCEA0","005bn000003k2JdAAI","","FC-000101","","","","","LLC_BI__Participation_Amount__c","","false","","","false","true","false","","","","a2Fbn000000C3imEAC","","false","","42514233700262164","LLC_BI__Participation__c","false","","false","false","","","false","false","false","","","false"
"a3Tbn000000KmVDEA0","005bn000003k2JdAAI","","FC-000102","","","","","cm_Available_Amount__c","","false","","","false","true","false","","","","a2Fbn000000C3imEAC","","false","","425142337002621641","LLC_BI__Participation__c","false","","false","false","","","false","false","false","","","false"
"a3Tbn000000NX5yEAG","005bn000003k2JdAAI","","FC-000261","Title","","","","LLC_BI__Official_Title__c","","false","","","false","false","false","","","","a2Fbn000000DvQdEAK","","false","","42514541898358303","LLC_BI__Connection__c","false","","false","false","","","false","false","false","","","false"
"a3Tbn000000NX5GEAW","005bn000003k2JdAAI","","FC-000217","What industry does your business belong to?","","","","Industry","","false","","","false","false","false","","a2Ebn000000ECFvEAO","","","","false","","42517627447877330","Account","false","","false","false","","","false","false","false","","","false"
"a3Tbn000000NX5TEAW","005bn000003k2JdAAI","","FC-000230","","","","","LLC_BI__Primary_ID_Issuing_State__c","","false","","","false","false","false","","a2Ebn000000ECFiEAO","2.0","","","false","","42518805838936832","Contact","false","","false","false","","","false","false","false","","","false"
"a3Tbn000000NX8NEAW","005bn000003k2JdAAI","","FC-000410","","","","","cm_Driver_License_Issue_Date__c","","false","","","false","false","false","","a2Ebn000000ECGIEA4","2.0","","","false","","42529993265302356","Contact","false","","false","false","","","false","false","false","","","false"
"a3Tbn000000NX6LEAW","005bn000003k2JdAAI","","FC-000284","","","","","cs_Title_of_Account_ACH_Int__c","","false","","","false","false","false","","a2Ebn000000ECG7EAO","2.0","","","false","","4253221988277282","LLC_BI__Deposit__c","false","","false","false","","","false","false","false","","","false"
"a3Tbn000000NX5FEAW","005bn000003k2JdAAI","","FC-000216","Employer Identification Number (EIN)","","","XXXXXXXXX. Click here to view data -->","LLC_BI__Tax_Identification_Number__c","Number must be either 11 characters exactly or 9 characters exactly.  It may be left blank for sole props.","true","(^\d\d\d\d\d\d\d\d\d\d\d$)|(^\d\d\d\d\d\d\d\d\d$)|(^\s*$)","If your business is registered, input your Employer Identification Number (EIN) here without hyphens, up to 11 digits.  If you are not yet registered, please enter your social security number without hyphens.","false","false","false","","a2Ebn000000ECFvEAO","1.0","","If registered business put your tax id here, if you are not registered, input your social security number.","true","Why do we need this?","42537585601716489","Account","false","","false","false","","","false","false","false","","","false"
"a3Tbn000000NX5LEAW","005bn000003k2JdAAI","","FC-000222","ZIP","","","","ShippingPostalCode","","false","","","false","false","false","","a2Ebn000000ECFvEAO","2.0","","","false","","42538146184896753","Account","false","","false","false","","","false","false","false","","","false"
"a3Tbn000000KmVBEA0","005bn000003k2JdAAI","","FC-000100","","","","","LLC_BI__Risk_Grade__c","","false","","","false","true","false","","","","a2Fbn000000C3cqEAC","","false","","42548186805845381","LLC_BI__Loan__c","false","","false","false","","","false","false","false","","","false"
"a3Tbn000000NX8AEAW","005bn000003k2JdAAI","","FC-000397","","","","","Role_cm__c","","false","","","false","false","false","","a2Ebn000000ECGDEA4","","","","false","","42567035753904353","LLC_BI__Connection__c","false","","false","false","","","false","false","false","","","true"
"a3Tbn000000NX7MEAW","005bn000003k2JdAAI","","FC-000347","","","","","cm_Passport_Expiration_Date__c","","false","","","false","false","false","","a2Ebn000000ECFiEAO","2.0","","","false","","42567464043188780","Contact","false","","false","false","","","false","false","false","","","false"
"a3Tbn000000NX7AEAW","005bn000003k2JdAAI","","FC-000335","","","","","cm_Is_Existing_Customer__c","","false","","","true","false","false","","a2Ebn000000ECFlEAO","","","","false","","42568860457147489","Contact","false","","false","false","","","false","false","false","","","false"
"a3Tbn000000NX7IEAW","005bn000003k2JdAAI","","FC-000343","","","","","cm_State_ID_Issue_Date__c","","false","","","false","false","false","","a2Ebn000000ECFiEAO","2.0","","","false","","42575302279568537","Contact","false","","false","false","","","false","false","false","","","false"
"a3Tbn000000NX5YEAW","005bn000003k2JdAAI","","FC-000235","","","","","LLC_BI__Employer_Name__c","","false","","","false","false","false","","a2Ebn000000ECFiEAO","2.0","","","false","","42579050111079790","Contact","false","","false","false","","","false","false","false","","","false"
"a3Tbn000000NX6xEAG","005bn000003k2JdAAI","","FC-000322","","","","","LLC_BI__Primary_ID_Issuing_State__c","","false","","","false","false","false","","a2Ebn000000ECFoEAO","2.0","","","false","","42584857274917120","Contact","false","","false","false","","","false","false","false","","","false"
"a3Tbn000000MFRQEA4","005bn000003k2JdAAI","","FC-000188","","","{{individual}}","","LLC_BI__Account__c","","false","","","true","false","false","","a2Ebn000000DJuQEAW","","a2Fbn000000CzH8EAK","","false","","425859702256566289","LLC_BI__Income__c","false","","false","false","","","false","false","false","","","false"
"a3Tbn000000NX7DEAW","005bn000003k2JdAAI","","FC-000338","","","","","cm_State_ID_Number__c","","false","","","false","false","false","","a2Ebn000000ECFiEAO","2.0","","","false","","42605195636242481","Contact","false","","false","false","","","false","false","false","","","false"
"a3Tbn000000NX4yEAG","005bn000003k2JdAAI","","FC-000199","State","","","","LLC_BI__Home_State__c","","false","","","false","false","false","","a2Ebn000000ECFiEAO","2.0","","","false","","42613266378371312","Contact","false","","false","false","","","false","false","false","","","false"
"a3Tbn000000NX7yEAG","005bn000003k2JdAAI","","FC-000385","County","","","","LLC_BI__Home_Address_County__c","","false","","","false","false","true","","a2Ebn000000ECGDEA4","2.0","","","false","","42620506494852145","Contact","false","","false","false","","","false","false","false","","","false"
"a3Tbn000000NX7NEAW","005bn000003k2JdAAI","","FC-000348","","","","","cm_Driver_License_Number__c","","false","","","false","false","false","","a2Ebn000000ECFoEAO","2.0","","","false","","42626025916882137","Contact","false","","false","false","","","false","false","false","","","false"
"a3Tbn000000NX7sEAG","005bn000003k2JdAAI","","FC-000379","Industry","","","","cm_Industry_Code__c","","false","","","false","false","false","","a2Ebn000000ECFvEAO","","","","false","","42627099070015477","Account","false","","false","false","","","false","false","false","","","false"
"a3Tbn000000NX5cEAG","005bn000003k2JdAAI","","FC-000239","Is your physical address the same as mailing address?","","","","Business_Mailing_Address_Same_as_Physica__c","","false","","","false","false","false","","","","a2Fbn000000DvQOEA0","","false","","42635601628945905","Account","false","","false","false","","","false","false","false","","","true"
"a3Tbn000000NX8GEAW","005bn000003k2JdAAI","","FC-000403","Primary ID Number","","","","LLC_BI__Drivers_License__c","","false","","","false","false","false","","a2Ebn000000ECFyEAO","2.0","","","false","","42644119176463326","Contact","false","","false","false","","","false","false","false","","","false"
"a3Tbn000000NX5OEAW","005bn000003k2JdAAI","","FC-000225","State","","","","BillingState","","false","","","false","false","false","","a2Ebn000000ECFvEAO","2.0","","","false","","42650537195122711","Account","false","","false","false","","","false","false","false","","","false"
"a3Tbn000000NX8QEAW","005bn000003k2JdAAI","","FC-000413","","","","","cm_Passport_Issuing_Country__c","","false","","","false","false","false","","a2Ebn000000ECGIEA4","2.0","","","false","","42656029738596131","Contact","false","","false","false","","","false","false","false","","","false"
"a3Tbn000000NX7UEAW","005bn000003k2JdAAI","","FC-000355","Mailing State","","","","Mailing_State_nCino__c","","false","","","false","false","false","","a2Ebn000000ECFqEAO","","","","false","","42663755846072679","Contact","false","","false","false","","","false","false","false","","","false"
"a3Tbn000000NX7REAW","005bn000003k2JdAAI","","FC-000352","","","","","cm_Passport_Number__c","","false","","","false","false","false","","a2Ebn000000ECFoEAO","2.0","","","false","","42672001438579776","Contact","false","","false","false","","","false","false","false","","","false"
"a3Tbn000000NX4wEAG","005bn000003k2JdAAI","","FC-000197","Physical Address","","","","LLC_BI__Home_Address__c","","false","","","false","false","false","","a2Ebn000000ECFiEAO","","","","false","","42672386830813474","Contact","false","","false","false","","","false","false","false","","","false"
"a3Tbn000000NX5EEAW","005bn000003k2JdAAI","","FC-000215","Business Name","","","","Name","","false","","","false","false","false","","a2Ebn000000ECFvEAO","","","","false","","42681911745122320","Account","false","","false","false","","","false","false","false","","","false"
"a3Tbn000000NX7YEAW","005bn000003k2JdAAI","","FC-000359","","","","","cm_Driver_License_Expiration_Date__c","","false","","","false","false","false","","a2Ebn000000ECFoEAO","2.0","","","false","","42687770662767431","Contact","false","","false","false","","","false","false","false","","","false"
"a3Tbn000000NXBcEAO","005bn000003k2JdAAI","","FC-000611","","","","","LLC_BI__Identity_Verification_Status__c","","false","","","true","false","false","","a2Ebn000000ECGIEA4","","","","false","","42692540146307409","Contact","false","","false","false","","","false","false","false","","","false"
"a3Tbn000000NX5IEAW","005bn000003k2JdAAI","","FC-000219","Mailing Address","","","","ShippingStreet","","false","","","false","false","false","","a2Ebn000000ECFvEAO","","","","false","","42693006913581569","Account","false","","false","false","","","false","false","false","","","false"
"a3Tbn000000NX7dEAG","005bn000003k2JdAAI","","FC-000364","Mailing City","","","","Mailing_City_nCino__c","","false","","","false","false","false","","a2Ebn000000ECFqEAO","","","","false","","42694061190828941","Contact","false","","false","false","","","false","false","false","","","false"
"a3Tbn000000NX6REAW","005bn000003k2JdAAI","","FC-000290","","","","","LLC_BI__Overdraft_Consent__c","","false","","","false","false","false","","a2Ebn000000ECFkEAO","","","","false","","42694903843073146","LLC_BI__Treasury_Service__c","false","","false","false","","","false","false","false","","","true"
"a3Tbn000000NX8dEAG","005bn000003k2JdAAI","","FC-000426","Mailing State","","","","Mailing_State_nCino__c","","false","","","false","false","false","","a2Ebn000000ECG2EAO","","","","false","","42697245429312957","Contact","false","","false","false","","","false","false","false","","","false"
"a3Tbn000000NX79EAG","005bn000003k2JdAAI","","FC-000334","","","","","cm_Is_Existing_Customer__c","","false","","","true","false","false","","a2Ebn000000ECFiEAO","","","","false","","42707406347271298","Contact","false","","false","false","","","false","false","false","","","false"
"a3Tbn000000MFQREA4","005bn000003k2JdAAI","","FC-000127","","","","","LLC_BI__Employee_Relationship__c","","false","","","false","true","false","","","","a2Fbn000000CzG5EAK","","false","","42708478902968159","Account","false","","false","false","","","false","false","false","","","false"
"a3Tbn000000NX71EAG","005bn000003k2JdAAI","","FC-000326","","","","","BirthDate","","false","","","false","false","false","","a2Ebn000000ECFoEAO","2.0","","","false","","42719344941492497","Contact","false","","false","false","","","false","false","false","","","false"
"a3Tbn000000NX88EAG","005bn000003k2JdAAI","","FC-000395","","","","","cm_State_ID_Issue_Date__c","","false","","","false","false","false","","a2Ebn000000ECGDEA4","2.0","","","false","","42721464494191276","Contact","false","","false","false","","","false","false","false","","","false"
"a3Tbn000000NX7pEAG","005bn000003k2JdAAI","","FC-000376","Are you a US Citizen?","","Yes","","LLC_BI__US_Citizen__c","","false","","","false","false","true","","a2Ebn000000ECFiEAO","","","","false","","42723019183882741","Contact","false","","false","false","","","false","false","false","","","true"
"a3Tbn000000NX5CEAW","005bn000003k2JdAAI","","FC-000213","State","","","","Mailing_State_nCino__c","","false","","","false","false","false","","a2Ebn000000ECFoEAO","2.0","","","false","","42730446738469620","Contact","false","","false","false","","","false","false","false","","","false"
"a3Tbn000000NXBaEAO","005bn000003k2JdAAI","","FC-000609","","","","","LLC_BI__Identity_Verification_Status__c","","false","","","true","false","false","","a2Ebn000000ECGDEA4","","","","false","","42743479958457387","Contact","false","","false","false","","","false","false","false","","","false"
"a3Tbn000000NXBpEAO","005bn000003k2JdAAI","","FC-000624","","","","","LLC_BI__Certifying_Individual__c","","false","","","false","false","false","","a2Ebn000000ECGDEA4","2.0","","","false","","42745100612158354","LLC_BI__Connection__c","false","","false","false","","","false","false","false","","","true"
"a3Tbn000000NX8PEAW","005bn000003k2JdAAI","","FC-000412","","","","","cm_Passport_Expiration_Date__c","","false","","","false","false","false","","a2Ebn000000ECGIEA4","2.0","","","false","","42759182234806460","Contact","false","","false","false","","","false","false","false","","","false"
"a3Tbn000000NX8bEAG","005bn000003k2JdAAI","","FC-000424","Primary ID Number","","","","LLC_BI__Drivers_License__c","","false","","","false","false","false","","a2Ebn000000ECG2EAO","2.0","","","false","","42762634586662325","Contact","false","","false","false","","","false","false","false","","","false"
"a3Tbn000000NX7LEAW","005bn000003k2JdAAI","","FC-000346","","","","","cm_State_ID_Expiration_Date__c","","false","","","false","false","false","","a2Ebn000000ECFiEAO","2.0","","","false","","42767950586050973","Contact","false","","false","false","","","false","false","false","","","false"
"a3Tbn000000NX57EAG","005bn000003k2JdAAI","","FC-000208","City","","","","LLC_BI__Home_City__c","","false","","","false","false","false","","a2Ebn000000ECFoEAO","2.0","","","false","","42770528297172943","Contact","false","","false","false","","","false","false","false","","","false"
"a3Tbn000000NX7nEAG","005bn000003k2JdAAI","","FC-000374","County","","","","LLC_BI__Home_Address_County__c","","false","","","false","false","true","","a2Ebn000000ECFiEAO","2.0","","","false","","42772003203185188","Contact","false","","false","false","","","false","false","false","","","false"
"a3Tbn000000NX7fEAG","005bn000003k2JdAAI","","FC-000366","Mailing Zip Code","","","","Mailing_Zip_code_nCino__c","","false","","","false","false","false","","a2Ebn000000ECFqEAO","","","","false","","42777848133203365","Contact","false","","false","false","","","false","false","false","","","false"
"a3Tbn000000NXBXEA4","005bn000003k2JdAAI","","FC-000606","","","","","LLC_BI__Identity_Verification_Status__c","","false","","","true","false","false","","a2Ebn000000ECFoEAO","","","","false","","42779073818678788","Contact","false","","false","false","","","false","false","false","","","false"
"a3Tbn000000NX7qEAG","005bn000003k2JdAAI","","FC-000377","Are you a US Citizen?","","Yes","","LLC_BI__US_Citizen__c","","false","","","false","false","true","","a2Ebn000000ECFoEAO","","","","false","","42781791805149454","Contact","false","","false","false","","","false","false","false","","","true"
"a3Tbn000000NX7kEAG","005bn000003k2JdAAI","","FC-000371","","","","","Email","","false","","","false","false","false","","a2Ebn000000ECFoEAO","2.0","","","false","","42786284743666440","Contact","false","","false","false","","","false","false","false","","","false"
"a3Tbn000000NXBeEAO","005bn000003k2JdAAI","","FC-000613","County","","","","LLC_BI__Home_Address_County__c","","false","","","false","false","true","","a2Ebn000000ECGIEA4","2.0","","","false","","42788258038224120","Contact","false","","false","false","","","false","false","false","","","false"
"a3Tbn000000MFQaEAO","005bn000003k2JdAAI","","FC-000136","","","Customer Reported","","LLC_BI__Income_Source__c","","false","","","true","false","false","","a2Ebn000000DJuQEAW","","","","false","","42791666029076773","LLC_BI__Income__c","false","","false","false","","","false","false","false","","","false"
"a3Tbn000000NX70EAG","005bn000003k2JdAAI","","FC-000325","Is your mailing address the same as your physical address?","","Yes","","cm_Mailing_Same_as_Physical__c","","false","","","false","false","false","","a2Ebn000000ECFoEAO","","","","false","","42794606760670156","Contact","false","","false","false","","","false","false","false","","","true"
"a3Tbn000000NX8ZEAW","005bn000003k2JdAAI","","FC-000422","","","","","cm_State_ID_Issuing_State__c","","false","","","false","false","false","","a2Ebn000000ECGIEA4","2.0","","","false","","42795524019941083","Contact","false","","false","false","","","false","false","false","","","false"
"a3Tbn000000NX8JEAW","005bn000003k2JdAAI","","FC-000406","Mailing State","","","","Mailing_State_nCino__c","","false","","","false","false","false","","a2Ebn000000ECFyEAO","","","","false","","42800524946572421","Contact","false","","false","false","","","false","false","false","","","false"
"a3Tbn000000NX5VEAW","005bn000003k2JdAAI","","FC-000232","Routing Number","","","","Routing_Number_text__c","","false","","","false","false","false","","a2Ebn000000ECHxEAO","","","","false","","42802066874970677","LLC_BI__Funding_Method__c","false","","false","false","","","false","false","false","","","false"
"a3Tbn000000NXBjEAO","005bn000003k2JdAAI","","FC-000618","Account Number","","","","cs_Account_Number_ACH_Int__c","","false","","","false","false","false","","a2Ebn000000ECFlEAO","","","","false","","42820142328730336","LLC_BI__Deposit__c","false","","false","false","","","false","false","false","","","false"
"a3Tbn000000NX8HEAW","005bn000003k2JdAAI","","FC-000404","Mailing Street Address","","","","Mailing_Address_nCino__c","","false","","","false","false","false","","a2Ebn000000ECFyEAO","","","","false","","42821724724428806","Contact","false","","false","false","","","false","false","false","","","false"
"a3Tbn000000NX5ZEAW","005bn000003k2JdAAI","","FC-000236","","","","","MobilePhone","","false","^\d\d\d\d\d\d\d\d\d\d$","Mobile phone numbers must be provided in 10 digit formats without hyphens","false","false","false","","a2Ebn000000ECFiEAO","2.0","","","false","","42841199839560553","Contact","false","","false","false","","","false","false","false","","","false"
"a3Tbn000000MFRSEA4","005bn000003k2JdAAI","","FC-000190","","","{{Contact}}","","LLC_BI__Contact__c","","false","","","true","false","false","","a2Ebn000000DJuQEAW","","a2Fbn000000CzH8EAK","","false","","428483814000740701","LLC_BI__Income__c","false","","false","false","","","false","false","false","","","false"
"a3Tbn000000NX4xEAG","005bn000003k2JdAAI","","FC-000198","City","","","","LLC_BI__Home_City__c","","false","","","false","false","false","","a2Ebn000000ECFiEAO","2.0","","","false","","42860304661096174","Contact","false","","false","false","","","false","false","false","","","false"
"a3Tbn000000NX86EAG","005bn000003k2JdAAI","","FC-000393","","","","","cm_State_ID_Issuing_State__c","","false","","","false","false","false","","a2Ebn000000ECGDEA4","2.0","","","false","","42861964562084382","Contact","false","","false","false","","","false","false","false","","","false"
"a3Tbn000000NX5MEAW","005bn000003k2JdAAI","","FC-000223","Physical Address","","","","BillingStreet","","false","","","false","false","false","","a2Ebn000000ECFvEAO","","","","false","","42864666876165233","Account","false","","false","false","","","false","false","false","","","false"
"a3Tbn000000NX84EAG","005bn000003k2JdAAI","","FC-000391","","","","","cm_Passport_Expiration_Date__c","","false","","","false","false","false","","a2Ebn000000ECGDEA4","2.0","","","false","","42865399386462269","Contact","false","","false","false","","","false","false","false","","","false"
"a3Tbn000000NX4zEAG","005bn000003k2JdAAI","","FC-000200","ZIP","","","","LLC_BI__Home_Zipcode__c","","false","^\d\d\d\d\d$","Zip codes must be provided in 5 digit formats","false","false","false","","a2Ebn000000ECFiEAO","2.0","","","false","","42871576252449486","Contact","false","","false","false","","","false","false","false","","","false"
"a3Tbn000000KmV9EAK","005bn000003k2JdAAI","","FC-000105","","","Booked","","LLC_BI__Stage__c","","false","","","false","false","false","","","","a2Fbn000000C3lnEAC","","false","","42874378885559190","LLC_BI__Loan__c","false","","false","false","","Stages to Display","false","false","false","","","false"
"a3Tbn000000NX6zEAG","005bn000003k2JdAAI","","FC-000324","","","","","LLC_BI__Primary_ID_Expiration_Date__c","","false","","","false","false","false","","a2Ebn000000ECFoEAO","2.0","","","false","","42876584995640380","Contact","false","","false","false","","","false","false","false","","","false"
"a3Tbn000000NX5UEAW","005bn000003k2JdAAI","","FC-000231","Is your mailing address the same as your physical address?","","Yes","","cm_Mailing_Same_as_Physical__c","","false","","","false","false","false","","a2Ebn000000ECFiEAO","","","","false","","42878170647582618","Contact","false","","false","false","","","false","false","false","","","true"
"a3Tbn000000NX6SEAW","005bn000003k2JdAAI","","FC-000291","Is your physical address the same as mailing address?","","","","Business_Mailing_Address_Same_as_Physica__c","","false","","","false","false","false","","a2Ebn000000CRJhEAO","","","","false","","42881327394067343","Account","false","","false","false","","","false","false","false","","","false"
"a3Tbn000000NX7gEAG","005bn000003k2JdAAI","","FC-000367","Mailing Street Address","","","","Mailing_Address_nCino__c","","false","","","false","false","false","","a2Ebn000000ECFlEAO","","","","false","","42888436751204850","Contact","false","","false","false","","","false","false","false","","","false"
"a3Tbn000000NX5JEAW","005bn000003k2JdAAI","","FC-000220","City","","","","ShippingCity","","false","","","false","false","false","","a2Ebn000000ECFvEAO","","","","false","","42888529303835256","Account","false","","false","false","","","false","false","false","","","false"
"a3Tbn000000NX7CEAW","005bn000003k2JdAAI","","FC-000337","","","","","cm_Driver_License_Number__c","","false","","","false","false","false","","a2Ebn000000ECFiEAO","2.0","","","false","","42891203174350436","Contact","false","","false","false","","","false","false","false","","","false"
"a3Tbn000000NX7HEAW","005bn000003k2JdAAI","","FC-000342","","","","","cm_Driver_License_Issuing_State__c","","false","","","false","false","false","","a2Ebn000000ECFiEAO","2.0","","","false","","42895656642475848","Contact","false","","false","false","","","false","false","false","","","false"
"a3Tbn000000NXBnEAO","005bn000003k2JdAAI","","FC-000622","Routing Number","","","","cs_Routing_Number_ACH_Int__c","","false","","","false","false","false","","a2Ebn000000ECFlEAO","","","","false","","42902512248571379","LLC_BI__Deposit__c","false","","false","false","","","false","false","false","","","false"
"a3Tbn000000NX8XEAW","005bn000003k2JdAAI","","FC-000420","","","","","cm_State_ID_Expiration_Date__c","","false","","","false","false","false","","a2Ebn000000ECGIEA4","2.0","","","false","","42903915075875059","Contact","false","","false","false","","","false","false","false","","","false"
"a3Tbn000000NX7bEAG","005bn000003k2JdAAI","","FC-000362","","","","","cm_Driver_License_Issuing_State__c","","false","","","false","false","false","","a2Ebn000000ECFoEAO","2.0","","","false","","42908933482000774","Contact","false","","false","false","","","false","false","false","","","false"
"a3Tbn000000NX82EAG","005bn000003k2JdAAI","","FC-000389","","","","","cm_Is_Existing_Customer__c","","false","","","true","false","false","","a2Ebn000000ECGDEA4","","","","false","","42910836270739688","Contact","false","","false","false","","","false","false","false","","","false"
"a3Tbn000000NXBiEAO","005bn000003k2JdAAI","","FC-000617","Industry","","","","cm_Industry_Code__c","","false","","","false","false","false","","a2Ebn000000ECFyEAO","","","","false","","42922993310384083","Account","false","","false","false","","","false","false","false","","","false"
"a3Tbn000000KmWUEA0","005bn000003k2JdAAI","","FC-000099","","","","","LLC_BI__Approval_Status__c","","false","","","false","true","false","","","","a2Fbn000000C3jDEAS","","false","","42937821374556311","LLC_BI__Credit_Memo_Modifcation__c","false","","false","false","","","false","false","false","","","false"
"a3Tbn000000NX7jEAG","005bn000003k2JdAAI","","FC-000370","","","","","Email","","false","","","false","false","false","","a2Ebn000000ECFiEAO","2.0","","","false","","42941682173730543","Contact","false","","false","false","","","false","false","false","","","false"
"a3Tbn000000NX8IEAW","005bn000003k2JdAAI","","FC-000405","Mailing City","","","","Mailing_City_nCino__c","","false","","","false","false","false","","a2Ebn000000ECFyEAO","","","","false","","42943242998380394","Contact","false","","false","false","","","false","false","false","","","false"
"a3Tbn000000NX7zEAG","005bn000003k2JdAAI","","FC-000386","","","","","cm_Driver_License_Issuing_State__c","","false","","","false","false","false","","a2Ebn000000ECGDEA4","2.0","","","false","","42947732255424194","Contact","false","","false","false","","","false","false","false","","","false"
"a3Tbn000000NX77EAG","005bn000003k2JdAAI","","FC-000332","","","","","cm_Passport_Issuing_Country__c","","false","","","false","false","false","","a2Ebn000000ECFiEAO","2.0","","","false","","42948074330755074","Contact","false","","false","false","","","false","false","false","","","false"
"a3Tbn000000NX7xEAG","005bn000003k2JdAAI","","FC-000384","","","","","cm_Passport_Issuing_Country__c","","false","","","false","false","false","","a2Ebn000000ECGDEA4","2.0","","","false","","42955708147574057","Contact","false","","false","false","","","false","false","false","","","false"
"a3Tbn000000NX58EAG","005bn000003k2JdAAI","","FC-000209","State","","","","LLC_BI__Home_State__c","","false","","","false","false","false","","a2Ebn000000ECFoEAO","2.0","","","false","","42963508015219388","Contact","false","","false","false","","","false","false","false","","","false"
"a3Tbn000000NX52EAG","005bn000003k2JdAAI","","FC-000203","State","","","","Mailing_State_nCino__c","","false","","","false","false","false","","a2Ebn000000ECFiEAO","2.0","","","false","","42966195839692690","Contact","false","","false","false","","","false","false","false","","","false"
"a3Tbn000000NXBVEA4","005bn000003k2JdAAI","","FC-000604","","","","","LLC_BI__Identity_Verification_Status__c","","false","","","true","false","false","","a2Ebn000000ECFiEAO","","","","false","","42969153747943585","Contact","false","","false","false","","","false","false","false","","","false"
"a3Tbn000000NXBWEA4","005bn000003k2JdAAI","","FC-000605","","","","","LLC_BI__Identity_Verification_Status__c","","false","","","true","false","false","","a2Ebn000000ECFlEAO","","","","false","","42983282892472785","Contact","false","","false","false","","","false","false","false","","","false"
"a3Tbn000000NX6uEAG","005bn000003k2JdAAI","","FC-000319","","","New","","LLC_BI__Approval_Status__c","","false","","","false","true","false","","","","a2Fbn000000C3X1EAK","","false","","42983664713190908","LLC_BI__Credit_Memo_Modifcation__c","false","","false","false","","","false","false","false","","","false"
"a3Tbn000000NX6wEAG","005bn000003k2JdAAI","","FC-000321","Primary ID Number","","","","LLC_BI__Drivers_License__c","","false","","","false","false","false","","a2Ebn000000ECFoEAO","2.0","","","false","","42994504337174287","Contact","false","","false","false","","","false","false","false","","","false"
"a3Tbn000000NX4vEAG","005bn000003k2JdAAI","","FC-000196","Social Security Number (SSN)","","","XXXXXXXXX. Click here to view data -->","LLC_BI__SS__c","","false","","","false","false","false","","a2Ebn000000ECFiEAO","1.0","","As a federally regulated bank, we are required to know our customers. We use your SSN to pull your credit bureau data, which allows us to process your application.","true","Why do we need this?","42998338116422114","Contact","false","","false","false","","","false","false","false","","","false"
"a3Tbn000000MFRVEA4","005bn000003k2JdAAI","","FC-000193","","","{{individual}}","","LLC_BI__Connected_To__c","","false","","","true","false","false","","a2Ebn000000DJucEAG","","","","false","","438749374193074","LLC_BI__Connection__c","false","","false","false","","","false","false","false","","","false"
"a3Tbn000000MFQNEA4","005bn000003k2JdAAI","","FC-000123","Doing Business As","","","","LLC_BI__Doing_Business_As__r.Name","","false","","","false","false","false","","","","a2Fbn000000CzG3EAK","","false","","43961640791248635","LLC_BI__Legal_Entities__c","false","","false","false","","","false","false","false","","","false"
"a3Tbn000000NX61EAG","005bn000003k2JdAAI","","FC-000264","Mobile Phone Number","","","","MobilePhone","","false","","","false","false","false","","a2Ebn000000ECGIEA4","2.0","","","false","","44201598553324131","Contact","false","","false","false","","","false","false","false","","","false"
"a3Tbn000000MFQbEAO","005bn000003k2JdAAI","","FC-000137","Is your mailing address the same as your physical address?","","Yes","","cm_Mailing_Same_as_Physical__c","","false","","","false","false","false","","a2Ebn000000DJuPEAW","","","","false","","45311666029076773","Contact","false","","false","false","","","false","false","false","","","true"
"a3Tbn000000MFR5EAO","005bn000003k2JdAAI","","FC-000167","Legal Business Name","","","","Name","","false","","","false","false","false","","a2Ebn000000DJuOEAW","","","","false","","48511666029076787","Account","false","","false","false","","","false","false","false","","","false"
"a3Tbn000000NXBtEAO","005bn000003k2JdAAI","","FC-000628","","","","","LLC_BI__Lookupkey__c","","false","","","true","false","false","","","","a2Fbn000000DvU3EAK","","false","","49441701790671659","LLC_BI__Product_Reference__r","false","","false","false","","","false","false","false","","","false"
"a3Tbn000000MFQcEAO","005bn000003k2JdAAI","","FC-000138","","","","","cm_Driver_License_Issuing_State__c","","false","","","false","false","false","","a2Ebn000000DJuPEAW","2.0","","","false","","50051666029076773","Contact","false","","false","false","","","false","false","false","","","false"
"a3Tbn000000MFQWEA4","005bn000003k2JdAAI","","FC-000132","","","true","","cm_Is_Existing_Customer__c","","false","","","true","false","false","","a2Ebn000000DJuOEAW","","","","false","","51731666029076771","Account","false","","false","false","","","false","false","false","","","false"
"a3Tbn000000MFQeEAO","005bn000003k2JdAAI","","FC-000140","Social Security Number (SSN)","","","XXXXXXXXX","LLC_BI__SS__c","","false","","","false","false","false","","a2Ebn000000DJuPEAW","1.0","","As a federally regulated bank, we are required to know our customers. We use your SSN to pull your credit bureau data, which allows us to process your application.","true","Why do we need this?","54831666029076774","Contact","false","","false","false","","","false","false","false","","","false"
"a3Tbn000000MFRAEA4","005bn000003k2JdAAI","","FC-000172","","","","","cm_Driver_License_Number__c","","false","","","false","false","false","","a2Ebn000000DJuPEAW","2.0","","","false","","54861666029076789","Contact","false","","false","false","","","false","false","false","","","false"
"a3Tbn000000NX66EAG","005bn000003k2JdAAI","","FC-000269","Is your mailing address the same as your physical address?","","","","cm_Mailing_Same_as_Physical__c","","false","","","false","false","false","","a2Ebn000000ECGIEA4","","","","false","","55761598553324133","Contact","false","","false","false","","","false","false","false","","","true"
"a3Tbn000000KmVAEA0","005bn000003k2JdAAI","","FC-000098","","","","","Name","","false","","","false","true","false","","","","a2Fbn000000C3jDEAS","","false","","575766443567986","LLC_BI__Credit_Memo_Modifcation__c","false","","false","false","","","false","false","false","","","false"
"a3Tbn000000MFQPEA4","005bn000003k2JdAAI","","FC-000125","","","","","LLC_BI__Total_Direct_Exposure__c","","false","","","false","true","false","","","","a2Fbn000000CzGQEA0","","false","","59711640791248637","Account","false","","false","false","","","false","false","false","","","false"
"a3Tbn000000NX6AEAW","005bn000003k2JdAAI","","FC-000273","","","","","LLC_BI__Primary_ID_Issue_Date__c","","false","","","false","false","false","","a2Ebn000000ECGIEA4","2.0","","","false","","61611598553324134","Contact","false","","false","false","","","false","false","false","","","false"
"a3Tbn000000NX5lEAG","005bn000003k2JdAAI","","FC-000248","City","","","","LLC_BI__Home_City__c","","false","","","false","false","false","","a2Ebn000000ECGDEA4","","","","false","","61711598381727931","Contact","false","","false","false","","","false","false","false","","","false"
"a3Tbn000000MFRLEA4","005bn000003k2JdAAI","","FC-000183","","","{{individual}}","","LLC_BI__Account__c","","false","","","false","false","false","","a2Ebn000000DJuREAW","","","","false","","61841666029076795","LLC_BI__Debt__c","false","","false","false","","","false","false","false","","","false"
"a3Tbn000000NX62EAG","005bn000003k2JdAAI","","FC-000265","Social Security Number (SSN)","","","XXXXXXXXX","LLC_BI__SS__c","","false","","","false","false","false","","a2Ebn000000ECGIEA4","1.0","","As a federally regulated bank, we are required to know our customers. We use your SSN to pull your credit bureau data, which allows us to process your application.","true","Why do we need this?","62171598553324132","Contact","false","","false","false","","","false","false","false","","","false"
"a3Tbn000000MFQuEAO","005bn000003k2JdAAI","","FC-000156","Tax Identification Number (TIN)","","","XX-XXXXXXX","LLC_BI__Tax_Identification_Number__c","","false","","","false","false","false","","a2Ebn000000DJuOEAW","1.0","","As a federally regulated bank, we are required to know our customers. We use your TIN to pull your credit bureau data, which allows us to process your application.","true","Why do we need this?","62281666029076782","Account","false","","false","false","","","false","false","false","","","false"
"a3Tbn000000NX65EAG","005bn000003k2JdAAI","","FC-000268","Primary ID Number","","","","LLC_BI__Drivers_License__c","","false","","","false","false","false","","a2Ebn000000ECGIEA4","2.0","","","false","","63091598553324133","Contact","false","","false","false","","","false","false","false","","","false"
"a3Tbn000000MFRKEA4","005bn000003k2JdAAI","","FC-000182","","","","","cm_State_ID_Number__c","","false","","","false","false","false","","a2Ebn000000DJuPEAW","2.0","","","false","","64911666029076795","Contact","false","","false","false","","","false","false","false","","","false"
"a3Tbn000000MFQXEA4","005bn000003k2JdAAI","","FC-000133","Number of employees","","","","NumberOfEmployees","","false","","","false","false","false","","a2Ebn000000DJuOEAW","","","","false","","65161666029076771","Account","false","","false","false","","","false","false","false","","","false"
"a3Tbn000000MFRHEA4","005bn000003k2JdAAI","","FC-000179","","","","","cm_Is_existing_customer__c","","false","","","true","false","false","","a2Ebn000000DJuPEAW","","","","false","","65341666029076793","Contact","false","","false","false","","","false","false","false","","","false"
"a3Tbn000000MFQnEAO","005bn000003k2JdAAI","","FC-000149","Mailing Address","","","","OtherStreet","","false","","","false","false","false","","a2Ebn000000DJuPEAW","","","","false","","66301666029076778","Contact","false","","false","false","","","false","false","false","","","false"
"a3Tbn000000MFQpEAO","005bn000003k2JdAAI","","FC-000151","","","","","cm_Passport_Expiration_Date__c","","false","","","false","false","false","","a2Ebn000000DJuPEAW","2.0","","","false","","67661666029076779","Contact","false","","false","false","","","false","false","false","","","false"
"a3Tbn000000NX5nEAG","005bn000003k2JdAAI","","FC-000250","Citizenship","","","","LLC_BI__Country_of_Citizenship__c","","false","","","false","false","false","","a2Ebn000000ECGDEA4","2.0","","","false","","67871598381727932","Contact","false","","false","false","","","false","false","false","","","false"
"a3Tbn000000MFR6EAO","005bn000003k2JdAAI","","FC-000168","State","","","","ShippingState","","false","","","false","false","false","","a2Ebn000000DJuOEAW","2.0","","","false","","68691666029076787","Account","false","","false","false","","","false","false","false","","","false"
"a3Tbn000000MFRIEA4","005bn000003k2JdAAI","","FC-000180","","","","","MailingStreet","","false","","","false","false","false","","a2Ebn000000DJuPEAW","","","","false","","69411666029076794","Contact","false","","false","false","","","false","false","false","","","false"
"a3Tbn000000MFR0EAO","005bn000003k2JdAAI","","FC-000162","Legal Entity Type","","","","Type","","false","","","false","false","false","","a2Ebn000000DJuOEAW","","","","false","","69611666029076784","Account","false","","false","false","","","false","false","false","","","false"
"a3Tbn000000MFQvEAO","005bn000003k2JdAAI","","FC-000157","","","{{artifact}}","","LLC_BI__Loan__c","","false","","","true","false","false","","a2Ebn000000DJuREAW","","","","false","","71241666029076782","LLC_BI__Debt__c","false","","false","false","","","false","false","false","","","false"
"a3Tbn000000NX6DEAW","005bn000003k2JdAAI","","FC-000276","","","","","LLC_BI__Employer_Name__c","","false","","","true","false","false","","a2Ebn000000ECGIEA4","2.0","","","false","","73061598553324135","Contact","false","","false","false","","","false","false","false","","","false"
"a3Tbn000000MFRUEA4","005bn000003k2JdAAI","","FC-000192","","","{{business}}","","LLC_BI__Connected_From__c","","false","","","true","false","false","","a2Ebn000000DJucEAG","","","","false","","7438749374109374091","LLC_BI__Connection__c","false","","false","false","","","false","false","false","","","false"
"a3Tbn000000NX64EAG","005bn000003k2JdAAI","","FC-000267","","","","","LastName","","false","","","false","false","false","","a2Ebn000000ECGIEA4","2.0","","","false","","74511598553324132","Contact","false","","false","false","","","false","false","false","","","false"
"a3Tbn000000NX5sEAG","005bn000003k2JdAAI","","FC-000255","State","","","","LLC_BI__Home_State__c","","false","","","false","false","false","","a2Ebn000000ECGDEA4","2.0","","","false","","74871598381727933","Contact","false","","false","false","","","false","false","false","","","false"
"a3Tbn000000NX63EAG","005bn000003k2JdAAI","","FC-000266","City","","","","Mailing_City_nCino__c","","false","","","false","false","false","","a2Ebn000000ECGIEA4","","","","false","","75341598553324132","Contact","false","","false","false","","","false","false","false","","","false"
"a3Tbn000000NX5fEAG","005bn000003k2JdAAI","","FC-000242","","","","","LLC_BI__Primary_ID_Expiration_Date__c","","false","","","false","false","false","","a2Ebn000000ECGDEA4","2.0","","","false","","75471598381727928","Contact","false","","false","false","","","false","false","false","","","false"
"a3Tbn000000NX5iEAG","005bn000003k2JdAAI","","FC-000245","","","","","LLC_BI__Primary_ID_Issuing_State__c","","false","","","false","false","false","","a2Ebn000000ECGDEA4","2.0","","","false","","75551598381727929","Contact","false","","false","false","","","false","false","false","","","false"
"a3Tbn000000NXBqEAO","005bn000003k2JdAAI","","FC-000625","","","","","LLC_BI__Lookupkey__c","","false","","","true","false","false","","","","a2Fbn000000DvU0EAK","","false","","78781701790671657","LLC_BI__Product_Reference__r","false","","false","false","","","false","false","false","","","false"
"a3Tbn000000NX60EAG","005bn000003k2JdAAI","","FC-000263","State","","","","Mailing_State_nCino__c","","false","","","false","false","false","","a2Ebn000000ECGIEA4","2.0","","","false","","79571598553324131","Contact","false","","false","false","","","false","false","false","","","false"
"a3Tbn000000MFQSEA4","005bn000003k2JdAAI","","FC-000128","","","","","LLC_BI__Account__c","","false","","","false","true","false","","","","a2Fbn000000CzGnEAK","","false","","80061663700626156","LLC_BI__Loan__c","false","","false","false","","","false","false","false","","","false"
"a3Tbn000000MFRCEA4","005bn000003k2JdAAI","","FC-000174","Billing Address","","","","BillingStreet","","false","","","false","false","false","","a2Ebn000000DJuOEAW","","","","false","","80831666029076791","Account","false","","false","false","","","false","false","false","","","false"
"a3Tbn000000MFQyEAO","005bn000003k2JdAAI","","FC-000160","","","Rent- Reported via Online App","","LLC_BI__Debt_Type__c","","false","","","true","false","false","","a2Ebn000000DJuREAW","","","","false","","81931666029076783","LLC_BI__Debt__c","false","","false","false","","","false","false","false","","","false"
"a3Tbn000000NX6CEAW","005bn000003k2JdAAI","","FC-000275","","","","","LLC_BI__Primary_ID_Issuing_State__c","","false","","","false","false","false","","a2Ebn000000ECGIEA4","2.0","","","false","","82341598553324135","Contact","false","","false","false","","","false","false","false","","","false"
"a3Tbn000000MFQjEAO","005bn000003k2JdAAI","","FC-000145","","","","","LLC_BI__Identity_Verification_Status__c","","false","","","true","false","false","","a2Ebn000000DJuPEAW","","","","false","","83201666029076777","Contact","false","","false","false","","","false","false","false","","","false"
"a3Tbn000000MFR1EAO","005bn000003k2JdAAI","","FC-000163","","","","","cm_Passport_Issuing_Country__c","","false","","","false","false","false","","a2Ebn000000DJuPEAW","2.0","","","false","","84031666029076785","Contact","false","","false","false","","","false","false","false","","","false"
"a3Tbn000000MFQkEAO","005bn000003k2JdAAI","","FC-000146","State","","","","OtherState","","false","","","false","false","false","","a2Ebn000000DJuPEAW","2.0","","","false","","84251666029076777","Contact","false","","false","false","","","false","false","false","","","false"
"a3Tbn000000NX6GEAW","005bn000003k2JdAAI","","FC-000279","ZIP","","","","Mailing_Zip_code_nCino__c","","false","","","false","false","false","","a2Ebn000000ECGIEA4","2.0","","","false","","84371598553324136","Contact","false","","false","false","","","false","false","false","","","false"
"a3Tbn000000MFQUEA4","005bn000003k2JdAAI","","FC-000130","Mobile Phone Number","","","","MobilePhone","","false","","","false","false","false","","a2Ebn000000DJuPEAW","","","","false","","86561666029076770","Contact","false","","false","false","","","false","false","false","","","false"
"a3Tbn000000NX5kEAG","005bn000003k2JdAAI","","FC-000247","","","","","LLC_BI__Home_Address__c","","false","","","false","false","false","","a2Ebn000000ECGDEA4","","","","false","","87531598381727930","Contact","false","","false","false","","","false","false","false","","","false"
"a3Tbn000000MFR8EAO","005bn000003k2JdAAI","","FC-000170","Are there additional business entities you need to add to the borrowing structure?","","","","cm_Additional_Business_Entities_Involved__c","","false","","","false","false","false","","a2Ebn000000DJuOEAW","","","","false","","87571666029076788","Account","false","","false","false","","","false","false","false","","","false"
"a3Tbn000000MFQwEAO","005bn000003k2JdAAI","","FC-000158","","","Customer Reported","","LLC_BI__Income_Source__c","","false","","","true","false","false","","a2Ebn000000DJuQEAW","","","","false","","88741666029076783","LLC_BI__Income__c","false","","false","false","","","false","false","false","","","false"
"a3Tbn000000MFQoEAO","005bn000003k2JdAAI","","FC-000150","City","","","","MailingCity","","false","","","false","false","false","","a2Ebn000000DJuPEAW","","","","false","","91691666029076779","Contact","false","","false","false","","","false","false","false","","","false"
"a3Tbn000000MFRFEA4","005bn000003k2JdAAI","","FC-000177","Is Mailing Address Same as Physical Address?","","","","Business_Mailing_Address_Same_as_Physica__c","","false","","","false","false","false","","a2Ebn000000DJuOEAW","","","","false","","91881666029076792","Account","false","","false","false","","","false","false","false","","","false"
"a3Tbn000000MFRMEA4","005bn000003k2JdAAI","","FC-000184","ZIP","","","","OtherPostalCode","","false","","","false","false","false","","a2Ebn000000DJuPEAW","2.0","","","false","","92141666029076796","Contact","false","","false","false","","","false","false","false","","","false"
"a3Tbn000000MFQOEA4","005bn000003k2JdAAI","","FC-000124","","","","","LLC_BI__Account__c","","false","","","false","true","false","","","","a2Fbn000000CzGQEA0","","false","","92701640791248637","LLC_BI__Loan__c","false","","false","false","","","false","false","false","","","false"
"a3Tbn000000MFQiEAO","005bn000003k2JdAAI","","FC-000144","Do you rent or own the current address?","","","","cm_Rent_or_Own_Current_Address__c","","false","","","false","false","false","","a2Ebn000000DJuPEAW","","","","false","","92771666029076776","Contact","false","","false","false","","","false","false","false","","","false"
"a3Tbn000000NX5dEAG","005bn000003k2JdAAI","","FC-000240","Mailing Address","","","","Mailing_Address_nCino__c","","false","","","false","false","false","","a2Ebn000000ECGDEA4","","","","false","","97141598381727927","Contact","false","","false","false","","","false","false","false","","","false"
"a3Tbn000000NX5uEAG","005bn000003k2JdAAI","","FC-000257","Primary ID Number","","","","LLC_BI__Drivers_License__c","","false","","","false","false","false","","a2Ebn000000ECGDEA4","2.0","","","false","","97601598381727934","Contact","false","","false","false","","","false","false","false","","","false"
"a3Tbn000000MFRDEA4","005bn000003k2JdAAI","","FC-000175","City","","","","BillingCity","","false","","","false","false","false","","a2Ebn000000DJuOEAW","","","","false","","98461666029076791","Account","false","","false","false","","","false","false","false","","","false"
"a3Tbn000000MFQDEA4","005bn000003k2JdAAI","","FC-000113","Social Security Number (SSN)","","","XXXXXXXXX","LLC_BI__SS__c","","false","","","false","false","false","","a2Ebn000000DJt1EAG","1.0","","As a federally regulated bank, we are required to know our customers. We use your SSN to pull your credit bureau data, which allows us to process your application.","true","Why do we need this?","a3T4S000000CbmFUAS","Contact","false","","false","false","","","false","false","false","","","false"
"a3Tbn000000MFQEEA4","005bn000003k2JdAAI","","FC-000114","Mobile Phone Number","","","","MobilePhone","","false","","","false","false","false","","a2Ebn000000DJt1EAG","","","","false","","a3T4S000000CbmGUAS","Contact","false","","false","false","","","false","false","false","","","false"
"a3Tbn000000MFQFEA4","005bn000003k2JdAAI","","FC-000115","","","","","LLC_BI__Home_Address__c","","false","","","false","false","false","","a2Ebn000000DJt1EAG","","","","false","","a3T4S000000CbmHUAS","Contact","false","","false","false","","","false","false","false","","","false"
"a3Tbn000000MFQGEA4","005bn000003k2JdAAI","","FC-000116","City","","","","LLC_BI__Home_City__c","","false","","","false","false","false","","a2Ebn000000DJt1EAG","","","","false","","a3T4S000000CbmIUAS","Contact","false","","false","false","","","false","false","false","","","false"
"a3Tbn000000MFQHEA4","005bn000003k2JdAAI","","FC-000117","State","","","","LLC_BI__Home_State__c","","false","","","false","false","false","","a2Ebn000000DJt1EAG","2.0","","","false","","a3T4S000000CbmJUAS","Contact","false","","false","false","","","false","false","false","","","false"
"a3Tbn000000MFQIEA4","005bn000003k2JdAAI","","FC-000118","ZIP","","","","LLC_BI__Home_Zipcode__c","","false","","","false","false","false","","a2Ebn000000DJt1EAG","2.0","","","false","","a3T4S000000CbmKUAS","Contact","false","","false","false","","","false","false","false","","","false"
"a3Tbn000000MFQJEA4","005bn000003k2JdAAI","","FC-000119","Mailing Address","","","","Mailing_Address_nCino__c","","false","","","false","false","false","","a2Ebn000000DJt1EAG","","","","false","","a3T4S000000CbmLUAS","Contact","false","","false","false","","","false","false","false","","","false"
"a3Tbn000000MFQKEA4","005bn000003k2JdAAI","","FC-000120","City","","","","Mailing_City_nCino__c","","false","","","false","false","false","","a2Ebn000000DJt1EAG","","","","false","","a3T4S000000CbmMUAS","Contact","false","","false","false","","","false","false","false","","","false"
"a3Tbn000000MFQLEA4","005bn000003k2JdAAI","","FC-000121","State","","","","Mailing_State_nCino__c","","false","","","false","false","false","","a2Ebn000000DJt1EAG","2.0","","","false","","a3T4S000000CbmNUAS","Contact","false","","false","false","","","false","false","false","","","false"
"a3Tbn000000MFQMEA4","005bn000003k2JdAAI","","FC-000122","ZIP","","","","Mailing_Zip_code_nCino__c","","false","","","false","false","false","","a2Ebn000000DJt1EAG","2.0","","","false","","a3T4S000000CbmOUAS","Contact","false","","false","false","","","false","false","false","","","false"
"a3Tbn000000NX6QEAW","005bn000003k2JdAAI","","FC-000289","","","","","LLC_BI__Home_Address__c","","false","","","false","false","false","","a2Ebn000000CRJvEAO","","a2Fbn000000C3g6EAC","","false","","a3T5f000000kOAdEAM","Contact","false","","false","false","","","false","false","false","","","false"
"a3Tbn000000KmVEEA0","005bn000003kBWeAAM","","FC-000000","","","","","nFORCE__Field_Name__c","","false","","","true","false","false","","","","a2Fbn000000C3UiEAK","","false","","a3Tbn000000KmVEEA0","nFORCE__Field_Configuration__c","false","","false","false","","","false","false","false","","","false"
"a3Tbn000000KmVFEA0","005bn000003kBWeAAM","","FC-000001","","","","","nFORCE__Field_Name__c","","false","","","true","false","false","","","","a2Fbn000000C3UiEAK","","false","","a3Tbn000000KmVFEA0","nFORCE__Field_Configuration__c","false","","false","false","","","false","false","false","","","false"
"a3Tbn000000KmVGEA0","005bn000003kBWeAAM","","FC-000002","","","","","nFORCE__Field_Name__c","","false","","","true","false","false","","","","a2Fbn000000C3UiEAK","","false","","a3Tbn000000KmVGEA0","nFORCE__Field_Configuration__c","false","","false","false","","","false","false","false","","","false"
"a3Tbn000000KmVHEA0","005bn000003k2JdAAI","","FC-000004","","","","","LLC_BI__Tiers__c","","false","","","false","false","false","","","","a2Fbn000000C3V4EAK","","false","","a3Tbn000000KmVHEA0","LLC_BI__Bill_Point__c","false","","false","false","","","false","false","false","","","false"
"a3Tbn000000KmVIEA0","005bn000003k2JdAAI","","FC-000005","","","","","LLC_BI__Price__c","","false","","","false","false","false","","","","a2Fbn000000C3V4EAK","","false","","a3Tbn000000KmVIEA0","LLC_BI__Bill_Point__c","false","","false","false","","","false","false","false","","","false"
"a3Tbn000000KmVKEA0","005bn000003k2JdAAI","","FC-000019","Legal Business Name","","","","Name","","false","","","false","false","false","","a2Ebn000000CRIAEA4","","","","false","","a3Tbn000000KmVKEA0","Account","false","","false","false","","","false","false","false","","","false"
"a3Tbn000000KmVLEA0","005bn000003k2JdAAI","","FC-000020","Tax Identification Number (TIN)","","","XX-XXXXXXX","LLC_BI__Tax_Identification_Number__c","","false","","","false","false","false","","a2Ebn000000CRIAEA4","1.0","","As a federally regulated bank, we are required to know our customers. We use your TIN to pull your credit bureau data, which allows us to process your application.","true","Why do we need this?","a3Tbn000000KmVLEA0","Account","false","","false","false","","","false","false","false","","","false"
"a3Tbn000000KmVMEA0","005bn000003k2JdAAI","","FC-000021","What industry does your business belong to?","","","","Industry","","false","","","false","false","false","","a2Ebn000000CRIAEA4","","","","false","","a3Tbn000000KmVMEA0","Account","false","","false","false","","","false","false","false","","","false"
"a3Tbn000000KmVNEA0","005bn000003k2JdAAI","","FC-000022","Number of employees","","","","NumberOfEmployees","","false","","","false","false","false","","a2Ebn000000CRIAEA4","","","","false","","a3Tbn000000KmVNEA0","Account","false","","false","false","","","false","false","false","","","false"
"a3Tbn000000KmVOEA0","005bn000003k2JdAAI","","FC-000023","Legal Entity Type","","","","Type","","false","","","false","false","false","","a2Ebn000000CRIAEA4","","","","false","","a3Tbn000000KmVOEA0","Account","false","","false","false","","","false","false","false","","","false"
"a3Tbn000000KmVPEA0","005bn000003k2JdAAI","","FC-000024","Shipping Address","","","","ShippingStreet","","false","","","false","false","false","","a2Ebn000000CRIAEA4","","","","false","","a3Tbn000000KmVPEA0","Account","false","","false","false","","","false","false","false","","","false"
"a3Tbn000000KmVQEA0","005bn000003k2JdAAI","","FC-000025","City","","","","ShippingCity","","false","","","false","false","false","","a2Ebn000000CRIAEA4","","","","false","","a3Tbn000000KmVQEA0","Account","false","","false","false","","","false","false","false","","","false"
"a3Tbn000000KmVREA0","005bn000003k2JdAAI","","FC-000026","State","","","","ShippingState","","false","","","false","false","false","","a2Ebn000000CRIAEA4","2.0","","","false","","a3Tbn000000KmVREA0","Account","false","","false","false","","","false","false","false","","","false"
"a3Tbn000000KmVSEA0","005bn000003k2JdAAI","","FC-000027","ZIP","","","","ShippingPostalCode","","false","","","false","false","false","","a2Ebn000000CRIAEA4","2.0","","","false","","a3Tbn000000KmVSEA0","Account","false","","false","false","","","false","false","false","","","false"
"a3Tbn000000KmVTEA0","005bn000003k2JdAAI","","FC-000028","Billing Address","","","","BillingStreet","","false","","","false","false","false","","a2Ebn000000CRIAEA4","","","","false","","a3Tbn000000KmVTEA0","Account","false","","false","false","","","false","false","false","","","false"
"a3Tbn000000KmVUEA0","005bn000003k2JdAAI","","FC-000029","City","","","","BillingCity","","false","","","false","false","false","","a2Ebn000000CRIAEA4","","","","false","","a3Tbn000000KmVUEA0","Account","false","","false","false","","","false","false","false","","","false"
"a3Tbn000000KmVVEA0","005bn000003k2JdAAI","","FC-000030","State","","","","BillingState","","false","","","false","false","false","","a2Ebn000000CRIAEA4","2.0","","","false","","a3Tbn000000KmVVEA0","Account","false","","false","false","","","false","false","false","","","false"
"a3Tbn000000KmVWEA0","005bn000003k2JdAAI","","FC-000031","ZIP","","","","BillingPostalCode","","false","","","false","false","false","","a2Ebn000000CRIAEA4","2.0","","","false","","a3Tbn000000KmVWEA0","Account","false","","false","false","","","false","false","false","","","false"
"a3Tbn000000KmVXEA0","005bn000003k2JdAAI","","FC-000032","Social Security Number (SSN)","","","XXX-XX-XXXX","LLC_BI__SS__c","","false","","","false","false","false","","a2Ebn000000CRIBEA4","1.0","","As a federally regulated bank, we are required to know our customers. We use your SSN to pull your credit bureau data, which allows us to process your application.","true","Why do we need this?","a3Tbn000000KmVXEA0","Contact","false","","false","false","","","false","false","false","","","false"
"a3Tbn000000KmVYEA0","005bn000003k2JdAAI","","FC-000033","Mobile Phone Number","","","","MobilePhone","","false","","","false","false","false","","a2Ebn000000CRIBEA4","","","","false","","a3Tbn000000KmVYEA0","Contact","false","","false","false","","","false","false","false","","","false"
"a3Tbn000000KmVZEA0","005bn000003k2JdAAI","","FC-000034","Residential Address","","","","LLC_BI__Home_Address__c","","false","","","false","false","false","","a2Ebn000000CRIBEA4","","","","false","","a3Tbn000000KmVZEA0","Contact","false","","false","false","","","false","false","false","","","false"
"a3Tbn000000KmVaEAK","005bn000003k2JdAAI","","FC-000035","City","","","","LLC_BI__Home_City__c","","false","","","false","false","false","","a2Ebn000000CRIBEA4","","","","false","","a3Tbn000000KmVaEAK","Contact","false","","false","false","","","false","false","false","","","false"
"a3Tbn000000KmVbEAK","005bn000003k2JdAAI","","FC-000036","State","","","","LLC_BI__Home_State__c","","false","","","false","false","false","","a2Ebn000000CRIBEA4","2.0","","","false","","a3Tbn000000KmVbEAK","Contact","false","","false","false","","","false","false","false","","","false"
"a3Tbn000000KmVcEAK","005bn000003k2JdAAI","","FC-000037","ZIP","","","","LLC_BI__Home_Zipcode__c","","false","","","false","false","false","","a2Ebn000000CRIBEA4","2.0","","","false","","a3Tbn000000KmVcEAK","Contact","false","","false","false","","","false","false","false","","","false"
"a3Tbn000000KmVdEAK","005bn000003k2JdAAI","","FC-000038","Mailing Address","","","","MailingAddress","","false","","","false","false","false","","a2Ebn000000CRIBEA4","","","","false","","a3Tbn000000KmVdEAK","Contact","false","","false","false","","","false","false","false","","","false"
"a3Tbn000000KmVeEAK","005bn000003k2JdAAI","","FC-000039","City","","","","MailingCity","","false","","","false","false","false","","a2Ebn000000CRIBEA4","","","","false","","a3Tbn000000KmVeEAK","Contact","false","","false","false","","","false","false","false","","","false"
"a3Tbn000000KmVfEAK","005bn000003k2JdAAI","","FC-000040","State","","","","MailingState","","false","","","false","false","false","","a2Ebn000000CRIBEA4","2.0","","","false","","a3Tbn000000KmVfEAK","Contact","false","","false","false","","","false","false","false","","","false"
"a3Tbn000000KmVgEAK","005bn000003k2JdAAI","","FC-000041","ZIP","","","","MailingPostalCode","","false","","","false","false","false","","a2Ebn000000CRIBEA4","2.0","","","false","","a3Tbn000000KmVgEAK","Contact","false","","false","false","","","false","false","false","","","false"
"a3Tbn000000KmVhEAK","005bn000003k2JdAAI","","FC-000042","Social Security Number (SSN)","","","XXX-XX-XXXX","LLC_BI__SS__c","","false","","","false","false","false","","a2Ebn000000CRIIEA4","1.0","","As a federally regulated bank, we are required to know our customers. We use your SSN to pull your credit bureau data, which allows us to process your application.","true","Why do we need this?","a3Tbn000000KmVhEAK","Contact","false","","false","false","","","false","false","false","","","false"
"a3Tbn000000KmViEAK","005bn000003k2JdAAI","","FC-000043","Mobile Phone Number","","","","MobilePhone","","false","","","false","false","false","","a2Ebn000000CRIIEA4","","","","false","","a3Tbn000000KmViEAK","Contact","false","","false","false","","","false","false","false","","","false"
"a3Tbn000000KmVjEAK","005bn000003k2JdAAI","","FC-000044","Residential Address","","","","LLC_BI__Home_Address__c","","false","","","false","false","false","","a2Ebn000000CRIIEA4","","","","false","","a3Tbn000000KmVjEAK","Contact","false","","false","false","","","false","false","false","","","false"
"a3Tbn000000KmVkEAK","005bn000003k2JdAAI","","FC-000045","City","","","","LLC_BI__Home_City__c","","false","","","false","false","false","","a2Ebn000000CRIIEA4","","","","false","","a3Tbn000000KmVkEAK","Contact","false","","false","false","","","false","false","false","","","false"
"a3Tbn000000KmVlEAK","005bn000003k2JdAAI","","FC-000046","State","","","","LLC_BI__Home_State__c","","false","","","false","false","false","","a2Ebn000000CRIIEA4","2.0","","","false","","a3Tbn000000KmVlEAK","Contact","false","","false","false","","","false","false","false","","","false"
"a3Tbn000000KmVmEAK","005bn000003k2JdAAI","","FC-000047","ZIP","","","","LLC_BI__Home_Zipcode__c","","false","","","false","false","false","","a2Ebn000000CRIIEA4","2.0","","","false","","a3Tbn000000KmVmEAK","Contact","false","","false","false","","","false","false","false","","","false"
"a3Tbn000000KmVnEAK","005bn000003k2JdAAI","","FC-000048","Mailing Address","","","","MailingAddress","","false","","","false","false","false","","a2Ebn000000CRIIEA4","","","","false","","a3Tbn000000KmVnEAK","Contact","false","","false","false","","","false","false","false","","","false"
"a3Tbn000000KmVoEAK","005bn000003k2JdAAI","","FC-000049","City","","","","MailingCity","","false","","","false","false","false","","a2Ebn000000CRIIEA4","","","","false","","a3Tbn000000KmVoEAK","Contact","false","","false","false","","","false","false","false","","","false"
"a3Tbn000000KmVpEAK","005bn000003k2JdAAI","","FC-000050","State","","","","MailingState","","false","","","false","false","false","","a2Ebn000000CRIIEA4","2.0","","","false","","a3Tbn000000KmVpEAK","Contact","false","","false","false","","","false","false","false","","","false"
"a3Tbn000000KmVqEAK","005bn000003k2JdAAI","","FC-000051","ZIP","","","","MailingPostalCode","","false","","","false","false","false","","a2Ebn000000CRIIEA4","2.0","","","false","","a3Tbn000000KmVqEAK","Contact","false","","false","false","","","false","false","false","","","false"
"a3Tbn000000KmVrEAK","005bn000003k2JdAAI","","FC-000052","Legal Business Name","","","","Name","","false","","","false","false","false","","a2Ebn000000CRIQEA4","","","","false","","a3Tbn000000KmVrEAK","Account","false","","false","false","","","false","false","false","","","false"
"a3Tbn000000KmVsEAK","005bn000003k2JdAAI","","FC-000053","Tax Identification Number (TIN)","","","XX-XXXXXXX","LLC_BI__Tax_Identification_Number__c","","false","","","false","false","false","","a2Ebn000000CRIQEA4","1.0","","As a federally regulated bank, we are required to know our customers. We use your TIN to pull your credit bureau data, which allows us to process your application.","true","Why do we need this?","a3Tbn000000KmVsEAK","Account","false","","false","false","","","false","false","false","","","false"
"a3Tbn000000KmVtEAK","005bn000003k2JdAAI","","FC-000054","What industry does your business belong to?","","","","Industry","","false","","","false","false","false","","a2Ebn000000CRIQEA4","","","","false","","a3Tbn000000KmVtEAK","Account","false","","false","false","","","false","false","false","","","false"
"a3Tbn000000KmVuEAK","005bn000003k2JdAAI","","FC-000055","Number of employees","","","","NumberOfEmployees","","false","","","false","false","false","","a2Ebn000000CRIQEA4","","","","false","","a3Tbn000000KmVuEAK","Account","false","","false","false","","","false","false","false","","","false"
"a3Tbn000000KmVvEAK","005bn000003k2JdAAI","","FC-000056","Legal Entity Type","","","","Type","","false","","","false","false","false","","a2Ebn000000CRIQEA4","","","","false","","a3Tbn000000KmVvEAK","Account","false","","false","false","","","false","false","false","","","false"
"a3Tbn000000KmVwEAK","005bn000003k2JdAAI","","FC-000057","Shipping Address","","","","ShippingStreet","","false","","","false","false","false","","a2Ebn000000CRIQEA4","","","","false","","a3Tbn000000KmVwEAK","Account","false","","false","false","","","false","false","false","","","false"
"a3Tbn000000KmVxEAK","005bn000003k2JdAAI","","FC-000058","City","","","","ShippingCity","","false","","","false","false","false","","a2Ebn000000CRIQEA4","","","","false","","a3Tbn000000KmVxEAK","Account","false","","false","false","","","false","false","false","","","false"
"a3Tbn000000KmVyEAK","005bn000003k2JdAAI","","FC-000059","State","","","","ShippingState","","false","","","false","false","false","","a2Ebn000000CRIQEA4","2.0","","","false","","a3Tbn000000KmVyEAK","Account","false","","false","false","","","false","false","false","","","false"
"a3Tbn000000KmVzEAK","005bn000003k2JdAAI","","FC-000060","ZIP","","","","ShippingPostalCode","","false","","","false","false","false","","a2Ebn000000CRIQEA4","2.0","","","false","","a3Tbn000000KmVzEAK","Account","false","","false","false","","","false","false","false","","","false"
"a3Tbn000000KmW0EAK","005bn000003k2JdAAI","","FC-000061","Billing Address","","","","BillingStreet","","false","","","false","false","false","","a2Ebn000000CRIQEA4","","","","false","","a3Tbn000000KmW0EAK","Account","false","","false","false","","","false","false","false","","","false"
"a3Tbn000000KmW1EAK","005bn000003k2JdAAI","","FC-000062","City","","","","BillingCity","","false","","","false","false","false","","a2Ebn000000CRIQEA4","","","","false","","a3Tbn000000KmW1EAK","Account","false","","false","false","","","false","false","false","","","false"
"a3Tbn000000KmW2EAK","005bn000003k2JdAAI","","FC-000063","State","","","","BillingState","","false","","","false","false","false","","a2Ebn000000CRIQEA4","2.0","","","false","","a3Tbn000000KmW2EAK","Account","false","","false","false","","","false","false","false","","","false"
"a3Tbn000000KmW3EAK","005bn000003k2JdAAI","","FC-000064","ZIP","","","","BillingPostalCode","","false","","","false","false","false","","a2Ebn000000CRIQEA4","2.0","","","false","","a3Tbn000000KmW3EAK","Account","false","","false","false","","","false","false","false","","","false"
"a3Tbn000000KmW4EAK","005bn000003k2JdAAI","","FC-000065","Social Security Number (SSN)","","","XXX-XX-XXXX","LLC_BI__SS__c","","false","","","false","false","false","","a2Ebn000000CRIREA4","1.0","","As a federally regulated bank, we are required to know our customers. We use your SSN to pull your credit bureau data, which allows us to process your application.","true","Why do we need this?","a3Tbn000000KmW4EAK","Contact","false","","false","false","","","false","false","false","","","false"
"a3Tbn000000KmW5EAK","005bn000003k2JdAAI","","FC-000066","Mobile Phone Number","","","","MobilePhone","","false","","","false","false","false","","a2Ebn000000CRIREA4","","","","false","","a3Tbn000000KmW5EAK","Contact","false","","false","false","","","false","false","false","","","false"
"a3Tbn000000KmW6EAK","005bn000003k2JdAAI","","FC-000067","Residential Address","","","","LLC_BI__Home_Address__c","","false","","","false","false","false","","a2Ebn000000CRIREA4","","","","false","","a3Tbn000000KmW6EAK","Contact","false","","false","false","","","false","false","false","","","false"
"a3Tbn000000KmW7EAK","005bn000003k2JdAAI","","FC-000068","City","","","","LLC_BI__Home_City__c","","false","","","false","false","false","","a2Ebn000000CRIREA4","","","","false","","a3Tbn000000KmW7EAK","Contact","false","","false","false","","","false","false","false","","","false"
"a3Tbn000000KmW8EAK","005bn000003k2JdAAI","","FC-000069","State","","","","LLC_BI__Home_State__c","","false","","","false","false","false","","a2Ebn000000CRIREA4","2.0","","","false","","a3Tbn000000KmW8EAK","Contact","false","","false","false","","","false","false","false","","","false"
"a3Tbn000000KmW9EAK","005bn000003k2JdAAI","","FC-000070","ZIP","","","","LLC_BI__Home_Zipcode__c","","false","","","false","false","false","","a2Ebn000000CRIREA4","2.0","","","false","","a3Tbn000000KmW9EAK","Contact","false","","false","false","","","false","false","false","","","false"
"a3Tbn000000KmWAEA0","005bn000003k2JdAAI","","FC-000071","Mailing Address","","","","MailingAddress","","false","","","false","false","false","","a2Ebn000000CRIREA4","","","","false","","a3Tbn000000KmWAEA0","Contact","false","","false","false","","","false","false","false","","","false"
"a3Tbn000000KmWBEA0","005bn000003k2JdAAI","","FC-000072","City","","","","MailingCity","","false","","","false","false","false","","a2Ebn000000CRIREA4","","","","false","","a3Tbn000000KmWBEA0","Contact","false","","false","false","","","false","false","false","","","false"
"a3Tbn000000KmWCEA0","005bn000003k2JdAAI","","FC-000073","State","","","","MailingState","","false","","","false","false","false","","a2Ebn000000CRIREA4","2.0","","","false","","a3Tbn000000KmWCEA0","Contact","false","","false","false","","","false","false","false","","","false"
"a3Tbn000000KmWDEA0","005bn000003k2JdAAI","","FC-000074","ZIP","","","","MailingPostalCode","","false","","","false","false","false","","a2Ebn000000CRIREA4","2.0","","","false","","a3Tbn000000KmWDEA0","Contact","false","","false","false","","","false","false","false","","","false"
"a3Tbn000000KmWEEA0","005bn000003k2JdAAI","","FC-000075","Social Security Number (SSN)","","","XXX-XX-XXXX","LLC_BI__SS__c","","false","","","false","false","false","","a2Ebn000000CRIWEA4","1.0","","As a federally regulated bank, we are required to know our customers. We use your SSN to pull your credit bureau data, which allows us to process your application.","true","Why do we need this?","a3Tbn000000KmWEEA0","Contact","false","","false","false","","","false","false","false","","","false"
"a3Tbn000000KmWFEA0","005bn000003k2JdAAI","","FC-000076","Mobile Phone Number","","","","MobilePhone","","false","","","false","false","false","","a2Ebn000000CRIWEA4","","","","false","","a3Tbn000000KmWFEA0","Contact","false","","false","false","","","false","false","false","","","false"
"a3Tbn000000KmWGEA0","005bn000003k2JdAAI","","FC-000077","Residential Address","","","","LLC_BI__Home_Address__c","","false","","","false","false","false","","a2Ebn000000CRIWEA4","","","","false","","a3Tbn000000KmWGEA0","Contact","false","","false","false","","","false","false","false","","","false"
"a3Tbn000000KmWHEA0","005bn000003k2JdAAI","","FC-000078","City","","","","LLC_BI__Home_City__c","","false","","","false","false","false","","a2Ebn000000CRIWEA4","","","","false","","a3Tbn000000KmWHEA0","Contact","false","","false","false","","","false","false","false","","","false"
"a3Tbn000000KmWIEA0","005bn000003k2JdAAI","","FC-000079","State","","","","LLC_BI__Home_State__c","","false","","","false","false","false","","a2Ebn000000CRIWEA4","2.0","","","false","","a3Tbn000000KmWIEA0","Contact","false","","false","false","","","false","false","false","","","false"
"a3Tbn000000KmWJEA0","005bn000003k2JdAAI","","FC-000080","ZIP","","","","LLC_BI__Home_Zipcode__c","","false","","","false","false","false","","a2Ebn000000CRIWEA4","2.0","","","false","","a3Tbn000000KmWJEA0","Contact","false","","false","false","","","false","false","false","","","false"
"a3Tbn000000KmWKEA0","005bn000003k2JdAAI","","FC-000081","Mailing Address","","","","MailingAddress","","false","","","false","false","false","","a2Ebn000000CRIWEA4","","","","false","","a3Tbn000000KmWKEA0","Contact","false","","false","false","","","false","false","false","","","false"
"a3Tbn000000KmWLEA0","005bn000003k2JdAAI","","FC-000082","City","","","","MailingCity","","false","","","false","false","false","","a2Ebn000000CRIWEA4","","","","false","","a3Tbn000000KmWLEA0","Contact","false","","false","false","","","false","false","false","","","false"
"a3Tbn000000KmWMEA0","005bn000003k2JdAAI","","FC-000083","State","","","","MailingState","","false","","","false","false","false","","a2Ebn000000CRIWEA4","2.0","","","false","","a3Tbn000000KmWMEA0","Contact","false","","false","false","","","false","false","false","","","false"
"a3Tbn000000KmWNEA0","005bn000003k2JdAAI","","FC-000084","ZIP","","","","MailingPostalCode","","false","","","false","false","false","","a2Ebn000000CRIWEA4","2.0","","","false","","a3Tbn000000KmWNEA0","Contact","false","","false","false","","","false","false","false","","","false"
