"AutorabitExtId__c","Id","IsDeleted","Name","OwnerId","nFORCE__Disable_Print__c","nFORCE__Disable_Read_Only_View__c","nFORCE__Show_Link_To_Context_Object__c","nFORCE__lookupKey__c"
"","a0sWD00000Xo7dgYAB","false","Entity Compliance Screen","005al00000RVcKvAAL","false","false","true","0072177E254843688F532C1E20705574"
"","a0sWD00000Xo7lqYAB","false","CRA Screen","005al00000RVcKvAAL","false","false","true","01051619447514585"
"","a0sWD00000Xo7lGYAR","false","Borrowing Structure Information","005al00000RVcKvAAL","false","false","true","02551560278745076"
"","a0sWD00000Xo7dhYAB","false","Referral","005al00000RVcKvAAL","false","false","true","033A51341F29453B88353A5D3C775058"
"","a0sWD00000XnoK6YAJ","false","Underwriting Details","005al00000RVcKvAAL","false","false","true","03471560278867077"
"","a0sWD00000XnoK7YAJ","false","Site Visit","005al00000RVcKvAAL","false","false","true","0398747383"
"","a0sWD00000XnoK8YAJ","false","Change Memo","005al00000RVcKvAAL","false","false","true","04391620937671559"
"","a0sWD00000Xo7kQYAR","false","Product Summary","005al00000RVcKvAAL","false","false","true","05641567002571747"
"","a0sWD00000Xo7bfYAB","false","Borrowing Structure Information","005al00000RVcKvAAL","false","false","true","06531585311469510"
"","a0sWD00000Xo7jPYAR","false","Editable Fields","005al00000RVcKvAAL","false","false","true","07281585604340854"
"","a0sWD00000Xo7bgYAB","false","Underwriting Details1","005al00000RVcKvAAL","false","false","true","07911600720267875"
"","a0sWD00000Xo7bhYAB","false","CRA Screen","005al00000RVcKvAAL","false","false","true","08841585311469499"
"","a0sWD00000Xo7lBYAR","false","Risk Ratings","005al00000RVcKvAAL","false","false","true","08891585604340856"
"","a0sWD00000Xo7joYAB","false","Product Summary","005al00000RVcKvAAL","false","false","true","09911567002550278"
"","a0sWD00000Xo7diYAB","false","Change Memo","005al00000RVcKvAAL","false","false","true","0F42650F61684307B53C2F05566A6A16"
"","a0sWD00000XnoK9YAJ","false","Narrative Booked","005al00000RVcKvAAL","false","false","true","10941585604340854"
"","a0sWD00000Xo7biYAB","false","Adverse Actions/Counter Offers","005al00000RVcKvAAL","false","false","true","11031663700624864"
"","a0sWD00000Xo7kdYAB","false","Pricing Required Fields","005al00000RVcKvAAL","false","false","true","11671619447514581"
"","a0sWD00000Xo7kfYAB","false","Draw History Screen","005al00000RVcKvAAL","false","false","true","12061619447514587"
"","a0sWD00000Xo7kLYAR","false","HMDA Screen 1","005al00000RVcKvAAL","false","false","true","12431619447514585"
"","a0sWD00000Xo7bjYAB","false","Secured RL Eligibility","005al00000RVcKvAAL","false","false","true","12661602078251380"
"","a0sWD00000XnoKAYAZ","false","Adverse Action","005al00000RVcKvAAL","false","false","true","131251514532143"
"","a0sWD00000Xo7bkYAB","false","Secured RL Personal (Individual Other Involved)","005al00000RVcKvAAL","false","false","true","14111602603021209"
"","a0sWD00000Xo7djYAB","false","Approved Details","005al00000RVcKvAAL","false","false","true","144F7F73187E4234857D083E246F1E1B"
"","a0sWD00000Xo7k6YAB","false","Budget Details","005al00000RVcKvAAL","false","false","true","14841620937671564"
"","a0sWD00000XnoKBYAZ","false","Memos Booked","005al00000RVcKvAAL","false","false","true","15561585604340854"
"","a0sWD00000XnoKCYAZ","false","Memos","005al00000RVcKvAAL","false","false","true","16221585604340856"
"","a0sWD00000Xo7blYAB","false","SBL Personal","005al00000RVcKvAAL","false","false","true","17701666029074779"
"","a0sWD00000Xo7lgYAB","false","Loan Details","005al00000RVcKvAAL","false","false","true","17781620937671564"
"","a0sWD00000Xo7l5YAB","false","Balance Details","005al00000RVcKvAAL","false","false","true","18751585604340855"
"","a0sWD00000Xo7lAYAR","false","Deposit Products","005al00000RVcKvAAL","false","false","true","18931562008881233"
"","a0sWD00000Xo7kAYAR","false","Adverse Actions","005al00000RVcKvAAL","false","false","true","19891585604340855"
"","a0sWD00000Xo7lJYAR","false","Loan Dashboard Summary Screen","005al00000RVcKvAAL","false","false","true","19961585604340855"
"","a0sWD00000Xo7kgYAB","false","Total Exposure Screen","005al00000RVcKvAAL","false","false","true","20091562008947218"
"","a0sWD00000Xo7bmYAB","false","Supplementary Details","005al00000RVcKvAAL","false","false","true","20091585311469503"
"","a0sWD00000Xo7bnYAB","false","Add Beneficial Owner OA","005al00000RVcKvAAL","false","false","true","20221666029074782"
"","a0sWD00000Xo7kbYAB","false","Third Party Reports","005al00000RVcKvAAL","false","false","true","21441620937671561"
"","a0sWD00000Xo7dkYAB","false","Entity Compliance Screen","005al00000RVcKvAAL","false","false","true","2210644B070E4D569700756C6F054B54"
"","a0sWD00000XnoKDYAZ","false","Key Dates","005al00000RVcKvAAL","false","false","true","23001585604340855"
"","a0sWD00000Xo7dlYAB","false","Ongoing Fees","005al00000RVcKvAAL","false","false","true","23223443457734552"
"","a0sWD00000Xo7boYAB","false","Loan Team Member Information","005al00000RVcKvAAL","false","false","true","234892783649823492"
"","a0sWD00000Xo7bpYAB","false","Underwriting Details1","005al00000RVcKvAAL","false","false","true","23681602764631366"
"","a0sWD00000Xo7lvYAB","false","Rate & Payment Structure","005al00000RVcKvAAL","false","false","true","24751619447514588"
"","a0sWD00000XnoKEYAZ","false","Risk Rating","005al00000RVcKvAAL","false","false","true","25211620937671559"
"","a0sWD00000Xo7bqYAB","false","Qualification","005al00000RVcKvAAL","false","false","true","25271585311469511"
"","a0sWD00000XoCK6YAN","false","Balance Details Booked","005al00000RVcKvAAL","false","false","true","25741585604340854"
"","a0sWD00000Xo7kUYAR","false","Enhanced Fees Management","005al00000RVcKvAAL","false","false","true","25961619447514580"
"","a0sWD00000Xo7brYAB","false","Other Expenses","005al00000RVcKvAAL","false","false","true","26701666029074783"
"","a0sWD00000Xo7bsYAB","false","Approved Details","005al00000RVcKvAAL","false","false","true","26911585311469497"
"","a0sWD00000Xo7kVYAR","false","Guarantor Details","005al00000RVcKvAAL","false","false","true","27381619447514539"
"","a0sWD00000Xo7m9YAB","false","Borrowing Structure Information","005al00000RVcKvAAL","false","false","true","27381619447514580"
"","a0sWD00000Xo7kRYAR","false","Collateral2","005al00000RVcKvAAL","false","false","true","27781619447514580"
"","a0sWD00000Xo7luYAB","false","Loan Details","005al00000RVcKvAAL","false","false","true","28631620937671566"
"","a0sWD00000Xo7lfYAB","false","Enhanced Fees Management","005al00000RVcKvAAL","false","false","true","28731620937671557"
"","a0sWD00000Xo7l1YAB","false","Loan Team Member Information","005al00000RVcKvAAL","false","false","true","28761585604340855"
"","a0sWD00000Xo7btYAB","false","Enhanced Fees Management","005al00000RVcKvAAL","false","false","true","29231663700624862"
"","a0sWD00000XnoKFYAZ","false","Approved Details","005al00000RVcKvAAL","false","false","true","29281620937671561"
"","a0sWD00000Xo7lsYAB","false","Manage Budget Screen","005al00000RVcKvAAL","false","false","true","29611620937671565"
"","a0sWD00000Xo7dmYAB","false","Third Party Management","005al00000RVcKvAAL","false","false","true","2B2B014A53134A11A2713C6F251A0767"
"","a0sWD00000Xo7kOYAR","false","Editable Fields","005al00000RVcKvAAL","false","false","true","30481620937671566"
"","a0sWD00000Xo7buYAB","false","Underwriting Details1","005al00000RVcKvAAL","false","false","true","31001663700624862"
"","a0sWD00000Xo7lxYAB","false","Balance Details","005al00000RVcKvAAL","false","false","true","31161620937671562"
"","a0sWD00000Xo7ltYAB","false","Collateral2","005al00000RVcKvAAL","false","false","true","31331620937671558"
"","a0sWD00000XnoKGYAZ","false","Pricing Approved","005al00000RVcKvAAL","false","false","true","31801620937671562"
"","a0sWD00000XnoKHYAZ","false","Collateral2","005al00000RVcKvAAL","false","false","true","32281560278867079"
"","a0sWD00000Xo7bvYAB","false","Third Party Management","005al00000RVcKvAAL","false","false","true","32571600720267875"
"","a0sWD00000Xo7dnYAB","false","Conditions","005al00000RVcKvAAL","false","false","true","33335F031F73425B8B70461F365F7510"
"","a0sWD00000Xo7bwYAB","false","Enhanced Fees Management","005al00000RVcKvAAL","false","false","true","33561585311469493"
"","a0sWD00000XnoKIYAZ","false","CRA Screen","005al00000RVcKvAAL","false","false","true","33681620937671563"
"","a0sWD00000Xo7kYYAR","false","Certifications","005al00000RVcKvAAL","false","false","true","33961619447514579"
"","a0sWD00000XoBlLYAV","false","3508 Review - Approved in Full","005al00000RVcKvAAL","false","false","true","341535406464"
"","a0sWD00000Xo7kBYAR","false","Approved Details","005al00000RVcKvAAL","false","false","true","34361585604340855"
"","a0sWD00000XnoKJYAZ","false","SBA Boarding Sheet","005al00000RVcKvAAL","false","false","true","345356742222"
"","a0sWD00000XnoKKYAZ","false","Snapshot Loan","005al00000RVcKvAAL","false","false","true","345356746789"
"","a0sWD00000Xo7bxYAB","false","Pricing Required Fields","005al00000RVcKvAAL","false","false","true","36601585311469494"
"","a0sWD00000Xo7kcYAB","false","Fees Approved","005al00000RVcKvAAL","false","false","true","36611619447514582"
"","a0sWD00000Xo7dMYAR","false","Deposit Details","005al00000RVcKvAAL","false","true","true","36861701790670787"
"","a0sWD00000Xo7byYAB","false","Approval Details","005al00000RVcKvAAL","false","false","true","37541602764631367"
"","a0sWD00000Xo7m2YAB","false","Pricing Approved","005al00000RVcKvAAL","false","false","true","38031619447514583"
"","a0sWD00000XoCK4YAN","false","Supplementary Details","005al00000RVcKvAAL","false","false","true","38211585604340854"
"","a0sWD00000Xo7bzYAB","false","Loan Team","005al00000RVcKvAAL","false","false","true","39231663700624864"
"","a0sWD00000Xo7c0YAB","false","Credit Underwriting","005al00000RVcKvAAL","false","false","true","40241585311469512"
"","a0sWD00000XnoKLYAZ","false","Collateral Value","005al00000RVcKvAAL","false","false","true","40481585604340855"
"","a0sWD00000Xo7ljYAB","false","Loan Team Member Information","005al00000RVcKvAAL","false","false","true","40541619447514584"
"","a0sWD00000XnoKMYAZ","false","Entity Compliance Screen","005al00000RVcKvAAL","false","false","true","40861620937671564"
"","a0sWD00000Xo7c1YAB","false","Rental Expense- Other involved","005al00000RVcKvAAL","false","false","true","41021666029074781"
"","a0sWD00000Xo7doYAB","false","CRA Screen","005al00000RVcKvAAL","false","false","true","412D2B681C6243529E4340516F3F7825"
"","a0sWD00000Xo7kPYAR","false","Booked Information","005al00000RVcKvAAL","false","false","true","41591620937671563"
"","a0sWD00000Xo7dpYAB","false","Insurance","005al00000RVcKvAAL","false","false","true","42008723198858603"
"","a0sWD00000XnoKNYAZ","false","Available Screen Sections","005al00000RVcKvAAL","false","false","true","42009136159900160"
"","a0sWD00000Xo7c2YAB","false","Application Details - Locked","005al00000RVcKvAAL","false","false","true","42011209839901498"
"","a0sWD00000Xo7c3YAB","false","Booked Details","005al00000RVcKvAAL","false","false","true","42020825732519942"
"","a0sWD00000XnoKOYAZ","false","Available One to Many Screen Sections","005al00000RVcKvAAL","false","false","true","420215528831872771"
"","a0sWD00000XnoKPYAZ","false","Available One to Many Screen Sections","005al00000RVcKvAAL","false","false","true","42021552883187277101"
"","a0sWD00000XnoKQYAZ","false","Available One to Many Screen Sections","005al00000RVcKvAAL","false","false","true","42021552883187277103"
"","a0sWD00000XnoKRYAZ","false","Available One to Many Screen Sections","005al00000RVcKvAAL","false","false","true","42021552883187277105"
"","a0sWD00000XnoKSYAZ","false","Available One to Many Screen Sections","005al00000RVcKvAAL","false","false","true","42021552883187277107"
"","a0sWD00000XnoKTYAZ","false","Available One to Many Screen Sections","005al00000RVcKvAAL","false","false","true","42021552883187277109"
"","a0sWD00000XnoKUYAZ","false","Available One to Many Screen Sections","005al00000RVcKvAAL","false","false","true","4202155288318727711"
"","a0sWD00000XnoKVYAZ","false","Available One to Many Screen Sections","005al00000RVcKvAAL","false","false","true","42021552883187277111"
"","a0sWD00000XnoKWYAZ","false","Available One to Many Screen Sections","005al00000RVcKvAAL","false","false","true","42021552883187277113"
"","a0sWD00000XnoKXYAZ","false","Available One to Many Screen Sections","005al00000RVcKvAAL","false","false","true","42021552883187277115"
"","a0sWD00000XnoKYYAZ","false","Available One to Many Screen Sections","005al00000RVcKvAAL","false","false","true","42021552883187277117"
"","a0sWD00000XnoKZYAZ","false","Available One to Many Screen Sections","005al00000RVcKvAAL","false","false","true","42021552883187277119"
"","a0sWD00000XnoKaYAJ","false","Available One to Many Screen Sections","005al00000RVcKvAAL","false","false","true","42021552883187277121"
"","a0sWD00000XnoKbYAJ","false","Available One to Many Screen Sections","005al00000RVcKvAAL","false","false","true","42021552883187277123"
"","a0sWD00000XnoKcYAJ","false","Available One to Many Screen Sections","005al00000RVcKvAAL","false","false","true","42021552883187277125"
"","a0sWD00000XnoKdYAJ","false","Available One to Many Screen Sections","005al00000RVcKvAAL","false","false","true","42021552883187277127"
"","a0sWD00000XnoKeYAJ","false","Available One to Many Screen Sections","005al00000RVcKvAAL","false","false","true","42021552883187277129"
"","a0sWD00000XnoKfYAJ","false","Available One to Many Screen Sections","005al00000RVcKvAAL","false","false","true","4202155288318727713"
"","a0sWD00000XnoKgYAJ","false","Available One to Many Screen Sections","005al00000RVcKvAAL","false","false","true","42021552883187277131"
"","a0sWD00000XnoKhYAJ","false","Available One to Many Screen Sections","005al00000RVcKvAAL","false","false","true","42021552883187277133"
"","a0sWD00000XnoKiYAJ","false","Available One to Many Screen Sections","005al00000RVcKvAAL","false","false","true","42021552883187277135"
"","a0sWD00000XnoKjYAJ","false","Available One to Many Screen Sections","005al00000RVcKvAAL","false","false","true","42021552883187277137"
"","a0sWD00000XnoKkYAJ","false","Available One to Many Screen Sections","005al00000RVcKvAAL","false","false","true","42021552883187277139"
"","a0sWD00000XnoKlYAJ","false","Available One to Many Screen Sections","005al00000RVcKvAAL","false","false","true","42021552883187277141"
"","a0sWD00000XnoKmYAJ","false","Available One to Many Screen Sections","005al00000RVcKvAAL","false","false","true","42021552883187277143"
"","a0sWD00000XnoKnYAJ","false","Available One to Many Screen Sections","005al00000RVcKvAAL","false","false","true","42021552883187277145"
"","a0sWD00000XnoKoYAJ","false","Available One to Many Screen Sections","005al00000RVcKvAAL","false","false","true","42021552883187277147"
"","a0sWD00000XnoKpYAJ","false","Available One to Many Screen Sections","005al00000RVcKvAAL","false","false","true","42021552883187277149"
"","a0sWD00000XnoKqYAJ","false","Available One to Many Screen Sections","005al00000RVcKvAAL","false","false","true","4202155288318727715"
"","a0sWD00000XnoKrYAJ","false","Available One to Many Screen Sections","005al00000RVcKvAAL","false","false","true","42021552883187277151"
"","a0sWD00000XnoKsYAJ","false","Available One to Many Screen Sections","005al00000RVcKvAAL","false","false","true","42021552883187277153"
"","a0sWD00000XnoKtYAJ","false","Available One to Many Screen Sections","005al00000RVcKvAAL","false","false","true","42021552883187277155"
"","a0sWD00000XnoKuYAJ","false","Available One to Many Screen Sections","005al00000RVcKvAAL","false","false","true","42021552883187277157"
"","a0sWD00000XnoKvYAJ","false","Available One to Many Screen Sections","005al00000RVcKvAAL","false","false","true","42021552883187277159"
"","a0sWD00000XnoKwYAJ","false","Available One to Many Screen Sections","005al00000RVcKvAAL","false","false","true","42021552883187277161"
"","a0sWD00000XnoKxYAJ","false","Available One to Many Screen Sections","005al00000RVcKvAAL","false","false","true","42021552883187277163"
"","a0sWD00000XnoKyYAJ","false","Available One to Many Screen Sections","005al00000RVcKvAAL","false","false","true","42021552883187277165"
"","a0sWD00000XnoKzYAJ","false","Available One to Many Screen Sections","005al00000RVcKvAAL","false","false","true","42021552883187277167"
"","a0sWD00000XnoL0YAJ","false","Available One to Many Screen Sections","005al00000RVcKvAAL","false","false","true","42021552883187277169"
"","a0sWD00000XnoL1YAJ","false","Available One to Many Screen Sections","005al00000RVcKvAAL","false","false","true","4202155288318727717"
"","a0sWD00000XnoL2YAJ","false","Available One to Many Screen Sections","005al00000RVcKvAAL","false","false","true","42021552883187277171"
"","a0sWD00000XnoL3YAJ","false","Available One to Many Screen Sections","005al00000RVcKvAAL","false","false","true","42021552883187277173"
"","a0sWD00000XnoL4YAJ","false","Available One to Many Screen Sections","005al00000RVcKvAAL","false","false","true","42021552883187277175"
"","a0sWD00000XnoL5YAJ","false","Available One to Many Screen Sections","005al00000RVcKvAAL","false","false","true","42021552883187277177"
"","a0sWD00000XnoL6YAJ","false","Available One to Many Screen Sections","005al00000RVcKvAAL","false","false","true","42021552883187277179"
"","a0sWD00000XnoL7YAJ","false","Available One to Many Screen Sections","005al00000RVcKvAAL","false","false","true","42021552883187277181"
"","a0sWD00000XnoL8YAJ","false","Available One to Many Screen Sections","005al00000RVcKvAAL","false","false","true","42021552883187277183"
"","a0sWD00000XnoL9YAJ","false","Available One to Many Screen Sections","005al00000RVcKvAAL","false","false","true","42021552883187277185"
"","a0sWD00000XnoLAYAZ","false","Available One to Many Screen Sections","005al00000RVcKvAAL","false","false","true","42021552883187277187"
"","a0sWD00000XnoLBYAZ","false","Available One to Many Screen Sections","005al00000RVcKvAAL","false","false","true","42021552883187277189"
"","a0sWD00000XnoLCYAZ","false","Available One to Many Screen Sections","005al00000RVcKvAAL","false","false","true","4202155288318727719"
"","a0sWD00000XnoLDYAZ","false","Available One to Many Screen Sections","005al00000RVcKvAAL","false","false","true","42021552883187277191"
"","a0sWD00000XnoLEYAZ","false","Available One to Many Screen Sections","005al00000RVcKvAAL","false","false","true","42021552883187277193"
"","a0sWD00000XnoLFYAZ","false","Available One to Many Screen Sections","005al00000RVcKvAAL","false","false","true","42021552883187277195"
"","a0sWD00000XnoLGYAZ","false","Available One to Many Screen Sections","005al00000RVcKvAAL","false","false","true","42021552883187277197"
"","a0sWD00000XnoLHYAZ","false","Available One to Many Screen Sections","005al00000RVcKvAAL","false","false","true","42021552883187277199"
"","a0sWD00000XnoLIYAZ","false","Available One to Many Screen Sections","005al00000RVcKvAAL","false","false","true","42021552883187277201"
"","a0sWD00000XnoLJYAZ","false","Available One to Many Screen Sections","005al00000RVcKvAAL","false","false","true","42021552883187277203"
"","a0sWD00000XnoLKYAZ","false","Available One to Many Screen Sections","005al00000RVcKvAAL","false","false","true","42021552883187277205"
"","a0sWD00000XnoLLYAZ","false","Available One to Many Screen Sections","005al00000RVcKvAAL","false","false","true","42021552883187277207"
"","a0sWD00000XnoLMYAZ","false","Available One to Many Screen Sections","005al00000RVcKvAAL","false","false","true","42021552883187277209"
"","a0sWD00000XnoLNYAZ","false","Available One to Many Screen Sections","005al00000RVcKvAAL","false","false","true","4202155288318727721"
"","a0sWD00000XnoLOYAZ","false","Available One to Many Screen Sections","005al00000RVcKvAAL","false","false","true","42021552883187277211"
"","a0sWD00000XnoLPYAZ","false","Available One to Many Screen Sections","005al00000RVcKvAAL","false","false","true","42021552883187277213"
"","a0sWD00000XnoLQYAZ","false","Available One to Many Screen Sections","005al00000RVcKvAAL","false","false","true","42021552883187277215"
"","a0sWD00000XnoLRYAZ","false","Available One to Many Screen Sections","005al00000RVcKvAAL","false","false","true","42021552883187277217"
"","a0sWD00000XnoLSYAZ","false","Available One to Many Screen Sections","005al00000RVcKvAAL","false","false","true","42021552883187277219"
"","a0sWD00000XnoLTYAZ","false","Available One to Many Screen Sections","005al00000RVcKvAAL","false","false","true","42021552883187277221"
"","a0sWD00000XnoLUYAZ","false","Available One to Many Screen Sections","005al00000RVcKvAAL","false","false","true","42021552883187277223"
"","a0sWD00000XnoLVYAZ","false","Available One to Many Screen Sections","005al00000RVcKvAAL","false","false","true","42021552883187277225"
"","a0sWD00000XnoLWYAZ","false","Available One to Many Screen Sections","005al00000RVcKvAAL","false","false","true","42021552883187277227"
"","a0sWD00000XnoLXYAZ","false","Available One to Many Screen Sections","005al00000RVcKvAAL","false","false","true","42021552883187277229"
"","a0sWD00000XnoLYYAZ","false","Available One to Many Screen Sections","005al00000RVcKvAAL","false","false","true","4202155288318727723"
"","a0sWD00000XnoLZYAZ","false","Available One to Many Screen Sections","005al00000RVcKvAAL","false","false","true","42021552883187277231"
"","a0sWD00000XnoLaYAJ","false","Available One to Many Screen Sections","005al00000RVcKvAAL","false","false","true","42021552883187277233"
"","a0sWD00000XnoLbYAJ","false","Available One to Many Screen Sections","005al00000RVcKvAAL","false","false","true","42021552883187277235"
"","a0sWD00000XnoLcYAJ","false","Available One to Many Screen Sections","005al00000RVcKvAAL","false","false","true","42021552883187277237"
"","a0sWD00000Xo7UjYAJ","false","Available One to Many Screen Sections","005al00000RVcKvAAL","false","false","true","42021552883187277239"
"","a0sWD00000Xo7UkYAJ","false","Available One to Many Screen Sections","005al00000RVcKvAAL","false","false","true","42021552883187277241"
"","a0sWD00000Xo7UlYAJ","false","Available One to Many Screen Sections","005al00000RVcKvAAL","false","false","true","42021552883187277243"
"","a0sWD00000Xo7UmYAJ","false","Available One to Many Screen Sections","005al00000RVcKvAAL","false","false","true","42021552883187277245"
"","a0sWD00000Xo7UnYAJ","false","Available One to Many Screen Sections","005al00000RVcKvAAL","false","false","true","42021552883187277247"
"","a0sWD00000Xo7UoYAJ","false","Available One to Many Screen Sections","005al00000RVcKvAAL","false","false","true","4202155288318727725"
"","a0sWD00000Xo7UpYAJ","false","Available One to Many Screen Sections","005al00000RVcKvAAL","false","false","true","4202155288318727727"
"","a0sWD00000Xo7UqYAJ","false","Available One to Many Screen Sections","005al00000RVcKvAAL","false","false","true","4202155288318727729"
"","a0sWD00000Xo7UrYAJ","false","Available One to Many Screen Sections","005al00000RVcKvAAL","false","false","true","420215528831872773"
"","a0sWD00000Xo7UsYAJ","false","Available One to Many Screen Sections","005al00000RVcKvAAL","false","false","true","4202155288318727731"
"","a0sWD00000Xo7UtYAJ","false","Available One to Many Screen Sections","005al00000RVcKvAAL","false","false","true","4202155288318727733"
"","a0sWD00000Xo7UuYAJ","false","Available One to Many Screen Sections","005al00000RVcKvAAL","false","false","true","4202155288318727735"
"","a0sWD00000Xo7UvYAJ","false","Available One to Many Screen Sections","005al00000RVcKvAAL","false","false","true","4202155288318727737"
"","a0sWD00000Xo7UwYAJ","false","Available One to Many Screen Sections","005al00000RVcKvAAL","false","false","true","4202155288318727739"
"","a0sWD00000Xo7UxYAJ","false","Available One to Many Screen Sections","005al00000RVcKvAAL","false","false","true","4202155288318727741"
"","a0sWD00000Xo7UyYAJ","false","Available One to Many Screen Sections","005al00000RVcKvAAL","false","false","true","4202155288318727743"
"","a0sWD00000Xo7UzYAJ","false","Available One to Many Screen Sections","005al00000RVcKvAAL","false","false","true","4202155288318727745"
"","a0sWD00000Xo7V0YAJ","false","Available One to Many Screen Sections","005al00000RVcKvAAL","false","false","true","4202155288318727747"
"","a0sWD00000Xo7V1YAJ","false","Available One to Many Screen Sections","005al00000RVcKvAAL","false","false","true","4202155288318727749"
"","a0sWD00000Xo7V2YAJ","false","Available One to Many Screen Sections","005al00000RVcKvAAL","false","false","true","420215528831872775"
"","a0sWD00000Xo7V3YAJ","false","Available One to Many Screen Sections","005al00000RVcKvAAL","false","false","true","4202155288318727751"
"","a0sWD00000Xo7V4YAJ","false","Available One to Many Screen Sections","005al00000RVcKvAAL","false","false","true","4202155288318727753"
"","a0sWD00000Xo7V5YAJ","false","Available One to Many Screen Sections","005al00000RVcKvAAL","false","false","true","4202155288318727755"
"","a0sWD00000Xo7V6YAJ","false","Available One to Many Screen Sections","005al00000RVcKvAAL","false","false","true","4202155288318727757"
"","a0sWD00000Xo7V7YAJ","false","Available One to Many Screen Sections","005al00000RVcKvAAL","false","false","true","4202155288318727759"
"","a0sWD00000Xo7V8YAJ","false","Available One to Many Screen Sections","005al00000RVcKvAAL","false","false","true","4202155288318727761"
"","a0sWD00000Xo7V9YAJ","false","Available One to Many Screen Sections","005al00000RVcKvAAL","false","false","true","4202155288318727763"
"","a0sWD00000Xo7VAYAZ","false","Available One to Many Screen Sections","005al00000RVcKvAAL","false","false","true","4202155288318727765"
"","a0sWD00000Xo7VBYAZ","false","Available One to Many Screen Sections","005al00000RVcKvAAL","false","false","true","4202155288318727767"
"","a0sWD00000Xo7VCYAZ","false","Available One to Many Screen Sections","005al00000RVcKvAAL","false","false","true","4202155288318727769"
"","a0sWD00000Xo7VDYAZ","false","Available One to Many Screen Sections","005al00000RVcKvAAL","false","false","true","420215528831872777"
"","a0sWD00000Xo7VEYAZ","false","Available One to Many Screen Sections","005al00000RVcKvAAL","false","false","true","4202155288318727771"
"","a0sWD00000Xo7VFYAZ","false","Available One to Many Screen Sections","005al00000RVcKvAAL","false","false","true","4202155288318727773"
"","a0sWD00000Xo7VGYAZ","false","Available One to Many Screen Sections","005al00000RVcKvAAL","false","false","true","4202155288318727775"
"","a0sWD00000Xo7VHYAZ","false","Available One to Many Screen Sections","005al00000RVcKvAAL","false","false","true","4202155288318727777"
"","a0sWD00000Xo7VIYAZ","false","Available One to Many Screen Sections","005al00000RVcKvAAL","false","false","true","4202155288318727779"
"","a0sWD00000Xo7VJYAZ","false","Available One to Many Screen Sections","005al00000RVcKvAAL","false","false","true","4202155288318727781"
"","a0sWD00000Xo7VKYAZ","false","Available One to Many Screen Sections","005al00000RVcKvAAL","false","false","true","4202155288318727783"
"","a0sWD00000Xo7VLYAZ","false","Available One to Many Screen Sections","005al00000RVcKvAAL","false","false","true","4202155288318727785"
"","a0sWD00000Xo7VMYAZ","false","Available One to Many Screen Sections","005al00000RVcKvAAL","false","false","true","4202155288318727787"
"","a0sWD00000Xo7VNYAZ","false","Available One to Many Screen Sections","005al00000RVcKvAAL","false","false","true","4202155288318727789"
"","a0sWD00000Xo7VOYAZ","false","Available One to Many Screen Sections","005al00000RVcKvAAL","false","false","true","420215528831872779"
"","a0sWD00000Xo7VPYAZ","false","Available One to Many Screen Sections","005al00000RVcKvAAL","false","false","true","4202155288318727791"
"","a0sWD00000Xo7VQYAZ","false","Available One to Many Screen Sections","005al00000RVcKvAAL","false","false","true","4202155288318727793"
"","a0sWD00000Xo7VRYAZ","false","Available One to Many Screen Sections","005al00000RVcKvAAL","false","false","true","4202155288318727795"
"","a0sWD00000Xo7VSYAZ","false","Available One to Many Screen Sections","005al00000RVcKvAAL","false","false","true","4202155288318727797"
"","a0sWD00000Xo7VTYAZ","false","Available One to Many Screen Sections","005al00000RVcKvAAL","false","false","true","4202155288318727799"
"","a0sWD00000Xo7VUYAZ","false","Repayment Terms","005al00000RVcKvAAL","false","false","true","42023099189094192"
"","a0sWD00000Xo7mMYAR","false","Available Screen Sections","005al00000RVcKvAAL","false","false","true","42026428621205577"
"","a0sWD00000Xo7dqYAB","false","Loan Information","005al00000RVcKvAAL","false","false","true","42029594095017407"
"","a0sWD00000Xo7c4YAB","false","Application Details","005al00000RVcKvAAL","false","false","true","42031262758117926"
"","a0sWD00000XnoK4YAJ","false","Loan Dashboard","005al00000RVcKvAAL","false","false","true","42031994670948485"
"","a0sWD00000Xo7VVYAZ","false","Available Screen Sections","005al00000RVcKvAAL","false","false","true","42034902570450482"
"","a0sWD00000Xo7VWYAZ","false","Previous SBA Loan","005al00000RVcKvAAL","false","false","true","42036892505263950"
"","a0sWD00000Xo7VXYAZ","false","Available Screen Sections","005al00000RVcKvAAL","false","false","true","42038422667998275"
"","a0sWD00000Xo7VYYAZ","false","Available Screen Sections","005al00000RVcKvAAL","false","false","true","42039667039986909"
"","a0sWD00000Xo7VZYAZ","false","Change of Ownership","005al00000RVcKvAAL","false","false","true","42039870745530943"
"","a0sWD00000Xo7drYAB","false","Acceptance","005al00000RVcKvAAL","false","false","true","42040858041388069"
"","a0sWD00000Xo7VaYAJ","false","Collateral","005al00000RVcKvAAL","false","false","true","42044289409485998"
"","a0sWD00000Xo7VbYAJ","false","Available Screen Sections","005al00000RVcKvAAL","false","false","true","42045171035964661"
"","a0sWD00000Xo7ksYAB","false","Loan Details","005al00000RVcKvAAL","false","false","true","42057670424928900"
"","a0sWD00000Xo7c5YAB","false","Add Others Involved MRF","005al00000RVcKvAAL","false","false","true","42057741056995051"
"","a0sWD00000Xo7jQYAR","false","Pricing Approved","005al00000RVcKvAAL","false","false","true","42057912696598906"
"","a0sWD00000Xo7dsYAB","false","Change Memo","005al00000RVcKvAAL","false","false","true","42067800903048699"
"","a0sWD00000Xo7VcYAJ","false","Available One to Many Screen Sections","005al00000RVcKvAAL","false","false","true","420688709640240201"
"","a0sWD00000Xo7VdYAJ","false","Available Screen Sections","005al00000RVcKvAAL","false","false","true","42070950734377609"
"","a0sWD00000Xo7c6YAB","false","Pricing","005al00000RVcKvAAL","false","false","true","42073702456589986"
"","a0sWD00000Xo7dtYAB","false","SAG","005al00000RVcKvAAL","false","false","true","42075091352010811"
"","a0sWD00000Xo7jrYAB","false","Details - EO","005al00000RVcKvAAL","false","false","true","42083286394967946"
"","a0sWD00000Xo7VeYAJ","false","Available Screen Sections","005al00000RVcKvAAL","false","false","true","42084849054837628"
"","a0sWD00000Xo7jmYAB","false","Add Sub-Loan","005al00000RVcKvAAL","false","false","true","42094753270807603"
"","a0sWD00000Xo7VfYAJ","false","Available Screen Sections","005al00000RVcKvAAL","false","false","true","42098432906518525"
"","a0sWD00000XoBmTYAV","false","Details - EO - Summary Screen","005al00000RVcKvAAL","false","false","true","42099472146166096"
"","a0sWD00000Xo7VgYAJ","false","Team Members","005al00000RVcKvAAL","false","false","true","42099974757861510"
"","a0sWD00000Xo7duYAB","false","Conditions","005al00000RVcKvAAL","false","false","true","42106123728270598"
"","a0sWD00000Xo7VhYAJ","false","SBA Form 1920","005al00000RVcKvAAL","false","false","true","42111771273235770"
"","a0sWD00000Xo7mDYAR","false","Secured SBL Personal (Individual Other Involved)","005al00000RVcKvAAL","false","false","true","42113928704115288"
"","a0sWD00000Xo7ViYAJ","false","SBA Form 1920","005al00000RVcKvAAL","false","false","true","42114855436013906"
"","a0sWD00000Y3ZLtYAN","false","DT2-Screen","005al00000RVcKvAAL","false","false","true","42121128499337326"
"","a0sWD00000Xo7kFYAR","false","Proforma Options","005al00000RVcKvAAL","false","false","true","42127455761752627"
"","a0sWD00000Xo7VjYAJ","false","Rate & Payment Structure","005al00000RVcKvAAL","false","false","true","42129539473270586"
"","a0sWD00000Xo7dvYAB","false","Loan Information","005al00000RVcKvAAL","false","false","true","42132321467446174"
"","a0sWD00000Xo7c7YAB","false","Add Others Involved MRF","005al00000RVcKvAAL","false","false","true","42136054162613079"
"","a0sWD00000Xo7lcYAB","false","Assign Approvers","005al00000RVcKvAAL","false","false","true","42136886661722680"
"","a0sWD00000Xo7VkYAJ","false","SBA Form 1920","005al00000RVcKvAAL","false","false","true","42137386148434509"
"","a0sWD00000Xo7dwYAB","false","Post Close Items","005al00000RVcKvAAL","false","false","true","42140898920848919"
"","a0sWD00000Xo7l2YAB","false","Add Sub-Loan","005al00000RVcKvAAL","false","false","true","42146906883856447"
"","a0sWD00000Xo7VlYAJ","false","SBA Form 10","005al00000RVcKvAAL","false","false","true","42149222702745326"
"","a0sWD00000Xo7VmYAJ","false","Available Screen Sections","005al00000RVcKvAAL","false","false","true","42150399614341616"
"","a0sWD00000Xo7VnYAJ","false","Available Screen Sections","005al00000RVcKvAAL","false","false","true","42152072906001100"
"","a0sWD00000Xo7VoYAJ","false","Available Screen Sections","005al00000RVcKvAAL","false","false","true","42152793487506478"
"","a0sWD00000Xo7kvYAB","false","Loan Compliance Screen","005al00000RVcKvAAL","false","false","true","42154138192718696"
"","a0sWD00000Xo7c8YAB","false","Borrowing Structure","005al00000RVcKvAAL","false","false","true","42156465383128569"
"","a0sWD00000Xo7k0YAB","false","Total Exposure","005al00000RVcKvAAL","false","false","true","42159428573333161"
"","a0sWD00000Xo7VpYAJ","false","Collateral Pledged","005al00000RVcKvAAL","false","false","true","42166347972390703"
"","a0sWD00000Xo7VqYAJ","false","Available Screen Sections","005al00000RVcKvAAL","false","false","true","42167815663649789"
"","a0sWD00000Xo7VrYAJ","false","Available Screen Sections","005al00000RVcKvAAL","false","false","true","42171738043579816"
"","a0sWD00000Xo7VsYAJ","false","Available Screen Sections","005al00000RVcKvAAL","false","false","true","42172645886552116"
"","a0sWD00000Xo7dxYAB","false","Supplementary Details","005al00000RVcKvAAL","false","false","true","42174387258537793"
"","a0sWD00000Xo7jyYAB","false","Package Details","005al00000RVcKvAAL","false","false","true","42177182337892182"
"","a0sWD00000Xo7lWYAR","false","Deposits","005al00000RVcKvAAL","false","false","true","42177182337892183"
"","a0sWD00000Xo7VtYAJ","false","Use of Proceeds","005al00000RVcKvAAL","false","false","true","42179546665283257"
"","a0sWD00000Xo7dNYAR","false","Beneficiary","005al00000RVcKvAAL","false","false","true","42181701790670788"
"","a0sWD00000Xo7lQYAR","false","Draw Overview Screen","005al00000RVcKvAAL","false","false","true","42189632957882651"
"","a0sWD00000Xo7kpYAB","false","Underwriting Details","005al00000RVcKvAAL","false","false","true","42204392997691879"
"","a0sWD00000Xo7c9YAB","false","HMDA","005al00000RVcKvAAL","false","false","true","42205446113358093"
"","a0sWD00000Xo7k1YAB","false","Details","005al00000RVcKvAAL","false","false","true","42206232254498796"
"","a0sWD00000Xo7VuYAJ","false","SBA Form 1920","005al00000RVcKvAAL","false","false","true","42214261167375138"
"","a0sWD00000Xo7VvYAJ","false","Available Screen Sections","005al00000RVcKvAAL","false","false","true","42215644255031629"
"","a0sWD00000Xo7VwYAJ","false","Available Screen Sections","005al00000RVcKvAAL","false","false","true","42216640012231128"
"","a0sWD00000Xo7VxYAJ","false","Available Screen Sections","005al00000RVcKvAAL","false","false","true","42216965115830581"
"","a0sWD00000Y3iaRYAR","false","DT1-Screen","005al00000RVcKvAAL","false","false","true","42219794161377058"
"","a0sWD00000Xo7cAYAR","false","Retail - Editable Details","005al00000RVcKvAAL","false","false","true","42220999464658455"
"","a0sWD00000Xo7cBYAR","false","Loan Compliance Screen","005al00000RVcKvAAL","false","false","true","42223137024332230"
"","a0sWD00000Xo7jqYAB","false","Booked Details","005al00000RVcKvAAL","false","false","true","42226870141912786"
"","a0sWD00000Xo7VyYAJ","false","Injections","005al00000RVcKvAAL","false","false","true","42230858883473510"
"","a0sWD00000Xo7dyYAB","false","Loan Information","005al00000RVcKvAAL","false","false","true","42231210965718360"
"","a0sWD00000Xo7VzYAJ","false","Available Screen Sections","005al00000RVcKvAAL","false","false","true","42234376446636860"
"","a0sWD00000Xo7cCYAR","false","Online Income Information","005al00000RVcKvAAL","false","false","true","42234563213912901"
"","a0sWD00000Xo7dzYAB","false","Loan Information","005al00000RVcKvAAL","false","false","true","42238060109799024"
"","a0sWD00000Xo7l3YAB","false","Manage Bill Points","005al00000RVcKvAAL","false","false","true","42238686668345765"
"","a0sWD00000Xo7e0YAB","false","Acceptance","005al00000RVcKvAAL","false","false","true","42240464200215900"
"","a0sWD00000Xo7cDYAR","false","Booked Information","005al00000RVcKvAAL","false","false","true","42241393496974062"
"","a0sWD00000Xo7cEYAR","false","Add Owners MRF","005al00000RVcKvAAL","false","false","true","42247669763471219"
"","a0sWD00000Xo7W1YAJ","false","Conflict of Interest","005al00000RVcKvAAL","false","false","true","42249549246967406"
"","a0sWD00000Xo7jIYAR","false","Documents - Screen","005al00000RVcKvAAL","false","false","true","42250780572765256"
"","a0sWD00000Xo7jCYAR","false","Deposit Income","005al00000RVcKvAAL","false","false","true","422521266855637441"
"","a0sWD00000Xo7jHYAR","false","Treasury Income","005al00000RVcKvAAL","false","false","true","422521266855637442"
"","a0sWD00000Xo7jGYAR","false","Additional Income","005al00000RVcKvAAL","false","false","true","422521266855637443"
"","a0sWD00000Xo7jDYAR","false","Comments","005al00000RVcKvAAL","false","false","true","422521266855637444"
"","a0sWD00000Xo7dOYAR","false","Entity Compliance Screen","005al00000RVcKvAAL","false","false","true","42252450705829812"
"","a0sWD00000Xo7e1YAB","false","Insurance","005al00000RVcKvAAL","false","false","true","42252792544565941"
"","a0sWD00000Xo7lNYAR","false","Syndications Summary","005al00000RVcKvAAL","false","false","true","42254700713997327"
"","a0sWD00000Xo7kJYAR","false","Participation","005al00000RVcKvAAL","false","false","true","42255938324133066"
"","a0sWD00000Xo7jzYAB","false","UI Configuration Builder","005al00000RVcKvAAL","false","false","true","42257423463997756"
"","a0sWD00000Xo7W2YAJ","false","Available Screen Sections","005al00000RVcKvAAL","false","false","true","42258791916601441"
"","a0sWD00000Xo7krYAB","false","Opportunities","005al00000RVcKvAAL","false","false","true","42261575075847433"
"","a0sWD00000Xo7W3YAJ","false","Available Screen Sections","005al00000RVcKvAAL","false","false","true","42263378690023471"
"","a0sWD00000Xo7kEYAR","false","Loan Products","005al00000RVcKvAAL","false","false","true","42264506634750293"
"","a0sWD00000Xo7kIYAR","false","pp-tn-review-detail","005al00000RVcKvAAL","false","false","true","42265516270396018"
"","a0sWD00000Xo7lkYAB","false","Policy Exceptions","005al00000RVcKvAAL","false","false","true","42274618989959014"
"","a0sWD00000Xo7W4YAJ","false","DEP Personal Info (Individual)","005al00000RVcKvAAL","false","false","true","42275646712486613"
"","a0sWD00000Xo7l0YAB","false","Total Exposure Screen","005al00000RVcKvAAL","false","false","true","42278923698642823"
"","a0sWD00000Xo7m5YAB","false","Underwriting Details","005al00000RVcKvAAL","false","false","true","42281206255813701"
"","a0sWD00000Xo7W5YAJ","false","Available Screen Sections","005al00000RVcKvAAL","false","false","true","42281527194584547"
"","a0sWD00000Xo7lEYAR","false","System Properties","005al00000RVcKvAAL","false","false","true","42283576814580241"
"","a0sWD00000Xo7lDYAR","false","Application Details","005al00000RVcKvAAL","false","false","true","42286887929986442"
"","a0sWD00000Xo7koYAB","false","Credit Actions New Package Details","005al00000RVcKvAAL","false","false","true","42288156731909944"
"","a0sWD00000Xo7jsYAB","false","Team Members","005al00000RVcKvAAL","false","false","true","42296036791553577"
"","a0sWD00000Xo7W6YAJ","false","SBA Form 912","005al00000RVcKvAAL","false","false","true","42296090309883102"
"","a0sWD00000Xo7W7YAJ","false","Available Screen Sections","005al00000RVcKvAAL","false","false","true","42297165952100001"
"","a0sWD00000Xo7W8YAJ","false","Available Screen Sections","005al00000RVcKvAAL","false","false","true","42297489268922296"
"","a0sWD00000Xo7W9YAJ","false","Available Screen Sections","005al00000RVcKvAAL","false","false","true","42299453123678824"
"","a0sWD00000Xo7WAYAZ","false","Liens","005al00000RVcKvAAL","false","false","true","42300174704936069"
"","a0sWD00000Xo7mKYAR","false","Default Loan Facility Creation Fields","005al00000RVcKvAAL","false","false","true","42300179894722648"
"","a0sWD00000Xo7lSYAR","false","Loan Compliance Screen","005al00000RVcKvAAL","false","false","true","42300854924496650"
"","a0sWD00000Xo7k3YAB","false","Rate Structure","005al00000RVcKvAAL","false","false","true","42306104470834702"
"","a0sWD00000Xo7WBYAZ","false","Underwriting Details","005al00000RVcKvAAL","false","false","true","42306617109093353"
"","a0sWD00000Xo7jEYAR","false","nCino UI Configuration Builder","005al00000RVcKvAAL","false","false","true","42311862257375707"
"","a0sWD00000Xo7l9YAB","false","Bulk Edit Booked","005al00000RVcKvAAL","false","false","true","42321181600095060"
"","a0sWD00000Xo7WCYAZ","false","Application","005al00000RVcKvAAL","false","false","true","42322238306973461"
"","a0sWD00000Xo7cFYAR","false","OARL Personal Info (Individual)","005al00000RVcKvAAL","false","false","true","42323239843997996"
"","a0sWD00000Xo7cGYAR","false","Underwriting Details","005al00000RVcKvAAL","false","false","true","42328640624982813"
"","a0sWD00000Xo7lUYAR","false","Borrowing Structure Information","005al00000RVcKvAAL","false","false","true","42342881603800273"
"","a0sWD00000Xo7lIYAR","false","Entity Compliance Screen","005al00000RVcKvAAL","false","false","true","42346461972245017"
"","a0sWD00000Xo7WDYAZ","false","RL Personal","005al00000RVcKvAAL","false","false","true","42350430251209131"
"","a0sWD00000Xo7WEYAZ","false","Referral","005al00000RVcKvAAL","false","false","true","42353198653936695"
"","a0sWD00000XoCJ4YAN","false","All Loan Facilities","005al00000RVcKvAAL","false","false","true","42356559980837588"
"","a0sWD00000Xo7k8YAB","false","Row Edit Booked","005al00000RVcKvAAL","false","false","true","42356782490989440"
"","a0sWD00000Xo7e2YAB","false","Adverse Actions","005al00000RVcKvAAL","false","false","true","42359213706234290"
"","a0sWD00000Xo7kmYAB","false","Entity Compliance Screen","005al00000RVcKvAAL","false","false","true","42359232390869881"
"","a0sWD00000Xo7jkYAB","false","Loan Compliance Screen","005al00000RVcKvAAL","false","false","true","42366262690465820"
"","a0sWD00000Xo7WGYAZ","false","Available One to Many Screen Sections","005al00000RVcKvAAL","false","false","true","423666159078071101"
"","a0sWD00000Xo7WHYAZ","false","Available One to Many Screen Sections","005al00000RVcKvAAL","false","false","true","4236661590780711010"
"","a0sWD00000Xo7WIYAZ","false","Available One to Many Screen Sections","005al00000RVcKvAAL","false","false","true","42366615907807110101"
"","a0sWD00000Xo7WJYAZ","false","Available One to Many Screen Sections","005al00000RVcKvAAL","false","false","true","42366615907807110103"
"","a0sWD00000Xo7WKYAZ","false","Available One to Many Screen Sections","005al00000RVcKvAAL","false","false","true","42366615907807110105"
"","a0sWD00000Xo7WLYAZ","false","Available One to Many Screen Sections","005al00000RVcKvAAL","false","false","true","42366615907807110107"
"","a0sWD00000Xo7WMYAZ","false","Available One to Many Screen Sections","005al00000RVcKvAAL","false","false","true","42366615907807110109"
"","a0sWD00000Xo7WNYAZ","false","Available One to Many Screen Sections","005al00000RVcKvAAL","false","false","true","42366615907807110111"
"","a0sWD00000Xo7WOYAZ","false","Available One to Many Screen Sections","005al00000RVcKvAAL","false","false","true","42366615907807110113"
"","a0sWD00000Xo7WPYAZ","false","Available One to Many Screen Sections","005al00000RVcKvAAL","false","false","true","42366615907807110115"
"","a0sWD00000Xo7WQYAZ","false","Available One to Many Screen Sections","005al00000RVcKvAAL","false","false","true","42366615907807110117"
"","a0sWD00000Xo7WRYAZ","false","Available One to Many Screen Sections","005al00000RVcKvAAL","false","false","true","42366615907807110119"
"","a0sWD00000Xo7WSYAZ","false","Available One to Many Screen Sections","005al00000RVcKvAAL","false","false","true","42366615907807110121"
"","a0sWD00000Xo7WTYAZ","false","Available One to Many Screen Sections","005al00000RVcKvAAL","false","false","true","42366615907807110123"
"","a0sWD00000Xo7WUYAZ","false","Available One to Many Screen Sections","005al00000RVcKvAAL","false","false","true","42366615907807110125"
"","a0sWD00000Xo7WVYAZ","false","Available One to Many Screen Sections","005al00000RVcKvAAL","false","false","true","42366615907807110127"
"","a0sWD00000Xo7WWYAZ","false","Available One to Many Screen Sections","005al00000RVcKvAAL","false","false","true","42366615907807110129"
"","a0sWD00000Xo7WXYAZ","false","Available One to Many Screen Sections","005al00000RVcKvAAL","false","false","true","4236661590780711013"
"","a0sWD00000Xo7WYYAZ","false","Available One to Many Screen Sections","005al00000RVcKvAAL","false","false","true","42366615907807110131"
"","a0sWD00000Xo7WZYAZ","false","Available One to Many Screen Sections","005al00000RVcKvAAL","false","false","true","42366615907807110133"
"","a0sWD00000Xo7WaYAJ","false","Available One to Many Screen Sections","005al00000RVcKvAAL","false","false","true","42366615907807110135"
"","a0sWD00000Xo7WbYAJ","false","Available One to Many Screen Sections","005al00000RVcKvAAL","false","false","true","42366615907807110137"
"","a0sWD00000Xo7WcYAJ","false","Available One to Many Screen Sections","005al00000RVcKvAAL","false","false","true","42366615907807110139"
"","a0sWD00000Xo7WdYAJ","false","Available One to Many Screen Sections","005al00000RVcKvAAL","false","false","true","42366615907807110141"
"","a0sWD00000Xo7WeYAJ","false","Available One to Many Screen Sections","005al00000RVcKvAAL","false","false","true","42366615907807110143"
"","a0sWD00000Xo7WfYAJ","false","Available One to Many Screen Sections","005al00000RVcKvAAL","false","false","true","42366615907807110145"
"","a0sWD00000Xo7WgYAJ","false","Available One to Many Screen Sections","005al00000RVcKvAAL","false","false","true","42366615907807110147"
"","a0sWD00000Xo7WhYAJ","false","Available One to Many Screen Sections","005al00000RVcKvAAL","false","false","true","42366615907807110149"
"","a0sWD00000Xo7WiYAJ","false","Available One to Many Screen Sections","005al00000RVcKvAAL","false","false","true","42366615907807110151"
"","a0sWD00000Xo7WjYAJ","false","Available One to Many Screen Sections","005al00000RVcKvAAL","false","false","true","42366615907807110153"
"","a0sWD00000Xo7WkYAJ","false","Available One to Many Screen Sections","005al00000RVcKvAAL","false","false","true","42366615907807110155"
"","a0sWD00000Xo7WlYAJ","false","Available One to Many Screen Sections","005al00000RVcKvAAL","false","false","true","42366615907807110157"
"","a0sWD00000Xo7WmYAJ","false","Available One to Many Screen Sections","005al00000RVcKvAAL","false","false","true","42366615907807110159"
"","a0sWD00000Xo7WnYAJ","false","Available One to Many Screen Sections","005al00000RVcKvAAL","false","false","true","4236661590780711016"
"","a0sWD00000Xo7WoYAJ","false","Available One to Many Screen Sections","005al00000RVcKvAAL","false","false","true","42366615907807110161"
"","a0sWD00000Xo7WpYAJ","false","Available One to Many Screen Sections","005al00000RVcKvAAL","false","false","true","42366615907807110163"
"","a0sWD00000Xo7WqYAJ","false","Available One to Many Screen Sections","005al00000RVcKvAAL","false","false","true","42366615907807110165"
"","a0sWD00000Xo7WrYAJ","false","Available One to Many Screen Sections","005al00000RVcKvAAL","false","false","true","42366615907807110167"
"","a0sWD00000Xo7WsYAJ","false","Available One to Many Screen Sections","005al00000RVcKvAAL","false","false","true","42366615907807110169"
"","a0sWD00000Xo7WtYAJ","false","Available One to Many Screen Sections","005al00000RVcKvAAL","false","false","true","42366615907807110171"
"","a0sWD00000Xo7WuYAJ","false","Available One to Many Screen Sections","005al00000RVcKvAAL","false","false","true","42366615907807110173"
"","a0sWD00000Xo7WvYAJ","false","Available One to Many Screen Sections","005al00000RVcKvAAL","false","false","true","42366615907807110175"
"","a0sWD00000Xo7WwYAJ","false","Available One to Many Screen Sections","005al00000RVcKvAAL","false","false","true","42366615907807110177"
"","a0sWD00000Xo7WxYAJ","false","Available One to Many Screen Sections","005al00000RVcKvAAL","false","false","true","42366615907807110179"
"","a0sWD00000Xo7WyYAJ","false","Available One to Many Screen Sections","005al00000RVcKvAAL","false","false","true","42366615907807110181"
"","a0sWD00000Xo7WzYAJ","false","Available One to Many Screen Sections","005al00000RVcKvAAL","false","false","true","42366615907807110183"
"","a0sWD00000Xo7X0YAJ","false","Available One to Many Screen Sections","005al00000RVcKvAAL","false","false","true","42366615907807110185"
"","a0sWD00000Xo7X1YAJ","false","Available One to Many Screen Sections","005al00000RVcKvAAL","false","false","true","42366615907807110187"
"","a0sWD00000Xo7X2YAJ","false","Available One to Many Screen Sections","005al00000RVcKvAAL","false","false","true","42366615907807110189"
"","a0sWD00000Xo7X3YAJ","false","Available One to Many Screen Sections","005al00000RVcKvAAL","false","false","true","4236661590780711019"
"","a0sWD00000Xo7X4YAJ","false","Available One to Many Screen Sections","005al00000RVcKvAAL","false","false","true","42366615907807110191"
"","a0sWD00000Xo7X5YAJ","false","Available One to Many Screen Sections","005al00000RVcKvAAL","false","false","true","42366615907807110193"
"","a0sWD00000Xo7X6YAJ","false","Available One to Many Screen Sections","005al00000RVcKvAAL","false","false","true","42366615907807110195"
"","a0sWD00000Xo7X7YAJ","false","Available One to Many Screen Sections","005al00000RVcKvAAL","false","false","true","42366615907807110197"
"","a0sWD00000Xo7X8YAJ","false","Available One to Many Screen Sections","005al00000RVcKvAAL","false","false","true","42366615907807110199"
"","a0sWD00000Xo7X9YAJ","false","Available One to Many Screen Sections","005al00000RVcKvAAL","false","false","true","42366615907807110201"
"","a0sWD00000Xo7XAYAZ","false","Available One to Many Screen Sections","005al00000RVcKvAAL","false","false","true","42366615907807110203"
"","a0sWD00000Xo7XBYAZ","false","Available One to Many Screen Sections","005al00000RVcKvAAL","false","false","true","42366615907807110205"
"","a0sWD00000Xo7XCYAZ","false","Available One to Many Screen Sections","005al00000RVcKvAAL","false","false","true","42366615907807110207"
"","a0sWD00000Xo7XDYAZ","false","Available One to Many Screen Sections","005al00000RVcKvAAL","false","false","true","42366615907807110209"
"","a0sWD00000Xo7XEYAZ","false","Available One to Many Screen Sections","005al00000RVcKvAAL","false","false","true","42366615907807110211"
"","a0sWD00000Xo7XFYAZ","false","Available One to Many Screen Sections","005al00000RVcKvAAL","false","false","true","42366615907807110213"
"","a0sWD00000Xo7XGYAZ","false","Available One to Many Screen Sections","005al00000RVcKvAAL","false","false","true","42366615907807110215"
"","a0sWD00000Xo7XHYAZ","false","Available One to Many Screen Sections","005al00000RVcKvAAL","false","false","true","42366615907807110217"
"","a0sWD00000Xo7XIYAZ","false","Available One to Many Screen Sections","005al00000RVcKvAAL","false","false","true","42366615907807110219"
"","a0sWD00000Xo7XJYAZ","false","Available One to Many Screen Sections","005al00000RVcKvAAL","false","false","true","4236661590780711022"
"","a0sWD00000Xo7XKYAZ","false","Available One to Many Screen Sections","005al00000RVcKvAAL","false","false","true","42366615907807110221"
"","a0sWD00000Xo7XLYAZ","false","Available One to Many Screen Sections","005al00000RVcKvAAL","false","false","true","42366615907807110223"
"","a0sWD00000Xo7XMYAZ","false","Available One to Many Screen Sections","005al00000RVcKvAAL","false","false","true","42366615907807110225"
"","a0sWD00000Xo7XNYAZ","false","Available One to Many Screen Sections","005al00000RVcKvAAL","false","false","true","42366615907807110227"
"","a0sWD00000Xo7XOYAZ","false","Available One to Many Screen Sections","005al00000RVcKvAAL","false","false","true","42366615907807110229"
"","a0sWD00000Xo7XPYAZ","false","Available One to Many Screen Sections","005al00000RVcKvAAL","false","false","true","42366615907807110231"
"","a0sWD00000Xo7XQYAZ","false","Available One to Many Screen Sections","005al00000RVcKvAAL","false","false","true","42366615907807110233"
"","a0sWD00000Xo7XRYAZ","false","Available One to Many Screen Sections","005al00000RVcKvAAL","false","false","true","42366615907807110235"
"","a0sWD00000Xo7XSYAZ","false","Available One to Many Screen Sections","005al00000RVcKvAAL","false","false","true","42366615907807110237"
"","a0sWD00000Xo7XTYAZ","false","Available One to Many Screen Sections","005al00000RVcKvAAL","false","false","true","42366615907807110239"
"","a0sWD00000Xo7XUYAZ","false","Available One to Many Screen Sections","005al00000RVcKvAAL","false","false","true","42366615907807110241"
"","a0sWD00000Xo7XVYAZ","false","Available One to Many Screen Sections","005al00000RVcKvAAL","false","false","true","42366615907807110243"
"","a0sWD00000Xo7XWYAZ","false","Available One to Many Screen Sections","005al00000RVcKvAAL","false","false","true","42366615907807110245"
"","a0sWD00000Xo7XXYAZ","false","Available One to Many Screen Sections","005al00000RVcKvAAL","false","false","true","42366615907807110247"
"","a0sWD00000Xo7XYYAZ","false","Available One to Many Screen Sections","005al00000RVcKvAAL","false","false","true","42366615907807110249"
"","a0sWD00000Xo7XZYAZ","false","Available One to Many Screen Sections","005al00000RVcKvAAL","false","false","true","4236661590780711025"
"","a0sWD00000Xo7XaYAJ","false","Available One to Many Screen Sections","005al00000RVcKvAAL","false","false","true","42366615907807110251"
"","a0sWD00000Xo7XbYAJ","false","Available One to Many Screen Sections","005al00000RVcKvAAL","false","false","true","42366615907807110253"
"","a0sWD00000Xo7XcYAJ","false","Available One to Many Screen Sections","005al00000RVcKvAAL","false","false","true","42366615907807110255"
"","a0sWD00000Xo7XdYAJ","false","Available One to Many Screen Sections","005al00000RVcKvAAL","false","false","true","4236661590780711027"
"","a0sWD00000Xo7XeYAJ","false","Available One to Many Screen Sections","005al00000RVcKvAAL","false","false","true","4236661590780711029"
"","a0sWD00000Xo7XfYAJ","false","Available One to Many Screen Sections","005al00000RVcKvAAL","false","false","true","4236661590780711031"
"","a0sWD00000Xo7XgYAJ","false","Available One to Many Screen Sections","005al00000RVcKvAAL","false","false","true","4236661590780711033"
"","a0sWD00000Xo7XhYAJ","false","Available One to Many Screen Sections","005al00000RVcKvAAL","false","false","true","4236661590780711035"
"","a0sWD00000Xo7XiYAJ","false","Available One to Many Screen Sections","005al00000RVcKvAAL","false","false","true","4236661590780711037"
"","a0sWD00000Xo7XjYAJ","false","Available One to Many Screen Sections","005al00000RVcKvAAL","false","false","true","4236661590780711039"
"","a0sWD00000Xo7XkYAJ","false","Available One to Many Screen Sections","005al00000RVcKvAAL","false","false","true","423666159078071104"
"","a0sWD00000Xo7XlYAJ","false","Available One to Many Screen Sections","005al00000RVcKvAAL","false","false","true","4236661590780711041"
"","a0sWD00000Xo7XmYAJ","false","Available One to Many Screen Sections","005al00000RVcKvAAL","false","false","true","4236661590780711043"
"","a0sWD00000Xo7XnYAJ","false","Available One to Many Screen Sections","005al00000RVcKvAAL","false","false","true","4236661590780711045"
"","a0sWD00000Xo7XoYAJ","false","Available One to Many Screen Sections","005al00000RVcKvAAL","false","false","true","4236661590780711047"
"","a0sWD00000Xo7XpYAJ","false","Available One to Many Screen Sections","005al00000RVcKvAAL","false","false","true","4236661590780711049"
"","a0sWD00000Xo7XqYAJ","false","Available One to Many Screen Sections","005al00000RVcKvAAL","false","false","true","4236661590780711051"
"","a0sWD00000Xo7XrYAJ","false","Available One to Many Screen Sections","005al00000RVcKvAAL","false","false","true","4236661590780711053"
"","a0sWD00000Xo7XsYAJ","false","Available One to Many Screen Sections","005al00000RVcKvAAL","false","false","true","4236661590780711055"
"","a0sWD00000Xo7XtYAJ","false","Available One to Many Screen Sections","005al00000RVcKvAAL","false","false","true","4236661590780711057"
"","a0sWD00000Xo7XuYAJ","false","Available One to Many Screen Sections","005al00000RVcKvAAL","false","false","true","4236661590780711059"
"","a0sWD00000Xo7XvYAJ","false","Available One to Many Screen Sections","005al00000RVcKvAAL","false","false","true","4236661590780711061"
"","a0sWD00000Xo7XwYAJ","false","Available One to Many Screen Sections","005al00000RVcKvAAL","false","false","true","4236661590780711063"
"","a0sWD00000Xo7XxYAJ","false","Available One to Many Screen Sections","005al00000RVcKvAAL","false","false","true","4236661590780711065"
"","a0sWD00000Xo7XyYAJ","false","Available One to Many Screen Sections","005al00000RVcKvAAL","false","false","true","4236661590780711067"
"","a0sWD00000Xo7XzYAJ","false","Available One to Many Screen Sections","005al00000RVcKvAAL","false","false","true","4236661590780711069"
"","a0sWD00000Xo7Y0YAJ","false","Available One to Many Screen Sections","005al00000RVcKvAAL","false","false","true","423666159078071107"
"","a0sWD00000Xo7Y1YAJ","false","Available One to Many Screen Sections","005al00000RVcKvAAL","false","false","true","4236661590780711071"
"","a0sWD00000Xo7Y2YAJ","false","Available One to Many Screen Sections","005al00000RVcKvAAL","false","false","true","4236661590780711073"
"","a0sWD00000Xo7Y3YAJ","false","Available One to Many Screen Sections","005al00000RVcKvAAL","false","false","true","4236661590780711075"
"","a0sWD00000Xo7Y4YAJ","false","Available One to Many Screen Sections","005al00000RVcKvAAL","false","false","true","4236661590780711077"
"","a0sWD00000Xo7Y5YAJ","false","Available One to Many Screen Sections","005al00000RVcKvAAL","false","false","true","4236661590780711079"
"","a0sWD00000Xo7Y6YAJ","false","Available One to Many Screen Sections","005al00000RVcKvAAL","false","false","true","4236661590780711081"
"","a0sWD00000Xo7Y7YAJ","false","Available One to Many Screen Sections","005al00000RVcKvAAL","false","false","true","4236661590780711083"
"","a0sWD00000Xo7Y8YAJ","false","Available One to Many Screen Sections","005al00000RVcKvAAL","false","false","true","4236661590780711085"
"","a0sWD00000Xo7Y9YAJ","false","Available One to Many Screen Sections","005al00000RVcKvAAL","false","false","true","4236661590780711087"
"","a0sWD00000Xo7YAYAZ","false","Available One to Many Screen Sections","005al00000RVcKvAAL","false","false","true","4236661590780711089"
"","a0sWD00000Xo7YBYAZ","false","Available One to Many Screen Sections","005al00000RVcKvAAL","false","false","true","4236661590780711091"
"","a0sWD00000Xo7YCYAZ","false","Available One to Many Screen Sections","005al00000RVcKvAAL","false","false","true","4236661590780711093"
"","a0sWD00000Xo7YDYAZ","false","Available One to Many Screen Sections","005al00000RVcKvAAL","false","false","true","4236661590780711095"
"","a0sWD00000Xo7YEYAZ","false","Available One to Many Screen Sections","005al00000RVcKvAAL","false","false","true","4236661590780711097"
"","a0sWD00000Xo7YFYAZ","false","Available One to Many Screen Sections","005al00000RVcKvAAL","false","false","true","4236661590780711099"
"","a0sWD00000Xo7dPYAR","false","Roth Contributions","005al00000RVcKvAAL","false","false","true","42370082958059837"
"","a0sWD00000Xo7dQYAR","false","Credit Authorization/Marital Status","005al00000RVcKvAAL","false","false","true","42371261383184965"
"","a0sWD00000Xo7YGYAZ","false","Available Screen Sections","005al00000RVcKvAAL","false","false","true","42375967143243576"
"","a0sWD00000Xo7YHYAZ","false","Available Screen Sections","005al00000RVcKvAAL","false","false","true","42377036245656591"
"","a0sWD00000Xo7jUYAR","false","Booked Facilities","005al00000RVcKvAAL","false","false","true","42380056249585665"
"","a0sWD00000Xo7cHYAR","false","Entity Compliance Screen","005al00000RVcKvAAL","false","false","true","42391663700624859"
"","a0sWD00000Xo7l6YAB","false","Application Details","005al00000RVcKvAAL","false","false","true","42393241259581911"
"","a0sWD00000Xo7mGYAR","false","SBL Personal (Individual Other Involved)","005al00000RVcKvAAL","false","false","true","42395526772715632"
"","a0sWD00000Xo7YIYAZ","false","Available Screen Sections","005al00000RVcKvAAL","false","false","true","42408597515396741"
"","a0sWD00000Xo7YJYAZ","false","Available Screen Sections","005al00000RVcKvAAL","false","false","true","42409805801187142"
"","a0sWD00000Xo7lPYAR","false","Referral","005al00000RVcKvAAL","false","false","true","42410404119994869"
"","a0sWD00000Xo7juYAB","false","Third Party Management","005al00000RVcKvAAL","false","false","true","42411851997942573"
"","a0sWD00000Xo7mIYAR","false","Secured SBL Eligibility","005al00000RVcKvAAL","false","false","true","42415980332756543"
"","a0sWD00000Xo7YKYAZ","false","SBA Form 1919","005al00000RVcKvAAL","false","false","true","42416074893865396"
"","a0sWD00000Xo7YLYAZ","false","Application Details","005al00000RVcKvAAL","false","false","true","42416387574958178"
"","a0sWD00000Xo7lFYAR","false","Draw History Screen","005al00000RVcKvAAL","false","false","true","42419863457011593"
"","a0sWD00000Xo7cIYAR","false","Beneficial Owners","005al00000RVcKvAAL","false","false","true","42420206330006732"
"","a0sWD00000Xo7YMYAZ","false","Underwriting Details","005al00000RVcKvAAL","false","false","true","42420244195616807"
"","a0sWD00000Xo7YNYAZ","false","RL Personal (Individual Other Involved)","005al00000RVcKvAAL","false","false","true","42426004248565116"
"","a0sWD00000Xo7kyYAB","false","Change Memo","005al00000RVcKvAAL","false","false","true","42432836327202375"
"","a0sWD00000Xo7YOYAZ","false","RL Eligibility","005al00000RVcKvAAL","false","false","true","42435399078181112"
"","a0sWD00000Xo7cJYAR","false","Add Others Involved MRF","005al00000RVcKvAAL","false","false","true","42436459684933691"
"","a0sWD00000Xo7lVYAR","false","Budget Details","005al00000RVcKvAAL","false","false","true","42438936865131651"
"","a0sWD00000Xo7jlYAB","false","Copy Loan","005al00000RVcKvAAL","false","false","true","42443303677598944"
"","a0sWD00000Xo7YPYAZ","false","Memo","005al00000RVcKvAAL","false","false","true","42444467222185355"
"","a0sWD00000Xo7YQYAZ","false","SBA Form 1920","005al00000RVcKvAAL","false","false","true","42444688549380816"
"","a0sWD00000Xo7YRYAZ","false","Loan Application","005al00000RVcKvAAL","false","false","true","42447459765222498"
"","a0sWD00000Xo7jNYAR","false","Payment Structure","005al00000RVcKvAAL","false","false","true","42448651673900408"
"","a0sWD00000XoCJ3YAN","false","Row Edit All Loan Facilities","005al00000RVcKvAAL","false","false","true","42453423598343751"
"","a0sWD00000Xo7lHYAR","false","Memo Details","005al00000RVcKvAAL","false","false","true","42453478693303001"
"","a0sWD00000Xo7cKYAR","false","Rate & Payment Structure","005al00000RVcKvAAL","false","false","true","42454304015867314"
"","a0sWD00000Xo7YSYAZ","false","SBA Express Loan Authorization","005al00000RVcKvAAL","false","false","true","42459082135169084"
"","a0sWD00000Xo7YTYAZ","false","Deposit Products","005al00000RVcKvAAL","false","false","true","42464191242067167"
"","a0sWD00000Xo7e3YAB","false","Loan Information","005al00000RVcKvAAL","false","false","true","42471436313323417"
"","a0sWD00000Xo7YUYAZ","false","SBA Form G845","005al00000RVcKvAAL","false","false","true","42471724685478023"
"","a0sWD00000Xo7jKYAR","false","Origination - Screen","005al00000RVcKvAAL","false","false","true","42472270104121077"
"","a0sWD00000Xo7YVYAZ","false","SBA Form 1920","005al00000RVcKvAAL","false","false","true","42472429494470650"
"","a0sWD00000Xo7kwYAB","false","Loan Details","005al00000RVcKvAAL","false","false","true","42477760115293706"
"","a0sWD00000Xo7YWYAZ","false","Additional Conditions","005al00000RVcKvAAL","false","false","true","42478995042737688"
"","a0sWD00000Xo7cLYAR","false","Risk Rating","005al00000RVcKvAAL","false","false","true","42479930579628378"
"","a0sWD00000Xo7e4YAB","false","Loan Information","005al00000RVcKvAAL","false","false","true","42483057015138499"
"","a0sWD00000Xo7jgYAB","false","Entity Compliance Screen","005al00000RVcKvAAL","false","false","true","42484621918140548"
"","a0sWD00000Xo7cMYAR","false","Income/Debt/Asset","005al00000RVcKvAAL","false","false","true","42495888365913731"
"","a0sWD00000Xo7YXYAZ","false","Available Screen Sections","005al00000RVcKvAAL","false","false","true","42500217811994715"
"","a0sWD00000Xo7kDYAR","false","Balance Details","005al00000RVcKvAAL","false","false","true","42506447999100246"
"","a0sWD00000Xo7lXYAR","false","CRA Screen","005al00000RVcKvAAL","false","false","true","42508794583138413"
"","a0sWD00000Xo7mCYAR","false","Secured SBL Business Info","005al00000RVcKvAAL","false","false","true","42509691136301749"
"","a0sWD00000Xo7mHYAR","false","Available Screen Sections","005al00000RVcKvAAL","false","false","true","42518046726897075"
"","a0sWD00000Xo7k4YAB","false","Enhanced Fees Management","005al00000RVcKvAAL","false","false","true","42519280233404703"
"","a0sWD00000Xo7jpYAB","false","Underwriting Details","005al00000RVcKvAAL","false","false","true","42520577919445796"
"","a0sWD00000Xo7cNYAR","false","DEP Business Info","005al00000RVcKvAAL","false","false","true","42521926955999322"
"","a0sWD00000Xo7cOYAR","false","Secured SBL Eligibility - Test PDI","005al00000RVcKvAAL","false","false","true","42522355733503858"
"","a0sWD00000Xo7YYYAZ","false","Application Details","005al00000RVcKvAAL","false","false","true","42524769303520840"
"","a0sWD00000Xo7YZYAZ","false","Optional Balloon Loan","005al00000RVcKvAAL","false","false","true","425247693035208401"
"","a0sWD00000Xo7e5YAB","false","Supplementary Details","005al00000RVcKvAAL","false","false","true","42530585031003565"
"","a0sWD00000Xo7YaYAJ","false","SBA Form 159","005al00000RVcKvAAL","false","false","true","42532180679580861"
"","a0sWD00000Xo7e6YAB","false","Loan Information","005al00000RVcKvAAL","false","false","true","42534403815343112"
"","a0sWD00000Xo7YbYAJ","false","Available Screen Sections","005al00000RVcKvAAL","false","false","true","42547554951755541"
"","a0sWD00000Xo7YcYAJ","false","Available Screen Sections","005al00000RVcKvAAL","false","false","true","42548454303640585"
"","a0sWD00000Xo7YdYAJ","false","SBA Loan Authorization","005al00000RVcKvAAL","false","false","true","42549108122041790"
"","a0sWD00000Xo7YeYAJ","false","Available Screen Sections","005al00000RVcKvAAL","false","false","true","42552507167472630"
"","a0sWD00000Xo7e7YAB","false","Credit Memo Narrative","005al00000RVcKvAAL","false","false","true","42552912179786949"
"","a0sWD00000Xo7cPYAR","false","Add Others Involved MRF","005al00000RVcKvAAL","false","false","true","42552938228272786"
"","a0sWD00000Xo7jOYAR","false","Rate Structure","005al00000RVcKvAAL","false","false","true","42558854118324394"
"","a0sWD00000Xo7e8YAB","false","Acceptance","005al00000RVcKvAAL","false","false","true","42560640919494297"
"","a0sWD00000Xo7YfYAJ","false","Available Screen Sections","005al00000RVcKvAAL","false","false","true","42563550023379214"
"","a0sWD00000Xo7YgYAJ","false","Loan Products","005al00000RVcKvAAL","false","false","true","42567764686172869"
"","a0sWD00000Xo7YhYAJ","false","Collateral2Assets","005al00000RVcKvAAL","false","false","true","42572175721289664"
"","a0sWD00000Xo7YiYAJ","false","Available Screen Sections","005al00000RVcKvAAL","false","false","true","42576748687733812"
"","a0sWD00000Xo7e9YAB","false","Insurance","005al00000RVcKvAAL","false","false","true","42577798839968707"
"","a0sWD00000Xo7cQYAR","false","Collateral - Locked","005al00000RVcKvAAL","false","false","true","42582888066068259"
"","a0sWD00000Xo7l7YAB","false","Counterparty Report","005al00000RVcKvAAL","false","false","true","42582982089307696"
"","a0sWD00000Xo7eAYAR","false","Industry Specific Information","005al00000RVcKvAAL","false","false","true","42583235685340065"
"","a0sWD00000Xo7YjYAJ","false","Available One to Many Screen Sections","005al00000RVcKvAAL","false","false","true","425833549245594371"
"","a0sWD00000Xo7YkYAJ","false","Enhanced Fees Management","005al00000RVcKvAAL","false","false","true","42584277321636193"
"","a0sWD00000Xo7YlYAJ","false","Borrowing Structure","005al00000RVcKvAAL","false","false","true","4259332982860135"
"","a0sWD00000Xo7jwYAB","false","Rate & Payment Structure","005al00000RVcKvAAL","false","false","true","42597613353871482"
"","a0sWD00000Xo7cRYAR","false","Next Steps","005al00000RVcKvAAL","false","false","true","42597622962511405"
"","a0sWD00000Xo7YmYAJ","false","Third Party Management","005al00000RVcKvAAL","false","false","true","42601708187893789"
"","a0sWD00000Xo7YnYAJ","false","Available Screen Sections","005al00000RVcKvAAL","false","false","true","42602768168224267"
"","a0sWD00000Xo7YoYAJ","false","Add RDC Scanner","005al00000RVcKvAAL","false","false","true","4260341211167783167"
"","a0sWD00000Xo7YpYAJ","false","Available One to Many Screen Sections","005al00000RVcKvAAL","false","false","true","4260341270267783112"
"","a0sWD00000Xo7YqYAJ","false","Available Screen Sections","005al00000RVcKvAAL","false","false","true","4260341270267783114"
"","a0sWD00000Xo7YrYAJ","false","Available One to Many Screen Sections","005al00000RVcKvAAL","false","false","true","426034127026778312"
"","a0sWD00000Xo7YsYAJ","false","Available One to Many Screen Sections","005al00000RVcKvAAL","false","false","true","4260341270267783122"
"","a0sWD00000Xo7YtYAJ","false","Available Screen Sections","005al00000RVcKvAAL","false","false","true","4260341270267783124"
"","a0sWD00000Xo7YuYAJ","false","Available One to Many Screen Sections","005al00000RVcKvAAL","false","false","true","4260341270267783132"
"","a0sWD00000Xo7YvYAJ","false","Available Screen Sections","005al00000RVcKvAAL","false","false","true","4260341270267783134"
"","a0sWD00000Xo7YwYAJ","false","Available Screen Sections","005al00000RVcKvAAL","false","false","true","426034127026778314"
"","a0sWD00000Xo7YxYAJ","false","Modify","005al00000RVcKvAAL","false","false","true","4260341270267783155"
"","a0sWD00000Xo7YyYAJ","false","Add","005al00000RVcKvAAL","false","false","true","4260341270267783158"
"","a0sWD00000Xo7YzYAJ","false","Change","005al00000RVcKvAAL","false","false","true","4260341270267783161"
"","a0sWD00000Xo7Z0YAJ","false","Delete","005al00000RVcKvAAL","false","false","true","4260341270267783164"
"","a0sWD00000Xo7Z1YAJ","false","RDC Scanner Updates","005al00000RVcKvAAL","false","false","true","4260341270267783167"
"","a0sWD00000Xo7Z2YAJ","false","Change Authorized User Access","005al00000RVcKvAAL","false","false","true","4260341270267783179"
"","a0sWD00000Xo7Z3YAJ","false","AU Access","005al00000RVcKvAAL","false","false","true","4260341270267783182"
"","a0sWD00000Xo7Z4YAJ","false","LockboxDetails","005al00000RVcKvAAL","false","false","true","4260341270267783188"
"","a0sWD00000Xo7Z5YAJ","false","LockboxLocationDetails","005al00000RVcKvAAL","false","false","true","4260341270267783191"
"","a0sWD00000Xo7Z6YAJ","false","AU Changes","005al00000RVcKvAAL","false","false","true","4260341270267783194"
"","a0sWD00000Xo7kxYAB","false","Pricing","005al00000RVcKvAAL","false","false","true","42603748046132357"
"","a0sWD00000Xo7kzYAB","false","Application Details","005al00000RVcKvAAL","false","false","true","42607933161237870"
"","a0sWD00000Xo7Z7YAJ","false","Application Details","005al00000RVcKvAAL","false","false","true","42614756889733027"
"","a0sWD00000Xo7dRYAR","false","Rates and APY","005al00000RVcKvAAL","false","false","true","42615384382748734"
"","a0sWD00000Xo7cSYAR","false","Next Steps","005al00000RVcKvAAL","false","false","true","42621602764631367"
"","a0sWD00000Xo7jhYAB","false","Manage Budget Screen","005al00000RVcKvAAL","false","false","true","42622713689821035"
"","a0sWD00000Xo7jvYAB","false","Row Edit Post Approval","005al00000RVcKvAAL","false","false","true","42623271149565690"
"","a0sWD00000Xo7lCYAR","false","pp-tn-review-detail","005al00000RVcKvAAL","false","false","true","42623826249591830"
"","a0sWD00000Xo7eBYAR","false","Referral","005al00000RVcKvAAL","false","false","true","42626152928349612"
"","a0sWD00000Xo7cTYAR","false","Pricing Approved","005al00000RVcKvAAL","false","false","true","42628206483992946"
"","a0sWD00000Xo7eCYAR","false","Referrals","005al00000RVcKvAAL","false","false","true","42628394564202379"
"","a0sWD00000Xo7kqYAB","false","Treasury Service Details","005al00000RVcKvAAL","false","false","true","42634238437115000"
"","a0sWD00000Xo7Z8YAJ","false","Available Screen Sections","005al00000RVcKvAAL","false","false","true","42635809217633931"
"","a0sWD00000Xo7mLYAR","false","SBL Eligibility","005al00000RVcKvAAL","false","false","true","42636216486699414"
"","a0sWD00000Xo7eDYAR","false","Change Memo","005al00000RVcKvAAL","false","false","true","42642682361221361"
"","a0sWD00000Xo7Z9YAJ","false","Loan Details Mortgage APAC","005al00000RVcKvAAL","false","false","true","42645426226502049"
"","a0sWD00000Xo7cUYAR","false","Statement Mailing Address","005al00000RVcKvAAL","false","false","true","42649164738446918"
"","a0sWD00000Xo7dSYAR","false","Credit Authorization","005al00000RVcKvAAL","false","false","true","42650005288493003"
"","a0sWD00000Xo7lKYAR","false","Application Details","005al00000RVcKvAAL","false","false","true","42659629105416955"
"","a0sWD00000Xo7cVYAR","false","Rental Expense- Other involved","005al00000RVcKvAAL","false","false","true","42661183844977569"
"","a0sWD00000Xo7ZAYAZ","false","Loan Team Member Information","005al00000RVcKvAAL","false","false","true","42661620937671562"
"","a0sWD00000Xo7ZBYAZ","false","Available Screen Sections","005al00000RVcKvAAL","false","false","true","42664936141973887"
"","a0sWD00000Xo7cWYAR","false","Balance Details","005al00000RVcKvAAL","false","false","true","42665939958739667"
"","a0sWD00000Xo7eEYAR","false","Loan Information","005al00000RVcKvAAL","false","false","true","42667060638923733"
"","a0sWD00000Xo7mNYAR","false","Available Screen Sections","005al00000RVcKvAAL","false","false","true","42668947043259055"
"","a0sWD00000Xo7jnYAB","false","Risk Rating","005al00000RVcKvAAL","false","false","true","42672158236792769"
"","a0sWD00000Xo7jMYAR","false","Account Current","005al00000RVcKvAAL","false","false","true","42673965235711935"
"","a0sWD00000Xo7cXYAR","false","Rental Expense","005al00000RVcKvAAL","false","false","true","42676652900382649"
"","a0sWD00000Xo7eFYAR","false","Supplementary Details","005al00000RVcKvAAL","false","false","true","42677169303849006"
"","a0sWD00000Xo7lYYAR","false","Copy Loan","005al00000RVcKvAAL","false","false","true","42678219453394575"
"","a0sWD00000Xo7ZCYAZ","false","Available Screen Sections","005al00000RVcKvAAL","false","false","true","42682493032422653"
"","a0sWD00000Xo7ZDYAZ","false","Available Screen Sections","005al00000RVcKvAAL","false","false","true","42683078783818524"
"","a0sWD00000Xo7ZEYAZ","false","Available Screen Sections","005al00000RVcKvAAL","false","false","true","42686277354485569"
"","a0sWD00000Xo7eGYAR","false","Loan Information","005al00000RVcKvAAL","false","false","true","42688042363052532"
"","a0sWD00000Xo7dTYAR","false","Joint Intent/Marital Status","005al00000RVcKvAAL","false","false","true","426895784390633934"
"","a0sWD00000Xo7dUYAR","false","Marital Status","005al00000RVcKvAAL","false","false","true","4268957843906339345"
"","a0sWD00000Xo7ZFYAZ","false","Verification Online Application","005al00000RVcKvAAL","false","false","true","426906024564896"
"","a0sWD00000Xo7ZGYAZ","false","Account Debt","005al00000RVcKvAAL","false","false","true","42690602794320896"
"","a0sWD00000Xo7dVYAR","false","Add Beneficial Owner OA","005al00000RVcKvAAL","false","false","true","42692388294244423"
"","a0sWD00000Xo7mEYAR","false","SBL Personal","005al00000RVcKvAAL","false","false","true","42692911532156791"
"","a0sWD00000Xo7ZHYAZ","false","Available Screen Sections","005al00000RVcKvAAL","false","false","true","42695743300491352"
"","a0sWD00000Xo7cYYAR","false","Balance Details","005al00000RVcKvAAL","false","false","true","42706402666860943"
"","a0sWD00000Xo7cZYAR","false","Counter Offer - Adverse Action","005al00000RVcKvAAL","false","false","true","42714169169259151"
"","a0sWD00000Xo7eHYAR","false","Legal Time","005al00000RVcKvAAL","false","false","true","4271592250132544"
"","a0sWD00000Xo7jjYAB","false","Collateral2","005al00000RVcKvAAL","false","false","true","42716660961482717"
"","a0sWD00000Xo7ZIYAZ","false","Available Screen Sections","005al00000RVcKvAAL","false","false","true","42718553518226114"
"","a0sWD00000Xo7caYAB","false","Approval Details","005al00000RVcKvAAL","false","false","true","42722997428486649"
"","a0sWD00000Xo7cbYAB","false","Referral","005al00000RVcKvAAL","false","false","true","42723038925154595"
"","a0sWD00000Xo7ccYAB","false","Application Details","005al00000RVcKvAAL","false","false","true","42724462769795377"
"","a0sWD00000Xo7dWYAR","false","Funding Method","005al00000RVcKvAAL","false","false","true","42728043130819155"
"","a0sWD00000Xo7ZJYAZ","false","Available Screen Sections","005al00000RVcKvAAL","false","false","true","42728605133414469"
"","a0sWD00000Xo7lLYAR","false","Product Package Entity","005al00000RVcKvAAL","false","false","true","42733556589936485"
"","a0sWD00000Xo7cdYAB","false","Collateral- Locked","005al00000RVcKvAAL","false","false","true","42741467655006969"
"","a0sWD00000Xo7ZKYAZ","false","Available Screen Sections","005al00000RVcKvAAL","false","false","true","42747916675539942"
"","a0sWD00000Xo7mJYAR","false","Dummy Screen- Enterprise Onboarding conditional rendering","005al00000RVcKvAAL","false","false","true","42749540180904717"
"","a0sWD00000Xo7jfYAB","false","Details- business EO","005al00000RVcKvAAL","false","false","true","42754538931621755"
"","a0sWD00000Xo7lRYAR","false","Underwriting Details","005al00000RVcKvAAL","false","false","true","42755114587290036"
"","a0sWD00000Xo7ZLYAZ","false","Available Screen Sections","005al00000RVcKvAAL","false","false","true","42757901971851638"
"","a0sWD00000Xo7eIYAR","false","Loan Information","005al00000RVcKvAAL","false","false","true","42764906769112658"
"","a0sWD00000Xo7kGYAR","false","CRA Screen","005al00000RVcKvAAL","false","false","true","42768158053098535"
"","a0sWD00000Xo7kuYAB","false","Change Memo","005al00000RVcKvAAL","false","false","true","42768254162527564"
"","a0sWD00000Xo7ZMYAZ","false","Available Screen Sections","005al00000RVcKvAAL","false","false","true","42772476273148442"
"","a0sWD00000Xo7ceYAB","false","Third Party Management","005al00000RVcKvAAL","false","false","true","42777805345713930"
"","a0sWD00000Xo7jbYAB","false","Loan Structuring","005al00000RVcKvAAL","false","false","true","42782802324724320"
"","a0sWD00000Xo7ZNYAZ","false","Available Screen Sections","005al00000RVcKvAAL","false","false","true","42784655050267520"
"","a0sWD00000Xo7eJYAR","false","Supplementary Details","005al00000RVcKvAAL","false","false","true","42784668195749286"
"","a0sWD00000Xo7eKYAR","false","Supplementary Details","005al00000RVcKvAAL","false","false","true","42789072950713247"
"","a0sWD00000Xo7ZOYAZ","false","Application Details","005al00000RVcKvAAL","false","false","true","42789688783028529"
"","a0sWD00000Xo7ZPYAZ","false","Available Screen Sections","005al00000RVcKvAAL","false","false","true","42791228768816744"
"","a0sWD00000XoCJ5YAN","false","Bulk Edit All Facilities","005al00000RVcKvAAL","false","false","true","42797151085322059"
"","a0sWD00000Xo7cfYAB","false","Manual Underwriting","005al00000RVcKvAAL","false","false","true","42798477393046069"
"","a0sWD00000Xo7cgYAB","false","Loan Team","005al00000RVcKvAAL","false","false","true","42799819999780737"
"","a0sWD00000Xo7ZQYAZ","false","Available Screen Sections","005al00000RVcKvAAL","false","false","true","42805277430289136"
"","a0sWD00000Xo7jJYAR","false","Servicing - Screen","005al00000RVcKvAAL","false","false","true","42806416906738366"
"","a0sWD00000Xo7ZRYAZ","false","Available Screen Sections","005al00000RVcKvAAL","false","false","true","42809722658798881"
"","a0sWD00000Xo7chYAB","false","DEP Interest Information (Individual)","005al00000RVcKvAAL","false","false","true","42810462241793916"
"","a0sWD00000Xo7ciYAB","false","Credit Authorization/Joint Intent","005al00000RVcKvAAL","false","false","true","42820867345365240"
"","a0sWD00000Xo7ZSYAZ","false","Available Screen Sections","005al00000RVcKvAAL","false","false","true","42826813630382801"
"","a0sWD00000Xo7cjYAB","false","SBL - Editable Details","005al00000RVcKvAAL","false","false","true","42827405195124985"
"","a0sWD00000Xo7lZYAR","false","Loan Compliance Screen","005al00000RVcKvAAL","false","false","true","42832806785932622"
"","a0sWD00000Xo7l4YAB","false","Beneficial Ownership Summary","005al00000RVcKvAAL","false","false","true","42834021314193185"
"","a0sWD00000Xo7lMYAR","false","Fees Summary","005al00000RVcKvAAL","false","false","true","42839732363377241"
"","a0sWD00000Xo7ZTYAZ","false","Primary Account","005al00000RVcKvAAL","false","false","true","42841308199109875"
"","a0sWD00000Xo7dXYAR","false","Confirm Credit Pull","005al00000RVcKvAAL","false","false","true","42843836296295970"
"","a0sWD00000Xo7ckYAB","false","Collateral Summary","005al00000RVcKvAAL","false","false","true","42844102433828463"
"","a0sWD00000Xo7eLYAR","false","Insurance","005al00000RVcKvAAL","false","false","true","42845584850399950"
"","a0sWD00000Xo7knYAB","false","Payment Structure","005al00000RVcKvAAL","false","false","true","42845770103705580"
"","a0sWD00000Xo7ZUYAZ","false","Available Screen Sections","005al00000RVcKvAAL","false","false","true","42847881028755096"
"","a0sWD00000Xo7ZVYAZ","false","Primary Account","005al00000RVcKvAAL","false","false","true","42848714246696455"
"","a0sWD00000Xo7jFYAR","false","Counterparty Report Topbar","005al00000RVcKvAAL","false","false","true","42851832252859441"
"","a0sWD00000Xo7dYYAR","false","Approval Summary","005al00000RVcKvAAL","false","false","true","42855096372429871"
"","a0sWD00000Xo7jiYAB","false","Beneficiary","005al00000RVcKvAAL","false","false","true","42856498406131349"
"","a0sWD00000Xo7clYAB","false","Add Signers MRF","005al00000RVcKvAAL","false","false","true","42865719039783387"
"","a0sWD00000Xo7jtYAB","false","Underwriting Details","005al00000RVcKvAAL","false","false","true","42866893089137191"
"","a0sWD00000Xo7k9YAB","false","HMDA Screen 1","005al00000RVcKvAAL","false","false","true","42870475258935934"
"","a0sWD00000Xo7ZWYAZ","false","SBA Form 1920","005al00000RVcKvAAL","false","false","true","42873565418591638"
"","a0sWD00000Xo7ZXYAZ","false","Available One to Many Screen Sections","005al00000RVcKvAAL","false","false","true","428736578115047581"
"","a0sWD00000Xo7kkYAB","false","Entity Compliance Screen","005al00000RVcKvAAL","false","false","true","42875195092745613"
"","a0sWD00000Xo7ZYYAZ","false","DEP Personal Info (Individual Additional Owner)","005al00000RVcKvAAL","false","false","true","42904270853889400"
"","a0sWD00000Xo7eMYAR","false","Seller Debt","005al00000RVcKvAAL","false","false","true","42904453780468697"
"","a0sWD00000Xo7ZZYAZ","false","Available One to Many Screen Sections","005al00000RVcKvAAL","false","false","true","429065460244810851"
"","a0sWD00000Xo7dZYAR","false","Borrowing Structure Information","005al00000RVcKvAAL","false","false","true","42907025017215417"
"","a0sWD00000Xo7ZaYAJ","false","Available Screen Sections","005al00000RVcKvAAL","false","false","true","42910747869405628"
"","a0sWD00000Xo7klYAB","false","Loan Compliance Screen","005al00000RVcKvAAL","false","false","true","42920140975446045"
"","a0sWD00000Xo7jLYAR","false","Loan Current","005al00000RVcKvAAL","false","false","true","42923350579814359"
"","a0sWD00000Xo7ZbYAJ","false","Available Screen Sections","005al00000RVcKvAAL","false","false","true","42926344398697575"
"","a0sWD00000Xo7ZcYAJ","false","Available Screen Sections","005al00000RVcKvAAL","false","false","true","42928826582583099"
"","a0sWD00000Xo7cmYAB","false","Add Beneficiaries","005al00000RVcKvAAL","false","false","true","42933845298338736"
"","a0sWD00000XoCJ6YAN","false","Bulk Edit Pre Approval","005al00000RVcKvAAL","false","false","true","42938264836815273"
"","a0sWD00000Xo7ZdYAJ","false","Available Screen Sections","005al00000RVcKvAAL","false","false","true","42941694750032323"
"","a0sWD00000Xo7ZeYAJ","false","Available One to Many Screen Sections","005al00000RVcKvAAL","false","false","true","429446046658847391"
"","a0sWD00000Xo7ZfYAJ","false","Available Screen Sections","005al00000RVcKvAAL","false","false","true","42945613848333488"
"","a0sWD00000Xo7ZgYAJ","false","Business Type","005al00000RVcKvAAL","false","false","true","42951112668990397"
"","a0sWD00000Xo7eNYAR","false","Conditions","005al00000RVcKvAAL","false","false","true","42952555398847892"
"","a0sWD00000Xo7jxYAB","false","Copy Loan","005al00000RVcKvAAL","false","false","true","42958934612337865"
"","a0sWD00000Xo7daYAB","false","Add Beneficial Owner OA","005al00000RVcKvAAL","false","false","true","42962240935795279"
"","a0sWD00000Xo7ZhYAJ","false","Available Screen Sections","005al00000RVcKvAAL","false","false","true","42973700372158944"
"","a0sWD00000Xo7mFYAR","false","SBL Business Info","005al00000RVcKvAAL","false","false","true","42981961269080453"
"","a0sWD00000Xo7kHYAR","false","Underwriting Details","005al00000RVcKvAAL","false","false","true","42983688617809083"
"","a0sWD00000Xo7jBYAR","false","Treasury Service Maintenance","005al00000RVcKvAAL","false","false","true","42992811933823016"
"","a0sWD00000Xo7ldYAB","false","Draw Overview Screen","005al00000RVcKvAAL","false","false","true","43041619447514587"
"","a0sWD00000Xo7kjYAB","false","Rate Structure","005al00000RVcKvAAL","false","false","true","43041620937671558"
"","a0sWD00000Xo7cnYAB","false","Pricing Approved","005al00000RVcKvAAL","false","false","true","43091585311469498"
"","a0sWD00000Xo7lmYAB","false","Risk Rating","005al00000RVcKvAAL","false","false","true","43241619447514581"
"","a0sWD00000Xo7ZiYAJ","false","Account Exposure","005al00000RVcKvAAL","false","false","true","43544645"
"","a0sWD00000Xo7coYAB","false","Final Pricing","005al00000RVcKvAAL","false","false","true","43601585311469513"
"","a0sWD00000Xo7cpYAB","false","HMDA","005al00000RVcKvAAL","false","false","true","43751600720267875"
"","a0sWD00000Xo7cqYAB","false","Third Party Management","005al00000RVcKvAAL","false","false","true","45191663700624862"
"","a0sWD00000Xo7crYAB","false","DEP Personal Info (business)","005al00000RVcKvAAL","false","false","true","45611598381727710"
"","a0sWD00000Xo7csYAB","false","Editable Fields","005al00000RVcKvAAL","false","false","true","46011585311469504"
"","a0sWD00000Xo7ZjYAJ","false","Fees Summary","005al00000RVcKvAAL","false","false","true","46241560278867078"
"","a0sWD00000Xo7ZkYAJ","false","Adverse Actions","005al00000RVcKvAAL","false","false","true","46681620937671562"
"","a0sWD00000XoCK3YAN","false","Third Party Reports","005al00000RVcKvAAL","false","false","true","47581585604340855"
"","a0sWD00000Xo7m6YAB","false","Payment Structure","005al00000RVcKvAAL","false","false","true","48261619447514581"
"","a0sWD00000Xo7ZlYAJ","false","Team Members","005al00000RVcKvAAL","false","false","true","48281619447514582"
"","a0sWD00000Xo7ctYAB","false","Third Party Management","005al00000RVcKvAAL","false","false","true","48401602764631366"
"","a0sWD00000Xo7eOYAR","false","Compliance Certifications","005al00000RVcKvAAL","false","false","true","48484092340752"
"","a0sWD00000Xo7lhYAB","false","Loan Products","005al00000RVcKvAAL","false","false","true","48781562008947219"
"","a0sWD00000Xo7cuYAB","false","Collateral2","005al00000RVcKvAAL","false","false","true","49201585311469493"
"","a0sWD00000Xo7cvYAB","false","Manual Underwriting","005al00000RVcKvAAL","false","false","true","49551663700624863"
"","a0sWD00000Xo7lzYAB","false","Third Party Management","005al00000RVcKvAAL","false","false","true","49681619447514580"
"","a0sWD00000Xo7ZmYAJ","false","Loan Compliance Screen","005al00000RVcKvAAL","false","false","true","49751620937671564"
"","a0sWD00000Xo7ePYAR","false","Collateral2","005al00000RVcKvAAL","false","false","true","4A337B5D3528422C924C3E1F46311910"
"","a0sWD00000Xo7eQYAR","false","Fees Approved","005al00000RVcKvAAL","false","false","true","4F4C66326C534041AD004049437B4613"
"","a0sWD00000Xo7cwYAB","false","Adverse Actions","005al00000RVcKvAAL","false","false","true","50491663700624860"
"","a0sWD00000Xo7cxYAB","false","SBL Business Info","005al00000RVcKvAAL","false","false","true","50791666029074780"
"","a0sWD00000Xo7ZnYAJ","false","Key Dates - Read Only","005al00000RVcKvAAL","false","false","true","50971585604340856"
"","a0sWD00000Xo7dbYAB","false","Deposit Application Summary","005al00000RVcKvAAL","false","false","true","52261701790670787"
"","a0sWD00000Xo7lOYAR","false","Collateral Pledged","005al00000RVcKvAAL","false","false","true","52621585604340855"
"","a0sWD00000Xo7ZoYAJ","false","Borrowing Structure Information","005al00000RVcKvAAL","false","false","true","52691560278867079"
"","a0sWD00000Xo7m7YAB","false","Budget Details","005al00000RVcKvAAL","false","false","true","53291619447514586"
"","a0sWD00000Xo7cyYAB","false","Enhanced Fees Management","005al00000RVcKvAAL","false","false","true","53471600720267875"
"","a0sWD00000Xo7eRYAR","false","Venture Banking","005al00000RVcKvAAL","false","false","true","544420094858235"
"","a0sWD00000Xo7kMYAR","false","Fees Summary","005al00000RVcKvAAL","false","false","true","55051619447514582"
"","a0sWD00000Xo7m1YAB","false","Third Party Reports","005al00000RVcKvAAL","false","false","true","55521619447514583"
"","a0sWD00000Xo7ZpYAJ","false","SnapshotTreasuryWireMan","005al00000RVcKvAAL","false","false","true","55555555555"
"","a0sWD00000Xo7czYAB","false","Collateral Summary","005al00000RVcKvAAL","false","false","true","55841600720267874"
"","a0sWD00000Xo7d0YAB","false","Online Income Information","005al00000RVcKvAAL","false","false","true","55861666029074781"
"","a0sWD00000Xo7ZqYAJ","false","Rate & Payment Structure","005al00000RVcKvAAL","false","false","true","55871620937671566"
"","a0sWD00000Xo7d1YAB","false","Balance Details","005al00000RVcKvAAL","false","false","true","56841585311469498"
"","a0sWD00000Xo7dcYAB","false","Create New Relationship for Beneficiary","005al00000RVcKvAAL","false","false","true","58621701790670786"
"","a0sWD00000Xo7d2YAB","false","Application Details","005al00000RVcKvAAL","false","false","true","59661600720267874"
"","a0sWD00000Xo7ddYAB","false","Application Details","005al00000RVcKvAAL","false","false","true","596616007202678745"
"","a0sWD00000Xo7ZrYAJ","false","Key Dates - Editable","005al00000RVcKvAAL","false","false","true","59771585604340856"
"","a0sWD00000Xo7eSYAR","false","Participations","005al00000RVcKvAAL","false","false","true","5F2A7574747D4F31801C397D33087C18"
"","a0sWD00000Xo7ZsYAJ","false","Stage History","005al00000RVcKvAAL","false","false","true","60101585604340856"
"","a0sWD00000Xo7ZtYAJ","false","Change Memo","005al00000RVcKvAAL","false","false","true","60941560278867078"
"","a0sWD00000Xo7d3YAB","false","Credit Check","005al00000RVcKvAAL","false","false","true","60941666029074782"
"","a0sWD00000Xo7kTYAR","false","Entity Compliance Screen","005al00000RVcKvAAL","false","false","true","61171619447514586"
"","a0sWD00000Xo7ZuYAJ","false","Post Closing Review","005al00000RVcKvAAL","false","false","true","61601585604340855"
"","a0sWD00000Xo7kZYAR","false","Participations","005al00000RVcKvAAL","false","false","true","61601619447514583"
"","a0sWD00000Xo7ZvYAJ","false","Pricing Required Fields","005al00000RVcKvAAL","false","false","true","61711620937671558"
"","a0sWD00000Xo7eTYAR","false","Pricing Approved","005al00000RVcKvAAL","false","false","true","6212613861314441B5241C4F797E2F08"
"","a0sWD00000Xo7kWYAR","false","Loan Details-Retail","005al00000RVcKvAAL","false","false","true","623454651543256"
"","a0sWD00000Xo7d4YAB","false","Approval Details","005al00000RVcKvAAL","false","false","true","62551663700624864"
"","a0sWD00000Xo7kaYAB","false","Treasury Service Details","005al00000RVcKvAAL","false","false","true","62851567002571747"
"","a0sWD00000Xo7d5YAB","false","Booked Information","005al00000RVcKvAAL","false","false","true","63091585311469499"
"","a0sWD00000Xo7ZwYAJ","false","Application Details-Retail","005al00000RVcKvAAL","false","false","true","6325647853262563245"
"","a0sWD00000Xo7d6YAB","false","Loan Compliance Screen","005al00000RVcKvAAL","false","false","true","63951663700624860"
"","a0sWD00000Xo7lnYAB","false","Booked Information","005al00000RVcKvAAL","false","false","true","64811619447514585"
"","a0sWD00000Xo7deYAB","false","Traditional Contributions","005al00000RVcKvAAL","false","false","true","657465765543454545"
"","a0sWD00000Xo7ZxYAJ","false","Participations","005al00000RVcKvAAL","false","false","true","66011620937671561"
"","a0sWD00000Xo7d7YAB","false","DEP Personal Info (business co owner)","005al00000RVcKvAAL","false","false","true","66201598553323869"
"","a0sWD00000Xo7ZyYAJ","false","Fees Summary","005al00000RVcKvAAL","false","false","true","66261620937671560"
"","a0sWD00000Xo7lrYAB","false","Editable Fields","005al00000RVcKvAAL","false","false","true","66981619447514587"
"","a0sWD00000Xo7kCYAR","false","CRA Screen","005al00000RVcKvAAL","false","false","true","67231585604340855"
"","a0sWD00000Xo7m4YAB","false","Change Memo","005al00000RVcKvAAL","false","false","true","69121619447514582"
"","a0sWD00000Xo7kNYAR","false","Manage Budget Screen","005al00000RVcKvAAL","false","false","true","69461619447514587"
"","a0sWD00000Xo7d8YAB","false","SBL Eligibility","005al00000RVcKvAAL","false","false","true","69681666029074780"
"","a0sWD00000XoCK5YAN","false","Booked Information Booked","005al00000RVcKvAAL","false","false","true","69801585604340854"
"","a0sWD00000Xo7ZzYAJ","false","Participations","005al00000RVcKvAAL","false","false","true","70051585604340856"
"","a0sWD00000Xo7d9YAB","false","Enhanced Fees Management","005al00000RVcKvAAL","false","false","true","70101602764631366"
"","a0sWD00000Xo7k7YAB","false","HMDA Screen 2","005al00000RVcKvAAL","false","false","true","70131585604340855"
"","a0sWD00000Xo7dAYAR","false","Borrowing Structure","005al00000RVcKvAAL","false","false","true","71161602764631367"
"","a0sWD00000Xo7a0YAB","false","HMDA Screen 1","005al00000RVcKvAAL","false","false","true","71331620937671563"
"","a0sWD00000Xo7a1YAB","false","Loan Details-Retail","005al00000RVcKvAAL","false","false","true","71341560278867078"
"","a0sWD00000Xo7lpYAB","false","Team Members","005al00000RVcKvAAL","false","false","true","71561620937671560"
"","a0sWD00000Xo7dBYAR","false","Add Others Involved MRF","005al00000RVcKvAAL","false","false","true","71851666029074781"
"","a0sWD00000Xo7dCYAR","false","HMDA","005al00000RVcKvAAL","false","false","true","73351602764631366"
"","a0sWD00000Xo7kXYAR","false","Rate Structure","005al00000RVcKvAAL","false","false","true","74211619447514581"
"","a0sWD00000Xo7a2YAB","false","Draw Overview Screen","005al00000RVcKvAAL","false","false","true","74561620937671565"
"","a0sWD00000Xo7khYAB","false","Product Package Collateral2","005al00000RVcKvAAL","false","false","true","75041563816286566"
"","a0sWD00000Xo7a3YAB","false","Borrowing Structure Information","005al00000RVcKvAAL","false","false","true","76391620937671558"
"","a0sWD00000Xo7dDYAR","false","Proposal","005al00000RVcKvAAL","false","false","true","76841585311469512"
"","a0sWD00000Xo7eUYAR","false","SBA Form 601","005al00000RVcKvAAL","false","false","true","77464025155F4E1BB66E37791F570C04"
"","a0sWD00000Xo7a4YAB","false","SnapshotTreasuryLBX","005al00000RVcKvAAL","false","false","true","777777777777"
"","a0sWD00000Xo7m3YAB","false","Payment Structure","005al00000RVcKvAAL","false","false","true","78401620937671559"
"","a0sWD00000Xo7a5YAB","false","Collateral","005al00000RVcKvAAL","false","false","true","784368902834672803"
"","a0sWD00000Xo7leYAB","false","Third Party Management","005al00000RVcKvAAL","false","false","true","78611620937671557"
"","a0sWD00000Xo7l8YAB","false","Pricing","005al00000RVcKvAAL","false","false","true","79341585604340856"
"","a0sWD00000Xo7eVYAR","false","Credit Underwriting","005al00000RVcKvAAL","false","false","true","7B220477516145598B5145251435045F"
"","a0sWD00000Xo7eWYAR","false","SBA Form 1050","005al00000RVcKvAAL","false","false","true","7B5257482579424E9F585774091D7405"
"","a0sWD00000Xo7dEYAR","false","Loan Team Member Information","005al00000RVcKvAAL","false","false","true","80531585311469498"
"","a0sWD00000Xo7kSYAR","false","Balance Details","005al00000RVcKvAAL","false","false","true","81501619447514584"
"","a0sWD00000Xo7dFYAR","false","Manual Underwriting","005al00000RVcKvAAL","false","false","true","81511602764631367"
"","a0sWD00000Xo7lyYAB","false","Loan Dashboard Summary Screen","005al00000RVcKvAAL","false","false","true","81661619447514585"
"","a0sWD00000Xo7eXYAR","false","Construction","005al00000RVcKvAAL","false","false","true","8203475492093495224"
"","a0sWD00000Xo7a6YAB","false","Fees Approved","005al00000RVcKvAAL","false","false","true","82191585604340855"
"","a0sWD00000Xo7eYYAR","false","Final Collateral Review","005al00000RVcKvAAL","false","false","true","823676523962566533"
"","a0sWD00000Xo7eZYAR","false","Loan Information","005al00000RVcKvAAL","false","false","true","8352345273450"
"","a0sWD00000Xo7dfYAB","false","Beneficiary","005al00000RVcKvAAL","false","false","true","83551701790670787"
"","a0sWD00000Xo7liYAB","false","Loan Details","005al00000RVcKvAAL","false","false","true","84351619447514588"
"","a0sWD00000Xo7eaYAB","false","Processing Postapp","005al00000RVcKvAAL","false","false","true","848888487575345"
"","a0sWD00000Xo7ebYAB","false","Complete","005al00000RVcKvAAL","false","false","true","8523450523457"
"","a0sWD00000Xo7lwYAB","false","Approved Details","005al00000RVcKvAAL","false","false","true","85571619447514583"
"","a0sWD00000Xo7lTYAR","false","Loan Compliance Screen","005al00000RVcKvAAL","false","false","true","86401619447514586"
"","a0sWD00000Xo7kiYAB","false","Fees Approved","005al00000RVcKvAAL","false","false","true","86411620937671561"
"","a0sWD00000Xo7kKYAR","false","Loan Details","005al00000RVcKvAAL","false","false","true","86451585604340855"
"","a0sWD00000Xo7ktYAB","false","Booked Information","005al00000RVcKvAAL","false","false","true","86611585604340855"
"","a0sWD00000Xo7llYAB","false","Adverse Actions","005al00000RVcKvAAL","false","false","true","86671619447514584"
"","a0sWD00000Xo7m0YAB","false","Deposit Products","005al00000RVcKvAAL","false","false","true","86701562008947219"
"","a0sWD00000Xo7a7YAB","false","Fees","005al00000RVcKvAAL","false","false","true","86811560278867079"
"","a0sWD00000Xo7a8YAB","false","Facility Information","005al00000RVcKvAAL","false","false","true","87774"
"","a0sWD00000Xo7a9YAB","false","Aggregation","005al00000RVcKvAAL","false","false","true","87774234"
"","a0sWD00000Xo7aAYAR","false","Review","005al00000RVcKvAAL","false","false","true","877744"
"","a0sWD00000Xo7aBYAR","false","Lease Details","005al00000RVcKvAAL","false","false","true","879879871983791"
"","a0sWD00000Xo7ecYAB","false","Final Review","005al00000RVcKvAAL","false","false","true","885746312349164"
"","a0sWD00000Xo7aCYAR","false","Narrative","005al00000RVcKvAAL","false","false","true","89361585604340856"
"","a0sWD00000Xo7keYAB","false","Loan Details","005al00000RVcKvAAL","false","false","true","89871619447514586"
"","a0sWD00000Xo7k5YAB","false","Referral","005al00000RVcKvAAL","false","false","true","91061585604340856"
"","a0sWD00000Xo7dGYAR","false","Borrowing Structure Information","005al00000RVcKvAAL","false","false","true","91481663700624865"
"","a0sWD00000Xo7laYAB","false","Fees","005al00000RVcKvAAL","false","false","true","91971560278745076"
"","a0sWD00000Xo7dHYAR","false","Next Steps","005al00000RVcKvAAL","false","false","true","92101663700624863"
"","a0sWD00000XnoK5YAJ","false","Loan Dashboard Summary Screen","005al00000RVcKvAAL","false","false","true","92291620937671563"
"","a0sWD00000Xo7loYAB","false","HMDA Screen 1","005al00000RVcKvAAL","false","false","true","92911615577845542"
"","a0sWD00000Xo7dIYAR","false","Pricing Estimates","005al00000RVcKvAAL","false","false","true","94511585311469513"
"","a0sWD00000Xo7dJYAR","false","HMDA","005al00000RVcKvAAL","false","false","true","94881663700624862"
"","a0sWD00000Xo7aDYAR","false","Draw History Screen","005al00000RVcKvAAL","false","false","true","95711620937671565"
"","a0sWD00000Xo7aEYAR","false","Loan Summary","005al00000RVcKvAAL","false","false","true","976687686"
"","a0sWD00000Xo7aFYAR","false","Certifications","005al00000RVcKvAAL","false","false","true","98061620937671556"
"","a0sWD00000Xo7dKYAR","false","Secured RL Eligibility","005al00000RVcKvAAL","false","false","true","98421603129897051"
"","a0sWD00000Xo7jYYAR","false","Product Package Collateral2","005al00000RVcKvAAL","false","false","true","DPPP42456617561636458"
"","a0sWD00000Xo7jZYAR","false","Product Package Entity","005al00000RVcKvAAL","false","false","true","DPPP42672576519267017"
"","a0sWD00000Xo7m8YAB","false","Booked Details","005al00000RVcKvAAL","false","false","true","XXX44432723848796"
"","a0sWD00000Xny4TYAR","false","Standard Product Package Credit Memo","005al00000RVcKvAAL","true","false","true","a033h000003iR4eAAE"
"","a0sWD00000Xo7edYAB","false","Loan Information","005al00000RVcKvAAL","false","false","true","a2G3k000001JwSaEAK"
"","a0sWD00000Xo7eeYAB","false","Default Loan Facility Creation Fields","005al00000RVcKvAAL","false","false","true","a2G3k000001JwSbEAK"
"","a0sWD00000Xo7efYAB","false","Loan Compliance Screen","005al00000RVcKvAAL","false","false","true","a2G3k000001JwSdEAK"
"","a0sWD00000Xo7egYAB","false","Enhanced Fees Management","005al00000RVcKvAAL","false","false","true","a2G3k000001JwSgEAK"
"","a0sWD00000Xo7ehYAB","false","Referral","005al00000RVcKvAAL","false","false","true","a2G3k000001JwSoEAK"
"","a0sWD00000Xo7eiYAB","false","Balance Details","005al00000RVcKvAAL","false","false","true","a2G3k000001JwSpEAK"
"","a0sWD00000Xo7ejYAB","false","Booked Details","005al00000RVcKvAAL","false","false","true","a2G3k000001JwSqEAK"
"","a0sWD00000Xo7ekYAB","false","CRA Screen","005al00000RVcKvAAL","false","false","true","a2G3k000001JwStEAK"
"","a0sWD00000Xo7elYAB","false","Loan Team Member Information","005al00000RVcKvAAL","false","false","true","a2G3k000001JwSwEAK"
"","a0sWD00000Xo7emYAB","false","Risk Rating","005al00000RVcKvAAL","false","false","true","a2G3k000001JwSzEAK"
"","a0sWD00000Xo7enYAB","false","Produc Package Details","005al00000RVcKvAAL","false","false","true","a2G3k000001JwTIEA0"
"","a0sWD00000Xo7eoYAB","false","Product Package Entity","005al00000RVcKvAAL","false","false","true","a2G3k000001JwTJEA0"
"","a0sWD00000Xo7epYAB","false","pp-tn-review-detail","005al00000RVcKvAAL","false","false","true","a2G3k000001JwTKEA0"
"","a0sWD00000Xo7eqYAB","false","Product Package Approval Info","005al00000RVcKvAAL","false","false","true","a2G3k000001JwTLEA0"
"","a0sWD00000Xo7erYAB","false","Deposits - PP","005al00000RVcKvAAL","false","false","true","a2G3k000001JwTMEA0"
"","a0sWD00000Xo7esYAB","false","UOPPPP","005al00000RVcKvAAL","false","false","true","a2G3k000001JwTcEAK"
"","a0sWD00000Xo7etYAB","false","LOB Use of Proceeds Summary","005al00000RVcKvAAL","false","false","true","a2G3k000001JwTdEAK"
"","a0sWD00000Xo7euYAB","false","LOBUOP","005al00000RVcKvAAL","false","false","true","a2G3k000001JwTeEAK"
"","a0sWD00000Xo7evYAB","false","LOBUOPFee","005al00000RVcKvAAL","false","false","true","a2G3k000001JwTfEAK"
"","a0sWD00000Xo7ewYAB","false","PP-Team","005al00000RVcKvAAL","false","false","true","a2G3k000001JwTyEAK"
"","a0sWD00000Xo7exYAB","false","Credit","005al00000RVcKvAAL","false","false","true","a2G3k000001JwTzEAK"
"","a0sWD00000Xo7eyYAB","false","DocPrep","005al00000RVcKvAAL","false","false","true","a2G3k000001JwU0EAK"
"","a0sWD00000Xo7ezYAB","false","Closing","005al00000RVcKvAAL","false","false","true","a2G3k000001JwU1EAK"
"","a0sWD00000Xo7f0YAB","false","Complete","005al00000RVcKvAAL","false","false","true","a2G3k000001JwU2EAK"
"","a0sWD00000Xo7f1YAB","false","Final Review","005al00000RVcKvAAL","false","false","true","a2G3k000001JwU4EAK"
"","a0sWD00000Xo7f2YAB","false","Payroll Calc Loan 2","005al00000RVcKvAAL","false","false","true","a2G3k000001JwUUEA0"
"","a0sWD00000Xo7f3YAB","false","Eligibility Draw 2","005al00000RVcKvAAL","false","false","true","a2G3k000001JwUbEAK"
"","a0sWD00000Xo7f4YAB","false","Top Bar","005al00000RVcKvAAL","false","false","true","a2G3k000001eDj5EAE"
"","a0sWD00000Xo7f5YAB","false","Participation","005al00000RVcKvAAL","false","false","true","a2G3k000001eDj8EAE"
"","a0sWD00000Xo7f6YAB","false","Syndications Summary","005al00000RVcKvAAL","false","false","true","a2G3k000001eDj9EAE"
"","a0sWD00000Xo7f7YAB","false","Collateral2","005al00000RVcKvAAL","false","false","true","a2G3k000001eDjBEAU"
"","a0sWD00000Xo7f8YAB","false","Third Party Management","005al00000RVcKvAAL","false","false","true","a2G3k000001eDjCEAU"
"","a0sWD00000Xo7f9YAB","false","Change Memo","005al00000RVcKvAAL","false","false","true","a2G3k000001eDjIEAU"
"","a0sWD00000Xo7fAYAR","false","Change Memo","005al00000RVcKvAAL","false","false","true","a2G3k000001eDjIEAU2"
"","a0sWD00000Xo7fBYAR","false","Team Members","005al00000RVcKvAAL","false","false","true","a2G3k000001eDjKEAU"
"","a0sWD00000Xo7fCYAR","false","Fees Approved","005al00000RVcKvAAL","false","false","true","a2G3k000001eDjLEAU"
"","a0sWD00000Xo7fDYAR","false","Approved Details","005al00000RVcKvAAL","false","false","true","a2G3k000001eDjNEAU"
"","a0sWD00000Xo7fEYAR","false","Pricing Approved","005al00000RVcKvAAL","false","false","true","a2G3k000001eDjOEAU"
"","a0sWD00000Xo7fFYAR","false","Balance Details","005al00000RVcKvAAL","false","false","true","a2G3k000001eDjQEAU"
"","a0sWD00000Xo7fGYAR","false","Booked Information","005al00000RVcKvAAL","false","false","true","a2G3k000001eDjREAU"
"","a0sWD00000Xo7fHYAR","false","Referral","005al00000RVcKvAAL","false","false","true","a2G3k000001eDjXEAU"
"","a0sWD00000Xo7fIYAR","false","Entity Compliance Screen","005al00000RVcKvAAL","false","false","true","a2G3k000001eDjZEAU"
"","a0sWD00000Xo7fJYAR","false","Entity Compliance Screen","005al00000RVcKvAAL","false","false","true","a2G3k000001eDjbEAE"
"","a0sWD00000Xo7fKYAR","false","Supplementary Details","005al00000RVcKvAAL","false","false","true","a2G3k000001eDjdEAE"
"","a0sWD00000Xo7fLYAR","false","Editable Fields","005al00000RVcKvAAL","false","false","true","a2G3k000001eDjhEAE"
"","a0sWD00000Xo7fMYAR","false","SBA Form 159","005al00000RVcKvAAL","false","false","true","a2G3k000001eDjiEAE"
"","a0sWD00000Xo7fNYAR","false","SBA Form 912","005al00000RVcKvAAL","false","false","true","a2G3k000001eDjjEAE"
"","a0sWD00000Xo7fOYAR","false","SBA Form 1846","005al00000RVcKvAAL","false","false","true","a2G3k000001eDjkEAE"
"","a0sWD00000Xo7fPYAR","false","SBA Form 601","005al00000RVcKvAAL","false","false","true","a2G3k000001eDjlEAE"
"","a0sWD00000Xo7fQYAR","false","SBA Form 652","005al00000RVcKvAAL","false","false","true","a2G3k000001eDjmEAE"
"","a0sWD00000Xo7fRYAR","false","SBA Form G845","005al00000RVcKvAAL","false","false","true","a2G3k000001eDjnEAE"
"","a0sWD00000Xo7fSYAR","false","Primary Account","005al00000RVcKvAAL","false","false","true","a2G3k000001eDjoEAE"
"","a0sWD00000Xo7fTYAR","false","SBA Form 1050","005al00000RVcKvAAL","false","false","true","a2G3k000001eDjpEAE"
"","a0sWD00000Xo7fUYAR","false","SBA Form 1919","005al00000RVcKvAAL","false","false","true","a2G3k000001eDjqEAE"
"","a0sWD00000Xo7fVYAR","false","Change of Ownership","005al00000RVcKvAAL","false","false","true","a2G3k000001eDjuEAE"
"","a0sWD00000Xo7fWYAR","false","Use of Proceeds","005al00000RVcKvAAL","false","false","true","a2G3k000001eDjxEAE"
"","a0sWD00000Xo7fXYAR","false","Conditions","005al00000RVcKvAAL","false","false","true","a2G3k000001eDjzEAE"
"","a0sWD00000Xo7fYYAR","false","Qualification","005al00000RVcKvAAL","false","false","true","a2G3k000001eDk0EAE"
"","a0sWD00000Xo7fZYAR","false","Proposal","005al00000RVcKvAAL","false","false","true","a2G3k000001eDk1EAE"
"","a0sWD00000Xo7faYAB","false","Credit Underwriting","005al00000RVcKvAAL","false","false","true","a2G3k000001eDk2EAE"
"","a0sWD00000Xo7fbYAB","false","Participations","005al00000RVcKvAAL","false","false","true","a2G3k000001eDk3EAE"
"","a0sWD00000Xo7fcYAB","false","Loan Amount Change","005al00000RVcKvAAL","false","false","true","a2G3k000001eDk7EAE"
"","a0sWD00000Xo7fdYAB","false","Construction","005al00000RVcKvAAL","false","false","true","a2G3k000001ivRMEAY"
"","a0sWD00000Xo7feYAB","false","Venture Banking","005al00000RVcKvAAL","false","false","true","a2G3k000001ivRNEAY"
"","a0sWD00000Xo7ffYAB","false","Final Collateral Review","005al00000RVcKvAAL","false","false","true","a2G3k000001ivROEAY"
"","a0sWD00000Xo7fgYAB","false","Seller Debt","005al00000RVcKvAAL","false","false","true","a2G3k000001ivRSEAY"
"","a0sWD00000Xo7fhYAB","false","Legal Time","005al00000RVcKvAAL","false","false","true","a2G3k000001ivRXEAY"
"","a0sWD00000Xo7fiYAB","false","Compliance Certifications","005al00000RVcKvAAL","false","false","true","a2G3k000001iwTBEAY"
"","a0sWD00000Xo7fjYAB","false","Ongoing Fees","005al00000RVcKvAAL","false","false","true","a2G3k000001iwTCEAY"
"","a0sWD00000Xo7fkYAB","false","Processing","005al00000RVcKvAAL","false","false","true","a2G3k000001iwTDEAY"
"","a0sWD00000Xo7flYAB","false","Processing Postapp","005al00000RVcKvAAL","false","false","true","a2G3k000001iwTEEAY"
"","a0sWD00000Xo7fmYAB","false","Product Package Collateral2","005al00000RVcKvAAL","false","false","true","a2G3k000001zFPuEAM"
"","a0sWD00000Xo7fnYAB","false","Supplementary Details","005al00000RVcKvAAL","false","false","true","a2G3k000001zFPxEAM"
"","a0sWD00000Xo7foYAB","false","Approved Details","005al00000RVcKvAAL","false","false","true","a2G3k000001zFPyEAM"
"","a0sWD00000Xo7fpYAB","false","Modification Category","005al00000RVcKvAAL","false","false","true","a2G3k000001zFQ0EAM"
"","a0sWD00000Xo7fqYAB","false","Enhanced Fees Management","005al00000RVcKvAAL","false","false","true","a2G3k000001zFQ1EAM"
"","a0sWD00000Xo7frYAB","false","SBA Loan Authorization","005al00000RVcKvAAL","false","false","true","a2G3k000001zFQ6EAM"
"","a0sWD00000Xo7fsYAB","false","Balance Details","005al00000RVcKvAAL","false","false","true","a2G3k000001zFQ7EAM"
"","a0sWD00000Xo7ftYAB","false","Booked Information","005al00000RVcKvAAL","false","false","true","a2G3k000001zFQ8EAM"
"","a0sWD00000Xo7fuYAB","false","SBA Form 1920","005al00000RVcKvAAL","false","false","true","a2G3k000001zFQ9EAM"
"","a0sWD00000Xo7fvYAB","false","Proposal","005al00000RVcKvAAL","false","false","true","a2G3k000001zFQBEA2"
"","a0sWD00000Xo7fwYAB","false","Collateral2","005al00000RVcKvAAL","false","false","true","a2G3k000001zFQCEA2"
"","a0sWD00000Xo7fxYAB","false","CRA Screen","005al00000RVcKvAAL","false","false","true","a2G3k000001zFQEEA2"
"","a0sWD00000Xo7fyYAB","false","Referral","005al00000RVcKvAAL","false","false","true","a2G3k000001zFQFEA2"
"","a0sWD00000Xo7fzYAB","false","Editable Fields","005al00000RVcKvAAL","false","false","true","a2G3k000001zFQGEA2"
"","a0sWD00000Xo7g0YAB","false","Loan Compliance Screen","005al00000RVcKvAAL","false","false","true","a2G3k000001zFQIEA2"
"","a0sWD00000Xo7g1YAB","false","Pricing Estimates","005al00000RVcKvAAL","false","false","true","a2G3k000001zFQLEA2"
"","a0sWD00000Xo7g2YAB","false","Pricing Required Fields","005al00000RVcKvAAL","false","false","true","a2G3k000001zFQMEA2"
"","a0sWD00000Xo7g3YAB","false","Final Pricing","005al00000RVcKvAAL","false","false","true","a2G3k000001zFQNEA2"
"","a0sWD00000Xo7g4YAB","false","Qualification","005al00000RVcKvAAL","false","false","true","a2G3k000001zFQOEA2"
"","a0sWD00000Xo7g5YAB","false","Borrowing Structure Information","005al00000RVcKvAAL","false","false","true","a2G3k000001zFQPEA2"
"","a0sWD00000Xo7g6YAB","false","Pricing Approved","005al00000RVcKvAAL","false","false","true","a2G3k000001zFQQEA2"
"","a0sWD00000Xo7g7YAB","false","Loan Team Member Information","005al00000RVcKvAAL","false","false","true","a2G3k000001zFQREA2"
"","a0sWD00000Xo7g8YAB","false","Credit Underwriting","005al00000RVcKvAAL","false","false","true","a2G3k000001zFQUEA2"
"","a0sWD00000Xo7g9YAB","false","SBA Express Loan Authorization","005al00000RVcKvAAL","false","false","true","a2G3k000001zFQVEA2"
"","a0sWD00000Xo7gAYAR","false","Loan Compliance Screen","005al00000RVcKvAAL","false","false","true","a2G3k000001zFQXEA2"
"","a0sWD00000Xo7gBYAR","false","Pricing","005al00000RVcKvAAL","false","false","true","a2G3k000001zFQZEA2"
"","a0sWD00000Xo7gCYAR","false","Pre-Flight Memo","005al00000RVcKvAAL","false","false","true","a2G750000004D9eEAE"
"","a0sWD00000Xo7gDYAR","false","Pricing Option","005al00000RVcKvAAL","false","false","true","a2G750000004DB1EAM"
"","a0sWD00000Xo7gEYAR","false","Team Members","005al00000RVcKvAAL","false","false","true","a2G750000004FJBEA2"
"","a0sWD00000Xo7gFYAR","false","Injections","005al00000RVcKvAAL","false","false","true","a2G750000004FK9EAM"
"","a0sWD00000Xo7gGYAR","false","TDR","005al00000RVcKvAAL","false","false","true","a2G750000004FLREA2"
"","a0sWD00000Xo7gHYAR","false","TDR","005al00000RVcKvAAL","false","false","true","a2G750000004FLgEAM"
"","a0sWD00000Xo7gIYAR","false","Assign Team","005al00000RVcKvAAL","false","false","true","a2G750000004FMyEAM"
"","a0sWD00000Xo7gJYAR","false","Loan Assign Team Pre","005al00000RVcKvAAL","false","false","true","a2G750000004FNmEAM"
"","a0sWD00000Xo7gKYAR","false","SBA 10-Tab Cover Sheet","005al00000RVcKvAAL","false","false","true","a2G750000004FxGEAU"
"","a0sWD00000Xo7gLYAR","false","SBA 10-Tab Cover Sheet","005al00000RVcKvAAL","false","false","true","a2G750000004FxQEAU"
"","a0sWD00000Xo7gMYAR","false","Loan Application Pre","005al00000RVcKvAAL","false","false","true","a2G750000004G1XEAU"
"","a0sWD00000Xo7gNYAR","false","Unavailable Credit","005al00000RVcKvAAL","false","false","true","a2G750000004G1cEAE"
"","a0sWD00000Xo7gOYAR","false","Unavailable Credit Post","005al00000RVcKvAAL","false","false","true","a2G750000004G1hEAE"
"","a0sWD00000Xo7gPYAR","false","Due Diligence","005al00000RVcKvAAL","false","false","true","a2G750000004HkxEAE"
"","a0sWD00000Xo7gQYAR","false","Product Package Approvals","005al00000RVcKvAAL","false","false","true","a2G750000004I6jEAE"
"","a0sWD00000Xo7gRYAR","false","Ongoing Fees","005al00000RVcKvAAL","false","false","true","a2G750000004I94EAE"
"","a0sWD00000Xo7gSYAR","false","Loan Information","005al00000RVcKvAAL","false","false","true","a2G750000004I9OEAU"
"","a0sWD00000Xo7gTYAR","false","Pricing Required Fields","005al00000RVcKvAAL","false","false","true","a2G750000004IB0EAM"
"","a0sWD00000Xo7gUYAR","false","Pricing Estimates","005al00000RVcKvAAL","false","false","true","a2G750000004ICDEA2"
"","a0sWD00000Xo7gVYAR","false","Supplementary Details","005al00000RVcKvAAL","false","false","true","a2G750000004ICIEA2"
"","a0sWD00000Xo7gWYAR","false","Seller Debt","005al00000RVcKvAAL","false","false","true","a2G750000004ICNEA2"
"","a0sWD00000Xo7gXYAR","false","Industry Specific Information","005al00000RVcKvAAL","false","false","true","a2G750000004ICSEA2"
"","a0sWD00000Xo7gYYAR","false","Construction","005al00000RVcKvAAL","false","false","true","a2G750000004ICcEAM"
"","a0sWD00000Xo7gZYAR","false","Borrowing Structure","005al00000RVcKvAAL","false","false","true","a2G750000004ICwEAM"
"","a0sWD00000Xo7gaYAB","false","Collateral2","005al00000RVcKvAAL","false","false","true","a2G750000004IDQEA2"
"","a0sWD00000Xo7gbYAB","false","Final Collateral Review","005al00000RVcKvAAL","false","false","true","a2G750000004IE4EAM"
"","a0sWD00000Xo7gcYAB","false","Policy Exceptions","005al00000RVcKvAAL","false","false","true","a2G750000004IExEAM"
"","a0sWD00000Xo7gdYAB","false","Pricing Option","005al00000RVcKvAAL","false","false","true","a2G750000004IJxEAM"
"","a0sWD00000Xo7geYAB","false","Pricing","005al00000RVcKvAAL","false","false","true","a2G750000004IK2EAM"
"","a0sWD00000Xo7gfYAB","false","Rate Structure","005al00000RVcKvAAL","false","false","true","a2G750000004IK7EAM"
"","a0sWD00000Xo7ggYAB","false","Payment Structure","005al00000RVcKvAAL","false","false","true","a2G750000004IKCEA2"
"","a0sWD00000Xo7ghYAB","false","Pricing Model","005al00000RVcKvAAL","false","false","true","a2G750000004IKMEA2"
"","a0sWD00000Xo7giYAB","false","CLosing Review","005al00000RVcKvAAL","false","false","true","a2G750000004IM3EAM"
"","a0sWD00000Xo7gjYAB","false","Risk Rating Summary","005al00000RVcKvAAL","false","false","true","a2G750000004IM8EAM"
"","a0sWD00000Xo7gkYAB","false","DD","005al00000RVcKvAAL","false","false","true","a2G750000004IsJEAU"
"","a0sWD00000Xo7glYAB","false","Post Approval Information","005al00000RVcKvAAL","false","false","true","a2G750000004IwLEAU"
"","a0sWD00000Xo7gmYAB","false","Credit Actions New Package Details","005al00000RVcKvAAL","false","false","true","a2G750000004JlhEAE"
"","a0sWD00000Xo7gnYAB","false","Doc Prep Summary Post Approval","005al00000RVcKvAAL","false","false","true","a2G750000004K1hEAE"
"","a0sWD00000Xo7goYAB","false","Loan Information","005al00000RVcKvAAL","false","false","true","a2G750000004KSPEA2"
"","a0sWD00000Xo7gpYAB","false","Supplementary Details","005al00000RVcKvAAL","false","false","true","a2G750000004KTDEA2"
"","a0sWD00000Xo7gqYAB","false","SAG","005al00000RVcKvAAL","false","false","true","a2G750000004KUBEA2"
"","a0sWD00000Xo7grYAB","false","Due Diligence","005al00000RVcKvAAL","false","false","true","a2G750000004KULEA2"
"","a0sWD00000Xo7gsYAB","false","Closing Review","005al00000RVcKvAAL","false","false","true","a2G750000004KUQEA2"
"","a0sWD00000Xo7gtYAB","false","Post Approval Info","005al00000RVcKvAAL","false","false","true","a2G750000004KUaEAM"
"","a0sWD00000Xo7guYAB","false","Doc Prep Summary Post Approval","005al00000RVcKvAAL","false","false","true","a2G750000004KV4EAM"
"","a0sWD00000Xo7gvYAB","false","Change Of Ownership","005al00000RVcKvAAL","false","false","true","a2G750000004KVdEAM"
"","a0sWD00000Xo7gwYAB","false","Third Party","005al00000RVcKvAAL","false","false","true","a2G750000004KVnEAM"
"","a0sWD00000Xo7gxYAB","false","Compliance Certifications","005al00000RVcKvAAL","false","false","true","a2G750000004KVsEAM"
"","a0sWD00000Xo7gyYAB","false","Assign Team","005al00000RVcKvAAL","false","false","true","a2G750000004KVxEAM"
"","a0sWD00000Xo7gzYAB","false","Conditions","005al00000RVcKvAAL","false","false","true","a2G750000004KW2EAM"
"","a0sWD00000Xo7h0YAB","false","Primary Account","005al00000RVcKvAAL","false","false","true","a2G750000004KWHEA2"
"","a0sWD00000Xo7h1YAB","false","SBA Form 159","005al00000RVcKvAAL","false","false","true","a2G750000004KWMEA2"
"","a0sWD00000Xo7h2YAB","false","SBA Form 912","005al00000RVcKvAAL","false","false","true","a2G750000004KWREA2"
"","a0sWD00000Xo7h3YAB","false","SBA Form G845","005al00000RVcKvAAL","false","false","true","a2G750000004KWbEAM"
"","a0sWD00000Xo7h4YAB","false","SBA Form 1846","005al00000RVcKvAAL","false","false","true","a2G750000004KWgEAM"
"","a0sWD00000Xo7h5YAB","false","SBA Form 652","005al00000RVcKvAAL","false","false","true","a2G750000004KWhEAM"
"","a0sWD00000Xo7h6YAB","false","SBA Form 601","005al00000RVcKvAAL","false","false","true","a2G750000004KWlEAM"
"","a0sWD00000Xo7h7YAB","false","SBA Form 1050","005al00000RVcKvAAL","false","false","true","a2G750000004KWqEAM"
"","a0sWD00000Xo7h8YAB","false","SBA 10-Tab Cover Sheet","005al00000RVcKvAAL","false","false","true","a2G750000004KWvEAM"
"","a0sWD00000Xo7h9YAB","false","SBA Form 1919","005al00000RVcKvAAL","false","false","true","a2G750000004KX0EAM"
"","a0sWD00000Xo7hAYAR","false","SBA Form 1920","005al00000RVcKvAAL","false","false","true","a2G750000004KX5EAM"
"","a0sWD00000Xo7hBYAR","false","Loan Application  Pre","005al00000RVcKvAAL","false","false","true","a2G750000004KXAEA2"
"","a0sWD00000Xo7hCYAR","false","Unavailable Credit","005al00000RVcKvAAL","false","false","true","a2G750000004KXFEA2"
"","a0sWD00000Xo7hDYAR","false","Reg O","005al00000RVcKvAAL","false","false","true","a2G750000004KXKEA2"
"","a0sWD00000Xo7hEYAR","false","HVCRE","005al00000RVcKvAAL","false","false","true","a2G750000004KXPEA2"
"","a0sWD00000Xo7hFYAR","false","CRA","005al00000RVcKvAAL","false","false","true","a2G750000004KXUEA2"
"","a0sWD00000Xo7hGYAR","false","TDR","005al00000RVcKvAAL","false","false","true","a2G750000004KXZEA2"
"","a0sWD00000Xo7hHYAR","false","CRA","005al00000RVcKvAAL","false","false","true","a2G750000004KXeEAM"
"","a0sWD00000Xo7hIYAR","false","Letter of Credit","005al00000RVcKvAAL","false","false","true","a2G750000004MTCEA2"
"","a0sWD00000Xo7hJYAR","false","Letter of Credit","005al00000RVcKvAAL","false","false","true","a2G750000004MTHEA2"
"","a0sWD00000Xo7hKYAR","false","Modification Reason","005al00000RVcKvAAL","false","false","true","a2G750000004SF3EAM"
"","a0sWD00000Xo7hLYAR","false","Modification Reason","005al00000RVcKvAAL","false","false","true","a2G750000004SGjEAM"
"","a0sWD00000Xo7hMYAR","false","Modification Reason","005al00000RVcKvAAL","false","false","true","a2G750000004SH8EAM"
"","a0sWD00000Xo7hNYAR","false","Eligibility","005al00000RVcKvAAL","false","false","true","a2G750000004Su6EAE"
"","a0sWD00000Xo7hOYAR","false","Business Type","005al00000RVcKvAAL","false","false","true","a2G750000004SuGEAU"
"","a0sWD00000Xo7hPYAR","false","Refinancing Information","005al00000RVcKvAAL","false","false","true","a2G750000004SuLEAU"
"","a0sWD00000Xo7hQYAR","false","Business Acquisition","005al00000RVcKvAAL","false","false","true","a2G750000004SuVEAU"
"","a0sWD00000Xo7hRYAR","false","EPCOC","005al00000RVcKvAAL","false","false","true","a2G750000004SuaEAE"
"","a0sWD00000Xo7hSYAR","false","Special Programs","005al00000RVcKvAAL","false","false","true","a2G750000004SufEAE"
"","a0sWD00000Xo7hTYAR","false","Account Info","005al00000RVcKvAAL","false","false","true","a2G750000004SukEAE"
"","a0sWD00000Xo7hUYAR","false","Project Info","005al00000RVcKvAAL","false","false","true","a2G750000004SupEAE"
"","a0sWD00000Xo7hVYAR","false","EWCP","005al00000RVcKvAAL","false","false","true","a2G750000004SuuEAE"
"","a0sWD00000Xo7hWYAR","false","Eligibility","005al00000RVcKvAAL","false","false","true","a2G750000004Sw7EAE"
"","a0sWD00000Xo7hXYAR","false","Business Type","005al00000RVcKvAAL","false","false","true","a2G750000004SwCEAU"
"","a0sWD00000Xo7hYYAR","false","Refinancing Information","005al00000RVcKvAAL","false","false","true","a2G750000004SwHEAU"
"","a0sWD00000Xo7hZYAR","false","Business Acquisition","005al00000RVcKvAAL","false","false","true","a2G750000004SxjEAE"
"","a0sWD00000Xo7haYAB","false","EPCOC","005al00000RVcKvAAL","false","false","true","a2G750000004SyDEAU"
"","a0sWD00000Xo7hbYAB","false","Account Info","005al00000RVcKvAAL","false","false","true","a2G750000004SyNEAU"
"","a0sWD00000Xo7hcYAB","false","EWCP","005al00000RVcKvAAL","false","false","true","a2G750000004SySEAU"
"","a0sWD00000Xo7hdYAB","false","Special Programs","005al00000RVcKvAAL","false","false","true","a2G750000004SyTEAU"
"","a0sWD00000Xo7heYAB","false","Project Info","005al00000RVcKvAAL","false","false","true","a2G750000004SyXEAU"
"","a0sWD00000Xo7hfYAB","false","Fiserv Onboarding","005al00000RVcKvAAL","false","false","true","a2G750000004TKsEAM"
"","a0sWD00000Xo7hgYAB","false","Fiserv Onboarding(ReadOnly)","005al00000RVcKvAAL","false","false","true","a2G750000004TL2EAM"
"","a0sWD00000Xo7hhYAB","false","Loan Ops","005al00000RVcKvAAL","false","false","true","a2G750000004TMZEA2"
"","a0sWD00000Xo7hiYAB","false","Acceptance","005al00000RVcKvAAL","false","false","true","a2G750000004TRjEAM"
"","a0sWD00000Xo7hjYAB","false","Acceptance","005al00000RVcKvAAL","false","false","true","a2G750000004TRtEAM"
"","a0sWD00000Xo7hkYAB","false","Final Review","005al00000RVcKvAAL","false","false","true","a2G750000004TYOEA2"
"","a0sWD00000Xo7hlYAB","false","Loan Ops","005al00000RVcKvAAL","false","false","true","a2G750000004TpjEAE"
"","a0sWD00000Xo7hmYAB","false","Servicing","005al00000RVcKvAAL","false","false","true","a2G750000004YWvEAM"
"","a0sWD00000Xo7hnYAB","false","Servicing","005al00000RVcKvAAL","false","false","true","a2G750000004YXFEA2"
"","a0sWD00000Xo7hoYAB","false","Referrals","005al00000RVcKvAAL","false","false","true","a2G750000004ZC6EAM"
"","a0sWD00000Xo7hpYAB","false","Supplementary Details","005al00000RVcKvAAL","false","false","true","a2G750000004ZCBEA2"
"","a0sWD00000Xo7hqYAB","false","Seller Debt","005al00000RVcKvAAL","false","false","true","a2G750000004ZCGEA2"
"","a0sWD00000Xo7hrYAB","false","SAG","005al00000RVcKvAAL","false","false","true","a2G750000004ZCLEA2"
"","a0sWD00000Xo7hsYAB","false","Modification Reason","005al00000RVcKvAAL","false","false","true","a2G750000004ZCMEA2"
"","a0sWD00000Xo7htYAB","false","Final Review","005al00000RVcKvAAL","false","false","true","a2G750000004ZCQEA2"
"","a0sWD00000Xo7huYAB","false","Acceptance","005al00000RVcKvAAL","false","false","true","a2G750000004ZCVEA2"
"","a0sWD00000Xo7hvYAB","false","Due Diligence","005al00000RVcKvAAL","false","false","true","a2G750000004ZCaEAM"
"","a0sWD00000Xo7hwYAB","false","Doc Prep Summary Post Approval","005al00000RVcKvAAL","false","false","true","a2G750000004ZCfEAM"
"","a0sWD00000Xo7hxYAB","false","Closing Review","005al00000RVcKvAAL","false","false","true","a2G750000004ZCkEAM"
"","a0sWD00000Xo7hyYAB","false","Post Approval Information","005al00000RVcKvAAL","false","false","true","a2G750000004ZCqEAM"
"","a0sWD00000Xo7hzYAB","false","Letter Of Credit","005al00000RVcKvAAL","false","false","true","a2G750000004ZCuEAM"
"","a0sWD00000Xo7i0YAB","false","Pricing","005al00000RVcKvAAL","false","false","true","a2G750000004ZCzEAM"
"","a0sWD00000Xo7i1YAB","false","Pricing Options","005al00000RVcKvAAL","false","false","true","a2G750000004ZD4EAM"
"","a0sWD00000Xo7i2YAB","false","Pricing Estimates","005al00000RVcKvAAL","false","false","true","a2G750000004ZD9EAM"
"","a0sWD00000Xo7i3YAB","false","Collateral2","005al00000RVcKvAAL","false","false","true","a2G750000004ZDEEA2"
"","a0sWD00000Xo7i4YAB","false","Risk Rating","005al00000RVcKvAAL","false","false","true","a2G750000004ZDiEAM"
"","a0sWD00000Xo7i5YAB","false","Risk Rating Summary","005al00000RVcKvAAL","false","false","true","a2G750000004ZDnEAM"
"","a0sWD00000Xo7i6YAB","false","Participation","005al00000RVcKvAAL","false","false","true","a2G750000004ZDxEAM"
"","a0sWD00000Xo7i7YAB","false","Participations","005al00000RVcKvAAL","false","false","true","a2G750000004ZE2EAM"
"","a0sWD00000Xo7i8YAB","false","Loan Ops Editable","005al00000RVcKvAAL","false","false","true","a2G750000004bt5EAA"
"","a0sWD00000Xo7i9YAB","false","Loan Information","005al00000RVcKvAAL","false","false","true","a2G750000004btKEAQ"
"","a0sWD00000Xo7iAYAR","false","Construction","005al00000RVcKvAAL","false","false","true","a2G750000004bxrEAA"
"","a0sWD00000Xo7iBYAR","false","Collateral Summary","005al00000RVcKvAAL","false","false","true","a2G750000004h5xEAA"
"","a0sWD00000Xo7iCYAR","false","Collateral Summary","005al00000RVcKvAAL","false","false","true","a2G750000004h62EAA"
"","a0sWD00000Xo7iDYAR","false","Secondary Market","005al00000RVcKvAAL","false","false","true","a2G750000004jvrEAA"
"","a0sWD00000Xo7iEYAR","false","Secondary Market","005al00000RVcKvAAL","false","false","true","a2G750000004jw1EAA"
"","a0sWD00000Xo7iFYAR","false","Use of Proceeds Summary","005al00000RVcKvAAL","false","false","true","a2G750000004jw6EAA"
"","a0sWD00000Xo7iGYAR","false","Injections","005al00000RVcKvAAL","false","false","true","a2G750000004jwBEAQ"
"","a0sWD00000Xo7iHYAR","false","Use of Proceeds Summary","005al00000RVcKvAAL","false","false","true","a2G750000004jwGEAQ"
"","a0sWD00000Xo7iIYAR","false","Injections","005al00000RVcKvAAL","false","false","true","a2G750000004jwLEAQ"
"","a0sWD00000Xo7iJYAR","false","Loan Modification/Renewal Details","005al00000RVcKvAAL","false","false","true","a2G750000004qV7EAI"
"","a0sWD00000Xo7iKYAR","false","Due Diligence Editable","005al00000RVcKvAAL","false","false","true","a2G750000004wvUEAQ"
"","a0sWD00000Xo7iLYAR","false","Loan Information","005al00000RVcKvAAL","false","false","true","a2G750000005788EAA"
"","a0sWD00000Xo7iMYAR","false","Referrals","005al00000RVcKvAAL","false","false","true","a2G75000000578IEAQ"
"","a0sWD00000Xo7iNYAR","false","Supplementary Details","005al00000RVcKvAAL","false","false","true","a2G75000000579BEAQ"
"","a0sWD00000Xo7iOYAR","false","Seller Dept","005al00000RVcKvAAL","false","false","true","a2G75000000579GEAQ"
"","a0sWD00000Xo7iPYAR","false","Final Review","005al00000RVcKvAAL","false","false","true","a2G7500000058UPEAY"
"","a0sWD00000Xo7iQYAR","false","Pricing Options","005al00000RVcKvAAL","false","false","true","a2G7500000058hYEAQ"
"","a0sWD00000Xo7iRYAR","false","Pricing Estimates","005al00000RVcKvAAL","false","false","true","a2G7500000058iCEAQ"
"","a0sWD00000Xo7iSYAR","false","SBA Form 1919","005al00000RVcKvAAL","false","false","true","a2G7500000058ibEAA"
"","a0sWD00000Xo7iTYAR","false","Risk Rating","005al00000RVcKvAAL","false","false","true","a2G7500000058iqEAA"
"","a0sWD00000Xo7iUYAR","false","Compliance Certification","005al00000RVcKvAAL","false","false","true","a2G7500000058nMEAQ"
"","a0sWD00000Xo7iVYAR","false","Pricing","005al00000RVcKvAAL","false","false","true","a2G7500000058nREAQ"
"","a0sWD00000Xo7iWYAR","false","SBA Form 1920","005al00000RVcKvAAL","false","false","true","a2G7500000058nWEAQ"
"","a0sWD00000Xo7iXYAR","false","Eligibility","005al00000RVcKvAAL","false","false","true","a2G7500000058nbEAA"
"","a0sWD00000Xo7iYYAR","false","Business Type","005al00000RVcKvAAL","false","false","true","a2G7500000058ngEAA"
"","a0sWD00000Xo7iZYAR","false","Refinancing Information","005al00000RVcKvAAL","false","false","true","a2G7500000058nlEAA"
"","a0sWD00000Xo7iaYAB","false","Business Acquisition","005al00000RVcKvAAL","false","false","true","a2G7500000058nqEAA"
"","a0sWD00000Xo7ibYAB","false","EPCOC","005al00000RVcKvAAL","false","false","true","a2G7500000058nvEAA"
"","a0sWD00000Xo7icYAB","false","Special Programs","005al00000RVcKvAAL","false","false","true","a2G7500000058o0EAA"
"","a0sWD00000Xo7idYAB","false","Account Info","005al00000RVcKvAAL","false","false","true","a2G7500000058o5EAA"
"","a0sWD00000Xo7ieYAB","false","Project Information","005al00000RVcKvAAL","false","false","true","a2G7500000058oAEAQ"
"","a0sWD00000Xo7ifYAB","false","EWCP","005al00000RVcKvAAL","false","false","true","a2G7500000058oFEAQ"
"","a0sWD00000Xo7igYAB","false","Assign Team","005al00000RVcKvAAL","false","false","true","a2G7500000058oKEAQ"
"","a0sWD00000Xo7ihYAB","false","Loan Team Member Information","005al00000RVcKvAAL","false","false","true","a2G7500000058oPEAQ"
"","a0sWD00000Xo7iiYAB","false","Change of Ownership","005al00000RVcKvAAL","false","false","true","a2G7500000058oUEAQ"
"","a0sWD00000Xo7ijYAB","false","Use of Proceeds","005al00000RVcKvAAL","false","false","true","a2G7500000058oZEAQ"
"","a0sWD00000Xo7ikYAB","false","Use of Proceeds Summary","005al00000RVcKvAAL","false","false","true","a2G7500000058oeEAA"
"","a0sWD00000Xo7ilYAB","false","Injections","005al00000RVcKvAAL","false","false","true","a2G7500000058ojEAA"
"","a0sWD00000Xo7imYAB","false","Manage Fees","005al00000RVcKvAAL","false","false","true","a2G7500000058oyEAA"
"","a0sWD00000Xo7inYAB","false","Ongoing Fees","005al00000RVcKvAAL","false","false","true","a2G7500000058p3EAA"
"","a0sWD00000Xo7ioYAB","false","Third Party Management","005al00000RVcKvAAL","false","false","true","a2G7500000058p8EAA"
"","a0sWD00000Xo7ipYAB","false","Conditions","005al00000RVcKvAAL","false","false","true","a2G7500000058pDEAQ"
"","a0sWD00000Xo7iqYAB","false","Loan Application","005al00000RVcKvAAL","false","false","true","a2G7500000058pIEAQ"
"","a0sWD00000Xo7irYAB","false","Unavailable Credit post","005al00000RVcKvAAL","false","false","true","a2G7500000058pNEAQ"
"","a0sWD00000Xo7isYAB","false","Acceptance","005al00000RVcKvAAL","false","false","true","a2G7500000058pXEAQ"
"","a0sWD00000Xo7itYAB","false","Primary Account","005al00000RVcKvAAL","false","false","true","a2G7500000058phEAA"
"","a0sWD00000Xo7iuYAB","false","SBA Form 159","005al00000RVcKvAAL","false","false","true","a2G7500000058pmEAA"
"","a0sWD00000Xo7ivYAB","false","SBA Form 912","005al00000RVcKvAAL","false","false","true","a2G7500000058prEAA"
"","a0sWD00000Xo7iwYAB","false","SBA Form G845","005al00000RVcKvAAL","false","false","true","a2G7500000058q1EAA"
"","a0sWD00000Xo7ixYAB","false","SBA Form 1846","005al00000RVcKvAAL","false","false","true","a2G7500000058q6EAA"
"","a0sWD00000Xo7iyYAB","false","SBA Form 652","005al00000RVcKvAAL","false","false","true","a2G7500000058qBEAQ"
"","a0sWD00000Xo7izYAB","false","SBA Form 601","005al00000RVcKvAAL","false","false","true","a2G7500000058qGEAQ"
"","a0sWD00000Xo7j0YAB","false","SBA Form 1050","005al00000RVcKvAAL","false","false","true","a2G7500000058qLEAQ"
"","a0sWD00000Xo7j1YAB","false","SBA 10-Tab Cover Sheet","005al00000RVcKvAAL","false","false","true","a2G7500000058qQEAQ"
"","a0sWD00000Xo7j2YAB","false","Doc Prep Summary","005al00000RVcKvAAL","false","false","true","a2G7500000058qpEAA"
"","a0sWD00000Xo7j3YAB","false","Closing Review","005al00000RVcKvAAL","false","false","true","a2G7500000058quEAA"
"","a0sWD00000Xo7j4YAB","false","Letter of Credit","005al00000RVcKvAAL","false","false","true","a2G7500000058qzEAA"
"","a0sWD00000Xo7j5YAB","false","Post Approval Info","005al00000RVcKvAAL","false","false","true","a2G7500000058r9EAA"
"","a0sWD00000XoCGhYAN","false","Collateral Summary","005al00000RVcKvAAL","false","false","true","a2Gbn000000hccXEAQ"
"","a0sWD00000XoCGiYAN","false","Collateral Details","005al00000RVcKvAAL","false","false","true","a2Gbn000000hccYEAQ"
"","a0sWD00000XoCGjYAN","false","Fees","005al00000RVcKvAAL","false","false","true","a2Gbn000000hceMEAQ"
"","a0sWD00000XoCGkYAN","false","Construction Details","005al00000RVcKvAAL","false","false","true","a2Gbn000000hceUEAQ"
"","a0sWD00000XoCGlYAN","false","Loan Dashboard","005al00000RVcKvAAL","false","false","true","a2Gbn000000hceVEAQ"
"","a0sWD00000XoCGmYAN","false","Activities","005al00000RVcKvAAL","false","false","true","a2Gbn000000hcefEAA"
"","a0sWD00000XoCGnYAN","false","Business Contacts","005al00000RVcKvAAL","false","false","true","a2Gbn000000hcegEAA"
"","a0sWD00000XoCGoYAN","false","Collateral Owned","005al00000RVcKvAAL","false","false","true","a2Gbn000000hcehEAA"
"","a0sWD00000XoCGpYAN","false","Covenants","005al00000RVcKvAAL","false","false","true","a2Gbn000000hceiEAA"
"","a0sWD00000XoCGqYAN","false","Deposits","005al00000RVcKvAAL","false","false","true","a2Gbn000000hcejEAA"
"","a0sWD00000XoCGrYAN","false","Overview","005al00000RVcKvAAL","false","false","true","a2Gbn000000hcekEAA"
"","a0sWD00000XoCGsYAN","false","Exposure","005al00000RVcKvAAL","false","false","true","a2Gbn000000hcelEAA"
"","a0sWD00000XoCGtYAN","false","Loans","005al00000RVcKvAAL","false","false","true","a2Gbn000000hcemEAA"
"","a0sWD00000XoCGuYAN","false","Opportunities","005al00000RVcKvAAL","false","false","true","a2Gbn000000hcenEAA"
"","a0sWD00000XoCGvYAN","false","Other Information","005al00000RVcKvAAL","false","false","true","a2Gbn000000hceoEAA"
"","a0sWD00000XoCGwYAN","false","Product Packages","005al00000RVcKvAAL","false","false","true","a2Gbn000000hcepEAA"
"","a0sWD00000XoCGxYAN","false","Referrals","005al00000RVcKvAAL","false","false","true","a2Gbn000000hceqEAA"
"","a0sWD00000XoCGyYAN","false","Risk Rating Reviews","005al00000RVcKvAAL","false","false","true","a2Gbn000000hcerEAA"
"","a0sWD00000XoCGzYAN","false","Service Requests","005al00000RVcKvAAL","false","false","true","a2Gbn000000hcesEAA"
"","a0sWD00000XoCH0YAN","false","Site Visits","005al00000RVcKvAAL","false","false","true","a2Gbn000000hcetEAA"
"","a0sWD00000XoCH1YAN","false","Treasury","005al00000RVcKvAAL","false","false","true","a2Gbn000000hceuEAA"
"","a0sWD00000XoCH2YAN","false","SBA Form 912","005al00000RVcKvAAL","false","false","true","a2Gbn000000hcewEAA"
"","a0sWD00000XoCH3YAN","false","Loan Application","005al00000RVcKvAAL","false","false","true","a2Gbn000000hcexEAA"
"","a0sWD00000XoCH4YAN","false","Change of Ownership","005al00000RVcKvAAL","false","false","true","a2Gbn000000hceyEAA"
"","a0sWD00000XoCH5YAN","false","SBA Form 10","005al00000RVcKvAAL","false","false","true","a2Gbn000000hcezEAA"
"","a0sWD00000XoCH6YAN","false","SBA Form 159","005al00000RVcKvAAL","false","false","true","a2Gbn000000hcf0EAA"
"","a0sWD00000XoCH7YAN","false","SBA Form 1846","005al00000RVcKvAAL","false","false","true","a2Gbn000000hcf1EAA"
"","a0sWD00000XoCH8YAN","false","SBA Form 1919","005al00000RVcKvAAL","false","false","true","a2Gbn000000hcf2EAA"
"","a0sWD00000XoCH9YAN","false","Business Type","005al00000RVcKvAAL","false","false","true","a2Gbn000000hcf3EAA"
"","a0sWD00000XoCHAYA3","false","Previous SBA Loan","005al00000RVcKvAAL","false","false","true","a2Gbn000000hcf4EAA"
"","a0sWD00000XoCHBYA3","false","Conflict of Interest","005al00000RVcKvAAL","false","false","true","a2Gbn000000hcf5EAA"
"","a0sWD00000XoCHCYA3","false","Primary Account","005al00000RVcKvAAL","false","false","true","a2Gbn000000hcf6EAA"
"","a0sWD00000XoCHDYA3","false","SBA Form 1920","005al00000RVcKvAAL","false","false","true","a2Gbn000000hcf7EAA"
"","a0sWD00000XoCHEYA3","false","SBA Form 1920","005al00000RVcKvAAL","false","false","true","a2Gbn000000hcf8EAA"
"","a0sWD00000XoCHFYA3","false","SBA Form 1920","005al00000RVcKvAAL","false","false","true","a2Gbn000000hcf9EAA"
"","a0sWD00000XoCHGYA3","false","SBA Form 1920","005al00000RVcKvAAL","false","false","true","a2Gbn000000hcfAEAQ"
"","a0sWD00000XoCHHYA3","false","SBA Form 1920","005al00000RVcKvAAL","false","false","true","a2Gbn000000hcfBEAQ"
"","a0sWD00000XoCHIYA3","false","SBA Form 1920","005al00000RVcKvAAL","false","false","true","a2Gbn000000hcfCEAQ"
"","a0sWD00000XoCHJYA3","false","SBA Form 1920","005al00000RVcKvAAL","false","false","true","a2Gbn000000hcfDEAQ"
"","a0sWD00000XoCHKYA3","false","Primary Account","005al00000RVcKvAAL","false","false","true","a2Gbn000000hcfEEAQ"
"","a0sWD00000XoCHLYA3","false","Account Debt","005al00000RVcKvAAL","false","false","true","a2Gbn000000hcfFEAQ"
"","a0sWD00000XoCHMYA3","false","SBA Form 652","005al00000RVcKvAAL","false","false","true","a2Gbn000000hcfGEAQ"
"","a0sWD00000XoCHNYA3","false","SBA Form G845","005al00000RVcKvAAL","false","false","true","a2Gbn000000hcfHEAQ"
"","a0sWD00000XoCHOYA3","false","Injections","005al00000RVcKvAAL","false","false","true","a2Gbn000000hcfIEAQ"
"","a0sWD00000XoCHPYA3","false","Loan Information","005al00000RVcKvAAL","false","false","true","a2Gbn000000hcfKEAQ"
"","a0sWD00000XoCHQYA3","false","Pricing","005al00000RVcKvAAL","false","false","true","a2Gbn000000hcfLEAQ"
"","a0sWD00000XoCHRYA3","false","Loan Partner","005al00000RVcKvAAL","false","false","true","a2Gbn000000hcfMEAQ"
"","a0sWD00000XoCHSYA3","false","Use of Proceeds","005al00000RVcKvAAL","false","false","true","a2Gbn000000hcfNEAQ"
"","a0sWD00000XoCHTYA3","false","Certifications","005al00000RVcKvAAL","false","false","true","a2Gbn000000hcifEAA"
"","a0sWD00000XoCHUYA3","false","Participations","005al00000RVcKvAAL","false","false","true","a2Gbn000000hcigEAA"
"","a0sWD00000XoCHVYA3","false","HMDA Screen 1","005al00000RVcKvAAL","false","false","true","a2Gbn000000hcihEAA"
"","a0sWD00000Xo7b5YAB","false","Collateral2","005al00000RVcKvAAL","false","false","true","a343g000000gcpFAAQ"
"","a0sWD00000Xo7b6YAB","false","Loan covenants","005al00000RVcKvAAL","false","false","true","a343g000000gcqEAAQ"
"","a0sWD00000Xo7b7YAB","false","Relationship covenants","005al00000RVcKvAAL","false","false","true","a343g000000gcqFAAQ"
"","a0sWD00000Xo7b8YAB","false","Covenant Compliances","005al00000RVcKvAAL","false","false","true","a343g000000gcqGAAQ"
"","a0sWD00000Xo7b9YAB","false","Preliminary Information","005al00000RVcKvAAL","false","false","true","a343g000000gcqHAAQ"
"","a0sWD00000Xo7bAYAR","false","Online Application Details UI","005al00000RVcKvAAL","false","false","true","a343g000000gcqIAAQ"
"","a0sWD00000Xo7bBYAR","false","SBA Application Details","005al00000RVcKvAAL","false","false","true","a343g000000gcqJAAQ"
"","a0sWD00000Xo7bCYAR","false","Unavailable Credit Information","005al00000RVcKvAAL","false","false","true","a343g000000gcqKAAQ"
"","a0sWD00000Xo7bDYAR","false","Loan Details Application UI","005al00000RVcKvAAL","false","false","true","a343g000000gcqLAAQ"
"","a0sWD00000Xo7bEYAR","false","Online App Deposits UI","005al00000RVcKvAAL","false","false","true","a343g000000gcqMAAQ"
"","a0sWD00000Xo7bFYAR","false","Contexts Relationship UI","005al00000RVcKvAAL","false","false","true","a343g000000gcqNAAQ"
"","a0sWD00000Xo7bGYAR","false","Use of Proceeds UI","005al00000RVcKvAAL","false","false","true","a343g000000gcqOAAQ"
"","a0sWD00000Xo7bHYAR","false","SBA Application Change of Ownership UI","005al00000RVcKvAAL","false","false","true","a343g000000gcqPAAQ"
"","a0sWD00000Xo7bIYAR","false","Opportunity History","005al00000RVcKvAAL","false","false","true","a343g000000gcqwAAA"
"","a0sWD00000Xo7dLYAR","false","SBL Eligibility","005al00000RVcKvAAL","false","false","true","a343g000000gcr3AAA"
"","a0sWD00000Xo7bJYAR","false","Consumer Personal","005al00000RVcKvAAL","false","false","true","a343g000000gcr4AAA"
"","a0sWD00000Xo7bKYAR","false","Deposit Rate Table","005al00000RVcKvAAL","false","false","true","a343g000000gcrFAAQ"
"","a0sWD00000Xo7bLYAR","false","Needs Assessment","005al00000RVcKvAAL","false","false","true","a343g000000gcrGAAQ"
"","a0sWD00000Xo7bMYAR","false","Personal Info","005al00000RVcKvAAL","false","false","true","a343g000000gcrHAAQ"
"","a0sWD00000Xo7bNYAR","false","Work Information","005al00000RVcKvAAL","false","false","true","a343g000000gcrIAAQ"
"","a0sWD00000Xo7bOYAR","false","Loans and Credit","005al00000RVcKvAAL","false","false","true","a343g000000gcrJAAQ"
"","a0sWD00000Xo7bPYAR","false","Legal Proccessing","005al00000RVcKvAAL","false","false","true","a343g000000gcrKAAQ"
"","a0sWD00000Xo7bQYAR","false","Mortgage Product","005al00000RVcKvAAL","false","false","true","a343g000000gcrLAAQ"
"","a0sWD00000Xo7bRYAR","false","Financial Difficulty","005al00000RVcKvAAL","false","false","true","a343g000000gcrUAAQ"
"","a0sWD00000Xo7bSYAR","false","Certifications","005al00000RVcKvAAL","false","false","true","a343g000000gcwiAAA"
"","a0sWD00000Xo7bTYAR","false","Conditions","005al00000RVcKvAAL","false","false","true","a343g000000gcwvAAA"
"","a0sWD00000Xo7bUYAR","false","Loan Details-Card","005al00000RVcKvAAL","false","false","true","a343g000000gcwyAAA"
"","a0sWD00000Xo7j6YAB","false","Product Package Details LOE","005al00000RVcKvAAL","false","false","true","andrew12345"
"","a0sWD00000Xo7bVYAR","false","Security","005al00000RVcKvAAL","false","false","true","apac-res-mtg-collateral-screen"
"","a0sWD00000Xo7bWYAR","false","Borrower Information","005al00000RVcKvAAL","false","false","true","borrower-info-screen"
"","a0sWD00000Xo7jSYAR","false","Row Edit","005al00000RVcKvAAL","false","false","true","dmwui-42142100344"
"","a0sWD00000Xo7jRYAR","false","Row Edit Pre Approval","005al00000RVcKvAAL","false","false","true","dmwui-42307143918"
"","a0sWD00000Xo7jTYAR","false","All Treasury Services","005al00000RVcKvAAL","false","false","true","dmwui-42393982789"
"","a0sWD00000Xo7lbYAB","false","Bulk Edit Post Approval","005al00000RVcKvAAL","false","false","true","dmwui-428335183807"
"","a0sWD00000Xo7jXYAR","false","Pre Approval Loans","005al00000RVcKvAAL","false","false","true","dmwui-42861164296"
"","a0sWD00000Xo7jWYAR","false","Post Approval Facilities","005al00000RVcKvAAL","false","false","true","dmwui-42861164296A"
"","a0sWD00000Xo7jVYAR","false","Bulk Edit","005al00000RVcKvAAL","false","false","true","dmwui-42975216429"
"","a0sWD00000Xo7bXYAR","false","Financial Overview","005al00000RVcKvAAL","false","false","true","fin-overview-screen"
"","a0sWD00000Xo7bYYAR","false","Order Entry - Online Banking","005al00000RVcKvAAL","false","false","true","kjahfisaduhfi7h2iyh"
"","a0sWD00000Xo7j7YAB","false","Processing","005al00000RVcKvAAL","false","false","true","loan-scrn-processing"
"","a0sWD00000Xo7j8YAB","false","Credit","005al00000RVcKvAAL","false","false","true","post-processing"
"","a0sWD00000Xo7jaYAB","false","Pricing Required Fields","005al00000RVcKvAAL","false","false","true","pricingrequiredfields"
"","a0sWD00000Xo7jcYAB","false","Short Term Extensions","005al00000RVcKvAAL","false","false","true","rcaui-42146575989"
"","a0sWD00000Xo7jdYAB","false","Credit Actionable Loans","005al00000RVcKvAAL","false","false","true","rcaui-42425336604"
"","a0sWD00000Xo7jeYAB","false","Credit Actions","005al00000RVcKvAAL","false","false","true","rcaui-42477727610"
"","a0sWD00000Xo7mBYAR","false","All Loans","005al00000RVcKvAAL","false","false","true","rcaui-42706352307"
"","a0sWD00000Xo7bZYAR","false","Borrower Information","005al00000RVcKvAAL","false","false","true","res-mtg-app-borrower-info-screen"
"","a0sWD00000Xo7baYAB","false","Borrower Information - Mortgage - APAC","005al00000RVcKvAAL","false","false","true","res-mtg-app-borrower-info-screen-apac"
"","a0sWD00000Xo7bbYAB","false","Property","005al00000RVcKvAAL","false","false","true","res-mtg-app-property-screen"
"","a0sWD00000Xo7bcYAB","false","Borrower Information","005al00000RVcKvAAL","false","false","true","res-mtg-refi-borrower-info-screen"
"","a0sWD00000Xo7bdYAB","false","Collateral","005al00000RVcKvAAL","false","false","true","res-mtg-refi-collateral-screen"
"","a0sWD00000Xo7beYAB","false","Financial Overview","005al00000RVcKvAAL","false","false","true","res-mtg-refi-fin-overview-screen"
"","a0sWD00000Xo7j9YAB","false","Closing","005al00000RVcKvAAL","false","false","true","sn-closing-post"
"","a0sWD00000Xo7jAYAR","false","DocPrep","005al00000RVcKvAAL","false","false","true","sn-docprep-post"
