"Id","OwnerId","IsDeleted","Name","CreatedDate","CreatedById","LastModifiedDate","LastModifiedById","SystemModstamp","LastActivityDate","LastViewedDate","LastReferencedDate","LLC_BI__Advance_Rate__c","LLC_BI__Auto_Update_Collateral_Value__c","LLC_BI__Category__c","LLC_BI__Collateral_Code__c","LLC_BI__Collateral_Configuration__c","LLC_BI__Collateral_Display_Name__c","LLC_BI__Condo_PUD__c","LLC_BI__Expire_Date__c","LLC_BI__Field_Set__c","LLC_BI__Group_Type__c","LLC_BI__Highest_Type__c","LLC_BI__Icon_Background_Color__c","LLC_BI__Icon_Color__c","LLC_BI__Icon_Type__c","LLC_BI__Is_Complex__c","LLC_BI__Leasing_Screen__c","LLC_BI__Manufactured_Home__c","LLC_BI__Parent_Type__c","LLC_BI__Primary_Valuation_Sources__c","LLC_BI__Regulatory_Rate__c","LLC_BI__Screen__c","LLC_BI__Start_Date__c","LLC_BI__Type__c","LLC_BI__Valuation_Field_Set__c","LLC_BI__Valuation_Source__c","LLC_BI__Valuation_Type__c","LLC_BI__lookupKey__c","LLC_BI__Active__c","LLC_BI__Subtype__c","nCinoCB__Classification__c"
"a1lWD0000017KcXYAU","005al00000Q6IbCAAV","false","Other-Intellectual Property","2026-04-07T19:06:18.000Z","005al00000RVcKvAAL","2026-08-14T09:32:28.000Z","005al00000RVvFOAA1","2026-08-14T09:32:28.000Z","","","","80.0","true","","","{""prodPkgEditScreen"":""42385715917275967"",""ownershipAssignmentFieldSetName"":""LLC_BI__Bulk_Ownership_Assignment"",""editCollateralScreen"":""42385715917275967"",""copyCollateralScreen"":""42385715917275967"",""collateralScreenName"":""Collateral Creation Screen"",""collateralCopyFieldSetName"":""LLC_BI__Collateral_Creation_Screen_Configuration"",""collateralCloneFieldSetName"":""LLC_BI__Collateral_Creation_Screen_Configuration"",""addCollateralScreen"":""42385715917275967"",""addChildCollateralScreen"":""42363993400862416""}","","false","","","","","#62b7ed","#ffffff","standard/work_order","false","a0sWD00000XnsduYAB","false","","Internal Valuation;Third Party Source;Valuation Service Vendor","","a0sWD00000XnsdrYAB","2023-03-19","Other","","","","008850b7-a600-564e-9410-c7186bd9215e","true","Intellectual Property",""
"a1lWD0000017KcYYAU","005al00000Q6IbCAAV","false","Titled-Vessel","2026-04-07T19:06:18.000Z","005al00000RVcKvAAL","2026-08-14T09:32:28.000Z","005al00000RVvFOAA1","2026-08-14T09:32:28.000Z","","","","80.0","true","","","{""prodPkgEditScreen"":""42193338758163888"",""ownershipAssignmentFieldSetName"":""LLC_BI__Bulk_Ownership_Assignment"",""editCollateralScreen"":""42193338758163888"",""copyCollateralScreen"":""42193338758163888"",""collateralScreenName"":""Collateral Creation Screen"",""collateralCopyFieldSetName"":""LLC_BI__Collateral_Creation_Screen_Configuration"",""collateralCloneFieldSetName"":""LLC_BI__Collateral_Creation_Screen_Configuration"",""addCollateralScreen"":""42193338758163888"",""addChildCollateralScreen"":""42363993400862416""}","","false","","","","","Ba202E","fff","custom/custom31","false","a0sWD00000XnsduYAB","false","","Internal Valuation;Invoice / Bill of Sale;Third Party Source","","a0sWD00000XnsdwYAB","2023-03-19","Titled","","","","035d3b0c-0dd0-509d-8f7f-191464283657","true","Vessel",""
"a1lWD0000017KcZYAU","005al00000Q6IbCAAV","false","Real Estate-Hospitality","2026-04-07T19:06:18.000Z","005al00000RVcKvAAL","2026-08-14T09:32:28.000Z","005al00000RVvFOAA1","2026-08-14T09:32:28.000Z","","","","80.0","true","","","{""prodPkgEditScreen"":""42875581032868363"",""ownershipAssignmentFieldSetName"":""LLC_BI__Bulk_Ownership_Assignment"",""editCollateralScreen"":""42875581032868363"",""copyCollateralScreen"":""42875581032868363"",""collateralScreenName"":""Collateral Creation Screen"",""collateralCopyFieldSetName"":""LLC_BI__Collateral_Creation_Screen_Configuration"",""collateralCloneFieldSetName"":""LLC_BI__Collateral_Creation_Screen_Configuration"",""addCollateralScreen"":""42875581032868363"",""addChildCollateralScreen"":""42363993400862416""}","","false","","","","","670B7B","fff","custom/custom24","false","a0sWD00000XnsduYAB","false","","Appraisal;Internal Valuation;Third Party Source","","a0sWD00000Xnse0YAB","2023-03-19","Real Estate","","","","04a8d555-ea9f-5c46-aa94-14cd5653c972","true","Hospitality",""
"a1lWD0000017KcaYAE","005al00000Q6IbCAAV","false","Possessory-Savings","2026-04-07T19:06:18.000Z","005al00000RVcKvAAL","2026-08-14T09:32:28.000Z","005al00000RVvFOAA1","2026-08-14T09:32:28.000Z","","","","80.0","true","","","{""prodPkgEditScreen"":""42440767386795598"",""ownershipAssignmentFieldSetName"":""LLC_BI__Bulk_Ownership_Assignment"",""editCollateralScreen"":""42440767386795598"",""copyCollateralScreen"":""42440767386795598"",""collateralScreenName"":""Collateral Creation Screen"",""collateralCopyFieldSetName"":""LLC_BI__Collateral_Creation_Screen_Configuration"",""collateralCloneFieldSetName"":""LLC_BI__Collateral_Creation_Screen_Configuration"",""addCollateralScreen"":""42440767386795598"",""addChildCollateralScreen"":""42363993400862416""}","","false","","","","","85BE40","fff","custom/custom17","false","a0sWD00000XnsduYAB","false","","Account Balance / Statement;Third Party Source","","a0sWD00000XnseDYAR","2023-03-19","Possessory","","","","09aa3999-a7ae-5878-b224-dcd07db57c91","true","Savings",""
"a1lWD0000017KcbYAE","005al00000Q6IbCAAV","false","UCC-Specialized Equipment","2026-04-07T19:06:18.000Z","005al00000RVcKvAAL","2026-08-14T09:32:28.000Z","005al00000RVvFOAA1","2026-08-14T09:32:28.000Z","","","","80.0","true","","","{""prodPkgEditScreen"":""42966783217336788"",""ownershipAssignmentFieldSetName"":""LLC_BI__Bulk_Ownership_Assignment"",""editCollateralScreen"":""42966783217336788"",""copyCollateralScreen"":""42966783217336788"",""collateralScreenName"":""Collateral Creation Screen"",""collateralCopyFieldSetName"":""LLC_BI__Collateral_Creation_Screen_Configuration"",""collateralCloneFieldSetName"":""LLC_BI__Collateral_Creation_Screen_Configuration"",""addCollateralScreen"":""42966783217336788"",""addChildCollateralScreen"":""42363993400862416""}","","false","","","","","F1B643","fff","custom/custom18","false","a0sWD00000XnsduYAB","false","","Internal Valuation;Invoice / Bill of Sale;Third Party Source","","a0sWD00000Xnse6YAB","2023-03-19","UCC","","","","0bd163fa-a56d-51ab-a1e1-08b9d01aff82","true","Specialized Equipment",""
"a1lWD0000017KccYAE","005al00000Q6IbCAAV","false","Titled-Pleasure Boat","2026-04-07T19:06:18.000Z","005al00000RVcKvAAL","2026-08-14T09:32:28.000Z","005al00000RVvFOAA1","2026-08-14T09:32:28.000Z","","","","80.0","true","","","{""prodPkgEditScreen"":""42703575356168779"",""ownershipAssignmentFieldSetName"":""LLC_BI__Bulk_Ownership_Assignment"",""editCollateralScreen"":""42703575356168779"",""copyCollateralScreen"":""42703575356168779"",""collateralScreenName"":""Collateral Creation Screen"",""collateralCopyFieldSetName"":""LLC_BI__Collateral_Creation_Screen_Configuration"",""collateralCloneFieldSetName"":""LLC_BI__Collateral_Creation_Screen_Configuration"",""addCollateralScreen"":""42703575356168779"",""addChildCollateralScreen"":""42363993400862416""}","","false","","LLC_BI__Manage_Collateral_Titled","","","Ba202E","fff","custom/custom31","false","a0sWD00000XnsduYAB","false","","Internal Valuation;Invoice / Bill of Sale;Third Party Source","","a0sWD00000Xnse2YAB","2023-03-19","Titled","","","","1421d982-d1aa-55d8-b9dd-85fd562cb583","true","Pleasure Boat",""
"a1lWD0000017KcdYAE","005al00000Q6IbCAAV","false","Possessory-Credit Life","2026-04-07T19:06:18.000Z","005al00000RVcKvAAL","2026-08-14T09:32:28.000Z","005al00000RVvFOAA1","2026-08-14T09:32:28.000Z","","","","80.0","true","","","{""prodPkgEditScreen"":""42394153288848601"",""ownershipAssignmentFieldSetName"":""LLC_BI__Bulk_Ownership_Assignment"",""editCollateralScreen"":""42394153288848601"",""copyCollateralScreen"":""42394153288848601"",""collateralScreenName"":""Collateral Creation Screen"",""collateralCopyFieldSetName"":""LLC_BI__Collateral_Creation_Screen_Configuration"",""collateralCloneFieldSetName"":""LLC_BI__Collateral_Creation_Screen_Configuration"",""addCollateralScreen"":""42394153288848601"",""addChildCollateralScreen"":""42363993400862416""}","","false","","","","","85BE40","fff","custom/custom17","false","a0sWD00000XnsduYAB","false","","Account Balance / Statement;Insurance Agent","","a0sWD00000XnseBYAR","2023-03-19","Possessory","","","","14a061be-683e-5cfe-bb02-89368eb4be9c","true","Credit Life",""
"a1lWD0000017KceYAE","005al00000Q6IbCAAV","false","UCC-Standing Timber","2026-04-07T19:06:18.000Z","005al00000RVcKvAAL","2026-08-14T09:32:28.000Z","005al00000RVvFOAA1","2026-08-14T09:32:28.000Z","","","","80.0","true","","","{""prodPkgEditScreen"":""42966783217336788"",""ownershipAssignmentFieldSetName"":""LLC_BI__Bulk_Ownership_Assignment"",""editCollateralScreen"":""42966783217336788"",""copyCollateralScreen"":""42966783217336788"",""collateralScreenName"":""Collateral Creation Screen"",""collateralCopyFieldSetName"":""LLC_BI__Collateral_Creation_Screen_Configuration"",""collateralCloneFieldSetName"":""LLC_BI__Collateral_Creation_Screen_Configuration"",""addCollateralScreen"":""42966783217336788"",""addChildCollateralScreen"":""42363993400862416""}","","false","","","","","F1B643","fff","custom/custom18","false","a0sWD00000XnsduYAB","false","","Internal Valuation;Invoice / Bill of Sale;Third Party Source","","a0sWD00000Xnse6YAB","2023-03-19","UCC","","","","14dd806a-651d-5d0f-8f47-f55c1f347f25","true","Standing Timber",""
"a1lWD0000017KcfYAE","005al00000Q6IbCAAV","false","Real Estate-Industrial","2026-04-07T19:06:18.000Z","005al00000RVcKvAAL","2026-08-14T09:32:28.000Z","005al00000RVvFOAA1","2026-08-14T09:32:28.000Z","","","","80.0","true","","","{""prodPkgEditScreen"":""42875581032868363"",""ownershipAssignmentFieldSetName"":""LLC_BI__Bulk_Ownership_Assignment"",""editCollateralScreen"":""42875581032868363"",""copyCollateralScreen"":""42875581032868363"",""collateralScreenName"":""Collateral Creation Screen"",""collateralCopyFieldSetName"":""LLC_BI__Collateral_Creation_Screen_Configuration"",""collateralCloneFieldSetName"":""LLC_BI__Collateral_Creation_Screen_Configuration"",""addCollateralScreen"":""42875581032868363"",""addChildCollateralScreen"":""42363993400862416""}","","false","","","","","670B7B","fff","custom/custom24","false","a0sWD00000XnsduYAB","false","","Appraisal;Internal Valuation;Third Party Source","","a0sWD00000Xnse0YAB","2023-03-19","Real Estate","","","","1602ca58-d70b-579f-bf01-699b9d747eb7","true","Industrial",""
"a1lWD0000017KcgYAE","005al00000Q6IbCAAV","false","Real Estate-Warehouse","2026-04-07T19:06:18.000Z","005al00000RVcKvAAL","2026-08-14T09:32:28.000Z","005al00000RVvFOAA1","2026-08-14T09:32:28.000Z","","","","80.0","true","","","{""prodPkgEditScreen"":""42875581032868363"",""ownershipAssignmentFieldSetName"":""LLC_BI__Bulk_Ownership_Assignment"",""editCollateralScreen"":""42875581032868363"",""copyCollateralScreen"":""42875581032868363"",""collateralScreenName"":""Collateral Creation Screen"",""collateralCopyFieldSetName"":""LLC_BI__Collateral_Creation_Screen_Configuration"",""collateralCloneFieldSetName"":""LLC_BI__Collateral_Creation_Screen_Configuration"",""addCollateralScreen"":""42875581032868363"",""addChildCollateralScreen"":""42363993400862416""}","","false","","","","","670B7B","fff","custom/custom24","false","a0sWD00000XnsduYAB","false","","Appraisal;Internal Valuation;Third Party Source","","a0sWD00000Xnse0YAB","2023-03-19","Real Estate","","","","19bc6b55-4b0d-5fba-acaa-fc7d028ceb52","true","Warehouse",""
"a1lWD0000017KchYAE","005al00000Q6IbCAAV","false","Real Estate-Multi-Family","2026-04-07T19:06:18.000Z","005al00000RVcKvAAL","2026-08-14T09:32:28.000Z","005al00000RVvFOAA1","2026-08-14T09:32:28.000Z","","","","80.0","true","","","{""prodPkgEditScreen"":""42875581032868363"",""ownershipAssignmentFieldSetName"":""LLC_BI__Bulk_Ownership_Assignment"",""editCollateralScreen"":""42875581032868363"",""copyCollateralScreen"":""42875581032868363"",""collateralScreenName"":""Collateral Creation Screen"",""collateralCopyFieldSetName"":""LLC_BI__Collateral_Creation_Screen_Configuration"",""collateralCloneFieldSetName"":""LLC_BI__Collateral_Creation_Screen_Configuration"",""addCollateralScreen"":""42875581032868363"",""addChildCollateralScreen"":""42363993400862416""}","","false","","","","","670B7B","fff","custom/custom24","false","a0sWD00000XnsduYAB","false","","Appraisal;Internal Valuation;Third Party Source","","a0sWD00000Xnse0YAB","2023-03-19","Real Estate","","","","1a2970fb-0e01-5e19-abb1-bddef623d4f1","true","Multi-Family",""
"a1lWD0000017KciYAE","005al00000Q6IbCAAV","false","Possessory-Key Person Insurance","2026-04-07T19:06:18.000Z","005al00000RVcKvAAL","2026-08-14T09:32:28.000Z","005al00000RVvFOAA1","2026-08-14T09:32:28.000Z","","","","80.0","true","","","{""prodPkgEditScreen"":""42260456631626244"",""ownershipAssignmentFieldSetName"":""LLC_BI__Bulk_Ownership_Assignment"",""editCollateralScreen"":""42260456631626244"",""copyCollateralScreen"":""42260456631626244"",""collateralScreenName"":""Collateral Creation Screen"",""collateralCopyFieldSetName"":""LLC_BI__Collateral_Creation_Screen_Configuration"",""collateralCloneFieldSetName"":""LLC_BI__Collateral_Creation_Screen_Configuration"",""addCollateralScreen"":""42260456631626244"",""addChildCollateralScreen"":""42363993400862416""}","","false","","","","","85BE40","fff","custom/custom17","false","a0sWD00000XnsduYAB","false","","Account Balance / Statement;Insurance Agent","","a0sWD00000XnsdtYAB","2023-03-19","Possessory","","","","296ec735-c874-5e21-b9cc-3a71e6499480","true","Key Person Insurance",""
"a1lWD0000017KcjYAE","005al00000Q6IbCAAV","false","Possessory-Receipts-Bills","2026-04-07T19:06:18.000Z","005al00000RVcKvAAL","2026-08-14T09:32:28.000Z","005al00000RVvFOAA1","2026-08-14T09:32:28.000Z","","","","80.0","true","","","{""prodPkgEditScreen"":""42868736103271902"",""ownershipAssignmentFieldSetName"":""LLC_BI__Bulk_Ownership_Assignment"",""editCollateralScreen"":""42868736103271902"",""copyCollateralScreen"":""42868736103271902"",""collateralScreenName"":""Collateral Creation Screen"",""collateralCopyFieldSetName"":""LLC_BI__Collateral_Creation_Screen_Configuration"",""collateralCloneFieldSetName"":""LLC_BI__Collateral_Creation_Screen_Configuration"",""addCollateralScreen"":""42868736103271902"",""addChildCollateralScreen"":""42363993400862416""}","","false","","","","","85BE40","fff","custom/custom17","false","a0sWD00000XnsduYAB","false","","Internal Valuation;Invoice / Bill of Sale","","a0sWD00000XnseCYAR","2023-03-19","Possessory","","","","2b3bb588-57aa-5ed8-a114-e7b25ee1f330","true","Receipts-Bills",""
"a1lWD0000017KckYAE","005al00000Q6IbCAAV","false","Real Estate-Construction","2026-04-07T19:06:18.000Z","005al00000RVcKvAAL","2026-08-14T09:32:28.000Z","005al00000RVvFOAA1","2026-08-14T09:32:28.000Z","","","","80.0","true","","","{""prodPkgEditScreen"":""42875581032868363"",""ownershipAssignmentFieldSetName"":""LLC_BI__Bulk_Ownership_Assignment"",""editCollateralScreen"":""42875581032868363"",""copyCollateralScreen"":""42875581032868363"",""collateralScreenName"":""Collateral Creation Screen"",""collateralCopyFieldSetName"":""LLC_BI__Collateral_Creation_Screen_Configuration"",""collateralCloneFieldSetName"":""LLC_BI__Collateral_Creation_Screen_Configuration"",""addCollateralScreen"":""42875581032868363"",""addChildCollateralScreen"":""42363993400862416""}","","false","","","","","670B7B","fff","custom/custom24","false","a0sWD00000XnsduYAB","false","","Appraisal;Internal Valuation;Invoice / Bill of Sale;Third Party Source","","a0sWD00000Xnse0YAB","2023-03-19","Real Estate","","","","2ec4a08d-c021-56d1-bd8f-2483af1e159a","true","Construction",""
"a1lWD0000017KclYAE","005al00000Q6IbCAAV","false","Real Estate-Lot","2026-04-07T19:06:18.000Z","005al00000RVcKvAAL","2026-08-14T09:32:28.000Z","005al00000RVvFOAA1","2026-08-14T09:32:28.000Z","","","","80.0","true","","","{""prodPkgEditScreen"":""42875581032868363"",""ownershipAssignmentFieldSetName"":""LLC_BI__Bulk_Ownership_Assignment"",""editCollateralScreen"":""42875581032868363"",""copyCollateralScreen"":""42875581032868363"",""collateralScreenName"":""Collateral Creation Screen"",""collateralCopyFieldSetName"":""LLC_BI__Collateral_Creation_Screen_Configuration"",""collateralCloneFieldSetName"":""LLC_BI__Collateral_Creation_Screen_Configuration"",""addCollateralScreen"":""42875581032868363"",""addChildCollateralScreen"":""42363993400862416""}","","false","","","","","670B7B","fff","custom/custom24","false","a0sWD00000XnsduYAB","false","","Appraisal;Internal Valuation;Third Party Source","","a0sWD00000Xnse0YAB","2023-03-19","Real Estate","","","","2ee9c5f6-6248-5296-a38f-6517c46700fe","true","Lot",""
"a1lWD0000017KcmYAE","005al00000Q6IbCAAV","false","UCC-Accounts Receivable","2026-04-07T19:06:18.000Z","005al00000RVcKvAAL","2026-08-14T09:32:28.000Z","005al00000RVvFOAA1","2026-08-14T09:32:28.000Z","","","","80.0","true","","","{""prodPkgEditScreen"":""42966783217336788"",""ownershipAssignmentFieldSetName"":""LLC_BI__Bulk_Ownership_Assignment"",""editCollateralScreen"":""42966783217336788"",""copyCollateralScreen"":""42966783217336788"",""collateralScreenName"":""Collateral Creation Screen"",""collateralCopyFieldSetName"":""LLC_BI__Collateral_Creation_Screen_Configuration"",""collateralCloneFieldSetName"":""LLC_BI__Collateral_Creation_Screen_Configuration"",""addCollateralScreen"":""42966783217336788"",""addChildCollateralScreen"":""42363993400862416""}","","false","","","","","F1B643","fff","custom/custom18","false","a0sWD00000XnsduYAB","false","","Account Balance / Statement;Financial Statement;Receivables Aging","","a0sWD00000Xnse6YAB","2023-03-19","UCC","","","","31f952a2-66ee-5229-8230-45d9ad6466fb","true","Accounts Receivable",""
"a1lWE000002pnVOYAY","005al00000RVcKvAAL","false","Other-Government Contracts","2026-08-11T16:28:39.000Z","005al00000RVvFOAA1","2026-08-14T09:32:29.000Z","005al00000RVvFOAA1","2026-08-14T09:32:29.000Z","","","","25.0","false","","","","","false","","","","","","#ffffff","","false","a0sWD00000XnsduYAB","false","","","","a0sWD00000XoBuuYAF","","Other","","Financial Statement","As Is Value","324876656712","true","Government Contracts",""
"a1lWD0000017KcnYAE","005al00000Q6IbCAAV","false","UCC-Tort Claim","2026-04-07T19:06:18.000Z","005al00000RVcKvAAL","2026-08-14T09:32:28.000Z","005al00000RVvFOAA1","2026-08-14T09:32:28.000Z","","","","80.0","true","","","{""prodPkgEditScreen"":""42966783217336788"",""ownershipAssignmentFieldSetName"":""LLC_BI__Bulk_Ownership_Assignment"",""editCollateralScreen"":""42966783217336788"",""copyCollateralScreen"":""42966783217336788"",""collateralScreenName"":""Collateral Creation Screen"",""collateralCopyFieldSetName"":""LLC_BI__Collateral_Creation_Screen_Configuration"",""collateralCloneFieldSetName"":""LLC_BI__Collateral_Creation_Screen_Configuration"",""addCollateralScreen"":""42966783217336788"",""addChildCollateralScreen"":""42363993400862416""}","","false","","","","","F1B643","fff","custom/custom18","false","a0sWD00000XnsduYAB","false","","Internal Valuation;Third Party Source","","a0sWD00000Xnse6YAB","2023-03-19","UCC","","","","33af2144-a657-528e-8d7d-a42c8f2760ab","true","Tort Claim",""
"a1lWD0000017KcoYAE","005al00000Q6IbCAAV","false","Titled-Aircraft","2026-04-07T19:06:18.000Z","005al00000RVcKvAAL","2026-08-14T09:32:28.000Z","005al00000RVvFOAA1","2026-08-14T09:32:28.000Z","","","","80.0","true","","","{""prodPkgEditScreen"":""42581909766045101"",""ownershipAssignmentFieldSetName"":""LLC_BI__Bulk_Ownership_Assignment"",""editCollateralScreen"":""42581909766045101"",""copyCollateralScreen"":""42581909766045101"",""collateralScreenName"":""Collateral Creation Screen"",""collateralCopyFieldSetName"":""LLC_BI__Collateral_Creation_Screen_Configuration"",""collateralCloneFieldSetName"":""LLC_BI__Collateral_Creation_Screen_Configuration"",""addCollateralScreen"":""42581909766045101"",""addChildCollateralScreen"":""42363993400862416""}","","false","","LLC_BI__Manage_Collateral_Titled","","","Ba202E","fff","custom/custom31","false","a0sWD00000XnsduYAB","false","","Internal Valuation;Invoice / Bill of Sale;Third Party Source","","a0sWD00000Xnse8YAB","2023-03-19","Titled","","","","3692726f-317a-5792-812d-6506a8bb7279","true","Aircraft",""
"a1lWD0000017KcpYAE","005al00000Q6IbCAAV","false","Titled-Manufactured Home","2026-04-07T19:06:18.000Z","005al00000RVcKvAAL","2026-08-14T09:32:28.000Z","005al00000RVvFOAA1","2026-08-14T09:32:28.000Z","","","","80.0","true","","","{""prodPkgEditScreen"":""42461395767237886"",""ownershipAssignmentFieldSetName"":""LLC_BI__Bulk_Ownership_Assignment"",""editCollateralScreen"":""42461395767237886"",""copyCollateralScreen"":""42461395767237886"",""collateralScreenName"":""Collateral Creation Screen"",""collateralCopyFieldSetName"":""LLC_BI__Collateral_Creation_Screen_Configuration"",""collateralCloneFieldSetName"":""LLC_BI__Collateral_Creation_Screen_Configuration"",""addCollateralScreen"":""42461395767237886"",""addChildCollateralScreen"":""42363993400862416""}","","false","","LLC_BI__Manage_Collateral_Titled","","","Ba202E","fff","custom/custom31","false","a0sWD00000XnsduYAB","true","","Internal Valuation;Invoice / Bill of Sale;Third Party Source","","a0sWD00000XnsdyYAB","2023-03-19","Titled","","","","39edcc8d-d4f9-53d4-ba82-ad92502672e5","true","Manufactured Home",""
"a1lWD0000017KcqYAE","005al00000Q6IbCAAV","false","Possessory-Mutual Fund","2026-04-07T19:06:18.000Z","005al00000RVcKvAAL","2026-08-14T09:32:28.000Z","005al00000RVvFOAA1","2026-08-14T09:32:28.000Z","","","","80.0","true","","","{""prodPkgEditScreen"":""42639155007632757"",""ownershipAssignmentFieldSetName"":""LLC_BI__Bulk_Ownership_Assignment"",""editCollateralScreen"":""42639155007632757"",""copyCollateralScreen"":""42639155007632757"",""collateralScreenName"":""Collateral Creation Screen"",""collateralCopyFieldSetName"":""LLC_BI__Collateral_Creation_Screen_Configuration"",""collateralCloneFieldSetName"":""LLC_BI__Collateral_Creation_Screen_Configuration"",""addCollateralScreen"":""42639155007632757"",""addChildCollateralScreen"":""42363993400862416""}","","false","","","","","85BE40","fff","custom/custom17","false","a0sWD00000XnsduYAB","false","","Account Balance / Statement;Third Party Source","","a0sWD00000XnsdsYAB","2023-03-19","Possessory","","","","3ad730a0-2334-5ca2-bde7-cd0ff2cf3ff7","true","Mutual Fund",""
"a1lWE000002qxfZYAQ","005al00000RVcKvAAL","false","Borrowing Base-Commodity Account-2213","2026-08-14T07:02:37.000Z","005al00000RVvFOAA1","2026-08-14T09:32:28.000Z","005al00000RVvFOAA1","2026-08-14T09:32:28.000Z","","","","100.0","false","","2213","{""prodPkgEditScreen"":""42118336128985105"",""ownershipAssignmentFieldSetName"":""LLC_BI__Bulk_Ownership_Assignment"",""editCollateralScreen"":""42118336128985105"",""copyCollateralScreen"":""42118336128985105"",""collateralScreenName"":""Collateral Creation Screen"",""collateralCopyFieldSetName"":""LLC_BI__Collateral_Creation_Screen_Configuration"",""collateralCloneFieldSetName"":""LLC_BI__Collateral_Creation_Screen_Configuration"",""addCollateralScreen"":""42118336128985105"",""addChildCollateralScreen"":""42118336128985105""}","","false","","Manage_Collateral_UCC","","","","#ffffff","","false","a0sWE000002lFs5YAE","false","","","","a0sWE000002lFsBYAU","2020-11-02","Borrowing Base","","","","42024925720626140","true","Commodity Account",""
"a1lWE000002qxfaYAA","005al00000RVcKvAAL","false","Titled-Titled Collection Group","2026-08-14T07:02:37.000Z","005al00000RVvFOAA1","2026-08-14T09:32:28.000Z","005al00000RVvFOAA1","2026-08-14T09:32:28.000Z","","","","80.0","false","","","{""prodPkgEditScreen"":""42118336128985105"",""ownershipAssignmentFieldSetName"":""LLC_BI__Bulk_Ownership_Assignment"",""editCollateralScreen"":""42118336128985105"",""copyCollateralScreen"":""42118336128985105"",""collateralScreenName"":""Collateral Creation Screen"",""collateralCopyFieldSetName"":""LLC_BI__Collateral_Creation_Screen_Configuration"",""collateralCloneFieldSetName"":""LLC_BI__Collateral_Creation_Screen_Configuration"",""addCollateralScreen"":""42118336128985105"",""addChildCollateralScreen"":""42118336128985105""}","","false","","","Standard","","","#ffffff","","false","a0sWE000002lFs5YAE","false","","","","a0sWE000002lFs7YAE","","Titled","","","","42061995807785428","true","Titled Collection Group",""
"a1lWE000002qxfbYAA","005al00000RVcKvAAL","false","Borrowing Base-Cattle - Inside Hedged-2201","2026-08-14T07:02:37.000Z","005al00000RVvFOAA1","2026-08-14T09:32:28.000Z","005al00000RVvFOAA1","2026-08-14T09:32:28.000Z","","","","85.0","false","","2201","{""prodPkgEditScreen"":""42118336128985105"",""ownershipAssignmentFieldSetName"":""LLC_BI__Bulk_Ownership_Assignment"",""editCollateralScreen"":""42118336128985105"",""copyCollateralScreen"":""42118336128985105"",""collateralScreenName"":""Collateral Creation Screen"",""collateralCopyFieldSetName"":""LLC_BI__Collateral_Creation_Screen_Configuration"",""collateralCloneFieldSetName"":""LLC_BI__Collateral_Creation_Screen_Configuration"",""addCollateralScreen"":""42118336128985105"",""addChildCollateralScreen"":""42118336128985105""}","","false","","Manage_Collateral_UCC","","","","#ffffff","","false","a0sWE000002lFs5YAE","false","","","","a0sWE000002lFsBYAU","2020-11-02","Borrowing Base","","","","42075118437054558","true","Cattle - Inside Hedged",""
"a1lWE000002qxfcYAA","005al00000RVcKvAAL","false","Guarantee-Individual","2026-08-14T07:02:37.000Z","005al00000RVvFOAA1","2026-08-14T09:32:28.000Z","005al00000RVvFOAA1","2026-08-14T09:32:28.000Z","","","","75.0","false","","","{""prodPkgEditScreen"":""42118336128985105"",""ownershipAssignmentFieldSetName"":""LLC_BI__Bulk_Ownership_Assignment"",""editCollateralScreen"":""42118336128985105"",""copyCollateralScreen"":""42118336128985105"",""collateralScreenName"":""Collateral Creation Screen"",""collateralCopyFieldSetName"":""LLC_BI__Collateral_Creation_Screen_Configuration"",""collateralCloneFieldSetName"":""LLC_BI__Collateral_Creation_Screen_Configuration"",""addCollateralScreen"":""42118336128985105"",""addChildCollateralScreen"":""42118336128985105""}","","false","","","Single Relationship","","","#ffffff","","false","a0sWE000002lFs5YAE","false","","","","a0sWE000002lFs8YAE","","Guarantee","","","","42082002786941486","true","Individual",""
"a1lWE000002qxfdYAA","005al00000RVcKvAAL","false","Small Equipment-Skid Steer-911","2026-08-14T07:02:37.000Z","005al00000RVvFOAA1","2026-08-14T09:32:28.000Z","005al00000RVvFOAA1","2026-08-14T09:32:28.000Z","","","","90.0","false","","911","{""prodPkgEditScreen"":""42118336128985105"",""ownershipAssignmentFieldSetName"":""LLC_BI__Bulk_Ownership_Assignment"",""editCollateralScreen"":""42118336128985105"",""copyCollateralScreen"":""42118336128985105"",""collateralScreenName"":""Collateral Creation Screen"",""collateralCopyFieldSetName"":""LLC_BI__Collateral_Creation_Screen_Configuration"",""collateralCloneFieldSetName"":""LLC_BI__Collateral_Creation_Screen_Configuration"",""addCollateralScreen"":""42118336128985105"",""addChildCollateralScreen"":""42118336128985105""}","","false","","Manage_Collateral_UCC","","","","#ffffff","","false","a0sWE000002lFs5YAE","false","","","","a0sWE000002lFs9YAE","2021-04-30","Small Equipment","","","","42086443484091149","true","Skid Steer",""
"a1lWE000002qxfeYAA","005al00000RVcKvAAL","false","Real Estate-Investment Property-753","2026-08-14T07:02:37.000Z","005al00000RVvFOAA1","2026-08-14T09:32:28.000Z","005al00000RVvFOAA1","2026-08-14T09:32:28.000Z","","","","80.0","false","","753","{""prodPkgEditScreen"":""42118336128985105"",""ownershipAssignmentFieldSetName"":""LLC_BI__Bulk_Ownership_Assignment"",""editCollateralScreen"":""42118336128985105"",""copyCollateralScreen"":""42118336128985105"",""collateralScreenName"":""Collateral Creation Screen"",""collateralCopyFieldSetName"":""LLC_BI__Collateral_Creation_Screen_Configuration"",""collateralCloneFieldSetName"":""LLC_BI__Collateral_Creation_Screen_Configuration"",""addCollateralScreen"":""42118336128985105"",""addChildCollateralScreen"":""42118336128985105""}","Investment Property","false","","Manage_Collateral_Real_Estate","","","","#ffffff","","false","a0sWE000002lFs5YAE","false","","","","a0sWE000002lFsCYAU","","Real Estate","","","","42087376806563331","true","Investment Property",""
"a1lWE000002qxffYAA","005al00000RVcKvAAL","false","Possessory-Art Collection","2026-08-14T07:02:37.000Z","005al00000RVvFOAA1","2026-08-14T09:32:28.000Z","005al00000RVvFOAA1","2026-08-14T09:32:28.000Z","","","","80.0","false","","","{""prodPkgEditScreen"":""42118336128985105"",""ownershipAssignmentFieldSetName"":""LLC_BI__Bulk_Ownership_Assignment"",""editCollateralScreen"":""42118336128985105"",""copyCollateralScreen"":""42118336128985105"",""collateralScreenName"":""Collateral Creation Screen"",""collateralCopyFieldSetName"":""LLC_BI__Collateral_Creation_Screen_Configuration"",""collateralCloneFieldSetName"":""LLC_BI__Collateral_Creation_Screen_Configuration"",""addCollateralScreen"":""42118336128985105"",""addChildCollateralScreen"":""42118336128985105""}","","false","","","Standard","","","#ffffff","","false","a0sWE000002lFs5YAE","false","","","","a0sWE000002lFs7YAE","","Possessory","","","","42096250599913119","true","Art Collection",""
"a1lWE000002qxfgYAA","005al00000RVcKvAAL","false","Real Estate-Industrial-512","2026-08-14T07:02:37.000Z","005al00000RVvFOAA1","2026-08-14T09:32:28.000Z","005al00000RVvFOAA1","2026-08-14T09:32:28.000Z","","","","80.0","false","","512","{""prodPkgEditScreen"":""42118336128985105"",""ownershipAssignmentFieldSetName"":""LLC_BI__Bulk_Ownership_Assignment"",""editCollateralScreen"":""42118336128985105"",""copyCollateralScreen"":""42118336128985105"",""collateralScreenName"":""Collateral Creation Screen"",""collateralCopyFieldSetName"":""LLC_BI__Collateral_Creation_Screen_Configuration"",""collateralCloneFieldSetName"":""LLC_BI__Collateral_Creation_Screen_Configuration"",""addCollateralScreen"":""42118336128985105"",""addChildCollateralScreen"":""42118336128985105""}","","false","","Manage_Collateral_Real_Estate","","","","#ffffff","","false","a0sWE000002lFs5YAE","false","","","","a0sWE000002lFsCYAU","","Real Estate","","","","42127345143104307","true","Industrial",""
"a1lWE000002qxfhYAA","005al00000RVcKvAAL","false","Possessory-Art Work-142","2026-08-14T07:02:37.000Z","005al00000RVvFOAA1","2026-08-14T09:32:28.000Z","005al00000RVvFOAA1","2026-08-14T09:32:28.000Z","","","","80.0","false","","142","{""prodPkgEditScreen"":""42118336128985105"",""ownershipAssignmentFieldSetName"":""LLC_BI__Bulk_Ownership_Assignment"",""editCollateralScreen"":""42118336128985105"",""copyCollateralScreen"":""42118336128985105"",""collateralScreenName"":""Collateral Creation Screen"",""collateralCopyFieldSetName"":""LLC_BI__Collateral_Creation_Screen_Configuration"",""collateralCloneFieldSetName"":""LLC_BI__Collateral_Creation_Screen_Configuration"",""addCollateralScreen"":""42118336128985105"",""addChildCollateralScreen"":""42118336128985105""}","","false","","","","","","#ffffff","","false","a0sWE000002lFs5YAE","false","","","","a0sWE000002lFs6YAE","","Possessory","","","","42137274282926765","true","Art Work",""
"a1lWE000002qxfiYAA","005al00000RVcKvAAL","false","IT Equipment-Laptop-912","2026-08-14T07:02:37.000Z","005al00000RVvFOAA1","2026-08-14T09:32:28.000Z","005al00000RVvFOAA1","2026-08-14T09:32:28.000Z","","","","90.0","false","","912","{""prodPkgEditScreen"":""42118336128985105"",""ownershipAssignmentFieldSetName"":""LLC_BI__Bulk_Ownership_Assignment"",""editCollateralScreen"":""42118336128985105"",""copyCollateralScreen"":""42118336128985105"",""collateralScreenName"":""Collateral Creation Screen"",""collateralCopyFieldSetName"":""LLC_BI__Collateral_Creation_Screen_Configuration"",""collateralCloneFieldSetName"":""LLC_BI__Collateral_Creation_Screen_Configuration"",""addCollateralScreen"":""42118336128985105"",""addChildCollateralScreen"":""42118336128985105""}","","false","","Manage_Collateral_UCC","","","","#ffffff","","false","a0sWE000002lFs5YAE","false","","","","a0sWE000002lFs9YAE","2021-04-30","IT Equipment","","","","42149833055673995","true","Laptop",""
"a1lWD0000019K3lYAE","005al00000RVcKvAAL","false","Titled-Vessel","2026-04-10T10:03:07.000Z","005al00000RVcKvAAL","2026-08-14T09:32:28.000Z","005al00000RVvFOAA1","2026-08-14T09:32:28.000Z","","","","80.0","false","","","{""prodPkgEditScreen"":""723454364762362365"",""ownershipAssignmentFieldSetName"":""LLC_BI__Bulk_Ownership_Assignment"",""editCollateralScreen"":""42363993400862416"",""copyCollateralScreen"":""42363993400862416"",""collateralScreenName"":""Collateral Creation Screen"",""collateralCopyFieldSetName"":""LLC_BI__Collateral_Creation_Screen_Configuration"",""collateralCloneFieldSetName"":""LLC_BI__Collateral_Creation_Screen_Configuration"",""addCollateralScreen"":""42363993400862416"",""addChildCollateralScreen"":""42363993400862416""}","","false","","","","","Ba202E","fff","custom/custom31","false","a0sWD00000XnsduYAB","false","","","","a0sWD00000XnsdwYAB","2025-06-10","Titled","","","","42169659888448928","true","Vessel",""
"a1lWE000002pnVPYAY","005al00000RVcKvAAL","false","Real Estate-Condominium-802","2026-08-11T16:28:39.000Z","005al00000RVvFOAA1","2026-08-14T09:32:29.000Z","005al00000RVvFOAA1","2026-08-14T09:32:29.000Z","","","","80.0","false","","802","{/""prodPkgEditScreen/"":/""42091291881629952/"",/""ownershipAssignmentFieldSetName/"":/""LLC_BI__Bulk_Ownership_Assignment/"",/""editCollateralScreen/"":/""42314602511581740/"",/""copyCollateralScreen/"":/""42314602511581740/"",/""collateralScreenName/"":/""Collateral Creation Screen/"",/""collateralCopyFieldSetName/"":/""LLC_BI__Collateral_Creation_Screen_Configuration/"",/""collateralCloneFieldSetName/"":/""LLC_BI__Collateral_Creation_Screen_Configuration/"",/""addCollateralScreen/"":/""42314602511581740/"",/""addChildCollateralScreen/"":/""42314602511581740/""}","","false","","Manage_Collateral_Real_Estate","","","670B7B","fff","custom/custom24","false","a0sWD00000XnsduYAB","false","","","","a0sWD00000XoBp1YAF","","Real Estate","","","","42184739563146729","true","Condominium",""
"a1lWE000002qxfjYAA","005al00000RVcKvAAL","false","Real Estate-Condominium-713","2026-08-14T07:02:37.000Z","005al00000RVvFOAA1","2026-08-14T09:32:28.000Z","005al00000RVvFOAA1","2026-08-14T09:32:28.000Z","","","","80.0","false","","713","{""prodPkgEditScreen"":""42118336128985105"",""ownershipAssignmentFieldSetName"":""LLC_BI__Bulk_Ownership_Assignment"",""editCollateralScreen"":""42118336128985105"",""copyCollateralScreen"":""42118336128985105"",""collateralScreenName"":""Collateral Creation Screen"",""collateralCopyFieldSetName"":""LLC_BI__Collateral_Creation_Screen_Configuration"",""collateralCloneFieldSetName"":""LLC_BI__Collateral_Creation_Screen_Configuration"",""addCollateralScreen"":""42118336128985105"",""addChildCollateralScreen"":""42118336128985105""}","","false","","Manage_Collateral_Real_Estate","","","","#ffffff","","false","a0sWE000002lFs5YAE","false","","","","a0sWE000002lFsCYAU","","Real Estate","","","","42187878489473990","true","Condominium",""
"a1lWE000002qxfkYAA","005al00000RVcKvAAL","false","UCC-Borrowing Base-2159","2026-08-14T07:02:37.000Z","005al00000RVvFOAA1","2026-08-14T09:32:28.000Z","005al00000RVvFOAA1","2026-08-14T09:32:28.000Z","","","","100.0","false","","2159","{""prodPkgEditScreen"":""42118336128985105"",""ownershipAssignmentFieldSetName"":""LLC_BI__Bulk_Ownership_Assignment"",""editCollateralScreen"":""42118336128985105"",""copyCollateralScreen"":""42118336128985105"",""collateralScreenName"":""Collateral Creation Screen"",""collateralCopyFieldSetName"":""LLC_BI__Collateral_Creation_Screen_Configuration"",""collateralCloneFieldSetName"":""LLC_BI__Collateral_Creation_Screen_Configuration"",""addCollateralScreen"":""42118336128985105"",""addChildCollateralScreen"":""42118336128985105""}","","false","","Manage_Collateral_UCC","","","","#ffffff","","false","a0sWE000002lFs5YAE","false","","","","a0sWE000002lFs8YAE","","UCC","","","","42192039123749901","true","Borrowing Base",""
"a1lWE000002qxflYAA","005al00000RVcKvAAL","false","Borrowing Base-Prepaid Inventory-2209","2026-08-14T07:02:37.000Z","005al00000RVvFOAA1","2026-08-14T09:32:28.000Z","005al00000RVvFOAA1","2026-08-14T09:32:28.000Z","","","","75.0","false","","2209","{""prodPkgEditScreen"":""42118336128985105"",""ownershipAssignmentFieldSetName"":""LLC_BI__Bulk_Ownership_Assignment"",""editCollateralScreen"":""42118336128985105"",""copyCollateralScreen"":""42118336128985105"",""collateralScreenName"":""Collateral Creation Screen"",""collateralCopyFieldSetName"":""LLC_BI__Collateral_Creation_Screen_Configuration"",""collateralCloneFieldSetName"":""LLC_BI__Collateral_Creation_Screen_Configuration"",""addCollateralScreen"":""42118336128985105"",""addChildCollateralScreen"":""42118336128985105""}","","false","","Manage_Collateral_UCC","","","","#ffffff","","false","a0sWE000002lFs5YAE","false","","","","a0sWE000002lFsBYAU","2020-11-02","Borrowing Base","","","","42192623095535907","true","Prepaid Inventory",""
"a1lWE000002pnVQYAY","005al00000RVcKvAAL","false","Titled-Mobile Home-21","2026-08-11T16:28:39.000Z","005al00000RVvFOAA1","2026-08-14T09:32:29.000Z","005al00000RVvFOAA1","2026-08-14T09:32:29.000Z","","","","10.0","false","","21","","","false","","","","","","#ffffff","","false","","false","","","","a0sWD00000XnsdyYAB","","Titled","","","","42330433906307703","true","Mobile Home",""
"a1lWD0000017KcrYAE","005al00000Q6IbCAAV","false","Titled-Motor Vehicle (Used)","2026-04-07T19:06:18.000Z","005al00000RVcKvAAL","2026-08-14T09:32:28.000Z","005al00000RVvFOAA1","2026-08-14T09:32:28.000Z","","","","80.0","true","","","{""prodPkgEditScreen"":""42913737407936953"",""ownershipAssignmentFieldSetName"":""LLC_BI__Bulk_Ownership_Assignment"",""editCollateralScreen"":""42913737407936953"",""copyCollateralScreen"":""42913737407936953"",""collateralScreenName"":""Collateral Creation Screen"",""collateralCopyFieldSetName"":""LLC_BI__Collateral_Creation_Screen_Configuration"",""collateralCloneFieldSetName"":""LLC_BI__Collateral_Creation_Screen_Configuration"",""addCollateralScreen"":""42913737407936953"",""addChildCollateralScreen"":""42363993400862416""}","","false","","LLC_BI__Manage_Collateral_Titled","","","Ba202E","fff","custom/custom31","false","a0sWD00000XnsduYAB","false","","Internal Valuation;Invoice / Bill of Sale;Third Party Source","","a0sWD00000XnseGYAR","2023-03-19","Titled","","","","42346048100714845","true","Motor Vehicle (Used)","Titled - Motor Vehicle - Used"
"a1lWE000002pnVRYAY","005al00000RVcKvAAL","false","UCC-Accounts","2026-08-11T16:28:39.000Z","005al00000RVvFOAA1","2026-08-14T09:32:29.000Z","005al00000RVvFOAA1","2026-08-14T09:32:29.000Z","","","","25.0","false","","","","","false","","","","","","#ffffff","","false","","false","","","","","","UCC","","","","42352605973281468","true","Accounts",""
"a1lWE000002qxfmYAA","005al00000RVcKvAAL","false","Borrowing Base-Notes Rec-Cattle & Feed Fin-2204","2026-08-14T07:02:37.000Z","005al00000RVvFOAA1","2026-08-14T09:32:28.000Z","005al00000RVvFOAA1","2026-08-14T09:32:28.000Z","","","","100.0","false","","2204","{""prodPkgEditScreen"":""42118336128985105"",""ownershipAssignmentFieldSetName"":""LLC_BI__Bulk_Ownership_Assignment"",""editCollateralScreen"":""42118336128985105"",""copyCollateralScreen"":""42118336128985105"",""collateralScreenName"":""Collateral Creation Screen"",""collateralCopyFieldSetName"":""LLC_BI__Collateral_Creation_Screen_Configuration"",""collateralCloneFieldSetName"":""LLC_BI__Collateral_Creation_Screen_Configuration"",""addCollateralScreen"":""42118336128985105"",""addChildCollateralScreen"":""42118336128985105""}","","false","","Manage_Collateral_UCC","","","","#ffffff","","false","a0sWE000002lFs5YAE","false","","","","a0sWE000002lFsBYAU","","Borrowing Base","","","","42364108205402776","true","Notes Rec-Cattle & Feed Fin",""
"a1lWE000002qxfnYAA","005al00000RVcKvAAL","false","Titled-Motor Vehicle Used-MVU","2026-08-14T07:02:37.000Z","005al00000RVvFOAA1","2026-08-14T09:32:28.000Z","005al00000RVvFOAA1","2026-08-14T09:32:28.000Z","","","","100.0","false","","MVU","{""prodPkgEditScreen"":""42118336128985105"",""ownershipAssignmentFieldSetName"":""LLC_BI__Bulk_Ownership_Assignment"",""editCollateralScreen"":""42118336128985105"",""copyCollateralScreen"":""42118336128985105"",""collateralScreenName"":""Collateral Creation Screen"",""collateralCopyFieldSetName"":""LLC_BI__Collateral_Creation_Screen_Configuration"",""collateralCloneFieldSetName"":""LLC_BI__Collateral_Creation_Screen_Configuration"",""addCollateralScreen"":""42118336128985105"",""addChildCollateralScreen"":""42118336128985105""}","Titled Motor Vehicle Used","false","","Manage_Collateral_Titled","","","","#ffffff","","false","a0sWE000002lFs5YAE","false","","","","a0sWE000002lFsKYAU","","Titled","","","","42427716543339216","true","Motor Vehicle Used","Titled - Motor Vehicle - Used"
"a1lWE000002qxfoYAA","005al00000RVcKvAAL","false","Borrowing Base-MV Gain (Loss) on FPXs-2214","2026-08-14T07:02:37.000Z","005al00000RVvFOAA1","2026-08-14T09:32:28.000Z","005al00000RVvFOAA1","2026-08-14T09:32:28.000Z","","","","100.0","false","","2214","{""prodPkgEditScreen"":""42118336128985105"",""ownershipAssignmentFieldSetName"":""LLC_BI__Bulk_Ownership_Assignment"",""editCollateralScreen"":""42118336128985105"",""copyCollateralScreen"":""42118336128985105"",""collateralScreenName"":""Collateral Creation Screen"",""collateralCopyFieldSetName"":""LLC_BI__Collateral_Creation_Screen_Configuration"",""collateralCloneFieldSetName"":""LLC_BI__Collateral_Creation_Screen_Configuration"",""addCollateralScreen"":""42118336128985105"",""addChildCollateralScreen"":""42118336128985105""}","","false","","Manage_Collateral_UCC","","","","#ffffff","","false","a0sWE000002lFs5YAE","false","","","","a0sWE000002lFsBYAU","2020-11-02","Borrowing Base","","","","42432778825508345","true","MV Gain (Loss) on FPXs",""
"a1lWE000002qxfpYAA","005al00000RVcKvAAL","false","Titled-Motor Vehicle New-MVN","2026-08-14T07:02:37.000Z","005al00000RVvFOAA1","2026-08-14T09:32:28.000Z","005al00000RVvFOAA1","2026-08-14T09:32:28.000Z","","","","100.0","false","","MVN","{""prodPkgEditScreen"":""42118336128985105"",""ownershipAssignmentFieldSetName"":""LLC_BI__Bulk_Ownership_Assignment"",""editCollateralScreen"":""42118336128985105"",""copyCollateralScreen"":""42118336128985105"",""collateralScreenName"":""Collateral Creation Screen"",""collateralCopyFieldSetName"":""LLC_BI__Collateral_Creation_Screen_Configuration"",""collateralCloneFieldSetName"":""LLC_BI__Collateral_Creation_Screen_Configuration"",""addCollateralScreen"":""42118336128985105"",""addChildCollateralScreen"":""42118336128985105""}","Titled Motor Vehicle New","false","","Manage_Collateral_Titled","","","","#ffffff","","false","a0sWE000002lFs5YAE","false","","","","a0sWE000002lFsKYAU","","Titled","","","","42454786161009200","true","Motor Vehicle New","Titled - Motor Vehicle - New"
"a1lWE000002pnVSYAY","005al00000RVcKvAAL","false","ABCD","2026-08-11T16:28:39.000Z","005al00000RVvFOAA1","2026-08-14T09:32:29.000Z","005al00000RVvFOAA1","2026-08-14T09:32:29.000Z","","","","1111.0","false","","ABCD","","","false","","","","","","#ffffff","","false","","false","","","","a0sWD00000XoBlLYAV","","","","","","42467243478337686","true","",""
"a1lWE000002qxfqYAA","005al00000RVcKvAAL","false","Small Equipment-Generator-910","2026-08-14T07:02:37.000Z","005al00000RVvFOAA1","2026-08-14T09:32:28.000Z","005al00000RVvFOAA1","2026-08-14T09:32:28.000Z","","","","90.0","false","","910","{""prodPkgEditScreen"":""42118336128985105"",""ownershipAssignmentFieldSetName"":""LLC_BI__Bulk_Ownership_Assignment"",""editCollateralScreen"":""42118336128985105"",""copyCollateralScreen"":""42118336128985105"",""collateralScreenName"":""Collateral Creation Screen"",""collateralCopyFieldSetName"":""LLC_BI__Collateral_Creation_Screen_Configuration"",""collateralCloneFieldSetName"":""LLC_BI__Collateral_Creation_Screen_Configuration"",""addCollateralScreen"":""42118336128985105"",""addChildCollateralScreen"":""42118336128985105""}","","false","","Manage_Collateral_UCC","","","","#ffffff","","false","a0sWE000002lFs5YAE","false","","","","a0sWE000002lFs9YAE","2021-04-30","Small Equipment","","","","42471416642669655","true","Generator",""
"a1lWE000002qxfrYAA","005al00000RVcKvAAL","false","UCC-All Business Assets","2026-08-14T07:02:37.000Z","005al00000RVvFOAA1","2026-08-14T09:32:28.000Z","005al00000RVvFOAA1","2026-08-14T09:32:28.000Z","","","","50.0","false","","","{""prodPkgEditScreen"":""42118336128985105"",""ownershipAssignmentFieldSetName"":""LLC_BI__Bulk_Ownership_Assignment"",""editCollateralScreen"":""42118336128985105"",""copyCollateralScreen"":""42118336128985105"",""collateralScreenName"":""Collateral Creation Screen"",""collateralCopyFieldSetName"":""LLC_BI__Collateral_Creation_Screen_Configuration"",""collateralCloneFieldSetName"":""LLC_BI__Collateral_Creation_Screen_Configuration"",""addCollateralScreen"":""42118336128985105"",""addChildCollateralScreen"":""42118336128985105""}","","false","","","Standard","","","#ffffff","","false","a0sWE000002lFs5YAE","false","","","","a0sWE000002lFs8YAE","","UCC","","","","42485056466597614","true","All Business Assets",""
"a1lWE000002pnVNYAY","005al00000RVcKvAAL","false","a1lWE000002pnVN","2026-08-11T16:28:39.000Z","005al00000RVvFOAA1","2026-08-14T09:32:29.000Z","005al00000RVvFOAA1","2026-08-14T09:32:29.000Z","","","","1.0","false","","","","","false","","","","","","#ffffff","","false","","false","","","","","","","","","","42499558887916790","true","",""
"a1lWE000002qxfsYAA","005al00000RVcKvAAL","false","Borrowing Base-Less Accounts Payable-2217","2026-08-14T07:02:37.000Z","005al00000RVvFOAA1","2026-08-14T09:32:28.000Z","005al00000RVvFOAA1","2026-08-14T09:32:28.000Z","","","","100.0","false","","2217","{""prodPkgEditScreen"":""42118336128985105"",""ownershipAssignmentFieldSetName"":""LLC_BI__Bulk_Ownership_Assignment"",""editCollateralScreen"":""42118336128985105"",""copyCollateralScreen"":""42118336128985105"",""collateralScreenName"":""Collateral Creation Screen"",""collateralCopyFieldSetName"":""LLC_BI__Collateral_Creation_Screen_Configuration"",""collateralCloneFieldSetName"":""LLC_BI__Collateral_Creation_Screen_Configuration"",""addCollateralScreen"":""42118336128985105"",""addChildCollateralScreen"":""42118336128985105""}","","false","","Manage_Collateral_UCC","","","","#ffffff","","false","a0sWE000002lFs5YAE","false","","","","a0sWE000002lFsBYAU","2020-11-02","Borrowing Base","","","","42560205019274989","true","Less Accounts Payable",""
"a1lWE000002pnVTYAY","005al00000RVcKvAAL","false","a1lWE000002pnVT","2026-08-11T16:28:39.000Z","005al00000RVvFOAA1","2026-08-14T09:32:29.000Z","005al00000RVvFOAA1","2026-08-14T09:32:29.000Z","","","","5.0","false","","","","","false","","","","","","#ffffff","","false","","false","","","","","","","","","","42576298994952808","true","",""
"a1lWE000002qxftYAA","005al00000RVcKvAAL","false","Borrowing Base-Accts Rec Current - 30-2105","2026-08-14T07:02:37.000Z","005al00000RVvFOAA1","2026-08-14T09:32:28.000Z","005al00000RVvFOAA1","2026-08-14T09:32:28.000Z","","","","80.0","false","","2105","{""prodPkgEditScreen"":""42118336128985105"",""ownershipAssignmentFieldSetName"":""LLC_BI__Bulk_Ownership_Assignment"",""editCollateralScreen"":""42118336128985105"",""copyCollateralScreen"":""42118336128985105"",""collateralScreenName"":""Collateral Creation Screen"",""collateralCopyFieldSetName"":""LLC_BI__Collateral_Creation_Screen_Configuration"",""collateralCloneFieldSetName"":""LLC_BI__Collateral_Creation_Screen_Configuration"",""addCollateralScreen"":""42118336128985105"",""addChildCollateralScreen"":""42118336128985105""}","","false","","Manage_Collateral_UCC","","","","#ffffff","","false","a0sWE000002lFs5YAE","false","","","","a0sWE000002lFs8YAE","","Borrowing Base","","","","42587321429845934","true","Accts Rec Current - 30",""
"a1lWE000002qxfuYAA","005al00000RVcKvAAL","false","Borrowing Base-Cattle - Pasture-2203","2026-08-14T07:02:37.000Z","005al00000RVvFOAA1","2026-08-14T09:32:28.000Z","005al00000RVvFOAA1","2026-08-14T09:32:28.000Z","","","","75.0","false","","2203","{""prodPkgEditScreen"":""42118336128985105"",""ownershipAssignmentFieldSetName"":""LLC_BI__Bulk_Ownership_Assignment"",""editCollateralScreen"":""42118336128985105"",""copyCollateralScreen"":""42118336128985105"",""collateralScreenName"":""Collateral Creation Screen"",""collateralCopyFieldSetName"":""LLC_BI__Collateral_Creation_Screen_Configuration"",""collateralCloneFieldSetName"":""LLC_BI__Collateral_Creation_Screen_Configuration"",""addCollateralScreen"":""42118336128985105"",""addChildCollateralScreen"":""42118336128985105""}","","false","","Manage_Collateral_UCC","","","","#ffffff","","false","a0sWE000002lFs5YAE","false","","","","a0sWE000002lFsBYAU","2020-11-02","Borrowing Base","","","","42618130943332051","true","Cattle - Pasture",""
"a1lWE000002qxfvYAA","005al00000RVcKvAAL","false","Farming Accessories-Cultivator-909","2026-08-14T07:02:37.000Z","005al00000RVvFOAA1","2026-08-14T09:32:28.000Z","005al00000RVvFOAA1","2026-08-14T09:32:28.000Z","","","","90.0","false","","909","{""prodPkgEditScreen"":""42118336128985105"",""ownershipAssignmentFieldSetName"":""LLC_BI__Bulk_Ownership_Assignment"",""editCollateralScreen"":""42118336128985105"",""copyCollateralScreen"":""42118336128985105"",""collateralScreenName"":""Collateral Creation Screen"",""collateralCopyFieldSetName"":""LLC_BI__Collateral_Creation_Screen_Configuration"",""collateralCloneFieldSetName"":""LLC_BI__Collateral_Creation_Screen_Configuration"",""addCollateralScreen"":""42118336128985105"",""addChildCollateralScreen"":""42118336128985105""}","","false","","Manage_Collateral_UCC","","","","#ffffff","","false","a0sWE000002lFs5YAE","false","","","","a0sWE000002lFs9YAE","2021-04-30","Farming Accessories","","","","42686671475274409","true","Cultivator",""
"a1lWE000002qxfwYAA","005al00000RVcKvAAL","false","Borrowing Base-Checkbook Balance-2211","2026-08-14T07:02:37.000Z","005al00000RVvFOAA1","2026-08-14T09:32:28.000Z","005al00000RVvFOAA1","2026-08-14T09:32:28.000Z","","","","100.0","false","","2211","{""prodPkgEditScreen"":""42118336128985105"",""ownershipAssignmentFieldSetName"":""LLC_BI__Bulk_Ownership_Assignment"",""editCollateralScreen"":""42118336128985105"",""copyCollateralScreen"":""42118336128985105"",""collateralScreenName"":""Collateral Creation Screen"",""collateralCopyFieldSetName"":""LLC_BI__Collateral_Creation_Screen_Configuration"",""collateralCloneFieldSetName"":""LLC_BI__Collateral_Creation_Screen_Configuration"",""addCollateralScreen"":""42118336128985105"",""addChildCollateralScreen"":""42118336128985105""}","","false","","Manage_Collateral_UCC","","","","#ffffff","","false","a0sWE000002lFs5YAE","false","","","","a0sWE000002lFsBYAU","2020-11-02","Borrowing Base","","","","42747548486697521","true","Checkbook Balance",""
"a1lWE000002qxfxYAA","005al00000RVcKvAAL","false","IT Equipment-Software-914","2026-08-14T07:02:37.000Z","005al00000RVvFOAA1","2026-08-14T09:32:28.000Z","005al00000RVvFOAA1","2026-08-14T09:32:28.000Z","","","","90.0","false","","914","{""prodPkgEditScreen"":""42118336128985105"",""ownershipAssignmentFieldSetName"":""LLC_BI__Bulk_Ownership_Assignment"",""editCollateralScreen"":""42118336128985105"",""copyCollateralScreen"":""42118336128985105"",""collateralScreenName"":""Collateral Creation Screen"",""collateralCopyFieldSetName"":""LLC_BI__Collateral_Creation_Screen_Configuration"",""collateralCloneFieldSetName"":""LLC_BI__Collateral_Creation_Screen_Configuration"",""addCollateralScreen"":""42118336128985105"",""addChildCollateralScreen"":""42118336128985105""}","","false","","Manage_Collateral_UCC","","","","#ffffff","","false","a0sWE000002lFs5YAE","false","","","","a0sWE000002lFs9YAE","2021-04-30","IT Equipment","","","","42772048819795750","true","Software",""
"a1lWE000002qxfyYAA","005al00000RVcKvAAL","false","Heavy Equipment-Compactor-906","2026-08-14T07:02:37.000Z","005al00000RVvFOAA1","2026-08-14T09:32:28.000Z","005al00000RVvFOAA1","2026-08-14T09:32:28.000Z","","","","90.0","false","","906","{""prodPkgEditScreen"":""42118336128985105"",""ownershipAssignmentFieldSetName"":""LLC_BI__Bulk_Ownership_Assignment"",""editCollateralScreen"":""42118336128985105"",""copyCollateralScreen"":""42118336128985105"",""collateralScreenName"":""Collateral Creation Screen"",""collateralCopyFieldSetName"":""LLC_BI__Collateral_Creation_Screen_Configuration"",""collateralCloneFieldSetName"":""LLC_BI__Collateral_Creation_Screen_Configuration"",""addCollateralScreen"":""42118336128985105"",""addChildCollateralScreen"":""42118336128985105""}","","false","","Manage_Collateral_UCC","","","","#ffffff","","false","a0sWE000002lFs5YAE","false","","","","a0sWE000002lFs9YAE","2021-04-30","Heavy Equipment","","","","42785220582035696","true","Compactor",""
"a1lWE000002qxfzYAA","005al00000RVcKvAAL","false","IT Equipment-Desktop-913","2026-08-14T07:02:37.000Z","005al00000RVvFOAA1","2026-08-14T09:32:28.000Z","005al00000RVvFOAA1","2026-08-14T09:32:28.000Z","","","","90.0","false","","913","{""prodPkgEditScreen"":""42118336128985105"",""ownershipAssignmentFieldSetName"":""LLC_BI__Bulk_Ownership_Assignment"",""editCollateralScreen"":""42118336128985105"",""copyCollateralScreen"":""42118336128985105"",""collateralScreenName"":""Collateral Creation Screen"",""collateralCopyFieldSetName"":""LLC_BI__Collateral_Creation_Screen_Configuration"",""collateralCloneFieldSetName"":""LLC_BI__Collateral_Creation_Screen_Configuration"",""addCollateralScreen"":""42118336128985105"",""addChildCollateralScreen"":""42118336128985105""}","","false","","Manage_Collateral_UCC","","","","#ffffff","","false","a0sWE000002lFs5YAE","false","","","","a0sWE000002lFs9YAE","2021-04-30","IT Equipment","","","","42799010612607248","true","Desktop",""
"a1lWE000002qxg0YAA","005al00000RVcKvAAL","false","Borrowing Base-Prepaid Feed / Expenses-2208","2026-08-14T07:02:37.000Z","005al00000RVvFOAA1","2026-08-14T09:32:28.000Z","005al00000RVvFOAA1","2026-08-14T09:32:28.000Z","","","","80.0","false","","2208","{""prodPkgEditScreen"":""42118336128985105"",""ownershipAssignmentFieldSetName"":""LLC_BI__Bulk_Ownership_Assignment"",""editCollateralScreen"":""42118336128985105"",""copyCollateralScreen"":""42118336128985105"",""collateralScreenName"":""Collateral Creation Screen"",""collateralCopyFieldSetName"":""LLC_BI__Collateral_Creation_Screen_Configuration"",""collateralCloneFieldSetName"":""LLC_BI__Collateral_Creation_Screen_Configuration"",""addCollateralScreen"":""42118336128985105"",""addChildCollateralScreen"":""42118336128985105""}","","false","","Manage_Collateral_UCC","","","","#ffffff","","false","a0sWE000002lFs5YAE","false","","","","a0sWE000002lFsBYAU","2020-11-02","Borrowing Base","","","","42827216068147437","true","Prepaid Feed / Expenses",""
"a1lWE000002qxg1YAA","005al00000RVcKvAAL","false","Heavy Equipment-Backhoe-907","2026-08-14T07:02:37.000Z","005al00000RVvFOAA1","2026-08-14T09:32:28.000Z","005al00000RVvFOAA1","2026-08-14T09:32:28.000Z","","","","90.0","false","","907","{""prodPkgEditScreen"":""42118336128985105"",""ownershipAssignmentFieldSetName"":""LLC_BI__Bulk_Ownership_Assignment"",""editCollateralScreen"":""42118336128985105"",""copyCollateralScreen"":""42118336128985105"",""collateralScreenName"":""Collateral Creation Screen"",""collateralCopyFieldSetName"":""LLC_BI__Collateral_Creation_Screen_Configuration"",""collateralCloneFieldSetName"":""LLC_BI__Collateral_Creation_Screen_Configuration"",""addCollateralScreen"":""42118336128985105"",""addChildCollateralScreen"":""42118336128985105""}","","false","","Manage_Collateral_UCC","","","","#ffffff","","false","a0sWE000002lFs5YAE","false","","","","a0sWE000002lFs9YAE","2021-04-30","Heavy Equipment","","","","42829593242709496","true","Backhoe",""
"a1lWE000002qxg2YAA","005al00000RVcKvAAL","false","Borrowing Base-Deferred Cattle Purchase Pmts-2216","2026-08-14T07:02:37.000Z","005al00000RVvFOAA1","2026-08-14T09:32:28.000Z","005al00000RVvFOAA1","2026-08-14T09:32:28.000Z","","","","100.0","false","","2216","{""prodPkgEditScreen"":""42118336128985105"",""ownershipAssignmentFieldSetName"":""LLC_BI__Bulk_Ownership_Assignment"",""editCollateralScreen"":""42118336128985105"",""copyCollateralScreen"":""42118336128985105"",""collateralScreenName"":""Collateral Creation Screen"",""collateralCopyFieldSetName"":""LLC_BI__Collateral_Creation_Screen_Configuration"",""collateralCloneFieldSetName"":""LLC_BI__Collateral_Creation_Screen_Configuration"",""addCollateralScreen"":""42118336128985105"",""addChildCollateralScreen"":""42118336128985105""}","","false","","Manage_Collateral_UCC","","","","#ffffff","","false","a0sWE000002lFs5YAE","false","","","","a0sWE000002lFsBYAU","2020-11-02","Borrowing Base","","","","42866545942412611","true","Deferred Cattle Purchase Pmts",""
"a1lWE000002qxg3YAA","005al00000RVcKvAAL","false","Real Estate-Office-123","2026-08-14T07:02:37.000Z","005al00000RVvFOAA1","2026-08-14T09:32:28.000Z","005al00000RVvFOAA1","2026-08-14T09:32:28.000Z","","","","60.0","false","","123","","","false","","","","","","#ffffff","","false","","false","","","","","","Real Estate","","","","42868584492451466","true","Office",""
"a1lWE000002pnVUYAY","005al00000RVcKvAAL","false","Titled-Motor Vehicle - New","2026-08-11T16:28:39.000Z","005al00000RVvFOAA1","2026-08-14T09:32:29.000Z","005al00000RVvFOAA1","2026-08-14T09:32:29.000Z","","","","100.0","false","","","{/""prodPkgEditScreen/"":/""723454364762362365/"",/""ownershipAssignmentFieldSetName/"":/""LLC_BI__Bulk_Ownership_Assignment/"",/""editCollateralScreen/"":/""42363993400862416/"",/""copyCollateralScreen/"":/""42363993400862416/"",/""collateralScreenName/"":/""Collateral Creation Screen/"",/""collateralCopyFieldSetName/"":/""LLC_BI__Collateral_Creation_Screen_Configuration/"",/""collateralCloneFieldSetName/"":/""LLC_BI__Collateral_Creation_Screen_Configuration/"",/""addCollateralScreen/"":/""42363993400862416/"",/""addChildCollateralScreen/"":/""42363993400862416/""}","","false","","LLC_BI__Manage_Collateral_Titled","","","Ba202E","fff","custom/custom31","false","a0sWD00000XnsduYAB","false","","","","a0sWD00000XoBqtYAF","2023-08-13","Titled","","","","42915217608340711","true","Motor Vehicle - New",""
"a1lWE000002qxg4YAA","005al00000RVcKvAAL","false","Guarantee-Company","2026-08-14T07:02:37.000Z","005al00000RVvFOAA1","2026-08-14T09:32:28.000Z","005al00000RVvFOAA1","2026-08-14T09:32:28.000Z","","","","75.0","false","","","{""prodPkgEditScreen"":""42118336128985105"",""ownershipAssignmentFieldSetName"":""LLC_BI__Bulk_Ownership_Assignment"",""editCollateralScreen"":""42118336128985105"",""copyCollateralScreen"":""42118336128985105"",""collateralScreenName"":""Collateral Creation Screen"",""collateralCopyFieldSetName"":""LLC_BI__Collateral_Creation_Screen_Configuration"",""collateralCloneFieldSetName"":""LLC_BI__Collateral_Creation_Screen_Configuration"",""addCollateralScreen"":""42118336128985105"",""addChildCollateralScreen"":""42118336128985105""}","","false","","","Single Relationship","","","#ffffff","","false","a0sWE000002lFs5YAE","false","","","","a0sWE000002lFs8YAE","","Guarantee","","","","42919199098904509","true","Company",""
"a1lWE000002qxg5YAA","005al00000RVcKvAAL","false","Borrowing Base-Accounts Receivable-2210","2026-08-14T07:02:37.000Z","005al00000RVvFOAA1","2026-08-14T09:32:28.000Z","005al00000RVvFOAA1","2026-08-14T09:32:28.000Z","","","","80.0","false","","2210","{""prodPkgEditScreen"":""42118336128985105"",""ownershipAssignmentFieldSetName"":""LLC_BI__Bulk_Ownership_Assignment"",""editCollateralScreen"":""42118336128985105"",""copyCollateralScreen"":""42118336128985105"",""collateralScreenName"":""Collateral Creation Screen"",""collateralCopyFieldSetName"":""LLC_BI__Collateral_Creation_Screen_Configuration"",""collateralCloneFieldSetName"":""LLC_BI__Collateral_Creation_Screen_Configuration"",""addCollateralScreen"":""42118336128985105"",""addChildCollateralScreen"":""42118336128985105""}","","false","","Manage_Collateral_UCC","","","","#ffffff","","false","a0sWE000002lFs5YAE","false","","","","a0sWE000002lFsBYAU","2020-11-02","Borrowing Base","","","","42941527180171563","true","Accounts Receivable",""
"a1lWE000002qxg6YAA","005al00000RVcKvAAL","false","Farming Accessories-Tractor-908","2026-08-14T07:02:37.000Z","005al00000RVvFOAA1","2026-08-14T09:32:28.000Z","005al00000RVvFOAA1","2026-08-14T09:32:28.000Z","","","","90.0","false","","908","{""prodPkgEditScreen"":""42118336128985105"",""ownershipAssignmentFieldSetName"":""LLC_BI__Bulk_Ownership_Assignment"",""editCollateralScreen"":""42118336128985105"",""copyCollateralScreen"":""42118336128985105"",""collateralScreenName"":""Collateral Creation Screen"",""collateralCopyFieldSetName"":""LLC_BI__Collateral_Creation_Screen_Configuration"",""collateralCloneFieldSetName"":""LLC_BI__Collateral_Creation_Screen_Configuration"",""addCollateralScreen"":""42118336128985105"",""addChildCollateralScreen"":""42118336128985105""}","","false","","Manage_Collateral_UCC","","","","#ffffff","","false","a0sWE000002lFs5YAE","false","","","","a0sWE000002lFs9YAE","2021-04-30","Farming Accessories","","","","42948777802817138","true","Tractor",""
"a1lWE000002qxg7YAA","005al00000RVcKvAAL","false","Heavy Equipment-Dozer-915","2026-08-14T07:02:37.000Z","005al00000RVvFOAA1","2026-08-14T09:32:28.000Z","005al00000RVvFOAA1","2026-08-14T09:32:28.000Z","","","","90.0","false","","915","{""prodPkgEditScreen"":""42118336128985105"",""ownershipAssignmentFieldSetName"":""LLC_BI__Bulk_Ownership_Assignment"",""editCollateralScreen"":""42118336128985105"",""copyCollateralScreen"":""42118336128985105"",""collateralScreenName"":""Collateral Creation Screen"",""collateralCopyFieldSetName"":""LLC_BI__Collateral_Creation_Screen_Configuration"",""collateralCloneFieldSetName"":""LLC_BI__Collateral_Creation_Screen_Configuration"",""addCollateralScreen"":""42118336128985105"",""addChildCollateralScreen"":""42118336128985105""}","","false","","Manage_Collateral_UCC","","","","#ffffff","","false","a0sWE000002lFs5YAE","false","","","","a0sWE000002lFs9YAE","2021-04-30","Heavy Equipment","","","","42974082478198191","true","Dozer",""
"a1lWE000002qxg8YAA","005al00000RVcKvAAL","false","Borrowing Base-Feed Grain & Misc Inventory-2207","2026-08-14T07:02:37.000Z","005al00000RVvFOAA1","2026-08-14T09:32:28.000Z","005al00000RVvFOAA1","2026-08-14T09:32:28.000Z","","","","75.0","false","","2207","{""prodPkgEditScreen"":""42118336128985105"",""ownershipAssignmentFieldSetName"":""LLC_BI__Bulk_Ownership_Assignment"",""editCollateralScreen"":""42118336128985105"",""copyCollateralScreen"":""42118336128985105"",""collateralScreenName"":""Collateral Creation Screen"",""collateralCopyFieldSetName"":""LLC_BI__Collateral_Creation_Screen_Configuration"",""collateralCloneFieldSetName"":""LLC_BI__Collateral_Creation_Screen_Configuration"",""addCollateralScreen"":""42118336128985105"",""addChildCollateralScreen"":""42118336128985105""}","","false","","Manage_Collateral_UCC","","","","#ffffff","","false","a0sWE000002lFs5YAE","false","","","","a0sWE000002lFsBYAU","2020-11-03","Borrowing Base","","","","42985565642991776","true","Feed Grain & Misc Inventory",""
"a1lWE000002qxg9YAA","005al00000RVcKvAAL","false","Borrowing Base-Growing Crop Input Costs-2212","2026-08-14T07:02:37.000Z","005al00000RVvFOAA1","2026-08-14T09:32:28.000Z","005al00000RVvFOAA1","2026-08-14T09:32:28.000Z","","","","100.0","false","","2212","{""prodPkgEditScreen"":""42118336128985105"",""ownershipAssignmentFieldSetName"":""LLC_BI__Bulk_Ownership_Assignment"",""editCollateralScreen"":""42118336128985105"",""copyCollateralScreen"":""42118336128985105"",""collateralScreenName"":""Collateral Creation Screen"",""collateralCopyFieldSetName"":""LLC_BI__Collateral_Creation_Screen_Configuration"",""collateralCloneFieldSetName"":""LLC_BI__Collateral_Creation_Screen_Configuration"",""addCollateralScreen"":""42118336128985105"",""addChildCollateralScreen"":""42118336128985105""}","","false","","","","","","#ffffff","","false","a0sWE000002lFs5YAE","false","","","","a0sWE000002lFsBYAU","2020-11-02","Borrowing Base","","","","42986109162798229","true","Growing Crop Input Costs",""
"a1lWD0000017KcsYAE","005al00000Q6IbCAAV","false","UCC-Furniture-Fixt-Equip","2026-04-07T19:06:18.000Z","005al00000RVcKvAAL","2026-08-14T09:32:28.000Z","005al00000RVvFOAA1","2026-08-14T09:32:28.000Z","","","","80.0","true","","","{""prodPkgEditScreen"":""42966783217336788"",""ownershipAssignmentFieldSetName"":""LLC_BI__Bulk_Ownership_Assignment"",""editCollateralScreen"":""42966783217336788"",""copyCollateralScreen"":""42966783217336788"",""collateralScreenName"":""Collateral Creation Screen"",""collateralCopyFieldSetName"":""LLC_BI__Collateral_Creation_Screen_Configuration"",""collateralCloneFieldSetName"":""LLC_BI__Collateral_Creation_Screen_Configuration"",""addCollateralScreen"":""42966783217336788"",""addChildCollateralScreen"":""42363993400862416""}","","false","","","","","F1B643","fff","custom/custom18","false","a0sWD00000XnsduYAB","false","","Internal Valuation;Invoice / Bill of Sale;Third Party Source","","a0sWD00000Xnse6YAB","2023-03-19","UCC","","","","4a14be65-5622-5104-aa1a-c67f9021e652","true","Furniture-Fixt-Equip",""
"a1lWD0000017KctYAE","005al00000Q6IbCAAV","false","UCC-Farm Equipment","2026-04-07T19:06:18.000Z","005al00000RVcKvAAL","2026-08-14T09:32:28.000Z","005al00000RVvFOAA1","2026-08-14T09:32:28.000Z","","","","80.0","true","","","{""prodPkgEditScreen"":""42966783217336788"",""ownershipAssignmentFieldSetName"":""LLC_BI__Bulk_Ownership_Assignment"",""editCollateralScreen"":""42966783217336788"",""copyCollateralScreen"":""42966783217336788"",""collateralScreenName"":""Collateral Creation Screen"",""collateralCopyFieldSetName"":""LLC_BI__Collateral_Creation_Screen_Configuration"",""collateralCloneFieldSetName"":""LLC_BI__Collateral_Creation_Screen_Configuration"",""addCollateralScreen"":""42966783217336788"",""addChildCollateralScreen"":""42363993400862416""}","","false","","","","","F1B643","fff","custom/custom18","false","a0sWD00000XnsduYAB","false","","Internal Valuation;Invoice / Bill of Sale;Third Party Source","","a0sWD00000Xnse6YAB","2023-03-19","UCC","","","","54c615ff-5d8f-5fba-8ef3-2904f69ab3c9","true","Farm Equipment",""
"a1lWD0000017KcuYAE","005al00000Q6IbCAAV","false","Possessory-Life Insurance","2026-04-07T19:06:18.000Z","005al00000RVcKvAAL","2026-08-14T09:32:28.000Z","005al00000RVvFOAA1","2026-08-14T09:32:28.000Z","","","","80.0","true","","","{""prodPkgEditScreen"":""42401059851966033"",""ownershipAssignmentFieldSetName"":""LLC_BI__Bulk_Ownership_Assignment"",""editCollateralScreen"":""42401059851966033"",""copyCollateralScreen"":""42401059851966033"",""collateralScreenName"":""Collateral Creation Screen"",""collateralCopyFieldSetName"":""LLC_BI__Collateral_Creation_Screen_Configuration"",""collateralCloneFieldSetName"":""LLC_BI__Collateral_Creation_Screen_Configuration"",""addCollateralScreen"":""42401059851966033"",""addChildCollateralScreen"":""42363993400862416""}","","false","","","","","85BE40","fff","custom/custom17","false","a0sWD00000XnsduYAB","false","","Account Balance / Statement;Insurance Agent","","a0sWD00000XnseEYAR","2023-03-19","Possessory","","","","56daed4f-7e8b-594f-97b2-0f9799ac8877","true","Life Insurance",""
"a1lWD0000017KcvYAE","005al00000Q6IbCAAV","false","UCC-Intellectual Property Rights","2026-04-07T19:06:18.000Z","005al00000RVcKvAAL","2026-08-14T09:32:28.000Z","005al00000RVvFOAA1","2026-08-14T09:32:28.000Z","","","","80.0","true","","","{""prodPkgEditScreen"":""42966783217336788"",""ownershipAssignmentFieldSetName"":""LLC_BI__Bulk_Ownership_Assignment"",""editCollateralScreen"":""42966783217336788"",""copyCollateralScreen"":""42966783217336788"",""collateralScreenName"":""Collateral Creation Screen"",""collateralCopyFieldSetName"":""LLC_BI__Collateral_Creation_Screen_Configuration"",""collateralCloneFieldSetName"":""LLC_BI__Collateral_Creation_Screen_Configuration"",""addCollateralScreen"":""42966783217336788"",""addChildCollateralScreen"":""42363993400862416""}","","false","","","","","F1B643","fff","custom/custom18","false","a0sWD00000XnsduYAB","false","","Internal Valuation;Invoice / Bill of Sale;Third Party Source","","a0sWD00000Xnse6YAB","2023-03-19","UCC","","","","5adf5439-2e42-540e-8585-be81eb47d3ba","true","Intellectual Property Rights",""
"a1lWD0000017KcwYAE","005al00000Q6IbCAAV","false","Titled-Other Titled","2026-04-07T19:06:18.000Z","005al00000RVcKvAAL","2026-08-14T09:32:28.000Z","005al00000RVvFOAA1","2026-08-14T09:32:28.000Z","","","","80.0","true","","","{""prodPkgEditScreen"":""42229309426024690"",""ownershipAssignmentFieldSetName"":""LLC_BI__Bulk_Ownership_Assignment"",""editCollateralScreen"":""42229309426024690"",""copyCollateralScreen"":""42229309426024690"",""collateralScreenName"":""Collateral Creation Screen"",""collateralCopyFieldSetName"":""LLC_BI__Collateral_Creation_Screen_Configuration"",""collateralCloneFieldSetName"":""LLC_BI__Collateral_Creation_Screen_Configuration"",""addCollateralScreen"":""42229309426024690"",""addChildCollateralScreen"":""42363993400862416""}","","false","","LLC_BI__Manage_Collateral_Titled","","","Ba202E","fff","custom/custom31","false","a0sWD00000XnsduYAB","false","","Internal Valuation;Invoice / Bill of Sale;Third Party Source","","a0sWD00000XnseAYAR","2023-03-19","Titled","","","","5ebcf7fc-4043-54b7-95fa-329486c536a3","true","Other Titled",""
"a1lWD0000017KcxYAE","005al00000Q6IbCAAV","false","Real Estate-Farm Land","2026-04-07T19:06:18.000Z","005al00000RVcKvAAL","2026-08-14T09:32:28.000Z","005al00000RVvFOAA1","2026-08-14T09:32:28.000Z","","","","80.0","true","","","{""prodPkgEditScreen"":""42875581032868363"",""ownershipAssignmentFieldSetName"":""LLC_BI__Bulk_Ownership_Assignment"",""editCollateralScreen"":""42875581032868363"",""copyCollateralScreen"":""42875581032868363"",""collateralScreenName"":""Collateral Creation Screen"",""collateralCopyFieldSetName"":""LLC_BI__Collateral_Creation_Screen_Configuration"",""collateralCloneFieldSetName"":""LLC_BI__Collateral_Creation_Screen_Configuration"",""addCollateralScreen"":""42875581032868363"",""addChildCollateralScreen"":""42363993400862416""}","","false","","","","","670B7B","fff","custom/custom24","false","a0sWD00000XnsduYAB","false","","Appraisal;Internal Valuation;Third Party Source","","a0sWD00000Xnse0YAB","2023-03-19","Real Estate","","","","617ba2f5-08ab-50d5-9bf6-875cea1c5934","true","Farm Land",""
"a1lWD0000017KcyYAE","005al00000Q6IbCAAV","false","Real Estate-1-4 Family","2026-04-07T19:06:18.000Z","005al00000RVcKvAAL","2026-08-14T09:32:28.000Z","005al00000RVvFOAA1","2026-08-14T09:32:28.000Z","","","","80.0","true","","","{""prodPkgEditScreen"":""42875581032868363"",""ownershipAssignmentFieldSetName"":""LLC_BI__Bulk_Ownership_Assignment"",""editCollateralScreen"":""42875581032868363"",""copyCollateralScreen"":""42875581032868363"",""collateralScreenName"":""Collateral Creation Screen"",""collateralCopyFieldSetName"":""LLC_BI__Collateral_Creation_Screen_Configuration"",""collateralCloneFieldSetName"":""LLC_BI__Collateral_Creation_Screen_Configuration"",""addCollateralScreen"":""42875581032868363"",""addChildCollateralScreen"":""42363993400862416""}","","false","","","","","670B7B","fff","custom/custom24","false","a0sWD00000XnsduYAB","false","","Appraisal;Internal Valuation;Third Party Source","","a0sWD00000Xnse0YAB","2023-03-19","Real Estate","","","","6772d328-ac17-5fa3-bdeb-055b1a55296a","true","1-4 Family",""
"a1lWD0000017KczYAE","005al00000Q6IbCAAV","false","Other-Government Guarantees","2026-04-07T19:06:18.000Z","005al00000RVcKvAAL","2026-08-14T09:32:28.000Z","005al00000RVvFOAA1","2026-08-14T09:32:28.000Z","","","","80.0","true","","","{""prodPkgEditScreen"":""42385715917275967"",""ownershipAssignmentFieldSetName"":""LLC_BI__Bulk_Ownership_Assignment"",""editCollateralScreen"":""42385715917275967"",""copyCollateralScreen"":""42385715917275967"",""collateralScreenName"":""Collateral Creation Screen"",""collateralCopyFieldSetName"":""LLC_BI__Collateral_Creation_Screen_Configuration"",""collateralCloneFieldSetName"":""LLC_BI__Collateral_Creation_Screen_Configuration"",""addCollateralScreen"":""42385715917275967"",""addChildCollateralScreen"":""42363993400862416""}","","false","","","","","#62b7ed","#ffffff","standard/work_order","false","a0sWD00000XnsduYAB","false","","Internal Valuation;Third Party Source","","a0sWD00000XnsdrYAB","2023-03-19","Other","","","","688abb9e-7bbf-5d24-9fab-b35774eae7f8","true","Government Guarantees",""
"a1lWD0000017Kd0YAE","005al00000Q6IbCAAV","false","Other-Government Contracts","2026-04-07T19:06:18.000Z","005al00000RVcKvAAL","2026-08-14T09:32:28.000Z","005al00000RVvFOAA1","2026-08-14T09:32:28.000Z","","","","80.0","true","","","{""prodPkgEditScreen"":""42385715917275967"",""ownershipAssignmentFieldSetName"":""LLC_BI__Bulk_Ownership_Assignment"",""editCollateralScreen"":""42385715917275967"",""copyCollateralScreen"":""42385715917275967"",""collateralScreenName"":""Collateral Creation Screen"",""collateralCopyFieldSetName"":""LLC_BI__Collateral_Creation_Screen_Configuration"",""collateralCloneFieldSetName"":""LLC_BI__Collateral_Creation_Screen_Configuration"",""addCollateralScreen"":""42385715917275967"",""addChildCollateralScreen"":""42363993400862416""}","","false","","","","","#62b7ed","#ffffff","standard/work_order","false","a0sWD00000XnsduYAB","false","","Financial Statement;Internal Valuation;Third Party Source","","a0sWD00000XnsdrYAB","2023-03-19","Other","","","","69459e88-920b-5e56-ab4a-29376951235f","true","Government Contracts",""
"a1lWD0000017Kd1YAE","005al00000Q6IbCAAV","false","Possessory-Revocable Letter of Credit","2026-04-07T19:06:18.000Z","005al00000RVcKvAAL","2026-08-14T09:32:28.000Z","005al00000RVvFOAA1","2026-08-14T09:32:28.000Z","","","","80.0","true","","","{""prodPkgEditScreen"":""42576262737384334"",""ownershipAssignmentFieldSetName"":""LLC_BI__Bulk_Ownership_Assignment"",""editCollateralScreen"":""42576262737384334"",""copyCollateralScreen"":""42576262737384334"",""collateralScreenName"":""Collateral Creation Screen"",""collateralCopyFieldSetName"":""LLC_BI__Collateral_Creation_Screen_Configuration"",""collateralCloneFieldSetName"":""LLC_BI__Collateral_Creation_Screen_Configuration"",""addCollateralScreen"":""42576262737384334"",""addChildCollateralScreen"":""42363993400862416""}","","false","","","","","85BE40","fff","custom/custom17","false","a0sWD00000XnsduYAB","false","","Account Balance / Statement;Third Party Source","","a0sWD00000Xnse1YAB","2023-03-19","Possessory","","","","6a3ef385-c596-57f9-88b4-ada41b13ff14","true","Revocable Letter of Credit",""
"a1lWD0000017Kd2YAE","005al00000Q6IbCAAV","false","Titled-Heavy Equipment","2026-04-07T19:06:18.000Z","005al00000RVcKvAAL","2026-08-14T09:32:28.000Z","005al00000RVvFOAA1","2026-08-14T09:32:28.000Z","","","","80.0","true","","","{""prodPkgEditScreen"":""42229309426024690"",""ownershipAssignmentFieldSetName"":""LLC_BI__Bulk_Ownership_Assignment"",""editCollateralScreen"":""42229309426024690"",""copyCollateralScreen"":""42229309426024690"",""collateralScreenName"":""Collateral Creation Screen"",""collateralCopyFieldSetName"":""LLC_BI__Collateral_Creation_Screen_Configuration"",""collateralCloneFieldSetName"":""LLC_BI__Collateral_Creation_Screen_Configuration"",""addCollateralScreen"":""42229309426024690"",""addChildCollateralScreen"":""42363993400862416""}","","false","","LLC_BI__Manage_Collateral_Titled","","","Ba202E","fff","custom/custom31","false","a0sWD00000XnsduYAB","false","","Internal Valuation;Invoice / Bill of Sale;Third Party Source","","a0sWD00000XnseAYAR","2023-03-19","Titled","","","","6f262837-3347-5989-bcc9-162eda1b606a","true","Heavy Equipment",""
"a1lWD0000017Kd3YAE","005al00000Q6IbCAAV","false","Possessory-Term Life","2026-04-07T19:06:18.000Z","005al00000RVcKvAAL","2026-08-14T09:32:28.000Z","005al00000RVvFOAA1","2026-08-14T09:32:28.000Z","","","","80.0","true","","","{""prodPkgEditScreen"":""42902788784356696"",""ownershipAssignmentFieldSetName"":""LLC_BI__Bulk_Ownership_Assignment"",""editCollateralScreen"":""42902788784356696"",""copyCollateralScreen"":""42902788784356696"",""collateralScreenName"":""Collateral Creation Screen"",""collateralCopyFieldSetName"":""LLC_BI__Collateral_Creation_Screen_Configuration"",""collateralCloneFieldSetName"":""LLC_BI__Collateral_Creation_Screen_Configuration"",""addCollateralScreen"":""42902788784356696"",""addChildCollateralScreen"":""42363993400862416""}","","false","","","","","85BE40","fff","custom/custom17","false","a0sWD00000XnsduYAB","false","","Account Balance / Statement;Insurance Agent","","a0sWD00000Xnse5YAB","2023-03-19","Possessory","","","","705dd9da-1e9e-55ae-beec-8611b74285c0","true","Term Life",""
"a1lWD0000017Kd4YAE","005al00000Q6IbCAAV","false","Possessory-Stocks","2026-04-07T19:06:18.000Z","005al00000RVcKvAAL","2026-08-14T09:32:28.000Z","005al00000RVvFOAA1","2026-08-14T09:32:28.000Z","","","","80.0","true","","","{""prodPkgEditScreen"":""42463981752592188"",""ownershipAssignmentFieldSetName"":""LLC_BI__Bulk_Ownership_Assignment"",""editCollateralScreen"":""42463981752592188"",""copyCollateralScreen"":""42463981752592188"",""collateralScreenName"":""Collateral Creation Screen"",""collateralCopyFieldSetName"":""LLC_BI__Collateral_Creation_Screen_Configuration"",""collateralCloneFieldSetName"":""LLC_BI__Collateral_Creation_Screen_Configuration"",""addCollateralScreen"":""42463981752592188"",""addChildCollateralScreen"":""42363993400862416""}","","false","","","","","85BE40","fff","custom/custom17","false","a0sWD00000XnsduYAB","false","","Account Balance / Statement;Third Party Source","","a0sWD00000Xnse3YAB","2023-03-19","Possessory","","","","70f65551-d6bb-5621-9f67-07bfa5251e85","true","Stocks",""
"a1lWD0000017Kd5YAE","005al00000Q6IbCAAV","false","Titled-Trailer","2026-04-07T19:06:18.000Z","005al00000RVcKvAAL","2026-08-14T09:32:28.000Z","005al00000RVvFOAA1","2026-08-14T09:32:28.000Z","","","","80.0","true","","","{""prodPkgEditScreen"":""42860084203432194"",""ownershipAssignmentFieldSetName"":""LLC_BI__Bulk_Ownership_Assignment"",""editCollateralScreen"":""42860084203432194"",""copyCollateralScreen"":""42860084203432194"",""collateralScreenName"":""Collateral Creation Screen"",""collateralCopyFieldSetName"":""LLC_BI__Collateral_Creation_Screen_Configuration"",""collateralCloneFieldSetName"":""LLC_BI__Collateral_Creation_Screen_Configuration"",""addCollateralScreen"":""42860084203432194"",""addChildCollateralScreen"":""42363993400862416""}","","false","","LLC_BI__Manage_Collateral_Titled","","","Ba202E","fff","custom/custom31","false","a0sWD00000XnsduYAB","false","","Internal Valuation;Invoice / Bill of Sale;Third Party Source","","a0sWD00000XnsdxYAB","2023-03-19","Titled","","","","71306d54-7249-5103-857f-3e662967e0c5","true","Trailer",""
"a1lWD0000017Kd6YAE","005al00000Q6IbCAAV","false","UCC-Inventory","2026-04-07T19:06:18.000Z","005al00000RVcKvAAL","2026-08-14T09:32:28.000Z","005al00000RVvFOAA1","2026-08-14T09:32:28.000Z","","","","80.0","true","","","{""prodPkgEditScreen"":""42966783217336788"",""ownershipAssignmentFieldSetName"":""LLC_BI__Bulk_Ownership_Assignment"",""editCollateralScreen"":""42966783217336788"",""copyCollateralScreen"":""42966783217336788"",""collateralScreenName"":""Collateral Creation Screen"",""collateralCopyFieldSetName"":""LLC_BI__Collateral_Creation_Screen_Configuration"",""collateralCloneFieldSetName"":""LLC_BI__Collateral_Creation_Screen_Configuration"",""addCollateralScreen"":""42966783217336788"",""addChildCollateralScreen"":""42363993400862416""}","","false","","","","","F1B643","fff","custom/custom18","false","a0sWD00000XnsduYAB","false","","Internal Valuation;Inventory Report;Invoice / Bill of Sale;Third Party Source","","a0sWD00000Xnse6YAB","2023-03-19","UCC","","","","7b66ac82-ca76-5f28-9eca-ea660c2d8e51","true","Inventory",""
"a1lWD0000017Kd7YAE","005al00000Q6IbCAAV","false","Possessory-Other Possessory","2026-04-07T19:06:18.000Z","005al00000RVcKvAAL","2026-08-14T09:32:28.000Z","005al00000RVvFOAA1","2026-08-14T09:32:28.000Z","","","","80.0","true","","","{""prodPkgEditScreen"":""42868736103271902"",""ownershipAssignmentFieldSetName"":""LLC_BI__Bulk_Ownership_Assignment"",""editCollateralScreen"":""42868736103271902"",""copyCollateralScreen"":""42868736103271902"",""collateralScreenName"":""Collateral Creation Screen"",""collateralCopyFieldSetName"":""LLC_BI__Collateral_Creation_Screen_Configuration"",""collateralCloneFieldSetName"":""LLC_BI__Collateral_Creation_Screen_Configuration"",""addCollateralScreen"":""42868736103271902"",""addChildCollateralScreen"":""42363993400862416""}","","false","","","","","85BE40","fff","custom/custom17","false","a0sWD00000XnsduYAB","false","","Internal Valuation;Invoice / Bill of Sale","","a0sWD00000XnseCYAR","2023-03-19","Possessory","","","","833d371d-ed58-5106-9aba-f59fff6b09ca","true","Other Possessory",""
"a1lWD0000017Kd8YAE","005al00000Q6IbCAAV","false","Real Estate-Healthcare Properties","2026-04-07T19:06:18.000Z","005al00000RVcKvAAL","2026-08-14T09:32:28.000Z","005al00000RVvFOAA1","2026-08-14T09:32:28.000Z","","","","80.0","true","","","{""prodPkgEditScreen"":""42875581032868363"",""ownershipAssignmentFieldSetName"":""LLC_BI__Bulk_Ownership_Assignment"",""editCollateralScreen"":""42875581032868363"",""copyCollateralScreen"":""42875581032868363"",""collateralScreenName"":""Collateral Creation Screen"",""collateralCopyFieldSetName"":""LLC_BI__Collateral_Creation_Screen_Configuration"",""collateralCloneFieldSetName"":""LLC_BI__Collateral_Creation_Screen_Configuration"",""addCollateralScreen"":""42875581032868363"",""addChildCollateralScreen"":""42363993400862416""}","","false","","","","","670B7B","fff","custom/custom24","false","a0sWD00000XnsduYAB","false","","Appraisal;Internal Valuation;Third Party Source","","a0sWD00000Xnse0YAB","2023-03-19","Real Estate","","","","86660533-db69-50bf-8dad-ba292990818b","true","Healthcare Properties",""
"a1lWD0000017Kd9YAE","005al00000Q6IbCAAV","false","Real Estate-Mixed Use","2026-04-07T19:06:18.000Z","005al00000RVcKvAAL","2026-08-14T09:32:28.000Z","005al00000RVvFOAA1","2026-08-14T09:32:28.000Z","","","","80.0","true","","","{""prodPkgEditScreen"":""42875581032868363"",""ownershipAssignmentFieldSetName"":""LLC_BI__Bulk_Ownership_Assignment"",""editCollateralScreen"":""42875581032868363"",""copyCollateralScreen"":""42875581032868363"",""collateralScreenName"":""Collateral Creation Screen"",""collateralCopyFieldSetName"":""LLC_BI__Collateral_Creation_Screen_Configuration"",""collateralCloneFieldSetName"":""LLC_BI__Collateral_Creation_Screen_Configuration"",""addCollateralScreen"":""42875581032868363"",""addChildCollateralScreen"":""42363993400862416""}","","false","","","","","670B7B","fff","custom/custom24","false","a0sWD00000XnsduYAB","false","","Appraisal;Internal Valuation;Third Party Source","","a0sWD00000Xnse0YAB","2023-03-19","Real Estate","","","","8b932f64-9888-5aee-aca3-3a4ea01446cb","true","Mixed Use",""
"a1lWE000002qxgAYAQ","005al00000RVcKvAAL","false","Borrowing Base-Deferred Feed Payments-2215","2026-08-14T07:02:37.000Z","005al00000RVvFOAA1","2026-08-14T09:32:28.000Z","005al00000RVvFOAA1","2026-08-14T09:32:28.000Z","","","","100.0","false","","2215","{""prodPkgEditScreen"":""42118336128985105"",""ownershipAssignmentFieldSetName"":""LLC_BI__Bulk_Ownership_Assignment"",""editCollateralScreen"":""42118336128985105"",""copyCollateralScreen"":""42118336128985105"",""collateralScreenName"":""Collateral Creation Screen"",""collateralCopyFieldSetName"":""LLC_BI__Collateral_Creation_Screen_Configuration"",""collateralCloneFieldSetName"":""LLC_BI__Collateral_Creation_Screen_Configuration"",""addCollateralScreen"":""42118336128985105"",""addChildCollateralScreen"":""42118336128985105""}","","false","","Manage_Collateral_UCC","","","","#ffffff","","false","a0sWE000002lFs5YAE","false","","","","a0sWE000002lFsBYAU","2020-11-02","Borrowing Base","","","","9.075255518664616","true","Deferred Feed Payments",""
"a1lWD0000017KdAYAU","005al00000Q6IbCAAV","false","Real Estate-Retail","2026-04-07T19:06:18.000Z","005al00000RVcKvAAL","2026-08-14T09:32:28.000Z","005al00000RVvFOAA1","2026-08-14T09:32:28.000Z","","","","80.0","true","","","{""prodPkgEditScreen"":""42875581032868363"",""ownershipAssignmentFieldSetName"":""LLC_BI__Bulk_Ownership_Assignment"",""editCollateralScreen"":""42875581032868363"",""copyCollateralScreen"":""42875581032868363"",""collateralScreenName"":""Collateral Creation Screen"",""collateralCopyFieldSetName"":""LLC_BI__Collateral_Creation_Screen_Configuration"",""collateralCloneFieldSetName"":""LLC_BI__Collateral_Creation_Screen_Configuration"",""addCollateralScreen"":""42875581032868363"",""addChildCollateralScreen"":""42363993400862416""}","","false","","","","","670B7B","fff","custom/custom24","false","a0sWD00000XnsduYAB","false","","Appraisal;Internal Valuation;Third Party Source","","a0sWD00000Xnse0YAB","2023-03-19","Real Estate","","","","91d713e8-38a3-5c1c-be63-30f79c5e4ee1","true","Retail",""
"a1lWD0000017KdBYAU","005al00000Q6IbCAAV","false","Possessory-Note-Instrument","2026-04-07T19:06:18.000Z","005al00000RVcKvAAL","2026-08-14T09:32:28.000Z","005al00000RVvFOAA1","2026-08-14T09:32:28.000Z","","","","80.0","true","","","{""prodPkgEditScreen"":""42012862423685131"",""ownershipAssignmentFieldSetName"":""LLC_BI__Bulk_Ownership_Assignment"",""editCollateralScreen"":""42012862423685131"",""copyCollateralScreen"":""42012862423685131"",""collateralScreenName"":""Collateral Creation Screen"",""collateralCopyFieldSetName"":""LLC_BI__Collateral_Creation_Screen_Configuration"",""collateralCloneFieldSetName"":""LLC_BI__Collateral_Creation_Screen_Configuration"",""addCollateralScreen"":""42012862423685131"",""addChildCollateralScreen"":""42363993400862416""}","","false","","","","","85BE40","fff","custom/custom17","false","a0sWD00000XnsduYAB","false","","Internal Valuation;Invoice / Bill of Sale;Third Party Source","","a0sWD00000XnsdzYAB","2023-03-19","Possessory","","","","956da705-72e5-543b-9201-42060d9383df","true","Note-Instrument",""
"a1lWD0000017KdCYAU","005al00000Q6IbCAAV","false","UCC-Oil and Gas","2026-04-07T19:06:18.000Z","005al00000RVcKvAAL","2026-08-14T09:32:28.000Z","005al00000RVvFOAA1","2026-08-14T09:32:28.000Z","","","","80.0","true","","","{""prodPkgEditScreen"":""42966783217336788"",""ownershipAssignmentFieldSetName"":""LLC_BI__Bulk_Ownership_Assignment"",""editCollateralScreen"":""42966783217336788"",""copyCollateralScreen"":""42966783217336788"",""collateralScreenName"":""Collateral Creation Screen"",""collateralCopyFieldSetName"":""LLC_BI__Collateral_Creation_Screen_Configuration"",""collateralCloneFieldSetName"":""LLC_BI__Collateral_Creation_Screen_Configuration"",""addCollateralScreen"":""42966783217336788"",""addChildCollateralScreen"":""42363993400862416""}","","false","","","","","F1B643","fff","custom/custom18","false","a0sWD00000XnsduYAB","false","","Internal Valuation;Invoice / Bill of Sale;Third Party Source","","a0sWD00000Xnse6YAB","2023-03-19","UCC","","","","96ad21bd-3fe1-5bdd-9752-af206f86d01c","true","Oil and Gas",""
"a1lWE000002qxgBYAQ","005al00000RVcKvAAL","false","Borrowing Base-Work In Process-2124","2026-08-14T07:02:37.000Z","005al00000RVvFOAA1","2026-08-14T09:32:28.000Z","005al00000RVvFOAA1","2026-08-14T09:32:28.000Z","","","","50.0","false","","2124","{""prodPkgEditScreen"":""42118336128985105"",""ownershipAssignmentFieldSetName"":""LLC_BI__Bulk_Ownership_Assignment"",""editCollateralScreen"":""42118336128985105"",""copyCollateralScreen"":""42118336128985105"",""collateralScreenName"":""Collateral Creation Screen"",""collateralCopyFieldSetName"":""LLC_BI__Collateral_Creation_Screen_Configuration"",""collateralCloneFieldSetName"":""LLC_BI__Collateral_Creation_Screen_Configuration"",""addCollateralScreen"":""42118336128985105"",""addChildCollateralScreen"":""42118336128985105""}","","false","","Manage_Collateral_UCC","","","0092C7","fff","custom/custom32","false","a0sWE000002lFs5YAE","false","","","","a0sWE000002lFs8YAE","","Borrowing Base","","","","a1Lam000009UpzCEAS","true","Work In Process",""
"a1lWE000002qxgCYAQ","005al00000RVcKvAAL","false","Borrowing Base-Raw Materials-2122","2026-08-14T07:02:37.000Z","005al00000RVvFOAA1","2026-08-14T09:32:28.000Z","005al00000RVvFOAA1","2026-08-14T09:32:28.000Z","","","","40.0","false","","2122","{""prodPkgEditScreen"":""42118336128985105"",""ownershipAssignmentFieldSetName"":""LLC_BI__Bulk_Ownership_Assignment"",""editCollateralScreen"":""42118336128985105"",""copyCollateralScreen"":""42118336128985105"",""collateralScreenName"":""Collateral Creation Screen"",""collateralCopyFieldSetName"":""LLC_BI__Collateral_Creation_Screen_Configuration"",""collateralCloneFieldSetName"":""LLC_BI__Collateral_Creation_Screen_Configuration"",""addCollateralScreen"":""42118336128985105"",""addChildCollateralScreen"":""42118336128985105""}","","false","","Manage_Collateral_UCC","","","0092C7","fff","custom/custom32","false","a0sWE000002lFs5YAE","false","","","","a0sWE000002lFs8YAE","","Borrowing Base","","","","a1Lam000009UpzDEAS","true","Raw Materials",""
"a1lWE000002qxgDYAQ","005al00000RVcKvAAL","false","Borrowing Base-Finished Goods-2126","2026-08-14T07:02:37.000Z","005al00000RVvFOAA1","2026-08-14T09:32:28.000Z","005al00000RVvFOAA1","2026-08-14T09:32:28.000Z","","","","70.0","false","","2126","{""prodPkgEditScreen"":""42118336128985105"",""ownershipAssignmentFieldSetName"":""LLC_BI__Bulk_Ownership_Assignment"",""editCollateralScreen"":""42118336128985105"",""copyCollateralScreen"":""42118336128985105"",""collateralScreenName"":""Collateral Creation Screen"",""collateralCopyFieldSetName"":""LLC_BI__Collateral_Creation_Screen_Configuration"",""collateralCloneFieldSetName"":""LLC_BI__Collateral_Creation_Screen_Configuration"",""addCollateralScreen"":""42118336128985105"",""addChildCollateralScreen"":""42118336128985105""}","","false","","Manage_Collateral_UCC","","","0092C7","fff","custom/custom32","false","a0sWE000002lFs5YAE","false","","","","a0sWE000002lFs8YAE","","Borrowing Base","","","","a1Lam000009UpzEEAS","true","Finished Goods",""
"a1lWE000002qxgEYAQ","005al00000RVcKvAAL","false","Borrowing Base-Accts Rec 61-90-2119","2026-08-14T07:02:37.000Z","005al00000RVvFOAA1","2026-08-14T09:32:28.000Z","005al00000RVvFOAA1","2026-08-14T09:32:28.000Z","","","","60.0","false","","2119","{""prodPkgEditScreen"":""42118336128985105"",""ownershipAssignmentFieldSetName"":""LLC_BI__Bulk_Ownership_Assignment"",""editCollateralScreen"":""42118336128985105"",""copyCollateralScreen"":""42118336128985105"",""collateralScreenName"":""Collateral Creation Screen"",""collateralCopyFieldSetName"":""LLC_BI__Collateral_Creation_Screen_Configuration"",""collateralCloneFieldSetName"":""LLC_BI__Collateral_Creation_Screen_Configuration"",""addCollateralScreen"":""42118336128985105"",""addChildCollateralScreen"":""42118336128985105""}","","false","","Manage_Collateral_UCC","","","0092C7","fff","custom/custom32","false","a0sWE000002lFs5YAE","false","","","","a0sWE000002lFs8YAE","","Borrowing Base","","","","a1Lam000009UpzFEAS","true","Accts Rec 61-90",""
"a1lWE000002qxgFYAQ","005al00000RVcKvAAL","false","Borrowing Base-Accts Rec Over 90-2112","2026-08-14T07:02:37.000Z","005al00000RVvFOAA1","2026-08-14T09:32:28.000Z","005al00000RVvFOAA1","2026-08-14T09:32:28.000Z","","","","10.0","false","","2112","{""prodPkgEditScreen"":""42118336128985105"",""ownershipAssignmentFieldSetName"":""LLC_BI__Bulk_Ownership_Assignment"",""editCollateralScreen"":""42118336128985105"",""copyCollateralScreen"":""42118336128985105"",""collateralScreenName"":""Collateral Creation Screen"",""collateralCopyFieldSetName"":""LLC_BI__Collateral_Creation_Screen_Configuration"",""collateralCloneFieldSetName"":""LLC_BI__Collateral_Creation_Screen_Configuration"",""addCollateralScreen"":""42118336128985105"",""addChildCollateralScreen"":""42118336128985105""}","","false","","Manage_Collateral_UCC","","","0092C7","fff","custom/custom32","false","a0sWE000002lFs5YAE","false","","","","a0sWE000002lFs8YAE","","Borrowing Base","","","","a1Lam000009UpzGEAS","true","Accts Rec Over 90",""
"a1lWE000002qxgGYAQ","005al00000RVcKvAAL","false","IT Equipment-Phones-901","2026-08-14T07:02:37.000Z","005al00000RVvFOAA1","2026-08-14T09:32:28.000Z","005al00000RVvFOAA1","2026-08-14T09:32:28.000Z","","","","0.0","false","","901","{""prodPkgEditScreen"":""42118336128985105"",""ownershipAssignmentFieldSetName"":""LLC_BI__Bulk_Ownership_Assignment"",""editCollateralScreen"":""42118336128985105"",""copyCollateralScreen"":""42118336128985105"",""collateralScreenName"":""Collateral Creation Screen"",""collateralCopyFieldSetName"":""LLC_BI__Collateral_Creation_Screen_Configuration"",""collateralCloneFieldSetName"":""LLC_BI__Collateral_Creation_Screen_Configuration"",""addCollateralScreen"":""42118336128985105"",""addChildCollateralScreen"":""42118336128985105""}","","false","","Manage_Collateral_UCC","","","0092C7","#ffffff","custom/custom32","false","a0sWE000002lFs5YAE","false","","","","a0sWE000002lFsAYAU","","IT Equipment","","","","a1Lam000009UpzHEAS","true","Phones",""
"a1lWE000002qxgHYAQ","005al00000RVcKvAAL","false","Farming Accessories-Combine-906","2026-08-14T07:02:37.000Z","005al00000RVvFOAA1","2026-08-14T09:32:28.000Z","005al00000RVvFOAA1","2026-08-14T09:32:28.000Z","","","","80.0","false","","906","{""prodPkgEditScreen"":""42118336128985105"",""ownershipAssignmentFieldSetName"":""LLC_BI__Bulk_Ownership_Assignment"",""editCollateralScreen"":""42118336128985105"",""copyCollateralScreen"":""42118336128985105"",""collateralScreenName"":""Collateral Creation Screen"",""collateralCopyFieldSetName"":""LLC_BI__Collateral_Creation_Screen_Configuration"",""collateralCloneFieldSetName"":""LLC_BI__Collateral_Creation_Screen_Configuration"",""addCollateralScreen"":""42118336128985105"",""addChildCollateralScreen"":""42118336128985105""}","","false","","Manage_Collateral_UCC","","","0092C7","#ffffff","custom/custom70","false","a0sWE000002lFs5YAE","false","","","","a0sWE000002lFsIYAU","","Farming Accessories","","","","a1Lam000009UpzIEAS","true","Combine",""
"a1lWE000002qxgIYAQ","005al00000RVcKvAAL","false","Heavy Equipment-Excavator-905","2026-08-14T07:02:37.000Z","005al00000RVvFOAA1","2026-08-14T09:32:28.000Z","005al00000RVvFOAA1","2026-08-14T09:32:28.000Z","","","","0.0","false","","905","{""prodPkgEditScreen"":""42118336128985105"",""ownershipAssignmentFieldSetName"":""LLC_BI__Bulk_Ownership_Assignment"",""editCollateralScreen"":""42118336128985105"",""copyCollateralScreen"":""42118336128985105"",""collateralScreenName"":""Collateral Creation Screen"",""collateralCopyFieldSetName"":""LLC_BI__Collateral_Creation_Screen_Configuration"",""collateralCloneFieldSetName"":""LLC_BI__Collateral_Creation_Screen_Configuration"",""addCollateralScreen"":""42118336128985105"",""addChildCollateralScreen"":""42118336128985105""}","","false","","Manage_Collateral_UCC","","","0092C7","#ffffff","custom/custom98","false","a0sWE000002lFs5YAE","false","","","","a0sWE000002lFs9YAE","","Heavy Equipment","","","","a1Lam000009UpzJEAS","true","Excavator",""
"a1lWE000002qxgJYAQ","005al00000RVcKvAAL","false","Small Equipment-Data Collector-903","2026-08-14T07:02:37.000Z","005al00000RVvFOAA1","2026-08-14T09:32:28.000Z","005al00000RVvFOAA1","2026-08-14T09:32:28.000Z","","","","0.0","false","","903","{""prodPkgEditScreen"":""42118336128985105"",""ownershipAssignmentFieldSetName"":""LLC_BI__Bulk_Ownership_Assignment"",""editCollateralScreen"":""42118336128985105"",""copyCollateralScreen"":""42118336128985105"",""collateralScreenName"":""Collateral Creation Screen"",""collateralCopyFieldSetName"":""LLC_BI__Collateral_Creation_Screen_Configuration"",""collateralCloneFieldSetName"":""LLC_BI__Collateral_Creation_Screen_Configuration"",""addCollateralScreen"":""42118336128985105"",""addChildCollateralScreen"":""42118336128985105""}","","false","","Manage_Collateral_UCC","","","0092C7","#ffffff","custom/custom79","false","a0sWE000002lFs5YAE","false","","","","a0sWE000002lFsAYAU","","Small Equipment","","","","a1Lam000009UpzKEAS","true","Data Collector",""
"a1lWE000002qxgKYAQ","005al00000RVcKvAAL","false","Business Assets-All Business Assets-125","2026-08-14T07:02:37.000Z","005al00000RVvFOAA1","2026-08-14T09:32:28.000Z","005al00000RVvFOAA1","2026-08-14T09:32:28.000Z","","","","60.0","false","","125","{""prodPkgEditScreen"":""42118336128985105"",""ownershipAssignmentFieldSetName"":""LLC_BI__Bulk_Ownership_Assignment"",""editCollateralScreen"":""42118336128985105"",""copyCollateralScreen"":""42118336128985105"",""collateralScreenName"":""Collateral Creation Screen"",""collateralCopyFieldSetName"":""LLC_BI__Collateral_Creation_Screen_Configuration"",""collateralCloneFieldSetName"":""LLC_BI__Collateral_Creation_Screen_Configuration"",""addCollateralScreen"":""42118336128985105"",""addChildCollateralScreen"":""42118336128985105""}","","false","","Manage_Collateral_UCC","Standard","","0092C7","fff","custom/custom32","false","a0sWE000002lFs5YAE","false","","","","a0sWE000002lFs7YAE","2021-07-01","Business Assets","","","","a1Lam000009UpzLEAS","true","All Business Assets",""
"a1lWE000002qxgLYAQ","005al00000RVcKvAAL","false","Real Estate-Warehouse-751","2026-08-14T07:02:37.000Z","005al00000RVvFOAA1","2026-08-14T09:32:29.000Z","005al00000RVvFOAA1","2026-08-14T09:32:29.000Z","","","","80.0","false","","751","{""prodPkgEditScreen"":""42118336128985105"",""ownershipAssignmentFieldSetName"":""LLC_BI__Bulk_Ownership_Assignment"",""editCollateralScreen"":""42118336128985105"",""copyCollateralScreen"":""42118336128985105"",""collateralScreenName"":""Collateral Creation Screen"",""collateralCopyFieldSetName"":""LLC_BI__Collateral_Creation_Screen_Configuration"",""collateralCloneFieldSetName"":""LLC_BI__Collateral_Creation_Screen_Configuration"",""addCollateralScreen"":""42118336128985105"",""addChildCollateralScreen"":""42118336128985105""}","","false","","Manage_Collateral_Real_Estate","","","670B7B","fff","custom/custom24","false","a0sWE000002lFs5YAE","false","","","","a0sWE000002lFsCYAU","","Real Estate","","","","a1Lam000009UpzMEAS","true","Warehouse",""
"a1lWE000002qxgMYAQ","005al00000RVcKvAAL","false","Real Estate-Retail-101010","2026-08-14T07:02:37.000Z","005al00000RVvFOAA1","2026-08-14T09:32:29.000Z","005al00000RVvFOAA1","2026-08-14T09:32:29.000Z","","","","80.0","false","","101010","{""prodPkgEditScreen"":""42118336128985105"",""ownershipAssignmentFieldSetName"":""LLC_BI__Bulk_Ownership_Assignment"",""editCollateralScreen"":""42118336128985105"",""copyCollateralScreen"":""42118336128985105"",""collateralScreenName"":""Collateral Creation Screen"",""collateralCopyFieldSetName"":""LLC_BI__Collateral_Creation_Screen_Configuration"",""collateralCloneFieldSetName"":""LLC_BI__Collateral_Creation_Screen_Configuration"",""addCollateralScreen"":""42118336128985105"",""addChildCollateralScreen"":""42118336128985105""}","","false","","Manage_Collateral_Real_Estate","","","670B7B","fff","custom/custom24","false","a0sWE000002lFs5YAE","false","","","","a0sWE000002lFsCYAU","","Real Estate","","","","a1Lam000009UpzNEAS","true","Retail",""
"a1lWE000002qxgNYAQ","005al00000RVcKvAAL","false","Real Estate-1-4 Family-753","2026-08-14T07:02:37.000Z","005al00000RVvFOAA1","2026-08-14T09:32:29.000Z","005al00000RVvFOAA1","2026-08-14T09:32:29.000Z","","","","80.0","false","","753","{""prodPkgEditScreen"":""42118336128985105"",""ownershipAssignmentFieldSetName"":""LLC_BI__Bulk_Ownership_Assignment"",""editCollateralScreen"":""42118336128985105"",""copyCollateralScreen"":""42118336128985105"",""collateralScreenName"":""Collateral Creation Screen"",""collateralCopyFieldSetName"":""LLC_BI__Collateral_Creation_Screen_Configuration"",""collateralCloneFieldSetName"":""LLC_BI__Collateral_Creation_Screen_Configuration"",""addCollateralScreen"":""42118336128985105"",""addChildCollateralScreen"":""42118336128985105""}","1-4 Family","false","","Manage_Collateral_Real_Estate","","","670B7B","fff","custom/custom24","false","a0sWE000002lFs5YAE","false","","","","a0sWE000002lFsCYAU","","Real Estate","","","","a1Lam000009UpzOEAS","true","1-4 Family",""
"a1lWE000002qxgOYAQ","005al00000RVcKvAAL","false","Real Estate-Other RE-754","2026-08-14T07:02:37.000Z","005al00000RVvFOAA1","2026-08-14T09:32:29.000Z","005al00000RVvFOAA1","2026-08-14T09:32:29.000Z","","","","80.0","false","","754","{""prodPkgEditScreen"":""42118336128985105"",""ownershipAssignmentFieldSetName"":""LLC_BI__Bulk_Ownership_Assignment"",""editCollateralScreen"":""42118336128985105"",""copyCollateralScreen"":""42118336128985105"",""collateralScreenName"":""Collateral Creation Screen"",""collateralCopyFieldSetName"":""LLC_BI__Collateral_Creation_Screen_Configuration"",""collateralCloneFieldSetName"":""LLC_BI__Collateral_Creation_Screen_Configuration"",""addCollateralScreen"":""42118336128985105"",""addChildCollateralScreen"":""42118336128985105""}","Other","false","","Manage_Collateral_Real_Estate","","","670B7B","fff","custom/custom24","false","a0sWE000002lFs5YAE","false","","","","a0sWE000002lFsCYAU","","Real Estate","","","","a1Lam000009UpzPEAS","true","Other RE",""
"a1lWE000002qxgPYAQ","005al00000RVcKvAAL","false","Titled-Motor Vehicle-215","2026-08-14T07:02:37.000Z","005al00000RVvFOAA1","2026-08-14T09:32:29.000Z","005al00000RVvFOAA1","2026-08-14T09:32:29.000Z","","","","100.0","false","","215","{""prodPkgEditScreen"":""42118336128985105"",""ownershipAssignmentFieldSetName"":""LLC_BI__Bulk_Ownership_Assignment"",""editCollateralScreen"":""42118336128985105"",""copyCollateralScreen"":""42118336128985105"",""collateralScreenName"":""Collateral Creation Screen"",""collateralCopyFieldSetName"":""LLC_BI__Collateral_Creation_Screen_Configuration"",""collateralCloneFieldSetName"":""LLC_BI__Collateral_Creation_Screen_Configuration"",""addCollateralScreen"":""42118336128985105"",""addChildCollateralScreen"":""42118336128985105""}","","false","","Manage_Collateral_Titled","","","Ba202E","fff","custom/custom31","false","a0sWE000002lFs5YAE","false","","","","a0sWE000002lFsKYAU","","Titled","","","","a1Lam000009UpzQEAS","true","Motor Vehicle",""
"a1lWE000002qxgQYAQ","005al00000RVcKvAAL","false","Titled-Mobile Home-210","2026-08-14T07:02:37.000Z","005al00000RVvFOAA1","2026-08-14T09:32:29.000Z","005al00000RVvFOAA1","2026-08-14T09:32:29.000Z","","","","75.0","false","","210","{""prodPkgEditScreen"":""42118336128985105"",""ownershipAssignmentFieldSetName"":""LLC_BI__Bulk_Ownership_Assignment"",""editCollateralScreen"":""42118336128985105"",""copyCollateralScreen"":""42118336128985105"",""collateralScreenName"":""Collateral Creation Screen"",""collateralCopyFieldSetName"":""LLC_BI__Collateral_Creation_Screen_Configuration"",""collateralCloneFieldSetName"":""LLC_BI__Collateral_Creation_Screen_Configuration"",""addCollateralScreen"":""42118336128985105"",""addChildCollateralScreen"":""42118336128985105""}","","false","","Manage_Collateral_Titled","","","Ba202E","fff","custom/custom31","false","a0sWE000002lFs5YAE","false","","","","a0sWE000002lFsEYAU","","Titled","","","","a1Lam000009UpzREAS","true","Mobile Home",""
"a1lWE000002qxgRYAQ","005al00000RVcKvAAL","false","Titled-Pleasure Boat-306","2026-08-14T07:02:37.000Z","005al00000RVvFOAA1","2026-08-14T09:32:29.000Z","005al00000RVvFOAA1","2026-08-14T09:32:29.000Z","","","","85.0","false","","306","{""prodPkgEditScreen"":""42118336128985105"",""ownershipAssignmentFieldSetName"":""LLC_BI__Bulk_Ownership_Assignment"",""editCollateralScreen"":""42118336128985105"",""copyCollateralScreen"":""42118336128985105"",""collateralScreenName"":""Collateral Creation Screen"",""collateralCopyFieldSetName"":""LLC_BI__Collateral_Creation_Screen_Configuration"",""collateralCloneFieldSetName"":""LLC_BI__Collateral_Creation_Screen_Configuration"",""addCollateralScreen"":""42118336128985105"",""addChildCollateralScreen"":""42118336128985105""}","","false","","Manage_Collateral_Titled","","","Ba202E","fff","custom/custom31","false","a0sWE000002lFs5YAE","false","","","","a0sWE000002lFsGYAU","","Titled","","","","a1Lam000009UpzSEAS","true","Pleasure Boat",""
"a1lWE000002qxgSYAQ","005al00000RVcKvAAL","false","Titled-Vessel-400","2026-08-14T07:02:37.000Z","005al00000RVvFOAA1","2026-08-14T09:32:29.000Z","005al00000RVvFOAA1","2026-08-14T09:32:29.000Z","","","","65.0","false","","400","{""prodPkgEditScreen"":""42118336128985105"",""ownershipAssignmentFieldSetName"":""LLC_BI__Bulk_Ownership_Assignment"",""editCollateralScreen"":""42118336128985105"",""copyCollateralScreen"":""42118336128985105"",""collateralScreenName"":""Collateral Creation Screen"",""collateralCopyFieldSetName"":""LLC_BI__Collateral_Creation_Screen_Configuration"",""collateralCloneFieldSetName"":""LLC_BI__Collateral_Creation_Screen_Configuration"",""addCollateralScreen"":""42118336128985105"",""addChildCollateralScreen"":""42118336128985105""}","","false","","Manage_Collateral_Titled","","","Ba202E","fff","custom/custom31","false","a0sWE000002lFs5YAE","false","","","","a0sWE000002lFsGYAU","","Titled","","","","a1Lam000009UpzTEAS","true","Vessel",""
"a1lWE000002qxgTYAQ","005al00000RVcKvAAL","false","Titled-Aircraft-206","2026-08-14T07:02:37.000Z","005al00000RVvFOAA1","2026-08-14T09:32:29.000Z","005al00000RVvFOAA1","2026-08-14T09:32:29.000Z","","","","75.0","false","","206","{""prodPkgEditScreen"":""42118336128985105"",""ownershipAssignmentFieldSetName"":""LLC_BI__Bulk_Ownership_Assignment"",""editCollateralScreen"":""42118336128985105"",""copyCollateralScreen"":""42118336128985105"",""collateralScreenName"":""Collateral Creation Screen"",""collateralCopyFieldSetName"":""LLC_BI__Collateral_Creation_Screen_Configuration"",""collateralCloneFieldSetName"":""LLC_BI__Collateral_Creation_Screen_Configuration"",""addCollateralScreen"":""42118336128985105"",""addChildCollateralScreen"":""42118336128985105""}","","false","","Manage_Collateral_Titled","","","Ba202E","fff","custom/custom31","false","a0sWE000002lFs5YAE","false","","","","a0sWE000002lFsDYAU","","Titled","","","","a1Lam000009UpzUEAS","true","Aircraft",""
"a1lWE000002qxgUYAQ","005al00000RVcKvAAL","false","Titled-Other Titled-300","2026-08-14T07:02:37.000Z","005al00000RVvFOAA1","2026-08-14T09:32:29.000Z","005al00000RVvFOAA1","2026-08-14T09:32:29.000Z","","","","65.0","false","","300","{""prodPkgEditScreen"":""42118336128985105"",""ownershipAssignmentFieldSetName"":""LLC_BI__Bulk_Ownership_Assignment"",""editCollateralScreen"":""42118336128985105"",""copyCollateralScreen"":""42118336128985105"",""collateralScreenName"":""Collateral Creation Screen"",""collateralCopyFieldSetName"":""LLC_BI__Collateral_Creation_Screen_Configuration"",""collateralCloneFieldSetName"":""LLC_BI__Collateral_Creation_Screen_Configuration"",""addCollateralScreen"":""42118336128985105"",""addChildCollateralScreen"":""42118336128985105""}","","false","","Manage_Collateral_Titled","","","Ba202E","fff","custom/custom31","false","a0sWE000002lFs5YAE","false","","","","a0sWE000002lFsFYAU","","Titled","","","","a1Lam000009UpzVEAS","true","Other Titled",""
"a1lWE000002qxgVYAQ","005al00000RVcKvAAL","false","UCC-General Intangibles-758","2026-08-14T07:02:37.000Z","005al00000RVvFOAA1","2026-08-14T09:32:29.000Z","005al00000RVvFOAA1","2026-08-14T09:32:29.000Z","","","","50.0","false","","758","{""prodPkgEditScreen"":""42118336128985105"",""ownershipAssignmentFieldSetName"":""LLC_BI__Bulk_Ownership_Assignment"",""editCollateralScreen"":""42118336128985105"",""copyCollateralScreen"":""42118336128985105"",""collateralScreenName"":""Collateral Creation Screen"",""collateralCopyFieldSetName"":""LLC_BI__Collateral_Creation_Screen_Configuration"",""collateralCloneFieldSetName"":""LLC_BI__Collateral_Creation_Screen_Configuration"",""addCollateralScreen"":""42118336128985105"",""addChildCollateralScreen"":""42118336128985105""}","","false","","Manage_Collateral_UCC","","","F1B643","fff","custom/custom18","false","a0sWE000002lFs5YAE","false","","","","a0sWE000002lFs8YAE","","UCC","","","","a1Lam000009UpzWEAS","true","General Intangibles",""
"a1lWE000002qxgWYAQ","005al00000RVcKvAAL","false","UCC-Farm Equipment-761","2026-08-14T07:02:37.000Z","005al00000RVvFOAA1","2026-08-14T09:32:29.000Z","005al00000RVvFOAA1","2026-08-14T09:32:29.000Z","","","","50.0","false","","761","{""prodPkgEditScreen"":""42118336128985105"",""ownershipAssignmentFieldSetName"":""LLC_BI__Bulk_Ownership_Assignment"",""editCollateralScreen"":""42118336128985105"",""copyCollateralScreen"":""42118336128985105"",""collateralScreenName"":""Collateral Creation Screen"",""collateralCopyFieldSetName"":""LLC_BI__Collateral_Creation_Screen_Configuration"",""collateralCloneFieldSetName"":""LLC_BI__Collateral_Creation_Screen_Configuration"",""addCollateralScreen"":""42118336128985105"",""addChildCollateralScreen"":""42118336128985105""}","","false","","Manage_Collateral_UCC","","","F1B643","fff","custom/custom18","false","a0sWE000002lFs5YAE","false","","","","a0sWE000002lFs8YAE","","UCC","","","","a1Lam000009UpzXEAS","true","Farm Equipment",""
"a1lWE000002qxgXYAQ","005al00000RVcKvAAL","false","Possessory-Savings/CDs-165","2026-08-14T07:02:37.000Z","005al00000RVvFOAA1","2026-08-14T09:32:29.000Z","005al00000RVvFOAA1","2026-08-14T09:32:29.000Z","","","","70.0","false","","165","{""prodPkgEditScreen"":""42118336128985105"",""ownershipAssignmentFieldSetName"":""LLC_BI__Bulk_Ownership_Assignment"",""editCollateralScreen"":""42118336128985105"",""copyCollateralScreen"":""42118336128985105"",""collateralScreenName"":""Collateral Creation Screen"",""collateralCopyFieldSetName"":""LLC_BI__Collateral_Creation_Screen_Configuration"",""collateralCloneFieldSetName"":""LLC_BI__Collateral_Creation_Screen_Configuration"",""addCollateralScreen"":""42118336128985105"",""addChildCollateralScreen"":""42118336128985105""}","","false","","Manage_Collateral_Possessory","","","85BE40","fff","custom/custom17","false","a0sWE000002lFs5YAE","false","","","","a0sWE000002lFs8YAE","","Possessory","","","","a1Lam000009UpzYEAS","true","Savings/CDs",""
"a1lWE000002qxgYYAQ","005al00000RVcKvAAL","false","Possessory-Receipts/Bills-160","2026-08-14T07:02:37.000Z","005al00000RVvFOAA1","2026-08-14T09:32:29.000Z","005al00000RVvFOAA1","2026-08-14T09:32:29.000Z","","","","50.0","false","","160","{""prodPkgEditScreen"":""42118336128985105"",""ownershipAssignmentFieldSetName"":""LLC_BI__Bulk_Ownership_Assignment"",""editCollateralScreen"":""42118336128985105"",""copyCollateralScreen"":""42118336128985105"",""collateralScreenName"":""Collateral Creation Screen"",""collateralCopyFieldSetName"":""LLC_BI__Collateral_Creation_Screen_Configuration"",""collateralCloneFieldSetName"":""LLC_BI__Collateral_Creation_Screen_Configuration"",""addCollateralScreen"":""42118336128985105"",""addChildCollateralScreen"":""42118336128985105""}","","false","","Manage_Collateral_Possessory","","","85BE40","fff","custom/custom17","false","a0sWE000002lFs5YAE","false","","","","a0sWE000002lFs8YAE","","Possessory","","","","a1Lam000009UpzZEAS","true","Receipts/Bills",""
"a1lWE000002qxgZYAQ","005al00000RVcKvAAL","false","Real Estate-1-4 Family-766","2026-08-14T07:02:37.000Z","005al00000RVvFOAA1","2026-08-14T09:32:29.000Z","005al00000RVvFOAA1","2026-08-14T09:32:29.000Z","","","","80.0","false","","766","{""prodPkgEditScreen"":""42118336128985105"",""ownershipAssignmentFieldSetName"":""LLC_BI__Bulk_Ownership_Assignment"",""editCollateralScreen"":""42118336128985105"",""copyCollateralScreen"":""42118336128985105"",""collateralScreenName"":""Collateral Creation Screen"",""collateralCopyFieldSetName"":""LLC_BI__Collateral_Creation_Screen_Configuration"",""collateralCloneFieldSetName"":""LLC_BI__Collateral_Creation_Screen_Configuration"",""addCollateralScreen"":""42118336128985105"",""addChildCollateralScreen"":""42118336128985105""}","","false","","Manage_Collateral_Real_Estate","","","670B7B","fff","custom/custom24","false","a0sWE000002lFs5YAE","false","","","","a0sWE000002lFsCYAU","","Real Estate","","","","a1Lam000009UpzaEAC","true","1-4 Family",""
"a1lWE000002qxgaYAA","005al00000RVcKvAAL","false","Real Estate-Lot-776","2026-08-14T07:02:37.000Z","005al00000RVvFOAA1","2026-08-14T09:32:29.000Z","005al00000RVvFOAA1","2026-08-14T09:32:29.000Z","","","","50.0","false","","776","{""prodPkgEditScreen"":""42118336128985105"",""ownershipAssignmentFieldSetName"":""LLC_BI__Bulk_Ownership_Assignment"",""editCollateralScreen"":""42118336128985105"",""copyCollateralScreen"":""42118336128985105"",""collateralScreenName"":""Collateral Creation Screen"",""collateralCopyFieldSetName"":""LLC_BI__Collateral_Creation_Screen_Configuration"",""collateralCloneFieldSetName"":""LLC_BI__Collateral_Creation_Screen_Configuration"",""addCollateralScreen"":""42118336128985105"",""addChildCollateralScreen"":""42118336128985105""}","","false","","Manage_Collateral_Real_Estate","","","670B7B","fff","custom/custom24","false","a0sWE000002lFs5YAE","false","","","","a0sWE000002lFsCYAU","","Real Estate","","","","a1Lam000009UpzbEAC","true","Lot",""
"a1lWE000002qxgbYAA","005al00000RVcKvAAL","false","Real Estate-Mobile Home-780","2026-08-14T07:02:37.000Z","005al00000RVvFOAA1","2026-08-14T09:32:29.000Z","005al00000RVvFOAA1","2026-08-14T09:32:29.000Z","","","","70.0","false","","780","{""prodPkgEditScreen"":""42118336128985105"",""ownershipAssignmentFieldSetName"":""LLC_BI__Bulk_Ownership_Assignment"",""editCollateralScreen"":""42118336128985105"",""copyCollateralScreen"":""42118336128985105"",""collateralScreenName"":""Collateral Creation Screen"",""collateralCopyFieldSetName"":""LLC_BI__Collateral_Creation_Screen_Configuration"",""collateralCloneFieldSetName"":""LLC_BI__Collateral_Creation_Screen_Configuration"",""addCollateralScreen"":""42118336128985105"",""addChildCollateralScreen"":""42118336128985105""}","Mobile Home","false","","Manage_Collateral_Real_Estate","","","670B7B","fff","custom/custom24","false","a0sWE000002lFs5YAE","false","","","","a0sWE000002lFsCYAU","","Real Estate","","","","a1Lam000009UpzcEAC","true","Mobile Home",""
"a1lWE000002qxgcYAA","005al00000RVcKvAAL","false","Real Estate-Commercial-766","2026-08-14T07:02:37.000Z","005al00000RVvFOAA1","2026-08-14T09:32:29.000Z","005al00000RVvFOAA1","2026-08-14T09:32:29.000Z","","","","80.0","true","","766","{""prodPkgEditScreen"":""42118336128985105"",""ownershipAssignmentFieldSetName"":""LLC_BI__Bulk_Ownership_Assignment"",""editCollateralScreen"":""42118336128985105"",""copyCollateralScreen"":""42118336128985105"",""collateralScreenName"":""Collateral Creation Screen"",""collateralCopyFieldSetName"":""LLC_BI__Collateral_Creation_Screen_Configuration"",""collateralCloneFieldSetName"":""LLC_BI__Collateral_Creation_Screen_Configuration"",""addCollateralScreen"":""42118336128985105"",""addChildCollateralScreen"":""42118336128985105""}","","false","","Manage_Collateral_Real_Estate","","","670B7B","fff","custom/custom24","false","a0sWE000002lFs5YAE","false","","","","a0sWE000002lFsCYAU","","Real Estate","","","","a1Lam000009UpzdEAC","true","Commercial",""
"a1lWE000002qxgdYAA","005al00000RVcKvAAL","false","Borrowing Base-Accts Rec 31-60-2109","2026-08-14T07:02:37.000Z","005al00000RVvFOAA1","2026-08-14T09:32:29.000Z","005al00000RVvFOAA1","2026-08-14T09:32:29.000Z","","","","70.0","false","","2109","{""prodPkgEditScreen"":""42118336128985105"",""ownershipAssignmentFieldSetName"":""LLC_BI__Bulk_Ownership_Assignment"",""editCollateralScreen"":""42118336128985105"",""copyCollateralScreen"":""42118336128985105"",""collateralScreenName"":""Collateral Creation Screen"",""collateralCopyFieldSetName"":""LLC_BI__Collateral_Creation_Screen_Configuration"",""collateralCloneFieldSetName"":""LLC_BI__Collateral_Creation_Screen_Configuration"",""addCollateralScreen"":""42118336128985105"",""addChildCollateralScreen"":""42118336128985105""}","","false","","Manage_Collateral_UCC","","","0092C7","fff","custom/custom32","false","a0sWE000002lFs5YAE","false","","","","a0sWE000002lFs8YAE","","Borrowing Base","","","","a1Lam000009Uq04EAC","true","Accts Rec 31-60",""
"a1lWE000002qxgeYAA","005al00000RVcKvAAL","false","IT Equipment-Copiers-902","2026-08-14T07:02:37.000Z","005al00000RVvFOAA1","2026-08-14T09:32:29.000Z","005al00000RVvFOAA1","2026-08-14T09:32:29.000Z","","","","0.0","false","","902","{""prodPkgEditScreen"":""42118336128985105"",""ownershipAssignmentFieldSetName"":""LLC_BI__Bulk_Ownership_Assignment"",""editCollateralScreen"":""42118336128985105"",""copyCollateralScreen"":""42118336128985105"",""collateralScreenName"":""Collateral Creation Screen"",""collateralCopyFieldSetName"":""LLC_BI__Collateral_Creation_Screen_Configuration"",""collateralCloneFieldSetName"":""LLC_BI__Collateral_Creation_Screen_Configuration"",""addCollateralScreen"":""42118336128985105"",""addChildCollateralScreen"":""42118336128985105""}","","false","","Manage_Collateral_UCC","","","0092C7","#ffffff","custom/custom32","false","a0sWE000002lFs5YAE","false","","","","a0sWE000002lFsAYAU","","IT Equipment","","","","a1Lam000009Uq05EAC","true","Copiers",""
"a1lWE000002qxgfYAA","005al00000RVcKvAAL","false","Heavy Equipment-Tractor-904","2026-08-14T07:02:37.000Z","005al00000RVvFOAA1","2026-08-14T09:32:29.000Z","005al00000RVvFOAA1","2026-08-14T09:32:29.000Z","","","","0.0","false","","904","{""prodPkgEditScreen"":""42118336128985105"",""ownershipAssignmentFieldSetName"":""LLC_BI__Bulk_Ownership_Assignment"",""editCollateralScreen"":""42118336128985105"",""copyCollateralScreen"":""42118336128985105"",""collateralScreenName"":""Collateral Creation Screen"",""collateralCopyFieldSetName"":""LLC_BI__Collateral_Creation_Screen_Configuration"",""collateralCloneFieldSetName"":""LLC_BI__Collateral_Creation_Screen_Configuration"",""addCollateralScreen"":""42118336128985105"",""addChildCollateralScreen"":""42118336128985105""}","","false","","Manage_Collateral_UCC","","","0092C7","#ffffff","custom/custom98","false","a0sWE000002lFs5YAE","false","","","","a0sWE000002lFs9YAE","","Heavy Equipment","","","","a1Lam000009Uq06EAC","true","Tractor",""
"a1lWE000002qxggYAA","005al00000RVcKvAAL","false","Farming Accessories-Roller-907","2026-08-14T07:02:37.000Z","005al00000RVvFOAA1","2026-08-14T09:32:29.000Z","005al00000RVvFOAA1","2026-08-14T09:32:29.000Z","","","","0.0","false","","907","{""prodPkgEditScreen"":""42118336128985105"",""ownershipAssignmentFieldSetName"":""LLC_BI__Bulk_Ownership_Assignment"",""editCollateralScreen"":""42118336128985105"",""copyCollateralScreen"":""42118336128985105"",""collateralScreenName"":""Collateral Creation Screen"",""collateralCopyFieldSetName"":""LLC_BI__Collateral_Creation_Screen_Configuration"",""collateralCloneFieldSetName"":""LLC_BI__Collateral_Creation_Screen_Configuration"",""addCollateralScreen"":""42118336128985105"",""addChildCollateralScreen"":""42118336128985105""}","","false","","Manage_Collateral_UCC","","","0092C7","#ffffff","custom/custom70","false","a0sWE000002lFs5YAE","false","","","","a0sWE000002lFsJYAU","","Farming Accessories","","","","a1Lam000009Uq07EAC","true","Roller",""
"a1lWE000002qxghYAA","005al00000RVcKvAAL","false","Business Assets-Inventory (Raw Mat & Fin Goods)-127","2026-08-14T07:02:37.000Z","005al00000RVvFOAA1","2026-08-14T09:32:29.000Z","005al00000RVvFOAA1","2026-08-14T09:32:29.000Z","","","","50.0","false","","127","{""prodPkgEditScreen"":""42118336128985105"",""ownershipAssignmentFieldSetName"":""LLC_BI__Bulk_Ownership_Assignment"",""editCollateralScreen"":""42118336128985105"",""copyCollateralScreen"":""42118336128985105"",""collateralScreenName"":""Collateral Creation Screen"",""collateralCopyFieldSetName"":""LLC_BI__Collateral_Creation_Screen_Configuration"",""collateralCloneFieldSetName"":""LLC_BI__Collateral_Creation_Screen_Configuration"",""addCollateralScreen"":""42118336128985105"",""addChildCollateralScreen"":""42118336128985105""}","","false","","Manage_Collateral_UCC","","","0092C7","fff","custom/custom32","false","a0sWE000002lFs5YAE","false","","","","a0sWE000002lFs7YAE","","Business Assets","","","","a1Lam000009Uq08EAC","true","Inventory (Raw Mat & Fin Goods)",""
"a1lWE000002qxgiYAA","005al00000RVcKvAAL","false","Real Estate-Farm Land-752","2026-08-14T07:02:37.000Z","005al00000RVvFOAA1","2026-08-14T09:32:29.000Z","005al00000RVvFOAA1","2026-08-14T09:32:29.000Z","","","","50.0","false","","752","{""prodPkgEditScreen"":""42118336128985105"",""ownershipAssignmentFieldSetName"":""LLC_BI__Bulk_Ownership_Assignment"",""editCollateralScreen"":""42118336128985105"",""copyCollateralScreen"":""42118336128985105"",""collateralScreenName"":""Collateral Creation Screen"",""collateralCopyFieldSetName"":""LLC_BI__Collateral_Creation_Screen_Configuration"",""collateralCloneFieldSetName"":""LLC_BI__Collateral_Creation_Screen_Configuration"",""addCollateralScreen"":""42118336128985105"",""addChildCollateralScreen"":""42118336128985105""}","","false","","Manage_Collateral_Real_Estate","","","670B7B","fff","custom/custom24","false","a0sWE000002lFs5YAE","false","","","","a0sWE000002lFsCYAU","","Real Estate","","","","a1Lam000009Uq09EAC","true","Farm Land",""
"a1lWE000002qxgjYAA","005al00000RVcKvAAL","false","UCC-Equipment-609","2026-08-14T07:02:37.000Z","005al00000RVvFOAA1","2026-08-14T09:32:29.000Z","005al00000RVvFOAA1","2026-08-14T09:32:29.000Z","","","","50.0","false","","609","{""prodPkgEditScreen"":""42118336128985105"",""ownershipAssignmentFieldSetName"":""LLC_BI__Bulk_Ownership_Assignment"",""editCollateralScreen"":""42118336128985105"",""copyCollateralScreen"":""42118336128985105"",""collateralScreenName"":""Collateral Creation Screen"",""collateralCopyFieldSetName"":""LLC_BI__Collateral_Creation_Screen_Configuration"",""collateralCloneFieldSetName"":""LLC_BI__Collateral_Creation_Screen_Configuration"",""addCollateralScreen"":""42118336128985105"",""addChildCollateralScreen"":""42118336128985105""}","","false","","Manage_Collateral_UCC","","","F1B643","fff","custom/custom18","false","a0sWE000002lFs5YAE","false","","","","a0sWE000002lFs8YAE","","UCC","","","","a1Lam000009Uq0AEAS","true","Equipment",""
"a1lWE000002qxgkYAA","005al00000RVcKvAAL","false","Titled-Trailer-410","2026-08-14T07:02:37.000Z","005al00000RVvFOAA1","2026-08-14T09:32:29.000Z","005al00000RVvFOAA1","2026-08-14T09:32:29.000Z","","","","65.0","false","","410","{""prodPkgEditScreen"":""42118336128985105"",""ownershipAssignmentFieldSetName"":""LLC_BI__Bulk_Ownership_Assignment"",""editCollateralScreen"":""42118336128985105"",""copyCollateralScreen"":""42118336128985105"",""collateralScreenName"":""Collateral Creation Screen"",""collateralCopyFieldSetName"":""LLC_BI__Collateral_Creation_Screen_Configuration"",""collateralCloneFieldSetName"":""LLC_BI__Collateral_Creation_Screen_Configuration"",""addCollateralScreen"":""42118336128985105"",""addChildCollateralScreen"":""42118336128985105""}","","false","","Manage_Collateral_Titled","","","Ba202E","fff","custom/custom31","false","a0sWE000002lFs5YAE","false","","","","a0sWE000002lFsHYAU","","Titled","","","","a1Lam000009Uq0BEAS","true","Trailer",""
"a1lWE000002qxglYAA","005al00000RVcKvAAL","false","Business Assets-Government Contracts-140","2026-08-14T07:02:37.000Z","005al00000RVvFOAA1","2026-08-14T09:32:29.000Z","005al00000RVvFOAA1","2026-08-14T09:32:29.000Z","","","","60.0","false","","140","{""prodPkgEditScreen"":""42118336128985105"",""ownershipAssignmentFieldSetName"":""LLC_BI__Bulk_Ownership_Assignment"",""editCollateralScreen"":""42118336128985105"",""copyCollateralScreen"":""42118336128985105"",""collateralScreenName"":""Collateral Creation Screen"",""collateralCopyFieldSetName"":""LLC_BI__Collateral_Creation_Screen_Configuration"",""collateralCloneFieldSetName"":""LLC_BI__Collateral_Creation_Screen_Configuration"",""addCollateralScreen"":""42118336128985105"",""addChildCollateralScreen"":""42118336128985105""}","","false","","Manage_Collateral_Government","","","0092C7","fff","custom/custom32","false","a0sWE000002lFs5YAE","false","","","","a0sWE000002lFs7YAE","","Business Assets","","","","a1Lam000009Uq0CEAS","true","Government Contracts",""
"a1lWE000002qxgmYAA","005al00000RVcKvAAL","false","UCC-Inventory-757","2026-08-14T07:02:37.000Z","005al00000RVvFOAA1","2026-08-14T09:32:29.000Z","005al00000RVvFOAA1","2026-08-14T09:32:29.000Z","","","","65.0","false","","757","{""prodPkgEditScreen"":""42118336128985105"",""ownershipAssignmentFieldSetName"":""LLC_BI__Bulk_Ownership_Assignment"",""editCollateralScreen"":""42118336128985105"",""copyCollateralScreen"":""42118336128985105"",""collateralScreenName"":""Collateral Creation Screen"",""collateralCopyFieldSetName"":""LLC_BI__Collateral_Creation_Screen_Configuration"",""collateralCloneFieldSetName"":""LLC_BI__Collateral_Creation_Screen_Configuration"",""addCollateralScreen"":""42118336128985105"",""addChildCollateralScreen"":""42118336128985105""}","","false","","Manage_Collateral_UCC","","","F1B643","fff","custom/custom18","false","a0sWE000002lFs5YAE","false","","","","a0sWE000002lFs8YAE","","UCC","","","","a1Lam000009Uq0DEAS","true","Inventory",""
"a1lWE000002qxgnYAA","005al00000RVcKvAAL","false","UCC-Chattel Paper-650","2026-08-14T07:02:37.000Z","005al00000RVvFOAA1","2026-08-14T09:32:29.000Z","005al00000RVvFOAA1","2026-08-14T09:32:29.000Z","","","","50.0","false","","650","{""prodPkgEditScreen"":""42118336128985105"",""ownershipAssignmentFieldSetName"":""LLC_BI__Bulk_Ownership_Assignment"",""editCollateralScreen"":""42118336128985105"",""copyCollateralScreen"":""42118336128985105"",""collateralScreenName"":""Collateral Creation Screen"",""collateralCopyFieldSetName"":""LLC_BI__Collateral_Creation_Screen_Configuration"",""collateralCloneFieldSetName"":""LLC_BI__Collateral_Creation_Screen_Configuration"",""addCollateralScreen"":""42118336128985105"",""addChildCollateralScreen"":""42118336128985105""}","","false","","Manage_Collateral_UCC","","","F1B643","fff","custom/custom18","false","a0sWE000002lFs5YAE","false","","","","a0sWE000002lFs8YAE","","UCC","","","","a1Lam000009Uq0EEAS","true","Chattel Paper",""
"a1lWE000002qxgoYAA","005al00000RVcKvAAL","false","UCC-Accounts-600","2026-08-14T07:02:37.000Z","005al00000RVvFOAA1","2026-08-14T09:32:29.000Z","005al00000RVvFOAA1","2026-08-14T09:32:29.000Z","","","","65.0","false","","600","{""prodPkgEditScreen"":""42118336128985105"",""ownershipAssignmentFieldSetName"":""LLC_BI__Bulk_Ownership_Assignment"",""editCollateralScreen"":""42118336128985105"",""copyCollateralScreen"":""42118336128985105"",""collateralScreenName"":""Collateral Creation Screen"",""collateralCopyFieldSetName"":""LLC_BI__Collateral_Creation_Screen_Configuration"",""collateralCloneFieldSetName"":""LLC_BI__Collateral_Creation_Screen_Configuration"",""addCollateralScreen"":""42118336128985105"",""addChildCollateralScreen"":""42118336128985105""}","","false","","Manage_Collateral_UCC","","","F1B643","fff","custom/custom18","false","a0sWE000002lFs5YAE","false","","","","a0sWE000002lFs8YAE","","UCC","","","","a1Lam000009Uq0FEAS","true","Accounts",""
"a1lWE000002qxgpYAA","005al00000RVcKvAAL","false","UCC-Farm Products-759","2026-08-14T07:02:37.000Z","005al00000RVvFOAA1","2026-08-14T09:32:29.000Z","005al00000RVvFOAA1","2026-08-14T09:32:29.000Z","","","","50.0","false","","759","{""prodPkgEditScreen"":""42118336128985105"",""ownershipAssignmentFieldSetName"":""LLC_BI__Bulk_Ownership_Assignment"",""editCollateralScreen"":""42118336128985105"",""copyCollateralScreen"":""42118336128985105"",""collateralScreenName"":""Collateral Creation Screen"",""collateralCopyFieldSetName"":""LLC_BI__Collateral_Creation_Screen_Configuration"",""collateralCloneFieldSetName"":""LLC_BI__Collateral_Creation_Screen_Configuration"",""addCollateralScreen"":""42118336128985105"",""addChildCollateralScreen"":""42118336128985105""}","","false","","Manage_Collateral_UCC","","","F1B643","fff","custom/custom18","false","a0sWE000002lFs5YAE","false","","","","a0sWE000002lFs8YAE","","UCC","","","","a1Lam000009Uq0GEAS","true","Farm Products",""
"a1lWE000002qxgqYAA","005al00000RVcKvAAL","false","UCC-Livestock-760","2026-08-14T07:02:37.000Z","005al00000RVvFOAA1","2026-08-14T09:32:29.000Z","005al00000RVvFOAA1","2026-08-14T09:32:29.000Z","","","","50.0","false","","760","{""prodPkgEditScreen"":""42118336128985105"",""ownershipAssignmentFieldSetName"":""LLC_BI__Bulk_Ownership_Assignment"",""editCollateralScreen"":""42118336128985105"",""copyCollateralScreen"":""42118336128985105"",""collateralScreenName"":""Collateral Creation Screen"",""collateralCopyFieldSetName"":""LLC_BI__Collateral_Creation_Screen_Configuration"",""collateralCloneFieldSetName"":""LLC_BI__Collateral_Creation_Screen_Configuration"",""addCollateralScreen"":""42118336128985105"",""addChildCollateralScreen"":""42118336128985105""}","","false","","Manage_Collateral_UCC","","","F1B643","fff","custom/custom18","false","a0sWE000002lFs5YAE","false","","","","a0sWE000002lFs8YAE","","UCC","","","","a1Lam000009Uq0HEAS","true","Livestock",""
"a1lWE000002qxgrYAA","005al00000RVcKvAAL","false","UCC-Consumer Goods-750","2026-08-14T07:02:37.000Z","005al00000RVvFOAA1","2026-08-14T09:32:29.000Z","005al00000RVvFOAA1","2026-08-14T09:32:29.000Z","","","","50.0","false","","750","{""prodPkgEditScreen"":""42118336128985105"",""ownershipAssignmentFieldSetName"":""LLC_BI__Bulk_Ownership_Assignment"",""editCollateralScreen"":""42118336128985105"",""copyCollateralScreen"":""42118336128985105"",""collateralScreenName"":""Collateral Creation Screen"",""collateralCopyFieldSetName"":""LLC_BI__Collateral_Creation_Screen_Configuration"",""collateralCloneFieldSetName"":""LLC_BI__Collateral_Creation_Screen_Configuration"",""addCollateralScreen"":""42118336128985105"",""addChildCollateralScreen"":""42118336128985105""}","","false","","Manage_Collateral_UCC","","","F1B643","fff","custom/custom18","false","a0sWE000002lFs5YAE","false","","","","a0sWE000002lFs8YAE","","UCC","","","","a1Lam000009Uq0IEAS","true","Consumer Goods",""
"a1lWE000002qxgsYAA","005al00000RVcKvAAL","false","UCC-Tort Claim-762","2026-08-14T07:02:37.000Z","005al00000RVvFOAA1","2026-08-14T09:32:29.000Z","005al00000RVvFOAA1","2026-08-14T09:32:29.000Z","","","","50.0","false","","762","{""prodPkgEditScreen"":""42118336128985105"",""ownershipAssignmentFieldSetName"":""LLC_BI__Bulk_Ownership_Assignment"",""editCollateralScreen"":""42118336128985105"",""copyCollateralScreen"":""42118336128985105"",""collateralScreenName"":""Collateral Creation Screen"",""collateralCopyFieldSetName"":""LLC_BI__Collateral_Creation_Screen_Configuration"",""collateralCloneFieldSetName"":""LLC_BI__Collateral_Creation_Screen_Configuration"",""addCollateralScreen"":""42118336128985105"",""addChildCollateralScreen"":""42118336128985105""}","","false","","Manage_Collateral_UCC","","","F1B643","fff","custom/custom18","false","a0sWE000002lFs5YAE","false","","","","a0sWE000002lFs8YAE","","UCC","","","","a1Lam000009Uq0JEAS","true","Tort Claim",""
"a1lWE000002qxgtYAA","005al00000RVcKvAAL","false","UCC-Crops-602","2026-08-14T07:02:37.000Z","005al00000RVvFOAA1","2026-08-14T09:32:29.000Z","005al00000RVvFOAA1","2026-08-14T09:32:29.000Z","","","","65.0","false","","602","{""prodPkgEditScreen"":""42118336128985105"",""ownershipAssignmentFieldSetName"":""LLC_BI__Bulk_Ownership_Assignment"",""editCollateralScreen"":""42118336128985105"",""copyCollateralScreen"":""42118336128985105"",""collateralScreenName"":""Collateral Creation Screen"",""collateralCopyFieldSetName"":""LLC_BI__Collateral_Creation_Screen_Configuration"",""collateralCloneFieldSetName"":""LLC_BI__Collateral_Creation_Screen_Configuration"",""addCollateralScreen"":""42118336128985105"",""addChildCollateralScreen"":""42118336128985105""}","","false","","Manage_Collateral_UCC","","","F1B643","fff","custom/custom18","false","a0sWE000002lFs5YAE","false","","","","a0sWE000002lFs8YAE","","UCC","","","","a1Lam000009Uq0KEAS","true","Crops",""
"a1lWE000002qxguYAA","005al00000RVcKvAAL","false","UCC-Fixtures-763","2026-08-14T07:02:37.000Z","005al00000RVvFOAA1","2026-08-14T09:32:29.000Z","005al00000RVvFOAA1","2026-08-14T09:32:29.000Z","","","","50.0","false","","763","{""prodPkgEditScreen"":""42118336128985105"",""ownershipAssignmentFieldSetName"":""LLC_BI__Bulk_Ownership_Assignment"",""editCollateralScreen"":""42118336128985105"",""copyCollateralScreen"":""42118336128985105"",""collateralScreenName"":""Collateral Creation Screen"",""collateralCopyFieldSetName"":""LLC_BI__Collateral_Creation_Screen_Configuration"",""collateralCloneFieldSetName"":""LLC_BI__Collateral_Creation_Screen_Configuration"",""addCollateralScreen"":""42118336128985105"",""addChildCollateralScreen"":""42118336128985105""}","","false","","Manage_Collateral_UCC","","","F1B643","fff","custom/custom18","false","a0sWE000002lFs5YAE","false","","","","a0sWE000002lFs8YAE","","UCC","","","","a1Lam000009Uq0LEAS","true","Fixtures",""
"a1lWE000002qxgvYAA","005al00000RVcKvAAL","false","UCC-Standing Timber-764","2026-08-14T07:02:37.000Z","005al00000RVvFOAA1","2026-08-14T09:32:29.000Z","005al00000RVvFOAA1","2026-08-14T09:32:29.000Z","","","","50.0","false","","764","{""prodPkgEditScreen"":""42118336128985105"",""ownershipAssignmentFieldSetName"":""LLC_BI__Bulk_Ownership_Assignment"",""editCollateralScreen"":""42118336128985105"",""copyCollateralScreen"":""42118336128985105"",""collateralScreenName"":""Collateral Creation Screen"",""collateralCopyFieldSetName"":""LLC_BI__Collateral_Creation_Screen_Configuration"",""collateralCloneFieldSetName"":""LLC_BI__Collateral_Creation_Screen_Configuration"",""addCollateralScreen"":""42118336128985105"",""addChildCollateralScreen"":""42118336128985105""}","","false","","Manage_Collateral_UCC","","","F1B643","fff","custom/custom18","false","a0sWE000002lFs5YAE","false","","","","a0sWE000002lFs7YAE","","UCC","","","","a1Lam000009Uq0MEAS","true","Standing Timber",""
"a1lWE000002qxgwYAA","005al00000RVcKvAAL","false","UCC-Minerals Oil and Gas-765","2026-08-14T07:02:37.000Z","005al00000RVvFOAA1","2026-08-14T09:32:29.000Z","005al00000RVvFOAA1","2026-08-14T09:32:29.000Z","","","","50.0","false","","765","{""prodPkgEditScreen"":""42118336128985105"",""ownershipAssignmentFieldSetName"":""LLC_BI__Bulk_Ownership_Assignment"",""editCollateralScreen"":""42118336128985105"",""copyCollateralScreen"":""42118336128985105"",""collateralScreenName"":""Collateral Creation Screen"",""collateralCopyFieldSetName"":""LLC_BI__Collateral_Creation_Screen_Configuration"",""collateralCloneFieldSetName"":""LLC_BI__Collateral_Creation_Screen_Configuration"",""addCollateralScreen"":""42118336128985105"",""addChildCollateralScreen"":""42118336128985105""}","","false","","Manage_Collateral_UCC","","","F1B643","fff","custom/custom18","false","a0sWE000002lFs5YAE","false","","","","a0sWE000002lFs7YAE","","UCC","","","","a1Lam000009Uq0NEAS","true","Minerals Oil and Gas",""
"a1lWE000002qxgxYAA","005al00000RVcKvAAL","false","Possessory-Securities-170","2026-08-14T07:02:37.000Z","005al00000RVvFOAA1","2026-08-14T09:32:29.000Z","005al00000RVvFOAA1","2026-08-14T09:32:29.000Z","","","","50.0","false","","170","{""prodPkgEditScreen"":""42118336128985105"",""ownershipAssignmentFieldSetName"":""LLC_BI__Bulk_Ownership_Assignment"",""editCollateralScreen"":""42118336128985105"",""copyCollateralScreen"":""42118336128985105"",""collateralScreenName"":""Collateral Creation Screen"",""collateralCopyFieldSetName"":""LLC_BI__Collateral_Creation_Screen_Configuration"",""collateralCloneFieldSetName"":""LLC_BI__Collateral_Creation_Screen_Configuration"",""addCollateralScreen"":""42118336128985105"",""addChildCollateralScreen"":""42118336128985105""}","","false","","Manage_Collateral_Possessory","","","85BE40","fff","custom/custom17","false","a0sWE000002lFs5YAE","false","","","","a0sWE000002lFs8YAE","","Possessory","","","","a1Lam000009Uq0OEAS","true","Securities",""
"a1lWE000002qxgyYAA","005al00000RVcKvAAL","false","Possessory-Note/Instrument-146","2026-08-14T07:02:37.000Z","005al00000RVvFOAA1","2026-08-14T09:32:29.000Z","005al00000RVvFOAA1","2026-08-14T09:32:29.000Z","","","","60.0","false","","146","{""prodPkgEditScreen"":""42118336128985105"",""ownershipAssignmentFieldSetName"":""LLC_BI__Bulk_Ownership_Assignment"",""editCollateralScreen"":""42118336128985105"",""copyCollateralScreen"":""42118336128985105"",""collateralScreenName"":""Collateral Creation Screen"",""collateralCopyFieldSetName"":""LLC_BI__Collateral_Creation_Screen_Configuration"",""collateralCloneFieldSetName"":""LLC_BI__Collateral_Creation_Screen_Configuration"",""addCollateralScreen"":""42118336128985105"",""addChildCollateralScreen"":""42118336128985105""}","","false","","Manage_Collateral_Possessory","","","85BE40","fff","custom/custom17","false","a0sWE000002lFs5YAE","false","","","","a0sWE000002lFs8YAE","","Possessory","","","","a1Lam000009Uq0PEAS","true","Note/Instrument",""
"a1lWE000002qxgzYAA","005al00000RVcKvAAL","false","Possessory-Letter of Credit-141","2026-08-14T07:02:37.000Z","005al00000RVvFOAA1","2026-08-14T09:32:29.000Z","005al00000RVvFOAA1","2026-08-14T09:32:29.000Z","","","","60.0","false","","141","{""prodPkgEditScreen"":""42118336128985105"",""ownershipAssignmentFieldSetName"":""LLC_BI__Bulk_Ownership_Assignment"",""editCollateralScreen"":""42118336128985105"",""copyCollateralScreen"":""42118336128985105"",""collateralScreenName"":""Collateral Creation Screen"",""collateralCopyFieldSetName"":""LLC_BI__Collateral_Creation_Screen_Configuration"",""collateralCloneFieldSetName"":""LLC_BI__Collateral_Creation_Screen_Configuration"",""addCollateralScreen"":""42118336128985105"",""addChildCollateralScreen"":""42118336128985105""}","","false","","Manage_Collateral_Possessory","","","85BE40","fff","custom/custom17","false","a0sWE000002lFs5YAE","false","","","","a0sWE000002lFs8YAE","","Possessory","","","","a1Lam000009Uq0QEAS","true","Letter of Credit",""
"a1lWE000002qxh0YAA","005al00000RVcKvAAL","false","Possessory-Other Possessory-147","2026-08-14T07:02:37.000Z","005al00000RVvFOAA1","2026-08-14T09:32:29.000Z","005al00000RVvFOAA1","2026-08-14T09:32:29.000Z","","","","45.0","false","","147","{""prodPkgEditScreen"":""42118336128985105"",""ownershipAssignmentFieldSetName"":""LLC_BI__Bulk_Ownership_Assignment"",""editCollateralScreen"":""42118336128985105"",""copyCollateralScreen"":""42118336128985105"",""collateralScreenName"":""Collateral Creation Screen"",""collateralCopyFieldSetName"":""LLC_BI__Collateral_Creation_Screen_Configuration"",""collateralCloneFieldSetName"":""LLC_BI__Collateral_Creation_Screen_Configuration"",""addCollateralScreen"":""42118336128985105"",""addChildCollateralScreen"":""42118336128985105""}","","false","","Manage_Collateral_Possessory","","","85BE40","fff","custom/custom17","false","a0sWE000002lFs5YAE","false","","","","a0sWE000002lFs8YAE","","Possessory","","","","a1Lam000009Uq0REAS","true","Other Possessory",""
"a1lWE000002qxh1YAA","005al00000RVcKvAAL","false","Possessory-Life Insurance-145","2026-08-14T07:02:37.000Z","005al00000RVvFOAA1","2026-08-14T09:32:29.000Z","005al00000RVvFOAA1","2026-08-14T09:32:29.000Z","","","","65.0","false","","145","{""prodPkgEditScreen"":""42118336128985105"",""ownershipAssignmentFieldSetName"":""LLC_BI__Bulk_Ownership_Assignment"",""editCollateralScreen"":""42118336128985105"",""copyCollateralScreen"":""42118336128985105"",""collateralScreenName"":""Collateral Creation Screen"",""collateralCopyFieldSetName"":""LLC_BI__Collateral_Creation_Screen_Configuration"",""collateralCloneFieldSetName"":""LLC_BI__Collateral_Creation_Screen_Configuration"",""addCollateralScreen"":""42118336128985105"",""addChildCollateralScreen"":""42118336128985105""}","","false","","Manage_Collateral_Possessory","","","85BE40","fff","custom/custom17","false","a0sWE000002lFs5YAE","false","","","","a0sWE000002lFs8YAE","","Possessory","","","","a1Lam000009Uq0SEAS","true","Life Insurance",""
"a1lWE000002qxh2YAA","005al00000RVcKvAAL","false","Real Estate-Multi-Family-770","2026-08-14T07:02:37.000Z","005al00000RVvFOAA1","2026-08-14T09:32:29.000Z","005al00000RVvFOAA1","2026-08-14T09:32:29.000Z","","","","75.0","false","","770","{""prodPkgEditScreen"":""42118336128985105"",""ownershipAssignmentFieldSetName"":""LLC_BI__Bulk_Ownership_Assignment"",""editCollateralScreen"":""42118336128985105"",""copyCollateralScreen"":""42118336128985105"",""collateralScreenName"":""Collateral Creation Screen"",""collateralCopyFieldSetName"":""LLC_BI__Collateral_Creation_Screen_Configuration"",""collateralCloneFieldSetName"":""LLC_BI__Collateral_Creation_Screen_Configuration"",""addCollateralScreen"":""42118336128985105"",""addChildCollateralScreen"":""42118336128985105""}","","false","","Manage_Collateral_Real_Estate","","","670B7B","fff","custom/custom24","false","a0sWE000002lFs5YAE","false","","","","a0sWE000002lFsCYAU","","Real Estate","","","","a1Lam000009Uq0TEAS","true","Multi-Family",""
"a1lWE000002qxh3YAA","005al00000RVcKvAAL","false","Real Estate-Land-795","2026-08-14T07:02:37.000Z","005al00000RVvFOAA1","2026-08-14T09:32:29.000Z","005al00000RVvFOAA1","2026-08-14T09:32:29.000Z","","","","50.0","false","","795","{""prodPkgEditScreen"":""42118336128985105"",""ownershipAssignmentFieldSetName"":""LLC_BI__Bulk_Ownership_Assignment"",""editCollateralScreen"":""42118336128985105"",""copyCollateralScreen"":""42118336128985105"",""collateralScreenName"":""Collateral Creation Screen"",""collateralCopyFieldSetName"":""LLC_BI__Collateral_Creation_Screen_Configuration"",""collateralCloneFieldSetName"":""LLC_BI__Collateral_Creation_Screen_Configuration"",""addCollateralScreen"":""42118336128985105"",""addChildCollateralScreen"":""42118336128985105""}","","false","","Manage_Collateral_Real_Estate","","","670B7B","fff","custom/custom24","false","a0sWE000002lFs5YAE","false","","","","a0sWE000002lFsCYAU","","Real Estate","","","","a1Lam000009Uq0UEAS","true","Land",""
"a1lWE000002qxh4YAA","005al00000RVcKvAAL","false","Business Assets-Accounts Receivable-1150","2026-08-14T07:02:37.000Z","005al00000RVvFOAA1","2026-08-14T09:32:29.000Z","005al00000RVvFOAA1","2026-08-14T09:32:29.000Z","","","","75.0","false","","1150","{""prodPkgEditScreen"":""42118336128985105"",""ownershipAssignmentFieldSetName"":""LLC_BI__Bulk_Ownership_Assignment"",""editCollateralScreen"":""42118336128985105"",""copyCollateralScreen"":""42118336128985105"",""collateralScreenName"":""Collateral Creation Screen"",""collateralCopyFieldSetName"":""LLC_BI__Collateral_Creation_Screen_Configuration"",""collateralCloneFieldSetName"":""LLC_BI__Collateral_Creation_Screen_Configuration"",""addCollateralScreen"":""42118336128985105"",""addChildCollateralScreen"":""42118336128985105""}","","false","","Manage_Collateral_UCC","","","0092C7","fff","custom/custom32","false","a0sWE000002lFs5YAE","false","","","","a0sWE000002lFs8YAE","","Business Assets","","","","a1Lam000009Uq0VEAS","true","Accounts Receivable",""
"a1lWE000002pnVVYAY","005al00000RVcKvAAL","false","Real Estate-Construction","2026-08-11T16:28:39.000Z","005al00000RVvFOAA1","2026-08-14T09:32:29.000Z","005al00000RVvFOAA1","2026-08-14T09:32:29.000Z","","","","80.0","false","","","{/""prodPkgEditScreen/"":/""723454364762362365/"",/""ownershipAssignmentFieldSetName/"":/""LLC_BI__Bulk_Ownership_Assignment/"",/""editCollateralScreen/"":/""42363993400862416/"",/""copyCollateralScreen/"":/""42363993400862416/"",/""collateralScreenName/"":/""Collateral Creation Screen/"",/""collateralCopyFieldSetName/"":/""LLC_BI__Collateral_Creation_Screen_Configuration/"",/""collateralCloneFieldSetName/"":/""LLC_BI__Collateral_Creation_Screen_Configuration/"",/""addCollateralScreen/"":/""42363993400862416/"",/""addChildCollateralScreen/"":/""42363993400862416/""}","","false","","","","","670B7B","fff","custom/custom24","false","a0sWD00000XnsduYAB","false","","","","a0sWD00000Xnse0YAB","2022-08-01","Real Estate","","","","a1x4W000005mJ8aQAE","true","Construction",""
"a1lWE000002pnVWYAY","005al00000RVcKvAAL","false","Titled-Motor Vehicle","2026-08-11T16:28:39.000Z","005al00000RVvFOAA1","2026-08-14T09:32:29.000Z","005al00000RVvFOAA1","2026-08-14T09:32:29.000Z","","","","80.0","false","","","","","false","","LLC_BI__Manage_Collateral_Titled","","","Ba202E","fff","custom/custom31","false","a0sWD00000XnsduYAB","false","","","","a0sWD00000XnseAYAR","2022-08-01","Titled","","","","a1x4W000005mJ8bQAE","true","Motor Vehicle",""
"a1lWE000002pnVXYAY","005al00000RVcKvAAL","false","Real Estate-1-4 Family","2026-08-11T16:28:39.000Z","005al00000RVvFOAA1","2026-08-14T09:32:29.000Z","005al00000RVvFOAA1","2026-08-14T09:32:29.000Z","","","","80.0","false","","","{/""prodPkgEditScreen/"":/""723454364762362365/"",/""ownershipAssignmentFieldSetName/"":/""LLC_BI__Bulk_Ownership_Assignment/"",/""editCollateralScreen/"":/""42363993400862416/"",/""copyCollateralScreen/"":/""42363993400862416/"",/""collateralScreenName/"":/""Collateral Creation Screen/"",/""collateralCopyFieldSetName/"":/""LLC_BI__Collateral_Creation_Screen_Configuration/"",/""collateralCloneFieldSetName/"":/""LLC_BI__Collateral_Creation_Screen_Configuration/"",/""addCollateralScreen/"":/""42363993400862416/"",/""addChildCollateralScreen/"":/""42363993400862416/""}","","false","","","","","670B7B","fff","custom/custom24","false","a0sWD00000XnsduYAB","false","","","","a0sWD00000Xnse0YAB","2022-08-01","Real Estate","","","","a1x4W000005mJ8cQAE","true","1-4 Family",""
"a1lWE000002pnVYYAY","005al00000RVcKvAAL","false","Titled-Mobile Home","2026-08-11T16:28:39.000Z","005al00000RVvFOAA1","2026-08-14T09:32:29.000Z","005al00000RVvFOAA1","2026-08-14T09:32:29.000Z","","","","80.0","false","","","{/""prodPkgEditScreen/"":/""723454364762362365/"",/""ownershipAssignmentFieldSetName/"":/""LLC_BI__Bulk_Ownership_Assignment/"",/""editCollateralScreen/"":/""42363993400862416/"",/""copyCollateralScreen/"":/""42363993400862416/"",/""collateralScreenName/"":/""Collateral Creation Screen/"",/""collateralCopyFieldSetName/"":/""LLC_BI__Collateral_Creation_Screen_Configuration/"",/""collateralCloneFieldSetName/"":/""LLC_BI__Collateral_Creation_Screen_Configuration/"",/""addCollateralScreen/"":/""42363993400862416/"",/""addChildCollateralScreen/"":/""42363993400862416/""}","","false","","LLC_BI__Manage_Collateral_Titled","","","Ba202E","fff","custom/custom31","false","a0sWD00000XnsduYAB","false","","","","a0sWD00000XnseAYAR","2022-08-01","Titled","","","","a1x4W000005mJ8dQAE","true","Mobile Home",""
"a1lWE000002pnVZYAY","005al00000RVcKvAAL","false","Titled-Pleasure Boat","2026-08-11T16:28:39.000Z","005al00000RVvFOAA1","2026-08-14T09:32:29.000Z","005al00000RVvFOAA1","2026-08-14T09:32:29.000Z","","","","80.0","false","","","{/""prodPkgEditScreen/"":/""723454364762362365/"",/""ownershipAssignmentFieldSetName/"":/""LLC_BI__Bulk_Ownership_Assignment/"",/""editCollateralScreen/"":/""42363993400862416/"",/""copyCollateralScreen/"":/""42363993400862416/"",/""collateralScreenName/"":/""Collateral Creation Screen/"",/""collateralCopyFieldSetName/"":/""LLC_BI__Collateral_Creation_Screen_Configuration/"",/""collateralCloneFieldSetName/"":/""LLC_BI__Collateral_Creation_Screen_Configuration/"",/""addCollateralScreen/"":/""42363993400862416/"",/""addChildCollateralScreen/"":/""42363993400862416/""}","","false","","LLC_BI__Manage_Collateral_Titled","","","Ba202E","fff","custom/custom31","false","a0sWD00000XnsduYAB","false","","","","a0sWD00000XnseAYAR","2022-08-01","Titled","","","","a1x4W000005mJ8eQAE","true","Pleasure Boat",""
"a1lWE000002pnVaYAI","005al00000RVcKvAAL","false","Titled-Ship","2026-08-11T16:28:39.000Z","005al00000RVvFOAA1","2026-08-14T09:32:29.000Z","005al00000RVvFOAA1","2026-08-14T09:32:29.000Z","","","","80.0","false","","","{/""prodPkgEditScreen/"":/""723454364762362365/"",/""ownershipAssignmentFieldSetName/"":/""LLC_BI__Bulk_Ownership_Assignment/"",/""editCollateralScreen/"":/""42363993400862416/"",/""copyCollateralScreen/"":/""42363993400862416/"",/""collateralScreenName/"":/""Collateral Creation Screen/"",/""collateralCopyFieldSetName/"":/""LLC_BI__Collateral_Creation_Screen_Configuration/"",/""collateralCloneFieldSetName/"":/""LLC_BI__Collateral_Creation_Screen_Configuration/"",/""addCollateralScreen/"":/""42363993400862416/"",/""addChildCollateralScreen/"":/""42363993400862416/""}","","false","","LLC_BI__Manage_Collateral_Titled","","","Ba202E","fff","custom/custom31","false","a0sWD00000XnsduYAB","false","","","","a0sWD00000XnseAYAR","2022-08-01","Titled","","","","a1x4W000005mJ8fQAE","true","Ship",""
"a1lWE000002pnVbYAI","005al00000RVcKvAAL","false","Titled-Aircraft","2026-08-11T16:28:39.000Z","005al00000RVvFOAA1","2026-08-14T09:32:29.000Z","005al00000RVvFOAA1","2026-08-14T09:32:29.000Z","","","","80.0","false","","","{/""prodPkgEditScreen/"":/""723454364762362365/"",/""ownershipAssignmentFieldSetName/"":/""LLC_BI__Bulk_Ownership_Assignment/"",/""editCollateralScreen/"":/""42363993400862416/"",/""copyCollateralScreen/"":/""42363993400862416/"",/""collateralScreenName/"":/""Collateral Creation Screen/"",/""collateralCopyFieldSetName/"":/""LLC_BI__Collateral_Creation_Screen_Configuration/"",/""collateralCloneFieldSetName/"":/""LLC_BI__Collateral_Creation_Screen_Configuration/"",/""addCollateralScreen/"":/""42363993400862416/"",/""addChildCollateralScreen/"":/""42363993400862416/""}","","false","","LLC_BI__Manage_Collateral_Titled","","","Ba202E","fff","custom/custom31","false","a0sWD00000XnsduYAB","false","","","","a0sWD00000XnseAYAR","2022-08-01","Titled","","","","a1x4W000005mJ8gQAE","true","Aircraft",""
"a1lWE000002pnVcYAI","005al00000RVcKvAAL","false","Titled-Trailer","2026-08-11T16:28:39.000Z","005al00000RVvFOAA1","2026-08-14T09:32:29.000Z","005al00000RVvFOAA1","2026-08-14T09:32:29.000Z","","","","80.0","false","","","{/""prodPkgEditScreen/"":/""723454364762362365/"",/""ownershipAssignmentFieldSetName/"":/""LLC_BI__Bulk_Ownership_Assignment/"",/""editCollateralScreen/"":/""42363993400862416/"",/""copyCollateralScreen/"":/""42363993400862416/"",/""collateralScreenName/"":/""Collateral Creation Screen/"",/""collateralCopyFieldSetName/"":/""LLC_BI__Collateral_Creation_Screen_Configuration/"",/""collateralCloneFieldSetName/"":/""LLC_BI__Collateral_Creation_Screen_Configuration/"",/""addCollateralScreen/"":/""42363993400862416/"",/""addChildCollateralScreen/"":/""42363993400862416/""}","","false","","LLC_BI__Manage_Collateral_Titled","","","Ba202E","fff","custom/custom31","false","a0sWD00000XnsduYAB","false","","","","a0sWD00000XnseAYAR","2022-08-01","Titled","","","","a1x4W000005mJ8hQAE","true","Trailer",""
"a1lWE000002pnVdYAI","005al00000RVcKvAAL","false","Titled-Other Titled","2026-08-11T16:28:39.000Z","005al00000RVvFOAA1","2026-08-14T09:32:29.000Z","005al00000RVvFOAA1","2026-08-14T09:32:29.000Z","","","","80.0","false","","","{/""prodPkgEditScreen/"":/""723454364762362365/"",/""ownershipAssignmentFieldSetName/"":/""LLC_BI__Bulk_Ownership_Assignment/"",/""editCollateralScreen/"":/""42363993400862416/"",/""copyCollateralScreen/"":/""42363993400862416/"",/""collateralScreenName/"":/""Collateral Creation Screen/"",/""collateralCopyFieldSetName/"":/""LLC_BI__Collateral_Creation_Screen_Configuration/"",/""collateralCloneFieldSetName/"":/""LLC_BI__Collateral_Creation_Screen_Configuration/"",/""addCollateralScreen/"":/""42363993400862416/"",/""addChildCollateralScreen/"":/""42363993400862416/""}","","false","","LLC_BI__Manage_Collateral_Titled","","","Ba202E","fff","custom/custom31","false","a0sWD00000XnsduYAB","false","","","","a0sWD00000XnseAYAR","2022-08-01","Titled","","","","a1x4W000005mJ8iQAE","true","Other Titled",""
"a1lWE000002pnVeYAI","005al00000RVcKvAAL","false","Possessory-Savings/CDs","2026-08-11T16:28:39.000Z","005al00000RVvFOAA1","2026-08-14T09:32:29.000Z","005al00000RVvFOAA1","2026-08-14T09:32:29.000Z","","","","80.0","false","","","{/""prodPkgEditScreen/"":/""723454364762362365/"",/""ownershipAssignmentFieldSetName/"":/""LLC_BI__Bulk_Ownership_Assignment/"",/""editCollateralScreen/"":/""42363993400862416/"",/""copyCollateralScreen/"":/""42363993400862416/"",/""collateralScreenName/"":/""Collateral Creation Screen/"",/""collateralCopyFieldSetName/"":/""LLC_BI__Collateral_Creation_Screen_Configuration/"",/""collateralCloneFieldSetName/"":/""LLC_BI__Collateral_Creation_Screen_Configuration/"",/""addCollateralScreen/"":/""42363993400862416/"",/""addChildCollateralScreen/"":/""42363993400862416/""}","","false","","","","","85BE40","fff","custom/custom17","false","a0sWD00000XnsduYAB","false","","","","a0sWD00000XoCL3YAN","2022-08-01","Possessory","","","","a1x4W000005mJ8jQAE","true","Savings/CDs",""
"a1lWE000002pnVfYAI","005al00000RVcKvAAL","false","Possessory-Securities","2026-08-11T16:28:39.000Z","005al00000RVvFOAA1","2026-08-14T09:32:29.000Z","005al00000RVvFOAA1","2026-08-14T09:32:29.000Z","","","","80.0","false","","","{/""prodPkgEditScreen/"":/""723454364762362365/"",/""ownershipAssignmentFieldSetName/"":/""LLC_BI__Bulk_Ownership_Assignment/"",/""editCollateralScreen/"":/""42363993400862416/"",/""copyCollateralScreen/"":/""42363993400862416/"",/""collateralScreenName/"":/""Collateral Creation Screen/"",/""collateralCopyFieldSetName/"":/""LLC_BI__Collateral_Creation_Screen_Configuration/"",/""collateralCloneFieldSetName/"":/""LLC_BI__Collateral_Creation_Screen_Configuration/"",/""addCollateralScreen/"":/""42363993400862416/"",/""addChildCollateralScreen/"":/""42363993400862416/""}","","false","","","","","85BE40","fff","custom/custom17","false","a0sWD00000XnsduYAB","false","","","","a0sWD00000XoCL3YAN","2022-08-01","Possessory","","","","a1x4W000005mJ8kQAE","true","Securities",""
"a1lWE000002pnVgYAI","005al00000RVcKvAAL","false","Possessory-Note/Instrument","2026-08-11T16:28:39.000Z","005al00000RVvFOAA1","2026-08-14T09:32:29.000Z","005al00000RVvFOAA1","2026-08-14T09:32:29.000Z","","","","80.0","false","","","{/""prodPkgEditScreen/"":/""723454364762362365/"",/""ownershipAssignmentFieldSetName/"":/""LLC_BI__Bulk_Ownership_Assignment/"",/""editCollateralScreen/"":/""42363993400862416/"",/""copyCollateralScreen/"":/""42363993400862416/"",/""collateralScreenName/"":/""Collateral Creation Screen/"",/""collateralCopyFieldSetName/"":/""LLC_BI__Collateral_Creation_Screen_Configuration/"",/""collateralCloneFieldSetName/"":/""LLC_BI__Collateral_Creation_Screen_Configuration/"",/""addCollateralScreen/"":/""42363993400862416/"",/""addChildCollateralScreen/"":/""42363993400862416/""}","","false","","","","","85BE40","fff","custom/custom17","false","a0sWD00000XnsduYAB","false","","","","a0sWD00000XoCL3YAN","2022-08-01","Possessory","","","","a1x4W000005mJ8lQAE","true","Note/Instrument",""
"a1lWE000002pnVhYAI","005al00000RVcKvAAL","false","Possessory-Receipts/Bills","2026-08-11T16:28:39.000Z","005al00000RVvFOAA1","2026-08-14T09:32:29.000Z","005al00000RVvFOAA1","2026-08-14T09:32:29.000Z","","","","80.0","false","","","{/""prodPkgEditScreen/"":/""723454364762362365/"",/""ownershipAssignmentFieldSetName/"":/""LLC_BI__Bulk_Ownership_Assignment/"",/""editCollateralScreen/"":/""42363993400862416/"",/""copyCollateralScreen/"":/""42363993400862416/"",/""collateralScreenName/"":/""Collateral Creation Screen/"",/""collateralCopyFieldSetName/"":/""LLC_BI__Collateral_Creation_Screen_Configuration/"",/""collateralCloneFieldSetName/"":/""LLC_BI__Collateral_Creation_Screen_Configuration/"",/""addCollateralScreen/"":/""42363993400862416/"",/""addChildCollateralScreen/"":/""42363993400862416/""}","","false","","","","","85BE40","fff","custom/custom17","false","a0sWD00000XnsduYAB","false","","","","a0sWD00000XoCL3YAN","2022-08-01","Possessory","","","","a1x4W000005mJ8mQAE","true","Receipts/Bills",""
"a1lWE000002pnViYAI","005al00000RVcKvAAL","false","Possessory-Letter of Credit","2026-08-11T16:28:39.000Z","005al00000RVvFOAA1","2026-08-14T09:32:29.000Z","005al00000RVvFOAA1","2026-08-14T09:32:29.000Z","","","","80.0","false","","","{/""prodPkgEditScreen/"":/""723454364762362365/"",/""ownershipAssignmentFieldSetName/"":/""LLC_BI__Bulk_Ownership_Assignment/"",/""editCollateralScreen/"":/""42363993400862416/"",/""copyCollateralScreen/"":/""42363993400862416/"",/""collateralScreenName/"":/""Collateral Creation Screen/"",/""collateralCopyFieldSetName/"":/""LLC_BI__Collateral_Creation_Screen_Configuration/"",/""collateralCloneFieldSetName/"":/""LLC_BI__Collateral_Creation_Screen_Configuration/"",/""addCollateralScreen/"":/""42363993400862416/"",/""addChildCollateralScreen/"":/""42363993400862416/""}","","false","","","","","85BE40","fff","custom/custom17","false","a0sWD00000XnsduYAB","false","","","","a0sWD00000XoCL3YAN","2022-08-01","Possessory","","","","a1x4W000005mJ8nQAE","true","Letter of Credit",""
"a1lWE000002pnVjYAI","005al00000RVcKvAAL","false","Possessory-Other Possessory","2026-08-11T16:28:39.000Z","005al00000RVvFOAA1","2026-08-14T09:32:29.000Z","005al00000RVvFOAA1","2026-08-14T09:32:29.000Z","","","","80.0","false","","","{/""prodPkgEditScreen/"":/""723454364762362365/"",/""ownershipAssignmentFieldSetName/"":/""LLC_BI__Bulk_Ownership_Assignment/"",/""editCollateralScreen/"":/""42363993400862416/"",/""copyCollateralScreen/"":/""42363993400862416/"",/""collateralScreenName/"":/""Collateral Creation Screen/"",/""collateralCopyFieldSetName/"":/""LLC_BI__Collateral_Creation_Screen_Configuration/"",/""collateralCloneFieldSetName/"":/""LLC_BI__Collateral_Creation_Screen_Configuration/"",/""addCollateralScreen/"":/""42363993400862416/"",/""addChildCollateralScreen/"":/""42363993400862416/""}","","false","","","","","85BE40","fff","custom/custom17","false","a0sWD00000XnsduYAB","false","","","","a0sWD00000XoCL3YAN","2022-08-01","Possessory","","","","a1x4W000005mJ8oQAE","true","Other Possessory",""
"a1lWE000002pnVkYAI","005al00000RVcKvAAL","false","Possessory-Life Insurance","2026-08-11T16:28:39.000Z","005al00000RVvFOAA1","2026-08-14T09:32:29.000Z","005al00000RVvFOAA1","2026-08-14T09:32:29.000Z","","","","80.0","false","","","{/""prodPkgEditScreen/"":/""723454364762362365/"",/""ownershipAssignmentFieldSetName/"":/""LLC_BI__Bulk_Ownership_Assignment/"",/""editCollateralScreen/"":/""42363993400862416/"",/""copyCollateralScreen/"":/""42363993400862416/"",/""collateralScreenName/"":/""Collateral Creation Screen/"",/""collateralCopyFieldSetName/"":/""LLC_BI__Collateral_Creation_Screen_Configuration/"",/""collateralCloneFieldSetName/"":/""LLC_BI__Collateral_Creation_Screen_Configuration/"",/""addCollateralScreen/"":/""42363993400862416/"",/""addChildCollateralScreen/"":/""42363993400862416/""}","","false","","","","","85BE40","fff","custom/custom17","false","a0sWD00000XnsduYAB","false","","","","a0sWD00000XoCL3YAN","2022-08-01","Possessory","","","","a1x4W000005mJ8pQAE","true","Life Insurance",""
"a1lWE000002pnVlYAI","005al00000RVcKvAAL","false","UCC-Inventory","2026-08-11T16:28:39.000Z","005al00000RVvFOAA1","2026-08-14T09:32:29.000Z","005al00000RVvFOAA1","2026-08-14T09:32:29.000Z","","","","80.0","false","","","{/""prodPkgEditScreen/"":/""723454364762362365/"",/""ownershipAssignmentFieldSetName/"":/""LLC_BI__Bulk_Ownership_Assignment/"",/""editCollateralScreen/"":/""42363993400862416/"",/""copyCollateralScreen/"":/""42363993400862416/"",/""collateralScreenName/"":/""Collateral Creation Screen/"",/""collateralCopyFieldSetName/"":/""LLC_BI__Collateral_Creation_Screen_Configuration/"",/""collateralCloneFieldSetName/"":/""LLC_BI__Collateral_Creation_Screen_Configuration/"",/""addCollateralScreen/"":/""42363993400862416/"",/""addChildCollateralScreen/"":/""42363993400862416/""}","","false","","","","","F1B643","fff","custom/custom18","false","a0sWD00000XnsduYAB","false","","","","a0sWD00000XoCL3YAN","2022-08-01","UCC","","","","a1x4W000005mJ8qQAE","true","Inventory",""
"a1lWE000002pnVmYAI","005al00000RVcKvAAL","false","UCC-Chattel Paper","2026-08-11T16:28:39.000Z","005al00000RVvFOAA1","2026-08-14T09:32:29.000Z","005al00000RVvFOAA1","2026-08-14T09:32:29.000Z","","","","80.0","false","","","{/""prodPkgEditScreen/"":/""723454364762362365/"",/""ownershipAssignmentFieldSetName/"":/""LLC_BI__Bulk_Ownership_Assignment/"",/""editCollateralScreen/"":/""42363993400862416/"",/""copyCollateralScreen/"":/""42363993400862416/"",/""collateralScreenName/"":/""Collateral Creation Screen/"",/""collateralCopyFieldSetName/"":/""LLC_BI__Collateral_Creation_Screen_Configuration/"",/""collateralCloneFieldSetName/"":/""LLC_BI__Collateral_Creation_Screen_Configuration/"",/""addCollateralScreen/"":/""42363993400862416/"",/""addChildCollateralScreen/"":/""42363993400862416/""}","","false","","","","","F1B643","fff","custom/custom18","false","a0sWD00000XnsduYAB","false","","","","a0sWD00000XoCL3YAN","2022-08-01","UCC","","","","a1x4W000005mJ8rQAE","true","Chattel Paper",""
"a1lWE000002pnVnYAI","005al00000RVcKvAAL","false","UCC-Accounts","2026-08-11T16:28:39.000Z","005al00000RVvFOAA1","2026-08-14T09:32:29.000Z","005al00000RVvFOAA1","2026-08-14T09:32:29.000Z","","","","80.0","false","","","{/""prodPkgEditScreen/"":/""723454364762362365/"",/""ownershipAssignmentFieldSetName/"":/""LLC_BI__Bulk_Ownership_Assignment/"",/""editCollateralScreen/"":/""42363993400862416/"",/""copyCollateralScreen/"":/""42363993400862416/"",/""collateralScreenName/"":/""Collateral Creation Screen/"",/""collateralCopyFieldSetName/"":/""LLC_BI__Collateral_Creation_Screen_Configuration/"",/""collateralCloneFieldSetName/"":/""LLC_BI__Collateral_Creation_Screen_Configuration/"",/""addCollateralScreen/"":/""42363993400862416/"",/""addChildCollateralScreen/"":/""42363993400862416/""}","","false","","","","","F1B643","fff","custom/custom18","false","a0sWD00000XnsduYAB","false","","","","a0sWD00000XoCL3YAN","2022-08-01","UCC","","","","a1x4W000005mJ8sQAE","true","Accounts",""
"a1lWE000002pnVoYAI","005al00000RVcKvAAL","false","UCC-Equipment","2026-08-11T16:28:39.000Z","005al00000RVvFOAA1","2026-08-14T09:32:29.000Z","005al00000RVvFOAA1","2026-08-14T09:32:29.000Z","","","","80.0","false","","","{/""prodPkgEditScreen/"":/""723454364762362365/"",/""ownershipAssignmentFieldSetName/"":/""LLC_BI__Bulk_Ownership_Assignment/"",/""editCollateralScreen/"":/""42363993400862416/"",/""copyCollateralScreen/"":/""42363993400862416/"",/""collateralScreenName/"":/""Collateral Creation Screen/"",/""collateralCopyFieldSetName/"":/""LLC_BI__Collateral_Creation_Screen_Configuration/"",/""collateralCloneFieldSetName/"":/""LLC_BI__Collateral_Creation_Screen_Configuration/"",/""addCollateralScreen/"":/""42363993400862416/"",/""addChildCollateralScreen/"":/""42363993400862416/""}","","false","","","","","F1B643","fff","custom/custom18","false","a0sWD00000XnsduYAB","false","","","","a0sWD00000XoCL3YAN","2022-08-01","UCC","","","","a1x4W000005mJ8tQAE","true","Equipment",""
"a1lWE000002pnVpYAI","005al00000RVcKvAAL","false","UCC-General Intangibles","2026-08-11T16:28:39.000Z","005al00000RVvFOAA1","2026-08-14T09:32:29.000Z","005al00000RVvFOAA1","2026-08-14T09:32:29.000Z","","","","80.0","false","","","{/""prodPkgEditScreen/"":/""723454364762362365/"",/""ownershipAssignmentFieldSetName/"":/""LLC_BI__Bulk_Ownership_Assignment/"",/""editCollateralScreen/"":/""42363993400862416/"",/""copyCollateralScreen/"":/""42363993400862416/"",/""collateralScreenName/"":/""Collateral Creation Screen/"",/""collateralCopyFieldSetName/"":/""LLC_BI__Collateral_Creation_Screen_Configuration/"",/""collateralCloneFieldSetName/"":/""LLC_BI__Collateral_Creation_Screen_Configuration/"",/""addCollateralScreen/"":/""42363993400862416/"",/""addChildCollateralScreen/"":/""42363993400862416/""}","","false","","","","","F1B643","fff","custom/custom18","false","a0sWD00000XnsduYAB","false","","","","a0sWD00000XoCL3YAN","2022-08-01","UCC","","","","a1x4W000005mJ8uQAE","true","General Intangibles",""
"a1lWE000002pnVqYAI","005al00000RVcKvAAL","false","UCC-Farm Products","2026-08-11T16:28:39.000Z","005al00000RVvFOAA1","2026-08-14T09:32:29.000Z","005al00000RVvFOAA1","2026-08-14T09:32:29.000Z","","","","80.0","false","","","{/""prodPkgEditScreen/"":/""723454364762362365/"",/""ownershipAssignmentFieldSetName/"":/""LLC_BI__Bulk_Ownership_Assignment/"",/""editCollateralScreen/"":/""42363993400862416/"",/""copyCollateralScreen/"":/""42363993400862416/"",/""collateralScreenName/"":/""Collateral Creation Screen/"",/""collateralCopyFieldSetName/"":/""LLC_BI__Collateral_Creation_Screen_Configuration/"",/""collateralCloneFieldSetName/"":/""LLC_BI__Collateral_Creation_Screen_Configuration/"",/""addCollateralScreen/"":/""42363993400862416/"",/""addChildCollateralScreen/"":/""42363993400862416/""}","","false","","","","","F1B643","fff","custom/custom18","false","a0sWD00000XnsduYAB","false","","","","a0sWD00000XoCL3YAN","2022-08-01","UCC","","","","a1x4W000005mJ8vQAE","true","Farm Products",""
"a1lWE000002pnVrYAI","005al00000RVcKvAAL","false","UCC-Livestock","2026-08-11T16:28:39.000Z","005al00000RVvFOAA1","2026-08-14T09:32:29.000Z","005al00000RVvFOAA1","2026-08-14T09:32:29.000Z","","","","80.0","false","","","{/""prodPkgEditScreen/"":/""723454364762362365/"",/""ownershipAssignmentFieldSetName/"":/""LLC_BI__Bulk_Ownership_Assignment/"",/""editCollateralScreen/"":/""42363993400862416/"",/""copyCollateralScreen/"":/""42363993400862416/"",/""collateralScreenName/"":/""Collateral Creation Screen/"",/""collateralCopyFieldSetName/"":/""LLC_BI__Collateral_Creation_Screen_Configuration/"",/""collateralCloneFieldSetName/"":/""LLC_BI__Collateral_Creation_Screen_Configuration/"",/""addCollateralScreen/"":/""42363993400862416/"",/""addChildCollateralScreen/"":/""42363993400862416/""}","","false","","","","","F1B643","fff","custom/custom18","false","a0sWD00000XnsduYAB","false","","","","a0sWD00000XoCL3YAN","2022-08-01","UCC","","","","a1x4W000005mJ8wQAE","true","Livestock",""
"a1lWE000002pnVsYAI","005al00000RVcKvAAL","false","UCC-Farm Equipment","2026-08-11T16:28:39.000Z","005al00000RVvFOAA1","2026-08-14T09:32:29.000Z","005al00000RVvFOAA1","2026-08-14T09:32:29.000Z","","","","80.0","false","","","new collateral configuration","","false","","","","","F1B643","fff","custom/custom18","false","a0sWD00000XnsduYAB","false","","","","a0sWD00000XoCL3YAN","2022-08-01","UCC","","","","a1x4W000005mJ8xQAE","true","Farm Equipment",""
"a1lWE000002pnVtYAI","005al00000RVcKvAAL","false","UCC-Consumer Goods","2026-08-11T16:28:39.000Z","005al00000RVvFOAA1","2026-08-14T09:32:29.000Z","005al00000RVvFOAA1","2026-08-14T09:32:29.000Z","","","","80.0","false","","","{/""prodPkgEditScreen/"":/""723454364762362365/"",/""ownershipAssignmentFieldSetName/"":/""LLC_BI__Bulk_Ownership_Assignment/"",/""editCollateralScreen/"":/""42363993400862416/"",/""copyCollateralScreen/"":/""42363993400862416/"",/""collateralScreenName/"":/""Collateral Creation Screen/"",/""collateralCopyFieldSetName/"":/""LLC_BI__Collateral_Creation_Screen_Configuration/"",/""collateralCloneFieldSetName/"":/""LLC_BI__Collateral_Creation_Screen_Configuration/"",/""addCollateralScreen/"":/""42363993400862416/"",/""addChildCollateralScreen/"":/""42363993400862416/""}","","false","","","","","F1B643","fff","custom/custom18","false","a0sWD00000XnsduYAB","false","","","","a0sWD00000XoCL3YAN","2022-08-01","UCC","","","","a1x4W000005mJ8yQAE","true","Consumer Goods",""
"a1lWE000002pnVuYAI","005al00000RVcKvAAL","false","UCC-Tort Claim","2026-08-11T16:28:39.000Z","005al00000RVvFOAA1","2026-08-14T09:32:29.000Z","005al00000RVvFOAA1","2026-08-14T09:32:29.000Z","","","","80.0","false","","","{/""prodPkgEditScreen/"":/""723454364762362365/"",/""ownershipAssignmentFieldSetName/"":/""LLC_BI__Bulk_Ownership_Assignment/"",/""editCollateralScreen/"":/""42363993400862416/"",/""copyCollateralScreen/"":/""42363993400862416/"",/""collateralScreenName/"":/""Collateral Creation Screen/"",/""collateralCopyFieldSetName/"":/""LLC_BI__Collateral_Creation_Screen_Configuration/"",/""collateralCloneFieldSetName/"":/""LLC_BI__Collateral_Creation_Screen_Configuration/"",/""addCollateralScreen/"":/""42363993400862416/"",/""addChildCollateralScreen/"":/""42363993400862416/""}","","false","","","","","F1B643","fff","custom/custom18","false","a0sWD00000XnsduYAB","false","","","","a0sWD00000XoCL3YAN","2022-08-01","UCC","","","","a1x4W000005mJ8zQAE","true","Tort Claim",""
"a1lWE000002pnVvYAI","005al00000RVcKvAAL","false","UCC-Crops","2026-08-11T16:28:39.000Z","005al00000RVvFOAA1","2026-08-14T09:32:29.000Z","005al00000RVvFOAA1","2026-08-14T09:32:29.000Z","","","","80.0","false","","","{/""prodPkgEditScreen/"":/""723454364762362365/"",/""ownershipAssignmentFieldSetName/"":/""LLC_BI__Bulk_Ownership_Assignment/"",/""editCollateralScreen/"":/""42363993400862416/"",/""copyCollateralScreen/"":/""42363993400862416/"",/""collateralScreenName/"":/""Collateral Creation Screen/"",/""collateralCopyFieldSetName/"":/""LLC_BI__Collateral_Creation_Screen_Configuration/"",/""collateralCloneFieldSetName/"":/""LLC_BI__Collateral_Creation_Screen_Configuration/"",/""addCollateralScreen/"":/""42363993400862416/"",/""addChildCollateralScreen/"":/""42363993400862416/""}","","false","","","","","F1B643","fff","custom/custom18","false","a0sWD00000XnsduYAB","false","","","","a0sWD00000XoCL3YAN","2022-08-01","UCC","","","","a1x4W000005mJ90QAE","true","Crops",""
"a1lWE000002pnVwYAI","005al00000RVcKvAAL","false","UCC-Fixtures","2026-08-11T16:28:39.000Z","005al00000RVvFOAA1","2026-08-14T09:32:29.000Z","005al00000RVvFOAA1","2026-08-14T09:32:29.000Z","","","","80.0","false","","","{/""prodPkgEditScreen/"":/""723454364762362365/"",/""ownershipAssignmentFieldSetName/"":/""LLC_BI__Bulk_Ownership_Assignment/"",/""editCollateralScreen/"":/""42363993400862416/"",/""copyCollateralScreen/"":/""42363993400862416/"",/""collateralScreenName/"":/""Collateral Creation Screen/"",/""collateralCopyFieldSetName/"":/""LLC_BI__Collateral_Creation_Screen_Configuration/"",/""collateralCloneFieldSetName/"":/""LLC_BI__Collateral_Creation_Screen_Configuration/"",/""addCollateralScreen/"":/""42363993400862416/"",/""addChildCollateralScreen/"":/""42363993400862416/""}","","false","","","","","F1B643","fff","custom/custom18","false","a0sWD00000XnsduYAB","false","","","","a0sWD00000XoCL3YAN","2022-08-01","UCC","","","","a1x4W000005mJ91QAE","true","Fixtures",""
"a1lWE000002pnVxYAI","005al00000RVcKvAAL","false","UCC-Standing Timber","2026-08-11T16:28:39.000Z","005al00000RVvFOAA1","2026-08-14T09:32:29.000Z","005al00000RVvFOAA1","2026-08-14T09:32:29.000Z","","","","80.0","false","","","{/""prodPkgEditScreen/"":/""723454364762362365/"",/""ownershipAssignmentFieldSetName/"":/""LLC_BI__Bulk_Ownership_Assignment/"",/""editCollateralScreen/"":/""42363993400862416/"",/""copyCollateralScreen/"":/""42363993400862416/"",/""collateralScreenName/"":/""Collateral Creation Screen/"",/""collateralCopyFieldSetName/"":/""LLC_BI__Collateral_Creation_Screen_Configuration/"",/""collateralCloneFieldSetName/"":/""LLC_BI__Collateral_Creation_Screen_Configuration/"",/""addCollateralScreen/"":/""42363993400862416/"",/""addChildCollateralScreen/"":/""42363993400862416/""}","","false","","","","","F1B643","fff","custom/custom18","false","a0sWD00000XnsduYAB","false","","","","a0sWD00000XoCL3YAN","2022-08-01","UCC","","","","a1x4W000005mJ92QAE","true","Standing Timber",""
"a1lWE000002pnVyYAI","005al00000RVcKvAAL","false","UCC-Minerals, Oil and Gas","2026-08-11T16:28:39.000Z","005al00000RVvFOAA1","2026-08-14T09:32:29.000Z","005al00000RVvFOAA1","2026-08-14T09:32:29.000Z","","","","80.0","false","","","{/""prodPkgEditScreen/"":/""723454364762362365/"",/""ownershipAssignmentFieldSetName/"":/""LLC_BI__Bulk_Ownership_Assignment/"",/""editCollateralScreen/"":/""42363993400862416/"",/""copyCollateralScreen/"":/""42363993400862416/"",/""collateralScreenName/"":/""Collateral Creation Screen/"",/""collateralCopyFieldSetName/"":/""LLC_BI__Collateral_Creation_Screen_Configuration/"",/""collateralCloneFieldSetName/"":/""LLC_BI__Collateral_Creation_Screen_Configuration/"",/""addCollateralScreen/"":/""42363993400862416/"",/""addChildCollateralScreen/"":/""42363993400862416/""}","","false","","","","","F1B643","fff","custom/custom18","false","a0sWD00000XnsduYAB","false","","","","a0sWD00000XoCL3YAN","2022-08-01","UCC","","","","a1x4W000005mJ93QAE","true","Minerals, Oil and Gas",""
"a1lWE000002pnVzYAI","005al00000RVcKvAAL","false","Real Estate-Multi-Family","2026-08-11T16:28:39.000Z","005al00000RVvFOAA1","2026-08-14T09:32:29.000Z","005al00000RVvFOAA1","2026-08-14T09:32:29.000Z","","","","80.0","false","","","{/""prodPkgEditScreen/"":/""723454364762362365/"",/""ownershipAssignmentFieldSetName/"":/""LLC_BI__Bulk_Ownership_Assignment/"",/""editCollateralScreen/"":/""42363993400862416/"",/""copyCollateralScreen/"":/""42363993400862416/"",/""collateralScreenName/"":/""Collateral Creation Screen/"",/""collateralCopyFieldSetName/"":/""LLC_BI__Collateral_Creation_Screen_Configuration/"",/""collateralCloneFieldSetName/"":/""LLC_BI__Collateral_Creation_Screen_Configuration/"",/""addCollateralScreen/"":/""42363993400862416/"",/""addChildCollateralScreen/"":/""42363993400862416/""}","","false","","","","","670B7B","fff","custom/custom24","false","a0sWD00000XnsduYAB","false","","","","a0sWD00000Xnse0YAB","2022-08-01","Real Estate","","","","a1x4W000005mJ94QAE","true","Multi-Family",""
"a1lWE000002pnW0YAI","005al00000RVcKvAAL","false","Real Estate-Lot","2026-08-11T16:28:39.000Z","005al00000RVvFOAA1","2026-08-14T09:32:29.000Z","005al00000RVvFOAA1","2026-08-14T09:32:29.000Z","","","","80.0","false","","","{/""prodPkgEditScreen/"":/""723454364762362365/"",/""ownershipAssignmentFieldSetName/"":/""LLC_BI__Bulk_Ownership_Assignment/"",/""editCollateralScreen/"":/""42363993400862416/"",/""copyCollateralScreen/"":/""42363993400862416/"",/""collateralScreenName/"":/""Collateral Creation Screen/"",/""collateralCopyFieldSetName/"":/""LLC_BI__Collateral_Creation_Screen_Configuration/"",/""collateralCloneFieldSetName/"":/""LLC_BI__Collateral_Creation_Screen_Configuration/"",/""addCollateralScreen/"":/""42363993400862416/"",/""addChildCollateralScreen/"":/""42363993400862416/""}","","false","","","","","670B7B","fff","custom/custom24","false","a0sWD00000XnsduYAB","false","","","","a0sWD00000Xnse0YAB","2022-08-01","Real Estate","","","","a1x4W000005mJ95QAE","true","Lot",""
"a1lWE000002pnW1YAI","005al00000RVcKvAAL","false","Real Estate-Mobile Home","2026-08-11T16:28:39.000Z","005al00000RVvFOAA1","2026-08-14T09:32:29.000Z","005al00000RVvFOAA1","2026-08-14T09:32:29.000Z","","","","80.0","false","","","{/""prodPkgEditScreen/"":/""723454364762362365/"",/""ownershipAssignmentFieldSetName/"":/""LLC_BI__Bulk_Ownership_Assignment/"",/""editCollateralScreen/"":/""42363993400862416/"",/""copyCollateralScreen/"":/""42363993400862416/"",/""collateralScreenName/"":/""Collateral Creation Screen/"",/""collateralCopyFieldSetName/"":/""LLC_BI__Collateral_Creation_Screen_Configuration/"",/""collateralCloneFieldSetName/"":/""LLC_BI__Collateral_Creation_Screen_Configuration/"",/""addCollateralScreen/"":/""42363993400862416/"",/""addChildCollateralScreen/"":/""42363993400862416/""}","","false","","","","","670B7B","fff","custom/custom24","false","a0sWD00000XnsduYAB","false","","","","a0sWD00000Xnse0YAB","2022-08-01","Real Estate","","","","a1x4W000005mJ96QAE","true","Mobile Home",""
"a1lWE000002pnW2YAI","005al00000RVcKvAAL","false","Real Estate-Land","2026-08-11T16:28:39.000Z","005al00000RVvFOAA1","2026-08-14T09:32:29.000Z","005al00000RVvFOAA1","2026-08-14T09:32:29.000Z","","","","80.0","false","","","{/""prodPkgEditScreen/"":/""723454364762362365/"",/""ownershipAssignmentFieldSetName/"":/""LLC_BI__Bulk_Ownership_Assignment/"",/""editCollateralScreen/"":/""42363993400862416/"",/""copyCollateralScreen/"":/""42363993400862416/"",/""collateralScreenName/"":/""Collateral Creation Screen/"",/""collateralCopyFieldSetName/"":/""LLC_BI__Collateral_Creation_Screen_Configuration/"",/""collateralCloneFieldSetName/"":/""LLC_BI__Collateral_Creation_Screen_Configuration/"",/""addCollateralScreen/"":/""42363993400862416/"",/""addChildCollateralScreen/"":/""42363993400862416/""}","","false","","","","","670B7B","fff","custom/custom24","false","a0sWD00000XnsduYAB","false","","","","a0sWD00000Xnse0YAB","2022-08-01","Real Estate","","","","a1x4W000005mJ97QAE","true","Land",""
"a1lWE000002pnW3YAI","005al00000RVcKvAAL","false","Real Estate-Farm Land","2026-08-11T16:28:39.000Z","005al00000RVvFOAA1","2026-08-14T09:32:29.000Z","005al00000RVvFOAA1","2026-08-14T09:32:29.000Z","","","","80.0","false","","","{/""prodPkgEditScreen/"":/""723454364762362365/"",/""ownershipAssignmentFieldSetName/"":/""LLC_BI__Bulk_Ownership_Assignment/"",/""editCollateralScreen/"":/""42363993400862416/"",/""copyCollateralScreen/"":/""42363993400862416/"",/""collateralScreenName/"":/""Collateral Creation Screen/"",/""collateralCopyFieldSetName/"":/""LLC_BI__Collateral_Creation_Screen_Configuration/"",/""collateralCloneFieldSetName/"":/""LLC_BI__Collateral_Creation_Screen_Configuration/"",/""addCollateralScreen/"":/""42363993400862416/"",/""addChildCollateralScreen/"":/""42363993400862416/""}","","false","","","","","670B7B","fff","custom/custom24","false","a0sWD00000XnsduYAB","false","","","","a0sWD00000Xnse0YAB","2022-08-01","Real Estate","","","","a1x4W000005mJ98QAE","true","Farm Land",""
"a1lWE000002pnW4YAI","005al00000RVcKvAAL","false","Real Estate-Office","2026-08-11T16:28:39.000Z","005al00000RVvFOAA1","2026-08-14T09:32:29.000Z","005al00000RVvFOAA1","2026-08-14T09:32:29.000Z","","","","80.0","false","","","{/""prodPkgEditScreen/"":/""723454364762362365/"",/""ownershipAssignmentFieldSetName/"":/""LLC_BI__Bulk_Ownership_Assignment/"",/""editCollateralScreen/"":/""42363993400862416/"",/""copyCollateralScreen/"":/""42363993400862416/"",/""collateralScreenName/"":/""Collateral Creation Screen/"",/""collateralCopyFieldSetName/"":/""LLC_BI__Collateral_Creation_Screen_Configuration/"",/""collateralCloneFieldSetName/"":/""LLC_BI__Collateral_Creation_Screen_Configuration/"",/""addCollateralScreen/"":/""42363993400862416/"",/""addChildCollateralScreen/"":/""42363993400862416/""}","","false","","","","","670B7B","fff","custom/custom24","false","a0sWD00000XnsduYAB","false","","","","a0sWD00000Xnse0YAB","2022-08-01","Real Estate","","","","a1x4W000005mJ99QAE","true","Office",""
"a1lWE000002pnW5YAI","005al00000RVcKvAAL","false","Real Estate-Warehouse","2026-08-11T16:28:39.000Z","005al00000RVvFOAA1","2026-08-14T09:32:29.000Z","005al00000RVvFOAA1","2026-08-14T09:32:29.000Z","","","","80.0","false","","","{/""prodPkgEditScreen/"":/""723454364762362365/"",/""ownershipAssignmentFieldSetName/"":/""LLC_BI__Bulk_Ownership_Assignment/"",/""editCollateralScreen/"":/""42363993400862416/"",/""copyCollateralScreen/"":/""42363993400862416/"",/""collateralScreenName/"":/""Collateral Creation Screen/"",/""collateralCopyFieldSetName/"":/""LLC_BI__Collateral_Creation_Screen_Configuration/"",/""collateralCloneFieldSetName/"":/""LLC_BI__Collateral_Creation_Screen_Configuration/"",/""addCollateralScreen/"":/""42363993400862416/"",/""addChildCollateralScreen/"":/""42363993400862416/""}","","false","","","","","670B7B","fff","custom/custom24","false","a0sWD00000XnsduYAB","false","","","","a0sWD00000Xnse0YAB","2022-08-01","Real Estate","","","","a1x4W000005mJ9AQAU","true","Warehouse",""
"a1lWE000002pnW6YAI","005al00000RVcKvAAL","false","Real Estate-Retail","2026-08-11T16:28:39.000Z","005al00000RVvFOAA1","2026-08-14T09:32:29.000Z","005al00000RVvFOAA1","2026-08-14T09:32:29.000Z","","","","80.0","false","","","{/""prodPkgEditScreen/"":/""723454364762362365/"",/""ownershipAssignmentFieldSetName/"":/""LLC_BI__Bulk_Ownership_Assignment/"",/""editCollateralScreen/"":/""42363993400862416/"",/""copyCollateralScreen/"":/""42363993400862416/"",/""collateralScreenName/"":/""Collateral Creation Screen/"",/""collateralCopyFieldSetName/"":/""LLC_BI__Collateral_Creation_Screen_Configuration/"",/""collateralCloneFieldSetName/"":/""LLC_BI__Collateral_Creation_Screen_Configuration/"",/""addCollateralScreen/"":/""42363993400862416/"",/""addChildCollateralScreen/"":/""42363993400862416/""}","","false","","","","","670B7B","fff","custom/custom24","false","a0sWD00000XnsduYAB","false","","","","a0sWD00000Xnse0YAB","2022-08-01","Real Estate","","","","a1x4W000005mJ9BQAU","true","Retail",""
"a1lWE000002pnW7YAI","005al00000RVcKvAAL","false","Real Estate-Other RE","2026-08-11T16:28:39.000Z","005al00000RVvFOAA1","2026-08-14T09:32:29.000Z","005al00000RVvFOAA1","2026-08-14T09:32:29.000Z","","","","80.0","false","","","{/""prodPkgEditScreen/"":/""723454364762362365/"",/""ownershipAssignmentFieldSetName/"":/""LLC_BI__Bulk_Ownership_Assignment/"",/""editCollateralScreen/"":/""42363993400862416/"",/""copyCollateralScreen/"":/""42363993400862416/"",/""collateralScreenName/"":/""Collateral Creation Screen/"",/""collateralCopyFieldSetName/"":/""LLC_BI__Collateral_Creation_Screen_Configuration/"",/""collateralCloneFieldSetName/"":/""LLC_BI__Collateral_Creation_Screen_Configuration/"",/""addCollateralScreen/"":/""42363993400862416/"",/""addChildCollateralScreen/"":/""42363993400862416/""}","","false","","","","","670B7B","fff","custom/custom24","false","a0sWD00000XnsduYAB","false","","","","a0sWD00000Xnse0YAB","2022-08-01","Real Estate","","","","a1x4W000005mJ9CQAU","true","Other RE",""
"a1lWE000002pnW8YAI","005al00000RVcKvAAL","false","Other-Government Contracts","2026-08-11T16:28:39.000Z","005al00000RVvFOAA1","2026-08-14T09:32:29.000Z","005al00000RVvFOAA1","2026-08-14T09:32:29.000Z","","","","80.0","false","","","{/""prodPkgEditScreen/"":/""723454364762362365/"",/""ownershipAssignmentFieldSetName/"":/""LLC_BI__Bulk_Ownership_Assignment/"",/""editCollateralScreen/"":/""42363993400862416/"",/""copyCollateralScreen/"":/""42363993400862416/"",/""collateralScreenName/"":/""Collateral Creation Screen/"",/""collateralCopyFieldSetName/"":/""LLC_BI__Collateral_Creation_Screen_Configuration/"",/""collateralCloneFieldSetName/"":/""LLC_BI__Collateral_Creation_Screen_Configuration/"",/""addCollateralScreen/"":/""42363993400862416/"",/""addChildCollateralScreen/"":/""42363993400862416/""}","","false","","","","","#62b7ed","#ffffff","standard/work_order","false","a0sWD00000XnsduYAB","false","","","","a0sWD00000XoCL3YAN","2022-08-01","Other","","","","a1x4W000005mJ9DQAU","true","Government Contracts",""
"a1lWD0000019K3mYAE","005al00000RVcKvAAL","false","Real Estate-Construction","2026-04-10T10:03:07.000Z","005al00000RVcKvAAL","2026-08-14T09:32:28.000Z","005al00000RVvFOAA1","2026-08-14T09:32:28.000Z","","","","80.0","false","","","{/""prodPkgEditScreen/"":/""723454364762362365/"",/""ownershipAssignmentFieldSetName/"":/""LLC_BI__Bulk_Ownership_Assignment/"",/""editCollateralScreen/"":/""42363993400862416/"",/""copyCollateralScreen/"":/""42363993400862416/"",/""collateralScreenName/"":/""Collateral Creation Screen/"",/""collateralCopyFieldSetName/"":/""LLC_BI__Collateral_Creation_Screen_Configuration/"",/""collateralCloneFieldSetName/"":/""LLC_BI__Collateral_Creation_Screen_Configuration/"",/""addCollateralScreen/"":/""42363993400862416/"",/""addChildCollateralScreen/"":/""42363993400862416/""}","","false","","","","","670B7B","fff","custom/custom24","false","a0sWD00000XnsduYAB","false","","","","a0sWD00000XoCL3YAN","2023-11-08","Real Estate","","","","a1x5f000000mHAIAA2","true","Construction",""
"a1lWD0000019K3nYAE","005al00000RVcKvAAL","false","Titled-Motor Vehicle","2026-04-10T10:03:07.000Z","005al00000RVcKvAAL","2026-08-14T09:32:28.000Z","005al00000RVvFOAA1","2026-08-14T09:32:28.000Z","","","","80.0","false","","","{/""prodPkgEditScreen/"":/""723454364762362365/"",/""ownershipAssignmentFieldSetName/"":/""LLC_BI__Bulk_Ownership_Assignment/"",/""editCollateralScreen/"":/""42363993400862416/"",/""copyCollateralScreen/"":/""42363993400862416/"",/""collateralScreenName/"":/""Collateral Creation Screen/"",/""collateralCopyFieldSetName/"":/""LLC_BI__Collateral_Creation_Screen_Configuration/"",/""collateralCloneFieldSetName/"":/""LLC_BI__Collateral_Creation_Screen_Configuration/"",/""addCollateralScreen/"":/""42363993400862416/"",/""addChildCollateralScreen/"":/""42363993400862416/""}","","false","","LLC_BI__Manage_Collateral_Titled","","","Ba202E","fff","custom/custom31","false","a0sWD00000XnsduYAB","false","","","","a0sWD00000XoCL3YAN","2023-11-08","Titled","","","","a1x5f000000mHAJAA2","true","Motor Vehicle",""
"a1lWD0000019K3oYAE","005al00000RVcKvAAL","false","Titled-Pleasure Boat","2026-04-10T10:03:07.000Z","005al00000RVcKvAAL","2026-08-14T09:32:28.000Z","005al00000RVvFOAA1","2026-08-14T09:32:28.000Z","","","","80.0","false","","","{/""prodPkgEditScreen/"":/""723454364762362365/"",/""ownershipAssignmentFieldSetName/"":/""LLC_BI__Bulk_Ownership_Assignment/"",/""editCollateralScreen/"":/""42363993400862416/"",/""copyCollateralScreen/"":/""42363993400862416/"",/""collateralScreenName/"":/""Collateral Creation Screen/"",/""collateralCopyFieldSetName/"":/""LLC_BI__Collateral_Creation_Screen_Configuration/"",/""collateralCloneFieldSetName/"":/""LLC_BI__Collateral_Creation_Screen_Configuration/"",/""addCollateralScreen/"":/""42363993400862416/"",/""addChildCollateralScreen/"":/""42363993400862416/""}","","false","","LLC_BI__Manage_Collateral_Titled","","","Ba202E","fff","custom/custom31","false","a0sWD00000XnsduYAB","false","","","","a0sWD00000XoCL3YAN","2023-11-08","Titled","","","","a1x5f000000mHALAA2","true","Pleasure Boat",""
"a1lWD0000019K3pYAE","005al00000RVcKvAAL","false","Titled-Aircraft","2026-04-10T10:03:07.000Z","005al00000RVcKvAAL","2026-08-14T09:32:28.000Z","005al00000RVvFOAA1","2026-08-14T09:32:28.000Z","","","","80.0","false","","","{/""prodPkgEditScreen/"":/""723454364762362365/"",/""ownershipAssignmentFieldSetName/"":/""LLC_BI__Bulk_Ownership_Assignment/"",/""editCollateralScreen/"":/""42363993400862416/"",/""copyCollateralScreen/"":/""42363993400862416/"",/""collateralScreenName/"":/""Collateral Creation Screen/"",/""collateralCopyFieldSetName/"":/""LLC_BI__Collateral_Creation_Screen_Configuration/"",/""collateralCloneFieldSetName/"":/""LLC_BI__Collateral_Creation_Screen_Configuration/"",/""addCollateralScreen/"":/""42363993400862416/"",/""addChildCollateralScreen/"":/""42363993400862416/""}","","false","","LLC_BI__Manage_Collateral_Titled","","","Ba202E","fff","custom/custom31","false","a0sWD00000XnsduYAB","false","","","","a0sWD00000XoCL3YAN","2023-11-08","Titled","","","","a1x5f000000mHAMAA2","true","Aircraft",""
"a1lWD0000019K3qYAE","005al00000RVcKvAAL","false","Titled-Other Titled","2026-04-10T10:03:07.000Z","005al00000RVcKvAAL","2026-08-14T09:32:28.000Z","005al00000RVvFOAA1","2026-08-14T09:32:28.000Z","","","","80.0","false","","","{/""prodPkgEditScreen/"":/""723454364762362365/"",/""ownershipAssignmentFieldSetName/"":/""LLC_BI__Bulk_Ownership_Assignment/"",/""editCollateralScreen/"":/""42363993400862416/"",/""copyCollateralScreen/"":/""42363993400862416/"",/""collateralScreenName/"":/""Collateral Creation Screen/"",/""collateralCopyFieldSetName/"":/""LLC_BI__Collateral_Creation_Screen_Configuration/"",/""collateralCloneFieldSetName/"":/""LLC_BI__Collateral_Creation_Screen_Configuration/"",/""addCollateralScreen/"":/""42363993400862416/"",/""addChildCollateralScreen/"":/""42363993400862416/""}","","false","","LLC_BI__Manage_Collateral_Titled","","","Ba202E","fff","custom/custom31","false","a0sWD00000XnsduYAB","false","","","","a0sWD00000XoCL3YAN","2023-11-08","Titled","","","","a1x5f000000mHANAA2","true","Other Titled",""
"a1lWD0000019K3rYAE","005al00000RVcKvAAL","false","UCC-Inventory","2026-04-10T10:03:07.000Z","005al00000RVcKvAAL","2026-08-14T09:32:28.000Z","005al00000RVvFOAA1","2026-08-14T09:32:28.000Z","","","","80.0","false","","","{/""prodPkgEditScreen/"":/""723454364762362365/"",/""ownershipAssignmentFieldSetName/"":/""LLC_BI__Bulk_Ownership_Assignment/"",/""editCollateralScreen/"":/""42363993400862416/"",/""copyCollateralScreen/"":/""42363993400862416/"",/""collateralScreenName/"":/""Collateral Creation Screen/"",/""collateralCopyFieldSetName/"":/""LLC_BI__Collateral_Creation_Screen_Configuration/"",/""collateralCloneFieldSetName/"":/""LLC_BI__Collateral_Creation_Screen_Configuration/"",/""addCollateralScreen/"":/""42363993400862416/"",/""addChildCollateralScreen/"":/""42363993400862416/""}","","false","","","","","F1B643","fff","custom/custom18","false","a0sWD00000XnsduYAB","false","","","","a0sWD00000XoCL3YAN","2023-11-08","UCC","","","","a1x5f000000mHAOAA2","true","Inventory",""
"a1lWD0000019K3sYAE","005al00000RVcKvAAL","false","UCC-Equipment","2026-04-10T10:03:07.000Z","005al00000RVcKvAAL","2026-08-14T09:32:28.000Z","005al00000RVvFOAA1","2026-08-14T09:32:28.000Z","","","","80.0","false","","","{/""prodPkgEditScreen/"":/""723454364762362365/"",/""ownershipAssignmentFieldSetName/"":/""LLC_BI__Bulk_Ownership_Assignment/"",/""editCollateralScreen/"":/""42363993400862416/"",/""copyCollateralScreen/"":/""42363993400862416/"",/""collateralScreenName/"":/""Collateral Creation Screen/"",/""collateralCopyFieldSetName/"":/""LLC_BI__Collateral_Creation_Screen_Configuration/"",/""collateralCloneFieldSetName/"":/""LLC_BI__Collateral_Creation_Screen_Configuration/"",/""addCollateralScreen/"":/""42363993400862416/"",/""addChildCollateralScreen/"":/""42363993400862416/""}","","false","","","","","F1B643","fff","custom/custom18","false","a0sWD00000XnsduYAB","false","","","","a0sWD00000XoCL3YAN","2023-11-08","UCC","","","","a1x5f000000mHAQAA2","true","Equipment",""
"a1lWD0000019K3tYAE","005al00000RVcKvAAL","false","UCC-Tort Claim","2026-04-10T10:03:07.000Z","005al00000RVcKvAAL","2026-08-14T09:32:28.000Z","005al00000RVvFOAA1","2026-08-14T09:32:28.000Z","","","","80.0","false","","","{/""prodPkgEditScreen/"":/""723454364762362365/"",/""ownershipAssignmentFieldSetName/"":/""LLC_BI__Bulk_Ownership_Assignment/"",/""editCollateralScreen/"":/""42363993400862416/"",/""copyCollateralScreen/"":/""42363993400862416/"",/""collateralScreenName/"":/""Collateral Creation Screen/"",/""collateralCopyFieldSetName/"":/""LLC_BI__Collateral_Creation_Screen_Configuration/"",/""collateralCloneFieldSetName/"":/""LLC_BI__Collateral_Creation_Screen_Configuration/"",/""addCollateralScreen/"":/""42363993400862416/"",/""addChildCollateralScreen/"":/""42363993400862416/""}","","false","","","","","F1B643","fff","custom/custom18","false","a0sWD00000XnsduYAB","false","","","","a0sWD00000XoCL3YAN","2023-11-08","UCC","","","","a1x5f000000mHARAA2","true","Tort Claim",""
"a1lWD0000019K3uYAE","005al00000RVcKvAAL","false","UCC-Fixtures","2026-04-10T10:03:07.000Z","005al00000RVcKvAAL","2026-08-14T09:32:28.000Z","005al00000RVvFOAA1","2026-08-14T09:32:28.000Z","","","","80.0","false","","","{/""prodPkgEditScreen/"":/""723454364762362365/"",/""ownershipAssignmentFieldSetName/"":/""LLC_BI__Bulk_Ownership_Assignment/"",/""editCollateralScreen/"":/""42363993400862416/"",/""copyCollateralScreen/"":/""42363993400862416/"",/""collateralScreenName/"":/""Collateral Creation Screen/"",/""collateralCopyFieldSetName/"":/""LLC_BI__Collateral_Creation_Screen_Configuration/"",/""collateralCloneFieldSetName/"":/""LLC_BI__Collateral_Creation_Screen_Configuration/"",/""addCollateralScreen/"":/""42363993400862416/"",/""addChildCollateralScreen/"":/""42363993400862416/""}","","false","","","","","F1B643","fff","custom/custom18","false","a0sWD00000XnsduYAB","false","","","","a0sWD00000XoCL3YAN","2023-11-08","UCC","","","","a1x5f000000mHASAA2","true","Fixtures",""
"a1lWD0000019K3vYAE","005al00000RVcKvAAL","false","Real Estate-1-4 Family","2026-04-10T10:03:07.000Z","005al00000RVcKvAAL","2026-08-14T09:32:28.000Z","005al00000RVvFOAA1","2026-08-14T09:32:28.000Z","","","","80.0","false","","","{/""prodPkgEditScreen/"":/""723454364762362365/"",/""ownershipAssignmentFieldSetName/"":/""LLC_BI__Bulk_Ownership_Assignment/"",/""editCollateralScreen/"":/""42363993400862416/"",/""copyCollateralScreen/"":/""42363993400862416/"",/""collateralScreenName/"":/""Collateral Creation Screen/"",/""collateralCopyFieldSetName/"":/""LLC_BI__Collateral_Creation_Screen_Configuration/"",/""collateralCloneFieldSetName/"":/""LLC_BI__Collateral_Creation_Screen_Configuration/"",/""addCollateralScreen/"":/""42363993400862416/"",/""addChildCollateralScreen/"":/""42363993400862416/""}","","false","","","","","670B7B","fff","custom/custom24","false","a0sWD00000XnsduYAB","false","","","","a0sWD00000XoCL3YAN","2023-08-15","Real Estate","","","","a1x5f000000mHBBAA2","true","1-4 Family",""
"a1lWD0000019K3wYAE","005al00000RVcKvAAL","false","Titled-Mobile Home","2026-04-10T10:03:07.000Z","005al00000RVcKvAAL","2026-08-14T09:32:28.000Z","005al00000RVvFOAA1","2026-08-14T09:32:28.000Z","","","","80.0","false","","","{/""prodPkgEditScreen/"":/""723454364762362365/"",/""ownershipAssignmentFieldSetName/"":/""LLC_BI__Bulk_Ownership_Assignment/"",/""editCollateralScreen/"":/""42363993400862416/"",/""copyCollateralScreen/"":/""42363993400862416/"",/""collateralScreenName/"":/""Collateral Creation Screen/"",/""collateralCopyFieldSetName/"":/""LLC_BI__Collateral_Creation_Screen_Configuration/"",/""collateralCloneFieldSetName/"":/""LLC_BI__Collateral_Creation_Screen_Configuration/"",/""addCollateralScreen/"":/""42363993400862416/"",/""addChildCollateralScreen/"":/""42363993400862416/""}","","false","","LLC_BI__Manage_Collateral_Titled","","","Ba202E","fff","custom/custom31","false","a0sWD00000XnsduYAB","false","","","","a0sWD00000XoCL3YAN","2023-08-15","Titled","","","","a1x5f000000mHBCAA2","true","Mobile Home",""
"a1lWD0000019K3xYAE","005al00000RVcKvAAL","false","Titled-Ship","2026-04-10T10:03:07.000Z","005al00000RVcKvAAL","2026-08-14T09:32:28.000Z","005al00000RVvFOAA1","2026-08-14T09:32:28.000Z","","","","80.0","false","","","{/""prodPkgEditScreen/"":/""723454364762362365/"",/""ownershipAssignmentFieldSetName/"":/""LLC_BI__Bulk_Ownership_Assignment/"",/""editCollateralScreen/"":/""42363993400862416/"",/""copyCollateralScreen/"":/""42363993400862416/"",/""collateralScreenName/"":/""Collateral Creation Screen/"",/""collateralCopyFieldSetName/"":/""LLC_BI__Collateral_Creation_Screen_Configuration/"",/""collateralCloneFieldSetName/"":/""LLC_BI__Collateral_Creation_Screen_Configuration/"",/""addCollateralScreen/"":/""42363993400862416/"",/""addChildCollateralScreen/"":/""42363993400862416/""}","","false","","LLC_BI__Manage_Collateral_Titled","","","Ba202E","fff","custom/custom31","false","a0sWD00000XnsduYAB","false","","","","a0sWD00000XoCL3YAN","2023-08-15","Titled","","","","a1x5f000000mHBEAA2","true","Ship",""
"a1lWD0000019K3yYAE","005al00000RVcKvAAL","false","Titled-Trailer","2026-04-10T10:03:07.000Z","005al00000RVcKvAAL","2026-08-14T09:32:28.000Z","005al00000RVvFOAA1","2026-08-14T09:32:28.000Z","","","","80.0","false","","","{/""prodPkgEditScreen/"":/""723454364762362365/"",/""ownershipAssignmentFieldSetName/"":/""LLC_BI__Bulk_Ownership_Assignment/"",/""editCollateralScreen/"":/""42363993400862416/"",/""copyCollateralScreen/"":/""42363993400862416/"",/""collateralScreenName/"":/""Collateral Creation Screen/"",/""collateralCopyFieldSetName/"":/""LLC_BI__Collateral_Creation_Screen_Configuration/"",/""collateralCloneFieldSetName/"":/""LLC_BI__Collateral_Creation_Screen_Configuration/"",/""addCollateralScreen/"":/""42363993400862416/"",/""addChildCollateralScreen/"":/""42363993400862416/""}","","false","","LLC_BI__Manage_Collateral_Titled","","","Ba202E","fff","custom/custom31","false","a0sWD00000XnsduYAB","false","","","","a0sWD00000XoCL3YAN","2023-08-15","Titled","","","","a1x5f000000mHBGAA2","true","Trailer",""
"a1lWD0000019K3zYAE","005al00000RVcKvAAL","false","Possessory-Savings/CDs","2026-04-10T10:03:07.000Z","005al00000RVcKvAAL","2026-08-14T09:32:28.000Z","005al00000RVvFOAA1","2026-08-14T09:32:28.000Z","","","","80.0","false","","","{/""prodPkgEditScreen/"":/""723454364762362365/"",/""ownershipAssignmentFieldSetName/"":/""LLC_BI__Bulk_Ownership_Assignment/"",/""editCollateralScreen/"":/""42363993400862416/"",/""copyCollateralScreen/"":/""42363993400862416/"",/""collateralScreenName/"":/""Collateral Creation Screen/"",/""collateralCopyFieldSetName/"":/""LLC_BI__Collateral_Creation_Screen_Configuration/"",/""collateralCloneFieldSetName/"":/""LLC_BI__Collateral_Creation_Screen_Configuration/"",/""addCollateralScreen/"":/""42363993400862416/"",/""addChildCollateralScreen/"":/""42363993400862416/""}","","false","","","","","85BE40","fff","custom/custom17","false","a0sWD00000XnsduYAB","false","","","","a0sWD00000XoCL3YAN","2023-08-15","Possessory","","","","a1x5f000000mHBIAA2","true","Savings/CDs",""
"a1lWD0000019K40YAE","005al00000RVcKvAAL","false","Possessory-Securities","2026-04-10T10:03:07.000Z","005al00000RVcKvAAL","2026-08-14T09:32:28.000Z","005al00000RVvFOAA1","2026-08-14T09:32:28.000Z","","","","80.0","false","","","{/""prodPkgEditScreen/"":/""723454364762362365/"",/""ownershipAssignmentFieldSetName/"":/""LLC_BI__Bulk_Ownership_Assignment/"",/""editCollateralScreen/"":/""42363993400862416/"",/""copyCollateralScreen/"":/""42363993400862416/"",/""collateralScreenName/"":/""Collateral Creation Screen/"",/""collateralCopyFieldSetName/"":/""LLC_BI__Collateral_Creation_Screen_Configuration/"",/""collateralCloneFieldSetName/"":/""LLC_BI__Collateral_Creation_Screen_Configuration/"",/""addCollateralScreen/"":/""42363993400862416/"",/""addChildCollateralScreen/"":/""42363993400862416/""}","","false","","","","","85BE40","fff","custom/custom17","false","a0sWD00000XnsduYAB","false","","","","a0sWD00000XoCL3YAN","2023-08-15","Possessory","","","","a1x5f000000mHBJAA2","true","Securities",""
"a1lWD0000019K41YAE","005al00000RVcKvAAL","false","Possessory-Note/Instrument","2026-04-10T10:03:07.000Z","005al00000RVcKvAAL","2026-08-14T09:32:28.000Z","005al00000RVvFOAA1","2026-08-14T09:32:28.000Z","","","","80.0","false","","","{/""prodPkgEditScreen/"":/""723454364762362365/"",/""ownershipAssignmentFieldSetName/"":/""LLC_BI__Bulk_Ownership_Assignment/"",/""editCollateralScreen/"":/""42363993400862416/"",/""copyCollateralScreen/"":/""42363993400862416/"",/""collateralScreenName/"":/""Collateral Creation Screen/"",/""collateralCopyFieldSetName/"":/""LLC_BI__Collateral_Creation_Screen_Configuration/"",/""collateralCloneFieldSetName/"":/""LLC_BI__Collateral_Creation_Screen_Configuration/"",/""addCollateralScreen/"":/""42363993400862416/"",/""addChildCollateralScreen/"":/""42363993400862416/""}","","false","","","","","85BE40","fff","custom/custom17","false","a0sWD00000XnsduYAB","false","","","","a0sWD00000XoCL3YAN","2023-08-15","Possessory","","","","a1x5f000000mHBKAA2","true","Note/Instrument",""
"a1lWD0000019K42YAE","005al00000RVcKvAAL","false","Possessory-Receipts/Bills","2026-04-10T10:03:07.000Z","005al00000RVcKvAAL","2026-08-14T09:32:28.000Z","005al00000RVvFOAA1","2026-08-14T09:32:28.000Z","","","","80.0","false","","","{/""prodPkgEditScreen/"":/""723454364762362365/"",/""ownershipAssignmentFieldSetName/"":/""LLC_BI__Bulk_Ownership_Assignment/"",/""editCollateralScreen/"":/""42363993400862416/"",/""copyCollateralScreen/"":/""42363993400862416/"",/""collateralScreenName/"":/""Collateral Creation Screen/"",/""collateralCopyFieldSetName/"":/""LLC_BI__Collateral_Creation_Screen_Configuration/"",/""collateralCloneFieldSetName/"":/""LLC_BI__Collateral_Creation_Screen_Configuration/"",/""addCollateralScreen/"":/""42363993400862416/"",/""addChildCollateralScreen/"":/""42363993400862416/""}","","false","","","","","85BE40","fff","custom/custom17","false","a0sWD00000XnsduYAB","false","","","","a0sWD00000XoCL3YAN","2023-08-15","Possessory","","","","a1x5f000000mHBLAA2","true","Receipts/Bills",""
"a1lWD0000019K43YAE","005al00000RVcKvAAL","false","Possessory-Letter of Credit","2026-04-10T10:03:07.000Z","005al00000RVcKvAAL","2026-08-14T09:32:28.000Z","005al00000RVvFOAA1","2026-08-14T09:32:28.000Z","","","","80.0","false","","","{/""prodPkgEditScreen/"":/""723454364762362365/"",/""ownershipAssignmentFieldSetName/"":/""LLC_BI__Bulk_Ownership_Assignment/"",/""editCollateralScreen/"":/""42363993400862416/"",/""copyCollateralScreen/"":/""42363993400862416/"",/""collateralScreenName/"":/""Collateral Creation Screen/"",/""collateralCopyFieldSetName/"":/""LLC_BI__Collateral_Creation_Screen_Configuration/"",/""collateralCloneFieldSetName/"":/""LLC_BI__Collateral_Creation_Screen_Configuration/"",/""addCollateralScreen/"":/""42363993400862416/"",/""addChildCollateralScreen/"":/""42363993400862416/""}","","false","","","","","85BE40","fff","custom/custom17","false","a0sWD00000XnsduYAB","false","","","","a0sWD00000XoCL3YAN","2023-08-15","Possessory","","","","a1x5f000000mHBMAA2","true","Letter of Credit",""
"a1lWD0000019K44YAE","005al00000RVcKvAAL","false","Possessory-Other Possessory","2026-04-10T10:03:07.000Z","005al00000RVcKvAAL","2026-08-14T09:32:28.000Z","005al00000RVvFOAA1","2026-08-14T09:32:28.000Z","","","","80.0","false","","","{/""prodPkgEditScreen/"":/""723454364762362365/"",/""ownershipAssignmentFieldSetName/"":/""LLC_BI__Bulk_Ownership_Assignment/"",/""editCollateralScreen/"":/""42363993400862416/"",/""copyCollateralScreen/"":/""42363993400862416/"",/""collateralScreenName/"":/""Collateral Creation Screen/"",/""collateralCopyFieldSetName/"":/""LLC_BI__Collateral_Creation_Screen_Configuration/"",/""collateralCloneFieldSetName/"":/""LLC_BI__Collateral_Creation_Screen_Configuration/"",/""addCollateralScreen/"":/""42363993400862416/"",/""addChildCollateralScreen/"":/""42363993400862416/""}","","false","","","","","85BE40","fff","custom/custom17","false","a0sWD00000XnsduYAB","false","","","","a0sWD00000XoCL3YAN","2023-08-15","Possessory","","","","a1x5f000000mHBNAA2","true","Other Possessory",""
"a1lWD0000019K45YAE","005al00000RVcKvAAL","false","Possessory-Life Insurance","2026-04-10T10:03:07.000Z","005al00000RVcKvAAL","2026-08-14T09:32:28.000Z","005al00000RVvFOAA1","2026-08-14T09:32:28.000Z","","","","80.0","false","","","{/""prodPkgEditScreen/"":/""723454364762362365/"",/""ownershipAssignmentFieldSetName/"":/""LLC_BI__Bulk_Ownership_Assignment/"",/""editCollateralScreen/"":/""42363993400862416/"",/""copyCollateralScreen/"":/""42363993400862416/"",/""collateralScreenName/"":/""Collateral Creation Screen/"",/""collateralCopyFieldSetName/"":/""LLC_BI__Collateral_Creation_Screen_Configuration/"",/""collateralCloneFieldSetName/"":/""LLC_BI__Collateral_Creation_Screen_Configuration/"",/""addCollateralScreen/"":/""42363993400862416/"",/""addChildCollateralScreen/"":/""42363993400862416/""}","","false","","","","","85BE40","fff","custom/custom17","false","a0sWD00000XnsduYAB","false","","","","a0sWD00000XoCL3YAN","2023-08-15","Possessory","","","","a1x5f000000mHBOAA2","true","Life Insurance",""
"a1lWD0000019K46YAE","005al00000RVcKvAAL","false","UCC-Chattel Paper","2026-04-10T10:03:07.000Z","005al00000RVcKvAAL","2026-08-14T09:32:28.000Z","005al00000RVvFOAA1","2026-08-14T09:32:28.000Z","","","","80.0","false","","","{/""prodPkgEditScreen/"":/""723454364762362365/"",/""ownershipAssignmentFieldSetName/"":/""LLC_BI__Bulk_Ownership_Assignment/"",/""editCollateralScreen/"":/""42363993400862416/"",/""copyCollateralScreen/"":/""42363993400862416/"",/""collateralScreenName/"":/""Collateral Creation Screen/"",/""collateralCopyFieldSetName/"":/""LLC_BI__Collateral_Creation_Screen_Configuration/"",/""collateralCloneFieldSetName/"":/""LLC_BI__Collateral_Creation_Screen_Configuration/"",/""addCollateralScreen/"":/""42363993400862416/"",/""addChildCollateralScreen/"":/""42363993400862416/""}","","false","","","","","F1B643","fff","custom/custom18","false","a0sWD00000XnsduYAB","false","","","","a0sWD00000XoCL3YAN","2023-08-15","UCC","","","","a1x5f000000mHBQAA2","true","Chattel Paper",""
"a1lWD0000019K47YAE","005al00000RVcKvAAL","false","UCC-Accounts","2026-04-10T10:03:07.000Z","005al00000RVcKvAAL","2026-08-14T09:32:28.000Z","005al00000RVvFOAA1","2026-08-14T09:32:28.000Z","","","","80.0","false","","","{/""prodPkgEditScreen/"":/""723454364762362365/"",/""ownershipAssignmentFieldSetName/"":/""LLC_BI__Bulk_Ownership_Assignment/"",/""editCollateralScreen/"":/""42363993400862416/"",/""copyCollateralScreen/"":/""42363993400862416/"",/""collateralScreenName/"":/""Collateral Creation Screen/"",/""collateralCopyFieldSetName/"":/""LLC_BI__Collateral_Creation_Screen_Configuration/"",/""collateralCloneFieldSetName/"":/""LLC_BI__Collateral_Creation_Screen_Configuration/"",/""addCollateralScreen/"":/""42363993400862416/"",/""addChildCollateralScreen/"":/""42363993400862416/""}","","false","","","","","F1B643","fff","custom/custom18","false","a0sWD00000XnsduYAB","false","","","","a0sWD00000XoCL3YAN","2023-08-15","UCC","","","","a1x5f000000mHBRAA2","true","Accounts",""
"a1lWD0000019K48YAE","005al00000RVcKvAAL","false","UCC-General Intangibles","2026-04-10T10:03:07.000Z","005al00000RVcKvAAL","2026-08-14T09:32:28.000Z","005al00000RVvFOAA1","2026-08-14T09:32:28.000Z","","","","80.0","false","","","{/""prodPkgEditScreen/"":/""723454364762362365/"",/""ownershipAssignmentFieldSetName/"":/""LLC_BI__Bulk_Ownership_Assignment/"",/""editCollateralScreen/"":/""42363993400862416/"",/""copyCollateralScreen/"":/""42363993400862416/"",/""collateralScreenName/"":/""Collateral Creation Screen/"",/""collateralCopyFieldSetName/"":/""LLC_BI__Collateral_Creation_Screen_Configuration/"",/""collateralCloneFieldSetName/"":/""LLC_BI__Collateral_Creation_Screen_Configuration/"",/""addCollateralScreen/"":/""42363993400862416/"",/""addChildCollateralScreen/"":/""42363993400862416/""}","","false","","","","","F1B643","fff","custom/custom18","false","a0sWD00000XnsduYAB","false","","","","a0sWD00000XoCL3YAN","2023-08-15","UCC","","","","a1x5f000000mHBTAA2","true","General Intangibles",""
"a1lWD0000019K49YAE","005al00000RVcKvAAL","false","UCC-Farm Products","2026-04-10T10:03:07.000Z","005al00000RVcKvAAL","2026-08-14T09:32:28.000Z","005al00000RVvFOAA1","2026-08-14T09:32:28.000Z","","","","80.0","false","","","{/""prodPkgEditScreen/"":/""723454364762362365/"",/""ownershipAssignmentFieldSetName/"":/""LLC_BI__Bulk_Ownership_Assignment/"",/""editCollateralScreen/"":/""42363993400862416/"",/""copyCollateralScreen/"":/""42363993400862416/"",/""collateralScreenName/"":/""Collateral Creation Screen/"",/""collateralCopyFieldSetName/"":/""LLC_BI__Collateral_Creation_Screen_Configuration/"",/""collateralCloneFieldSetName/"":/""LLC_BI__Collateral_Creation_Screen_Configuration/"",/""addCollateralScreen/"":/""42363993400862416/"",/""addChildCollateralScreen/"":/""42363993400862416/""}","","false","","","","","F1B643","fff","custom/custom18","false","a0sWD00000XnsduYAB","false","","","","a0sWD00000XoCL3YAN","2023-08-15","UCC","","","","a1x5f000000mHBUAA2","true","Farm Products",""
"a1lWD0000019K4AYAU","005al00000RVcKvAAL","false","UCC-Livestock","2026-04-10T10:03:07.000Z","005al00000RVcKvAAL","2026-08-14T09:32:28.000Z","005al00000RVvFOAA1","2026-08-14T09:32:28.000Z","","","","80.0","false","","","{/""prodPkgEditScreen/"":/""723454364762362365/"",/""ownershipAssignmentFieldSetName/"":/""LLC_BI__Bulk_Ownership_Assignment/"",/""editCollateralScreen/"":/""42363993400862416/"",/""copyCollateralScreen/"":/""42363993400862416/"",/""collateralScreenName/"":/""Collateral Creation Screen/"",/""collateralCopyFieldSetName/"":/""LLC_BI__Collateral_Creation_Screen_Configuration/"",/""collateralCloneFieldSetName/"":/""LLC_BI__Collateral_Creation_Screen_Configuration/"",/""addCollateralScreen/"":/""42363993400862416/"",/""addChildCollateralScreen/"":/""42363993400862416/""}","","false","","","","","F1B643","fff","custom/custom18","false","a0sWD00000XnsduYAB","false","","","","a0sWD00000XoCL3YAN","2023-08-15","UCC","","","","a1x5f000000mHBVAA2","true","Livestock",""
"a1lWD0000019K4BYAU","005al00000RVcKvAAL","false","UCC-Farm Equipment","2026-04-10T10:03:07.000Z","005al00000RVcKvAAL","2026-08-14T09:32:28.000Z","005al00000RVvFOAA1","2026-08-14T09:32:28.000Z","","","","80.0","false","","","{/""prodPkgEditScreen/"":/""723454364762362365/"",/""ownershipAssignmentFieldSetName/"":/""LLC_BI__Bulk_Ownership_Assignment/"",/""editCollateralScreen/"":/""42363993400862416/"",/""copyCollateralScreen/"":/""42363993400862416/"",/""collateralScreenName/"":/""Collateral Creation Screen/"",/""collateralCopyFieldSetName/"":/""LLC_BI__Collateral_Creation_Screen_Configuration/"",/""collateralCloneFieldSetName/"":/""LLC_BI__Collateral_Creation_Screen_Configuration/"",/""addCollateralScreen/"":/""42363993400862416/"",/""addChildCollateralScreen/"":/""42363993400862416/""}","","false","","","","","F1B643","fff","custom/custom18","false","a0sWD00000XnsduYAB","false","","","","a0sWD00000XoCL3YAN","2023-08-15","UCC","","","","a1x5f000000mHBWAA2","true","Farm Equipment",""
"a1lWD0000019K4CYAU","005al00000RVcKvAAL","false","UCC-Consumer Goods","2026-04-10T10:03:07.000Z","005al00000RVcKvAAL","2026-08-14T09:32:28.000Z","005al00000RVvFOAA1","2026-08-14T09:32:28.000Z","","","","80.0","false","","","{/""prodPkgEditScreen/"":/""723454364762362365/"",/""ownershipAssignmentFieldSetName/"":/""LLC_BI__Bulk_Ownership_Assignment/"",/""editCollateralScreen/"":/""42363993400862416/"",/""copyCollateralScreen/"":/""42363993400862416/"",/""collateralScreenName/"":/""Collateral Creation Screen/"",/""collateralCopyFieldSetName/"":/""LLC_BI__Collateral_Creation_Screen_Configuration/"",/""collateralCloneFieldSetName/"":/""LLC_BI__Collateral_Creation_Screen_Configuration/"",/""addCollateralScreen/"":/""42363993400862416/"",/""addChildCollateralScreen/"":/""42363993400862416/""}","","false","","","","","F1B643","fff","custom/custom18","false","a0sWD00000XnsduYAB","false","","","","a0sWD00000XoCL3YAN","2023-08-15","UCC","","","","a1x5f000000mHBXAA2","true","Consumer Goods",""
"a1lWD0000019K4DYAU","005al00000RVcKvAAL","false","UCC-Crops","2026-04-10T10:03:07.000Z","005al00000RVcKvAAL","2026-08-14T09:32:28.000Z","005al00000RVvFOAA1","2026-08-14T09:32:28.000Z","","","","80.0","false","","","{/""prodPkgEditScreen/"":/""723454364762362365/"",/""ownershipAssignmentFieldSetName/"":/""LLC_BI__Bulk_Ownership_Assignment/"",/""editCollateralScreen/"":/""42363993400862416/"",/""copyCollateralScreen/"":/""42363993400862416/"",/""collateralScreenName/"":/""Collateral Creation Screen/"",/""collateralCopyFieldSetName/"":/""LLC_BI__Collateral_Creation_Screen_Configuration/"",/""collateralCloneFieldSetName/"":/""LLC_BI__Collateral_Creation_Screen_Configuration/"",/""addCollateralScreen/"":/""42363993400862416/"",/""addChildCollateralScreen/"":/""42363993400862416/""}","","false","","","","","F1B643","fff","custom/custom18","false","a0sWD00000XnsduYAB","false","","","","a0sWD00000XoCL3YAN","2023-08-15","UCC","","","","a1x5f000000mHBZAA2","true","Crops",""
"a1lWD0000019K4EYAU","005al00000RVcKvAAL","false","UCC-Standing Timber","2026-04-10T10:03:07.000Z","005al00000RVcKvAAL","2026-08-14T09:32:28.000Z","005al00000RVvFOAA1","2026-08-14T09:32:28.000Z","","","","80.0","false","","","{/""prodPkgEditScreen/"":/""723454364762362365/"",/""ownershipAssignmentFieldSetName/"":/""LLC_BI__Bulk_Ownership_Assignment/"",/""editCollateralScreen/"":/""42363993400862416/"",/""copyCollateralScreen/"":/""42363993400862416/"",/""collateralScreenName/"":/""Collateral Creation Screen/"",/""collateralCopyFieldSetName/"":/""LLC_BI__Collateral_Creation_Screen_Configuration/"",/""collateralCloneFieldSetName/"":/""LLC_BI__Collateral_Creation_Screen_Configuration/"",/""addCollateralScreen/"":/""42363993400862416/"",/""addChildCollateralScreen/"":/""42363993400862416/""}","","false","","","","","F1B643","fff","custom/custom18","false","a0sWD00000XnsduYAB","false","","","","a0sWD00000XoCL3YAN","2023-08-15","UCC","","","","a1x5f000000mHBbAAM","true","Standing Timber",""
"a1lWD0000019K4FYAU","005al00000RVcKvAAL","false","UCC-Minerals, Oil and Gas","2026-04-10T10:03:07.000Z","005al00000RVcKvAAL","2026-08-14T09:32:28.000Z","005al00000RVvFOAA1","2026-08-14T09:32:28.000Z","","","","80.0","false","","","{/""prodPkgEditScreen/"":/""723454364762362365/"",/""ownershipAssignmentFieldSetName/"":/""LLC_BI__Bulk_Ownership_Assignment/"",/""editCollateralScreen/"":/""42363993400862416/"",/""copyCollateralScreen/"":/""42363993400862416/"",/""collateralScreenName/"":/""Collateral Creation Screen/"",/""collateralCopyFieldSetName/"":/""LLC_BI__Collateral_Creation_Screen_Configuration/"",/""collateralCloneFieldSetName/"":/""LLC_BI__Collateral_Creation_Screen_Configuration/"",/""addCollateralScreen/"":/""42363993400862416/"",/""addChildCollateralScreen/"":/""42363993400862416/""}","","false","","","","","F1B643","fff","custom/custom18","false","a0sWD00000XnsduYAB","false","","","","a0sWD00000XoCL3YAN","2023-08-15","UCC","","","","a1x5f000000mHBcAAM","true","Minerals, Oil and Gas",""
"a1lWD0000019K4GYAU","005al00000RVcKvAAL","false","Real Estate-Multi-Family","2026-04-10T10:03:07.000Z","005al00000RVcKvAAL","2026-08-14T09:32:28.000Z","005al00000RVvFOAA1","2026-08-14T09:32:28.000Z","","","","80.0","false","","","{/""prodPkgEditScreen/"":/""723454364762362365/"",/""ownershipAssignmentFieldSetName/"":/""LLC_BI__Bulk_Ownership_Assignment/"",/""editCollateralScreen/"":/""42363993400862416/"",/""copyCollateralScreen/"":/""42363993400862416/"",/""collateralScreenName/"":/""Collateral Creation Screen/"",/""collateralCopyFieldSetName/"":/""LLC_BI__Collateral_Creation_Screen_Configuration/"",/""collateralCloneFieldSetName/"":/""LLC_BI__Collateral_Creation_Screen_Configuration/"",/""addCollateralScreen/"":/""42363993400862416/"",/""addChildCollateralScreen/"":/""42363993400862416/""}","","false","","","","","670B7B","fff","custom/custom24","false","a0sWD00000XnsduYAB","false","","","","a0sWD00000XoCL3YAN","2023-08-15","Real Estate","","","","a1x5f000000mHBdAAM","true","Multi-Family",""
"a1lWD0000019K4HYAU","005al00000RVcKvAAL","false","Real Estate-Lot","2026-04-10T10:03:07.000Z","005al00000RVcKvAAL","2026-08-14T09:32:28.000Z","005al00000RVvFOAA1","2026-08-14T09:32:28.000Z","","","","80.0","false","","","{/""prodPkgEditScreen/"":/""723454364762362365/"",/""ownershipAssignmentFieldSetName/"":/""LLC_BI__Bulk_Ownership_Assignment/"",/""editCollateralScreen/"":/""42363993400862416/"",/""copyCollateralScreen/"":/""42363993400862416/"",/""collateralScreenName/"":/""Collateral Creation Screen/"",/""collateralCopyFieldSetName/"":/""LLC_BI__Collateral_Creation_Screen_Configuration/"",/""collateralCloneFieldSetName/"":/""LLC_BI__Collateral_Creation_Screen_Configuration/"",/""addCollateralScreen/"":/""42363993400862416/"",/""addChildCollateralScreen/"":/""42363993400862416/""}","","false","","","","","670B7B","fff","custom/custom24","false","a0sWD00000XnsduYAB","false","","","","a0sWD00000XoCL3YAN","2023-08-15","Real Estate","","","","a1x5f000000mHBeAAM","true","Lot",""
"a1lWD0000019K4IYAU","005al00000RVcKvAAL","false","Real Estate-Mobile Home","2026-04-10T10:03:07.000Z","005al00000RVcKvAAL","2026-08-14T09:32:28.000Z","005al00000RVvFOAA1","2026-08-14T09:32:28.000Z","","","","80.0","false","","","{/""prodPkgEditScreen/"":/""723454364762362365/"",/""ownershipAssignmentFieldSetName/"":/""LLC_BI__Bulk_Ownership_Assignment/"",/""editCollateralScreen/"":/""42363993400862416/"",/""copyCollateralScreen/"":/""42363993400862416/"",/""collateralScreenName/"":/""Collateral Creation Screen/"",/""collateralCopyFieldSetName/"":/""LLC_BI__Collateral_Creation_Screen_Configuration/"",/""collateralCloneFieldSetName/"":/""LLC_BI__Collateral_Creation_Screen_Configuration/"",/""addCollateralScreen/"":/""42363993400862416/"",/""addChildCollateralScreen/"":/""42363993400862416/""}","","false","","","","","670B7B","fff","custom/custom24","false","a0sWD00000XnsduYAB","false","","","","a0sWD00000XoCL3YAN","2023-08-15","Real Estate","","","","a1x5f000000mHBfAAM","true","Mobile Home",""
"a1lWD0000019K4JYAU","005al00000RVcKvAAL","false","Real Estate-Land","2026-04-10T10:03:07.000Z","005al00000RVcKvAAL","2026-08-14T09:32:28.000Z","005al00000RVvFOAA1","2026-08-14T09:32:28.000Z","","","","80.0","false","","","{/""prodPkgEditScreen/"":/""723454364762362365/"",/""ownershipAssignmentFieldSetName/"":/""LLC_BI__Bulk_Ownership_Assignment/"",/""editCollateralScreen/"":/""42363993400862416/"",/""copyCollateralScreen/"":/""42363993400862416/"",/""collateralScreenName/"":/""Collateral Creation Screen/"",/""collateralCopyFieldSetName/"":/""LLC_BI__Collateral_Creation_Screen_Configuration/"",/""collateralCloneFieldSetName/"":/""LLC_BI__Collateral_Creation_Screen_Configuration/"",/""addCollateralScreen/"":/""42363993400862416/"",/""addChildCollateralScreen/"":/""42363993400862416/""}","","false","","","","","670B7B","fff","custom/custom24","false","a0sWD00000XnsduYAB","false","","","","a0sWD00000XoCL3YAN","2023-08-15","Real Estate","","","","a1x5f000000mHBgAAM","true","Land",""
"a1lWD0000019K4KYAU","005al00000RVcKvAAL","false","Real Estate-Farm Land","2026-04-10T10:03:07.000Z","005al00000RVcKvAAL","2026-08-14T09:32:28.000Z","005al00000RVvFOAA1","2026-08-14T09:32:28.000Z","","","","80.0","false","","","{/""prodPkgEditScreen/"":/""723454364762362365/"",/""ownershipAssignmentFieldSetName/"":/""LLC_BI__Bulk_Ownership_Assignment/"",/""editCollateralScreen/"":/""42363993400862416/"",/""copyCollateralScreen/"":/""42363993400862416/"",/""collateralScreenName/"":/""Collateral Creation Screen/"",/""collateralCopyFieldSetName/"":/""LLC_BI__Collateral_Creation_Screen_Configuration/"",/""collateralCloneFieldSetName/"":/""LLC_BI__Collateral_Creation_Screen_Configuration/"",/""addCollateralScreen/"":/""42363993400862416/"",/""addChildCollateralScreen/"":/""42363993400862416/""}","","false","","","","","670B7B","fff","custom/custom24","false","a0sWD00000XnsduYAB","false","","","","a0sWD00000XoCL3YAN","2023-08-15","Real Estate","","","","a1x5f000000mHBhAAM","true","Farm Land",""
"a1lWD0000019K4LYAU","005al00000RVcKvAAL","false","Real Estate-Office","2026-04-10T10:03:07.000Z","005al00000RVcKvAAL","2026-08-14T09:32:28.000Z","005al00000RVvFOAA1","2026-08-14T09:32:28.000Z","","","","80.0","false","","","{/""prodPkgEditScreen/"":/""723454364762362365/"",/""ownershipAssignmentFieldSetName/"":/""LLC_BI__Bulk_Ownership_Assignment/"",/""editCollateralScreen/"":/""42363993400862416/"",/""copyCollateralScreen/"":/""42363993400862416/"",/""collateralScreenName/"":/""Collateral Creation Screen/"",/""collateralCopyFieldSetName/"":/""LLC_BI__Collateral_Creation_Screen_Configuration/"",/""collateralCloneFieldSetName/"":/""LLC_BI__Collateral_Creation_Screen_Configuration/"",/""addCollateralScreen/"":/""42363993400862416/"",/""addChildCollateralScreen/"":/""42363993400862416/""}","","false","","","","","670B7B","fff","custom/custom24","false","a0sWD00000XnsduYAB","false","","","","a0sWD00000XoCL3YAN","2023-08-15","Real Estate","","","","a1x5f000000mHBiAAM","true","Office",""
"a1lWD0000019K4MYAU","005al00000RVcKvAAL","false","Real Estate-Warehouse","2026-04-10T10:03:07.000Z","005al00000RVcKvAAL","2026-08-14T09:32:28.000Z","005al00000RVvFOAA1","2026-08-14T09:32:28.000Z","","","","80.0","false","","","{/""prodPkgEditScreen/"":/""723454364762362365/"",/""ownershipAssignmentFieldSetName/"":/""LLC_BI__Bulk_Ownership_Assignment/"",/""editCollateralScreen/"":/""42363993400862416/"",/""copyCollateralScreen/"":/""42363993400862416/"",/""collateralScreenName/"":/""Collateral Creation Screen/"",/""collateralCopyFieldSetName/"":/""LLC_BI__Collateral_Creation_Screen_Configuration/"",/""collateralCloneFieldSetName/"":/""LLC_BI__Collateral_Creation_Screen_Configuration/"",/""addCollateralScreen/"":/""42363993400862416/"",/""addChildCollateralScreen/"":/""42363993400862416/""}","","false","","","","","670B7B","fff","custom/custom24","false","a0sWD00000XnsduYAB","false","","","","a0sWD00000XoCL3YAN","2023-08-15","Real Estate","","","","a1x5f000000mHBjAAM","true","Warehouse",""
"a1lWD0000019K4NYAU","005al00000RVcKvAAL","false","Real Estate-Retail","2026-04-10T10:03:07.000Z","005al00000RVcKvAAL","2026-08-14T09:32:28.000Z","005al00000RVvFOAA1","2026-08-14T09:32:28.000Z","","","","80.0","false","","","{/""prodPkgEditScreen/"":/""723454364762362365/"",/""ownershipAssignmentFieldSetName/"":/""LLC_BI__Bulk_Ownership_Assignment/"",/""editCollateralScreen/"":/""42363993400862416/"",/""copyCollateralScreen/"":/""42363993400862416/"",/""collateralScreenName/"":/""Collateral Creation Screen/"",/""collateralCopyFieldSetName/"":/""LLC_BI__Collateral_Creation_Screen_Configuration/"",/""collateralCloneFieldSetName/"":/""LLC_BI__Collateral_Creation_Screen_Configuration/"",/""addCollateralScreen/"":/""42363993400862416/"",/""addChildCollateralScreen/"":/""42363993400862416/""}","","false","","","","","670B7B","fff","custom/custom24","false","a0sWD00000XnsduYAB","false","","","","a0sWD00000XoCL3YAN","2023-08-15","Real Estate","","","","a1x5f000000mHBkAAM","true","Retail",""
"a1lWD0000019K4OYAU","005al00000RVcKvAAL","false","Real Estate-Other RE","2026-04-10T10:03:07.000Z","005al00000RVcKvAAL","2026-08-14T09:32:28.000Z","005al00000RVvFOAA1","2026-08-14T09:32:28.000Z","","","","80.0","false","","","{/""prodPkgEditScreen/"":/""723454364762362365/"",/""ownershipAssignmentFieldSetName/"":/""LLC_BI__Bulk_Ownership_Assignment/"",/""editCollateralScreen/"":/""42363993400862416/"",/""copyCollateralScreen/"":/""42363993400862416/"",/""collateralScreenName/"":/""Collateral Creation Screen/"",/""collateralCopyFieldSetName/"":/""LLC_BI__Collateral_Creation_Screen_Configuration/"",/""collateralCloneFieldSetName/"":/""LLC_BI__Collateral_Creation_Screen_Configuration/"",/""addCollateralScreen/"":/""42363993400862416/"",/""addChildCollateralScreen/"":/""42363993400862416/""}","","false","","","","","670B7B","fff","custom/custom24","false","a0sWD00000XnsduYAB","false","","","","a0sWD00000XoCL3YAN","2023-08-15","Real Estate","","","","a1x5f000000mHBlAAM","true","Other RE",""
"a1lWD0000019K4PYAU","005al00000RVcKvAAL","false","Other-Government Contracts","2026-04-10T10:03:07.000Z","005al00000RVcKvAAL","2026-08-14T09:32:28.000Z","005al00000RVvFOAA1","2026-08-14T09:32:28.000Z","","","","80.0","false","","","{/""prodPkgEditScreen/"":/""723454364762362365/"",/""ownershipAssignmentFieldSetName/"":/""LLC_BI__Bulk_Ownership_Assignment/"",/""editCollateralScreen/"":/""42363993400862416/"",/""copyCollateralScreen/"":/""42363993400862416/"",/""collateralScreenName/"":/""Collateral Creation Screen/"",/""collateralCopyFieldSetName/"":/""LLC_BI__Collateral_Creation_Screen_Configuration/"",/""collateralCloneFieldSetName/"":/""LLC_BI__Collateral_Creation_Screen_Configuration/"",/""addCollateralScreen/"":/""42363993400862416/"",/""addChildCollateralScreen/"":/""42363993400862416/""}","","false","","","","","#62b7ed","#ffffff","standard/work_order","false","a0sWD00000XnsduYAB","false","","","","a0sWD00000XoCL3YAN","2023-08-15","Other","","","","a1x5f000000mHBmAAM","true","Government Contracts",""
"a1lWE000002pnW9YAI","005al00000RVcKvAAL","false","Real Estate-Construction","2026-08-11T16:28:40.000Z","005al00000RVvFOAA1","2026-08-14T09:32:29.000Z","005al00000RVvFOAA1","2026-08-14T09:32:29.000Z","","","","80.0","false","","","{/""prodPkgEditScreen/"":/""723454364762362365/"",/""ownershipAssignmentFieldSetName/"":/""LLC_BI__Bulk_Ownership_Assignment/"",/""editCollateralScreen/"":/""42363993400862416/"",/""copyCollateralScreen/"":/""42363993400862416/"",/""collateralScreenName/"":/""Collateral Creation Screen/"",/""collateralCopyFieldSetName/"":/""LLC_BI__Collateral_Creation_Screen_Configuration/"",/""collateralCloneFieldSetName/"":/""LLC_BI__Collateral_Creation_Screen_Configuration/"",/""addCollateralScreen/"":/""42363993400862416/"",/""addChildCollateralScreen/"":/""42363993400862416/""}","","false","","","","","670B7B","fff","custom/custom24","false","a0sWD00000XnsduYAB","false","","","","a0sWD00000XoBp1YAF","2023-08-13","Real Estate","","","","a1x5f000000owfXAAQ","true","Construction",""
"a1lWE000002pnWAYAY","005al00000RVcKvAAL","false","Titled-Motor Vehicle - Used","2026-08-11T16:28:40.000Z","005al00000RVvFOAA1","2026-08-14T09:32:29.000Z","005al00000RVvFOAA1","2026-08-14T09:32:29.000Z","","","","80.0","false","","","{/""prodPkgEditScreen/"":/""723454364762362365/"",/""ownershipAssignmentFieldSetName/"":/""LLC_BI__Bulk_Ownership_Assignment/"",/""editCollateralScreen/"":/""42363993400862416/"",/""copyCollateralScreen/"":/""42363993400862416/"",/""collateralScreenName/"":/""Collateral Creation Screen/"",/""collateralCopyFieldSetName/"":/""LLC_BI__Collateral_Creation_Screen_Configuration/"",/""collateralCloneFieldSetName/"":/""LLC_BI__Collateral_Creation_Screen_Configuration/"",/""addCollateralScreen/"":/""42363993400862416/"",/""addChildCollateralScreen/"":/""42363993400862416/""}","","false","","LLC_BI__Manage_Collateral_Titled","","","Ba202E","fff","custom/custom31","false","a0sWD00000XnsduYAB","false","","","","a0sWD00000XoBqtYAF","2023-08-13","Titled","","","","a1x5f000000owfYAAQ","true","Motor Vehicle - Used",""
"a1lWE000002pnWBYAY","005al00000RVcKvAAL","false","Real Estate-1-4 Family","2026-08-11T16:28:40.000Z","005al00000RVvFOAA1","2026-08-14T09:32:29.000Z","005al00000RVvFOAA1","2026-08-14T09:32:29.000Z","","","","80.0","false","","","{/""prodPkgEditScreen/"":/""723454364762362365/"",/""ownershipAssignmentFieldSetName/"":/""LLC_BI__Bulk_Ownership_Assignment/"",/""editCollateralScreen/"":/""42363993400862416/"",/""copyCollateralScreen/"":/""42363993400862416/"",/""collateralScreenName/"":/""Collateral Creation Screen/"",/""collateralCopyFieldSetName/"":/""LLC_BI__Collateral_Creation_Screen_Configuration/"",/""collateralCloneFieldSetName/"":/""LLC_BI__Collateral_Creation_Screen_Configuration/"",/""addCollateralScreen/"":/""42363993400862416/"",/""addChildCollateralScreen/"":/""42363993400862416/""}","","false","","","","","670B7B","fff","custom/custom24","false","a0sWD00000XnsduYAB","false","","","","a0sWD00000XoBp1YAF","2023-08-13","Real Estate","","","","a1x5f000000owfZAAQ","true","1-4 Family",""
"a1lWE000002pnWCYAY","005al00000RVcKvAAL","false","Titled-Mobile Home","2026-08-11T16:28:40.000Z","005al00000RVvFOAA1","2026-08-14T09:32:29.000Z","005al00000RVvFOAA1","2026-08-14T09:32:29.000Z","","","","80.0","false","","","{/""prodPkgEditScreen/"":/""723454364762362365/"",/""ownershipAssignmentFieldSetName/"":/""LLC_BI__Bulk_Ownership_Assignment/"",/""editCollateralScreen/"":/""42363993400862416/"",/""copyCollateralScreen/"":/""42363993400862416/"",/""collateralScreenName/"":/""Collateral Creation Screen/"",/""collateralCopyFieldSetName/"":/""LLC_BI__Collateral_Creation_Screen_Configuration/"",/""collateralCloneFieldSetName/"":/""LLC_BI__Collateral_Creation_Screen_Configuration/"",/""addCollateralScreen/"":/""42363993400862416/"",/""addChildCollateralScreen/"":/""42363993400862416/""}","","false","","LLC_BI__Manage_Collateral_Titled","","","Ba202E","fff","custom/custom31","false","a0sWD00000XnsduYAB","false","","","","a0sWD00000XoBqtYAF","2023-08-13","Titled","","","","a1x5f000000owfaAAA","true","Mobile Home",""
"a1lWE000002pnWDYAY","005al00000RVcKvAAL","false","Titled-Pleasure Boat","2026-08-11T16:28:40.000Z","005al00000RVvFOAA1","2026-08-14T09:32:29.000Z","005al00000RVvFOAA1","2026-08-14T09:32:29.000Z","","","","80.0","false","","","{/""prodPkgEditScreen/"":/""723454364762362365/"",/""ownershipAssignmentFieldSetName/"":/""LLC_BI__Bulk_Ownership_Assignment/"",/""editCollateralScreen/"":/""42363993400862416/"",/""copyCollateralScreen/"":/""42363993400862416/"",/""collateralScreenName/"":/""Collateral Creation Screen/"",/""collateralCopyFieldSetName/"":/""LLC_BI__Collateral_Creation_Screen_Configuration/"",/""collateralCloneFieldSetName/"":/""LLC_BI__Collateral_Creation_Screen_Configuration/"",/""addCollateralScreen/"":/""42363993400862416/"",/""addChildCollateralScreen/"":/""42363993400862416/""}","","false","","LLC_BI__Manage_Collateral_Titled","","","Ba202E","fff","custom/custom31","false","a0sWD00000XnsduYAB","false","","","","a0sWD00000XoBqtYAF","2023-08-13","Titled","","","","a1x5f000000owfbAAA","true","Pleasure Boat",""
"a1lWE000002pnWEYAY","005al00000RVcKvAAL","false","Titled-Ship","2026-08-11T16:28:40.000Z","005al00000RVvFOAA1","2026-08-14T09:32:29.000Z","005al00000RVvFOAA1","2026-08-14T09:32:29.000Z","","","","80.0","false","","","{/""prodPkgEditScreen/"":/""723454364762362365/"",/""ownershipAssignmentFieldSetName/"":/""LLC_BI__Bulk_Ownership_Assignment/"",/""editCollateralScreen/"":/""42363993400862416/"",/""copyCollateralScreen/"":/""42363993400862416/"",/""collateralScreenName/"":/""Collateral Creation Screen/"",/""collateralCopyFieldSetName/"":/""LLC_BI__Collateral_Creation_Screen_Configuration/"",/""collateralCloneFieldSetName/"":/""LLC_BI__Collateral_Creation_Screen_Configuration/"",/""addCollateralScreen/"":/""42363993400862416/"",/""addChildCollateralScreen/"":/""42363993400862416/""}","","false","","LLC_BI__Manage_Collateral_Titled","","","Ba202E","fff","custom/custom31","false","a0sWD00000XnsduYAB","false","","","","a0sWD00000XoBqtYAF","2023-08-13","Titled","","","","a1x5f000000owfcAAA","true","Ship",""
"a1lWE000002pnWFYAY","005al00000RVcKvAAL","false","Titled-Aircraft","2026-08-11T16:28:40.000Z","005al00000RVvFOAA1","2026-08-14T09:32:29.000Z","005al00000RVvFOAA1","2026-08-14T09:32:29.000Z","","","","80.0","false","","","{/""prodPkgEditScreen/"":/""723454364762362365/"",/""ownershipAssignmentFieldSetName/"":/""LLC_BI__Bulk_Ownership_Assignment/"",/""editCollateralScreen/"":/""42363993400862416/"",/""copyCollateralScreen/"":/""42363993400862416/"",/""collateralScreenName/"":/""Collateral Creation Screen/"",/""collateralCopyFieldSetName/"":/""LLC_BI__Collateral_Creation_Screen_Configuration/"",/""collateralCloneFieldSetName/"":/""LLC_BI__Collateral_Creation_Screen_Configuration/"",/""addCollateralScreen/"":/""42363993400862416/"",/""addChildCollateralScreen/"":/""42363993400862416/""}","","false","","LLC_BI__Manage_Collateral_Titled","","","Ba202E","fff","custom/custom31","false","a0sWD00000XnsduYAB","false","","","","a0sWD00000XoBqtYAF","2023-08-13","Titled","","","","a1x5f000000owfdAAA","true","Aircraft",""
"a1lWE000002pnWGYAY","005al00000RVcKvAAL","false","Titled-Trailer","2026-08-11T16:28:40.000Z","005al00000RVvFOAA1","2026-08-14T09:32:29.000Z","005al00000RVvFOAA1","2026-08-14T09:32:29.000Z","","","","80.0","false","","","{/""prodPkgEditScreen/"":/""723454364762362365/"",/""ownershipAssignmentFieldSetName/"":/""LLC_BI__Bulk_Ownership_Assignment/"",/""editCollateralScreen/"":/""42363993400862416/"",/""copyCollateralScreen/"":/""42363993400862416/"",/""collateralScreenName/"":/""Collateral Creation Screen/"",/""collateralCopyFieldSetName/"":/""LLC_BI__Collateral_Creation_Screen_Configuration/"",/""collateralCloneFieldSetName/"":/""LLC_BI__Collateral_Creation_Screen_Configuration/"",/""addCollateralScreen/"":/""42363993400862416/"",/""addChildCollateralScreen/"":/""42363993400862416/""}","","false","","LLC_BI__Manage_Collateral_Titled","","","Ba202E","fff","custom/custom31","false","a0sWD00000XnsduYAB","false","","","","a0sWD00000XoBqtYAF","2023-08-13","Titled","","","","a1x5f000000owfeAAA","true","Trailer",""
"a1lWE000002pnWHYAY","005al00000RVcKvAAL","false","Titled-Other Titled","2026-08-11T16:28:40.000Z","005al00000RVvFOAA1","2026-08-14T09:32:29.000Z","005al00000RVvFOAA1","2026-08-14T09:32:29.000Z","","","","80.0","false","","","{/""prodPkgEditScreen/"":/""723454364762362365/"",/""ownershipAssignmentFieldSetName/"":/""LLC_BI__Bulk_Ownership_Assignment/"",/""editCollateralScreen/"":/""42363993400862416/"",/""copyCollateralScreen/"":/""42363993400862416/"",/""collateralScreenName/"":/""Collateral Creation Screen/"",/""collateralCopyFieldSetName/"":/""LLC_BI__Collateral_Creation_Screen_Configuration/"",/""collateralCloneFieldSetName/"":/""LLC_BI__Collateral_Creation_Screen_Configuration/"",/""addCollateralScreen/"":/""42363993400862416/"",/""addChildCollateralScreen/"":/""42363993400862416/""}","","false","","LLC_BI__Manage_Collateral_Titled","","","Ba202E","fff","custom/custom31","false","a0sWD00000XnsduYAB","false","","","","a0sWD00000XoBqtYAF","2023-08-13","Titled","","","","a1x5f000000owffAAA","true","Other Titled",""
"a1lWE000002pnWIYAY","005al00000RVcKvAAL","false","Possessory-Savings/CDs","2026-08-11T16:28:40.000Z","005al00000RVvFOAA1","2026-08-14T09:32:29.000Z","005al00000RVvFOAA1","2026-08-14T09:32:29.000Z","","","","80.0","false","","","{/""prodPkgEditScreen/"":/""723454364762362365/"",/""ownershipAssignmentFieldSetName/"":/""LLC_BI__Bulk_Ownership_Assignment/"",/""editCollateralScreen/"":/""42363993400862416/"",/""copyCollateralScreen/"":/""42363993400862416/"",/""collateralScreenName/"":/""Collateral Creation Screen/"",/""collateralCopyFieldSetName/"":/""LLC_BI__Collateral_Creation_Screen_Configuration/"",/""collateralCloneFieldSetName/"":/""LLC_BI__Collateral_Creation_Screen_Configuration/"",/""addCollateralScreen/"":/""42363993400862416/"",/""addChildCollateralScreen/"":/""42363993400862416/""}","","false","","","","","85BE40","fff","custom/custom17","false","a0sWD00000XnsduYAB","false","","","","a0sWD00000XoBtAYAV","2023-08-13","Possessory","","","","a1x5f000000owfgAAA","true","Savings/CDs",""
"a1lWE000002pnWJYAY","005al00000RVcKvAAL","false","Possessory-Securities","2026-08-11T16:28:40.000Z","005al00000RVvFOAA1","2026-08-14T09:32:29.000Z","005al00000RVvFOAA1","2026-08-14T09:32:29.000Z","","","","80.0","false","","","{/""prodPkgEditScreen/"":/""723454364762362365/"",/""ownershipAssignmentFieldSetName/"":/""LLC_BI__Bulk_Ownership_Assignment/"",/""editCollateralScreen/"":/""42363993400862416/"",/""copyCollateralScreen/"":/""42363993400862416/"",/""collateralScreenName/"":/""Collateral Creation Screen/"",/""collateralCopyFieldSetName/"":/""LLC_BI__Collateral_Creation_Screen_Configuration/"",/""collateralCloneFieldSetName/"":/""LLC_BI__Collateral_Creation_Screen_Configuration/"",/""addCollateralScreen/"":/""42363993400862416/"",/""addChildCollateralScreen/"":/""42363993400862416/""}","","false","","","","","85BE40","fff","custom/custom17","false","a0sWD00000XnsduYAB","false","","","","a0sWD00000XoBtAYAV","2023-08-13","Possessory","","","","a1x5f000000owfhAAA","true","Securities",""
"a1lWE000002pnWKYAY","005al00000RVcKvAAL","false","Possessory-Note/Instrument","2026-08-11T16:28:40.000Z","005al00000RVvFOAA1","2026-08-14T09:32:29.000Z","005al00000RVvFOAA1","2026-08-14T09:32:29.000Z","","","","80.0","false","","","{/""prodPkgEditScreen/"":/""723454364762362365/"",/""ownershipAssignmentFieldSetName/"":/""LLC_BI__Bulk_Ownership_Assignment/"",/""editCollateralScreen/"":/""42363993400862416/"",/""copyCollateralScreen/"":/""42363993400862416/"",/""collateralScreenName/"":/""Collateral Creation Screen/"",/""collateralCopyFieldSetName/"":/""LLC_BI__Collateral_Creation_Screen_Configuration/"",/""collateralCloneFieldSetName/"":/""LLC_BI__Collateral_Creation_Screen_Configuration/"",/""addCollateralScreen/"":/""42363993400862416/"",/""addChildCollateralScreen/"":/""42363993400862416/""}","","false","","","","","85BE40","fff","custom/custom17","false","a0sWD00000XnsduYAB","false","","","","a0sWD00000XoBtAYAV","2023-08-13","Possessory","","","","a1x5f000000owfiAAA","true","Note/Instrument",""
"a1lWE000002pnWLYAY","005al00000RVcKvAAL","false","Possessory-Receipts/Bills","2026-08-11T16:28:40.000Z","005al00000RVvFOAA1","2026-08-14T09:32:29.000Z","005al00000RVvFOAA1","2026-08-14T09:32:29.000Z","","","","80.0","false","","","{/""prodPkgEditScreen/"":/""723454364762362365/"",/""ownershipAssignmentFieldSetName/"":/""LLC_BI__Bulk_Ownership_Assignment/"",/""editCollateralScreen/"":/""42363993400862416/"",/""copyCollateralScreen/"":/""42363993400862416/"",/""collateralScreenName/"":/""Collateral Creation Screen/"",/""collateralCopyFieldSetName/"":/""LLC_BI__Collateral_Creation_Screen_Configuration/"",/""collateralCloneFieldSetName/"":/""LLC_BI__Collateral_Creation_Screen_Configuration/"",/""addCollateralScreen/"":/""42363993400862416/"",/""addChildCollateralScreen/"":/""42363993400862416/""}","","false","","","","","85BE40","fff","custom/custom17","false","a0sWD00000XnsduYAB","false","","","","a0sWD00000XoBtAYAV","2023-08-13","Possessory","","","","a1x5f000000owfjAAA","true","Receipts/Bills",""
"a1lWE000002pnWMYAY","005al00000RVcKvAAL","false","Possessory-Letter of Credit","2026-08-11T16:28:40.000Z","005al00000RVvFOAA1","2026-08-14T09:32:29.000Z","005al00000RVvFOAA1","2026-08-14T09:32:29.000Z","","","","80.0","false","","","{/""prodPkgEditScreen/"":/""723454364762362365/"",/""ownershipAssignmentFieldSetName/"":/""LLC_BI__Bulk_Ownership_Assignment/"",/""editCollateralScreen/"":/""42363993400862416/"",/""copyCollateralScreen/"":/""42363993400862416/"",/""collateralScreenName/"":/""Collateral Creation Screen/"",/""collateralCopyFieldSetName/"":/""LLC_BI__Collateral_Creation_Screen_Configuration/"",/""collateralCloneFieldSetName/"":/""LLC_BI__Collateral_Creation_Screen_Configuration/"",/""addCollateralScreen/"":/""42363993400862416/"",/""addChildCollateralScreen/"":/""42363993400862416/""}","","false","","","","","85BE40","fff","custom/custom17","false","a0sWD00000XnsduYAB","false","","","","a0sWD00000XoBtAYAV","2023-08-13","Possessory","","","","a1x5f000000owfkAAA","true","Letter of Credit",""
"a1lWE000002pnWNYAY","005al00000RVcKvAAL","false","Possessory-Other Possessory","2026-08-11T16:28:40.000Z","005al00000RVvFOAA1","2026-08-14T09:32:29.000Z","005al00000RVvFOAA1","2026-08-14T09:32:29.000Z","","","","80.0","false","","","{/""prodPkgEditScreen/"":/""723454364762362365/"",/""ownershipAssignmentFieldSetName/"":/""LLC_BI__Bulk_Ownership_Assignment/"",/""editCollateralScreen/"":/""42363993400862416/"",/""copyCollateralScreen/"":/""42363993400862416/"",/""collateralScreenName/"":/""Collateral Creation Screen/"",/""collateralCopyFieldSetName/"":/""LLC_BI__Collateral_Creation_Screen_Configuration/"",/""collateralCloneFieldSetName/"":/""LLC_BI__Collateral_Creation_Screen_Configuration/"",/""addCollateralScreen/"":/""42363993400862416/"",/""addChildCollateralScreen/"":/""42363993400862416/""}","","false","","","","","85BE40","fff","custom/custom17","false","a0sWD00000XnsduYAB","false","","","","a0sWD00000XoBtAYAV","2023-08-13","Possessory","","","","a1x5f000000owflAAA","true","Other Possessory",""
"a1lWE000002pnWOYAY","005al00000RVcKvAAL","false","Possessory-Life Insurance","2026-08-11T16:28:40.000Z","005al00000RVvFOAA1","2026-08-14T09:32:29.000Z","005al00000RVvFOAA1","2026-08-14T09:32:29.000Z","","","","80.0","false","","","{/""prodPkgEditScreen/"":/""723454364762362365/"",/""ownershipAssignmentFieldSetName/"":/""LLC_BI__Bulk_Ownership_Assignment/"",/""editCollateralScreen/"":/""42363993400862416/"",/""copyCollateralScreen/"":/""42363993400862416/"",/""collateralScreenName/"":/""Collateral Creation Screen/"",/""collateralCopyFieldSetName/"":/""LLC_BI__Collateral_Creation_Screen_Configuration/"",/""collateralCloneFieldSetName/"":/""LLC_BI__Collateral_Creation_Screen_Configuration/"",/""addCollateralScreen/"":/""42363993400862416/"",/""addChildCollateralScreen/"":/""42363993400862416/""}","","false","","","","","85BE40","fff","custom/custom17","false","a0sWD00000XnsduYAB","false","","","","a0sWD00000XoBtAYAV","2023-08-13","Possessory","","","","a1x5f000000owfmAAA","true","Life Insurance",""
"a1lWE000002pnWPYAY","005al00000RVcKvAAL","false","UCC-Inventory","2026-08-11T16:28:40.000Z","005al00000RVvFOAA1","2026-08-14T09:32:29.000Z","005al00000RVvFOAA1","2026-08-14T09:32:29.000Z","","","","80.0","false","","","{/""prodPkgEditScreen/"":/""723454364762362365/"",/""ownershipAssignmentFieldSetName/"":/""LLC_BI__Bulk_Ownership_Assignment/"",/""editCollateralScreen/"":/""42363993400862416/"",/""copyCollateralScreen/"":/""42363993400862416/"",/""collateralScreenName/"":/""Collateral Creation Screen/"",/""collateralCopyFieldSetName/"":/""LLC_BI__Collateral_Creation_Screen_Configuration/"",/""collateralCloneFieldSetName/"":/""LLC_BI__Collateral_Creation_Screen_Configuration/"",/""addCollateralScreen/"":/""42363993400862416/"",/""addChildCollateralScreen/"":/""42363993400862416/""}","","false","","","","","F1B643","fff","custom/custom18","false","a0sWD00000XnsduYAB","false","","","","a0sWD00000XoBstYAF","2023-08-13","UCC","","","","a1x5f000000owfnAAA","true","Inventory",""
"a1lWE000002pnWQYAY","005al00000RVcKvAAL","false","UCC-Chattel Paper","2026-08-11T16:28:40.000Z","005al00000RVvFOAA1","2026-08-14T09:32:29.000Z","005al00000RVvFOAA1","2026-08-14T09:32:29.000Z","","","","80.0","false","","","{/""prodPkgEditScreen/"":/""723454364762362365/"",/""ownershipAssignmentFieldSetName/"":/""LLC_BI__Bulk_Ownership_Assignment/"",/""editCollateralScreen/"":/""42363993400862416/"",/""copyCollateralScreen/"":/""42363993400862416/"",/""collateralScreenName/"":/""Collateral Creation Screen/"",/""collateralCopyFieldSetName/"":/""LLC_BI__Collateral_Creation_Screen_Configuration/"",/""collateralCloneFieldSetName/"":/""LLC_BI__Collateral_Creation_Screen_Configuration/"",/""addCollateralScreen/"":/""42363993400862416/"",/""addChildCollateralScreen/"":/""42363993400862416/""}","","false","","","","","F1B643","fff","custom/custom18","false","a0sWD00000XnsduYAB","false","","","","a0sWD00000XoBstYAF","2023-08-13","UCC","","","","a1x5f000000owfoAAA","true","Chattel Paper",""
"a1lWE000002pnWRYAY","005al00000RVcKvAAL","false","UCC-Accounts","2026-08-11T16:28:40.000Z","005al00000RVvFOAA1","2026-08-14T09:32:29.000Z","005al00000RVvFOAA1","2026-08-14T09:32:29.000Z","","","","80.0","false","","","{/""prodPkgEditScreen/"":/""723454364762362365/"",/""ownershipAssignmentFieldSetName/"":/""LLC_BI__Bulk_Ownership_Assignment/"",/""editCollateralScreen/"":/""42363993400862416/"",/""copyCollateralScreen/"":/""42363993400862416/"",/""collateralScreenName/"":/""Collateral Creation Screen/"",/""collateralCopyFieldSetName/"":/""LLC_BI__Collateral_Creation_Screen_Configuration/"",/""collateralCloneFieldSetName/"":/""LLC_BI__Collateral_Creation_Screen_Configuration/"",/""addCollateralScreen/"":/""42363993400862416/"",/""addChildCollateralScreen/"":/""42363993400862416/""}","","false","","","","","F1B643","fff","custom/custom18","false","a0sWD00000XnsduYAB","false","","","","a0sWD00000XoBstYAF","2023-08-13","UCC","","","","a1x5f000000owfpAAA","true","Accounts",""
"a1lWE000002pnWSYAY","005al00000RVcKvAAL","false","UCC-Equipment","2026-08-11T16:28:40.000Z","005al00000RVvFOAA1","2026-08-14T09:32:29.000Z","005al00000RVvFOAA1","2026-08-14T09:32:29.000Z","","","","80.0","false","","","{/""prodPkgEditScreen/"":/""723454364762362365/"",/""ownershipAssignmentFieldSetName/"":/""LLC_BI__Bulk_Ownership_Assignment/"",/""editCollateralScreen/"":/""42363993400862416/"",/""copyCollateralScreen/"":/""42363993400862416/"",/""collateralScreenName/"":/""Collateral Creation Screen/"",/""collateralCopyFieldSetName/"":/""LLC_BI__Collateral_Creation_Screen_Configuration/"",/""collateralCloneFieldSetName/"":/""LLC_BI__Collateral_Creation_Screen_Configuration/"",/""addCollateralScreen/"":/""42363993400862416/"",/""addChildCollateralScreen/"":/""42363993400862416/""}","","false","","","","","F1B643","fff","custom/custom18","false","a0sWD00000XnsduYAB","false","","","","a0sWD00000XoBstYAF","2023-08-13","UCC","","","","a1x5f000000owfqAAA","true","Equipment",""
"a1lWE000002pnWTYAY","005al00000RVcKvAAL","false","UCC-General Intangibles","2026-08-11T16:28:40.000Z","005al00000RVvFOAA1","2026-08-14T09:32:29.000Z","005al00000RVvFOAA1","2026-08-14T09:32:29.000Z","","","","80.0","false","","","{/""prodPkgEditScreen/"":/""723454364762362365/"",/""ownershipAssignmentFieldSetName/"":/""LLC_BI__Bulk_Ownership_Assignment/"",/""editCollateralScreen/"":/""42363993400862416/"",/""copyCollateralScreen/"":/""42363993400862416/"",/""collateralScreenName/"":/""Collateral Creation Screen/"",/""collateralCopyFieldSetName/"":/""LLC_BI__Collateral_Creation_Screen_Configuration/"",/""collateralCloneFieldSetName/"":/""LLC_BI__Collateral_Creation_Screen_Configuration/"",/""addCollateralScreen/"":/""42363993400862416/"",/""addChildCollateralScreen/"":/""42363993400862416/""}","","false","","","","","F1B643","fff","custom/custom18","false","a0sWD00000XnsduYAB","false","","","","a0sWD00000XoBstYAF","2023-08-13","UCC","","","","a1x5f000000owfrAAA","true","General Intangibles",""
"a1lWE000002pnWUYAY","005al00000RVcKvAAL","false","UCC-Farm Products","2026-08-11T16:28:40.000Z","005al00000RVvFOAA1","2026-08-14T09:32:29.000Z","005al00000RVvFOAA1","2026-08-14T09:32:29.000Z","","","","80.0","false","","","{/""prodPkgEditScreen/"":/""723454364762362365/"",/""ownershipAssignmentFieldSetName/"":/""LLC_BI__Bulk_Ownership_Assignment/"",/""editCollateralScreen/"":/""42363993400862416/"",/""copyCollateralScreen/"":/""42363993400862416/"",/""collateralScreenName/"":/""Collateral Creation Screen/"",/""collateralCopyFieldSetName/"":/""LLC_BI__Collateral_Creation_Screen_Configuration/"",/""collateralCloneFieldSetName/"":/""LLC_BI__Collateral_Creation_Screen_Configuration/"",/""addCollateralScreen/"":/""42363993400862416/"",/""addChildCollateralScreen/"":/""42363993400862416/""}","","false","","","","","F1B643","fff","custom/custom18","false","a0sWD00000XnsduYAB","false","","","","a0sWD00000XoBstYAF","2023-08-13","UCC","","","","a1x5f000000owfsAAA","true","Farm Products",""
"a1lWE000002pnWVYAY","005al00000RVcKvAAL","false","UCC-Livestock","2026-08-11T16:28:40.000Z","005al00000RVvFOAA1","2026-08-14T09:32:29.000Z","005al00000RVvFOAA1","2026-08-14T09:32:29.000Z","","","","80.0","false","","","{/""prodPkgEditScreen/"":/""723454364762362365/"",/""ownershipAssignmentFieldSetName/"":/""LLC_BI__Bulk_Ownership_Assignment/"",/""editCollateralScreen/"":/""42363993400862416/"",/""copyCollateralScreen/"":/""42363993400862416/"",/""collateralScreenName/"":/""Collateral Creation Screen/"",/""collateralCopyFieldSetName/"":/""LLC_BI__Collateral_Creation_Screen_Configuration/"",/""collateralCloneFieldSetName/"":/""LLC_BI__Collateral_Creation_Screen_Configuration/"",/""addCollateralScreen/"":/""42363993400862416/"",/""addChildCollateralScreen/"":/""42363993400862416/""}","","false","","","","","F1B643","fff","custom/custom18","false","a0sWD00000XnsduYAB","false","","","","a0sWD00000XoBstYAF","2023-08-13","UCC","","","","a1x5f000000owftAAA","true","Livestock",""
"a1lWE000002pnWWYAY","005al00000RVcKvAAL","false","UCC-Farm Equipment","2026-08-11T16:28:40.000Z","005al00000RVvFOAA1","2026-08-14T09:32:29.000Z","005al00000RVvFOAA1","2026-08-14T09:32:29.000Z","","","","80.0","false","","","{/""prodPkgEditScreen/"":/""723454364762362365/"",/""ownershipAssignmentFieldSetName/"":/""LLC_BI__Bulk_Ownership_Assignment/"",/""editCollateralScreen/"":/""42363993400862416/"",/""copyCollateralScreen/"":/""42363993400862416/"",/""collateralScreenName/"":/""Collateral Creation Screen/"",/""collateralCopyFieldSetName/"":/""LLC_BI__Collateral_Creation_Screen_Configuration/"",/""collateralCloneFieldSetName/"":/""LLC_BI__Collateral_Creation_Screen_Configuration/"",/""addCollateralScreen/"":/""42363993400862416/"",/""addChildCollateralScreen/"":/""42363993400862416/""}","","false","","","","","F1B643","fff","custom/custom18","false","a0sWD00000XnsduYAB","false","","","","a0sWD00000XoBstYAF","2023-08-13","UCC","","","","a1x5f000000owfuAAA","true","Farm Equipment",""
"a1lWE000002pnWXYAY","005al00000RVcKvAAL","false","UCC-Consumer Goods","2026-08-11T16:28:40.000Z","005al00000RVvFOAA1","2026-08-14T09:32:29.000Z","005al00000RVvFOAA1","2026-08-14T09:32:29.000Z","","","","80.0","false","","","{/""prodPkgEditScreen/"":/""723454364762362365/"",/""ownershipAssignmentFieldSetName/"":/""LLC_BI__Bulk_Ownership_Assignment/"",/""editCollateralScreen/"":/""42363993400862416/"",/""copyCollateralScreen/"":/""42363993400862416/"",/""collateralScreenName/"":/""Collateral Creation Screen/"",/""collateralCopyFieldSetName/"":/""LLC_BI__Collateral_Creation_Screen_Configuration/"",/""collateralCloneFieldSetName/"":/""LLC_BI__Collateral_Creation_Screen_Configuration/"",/""addCollateralScreen/"":/""42363993400862416/"",/""addChildCollateralScreen/"":/""42363993400862416/""}","","false","","","","","F1B643","fff","custom/custom18","false","a0sWD00000XnsduYAB","false","","","","a0sWD00000XoBstYAF","2023-08-13","UCC","","","","a1x5f000000owfvAAA","true","Consumer Goods",""
"a1lWE000002pnWYYAY","005al00000RVcKvAAL","false","UCC-Tort Claim","2026-08-11T16:28:40.000Z","005al00000RVvFOAA1","2026-08-14T09:32:29.000Z","005al00000RVvFOAA1","2026-08-14T09:32:29.000Z","","","","80.0","false","","","{/""prodPkgEditScreen/"":/""723454364762362365/"",/""ownershipAssignmentFieldSetName/"":/""LLC_BI__Bulk_Ownership_Assignment/"",/""editCollateralScreen/"":/""42363993400862416/"",/""copyCollateralScreen/"":/""42363993400862416/"",/""collateralScreenName/"":/""Collateral Creation Screen/"",/""collateralCopyFieldSetName/"":/""LLC_BI__Collateral_Creation_Screen_Configuration/"",/""collateralCloneFieldSetName/"":/""LLC_BI__Collateral_Creation_Screen_Configuration/"",/""addCollateralScreen/"":/""42363993400862416/"",/""addChildCollateralScreen/"":/""42363993400862416/""}","","false","","","","","F1B643","fff","custom/custom18","false","a0sWD00000XnsduYAB","false","","","","a0sWD00000XoBstYAF","2023-08-13","UCC","","","","a1x5f000000owfwAAA","true","Tort Claim",""
"a1lWE000002pnWZYAY","005al00000RVcKvAAL","false","UCC-Crops","2026-08-11T16:28:40.000Z","005al00000RVvFOAA1","2026-08-14T09:32:29.000Z","005al00000RVvFOAA1","2026-08-14T09:32:29.000Z","","","","80.0","false","","","{/""prodPkgEditScreen/"":/""723454364762362365/"",/""ownershipAssignmentFieldSetName/"":/""LLC_BI__Bulk_Ownership_Assignment/"",/""editCollateralScreen/"":/""42363993400862416/"",/""copyCollateralScreen/"":/""42363993400862416/"",/""collateralScreenName/"":/""Collateral Creation Screen/"",/""collateralCopyFieldSetName/"":/""LLC_BI__Collateral_Creation_Screen_Configuration/"",/""collateralCloneFieldSetName/"":/""LLC_BI__Collateral_Creation_Screen_Configuration/"",/""addCollateralScreen/"":/""42363993400862416/"",/""addChildCollateralScreen/"":/""42363993400862416/""}","","false","","","","","F1B643","fff","custom/custom18","false","a0sWD00000XnsduYAB","false","","","","a0sWD00000XoBstYAF","2023-08-13","UCC","","","","a1x5f000000owfxAAA","true","Crops",""
"a1lWE000002pnWaYAI","005al00000RVcKvAAL","false","UCC-Fixtures","2026-08-11T16:28:40.000Z","005al00000RVvFOAA1","2026-08-14T09:32:29.000Z","005al00000RVvFOAA1","2026-08-14T09:32:29.000Z","","","","80.0","false","","","{/""prodPkgEditScreen/"":/""723454364762362365/"",/""ownershipAssignmentFieldSetName/"":/""LLC_BI__Bulk_Ownership_Assignment/"",/""editCollateralScreen/"":/""42363993400862416/"",/""copyCollateralScreen/"":/""42363993400862416/"",/""collateralScreenName/"":/""Collateral Creation Screen/"",/""collateralCopyFieldSetName/"":/""LLC_BI__Collateral_Creation_Screen_Configuration/"",/""collateralCloneFieldSetName/"":/""LLC_BI__Collateral_Creation_Screen_Configuration/"",/""addCollateralScreen/"":/""42363993400862416/"",/""addChildCollateralScreen/"":/""42363993400862416/""}","","false","","","","","F1B643","fff","custom/custom18","false","a0sWD00000XnsduYAB","false","","","","a0sWD00000XoBstYAF","2023-08-13","UCC","","","","a1x5f000000owfyAAA","true","Fixtures",""
"a1lWE000002pnWbYAI","005al00000RVcKvAAL","false","UCC-Standing Timber","2026-08-11T16:28:40.000Z","005al00000RVvFOAA1","2026-08-14T09:32:29.000Z","005al00000RVvFOAA1","2026-08-14T09:32:29.000Z","","","","80.0","false","","","{/""prodPkgEditScreen/"":/""723454364762362365/"",/""ownershipAssignmentFieldSetName/"":/""LLC_BI__Bulk_Ownership_Assignment/"",/""editCollateralScreen/"":/""42363993400862416/"",/""copyCollateralScreen/"":/""42363993400862416/"",/""collateralScreenName/"":/""Collateral Creation Screen/"",/""collateralCopyFieldSetName/"":/""LLC_BI__Collateral_Creation_Screen_Configuration/"",/""collateralCloneFieldSetName/"":/""LLC_BI__Collateral_Creation_Screen_Configuration/"",/""addCollateralScreen/"":/""42363993400862416/"",/""addChildCollateralScreen/"":/""42363993400862416/""}","","false","","","","","F1B643","fff","custom/custom18","false","a0sWD00000XnsduYAB","false","","","","a0sWD00000XoBstYAF","2023-08-13","UCC","","","","a1x5f000000owfzAAA","true","Standing Timber",""
"a1lWE000002pnWcYAI","005al00000RVcKvAAL","false","UCC-Minerals, Oil and Gas","2026-08-11T16:28:40.000Z","005al00000RVvFOAA1","2026-08-14T09:32:29.000Z","005al00000RVvFOAA1","2026-08-14T09:32:29.000Z","","","","80.0","false","","","{/""prodPkgEditScreen/"":/""723454364762362365/"",/""ownershipAssignmentFieldSetName/"":/""LLC_BI__Bulk_Ownership_Assignment/"",/""editCollateralScreen/"":/""42363993400862416/"",/""copyCollateralScreen/"":/""42363993400862416/"",/""collateralScreenName/"":/""Collateral Creation Screen/"",/""collateralCopyFieldSetName/"":/""LLC_BI__Collateral_Creation_Screen_Configuration/"",/""collateralCloneFieldSetName/"":/""LLC_BI__Collateral_Creation_Screen_Configuration/"",/""addCollateralScreen/"":/""42363993400862416/"",/""addChildCollateralScreen/"":/""42363993400862416/""}","","false","","","","","F1B643","fff","custom/custom18","false","a0sWD00000XnsduYAB","false","","","","a0sWD00000XoBstYAF","2023-08-13","UCC","","","","a1x5f000000owg0AAA","true","Minerals, Oil and Gas",""
"a1lWE000002pnWdYAI","005al00000RVcKvAAL","false","Real Estate-Multi-Family","2026-08-11T16:28:40.000Z","005al00000RVvFOAA1","2026-08-14T09:32:29.000Z","005al00000RVvFOAA1","2026-08-14T09:32:29.000Z","","","","80.0","false","","","{/""prodPkgEditScreen/"":/""723454364762362365/"",/""ownershipAssignmentFieldSetName/"":/""LLC_BI__Bulk_Ownership_Assignment/"",/""editCollateralScreen/"":/""42363993400862416/"",/""copyCollateralScreen/"":/""42363993400862416/"",/""collateralScreenName/"":/""Collateral Creation Screen/"",/""collateralCopyFieldSetName/"":/""LLC_BI__Collateral_Creation_Screen_Configuration/"",/""collateralCloneFieldSetName/"":/""LLC_BI__Collateral_Creation_Screen_Configuration/"",/""addCollateralScreen/"":/""42363993400862416/"",/""addChildCollateralScreen/"":/""42363993400862416/""}","","false","","","","","670B7B","fff","custom/custom24","false","a0sWD00000XnsduYAB","false","","","","a0sWD00000XoBp1YAF","2023-08-13","Real Estate","","","","a1x5f000000owg1AAA","true","Multi-Family",""
"a1lWE000002pnWeYAI","005al00000RVcKvAAL","false","Real Estate-Lot","2026-08-11T16:28:40.000Z","005al00000RVvFOAA1","2026-08-14T09:32:29.000Z","005al00000RVvFOAA1","2026-08-14T09:32:29.000Z","","","","80.0","false","","","{/""prodPkgEditScreen/"":/""723454364762362365/"",/""ownershipAssignmentFieldSetName/"":/""LLC_BI__Bulk_Ownership_Assignment/"",/""editCollateralScreen/"":/""42363993400862416/"",/""copyCollateralScreen/"":/""42363993400862416/"",/""collateralScreenName/"":/""Collateral Creation Screen/"",/""collateralCopyFieldSetName/"":/""LLC_BI__Collateral_Creation_Screen_Configuration/"",/""collateralCloneFieldSetName/"":/""LLC_BI__Collateral_Creation_Screen_Configuration/"",/""addCollateralScreen/"":/""42363993400862416/"",/""addChildCollateralScreen/"":/""42363993400862416/""}","","false","","","","","670B7B","fff","custom/custom24","false","a0sWD00000XnsduYAB","false","","","","a0sWD00000XoBp1YAF","2023-08-13","Real Estate","","","","a1x5f000000owg2AAA","true","Lot",""
"a1lWE000002pnWfYAI","005al00000RVcKvAAL","false","Real Estate-Mobile Home","2026-08-11T16:28:40.000Z","005al00000RVvFOAA1","2026-08-14T09:32:29.000Z","005al00000RVvFOAA1","2026-08-14T09:32:29.000Z","","","","80.0","false","","","{/""prodPkgEditScreen/"":/""723454364762362365/"",/""ownershipAssignmentFieldSetName/"":/""LLC_BI__Bulk_Ownership_Assignment/"",/""editCollateralScreen/"":/""42363993400862416/"",/""copyCollateralScreen/"":/""42363993400862416/"",/""collateralScreenName/"":/""Collateral Creation Screen/"",/""collateralCopyFieldSetName/"":/""LLC_BI__Collateral_Creation_Screen_Configuration/"",/""collateralCloneFieldSetName/"":/""LLC_BI__Collateral_Creation_Screen_Configuration/"",/""addCollateralScreen/"":/""42363993400862416/"",/""addChildCollateralScreen/"":/""42363993400862416/""}","","false","","","","","670B7B","fff","custom/custom24","false","a0sWD00000XnsduYAB","false","","","","a0sWD00000XoBp1YAF","2023-08-13","Real Estate","","","","a1x5f000000owg3AAA","true","Mobile Home",""
"a1lWE000002pnWgYAI","005al00000RVcKvAAL","false","Real Estate-Land","2026-08-11T16:28:40.000Z","005al00000RVvFOAA1","2026-08-14T09:32:29.000Z","005al00000RVvFOAA1","2026-08-14T09:32:29.000Z","","","","80.0","false","","","{/""prodPkgEditScreen/"":/""723454364762362365/"",/""ownershipAssignmentFieldSetName/"":/""LLC_BI__Bulk_Ownership_Assignment/"",/""editCollateralScreen/"":/""42363993400862416/"",/""copyCollateralScreen/"":/""42363993400862416/"",/""collateralScreenName/"":/""Collateral Creation Screen/"",/""collateralCopyFieldSetName/"":/""LLC_BI__Collateral_Creation_Screen_Configuration/"",/""collateralCloneFieldSetName/"":/""LLC_BI__Collateral_Creation_Screen_Configuration/"",/""addCollateralScreen/"":/""42363993400862416/"",/""addChildCollateralScreen/"":/""42363993400862416/""}","","false","","","","","670B7B","fff","custom/custom24","false","a0sWD00000XnsduYAB","false","","","","a0sWD00000XoBp1YAF","2023-08-13","Real Estate","","","","a1x5f000000owg4AAA","true","Land",""
"a1lWE000002pnWhYAI","005al00000RVcKvAAL","false","Real Estate-Farm Land","2026-08-11T16:28:40.000Z","005al00000RVvFOAA1","2026-08-14T09:32:29.000Z","005al00000RVvFOAA1","2026-08-14T09:32:29.000Z","","","","80.0","false","","","{/""prodPkgEditScreen/"":/""723454364762362365/"",/""ownershipAssignmentFieldSetName/"":/""LLC_BI__Bulk_Ownership_Assignment/"",/""editCollateralScreen/"":/""42363993400862416/"",/""copyCollateralScreen/"":/""42363993400862416/"",/""collateralScreenName/"":/""Collateral Creation Screen/"",/""collateralCopyFieldSetName/"":/""LLC_BI__Collateral_Creation_Screen_Configuration/"",/""collateralCloneFieldSetName/"":/""LLC_BI__Collateral_Creation_Screen_Configuration/"",/""addCollateralScreen/"":/""42363993400862416/"",/""addChildCollateralScreen/"":/""42363993400862416/""}","","false","","","","","670B7B","fff","custom/custom24","false","a0sWD00000XnsduYAB","false","","","","a0sWD00000XoBp1YAF","2023-08-13","Real Estate","","","","a1x5f000000owg5AAA","true","Farm Land",""
"a1lWE000002pnWiYAI","005al00000RVcKvAAL","false","Real Estate-Office","2026-08-11T16:28:40.000Z","005al00000RVvFOAA1","2026-08-14T09:32:29.000Z","005al00000RVvFOAA1","2026-08-14T09:32:29.000Z","","","","80.0","false","","","{/""prodPkgEditScreen/"":/""723454364762362365/"",/""ownershipAssignmentFieldSetName/"":/""LLC_BI__Bulk_Ownership_Assignment/"",/""editCollateralScreen/"":/""42363993400862416/"",/""copyCollateralScreen/"":/""42363993400862416/"",/""collateralScreenName/"":/""Collateral Creation Screen/"",/""collateralCopyFieldSetName/"":/""LLC_BI__Collateral_Creation_Screen_Configuration/"",/""collateralCloneFieldSetName/"":/""LLC_BI__Collateral_Creation_Screen_Configuration/"",/""addCollateralScreen/"":/""42363993400862416/"",/""addChildCollateralScreen/"":/""42363993400862416/""}","","false","","","","","670B7B","fff","custom/custom24","false","a0sWD00000XnsduYAB","false","","","","a0sWD00000XoBp1YAF","2023-08-13","Real Estate","","","","a1x5f000000owg6AAA","true","Office",""
"a1lWE000002pnWjYAI","005al00000RVcKvAAL","false","Real Estate-Warehouse","2026-08-11T16:28:40.000Z","005al00000RVvFOAA1","2026-08-14T09:32:29.000Z","005al00000RVvFOAA1","2026-08-14T09:32:29.000Z","","","","80.0","false","","","{/""prodPkgEditScreen/"":/""723454364762362365/"",/""ownershipAssignmentFieldSetName/"":/""LLC_BI__Bulk_Ownership_Assignment/"",/""editCollateralScreen/"":/""42363993400862416/"",/""copyCollateralScreen/"":/""42363993400862416/"",/""collateralScreenName/"":/""Collateral Creation Screen/"",/""collateralCopyFieldSetName/"":/""LLC_BI__Collateral_Creation_Screen_Configuration/"",/""collateralCloneFieldSetName/"":/""LLC_BI__Collateral_Creation_Screen_Configuration/"",/""addCollateralScreen/"":/""42363993400862416/"",/""addChildCollateralScreen/"":/""42363993400862416/""}","","false","","","","","670B7B","fff","custom/custom24","false","a0sWD00000XnsduYAB","false","","","","a0sWD00000XoBp1YAF","2023-08-13","Real Estate","","","","a1x5f000000owg7AAA","true","Warehouse",""
"a1lWE000002pnWkYAI","005al00000RVcKvAAL","false","Real Estate-Retail","2026-08-11T16:28:40.000Z","005al00000RVvFOAA1","2026-08-14T09:32:29.000Z","005al00000RVvFOAA1","2026-08-14T09:32:29.000Z","","","","80.0","false","","","{/""prodPkgEditScreen/"":/""723454364762362365/"",/""ownershipAssignmentFieldSetName/"":/""LLC_BI__Bulk_Ownership_Assignment/"",/""editCollateralScreen/"":/""42363993400862416/"",/""copyCollateralScreen/"":/""42363993400862416/"",/""collateralScreenName/"":/""Collateral Creation Screen/"",/""collateralCopyFieldSetName/"":/""LLC_BI__Collateral_Creation_Screen_Configuration/"",/""collateralCloneFieldSetName/"":/""LLC_BI__Collateral_Creation_Screen_Configuration/"",/""addCollateralScreen/"":/""42363993400862416/"",/""addChildCollateralScreen/"":/""42363993400862416/""}","","false","","","","","670B7B","fff","custom/custom24","false","a0sWD00000XnsduYAB","false","","","","a0sWD00000XoBp1YAF","2023-08-13","Real Estate","","","","a1x5f000000owg8AAA","true","Retail",""
"a1lWE000002pnWlYAI","005al00000RVcKvAAL","false","Real Estate-Other RE","2026-08-11T16:28:40.000Z","005al00000RVvFOAA1","2026-08-14T09:32:29.000Z","005al00000RVvFOAA1","2026-08-14T09:32:29.000Z","","","","80.0","false","","","{/""prodPkgEditScreen/"":/""723454364762362365/"",/""ownershipAssignmentFieldSetName/"":/""LLC_BI__Bulk_Ownership_Assignment/"",/""editCollateralScreen/"":/""42363993400862416/"",/""copyCollateralScreen/"":/""42363993400862416/"",/""collateralScreenName/"":/""Collateral Creation Screen/"",/""collateralCopyFieldSetName/"":/""LLC_BI__Collateral_Creation_Screen_Configuration/"",/""collateralCloneFieldSetName/"":/""LLC_BI__Collateral_Creation_Screen_Configuration/"",/""addCollateralScreen/"":/""42363993400862416/"",/""addChildCollateralScreen/"":/""42363993400862416/""}","","false","","","","","670B7B","fff","custom/custom24","false","a0sWD00000XnsduYAB","false","","","","a0sWD00000XoBp1YAF","2023-08-13","Real Estate","","","","a1x5f000000owg9AAA","true","Other RE",""
"a1lWE000002pnWmYAI","005al00000RVcKvAAL","false","Other-Government Contracts","2026-08-11T16:28:40.000Z","005al00000RVvFOAA1","2026-08-14T09:32:29.000Z","005al00000RVvFOAA1","2026-08-14T09:32:29.000Z","","","","80.0","false","","","{/""prodPkgEditScreen/"":/""723454364762362365/"",/""ownershipAssignmentFieldSetName/"":/""LLC_BI__Bulk_Ownership_Assignment/"",/""editCollateralScreen/"":/""42363993400862416/"",/""copyCollateralScreen/"":/""42363993400862416/"",/""collateralScreenName/"":/""Collateral Creation Screen/"",/""collateralCopyFieldSetName/"":/""LLC_BI__Collateral_Creation_Screen_Configuration/"",/""collateralCloneFieldSetName/"":/""LLC_BI__Collateral_Creation_Screen_Configuration/"",/""addCollateralScreen/"":/""42363993400862416/"",/""addChildCollateralScreen/"":/""42363993400862416/""}","","false","","","","","#62b7ed","#ffffff","standard/work_order","false","a0sWD00000XnsduYAB","false","","","","a0sWD00000XoBoMYAV","2023-08-13","Other","","","","a1x5f000000owgAAAQ","true","Government Contracts",""
"a1lWE000002pnWnYAI","005al00000RVcKvAAL","false","Real Estate-Construction","2026-08-11T16:28:40.000Z","005al00000RVvFOAA1","2026-08-14T09:32:29.000Z","005al00000RVvFOAA1","2026-08-14T09:32:29.000Z","","","","80.0","false","","","{/""prodPkgEditScreen/"":/""723454364762362365/"",/""ownershipAssignmentFieldSetName/"":/""LLC_BI__Bulk_Ownership_Assignment/"",/""editCollateralScreen/"":/""42363993400862416/"",/""copyCollateralScreen/"":/""42363993400862416/"",/""collateralScreenName/"":/""Collateral Creation Screen/"",/""collateralCopyFieldSetName/"":/""LLC_BI__Collateral_Creation_Screen_Configuration/"",/""collateralCloneFieldSetName/"":/""LLC_BI__Collateral_Creation_Screen_Configuration/"",/""addCollateralScreen/"":/""42363993400862416/"",/""addChildCollateralScreen/"":/""42363993400862416/""}","","false","","","","","670B7B","fff","custom/custom24","false","a0sWD00000XnsduYAB","false","","","","a0sWD00000Xnse0YAB","2024-02-12","Real Estate","","","","a1x8c000002dIgWAAU","true","Construction",""
"a1lWE000002pnWoYAI","005al00000RVcKvAAL","false","Titled-Motor Vehicle","2026-08-11T16:28:40.000Z","005al00000RVvFOAA1","2026-08-14T09:32:29.000Z","005al00000RVvFOAA1","2026-08-14T09:32:29.000Z","","","","80.0","false","","","{/""prodPkgEditScreen/"":/""723454364762362365/"",/""ownershipAssignmentFieldSetName/"":/""LLC_BI__Bulk_Ownership_Assignment/"",/""editCollateralScreen/"":/""42363993400862416/"",/""copyCollateralScreen/"":/""42363993400862416/"",/""collateralScreenName/"":/""Collateral Creation Screen/"",/""collateralCopyFieldSetName/"":/""LLC_BI__Collateral_Creation_Screen_Configuration/"",/""collateralCloneFieldSetName/"":/""LLC_BI__Collateral_Creation_Screen_Configuration/"",/""addCollateralScreen/"":/""42363993400862416/"",/""addChildCollateralScreen/"":/""42363993400862416/""}","","false","","LLC_BI__Manage_Collateral_Titled","","","Ba202E","fff","custom/custom31","false","a0sWD00000XnsduYAB","false","","","","a0sWD00000XnseAYAR","2024-02-12","Titled","","","","a1x8c000002dIgXAAU","true","Motor Vehicle",""
"a1lWE000002pnWpYAI","005al00000RVcKvAAL","false","Real Estate-1-4 Family","2026-08-11T16:28:40.000Z","005al00000RVvFOAA1","2026-08-14T09:32:29.000Z","005al00000RVvFOAA1","2026-08-14T09:32:29.000Z","","","","80.0","false","","","{/""prodPkgEditScreen/"":/""723454364762362365/"",/""ownershipAssignmentFieldSetName/"":/""LLC_BI__Bulk_Ownership_Assignment/"",/""editCollateralScreen/"":/""42363993400862416/"",/""copyCollateralScreen/"":/""42363993400862416/"",/""collateralScreenName/"":/""Collateral Creation Screen/"",/""collateralCopyFieldSetName/"":/""LLC_BI__Collateral_Creation_Screen_Configuration/"",/""collateralCloneFieldSetName/"":/""LLC_BI__Collateral_Creation_Screen_Configuration/"",/""addCollateralScreen/"":/""42363993400862416/"",/""addChildCollateralScreen/"":/""42363993400862416/""}","","false","","","","","670B7B","fff","custom/custom24","false","a0sWD00000XnsduYAB","false","","","","a0sWD00000Xnse0YAB","2024-02-12","Real Estate","","","","a1x8c000002dIgYAAU","true","1-4 Family",""
"a1lWE000002pnWqYAI","005al00000RVcKvAAL","false","Titled-Pleasure Boat","2026-08-11T16:28:40.000Z","005al00000RVvFOAA1","2026-08-14T09:32:29.000Z","005al00000RVvFOAA1","2026-08-14T09:32:29.000Z","","","","80.0","false","","","{/""prodPkgEditScreen/"":/""723454364762362365/"",/""ownershipAssignmentFieldSetName/"":/""LLC_BI__Bulk_Ownership_Assignment/"",/""editCollateralScreen/"":/""42363993400862416/"",/""copyCollateralScreen/"":/""42363993400862416/"",/""collateralScreenName/"":/""Collateral Creation Screen/"",/""collateralCopyFieldSetName/"":/""LLC_BI__Collateral_Creation_Screen_Configuration/"",/""collateralCloneFieldSetName/"":/""LLC_BI__Collateral_Creation_Screen_Configuration/"",/""addCollateralScreen/"":/""42363993400862416/"",/""addChildCollateralScreen/"":/""42363993400862416/""}","","false","","LLC_BI__Manage_Collateral_Titled","","","Ba202E","fff","custom/custom31","false","a0sWD00000XnsduYAB","false","","","","a0sWD00000XnseAYAR","2024-02-12","Titled","","","","a1x8c000002dIgZAAU","true","Pleasure Boat",""
"a1lWE000002pnWrYAI","005al00000RVcKvAAL","false","Titled-Aircraft","2026-08-11T16:28:40.000Z","005al00000RVvFOAA1","2026-08-14T09:32:29.000Z","005al00000RVvFOAA1","2026-08-14T09:32:29.000Z","","","","80.0","false","","","{/""prodPkgEditScreen/"":/""723454364762362365/"",/""ownershipAssignmentFieldSetName/"":/""LLC_BI__Bulk_Ownership_Assignment/"",/""editCollateralScreen/"":/""42363993400862416/"",/""copyCollateralScreen/"":/""42363993400862416/"",/""collateralScreenName/"":/""Collateral Creation Screen/"",/""collateralCopyFieldSetName/"":/""LLC_BI__Collateral_Creation_Screen_Configuration/"",/""collateralCloneFieldSetName/"":/""LLC_BI__Collateral_Creation_Screen_Configuration/"",/""addCollateralScreen/"":/""42363993400862416/"",/""addChildCollateralScreen/"":/""42363993400862416/""}","","false","","LLC_BI__Manage_Collateral_Titled","","","Ba202E","fff","custom/custom31","false","a0sWD00000XnsduYAB","false","","","","a0sWD00000XnseAYAR","2024-02-12","Titled","","","","a1x8c000002dIgaAAE","true","Aircraft",""
"a1lWE000002pnWsYAI","005al00000RVcKvAAL","false","Titled-Other Titled","2026-08-11T16:28:40.000Z","005al00000RVvFOAA1","2026-08-14T09:32:29.000Z","005al00000RVvFOAA1","2026-08-14T09:32:29.000Z","","","","80.0","false","","","{/""prodPkgEditScreen/"":/""723454364762362365/"",/""ownershipAssignmentFieldSetName/"":/""LLC_BI__Bulk_Ownership_Assignment/"",/""editCollateralScreen/"":/""42363993400862416/"",/""copyCollateralScreen/"":/""42363993400862416/"",/""collateralScreenName/"":/""Collateral Creation Screen/"",/""collateralCopyFieldSetName/"":/""LLC_BI__Collateral_Creation_Screen_Configuration/"",/""collateralCloneFieldSetName/"":/""LLC_BI__Collateral_Creation_Screen_Configuration/"",/""addCollateralScreen/"":/""42363993400862416/"",/""addChildCollateralScreen/"":/""42363993400862416/""}","","false","","LLC_BI__Manage_Collateral_Titled","","","Ba202E","fff","custom/custom31","false","a0sWD00000XnsduYAB","false","","","","a0sWD00000XnseAYAR","2024-02-12","Titled","","","","a1x8c000002dIgbAAE","true","Other Titled",""
"a1lWE000002pnWtYAI","005al00000RVcKvAAL","false","UCC-Inventory","2026-08-11T16:28:40.000Z","005al00000RVvFOAA1","2026-08-14T09:32:29.000Z","005al00000RVvFOAA1","2026-08-14T09:32:29.000Z","","","","80.0","false","","","{/""prodPkgEditScreen/"":/""723454364762362365/"",/""ownershipAssignmentFieldSetName/"":/""LLC_BI__Bulk_Ownership_Assignment/"",/""editCollateralScreen/"":/""42363993400862416/"",/""copyCollateralScreen/"":/""42363993400862416/"",/""collateralScreenName/"":/""Collateral Creation Screen/"",/""collateralCopyFieldSetName/"":/""LLC_BI__Collateral_Creation_Screen_Configuration/"",/""collateralCloneFieldSetName/"":/""LLC_BI__Collateral_Creation_Screen_Configuration/"",/""addCollateralScreen/"":/""42363993400862416/"",/""addChildCollateralScreen/"":/""42363993400862416/""}","","false","","","","","F1B643","fff","custom/custom18","false","a0sWD00000XnsduYAB","false","","","","a0sWD00000XoCL3YAN","2024-02-12","UCC","","","","a1x8c000002dIgcAAE","true","Inventory",""
"a1lWE000002pnWuYAI","005al00000RVcKvAAL","false","UCC-Accounts","2026-08-11T16:28:40.000Z","005al00000RVvFOAA1","2026-08-14T09:32:29.000Z","005al00000RVvFOAA1","2026-08-14T09:32:29.000Z","","","","80.0","false","","","{/""prodPkgEditScreen/"":/""723454364762362365/"",/""ownershipAssignmentFieldSetName/"":/""LLC_BI__Bulk_Ownership_Assignment/"",/""editCollateralScreen/"":/""42363993400862416/"",/""copyCollateralScreen/"":/""42363993400862416/"",/""collateralScreenName/"":/""Collateral Creation Screen/"",/""collateralCopyFieldSetName/"":/""LLC_BI__Collateral_Creation_Screen_Configuration/"",/""collateralCloneFieldSetName/"":/""LLC_BI__Collateral_Creation_Screen_Configuration/"",/""addCollateralScreen/"":/""42363993400862416/"",/""addChildCollateralScreen/"":/""42363993400862416/""}","","false","","","","","F1B643","fff","custom/custom18","false","a0sWD00000XnsduYAB","false","","","","a0sWD00000XoCL3YAN","2024-02-12","UCC","","","","a1x8c000002dIgdAAE","true","Accounts",""
"a1lWE000002pnWvYAI","005al00000RVcKvAAL","false","UCC-Equipment","2026-08-11T16:28:40.000Z","005al00000RVvFOAA1","2026-08-14T09:32:29.000Z","005al00000RVvFOAA1","2026-08-14T09:32:29.000Z","","","","80.0","false","","","{/""prodPkgEditScreen/"":/""723454364762362365/"",/""ownershipAssignmentFieldSetName/"":/""LLC_BI__Bulk_Ownership_Assignment/"",/""editCollateralScreen/"":/""42363993400862416/"",/""copyCollateralScreen/"":/""42363993400862416/"",/""collateralScreenName/"":/""Collateral Creation Screen/"",/""collateralCopyFieldSetName/"":/""LLC_BI__Collateral_Creation_Screen_Configuration/"",/""collateralCloneFieldSetName/"":/""LLC_BI__Collateral_Creation_Screen_Configuration/"",/""addCollateralScreen/"":/""42363993400862416/"",/""addChildCollateralScreen/"":/""42363993400862416/""}","","false","","","","","F1B643","fff","custom/custom18","false","a0sWD00000XnsduYAB","false","","","","a0sWD00000XoCL3YAN","2024-02-12","UCC","","","","a1x8c000002dIgeAAE","true","Equipment",""
"a1lWE000002pnWwYAI","005al00000RVcKvAAL","false","UCC-Tort Claim","2026-08-11T16:28:40.000Z","005al00000RVvFOAA1","2026-08-14T09:32:29.000Z","005al00000RVvFOAA1","2026-08-14T09:32:29.000Z","","","","80.0","false","","","{/""prodPkgEditScreen/"":/""723454364762362365/"",/""ownershipAssignmentFieldSetName/"":/""LLC_BI__Bulk_Ownership_Assignment/"",/""editCollateralScreen/"":/""42363993400862416/"",/""copyCollateralScreen/"":/""42363993400862416/"",/""collateralScreenName/"":/""Collateral Creation Screen/"",/""collateralCopyFieldSetName/"":/""LLC_BI__Collateral_Creation_Screen_Configuration/"",/""collateralCloneFieldSetName/"":/""LLC_BI__Collateral_Creation_Screen_Configuration/"",/""addCollateralScreen/"":/""42363993400862416/"",/""addChildCollateralScreen/"":/""42363993400862416/""}","","false","","","","","F1B643","fff","custom/custom18","false","a0sWD00000XnsduYAB","false","","","","a0sWD00000XoCL3YAN","2024-02-12","UCC","","","","a1x8c000002dIgfAAE","true","Tort Claim",""
"a1lWE000002pnWxYAI","005al00000RVcKvAAL","false","UCC-Fixtures","2026-08-11T16:28:40.000Z","005al00000RVvFOAA1","2026-08-14T09:32:29.000Z","005al00000RVvFOAA1","2026-08-14T09:32:29.000Z","","","","80.0","false","","","{/""prodPkgEditScreen/"":/""723454364762362365/"",/""ownershipAssignmentFieldSetName/"":/""LLC_BI__Bulk_Ownership_Assignment/"",/""editCollateralScreen/"":/""42363993400862416/"",/""copyCollateralScreen/"":/""42363993400862416/"",/""collateralScreenName/"":/""Collateral Creation Screen/"",/""collateralCopyFieldSetName/"":/""LLC_BI__Collateral_Creation_Screen_Configuration/"",/""collateralCloneFieldSetName/"":/""LLC_BI__Collateral_Creation_Screen_Configuration/"",/""addCollateralScreen/"":/""42363993400862416/"",/""addChildCollateralScreen/"":/""42363993400862416/""}","","false","","","","","F1B643","fff","custom/custom18","false","a0sWD00000XnsduYAB","false","","","","a0sWD00000XoCL3YAN","2024-02-12","UCC","","","","a1x8c000002dIggAAE","true","Fixtures",""
"a1lWE000002pnWyYAI","005al00000RVcKvAAL","false","Real Estate-Retail","2026-08-11T16:28:40.000Z","005al00000RVvFOAA1","2026-08-14T09:32:29.000Z","005al00000RVvFOAA1","2026-08-14T09:32:29.000Z","","","","80.0","false","","","{/""prodPkgEditScreen/"":/""723454364762362365/"",/""ownershipAssignmentFieldSetName/"":/""LLC_BI__Bulk_Ownership_Assignment/"",/""editCollateralScreen/"":/""42363993400862416/"",/""copyCollateralScreen/"":/""42363993400862416/"",/""collateralScreenName/"":/""Collateral Creation Screen/"",/""collateralCopyFieldSetName/"":/""LLC_BI__Collateral_Creation_Screen_Configuration/"",/""collateralCloneFieldSetName/"":/""LLC_BI__Collateral_Creation_Screen_Configuration/"",/""addCollateralScreen/"":/""42363993400862416/"",/""addChildCollateralScreen/"":/""42363993400862416/""}","","false","","","","","670B7B","fff","custom/custom24","false","a0sWD00000XnsduYAB","false","","","","a0sWD00000Xnse0YAB","2024-02-12","Real Estate","","","","a1x8c000002dIghAAE","true","Retail",""
"a1lWE000002pnWzYAI","005al00000RVcKvAAL","false","Real Estate-Construction","2026-08-11T16:28:40.000Z","005al00000RVvFOAA1","2026-08-14T09:32:29.000Z","005al00000RVvFOAA1","2026-08-14T09:32:29.000Z","","","","80.0","false","","","{/""prodPkgEditScreen/"":/""723454364762362365/"",/""ownershipAssignmentFieldSetName/"":/""LLC_BI__Bulk_Ownership_Assignment/"",/""editCollateralScreen/"":/""42363993400862416/"",/""copyCollateralScreen/"":/""42363993400862416/"",/""collateralScreenName/"":/""Collateral Creation Screen/"",/""collateralCopyFieldSetName/"":/""LLC_BI__Collateral_Creation_Screen_Configuration/"",/""collateralCloneFieldSetName/"":/""LLC_BI__Collateral_Creation_Screen_Configuration/"",/""addCollateralScreen/"":/""42363993400862416/"",/""addChildCollateralScreen/"":/""42363993400862416/""}","","false","","","","","670B7B","fff","custom/custom24","false","a0sWD00000XnsduYAB","false","","","","a0sWD00000Xnse0YAB","2023-11-19","Real Estate","","","","a1x8c000002dIhNAAU","true","Construction",""
"a1lWE000002pnX0YAI","005al00000RVcKvAAL","false","Titled-Motor Vehicle","2026-08-11T16:28:40.000Z","005al00000RVvFOAA1","2026-08-14T09:32:29.000Z","005al00000RVvFOAA1","2026-08-14T09:32:29.000Z","","","","80.0","false","","","{/""prodPkgEditScreen/"":/""723454364762362365/"",/""ownershipAssignmentFieldSetName/"":/""LLC_BI__Bulk_Ownership_Assignment/"",/""editCollateralScreen/"":/""42363993400862416/"",/""copyCollateralScreen/"":/""42363993400862416/"",/""collateralScreenName/"":/""Collateral Creation Screen/"",/""collateralCopyFieldSetName/"":/""LLC_BI__Collateral_Creation_Screen_Configuration/"",/""collateralCloneFieldSetName/"":/""LLC_BI__Collateral_Creation_Screen_Configuration/"",/""addCollateralScreen/"":/""42363993400862416/"",/""addChildCollateralScreen/"":/""42363993400862416/""}","","false","","LLC_BI__Manage_Collateral_Titled","","","Ba202E","fff","custom/custom31","false","a0sWD00000XnsduYAB","false","","","","a0sWD00000XnseGYAR","2023-11-19","Titled","","","","a1x8c000002dIhOAAU","true","Motor Vehicle",""
"a1lWE000002pnX1YAI","005al00000RVcKvAAL","false","Real Estate-1-4 Family","2026-08-11T16:28:40.000Z","005al00000RVvFOAA1","2026-08-14T09:32:29.000Z","005al00000RVvFOAA1","2026-08-14T09:32:29.000Z","","","","80.0","false","","","{/""prodPkgEditScreen/"":/""723454364762362365/"",/""ownershipAssignmentFieldSetName/"":/""LLC_BI__Bulk_Ownership_Assignment/"",/""editCollateralScreen/"":/""42363993400862416/"",/""copyCollateralScreen/"":/""42363993400862416/"",/""collateralScreenName/"":/""Collateral Creation Screen/"",/""collateralCopyFieldSetName/"":/""LLC_BI__Collateral_Creation_Screen_Configuration/"",/""collateralCloneFieldSetName/"":/""LLC_BI__Collateral_Creation_Screen_Configuration/"",/""addCollateralScreen/"":/""42363993400862416/"",/""addChildCollateralScreen/"":/""42363993400862416/""}","","false","","","","","670B7B","fff","custom/custom24","false","a0sWD00000XnsduYAB","false","","","","a0sWD00000Xnse0YAB","2023-11-19","Real Estate","","","","a1x8c000002dIhPAAU","true","1-4 Family",""
"a1lWE000002pnX2YAI","005al00000RVcKvAAL","false","Titled-Mobile Home","2026-08-11T16:28:40.000Z","005al00000RVvFOAA1","2026-08-14T09:32:29.000Z","005al00000RVvFOAA1","2026-08-14T09:32:29.000Z","","","","80.0","false","","","{/""prodPkgEditScreen/"":/""723454364762362365/"",/""ownershipAssignmentFieldSetName/"":/""LLC_BI__Bulk_Ownership_Assignment/"",/""editCollateralScreen/"":/""42363993400862416/"",/""copyCollateralScreen/"":/""42363993400862416/"",/""collateralScreenName/"":/""Collateral Creation Screen/"",/""collateralCopyFieldSetName/"":/""LLC_BI__Collateral_Creation_Screen_Configuration/"",/""collateralCloneFieldSetName/"":/""LLC_BI__Collateral_Creation_Screen_Configuration/"",/""addCollateralScreen/"":/""42363993400862416/"",/""addChildCollateralScreen/"":/""42363993400862416/""}","","false","","LLC_BI__Manage_Collateral_Titled","","","Ba202E","fff","custom/custom31","false","a0sWD00000XnsduYAB","false","","","","a0sWD00000XnsdyYAB","2023-11-19","Titled","","","","a1x8c000002dIhQAAU","true","Mobile Home",""
"a1lWE000002pnX3YAI","005al00000RVcKvAAL","false","Titled-Pleasure Boat","2026-08-11T16:28:40.000Z","005al00000RVvFOAA1","2026-08-14T09:32:29.000Z","005al00000RVvFOAA1","2026-08-14T09:32:29.000Z","","","","80.0","false","","","{/""prodPkgEditScreen/"":/""723454364762362365/"",/""ownershipAssignmentFieldSetName/"":/""LLC_BI__Bulk_Ownership_Assignment/"",/""editCollateralScreen/"":/""42363993400862416/"",/""copyCollateralScreen/"":/""42363993400862416/"",/""collateralScreenName/"":/""Collateral Creation Screen/"",/""collateralCopyFieldSetName/"":/""LLC_BI__Collateral_Creation_Screen_Configuration/"",/""collateralCloneFieldSetName/"":/""LLC_BI__Collateral_Creation_Screen_Configuration/"",/""addCollateralScreen/"":/""42363993400862416/"",/""addChildCollateralScreen/"":/""42363993400862416/""}","","false","","LLC_BI__Manage_Collateral_Titled","","","Ba202E","fff","custom/custom31","false","a0sWD00000XnsduYAB","false","","","","a0sWD00000Xnse2YAB","2023-11-19","Titled","","","","a1x8c000002dIhRAAU","true","Pleasure Boat",""
"a1lWE000002pnX4YAI","005al00000RVcKvAAL","false","Titled-Ship","2026-08-11T16:28:40.000Z","005al00000RVvFOAA1","2026-08-14T09:32:29.000Z","005al00000RVvFOAA1","2026-08-14T09:32:29.000Z","","","","80.0","false","","","{/""prodPkgEditScreen/"":/""723454364762362365/"",/""ownershipAssignmentFieldSetName/"":/""LLC_BI__Bulk_Ownership_Assignment/"",/""editCollateralScreen/"":/""42363993400862416/"",/""copyCollateralScreen/"":/""42363993400862416/"",/""collateralScreenName/"":/""Collateral Creation Screen/"",/""collateralCopyFieldSetName/"":/""LLC_BI__Collateral_Creation_Screen_Configuration/"",/""collateralCloneFieldSetName/"":/""LLC_BI__Collateral_Creation_Screen_Configuration/"",/""addCollateralScreen/"":/""42363993400862416/"",/""addChildCollateralScreen/"":/""42363993400862416/""}","","false","","LLC_BI__Manage_Collateral_Titled","","","Ba202E","fff","custom/custom31","false","a0sWD00000XnsduYAB","false","","","","a0sWD00000Xnse4YAB","2023-11-19","Titled","","","","a1x8c000002dIhSAAU","true","Ship",""
"a1lWE000002pnX5YAI","005al00000RVcKvAAL","false","Titled-Aircraft","2026-08-11T16:28:40.000Z","005al00000RVvFOAA1","2026-08-14T09:32:29.000Z","005al00000RVvFOAA1","2026-08-14T09:32:29.000Z","","","","80.0","false","","","{/""prodPkgEditScreen/"":/""723454364762362365/"",/""ownershipAssignmentFieldSetName/"":/""LLC_BI__Bulk_Ownership_Assignment/"",/""editCollateralScreen/"":/""42363993400862416/"",/""copyCollateralScreen/"":/""42363993400862416/"",/""collateralScreenName/"":/""Collateral Creation Screen/"",/""collateralCopyFieldSetName/"":/""LLC_BI__Collateral_Creation_Screen_Configuration/"",/""collateralCloneFieldSetName/"":/""LLC_BI__Collateral_Creation_Screen_Configuration/"",/""addCollateralScreen/"":/""42363993400862416/"",/""addChildCollateralScreen/"":/""42363993400862416/""}","","false","","LLC_BI__Manage_Collateral_Titled","","","Ba202E","fff","custom/custom31","false","a0sWD00000XnsduYAB","false","","","","a0sWD00000Xnse8YAB","2023-11-19","Titled","","","","a1x8c000002dIhTAAU","true","Aircraft",""
"a1lWE000002pnX6YAI","005al00000RVcKvAAL","false","Titled-Trailer","2026-08-11T16:28:40.000Z","005al00000RVvFOAA1","2026-08-14T09:32:29.000Z","005al00000RVvFOAA1","2026-08-14T09:32:29.000Z","","","","80.0","false","","","{/""prodPkgEditScreen/"":/""723454364762362365/"",/""ownershipAssignmentFieldSetName/"":/""LLC_BI__Bulk_Ownership_Assignment/"",/""editCollateralScreen/"":/""42363993400862416/"",/""copyCollateralScreen/"":/""42363993400862416/"",/""collateralScreenName/"":/""Collateral Creation Screen/"",/""collateralCopyFieldSetName/"":/""LLC_BI__Collateral_Creation_Screen_Configuration/"",/""collateralCloneFieldSetName/"":/""LLC_BI__Collateral_Creation_Screen_Configuration/"",/""addCollateralScreen/"":/""42363993400862416/"",/""addChildCollateralScreen/"":/""42363993400862416/""}","","false","","LLC_BI__Manage_Collateral_Titled","","","Ba202E","fff","custom/custom31","false","a0sWD00000XnsduYAB","false","","","","a0sWD00000XnsdxYAB","2023-11-19","Titled","","","","a1x8c000002dIhUAAU","true","Trailer",""
"a1lWE000002pnX7YAI","005al00000RVcKvAAL","false","Titled-Other Titled","2026-08-11T16:28:40.000Z","005al00000RVvFOAA1","2026-08-14T09:32:29.000Z","005al00000RVvFOAA1","2026-08-14T09:32:29.000Z","","","","80.0","false","","","{/""prodPkgEditScreen/"":/""723454364762362365/"",/""ownershipAssignmentFieldSetName/"":/""LLC_BI__Bulk_Ownership_Assignment/"",/""editCollateralScreen/"":/""42363993400862416/"",/""copyCollateralScreen/"":/""42363993400862416/"",/""collateralScreenName/"":/""Collateral Creation Screen/"",/""collateralCopyFieldSetName/"":/""LLC_BI__Collateral_Creation_Screen_Configuration/"",/""collateralCloneFieldSetName/"":/""LLC_BI__Collateral_Creation_Screen_Configuration/"",/""addCollateralScreen/"":/""42363993400862416/"",/""addChildCollateralScreen/"":/""42363993400862416/""}","","false","","LLC_BI__Manage_Collateral_Titled","","","Ba202E","fff","custom/custom31","false","a0sWD00000XnsduYAB","false","","","","a0sWD00000XnseAYAR","2023-11-19","Titled","","","","a1x8c000002dIhVAAU","true","Other Titled",""
"a1lWE000002pnX8YAI","005al00000RVcKvAAL","false","Possessory-Savings/CDs","2026-08-11T16:28:40.000Z","005al00000RVvFOAA1","2026-08-14T09:32:29.000Z","005al00000RVvFOAA1","2026-08-14T09:32:29.000Z","","","","80.0","false","","","{/""prodPkgEditScreen/"":/""723454364762362365/"",/""ownershipAssignmentFieldSetName/"":/""LLC_BI__Bulk_Ownership_Assignment/"",/""editCollateralScreen/"":/""42363993400862416/"",/""copyCollateralScreen/"":/""42363993400862416/"",/""collateralScreenName/"":/""Collateral Creation Screen/"",/""collateralCopyFieldSetName/"":/""LLC_BI__Collateral_Creation_Screen_Configuration/"",/""collateralCloneFieldSetName/"":/""LLC_BI__Collateral_Creation_Screen_Configuration/"",/""addCollateralScreen/"":/""42363993400862416/"",/""addChildCollateralScreen/"":/""42363993400862416/""}","","false","","","","","85BE40","fff","custom/custom17","false","a0sWD00000XnsduYAB","false","","","","a0sWD00000XnseDYAR","2023-11-19","Possessory","","","","a1x8c000002dIhWAAU","true","Savings/CDs",""
"a1lWE000002pnX9YAI","005al00000RVcKvAAL","false","Possessory-Securities","2026-08-11T16:28:40.000Z","005al00000RVvFOAA1","2026-08-14T09:32:29.000Z","005al00000RVvFOAA1","2026-08-14T09:32:29.000Z","","","","80.0","false","","","{/""prodPkgEditScreen/"":/""723454364762362365/"",/""ownershipAssignmentFieldSetName/"":/""LLC_BI__Bulk_Ownership_Assignment/"",/""editCollateralScreen/"":/""42363993400862416/"",/""copyCollateralScreen/"":/""42363993400862416/"",/""collateralScreenName/"":/""Collateral Creation Screen/"",/""collateralCopyFieldSetName/"":/""LLC_BI__Collateral_Creation_Screen_Configuration/"",/""collateralCloneFieldSetName/"":/""LLC_BI__Collateral_Creation_Screen_Configuration/"",/""addCollateralScreen/"":/""42363993400862416/"",/""addChildCollateralScreen/"":/""42363993400862416/""}","","false","","","","","85BE40","fff","custom/custom17","false","a0sWD00000XnsduYAB","false","","","","a0sWD00000Xnse9YAB","2023-11-19","Possessory","","","","a1x8c000002dIhXAAU","true","Securities",""
"a1lWE000002pnXAYAY","005al00000RVcKvAAL","false","Possessory-Note/Instrument","2026-08-11T16:28:40.000Z","005al00000RVvFOAA1","2026-08-14T09:32:29.000Z","005al00000RVvFOAA1","2026-08-14T09:32:29.000Z","","","","80.0","false","","","{/""prodPkgEditScreen/"":/""723454364762362365/"",/""ownershipAssignmentFieldSetName/"":/""LLC_BI__Bulk_Ownership_Assignment/"",/""editCollateralScreen/"":/""42363993400862416/"",/""copyCollateralScreen/"":/""42363993400862416/"",/""collateralScreenName/"":/""Collateral Creation Screen/"",/""collateralCopyFieldSetName/"":/""LLC_BI__Collateral_Creation_Screen_Configuration/"",/""collateralCloneFieldSetName/"":/""LLC_BI__Collateral_Creation_Screen_Configuration/"",/""addCollateralScreen/"":/""42363993400862416/"",/""addChildCollateralScreen/"":/""42363993400862416/""}","","false","","","","","85BE40","fff","custom/custom17","false","a0sWD00000XnsduYAB","false","","","","a0sWD00000XnsdzYAB","2023-11-19","Possessory","","","","a1x8c000002dIhYAAU","true","Note/Instrument",""
"a1lWE000002pnXBYAY","005al00000RVcKvAAL","false","Possessory-Receipts/Bills","2026-08-11T16:28:40.000Z","005al00000RVvFOAA1","2026-08-14T09:32:29.000Z","005al00000RVvFOAA1","2026-08-14T09:32:29.000Z","","","","80.0","false","","","{/""prodPkgEditScreen/"":/""723454364762362365/"",/""ownershipAssignmentFieldSetName/"":/""LLC_BI__Bulk_Ownership_Assignment/"",/""editCollateralScreen/"":/""42363993400862416/"",/""copyCollateralScreen/"":/""42363993400862416/"",/""collateralScreenName/"":/""Collateral Creation Screen/"",/""collateralCopyFieldSetName/"":/""LLC_BI__Collateral_Creation_Screen_Configuration/"",/""collateralCloneFieldSetName/"":/""LLC_BI__Collateral_Creation_Screen_Configuration/"",/""addCollateralScreen/"":/""42363993400862416/"",/""addChildCollateralScreen/"":/""42363993400862416/""}","","false","","","","","85BE40","fff","custom/custom17","false","a0sWD00000XnsduYAB","false","","","","a0sWD00000XnseCYAR","2023-11-19","Possessory","","","","a1x8c000002dIhZAAU","true","Receipts/Bills",""
"a1lWE000002pnXCYAY","005al00000RVcKvAAL","false","Possessory-Letter of Credit","2026-08-11T16:28:40.000Z","005al00000RVvFOAA1","2026-08-14T09:32:29.000Z","005al00000RVvFOAA1","2026-08-14T09:32:29.000Z","","","","80.0","false","","","{/""prodPkgEditScreen/"":/""723454364762362365/"",/""ownershipAssignmentFieldSetName/"":/""LLC_BI__Bulk_Ownership_Assignment/"",/""editCollateralScreen/"":/""42363993400862416/"",/""copyCollateralScreen/"":/""42363993400862416/"",/""collateralScreenName/"":/""Collateral Creation Screen/"",/""collateralCopyFieldSetName/"":/""LLC_BI__Collateral_Creation_Screen_Configuration/"",/""collateralCloneFieldSetName/"":/""LLC_BI__Collateral_Creation_Screen_Configuration/"",/""addCollateralScreen/"":/""42363993400862416/"",/""addChildCollateralScreen/"":/""42363993400862416/""}","","false","","","","","85BE40","fff","custom/custom17","false","a0sWD00000XnsduYAB","false","","","","a0sWD00000XnseFYAR","2023-11-19","Possessory","","","","a1x8c000002dIhaAAE","true","Letter of Credit",""
"a1lWE000002pnXDYAY","005al00000RVcKvAAL","false","Possessory-Other Possessory","2026-08-11T16:28:40.000Z","005al00000RVvFOAA1","2026-08-14T09:32:29.000Z","005al00000RVvFOAA1","2026-08-14T09:32:29.000Z","","","","80.0","false","","","{/""prodPkgEditScreen/"":/""723454364762362365/"",/""ownershipAssignmentFieldSetName/"":/""LLC_BI__Bulk_Ownership_Assignment/"",/""editCollateralScreen/"":/""42363993400862416/"",/""copyCollateralScreen/"":/""42363993400862416/"",/""collateralScreenName/"":/""Collateral Creation Screen/"",/""collateralCopyFieldSetName/"":/""LLC_BI__Collateral_Creation_Screen_Configuration/"",/""collateralCloneFieldSetName/"":/""LLC_BI__Collateral_Creation_Screen_Configuration/"",/""addCollateralScreen/"":/""42363993400862416/"",/""addChildCollateralScreen/"":/""42363993400862416/""}","","false","","","","","85BE40","fff","custom/custom17","false","a0sWD00000XnsduYAB","false","","","","a0sWD00000XnseCYAR","2023-11-19","Possessory","","","","a1x8c000002dIhbAAE","true","Other Possessory",""
"a1lWE000002pnXEYAY","005al00000RVcKvAAL","false","Possessory-Life Insurance","2026-08-11T16:28:40.000Z","005al00000RVvFOAA1","2026-08-14T09:32:29.000Z","005al00000RVvFOAA1","2026-08-14T09:32:29.000Z","","","","80.0","false","","","{/""prodPkgEditScreen/"":/""723454364762362365/"",/""ownershipAssignmentFieldSetName/"":/""LLC_BI__Bulk_Ownership_Assignment/"",/""editCollateralScreen/"":/""42363993400862416/"",/""copyCollateralScreen/"":/""42363993400862416/"",/""collateralScreenName/"":/""Collateral Creation Screen/"",/""collateralCopyFieldSetName/"":/""LLC_BI__Collateral_Creation_Screen_Configuration/"",/""collateralCloneFieldSetName/"":/""LLC_BI__Collateral_Creation_Screen_Configuration/"",/""addCollateralScreen/"":/""42363993400862416/"",/""addChildCollateralScreen/"":/""42363993400862416/""}","","false","","","","","85BE40","fff","custom/custom17","false","a0sWD00000XnsduYAB","false","","","","a0sWD00000XnseEYAR","2023-11-19","Possessory","","","","a1x8c000002dIhcAAE","true","Life Insurance",""
"a1lWE000002pnXFYAY","005al00000RVcKvAAL","false","UCC-Inventory","2026-08-11T16:28:40.000Z","005al00000RVvFOAA1","2026-08-14T09:32:29.000Z","005al00000RVvFOAA1","2026-08-14T09:32:29.000Z","","","","80.0","false","","","{/""prodPkgEditScreen/"":/""723454364762362365/"",/""ownershipAssignmentFieldSetName/"":/""LLC_BI__Bulk_Ownership_Assignment/"",/""editCollateralScreen/"":/""42363993400862416/"",/""copyCollateralScreen/"":/""42363993400862416/"",/""collateralScreenName/"":/""Collateral Creation Screen/"",/""collateralCopyFieldSetName/"":/""LLC_BI__Collateral_Creation_Screen_Configuration/"",/""collateralCloneFieldSetName/"":/""LLC_BI__Collateral_Creation_Screen_Configuration/"",/""addCollateralScreen/"":/""42363993400862416/"",/""addChildCollateralScreen/"":/""42363993400862416/""}","","false","","","","","F1B643","fff","custom/custom18","false","a0sWD00000XnsduYAB","false","","","","a0sWD00000Xnse6YAB","2023-11-19","UCC","","","","a1x8c000002dIhdAAE","true","Inventory",""
"a1lWE000002pnXGYAY","005al00000RVcKvAAL","false","UCC-Chattel Paper","2026-08-11T16:28:40.000Z","005al00000RVvFOAA1","2026-08-14T09:32:29.000Z","005al00000RVvFOAA1","2026-08-14T09:32:29.000Z","","","","80.0","false","","","{/""prodPkgEditScreen/"":/""723454364762362365/"",/""ownershipAssignmentFieldSetName/"":/""LLC_BI__Bulk_Ownership_Assignment/"",/""editCollateralScreen/"":/""42363993400862416/"",/""copyCollateralScreen/"":/""42363993400862416/"",/""collateralScreenName/"":/""Collateral Creation Screen/"",/""collateralCopyFieldSetName/"":/""LLC_BI__Collateral_Creation_Screen_Configuration/"",/""collateralCloneFieldSetName/"":/""LLC_BI__Collateral_Creation_Screen_Configuration/"",/""addCollateralScreen/"":/""42363993400862416/"",/""addChildCollateralScreen/"":/""42363993400862416/""}","","false","","","","","F1B643","fff","custom/custom18","false","a0sWD00000XnsduYAB","false","","","","a0sWD00000Xnse6YAB","2023-11-19","UCC","","","","a1x8c000002dIheAAE","true","Chattel Paper",""
"a1lWE000002pnXHYAY","005al00000RVcKvAAL","false","UCC-Accounts","2026-08-11T16:28:40.000Z","005al00000RVvFOAA1","2026-08-14T09:32:29.000Z","005al00000RVvFOAA1","2026-08-14T09:32:29.000Z","","","","80.0","false","","","{/""prodPkgEditScreen/"":/""723454364762362365/"",/""ownershipAssignmentFieldSetName/"":/""LLC_BI__Bulk_Ownership_Assignment/"",/""editCollateralScreen/"":/""42363993400862416/"",/""copyCollateralScreen/"":/""42363993400862416/"",/""collateralScreenName/"":/""Collateral Creation Screen/"",/""collateralCopyFieldSetName/"":/""LLC_BI__Collateral_Creation_Screen_Configuration/"",/""collateralCloneFieldSetName/"":/""LLC_BI__Collateral_Creation_Screen_Configuration/"",/""addCollateralScreen/"":/""42363993400862416/"",/""addChildCollateralScreen/"":/""42363993400862416/""}","","false","","","","","F1B643","fff","custom/custom18","false","a0sWD00000XnsduYAB","false","","","","a0sWD00000Xnse6YAB","2023-11-19","UCC","","","","a1x8c000002dIhfAAE","true","Accounts",""
"a1lWE000002pnXIYAY","005al00000RVcKvAAL","false","UCC-Equipment","2026-08-11T16:28:40.000Z","005al00000RVvFOAA1","2026-08-14T09:32:29.000Z","005al00000RVvFOAA1","2026-08-14T09:32:29.000Z","","","","80.0","false","","","{/""prodPkgEditScreen/"":/""723454364762362365/"",/""ownershipAssignmentFieldSetName/"":/""LLC_BI__Bulk_Ownership_Assignment/"",/""editCollateralScreen/"":/""42363993400862416/"",/""copyCollateralScreen/"":/""42363993400862416/"",/""collateralScreenName/"":/""Collateral Creation Screen/"",/""collateralCopyFieldSetName/"":/""LLC_BI__Collateral_Creation_Screen_Configuration/"",/""collateralCloneFieldSetName/"":/""LLC_BI__Collateral_Creation_Screen_Configuration/"",/""addCollateralScreen/"":/""42363993400862416/"",/""addChildCollateralScreen/"":/""42363993400862416/""}","","false","","","","","F1B643","fff","custom/custom18","false","a0sWD00000XnsduYAB","false","","","","a0sWD00000Xnse6YAB","2023-11-19","UCC","","","","a1x8c000002dIhgAAE","true","Equipment",""
"a1lWE000002pnXJYAY","005al00000RVcKvAAL","false","UCC-General Intangibles","2026-08-11T16:28:40.000Z","005al00000RVvFOAA1","2026-08-14T09:32:29.000Z","005al00000RVvFOAA1","2026-08-14T09:32:29.000Z","","","","80.0","false","","","{/""prodPkgEditScreen/"":/""723454364762362365/"",/""ownershipAssignmentFieldSetName/"":/""LLC_BI__Bulk_Ownership_Assignment/"",/""editCollateralScreen/"":/""42363993400862416/"",/""copyCollateralScreen/"":/""42363993400862416/"",/""collateralScreenName/"":/""Collateral Creation Screen/"",/""collateralCopyFieldSetName/"":/""LLC_BI__Collateral_Creation_Screen_Configuration/"",/""collateralCloneFieldSetName/"":/""LLC_BI__Collateral_Creation_Screen_Configuration/"",/""addCollateralScreen/"":/""42363993400862416/"",/""addChildCollateralScreen/"":/""42363993400862416/""}","","false","","","","","F1B643","fff","custom/custom18","false","a0sWD00000XnsduYAB","false","","","","a0sWD00000Xnse6YAB","2023-11-19","UCC","","","","a1x8c000002dIhhAAE","true","General Intangibles",""
"a1lWE000002pnXKYAY","005al00000RVcKvAAL","false","UCC-Farm Products","2026-08-11T16:28:40.000Z","005al00000RVvFOAA1","2026-08-14T09:32:29.000Z","005al00000RVvFOAA1","2026-08-14T09:32:29.000Z","","","","80.0","false","","","{/""prodPkgEditScreen/"":/""723454364762362365/"",/""ownershipAssignmentFieldSetName/"":/""LLC_BI__Bulk_Ownership_Assignment/"",/""editCollateralScreen/"":/""42363993400862416/"",/""copyCollateralScreen/"":/""42363993400862416/"",/""collateralScreenName/"":/""Collateral Creation Screen/"",/""collateralCopyFieldSetName/"":/""LLC_BI__Collateral_Creation_Screen_Configuration/"",/""collateralCloneFieldSetName/"":/""LLC_BI__Collateral_Creation_Screen_Configuration/"",/""addCollateralScreen/"":/""42363993400862416/"",/""addChildCollateralScreen/"":/""42363993400862416/""}","","false","","","","","F1B643","fff","custom/custom18","false","a0sWD00000XnsduYAB","false","","","","a0sWD00000Xnse6YAB","2023-11-19","UCC","","","","a1x8c000002dIhiAAE","true","Farm Products",""
"a1lWE000002pnXLYAY","005al00000RVcKvAAL","false","UCC-Livestock","2026-08-11T16:28:40.000Z","005al00000RVvFOAA1","2026-08-14T09:32:29.000Z","005al00000RVvFOAA1","2026-08-14T09:32:29.000Z","","","","80.0","false","","","{/""prodPkgEditScreen/"":/""723454364762362365/"",/""ownershipAssignmentFieldSetName/"":/""LLC_BI__Bulk_Ownership_Assignment/"",/""editCollateralScreen/"":/""42363993400862416/"",/""copyCollateralScreen/"":/""42363993400862416/"",/""collateralScreenName/"":/""Collateral Creation Screen/"",/""collateralCopyFieldSetName/"":/""LLC_BI__Collateral_Creation_Screen_Configuration/"",/""collateralCloneFieldSetName/"":/""LLC_BI__Collateral_Creation_Screen_Configuration/"",/""addCollateralScreen/"":/""42363993400862416/"",/""addChildCollateralScreen/"":/""42363993400862416/""}","","false","","","","","F1B643","fff","custom/custom18","false","a0sWD00000XnsduYAB","false","","","","a0sWD00000Xnse6YAB","2023-11-19","UCC","","","","a1x8c000002dIhjAAE","true","Livestock",""
"a1lWE000002pnXMYAY","005al00000RVcKvAAL","false","UCC-Farm Equipment","2026-08-11T16:28:40.000Z","005al00000RVvFOAA1","2026-08-14T09:32:29.000Z","005al00000RVvFOAA1","2026-08-14T09:32:29.000Z","","","","80.0","false","","","{/""prodPkgEditScreen/"":/""723454364762362365/"",/""ownershipAssignmentFieldSetName/"":/""LLC_BI__Bulk_Ownership_Assignment/"",/""editCollateralScreen/"":/""42363993400862416/"",/""copyCollateralScreen/"":/""42363993400862416/"",/""collateralScreenName/"":/""Collateral Creation Screen/"",/""collateralCopyFieldSetName/"":/""LLC_BI__Collateral_Creation_Screen_Configuration/"",/""collateralCloneFieldSetName/"":/""LLC_BI__Collateral_Creation_Screen_Configuration/"",/""addCollateralScreen/"":/""42363993400862416/"",/""addChildCollateralScreen/"":/""42363993400862416/""}","","false","","","","","F1B643","fff","custom/custom18","false","a0sWD00000XnsduYAB","false","","","","a0sWD00000Xnse6YAB","2023-11-19","UCC","","","","a1x8c000002dIhkAAE","true","Farm Equipment",""
"a1lWE000002pnXNYAY","005al00000RVcKvAAL","false","UCC-Consumer Goods","2026-08-11T16:28:40.000Z","005al00000RVvFOAA1","2026-08-14T09:32:29.000Z","005al00000RVvFOAA1","2026-08-14T09:32:29.000Z","","","","80.0","false","","","{/""prodPkgEditScreen/"":/""723454364762362365/"",/""ownershipAssignmentFieldSetName/"":/""LLC_BI__Bulk_Ownership_Assignment/"",/""editCollateralScreen/"":/""42363993400862416/"",/""copyCollateralScreen/"":/""42363993400862416/"",/""collateralScreenName/"":/""Collateral Creation Screen/"",/""collateralCopyFieldSetName/"":/""LLC_BI__Collateral_Creation_Screen_Configuration/"",/""collateralCloneFieldSetName/"":/""LLC_BI__Collateral_Creation_Screen_Configuration/"",/""addCollateralScreen/"":/""42363993400862416/"",/""addChildCollateralScreen/"":/""42363993400862416/""}","","false","","","","","F1B643","fff","custom/custom18","false","a0sWD00000XnsduYAB","false","","","","a0sWD00000Xnse6YAB","2023-11-19","UCC","","","","a1x8c000002dIhlAAE","true","Consumer Goods",""
"a1lWE000002pnXOYAY","005al00000RVcKvAAL","false","UCC-Tort Claim","2026-08-11T16:28:40.000Z","005al00000RVvFOAA1","2026-08-14T09:32:29.000Z","005al00000RVvFOAA1","2026-08-14T09:32:29.000Z","","","","80.0","false","","","{/""prodPkgEditScreen/"":/""723454364762362365/"",/""ownershipAssignmentFieldSetName/"":/""LLC_BI__Bulk_Ownership_Assignment/"",/""editCollateralScreen/"":/""42363993400862416/"",/""copyCollateralScreen/"":/""42363993400862416/"",/""collateralScreenName/"":/""Collateral Creation Screen/"",/""collateralCopyFieldSetName/"":/""LLC_BI__Collateral_Creation_Screen_Configuration/"",/""collateralCloneFieldSetName/"":/""LLC_BI__Collateral_Creation_Screen_Configuration/"",/""addCollateralScreen/"":/""42363993400862416/"",/""addChildCollateralScreen/"":/""42363993400862416/""}","","false","","","","","F1B643","fff","custom/custom18","false","a0sWD00000XnsduYAB","false","","","","a0sWD00000Xnse6YAB","2023-11-19","UCC","","","","a1x8c000002dIhmAAE","true","Tort Claim",""
"a1lWE000002pnXPYAY","005al00000RVcKvAAL","false","UCC-Crops","2026-08-11T16:28:40.000Z","005al00000RVvFOAA1","2026-08-14T09:32:29.000Z","005al00000RVvFOAA1","2026-08-14T09:32:29.000Z","","","","80.0","false","","","{/""prodPkgEditScreen/"":/""723454364762362365/"",/""ownershipAssignmentFieldSetName/"":/""LLC_BI__Bulk_Ownership_Assignment/"",/""editCollateralScreen/"":/""42363993400862416/"",/""copyCollateralScreen/"":/""42363993400862416/"",/""collateralScreenName/"":/""Collateral Creation Screen/"",/""collateralCopyFieldSetName/"":/""LLC_BI__Collateral_Creation_Screen_Configuration/"",/""collateralCloneFieldSetName/"":/""LLC_BI__Collateral_Creation_Screen_Configuration/"",/""addCollateralScreen/"":/""42363993400862416/"",/""addChildCollateralScreen/"":/""42363993400862416/""}","","false","","","","","F1B643","fff","custom/custom18","false","a0sWD00000XnsduYAB","false","","","","a0sWD00000Xnse6YAB","2023-11-19","UCC","","","","a1x8c000002dIhnAAE","true","Crops",""
"a1lWE000002pnXQYAY","005al00000RVcKvAAL","false","UCC-Fixtures","2026-08-11T16:28:40.000Z","005al00000RVvFOAA1","2026-08-14T09:32:29.000Z","005al00000RVvFOAA1","2026-08-14T09:32:29.000Z","","","","80.0","false","","","{/""prodPkgEditScreen/"":/""723454364762362365/"",/""ownershipAssignmentFieldSetName/"":/""LLC_BI__Bulk_Ownership_Assignment/"",/""editCollateralScreen/"":/""42363993400862416/"",/""copyCollateralScreen/"":/""42363993400862416/"",/""collateralScreenName/"":/""Collateral Creation Screen/"",/""collateralCopyFieldSetName/"":/""LLC_BI__Collateral_Creation_Screen_Configuration/"",/""collateralCloneFieldSetName/"":/""LLC_BI__Collateral_Creation_Screen_Configuration/"",/""addCollateralScreen/"":/""42363993400862416/"",/""addChildCollateralScreen/"":/""42363993400862416/""}","","false","","","","","F1B643","fff","custom/custom18","false","a0sWD00000XnsduYAB","false","","","","a0sWD00000Xnse6YAB","2023-11-19","UCC","","","","a1x8c000002dIhoAAE","true","Fixtures",""
"a1lWE000002pnXRYAY","005al00000RVcKvAAL","false","UCC-Standing Timber","2026-08-11T16:28:40.000Z","005al00000RVvFOAA1","2026-08-14T09:32:29.000Z","005al00000RVvFOAA1","2026-08-14T09:32:29.000Z","","","","80.0","false","","","{/""prodPkgEditScreen/"":/""723454364762362365/"",/""ownershipAssignmentFieldSetName/"":/""LLC_BI__Bulk_Ownership_Assignment/"",/""editCollateralScreen/"":/""42363993400862416/"",/""copyCollateralScreen/"":/""42363993400862416/"",/""collateralScreenName/"":/""Collateral Creation Screen/"",/""collateralCopyFieldSetName/"":/""LLC_BI__Collateral_Creation_Screen_Configuration/"",/""collateralCloneFieldSetName/"":/""LLC_BI__Collateral_Creation_Screen_Configuration/"",/""addCollateralScreen/"":/""42363993400862416/"",/""addChildCollateralScreen/"":/""42363993400862416/""}","","false","","","","","F1B643","fff","custom/custom18","false","a0sWD00000XnsduYAB","false","","","","a0sWD00000Xnse6YAB","2023-11-19","UCC","","","","a1x8c000002dIhpAAE","true","Standing Timber",""
"a1lWE000002pnXSYAY","005al00000RVcKvAAL","false","UCC-Minerals, Oil and Gas","2026-08-11T16:28:40.000Z","005al00000RVvFOAA1","2026-08-14T09:32:29.000Z","005al00000RVvFOAA1","2026-08-14T09:32:29.000Z","","","","80.0","false","","","{/""prodPkgEditScreen/"":/""723454364762362365/"",/""ownershipAssignmentFieldSetName/"":/""LLC_BI__Bulk_Ownership_Assignment/"",/""editCollateralScreen/"":/""42363993400862416/"",/""copyCollateralScreen/"":/""42363993400862416/"",/""collateralScreenName/"":/""Collateral Creation Screen/"",/""collateralCopyFieldSetName/"":/""LLC_BI__Collateral_Creation_Screen_Configuration/"",/""collateralCloneFieldSetName/"":/""LLC_BI__Collateral_Creation_Screen_Configuration/"",/""addCollateralScreen/"":/""42363993400862416/"",/""addChildCollateralScreen/"":/""42363993400862416/""}","","false","","","","","F1B643","fff","custom/custom18","false","a0sWD00000XnsduYAB","false","","","","a0sWD00000Xnse6YAB","2023-11-19","UCC","","","","a1x8c000002dIhqAAE","true","Minerals, Oil and Gas",""
"a1lWE000002pnXTYAY","005al00000RVcKvAAL","false","Real Estate-Multi-Family","2026-08-11T16:28:40.000Z","005al00000RVvFOAA1","2026-08-14T09:32:29.000Z","005al00000RVvFOAA1","2026-08-14T09:32:29.000Z","","","","80.0","false","","","{/""prodPkgEditScreen/"":/""723454364762362365/"",/""ownershipAssignmentFieldSetName/"":/""LLC_BI__Bulk_Ownership_Assignment/"",/""editCollateralScreen/"":/""42363993400862416/"",/""copyCollateralScreen/"":/""42363993400862416/"",/""collateralScreenName/"":/""Collateral Creation Screen/"",/""collateralCopyFieldSetName/"":/""LLC_BI__Collateral_Creation_Screen_Configuration/"",/""collateralCloneFieldSetName/"":/""LLC_BI__Collateral_Creation_Screen_Configuration/"",/""addCollateralScreen/"":/""42363993400862416/"",/""addChildCollateralScreen/"":/""42363993400862416/""}","","false","","","","","670B7B","fff","custom/custom24","false","a0sWD00000XnsduYAB","false","","","","a0sWD00000Xnse0YAB","2023-11-19","Real Estate","","","","a1x8c000002dIhrAAE","true","Multi-Family",""
"a1lWE000002pnXUYAY","005al00000RVcKvAAL","false","Real Estate-Lot","2026-08-11T16:28:40.000Z","005al00000RVvFOAA1","2026-08-14T09:32:29.000Z","005al00000RVvFOAA1","2026-08-14T09:32:29.000Z","","","","80.0","false","","","{/""prodPkgEditScreen/"":/""723454364762362365/"",/""ownershipAssignmentFieldSetName/"":/""LLC_BI__Bulk_Ownership_Assignment/"",/""editCollateralScreen/"":/""42363993400862416/"",/""copyCollateralScreen/"":/""42363993400862416/"",/""collateralScreenName/"":/""Collateral Creation Screen/"",/""collateralCopyFieldSetName/"":/""LLC_BI__Collateral_Creation_Screen_Configuration/"",/""collateralCloneFieldSetName/"":/""LLC_BI__Collateral_Creation_Screen_Configuration/"",/""addCollateralScreen/"":/""42363993400862416/"",/""addChildCollateralScreen/"":/""42363993400862416/""}","","false","","","","","670B7B","fff","custom/custom24","false","a0sWD00000XnsduYAB","false","","","","a0sWD00000Xnse0YAB","2023-11-19","Real Estate","","","","a1x8c000002dIhsAAE","true","Lot",""
"a1lWE000002pnXVYAY","005al00000RVcKvAAL","false","Real Estate-Mobile Home","2026-08-11T16:28:40.000Z","005al00000RVvFOAA1","2026-08-14T09:32:29.000Z","005al00000RVvFOAA1","2026-08-14T09:32:29.000Z","","","","80.0","false","","","{/""prodPkgEditScreen/"":/""723454364762362365/"",/""ownershipAssignmentFieldSetName/"":/""LLC_BI__Bulk_Ownership_Assignment/"",/""editCollateralScreen/"":/""42363993400862416/"",/""copyCollateralScreen/"":/""42363993400862416/"",/""collateralScreenName/"":/""Collateral Creation Screen/"",/""collateralCopyFieldSetName/"":/""LLC_BI__Collateral_Creation_Screen_Configuration/"",/""collateralCloneFieldSetName/"":/""LLC_BI__Collateral_Creation_Screen_Configuration/"",/""addCollateralScreen/"":/""42363993400862416/"",/""addChildCollateralScreen/"":/""42363993400862416/""}","","false","","","","","670B7B","fff","custom/custom24","false","a0sWD00000XnsduYAB","false","","","","a0sWD00000Xnse0YAB","2023-11-19","Real Estate","","","","a1x8c000002dIhtAAE","true","Mobile Home",""
"a1lWE000002pnXWYAY","005al00000RVcKvAAL","false","Real Estate-Land","2026-08-11T16:28:40.000Z","005al00000RVvFOAA1","2026-08-14T09:32:29.000Z","005al00000RVvFOAA1","2026-08-14T09:32:29.000Z","","","","80.0","false","","","{/""prodPkgEditScreen/"":/""723454364762362365/"",/""ownershipAssignmentFieldSetName/"":/""LLC_BI__Bulk_Ownership_Assignment/"",/""editCollateralScreen/"":/""42363993400862416/"",/""copyCollateralScreen/"":/""42363993400862416/"",/""collateralScreenName/"":/""Collateral Creation Screen/"",/""collateralCopyFieldSetName/"":/""LLC_BI__Collateral_Creation_Screen_Configuration/"",/""collateralCloneFieldSetName/"":/""LLC_BI__Collateral_Creation_Screen_Configuration/"",/""addCollateralScreen/"":/""42363993400862416/"",/""addChildCollateralScreen/"":/""42363993400862416/""}","","false","","","","","670B7B","fff","custom/custom24","false","a0sWD00000XnsduYAB","false","","","","a0sWD00000Xnse0YAB","2023-11-19","Real Estate","","","","a1x8c000002dIhuAAE","true","Land",""
"a1lWE000002pnXXYAY","005al00000RVcKvAAL","false","Real Estate-Farm Land","2026-08-11T16:28:40.000Z","005al00000RVvFOAA1","2026-08-14T09:32:29.000Z","005al00000RVvFOAA1","2026-08-14T09:32:29.000Z","","","","80.0","false","","","{/""prodPkgEditScreen/"":/""723454364762362365/"",/""ownershipAssignmentFieldSetName/"":/""LLC_BI__Bulk_Ownership_Assignment/"",/""editCollateralScreen/"":/""42363993400862416/"",/""copyCollateralScreen/"":/""42363993400862416/"",/""collateralScreenName/"":/""Collateral Creation Screen/"",/""collateralCopyFieldSetName/"":/""LLC_BI__Collateral_Creation_Screen_Configuration/"",/""collateralCloneFieldSetName/"":/""LLC_BI__Collateral_Creation_Screen_Configuration/"",/""addCollateralScreen/"":/""42363993400862416/"",/""addChildCollateralScreen/"":/""42363993400862416/""}","","false","","","","","670B7B","fff","custom/custom24","false","a0sWD00000XnsduYAB","false","","","","a0sWD00000Xnse0YAB","2023-11-19","Real Estate","","","","a1x8c000002dIhvAAE","true","Farm Land",""
"a1lWE000002pnXYYAY","005al00000RVcKvAAL","false","Real Estate-Office","2026-08-11T16:28:40.000Z","005al00000RVvFOAA1","2026-08-14T09:32:29.000Z","005al00000RVvFOAA1","2026-08-14T09:32:29.000Z","","","","80.0","false","","","{/""prodPkgEditScreen/"":/""723454364762362365/"",/""ownershipAssignmentFieldSetName/"":/""LLC_BI__Bulk_Ownership_Assignment/"",/""editCollateralScreen/"":/""42363993400862416/"",/""copyCollateralScreen/"":/""42363993400862416/"",/""collateralScreenName/"":/""Collateral Creation Screen/"",/""collateralCopyFieldSetName/"":/""LLC_BI__Collateral_Creation_Screen_Configuration/"",/""collateralCloneFieldSetName/"":/""LLC_BI__Collateral_Creation_Screen_Configuration/"",/""addCollateralScreen/"":/""42363993400862416/"",/""addChildCollateralScreen/"":/""42363993400862416/""}","","false","","","","","670B7B","fff","custom/custom24","false","a0sWD00000XnsduYAB","false","","","","a0sWD00000Xnse0YAB","2023-11-19","Real Estate","","","","a1x8c000002dIhwAAE","true","Office",""
"a1lWE000002pnXZYAY","005al00000RVcKvAAL","false","Real Estate-Warehouse","2026-08-11T16:28:40.000Z","005al00000RVvFOAA1","2026-08-14T09:32:29.000Z","005al00000RVvFOAA1","2026-08-14T09:32:29.000Z","","","","80.0","false","","","{/""prodPkgEditScreen/"":/""723454364762362365/"",/""ownershipAssignmentFieldSetName/"":/""LLC_BI__Bulk_Ownership_Assignment/"",/""editCollateralScreen/"":/""42363993400862416/"",/""copyCollateralScreen/"":/""42363993400862416/"",/""collateralScreenName/"":/""Collateral Creation Screen/"",/""collateralCopyFieldSetName/"":/""LLC_BI__Collateral_Creation_Screen_Configuration/"",/""collateralCloneFieldSetName/"":/""LLC_BI__Collateral_Creation_Screen_Configuration/"",/""addCollateralScreen/"":/""42363993400862416/"",/""addChildCollateralScreen/"":/""42363993400862416/""}","","false","","","","","670B7B","fff","custom/custom24","false","a0sWD00000XnsduYAB","false","","","","a0sWD00000Xnse0YAB","2023-11-19","Real Estate","","","","a1x8c000002dIhxAAE","true","Warehouse",""
"a1lWE000002pnXaYAI","005al00000RVcKvAAL","false","Real Estate-Retail","2026-08-11T16:28:40.000Z","005al00000RVvFOAA1","2026-08-14T09:32:29.000Z","005al00000RVvFOAA1","2026-08-14T09:32:29.000Z","","","","80.0","false","","","{/""prodPkgEditScreen/"":/""723454364762362365/"",/""ownershipAssignmentFieldSetName/"":/""LLC_BI__Bulk_Ownership_Assignment/"",/""editCollateralScreen/"":/""42363993400862416/"",/""copyCollateralScreen/"":/""42363993400862416/"",/""collateralScreenName/"":/""Collateral Creation Screen/"",/""collateralCopyFieldSetName/"":/""LLC_BI__Collateral_Creation_Screen_Configuration/"",/""collateralCloneFieldSetName/"":/""LLC_BI__Collateral_Creation_Screen_Configuration/"",/""addCollateralScreen/"":/""42363993400862416/"",/""addChildCollateralScreen/"":/""42363993400862416/""}","","false","","","","","670B7B","fff","custom/custom24","false","a0sWD00000XnsduYAB","false","","","","a0sWD00000Xnse0YAB","2023-11-19","Real Estate","","","","a1x8c000002dIhyAAE","true","Retail",""
"a1lWE000002pnXbYAI","005al00000RVcKvAAL","false","Real Estate-Other RE","2026-08-11T16:28:40.000Z","005al00000RVvFOAA1","2026-08-14T09:32:29.000Z","005al00000RVvFOAA1","2026-08-14T09:32:29.000Z","","","","80.0","false","","","{/""prodPkgEditScreen/"":/""723454364762362365/"",/""ownershipAssignmentFieldSetName/"":/""LLC_BI__Bulk_Ownership_Assignment/"",/""editCollateralScreen/"":/""42363993400862416/"",/""copyCollateralScreen/"":/""42363993400862416/"",/""collateralScreenName/"":/""Collateral Creation Screen/"",/""collateralCopyFieldSetName/"":/""LLC_BI__Collateral_Creation_Screen_Configuration/"",/""collateralCloneFieldSetName/"":/""LLC_BI__Collateral_Creation_Screen_Configuration/"",/""addCollateralScreen/"":/""42363993400862416/"",/""addChildCollateralScreen/"":/""42363993400862416/""}","","false","","","","","670B7B","fff","custom/custom24","false","a0sWD00000XnsduYAB","false","","","","a0sWD00000Xnse0YAB","2023-11-19","Real Estate","","","","a1x8c000002dIhzAAE","true","Other RE",""
"a1lWE000002pnXcYAI","005al00000RVcKvAAL","false","Other-Government Contracts","2026-08-11T16:28:40.000Z","005al00000RVvFOAA1","2026-08-14T09:32:29.000Z","005al00000RVvFOAA1","2026-08-14T09:32:29.000Z","","","","80.0","false","","","{/""prodPkgEditScreen/"":/""723454364762362365/"",/""ownershipAssignmentFieldSetName/"":/""LLC_BI__Bulk_Ownership_Assignment/"",/""editCollateralScreen/"":/""42363993400862416/"",/""copyCollateralScreen/"":/""42363993400862416/"",/""collateralScreenName/"":/""Collateral Creation Screen/"",/""collateralCopyFieldSetName/"":/""LLC_BI__Collateral_Creation_Screen_Configuration/"",/""collateralCloneFieldSetName/"":/""LLC_BI__Collateral_Creation_Screen_Configuration/"",/""addCollateralScreen/"":/""42363993400862416/"",/""addChildCollateralScreen/"":/""42363993400862416/""}","","false","","","","","#62b7ed","#ffffff","standard/work_order","false","a0sWD00000XnsduYAB","false","","","","a0sWD00000XnsdrYAB","2023-11-19","Other","","","","a1x8c000002dIi0AAE","true","Government Contracts",""
"a1lWE000002pnXdYAI","005al00000RVcKvAAL","false","Titled-Mobile Home","2026-08-11T16:28:40.000Z","005al00000RVvFOAA1","2026-08-14T09:32:29.000Z","005al00000RVvFOAA1","2026-08-14T09:32:29.000Z","","","","80.0","false","","","{/""prodPkgEditScreen/"":/""723454364762362365/"",/""ownershipAssignmentFieldSetName/"":/""LLC_BI__Bulk_Ownership_Assignment/"",/""editCollateralScreen/"":/""42363993400862416/"",/""copyCollateralScreen/"":/""42363993400862416/"",/""collateralScreenName/"":/""Collateral Creation Screen/"",/""collateralCopyFieldSetName/"":/""LLC_BI__Collateral_Creation_Screen_Configuration/"",/""collateralCloneFieldSetName/"":/""LLC_BI__Collateral_Creation_Screen_Configuration/"",/""addCollateralScreen/"":/""42363993400862416/"",/""addChildCollateralScreen/"":/""42363993400862416/""}","","false","","LLC_BI__Manage_Collateral_Titled","","","Ba202E","fff","custom/custom31","false","","false","","","","","2025-06-22","Titled","","","","a1xHo000001VSYzIAO","true","Mobile Home",""
"a1lWE000002pnXeYAI","005al00000RVcKvAAL","false","Real Estate-Construction","2026-08-11T16:28:40.000Z","005al00000RVvFOAA1","2026-08-14T09:32:29.000Z","005al00000RVvFOAA1","2026-08-14T09:32:29.000Z","","","","80.0","false","","","{/""prodPkgEditScreen/"":/""723454364762362365/"",/""ownershipAssignmentFieldSetName/"":/""LLC_BI__Bulk_Ownership_Assignment/"",/""editCollateralScreen/"":/""42363993400862416/"",/""copyCollateralScreen/"":/""42363993400862416/"",/""collateralScreenName/"":/""Collateral Creation Screen/"",/""collateralCopyFieldSetName/"":/""LLC_BI__Collateral_Creation_Screen_Configuration/"",/""collateralCloneFieldSetName/"":/""LLC_BI__Collateral_Creation_Screen_Configuration/"",/""addCollateralScreen/"":/""42363993400862416/"",/""addChildCollateralScreen/"":/""42363993400862416/""}","","false","","","","","670B7B","fff","custom/custom24","false","","false","","","","","2025-06-22","Real Estate","","","","a1xHo000001VSZ0IAO","true","Construction",""
"a1lWE000002pnXfYAI","005al00000RVcKvAAL","false","Titled-Motor Vehicle","2026-08-11T16:28:40.000Z","005al00000RVvFOAA1","2026-08-14T09:32:29.000Z","005al00000RVvFOAA1","2026-08-14T09:32:29.000Z","","","","80.0","false","","","{/""prodPkgEditScreen/"":/""723454364762362365/"",/""ownershipAssignmentFieldSetName/"":/""LLC_BI__Bulk_Ownership_Assignment/"",/""editCollateralScreen/"":/""42363993400862416/"",/""copyCollateralScreen/"":/""42363993400862416/"",/""collateralScreenName/"":/""Collateral Creation Screen/"",/""collateralCopyFieldSetName/"":/""LLC_BI__Collateral_Creation_Screen_Configuration/"",/""collateralCloneFieldSetName/"":/""LLC_BI__Collateral_Creation_Screen_Configuration/"",/""addCollateralScreen/"":/""42363993400862416/"",/""addChildCollateralScreen/"":/""42363993400862416/""}","","false","","LLC_BI__Manage_Collateral_Titled","","","Ba202E","fff","custom/custom31","false","","false","","","","","2025-06-22","Titled","","","","a1xHo000001VSZ1IAO","true","Motor Vehicle",""
"a1lWE000002pnXgYAI","005al00000RVcKvAAL","false","Real Estate-1-4 Family","2026-08-11T16:28:40.000Z","005al00000RVvFOAA1","2026-08-14T09:32:29.000Z","005al00000RVvFOAA1","2026-08-14T09:32:29.000Z","","","","80.0","false","","","{/""prodPkgEditScreen/"":/""723454364762362365/"",/""ownershipAssignmentFieldSetName/"":/""LLC_BI__Bulk_Ownership_Assignment/"",/""editCollateralScreen/"":/""42363993400862416/"",/""copyCollateralScreen/"":/""42363993400862416/"",/""collateralScreenName/"":/""Collateral Creation Screen/"",/""collateralCopyFieldSetName/"":/""LLC_BI__Collateral_Creation_Screen_Configuration/"",/""collateralCloneFieldSetName/"":/""LLC_BI__Collateral_Creation_Screen_Configuration/"",/""addCollateralScreen/"":/""42363993400862416/"",/""addChildCollateralScreen/"":/""42363993400862416/""}","","false","","","","","670B7B","fff","custom/custom24","false","","false","","","","","2025-06-22","Real Estate","","","","a1xHo000001VSZ2IAO","true","1-4 Family",""
"a1lWE000002pnXhYAI","005al00000RVcKvAAL","false","Titled-Pleasure Boat","2026-08-11T16:28:40.000Z","005al00000RVvFOAA1","2026-08-14T09:32:29.000Z","005al00000RVvFOAA1","2026-08-14T09:32:29.000Z","","","","80.0","false","","","{/""prodPkgEditScreen/"":/""723454364762362365/"",/""ownershipAssignmentFieldSetName/"":/""LLC_BI__Bulk_Ownership_Assignment/"",/""editCollateralScreen/"":/""42363993400862416/"",/""copyCollateralScreen/"":/""42363993400862416/"",/""collateralScreenName/"":/""Collateral Creation Screen/"",/""collateralCopyFieldSetName/"":/""LLC_BI__Collateral_Creation_Screen_Configuration/"",/""collateralCloneFieldSetName/"":/""LLC_BI__Collateral_Creation_Screen_Configuration/"",/""addCollateralScreen/"":/""42363993400862416/"",/""addChildCollateralScreen/"":/""42363993400862416/""}","","false","","LLC_BI__Manage_Collateral_Titled","","","Ba202E","fff","custom/custom31","false","","false","","","","","2025-06-22","Titled","","","","a1xHo000001VSZ3IAO","true","Pleasure Boat",""
"a1lWE000002pnXiYAI","005al00000RVcKvAAL","false","Titled-Ship","2026-08-11T16:28:40.000Z","005al00000RVvFOAA1","2026-08-14T09:32:29.000Z","005al00000RVvFOAA1","2026-08-14T09:32:29.000Z","","","","80.0","false","","","{/""prodPkgEditScreen/"":/""723454364762362365/"",/""ownershipAssignmentFieldSetName/"":/""LLC_BI__Bulk_Ownership_Assignment/"",/""editCollateralScreen/"":/""42363993400862416/"",/""copyCollateralScreen/"":/""42363993400862416/"",/""collateralScreenName/"":/""Collateral Creation Screen/"",/""collateralCopyFieldSetName/"":/""LLC_BI__Collateral_Creation_Screen_Configuration/"",/""collateralCloneFieldSetName/"":/""LLC_BI__Collateral_Creation_Screen_Configuration/"",/""addCollateralScreen/"":/""42363993400862416/"",/""addChildCollateralScreen/"":/""42363993400862416/""}","","false","","LLC_BI__Manage_Collateral_Titled","","","Ba202E","fff","custom/custom31","false","","false","","","","","2025-06-22","Titled","","","","a1xHo000001VSZ4IAO","true","Ship",""
"a1lWE000002pnXjYAI","005al00000RVcKvAAL","false","Titled-Aircraft","2026-08-11T16:28:40.000Z","005al00000RVvFOAA1","2026-08-14T09:32:29.000Z","005al00000RVvFOAA1","2026-08-14T09:32:29.000Z","","","","80.0","false","","","{/""prodPkgEditScreen/"":/""723454364762362365/"",/""ownershipAssignmentFieldSetName/"":/""LLC_BI__Bulk_Ownership_Assignment/"",/""editCollateralScreen/"":/""42363993400862416/"",/""copyCollateralScreen/"":/""42363993400862416/"",/""collateralScreenName/"":/""Collateral Creation Screen/"",/""collateralCopyFieldSetName/"":/""LLC_BI__Collateral_Creation_Screen_Configuration/"",/""collateralCloneFieldSetName/"":/""LLC_BI__Collateral_Creation_Screen_Configuration/"",/""addCollateralScreen/"":/""42363993400862416/"",/""addChildCollateralScreen/"":/""42363993400862416/""}","","false","","LLC_BI__Manage_Collateral_Titled","","","Ba202E","fff","custom/custom31","false","","false","","","","","2025-06-22","Titled","","","","a1xHo000001VSZ5IAO","true","Aircraft",""
"a1lWE000002pnXkYAI","005al00000RVcKvAAL","false","Titled-Trailer","2026-08-11T16:28:40.000Z","005al00000RVvFOAA1","2026-08-14T09:32:29.000Z","005al00000RVvFOAA1","2026-08-14T09:32:29.000Z","","","","80.0","false","","","{/""prodPkgEditScreen/"":/""723454364762362365/"",/""ownershipAssignmentFieldSetName/"":/""LLC_BI__Bulk_Ownership_Assignment/"",/""editCollateralScreen/"":/""42363993400862416/"",/""copyCollateralScreen/"":/""42363993400862416/"",/""collateralScreenName/"":/""Collateral Creation Screen/"",/""collateralCopyFieldSetName/"":/""LLC_BI__Collateral_Creation_Screen_Configuration/"",/""collateralCloneFieldSetName/"":/""LLC_BI__Collateral_Creation_Screen_Configuration/"",/""addCollateralScreen/"":/""42363993400862416/"",/""addChildCollateralScreen/"":/""42363993400862416/""}","","false","","LLC_BI__Manage_Collateral_Titled","","","Ba202E","fff","custom/custom31","false","","false","","","","","2025-06-22","Titled","","","","a1xHo000001VSZ6IAO","true","Trailer",""
"a1lWE000002pnXlYAI","005al00000RVcKvAAL","false","Titled-Other Titled","2026-08-11T16:28:40.000Z","005al00000RVvFOAA1","2026-08-14T09:32:29.000Z","005al00000RVvFOAA1","2026-08-14T09:32:29.000Z","","","","80.0","false","","","{/""prodPkgEditScreen/"":/""723454364762362365/"",/""ownershipAssignmentFieldSetName/"":/""LLC_BI__Bulk_Ownership_Assignment/"",/""editCollateralScreen/"":/""42363993400862416/"",/""copyCollateralScreen/"":/""42363993400862416/"",/""collateralScreenName/"":/""Collateral Creation Screen/"",/""collateralCopyFieldSetName/"":/""LLC_BI__Collateral_Creation_Screen_Configuration/"",/""collateralCloneFieldSetName/"":/""LLC_BI__Collateral_Creation_Screen_Configuration/"",/""addCollateralScreen/"":/""42363993400862416/"",/""addChildCollateralScreen/"":/""42363993400862416/""}","","false","","LLC_BI__Manage_Collateral_Titled","","","Ba202E","fff","custom/custom31","false","","false","","","","","2025-06-22","Titled","","","","a1xHo000001VSZ7IAO","true","Other Titled",""
"a1lWE000002pnXmYAI","005al00000RVcKvAAL","false","Possessory-Savings/CDs","2026-08-11T16:28:40.000Z","005al00000RVvFOAA1","2026-08-14T09:32:29.000Z","005al00000RVvFOAA1","2026-08-14T09:32:29.000Z","","","","80.0","false","","","{/""prodPkgEditScreen/"":/""723454364762362365/"",/""ownershipAssignmentFieldSetName/"":/""LLC_BI__Bulk_Ownership_Assignment/"",/""editCollateralScreen/"":/""42363993400862416/"",/""copyCollateralScreen/"":/""42363993400862416/"",/""collateralScreenName/"":/""Collateral Creation Screen/"",/""collateralCopyFieldSetName/"":/""LLC_BI__Collateral_Creation_Screen_Configuration/"",/""collateralCloneFieldSetName/"":/""LLC_BI__Collateral_Creation_Screen_Configuration/"",/""addCollateralScreen/"":/""42363993400862416/"",/""addChildCollateralScreen/"":/""42363993400862416/""}","","false","","","","","85BE40","fff","custom/custom17","false","","false","","","","","2025-06-22","Possessory","","","","a1xHo000001VSZ8IAO","true","Savings/CDs",""
"a1lWE000002pnXnYAI","005al00000RVcKvAAL","false","Possessory-Securities","2026-08-11T16:28:40.000Z","005al00000RVvFOAA1","2026-08-14T09:32:29.000Z","005al00000RVvFOAA1","2026-08-14T09:32:29.000Z","","","","80.0","false","","","{/""prodPkgEditScreen/"":/""723454364762362365/"",/""ownershipAssignmentFieldSetName/"":/""LLC_BI__Bulk_Ownership_Assignment/"",/""editCollateralScreen/"":/""42363993400862416/"",/""copyCollateralScreen/"":/""42363993400862416/"",/""collateralScreenName/"":/""Collateral Creation Screen/"",/""collateralCopyFieldSetName/"":/""LLC_BI__Collateral_Creation_Screen_Configuration/"",/""collateralCloneFieldSetName/"":/""LLC_BI__Collateral_Creation_Screen_Configuration/"",/""addCollateralScreen/"":/""42363993400862416/"",/""addChildCollateralScreen/"":/""42363993400862416/""}","","false","","","","","85BE40","fff","custom/custom17","false","","false","","","","","2025-06-22","Possessory","","","","a1xHo000001VSZ9IAO","true","Securities",""
"a1lWE000002pnXoYAI","005al00000RVcKvAAL","false","Possessory-Note/Instrument","2026-08-11T16:28:40.000Z","005al00000RVvFOAA1","2026-08-14T09:32:29.000Z","005al00000RVvFOAA1","2026-08-14T09:32:29.000Z","","","","80.0","false","","","{/""prodPkgEditScreen/"":/""723454364762362365/"",/""ownershipAssignmentFieldSetName/"":/""LLC_BI__Bulk_Ownership_Assignment/"",/""editCollateralScreen/"":/""42363993400862416/"",/""copyCollateralScreen/"":/""42363993400862416/"",/""collateralScreenName/"":/""Collateral Creation Screen/"",/""collateralCopyFieldSetName/"":/""LLC_BI__Collateral_Creation_Screen_Configuration/"",/""collateralCloneFieldSetName/"":/""LLC_BI__Collateral_Creation_Screen_Configuration/"",/""addCollateralScreen/"":/""42363993400862416/"",/""addChildCollateralScreen/"":/""42363993400862416/""}","","false","","","","","85BE40","fff","custom/custom17","false","","false","","","","","2025-06-22","Possessory","","","","a1xHo000001VSZAIA4","true","Note/Instrument",""
"a1lWE000002pnXpYAI","005al00000RVcKvAAL","false","Possessory-Letter of Credit","2026-08-11T16:28:40.000Z","005al00000RVvFOAA1","2026-08-14T09:32:29.000Z","005al00000RVvFOAA1","2026-08-14T09:32:29.000Z","","","","80.0","false","","","{/""prodPkgEditScreen/"":/""723454364762362365/"",/""ownershipAssignmentFieldSetName/"":/""LLC_BI__Bulk_Ownership_Assignment/"",/""editCollateralScreen/"":/""42363993400862416/"",/""copyCollateralScreen/"":/""42363993400862416/"",/""collateralScreenName/"":/""Collateral Creation Screen/"",/""collateralCopyFieldSetName/"":/""LLC_BI__Collateral_Creation_Screen_Configuration/"",/""collateralCloneFieldSetName/"":/""LLC_BI__Collateral_Creation_Screen_Configuration/"",/""addCollateralScreen/"":/""42363993400862416/"",/""addChildCollateralScreen/"":/""42363993400862416/""}","","false","","","","","85BE40","fff","custom/custom17","false","","false","","","","","2025-06-22","Possessory","","","","a1xHo000001VSZBIA4","true","Letter of Credit",""
"a1lWE000002pnXqYAI","005al00000RVcKvAAL","false","Possessory-Receipts/Bills","2026-08-11T16:28:40.000Z","005al00000RVvFOAA1","2026-08-14T09:32:29.000Z","005al00000RVvFOAA1","2026-08-14T09:32:29.000Z","","","","80.0","false","","","{/""prodPkgEditScreen/"":/""723454364762362365/"",/""ownershipAssignmentFieldSetName/"":/""LLC_BI__Bulk_Ownership_Assignment/"",/""editCollateralScreen/"":/""42363993400862416/"",/""copyCollateralScreen/"":/""42363993400862416/"",/""collateralScreenName/"":/""Collateral Creation Screen/"",/""collateralCopyFieldSetName/"":/""LLC_BI__Collateral_Creation_Screen_Configuration/"",/""collateralCloneFieldSetName/"":/""LLC_BI__Collateral_Creation_Screen_Configuration/"",/""addCollateralScreen/"":/""42363993400862416/"",/""addChildCollateralScreen/"":/""42363993400862416/""}","","false","","","","","85BE40","fff","custom/custom17","false","","false","","","","","2025-06-22","Possessory","","","","a1xHo000001VSZCIA4","true","Receipts/Bills",""
"a1lWE000002pnXrYAI","005al00000RVcKvAAL","false","Possessory-Other Possessory","2026-08-11T16:28:40.000Z","005al00000RVvFOAA1","2026-08-14T09:32:29.000Z","005al00000RVvFOAA1","2026-08-14T09:32:29.000Z","","","","80.0","false","","","{/""prodPkgEditScreen/"":/""723454364762362365/"",/""ownershipAssignmentFieldSetName/"":/""LLC_BI__Bulk_Ownership_Assignment/"",/""editCollateralScreen/"":/""42363993400862416/"",/""copyCollateralScreen/"":/""42363993400862416/"",/""collateralScreenName/"":/""Collateral Creation Screen/"",/""collateralCopyFieldSetName/"":/""LLC_BI__Collateral_Creation_Screen_Configuration/"",/""collateralCloneFieldSetName/"":/""LLC_BI__Collateral_Creation_Screen_Configuration/"",/""addCollateralScreen/"":/""42363993400862416/"",/""addChildCollateralScreen/"":/""42363993400862416/""}","","false","","","","","85BE40","fff","custom/custom17","false","","false","","","","","2025-06-22","Possessory","","","","a1xHo000001VSZDIA4","true","Other Possessory",""
"a1lWE000002pnXsYAI","005al00000RVcKvAAL","false","Possessory-Life Insurance","2026-08-11T16:28:40.000Z","005al00000RVvFOAA1","2026-08-14T09:32:29.000Z","005al00000RVvFOAA1","2026-08-14T09:32:29.000Z","","","","80.0","false","","","{/""prodPkgEditScreen/"":/""723454364762362365/"",/""ownershipAssignmentFieldSetName/"":/""LLC_BI__Bulk_Ownership_Assignment/"",/""editCollateralScreen/"":/""42363993400862416/"",/""copyCollateralScreen/"":/""42363993400862416/"",/""collateralScreenName/"":/""Collateral Creation Screen/"",/""collateralCopyFieldSetName/"":/""LLC_BI__Collateral_Creation_Screen_Configuration/"",/""collateralCloneFieldSetName/"":/""LLC_BI__Collateral_Creation_Screen_Configuration/"",/""addCollateralScreen/"":/""42363993400862416/"",/""addChildCollateralScreen/"":/""42363993400862416/""}","","false","","","","","85BE40","fff","custom/custom17","false","","false","","","","","2025-06-22","Possessory","","","","a1xHo000001VSZEIA4","true","Life Insurance",""
"a1lWE000002pnXtYAI","005al00000RVcKvAAL","false","UCC-Inventory","2026-08-11T16:28:40.000Z","005al00000RVvFOAA1","2026-08-14T09:32:29.000Z","005al00000RVvFOAA1","2026-08-14T09:32:29.000Z","","","","80.0","false","","","{/""prodPkgEditScreen/"":/""723454364762362365/"",/""ownershipAssignmentFieldSetName/"":/""LLC_BI__Bulk_Ownership_Assignment/"",/""editCollateralScreen/"":/""42363993400862416/"",/""copyCollateralScreen/"":/""42363993400862416/"",/""collateralScreenName/"":/""Collateral Creation Screen/"",/""collateralCopyFieldSetName/"":/""LLC_BI__Collateral_Creation_Screen_Configuration/"",/""collateralCloneFieldSetName/"":/""LLC_BI__Collateral_Creation_Screen_Configuration/"",/""addCollateralScreen/"":/""42363993400862416/"",/""addChildCollateralScreen/"":/""42363993400862416/""}","","false","","","","","F1B643","fff","custom/custom18","false","","false","","","","","2025-06-22","UCC","","","","a1xHo000001VSZFIA4","true","Inventory",""
"a1lWE000002pnXuYAI","005al00000RVcKvAAL","false","UCC-Chattel Paper","2026-08-11T16:28:40.000Z","005al00000RVvFOAA1","2026-08-14T09:32:29.000Z","005al00000RVvFOAA1","2026-08-14T09:32:29.000Z","","","","80.0","false","","","{/""prodPkgEditScreen/"":/""723454364762362365/"",/""ownershipAssignmentFieldSetName/"":/""LLC_BI__Bulk_Ownership_Assignment/"",/""editCollateralScreen/"":/""42363993400862416/"",/""copyCollateralScreen/"":/""42363993400862416/"",/""collateralScreenName/"":/""Collateral Creation Screen/"",/""collateralCopyFieldSetName/"":/""LLC_BI__Collateral_Creation_Screen_Configuration/"",/""collateralCloneFieldSetName/"":/""LLC_BI__Collateral_Creation_Screen_Configuration/"",/""addCollateralScreen/"":/""42363993400862416/"",/""addChildCollateralScreen/"":/""42363993400862416/""}","","false","","","","","F1B643","fff","custom/custom18","false","","false","","","","","2025-06-22","UCC","","","","a1xHo000001VSZGIA4","true","Chattel Paper",""
"a1lWE000002pnXvYAI","005al00000RVcKvAAL","false","UCC-Accounts","2026-08-11T16:28:40.000Z","005al00000RVvFOAA1","2026-08-14T09:32:29.000Z","005al00000RVvFOAA1","2026-08-14T09:32:29.000Z","","","","80.0","false","","","{/""prodPkgEditScreen/"":/""723454364762362365/"",/""ownershipAssignmentFieldSetName/"":/""LLC_BI__Bulk_Ownership_Assignment/"",/""editCollateralScreen/"":/""42363993400862416/"",/""copyCollateralScreen/"":/""42363993400862416/"",/""collateralScreenName/"":/""Collateral Creation Screen/"",/""collateralCopyFieldSetName/"":/""LLC_BI__Collateral_Creation_Screen_Configuration/"",/""collateralCloneFieldSetName/"":/""LLC_BI__Collateral_Creation_Screen_Configuration/"",/""addCollateralScreen/"":/""42363993400862416/"",/""addChildCollateralScreen/"":/""42363993400862416/""}","","false","","","","","F1B643","fff","custom/custom18","false","","false","","","","","2025-06-22","UCC","","","","a1xHo000001VSZHIA4","true","Accounts",""
"a1lWE000002pnXwYAI","005al00000RVcKvAAL","false","UCC-Equipment","2026-08-11T16:28:40.000Z","005al00000RVvFOAA1","2026-08-14T09:32:29.000Z","005al00000RVvFOAA1","2026-08-14T09:32:29.000Z","","","","80.0","false","","","{/""prodPkgEditScreen/"":/""723454364762362365/"",/""ownershipAssignmentFieldSetName/"":/""LLC_BI__Bulk_Ownership_Assignment/"",/""editCollateralScreen/"":/""42363993400862416/"",/""copyCollateralScreen/"":/""42363993400862416/"",/""collateralScreenName/"":/""Collateral Creation Screen/"",/""collateralCopyFieldSetName/"":/""LLC_BI__Collateral_Creation_Screen_Configuration/"",/""collateralCloneFieldSetName/"":/""LLC_BI__Collateral_Creation_Screen_Configuration/"",/""addCollateralScreen/"":/""42363993400862416/"",/""addChildCollateralScreen/"":/""42363993400862416/""}","","false","","","","","F1B643","fff","custom/custom18","false","","false","","","","","2025-06-22","UCC","","","","a1xHo000001VSZIIA4","true","Equipment",""
"a1lWE000002pnXxYAI","005al00000RVcKvAAL","false","UCC-General Intangibles","2026-08-11T16:28:40.000Z","005al00000RVvFOAA1","2026-08-14T09:32:29.000Z","005al00000RVvFOAA1","2026-08-14T09:32:29.000Z","","","","80.0","false","","","{/""prodPkgEditScreen/"":/""723454364762362365/"",/""ownershipAssignmentFieldSetName/"":/""LLC_BI__Bulk_Ownership_Assignment/"",/""editCollateralScreen/"":/""42363993400862416/"",/""copyCollateralScreen/"":/""42363993400862416/"",/""collateralScreenName/"":/""Collateral Creation Screen/"",/""collateralCopyFieldSetName/"":/""LLC_BI__Collateral_Creation_Screen_Configuration/"",/""collateralCloneFieldSetName/"":/""LLC_BI__Collateral_Creation_Screen_Configuration/"",/""addCollateralScreen/"":/""42363993400862416/"",/""addChildCollateralScreen/"":/""42363993400862416/""}","","false","","","","","F1B643","fff","custom/custom18","false","","false","","","","","2025-06-22","UCC","","","","a1xHo000001VSZJIA4","true","General Intangibles",""
"a1lWE000002pnXyYAI","005al00000RVcKvAAL","false","UCC-Farm Products","2026-08-11T16:28:40.000Z","005al00000RVvFOAA1","2026-08-14T09:32:29.000Z","005al00000RVvFOAA1","2026-08-14T09:32:29.000Z","","","","80.0","false","","","{/""prodPkgEditScreen/"":/""723454364762362365/"",/""ownershipAssignmentFieldSetName/"":/""LLC_BI__Bulk_Ownership_Assignment/"",/""editCollateralScreen/"":/""42363993400862416/"",/""copyCollateralScreen/"":/""42363993400862416/"",/""collateralScreenName/"":/""Collateral Creation Screen/"",/""collateralCopyFieldSetName/"":/""LLC_BI__Collateral_Creation_Screen_Configuration/"",/""collateralCloneFieldSetName/"":/""LLC_BI__Collateral_Creation_Screen_Configuration/"",/""addCollateralScreen/"":/""42363993400862416/"",/""addChildCollateralScreen/"":/""42363993400862416/""}","","false","","","","","F1B643","fff","custom/custom18","false","","false","","","","","2025-06-22","UCC","","","","a1xHo000001VSZKIA4","true","Farm Products",""
"a1lWE000002pnXzYAI","005al00000RVcKvAAL","false","UCC-Livestock","2026-08-11T16:28:40.000Z","005al00000RVvFOAA1","2026-08-14T09:32:29.000Z","005al00000RVvFOAA1","2026-08-14T09:32:29.000Z","","","","80.0","false","","","{/""prodPkgEditScreen/"":/""723454364762362365/"",/""ownershipAssignmentFieldSetName/"":/""LLC_BI__Bulk_Ownership_Assignment/"",/""editCollateralScreen/"":/""42363993400862416/"",/""copyCollateralScreen/"":/""42363993400862416/"",/""collateralScreenName/"":/""Collateral Creation Screen/"",/""collateralCopyFieldSetName/"":/""LLC_BI__Collateral_Creation_Screen_Configuration/"",/""collateralCloneFieldSetName/"":/""LLC_BI__Collateral_Creation_Screen_Configuration/"",/""addCollateralScreen/"":/""42363993400862416/"",/""addChildCollateralScreen/"":/""42363993400862416/""}","","false","","","","","F1B643","fff","custom/custom18","false","","false","","","","","2025-06-22","UCC","","","","a1xHo000001VSZLIA4","true","Livestock",""
"a1lWE000002pnY0YAI","005al00000RVcKvAAL","false","UCC-Farm Equipment","2026-08-11T16:28:40.000Z","005al00000RVvFOAA1","2026-08-14T09:32:29.000Z","005al00000RVvFOAA1","2026-08-14T09:32:29.000Z","","","","80.0","false","","","{/""prodPkgEditScreen/"":/""723454364762362365/"",/""ownershipAssignmentFieldSetName/"":/""LLC_BI__Bulk_Ownership_Assignment/"",/""editCollateralScreen/"":/""42363993400862416/"",/""copyCollateralScreen/"":/""42363993400862416/"",/""collateralScreenName/"":/""Collateral Creation Screen/"",/""collateralCopyFieldSetName/"":/""LLC_BI__Collateral_Creation_Screen_Configuration/"",/""collateralCloneFieldSetName/"":/""LLC_BI__Collateral_Creation_Screen_Configuration/"",/""addCollateralScreen/"":/""42363993400862416/"",/""addChildCollateralScreen/"":/""42363993400862416/""}","","false","","","","","F1B643","fff","custom/custom18","false","","false","","","","","2025-06-22","UCC","","","","a1xHo000001VSZMIA4","true","Farm Equipment",""
"a1lWE000002pnY1YAI","005al00000RVcKvAAL","false","UCC-Fixtures","2026-08-11T16:28:40.000Z","005al00000RVvFOAA1","2026-08-14T09:32:29.000Z","005al00000RVvFOAA1","2026-08-14T09:32:29.000Z","","","","80.0","false","","","{/""prodPkgEditScreen/"":/""723454364762362365/"",/""ownershipAssignmentFieldSetName/"":/""LLC_BI__Bulk_Ownership_Assignment/"",/""editCollateralScreen/"":/""42363993400862416/"",/""copyCollateralScreen/"":/""42363993400862416/"",/""collateralScreenName/"":/""Collateral Creation Screen/"",/""collateralCopyFieldSetName/"":/""LLC_BI__Collateral_Creation_Screen_Configuration/"",/""collateralCloneFieldSetName/"":/""LLC_BI__Collateral_Creation_Screen_Configuration/"",/""addCollateralScreen/"":/""42363993400862416/"",/""addChildCollateralScreen/"":/""42363993400862416/""}","","false","","","","","F1B643","fff","custom/custom18","false","","false","","","","","2025-06-22","UCC","","","","a1xHo000001VSZNIA4","true","Fixtures",""
"a1lWE000002pnY2YAI","005al00000RVcKvAAL","false","UCC-Consumer Goods","2026-08-11T16:28:40.000Z","005al00000RVvFOAA1","2026-08-14T09:32:29.000Z","005al00000RVvFOAA1","2026-08-14T09:32:29.000Z","","","","80.0","false","","","{/""prodPkgEditScreen/"":/""723454364762362365/"",/""ownershipAssignmentFieldSetName/"":/""LLC_BI__Bulk_Ownership_Assignment/"",/""editCollateralScreen/"":/""42363993400862416/"",/""copyCollateralScreen/"":/""42363993400862416/"",/""collateralScreenName/"":/""Collateral Creation Screen/"",/""collateralCopyFieldSetName/"":/""LLC_BI__Collateral_Creation_Screen_Configuration/"",/""collateralCloneFieldSetName/"":/""LLC_BI__Collateral_Creation_Screen_Configuration/"",/""addCollateralScreen/"":/""42363993400862416/"",/""addChildCollateralScreen/"":/""42363993400862416/""}","","false","","","","","F1B643","fff","custom/custom18","false","","false","","","","","2025-06-22","UCC","","","","a1xHo000001VSZOIA4","true","Consumer Goods",""
"a1lWE000002pnY3YAI","005al00000RVcKvAAL","false","UCC-Tort Claim","2026-08-11T16:28:40.000Z","005al00000RVvFOAA1","2026-08-14T09:32:29.000Z","005al00000RVvFOAA1","2026-08-14T09:32:29.000Z","","","","80.0","false","","","{/""prodPkgEditScreen/"":/""723454364762362365/"",/""ownershipAssignmentFieldSetName/"":/""LLC_BI__Bulk_Ownership_Assignment/"",/""editCollateralScreen/"":/""42363993400862416/"",/""copyCollateralScreen/"":/""42363993400862416/"",/""collateralScreenName/"":/""Collateral Creation Screen/"",/""collateralCopyFieldSetName/"":/""LLC_BI__Collateral_Creation_Screen_Configuration/"",/""collateralCloneFieldSetName/"":/""LLC_BI__Collateral_Creation_Screen_Configuration/"",/""addCollateralScreen/"":/""42363993400862416/"",/""addChildCollateralScreen/"":/""42363993400862416/""}","","false","","","","","F1B643","fff","custom/custom18","false","","false","","","","","2025-06-22","UCC","","","","a1xHo000001VSZPIA4","true","Tort Claim",""
"a1lWE000002pnY4YAI","005al00000RVcKvAAL","false","UCC-Crops","2026-08-11T16:28:40.000Z","005al00000RVvFOAA1","2026-08-14T09:32:29.000Z","005al00000RVvFOAA1","2026-08-14T09:32:29.000Z","","","","80.0","false","","","{/""prodPkgEditScreen/"":/""723454364762362365/"",/""ownershipAssignmentFieldSetName/"":/""LLC_BI__Bulk_Ownership_Assignment/"",/""editCollateralScreen/"":/""42363993400862416/"",/""copyCollateralScreen/"":/""42363993400862416/"",/""collateralScreenName/"":/""Collateral Creation Screen/"",/""collateralCopyFieldSetName/"":/""LLC_BI__Collateral_Creation_Screen_Configuration/"",/""collateralCloneFieldSetName/"":/""LLC_BI__Collateral_Creation_Screen_Configuration/"",/""addCollateralScreen/"":/""42363993400862416/"",/""addChildCollateralScreen/"":/""42363993400862416/""}","","false","","","","","F1B643","fff","custom/custom18","false","","false","","","","","2025-06-22","UCC","","","","a1xHo000001VSZQIA4","true","Crops",""
"a1lWE000002pnY5YAI","005al00000RVcKvAAL","false","UCC-Standing Timber","2026-08-11T16:28:40.000Z","005al00000RVvFOAA1","2026-08-14T09:32:29.000Z","005al00000RVvFOAA1","2026-08-14T09:32:29.000Z","","","","80.0","false","","","{/""prodPkgEditScreen/"":/""723454364762362365/"",/""ownershipAssignmentFieldSetName/"":/""LLC_BI__Bulk_Ownership_Assignment/"",/""editCollateralScreen/"":/""42363993400862416/"",/""copyCollateralScreen/"":/""42363993400862416/"",/""collateralScreenName/"":/""Collateral Creation Screen/"",/""collateralCopyFieldSetName/"":/""LLC_BI__Collateral_Creation_Screen_Configuration/"",/""collateralCloneFieldSetName/"":/""LLC_BI__Collateral_Creation_Screen_Configuration/"",/""addCollateralScreen/"":/""42363993400862416/"",/""addChildCollateralScreen/"":/""42363993400862416/""}","","false","","","","","F1B643","fff","custom/custom18","false","","false","","","","","2025-06-22","UCC","","","","a1xHo000001VSZRIA4","true","Standing Timber",""
"a1lWE000002pnY6YAI","005al00000RVcKvAAL","false","UCC-Minerals, Oil and Gas","2026-08-11T16:28:40.000Z","005al00000RVvFOAA1","2026-08-14T09:32:29.000Z","005al00000RVvFOAA1","2026-08-14T09:32:29.000Z","","","","80.0","false","","","{/""prodPkgEditScreen/"":/""723454364762362365/"",/""ownershipAssignmentFieldSetName/"":/""LLC_BI__Bulk_Ownership_Assignment/"",/""editCollateralScreen/"":/""42363993400862416/"",/""copyCollateralScreen/"":/""42363993400862416/"",/""collateralScreenName/"":/""Collateral Creation Screen/"",/""collateralCopyFieldSetName/"":/""LLC_BI__Collateral_Creation_Screen_Configuration/"",/""collateralCloneFieldSetName/"":/""LLC_BI__Collateral_Creation_Screen_Configuration/"",/""addCollateralScreen/"":/""42363993400862416/"",/""addChildCollateralScreen/"":/""42363993400862416/""}","","false","","","","","F1B643","fff","custom/custom18","false","","false","","","","","2025-06-22","UCC","","","","a1xHo000001VSZSIA4","true","Minerals, Oil and Gas",""
"a1lWE000002pnY7YAI","005al00000RVcKvAAL","false","Real Estate-Multi-Family","2026-08-11T16:28:40.000Z","005al00000RVvFOAA1","2026-08-14T09:32:29.000Z","005al00000RVvFOAA1","2026-08-14T09:32:29.000Z","","","","80.0","false","","","{/""prodPkgEditScreen/"":/""723454364762362365/"",/""ownershipAssignmentFieldSetName/"":/""LLC_BI__Bulk_Ownership_Assignment/"",/""editCollateralScreen/"":/""42363993400862416/"",/""copyCollateralScreen/"":/""42363993400862416/"",/""collateralScreenName/"":/""Collateral Creation Screen/"",/""collateralCopyFieldSetName/"":/""LLC_BI__Collateral_Creation_Screen_Configuration/"",/""collateralCloneFieldSetName/"":/""LLC_BI__Collateral_Creation_Screen_Configuration/"",/""addCollateralScreen/"":/""42363993400862416/"",/""addChildCollateralScreen/"":/""42363993400862416/""}","","false","","","","","670B7B","fff","custom/custom24","false","","false","","","","","2025-06-22","Real Estate","","","","a1xHo000001VSZTIA4","true","Multi-Family",""
"a1lWE000002pnY8YAI","005al00000RVcKvAAL","false","Real Estate-Lot","2026-08-11T16:28:40.000Z","005al00000RVvFOAA1","2026-08-14T09:32:29.000Z","005al00000RVvFOAA1","2026-08-14T09:32:29.000Z","","","","80.0","false","","","{/""prodPkgEditScreen/"":/""723454364762362365/"",/""ownershipAssignmentFieldSetName/"":/""LLC_BI__Bulk_Ownership_Assignment/"",/""editCollateralScreen/"":/""42363993400862416/"",/""copyCollateralScreen/"":/""42363993400862416/"",/""collateralScreenName/"":/""Collateral Creation Screen/"",/""collateralCopyFieldSetName/"":/""LLC_BI__Collateral_Creation_Screen_Configuration/"",/""collateralCloneFieldSetName/"":/""LLC_BI__Collateral_Creation_Screen_Configuration/"",/""addCollateralScreen/"":/""42363993400862416/"",/""addChildCollateralScreen/"":/""42363993400862416/""}","","false","","","","","670B7B","fff","custom/custom24","false","","false","","","","","2025-06-22","Real Estate","","","","a1xHo000001VSZUIA4","true","Lot",""
"a1lWE000002pnY9YAI","005al00000RVcKvAAL","false","Real Estate-Mobile Home","2026-08-11T16:28:40.000Z","005al00000RVvFOAA1","2026-08-14T09:32:29.000Z","005al00000RVvFOAA1","2026-08-14T09:32:29.000Z","","","","80.0","false","","","{/""prodPkgEditScreen/"":/""723454364762362365/"",/""ownershipAssignmentFieldSetName/"":/""LLC_BI__Bulk_Ownership_Assignment/"",/""editCollateralScreen/"":/""42363993400862416/"",/""copyCollateralScreen/"":/""42363993400862416/"",/""collateralScreenName/"":/""Collateral Creation Screen/"",/""collateralCopyFieldSetName/"":/""LLC_BI__Collateral_Creation_Screen_Configuration/"",/""collateralCloneFieldSetName/"":/""LLC_BI__Collateral_Creation_Screen_Configuration/"",/""addCollateralScreen/"":/""42363993400862416/"",/""addChildCollateralScreen/"":/""42363993400862416/""}","","false","","","","","670B7B","fff","custom/custom24","false","","false","","","","","2025-06-22","Real Estate","","","","a1xHo000001VSZVIA4","true","Mobile Home",""
"a1lWE000002pnYAYAY","005al00000RVcKvAAL","false","Real Estate-Land","2026-08-11T16:28:40.000Z","005al00000RVvFOAA1","2026-08-14T09:32:29.000Z","005al00000RVvFOAA1","2026-08-14T09:32:29.000Z","","","","80.0","false","","","{/""prodPkgEditScreen/"":/""723454364762362365/"",/""ownershipAssignmentFieldSetName/"":/""LLC_BI__Bulk_Ownership_Assignment/"",/""editCollateralScreen/"":/""42363993400862416/"",/""copyCollateralScreen/"":/""42363993400862416/"",/""collateralScreenName/"":/""Collateral Creation Screen/"",/""collateralCopyFieldSetName/"":/""LLC_BI__Collateral_Creation_Screen_Configuration/"",/""collateralCloneFieldSetName/"":/""LLC_BI__Collateral_Creation_Screen_Configuration/"",/""addCollateralScreen/"":/""42363993400862416/"",/""addChildCollateralScreen/"":/""42363993400862416/""}","","false","","","","","670B7B","fff","custom/custom24","false","","false","","","","","2025-06-22","Real Estate","","","","a1xHo000001VSZWIA4","true","Land",""
"a1lWE000002pnYBYAY","005al00000RVcKvAAL","false","Real Estate-Farm Land","2026-08-11T16:28:40.000Z","005al00000RVvFOAA1","2026-08-14T09:32:29.000Z","005al00000RVvFOAA1","2026-08-14T09:32:29.000Z","","","","80.0","false","","","{/""prodPkgEditScreen/"":/""723454364762362365/"",/""ownershipAssignmentFieldSetName/"":/""LLC_BI__Bulk_Ownership_Assignment/"",/""editCollateralScreen/"":/""42363993400862416/"",/""copyCollateralScreen/"":/""42363993400862416/"",/""collateralScreenName/"":/""Collateral Creation Screen/"",/""collateralCopyFieldSetName/"":/""LLC_BI__Collateral_Creation_Screen_Configuration/"",/""collateralCloneFieldSetName/"":/""LLC_BI__Collateral_Creation_Screen_Configuration/"",/""addCollateralScreen/"":/""42363993400862416/"",/""addChildCollateralScreen/"":/""42363993400862416/""}","","false","","","","","670B7B","fff","custom/custom24","false","","false","","","","","2025-06-22","Real Estate","","","","a1xHo000001VSZXIA4","true","Farm Land",""
"a1lWE000002pnYCYAY","005al00000RVcKvAAL","false","Real Estate-Office","2026-08-11T16:28:40.000Z","005al00000RVvFOAA1","2026-08-14T09:32:29.000Z","005al00000RVvFOAA1","2026-08-14T09:32:29.000Z","","","","80.0","false","","","{/""prodPkgEditScreen/"":/""723454364762362365/"",/""ownershipAssignmentFieldSetName/"":/""LLC_BI__Bulk_Ownership_Assignment/"",/""editCollateralScreen/"":/""42363993400862416/"",/""copyCollateralScreen/"":/""42363993400862416/"",/""collateralScreenName/"":/""Collateral Creation Screen/"",/""collateralCopyFieldSetName/"":/""LLC_BI__Collateral_Creation_Screen_Configuration/"",/""collateralCloneFieldSetName/"":/""LLC_BI__Collateral_Creation_Screen_Configuration/"",/""addCollateralScreen/"":/""42363993400862416/"",/""addChildCollateralScreen/"":/""42363993400862416/""}","","false","","","","","670B7B","fff","custom/custom24","false","","false","","","","","2025-06-22","Real Estate","","","","a1xHo000001VSZYIA4","true","Office",""
"a1lWE000002pnYDYAY","005al00000RVcKvAAL","false","Real Estate-Warehouse","2026-08-11T16:28:40.000Z","005al00000RVvFOAA1","2026-08-14T09:32:29.000Z","005al00000RVvFOAA1","2026-08-14T09:32:29.000Z","","","","80.0","false","","","{/""prodPkgEditScreen/"":/""723454364762362365/"",/""ownershipAssignmentFieldSetName/"":/""LLC_BI__Bulk_Ownership_Assignment/"",/""editCollateralScreen/"":/""42363993400862416/"",/""copyCollateralScreen/"":/""42363993400862416/"",/""collateralScreenName/"":/""Collateral Creation Screen/"",/""collateralCopyFieldSetName/"":/""LLC_BI__Collateral_Creation_Screen_Configuration/"",/""collateralCloneFieldSetName/"":/""LLC_BI__Collateral_Creation_Screen_Configuration/"",/""addCollateralScreen/"":/""42363993400862416/"",/""addChildCollateralScreen/"":/""42363993400862416/""}","","false","","","","","670B7B","fff","custom/custom24","false","","false","","","","","2025-06-22","Real Estate","","","","a1xHo000001VSZZIA4","true","Warehouse",""
"a1lWE000002pnYEYAY","005al00000RVcKvAAL","false","Real Estate-Retail","2026-08-11T16:28:40.000Z","005al00000RVvFOAA1","2026-08-14T09:32:29.000Z","005al00000RVvFOAA1","2026-08-14T09:32:29.000Z","","","","80.0","false","","","{/""prodPkgEditScreen/"":/""723454364762362365/"",/""ownershipAssignmentFieldSetName/"":/""LLC_BI__Bulk_Ownership_Assignment/"",/""editCollateralScreen/"":/""42363993400862416/"",/""copyCollateralScreen/"":/""42363993400862416/"",/""collateralScreenName/"":/""Collateral Creation Screen/"",/""collateralCopyFieldSetName/"":/""LLC_BI__Collateral_Creation_Screen_Configuration/"",/""collateralCloneFieldSetName/"":/""LLC_BI__Collateral_Creation_Screen_Configuration/"",/""addCollateralScreen/"":/""42363993400862416/"",/""addChildCollateralScreen/"":/""42363993400862416/""}","","false","","","","","670B7B","fff","custom/custom24","false","","false","","","","","2025-06-22","Real Estate","","","","a1xHo000001VSZaIAO","true","Retail",""
"a1lWE000002pnYFYAY","005al00000RVcKvAAL","false","Real Estate-Other RE","2026-08-11T16:28:40.000Z","005al00000RVvFOAA1","2026-08-14T09:32:29.000Z","005al00000RVvFOAA1","2026-08-14T09:32:29.000Z","","","","80.0","false","","","{/""prodPkgEditScreen/"":/""723454364762362365/"",/""ownershipAssignmentFieldSetName/"":/""LLC_BI__Bulk_Ownership_Assignment/"",/""editCollateralScreen/"":/""42363993400862416/"",/""copyCollateralScreen/"":/""42363993400862416/"",/""collateralScreenName/"":/""Collateral Creation Screen/"",/""collateralCopyFieldSetName/"":/""LLC_BI__Collateral_Creation_Screen_Configuration/"",/""collateralCloneFieldSetName/"":/""LLC_BI__Collateral_Creation_Screen_Configuration/"",/""addCollateralScreen/"":/""42363993400862416/"",/""addChildCollateralScreen/"":/""42363993400862416/""}","","false","","","","","670B7B","fff","custom/custom24","false","","false","","","","","2025-06-22","Real Estate","","","","a1xHo000001VSZbIAO","true","Other RE",""
"a1lWE000002pnYGYAY","005al00000RVcKvAAL","false","Other-Government Contracts","2026-08-11T16:28:40.000Z","005al00000RVvFOAA1","2026-08-14T09:32:29.000Z","005al00000RVvFOAA1","2026-08-14T09:32:29.000Z","","","","80.0","false","","","{/""prodPkgEditScreen/"":/""723454364762362365/"",/""ownershipAssignmentFieldSetName/"":/""LLC_BI__Bulk_Ownership_Assignment/"",/""editCollateralScreen/"":/""42363993400862416/"",/""copyCollateralScreen/"":/""42363993400862416/"",/""collateralScreenName/"":/""Collateral Creation Screen/"",/""collateralCopyFieldSetName/"":/""LLC_BI__Collateral_Creation_Screen_Configuration/"",/""collateralCloneFieldSetName/"":/""LLC_BI__Collateral_Creation_Screen_Configuration/"",/""addCollateralScreen/"":/""42363993400862416/"",/""addChildCollateralScreen/"":/""42363993400862416/""}","","false","","","","","#62b7ed","#ffffff","standard/work_order","false","","false","","","","","2025-06-22","Other","","","","a1xHo000001VSZcIAO","true","Government Contracts",""
"a1lWE000002pnYHYAY","005al00000RVcKvAAL","false","Titled-Motor Vehicle","2026-08-11T16:28:40.000Z","005al00000RVvFOAA1","2026-08-14T09:32:29.000Z","005al00000RVvFOAA1","2026-08-14T09:32:29.000Z","","","","80.0","false","","","{/""prodPkgEditScreen/"":/""723454364762362365/"",/""ownershipAssignmentFieldSetName/"":/""LLC_BI__Bulk_Ownership_Assignment/"",/""editCollateralScreen/"":/""42363993400862416/"",/""copyCollateralScreen/"":/""42363993400862416/"",/""collateralScreenName/"":/""Collateral Creation Screen/"",/""collateralCopyFieldSetName/"":/""LLC_BI__Collateral_Creation_Screen_Configuration/"",/""collateralCloneFieldSetName/"":/""LLC_BI__Collateral_Creation_Screen_Configuration/"",/""addCollateralScreen/"":/""42363993400862416/"",/""addChildCollateralScreen/"":/""42363993400862416/""}","","false","","LLC_BI__Manage_Collateral_Titled","","","Ba202E","fff","custom/custom31","false","","false","","","","","2025-06-10","Titled","","","","a1xHu000004bomjIAA","true","Motor Vehicle",""
"a1lWE000002pnYIYAY","005al00000RVcKvAAL","false","Real Estate-Construction","2026-08-11T16:28:40.000Z","005al00000RVvFOAA1","2026-08-14T09:32:29.000Z","005al00000RVvFOAA1","2026-08-14T09:32:29.000Z","","","","80.0","false","","","{/""prodPkgEditScreen/"":/""723454364762362365/"",/""ownershipAssignmentFieldSetName/"":/""LLC_BI__Bulk_Ownership_Assignment/"",/""editCollateralScreen/"":/""42363993400862416/"",/""copyCollateralScreen/"":/""42363993400862416/"",/""collateralScreenName/"":/""Collateral Creation Screen/"",/""collateralCopyFieldSetName/"":/""LLC_BI__Collateral_Creation_Screen_Configuration/"",/""collateralCloneFieldSetName/"":/""LLC_BI__Collateral_Creation_Screen_Configuration/"",/""addCollateralScreen/"":/""42363993400862416/"",/""addChildCollateralScreen/"":/""42363993400862416/""}","","false","","","","","670B7B","fff","custom/custom24","false","","false","","","","","2025-06-10","Real Estate","","","","a1xHu000004bomkIAA","true","Construction",""
"a1lWE000002pnYJYAY","005al00000RVcKvAAL","false","Real Estate-1-4 Family","2026-08-11T16:28:40.000Z","005al00000RVvFOAA1","2026-08-14T09:32:29.000Z","005al00000RVvFOAA1","2026-08-14T09:32:29.000Z","","","","80.0","false","","","{/""prodPkgEditScreen/"":/""723454364762362365/"",/""ownershipAssignmentFieldSetName/"":/""LLC_BI__Bulk_Ownership_Assignment/"",/""editCollateralScreen/"":/""42363993400862416/"",/""copyCollateralScreen/"":/""42363993400862416/"",/""collateralScreenName/"":/""Collateral Creation Screen/"",/""collateralCopyFieldSetName/"":/""LLC_BI__Collateral_Creation_Screen_Configuration/"",/""collateralCloneFieldSetName/"":/""LLC_BI__Collateral_Creation_Screen_Configuration/"",/""addCollateralScreen/"":/""42363993400862416/"",/""addChildCollateralScreen/"":/""42363993400862416/""}","","false","","","","","670B7B","fff","custom/custom24","false","","false","","","","","2025-06-10","Real Estate","","","","a1xHu000004bomlIAA","true","1-4 Family",""
"a1lWE000002pnYKYAY","005al00000RVcKvAAL","false","Titled-Mobile Home","2026-08-11T16:28:40.000Z","005al00000RVvFOAA1","2026-08-14T09:32:29.000Z","005al00000RVvFOAA1","2026-08-14T09:32:29.000Z","","","","80.0","false","","","{/""prodPkgEditScreen/"":/""723454364762362365/"",/""ownershipAssignmentFieldSetName/"":/""LLC_BI__Bulk_Ownership_Assignment/"",/""editCollateralScreen/"":/""42363993400862416/"",/""copyCollateralScreen/"":/""42363993400862416/"",/""collateralScreenName/"":/""Collateral Creation Screen/"",/""collateralCopyFieldSetName/"":/""LLC_BI__Collateral_Creation_Screen_Configuration/"",/""collateralCloneFieldSetName/"":/""LLC_BI__Collateral_Creation_Screen_Configuration/"",/""addCollateralScreen/"":/""42363993400862416/"",/""addChildCollateralScreen/"":/""42363993400862416/""}","","false","","LLC_BI__Manage_Collateral_Titled","","","Ba202E","fff","custom/custom31","false","","false","","","","","2025-06-10","Titled","","","","a1xHu000004bommIAA","true","Mobile Home",""
"a1lWE000002pnYLYAY","005al00000RVcKvAAL","false","Titled-Pleasure Boat","2026-08-11T16:28:40.000Z","005al00000RVvFOAA1","2026-08-14T09:32:29.000Z","005al00000RVvFOAA1","2026-08-14T09:32:29.000Z","","","","80.0","false","","","{/""prodPkgEditScreen/"":/""723454364762362365/"",/""ownershipAssignmentFieldSetName/"":/""LLC_BI__Bulk_Ownership_Assignment/"",/""editCollateralScreen/"":/""42363993400862416/"",/""copyCollateralScreen/"":/""42363993400862416/"",/""collateralScreenName/"":/""Collateral Creation Screen/"",/""collateralCopyFieldSetName/"":/""LLC_BI__Collateral_Creation_Screen_Configuration/"",/""collateralCloneFieldSetName/"":/""LLC_BI__Collateral_Creation_Screen_Configuration/"",/""addCollateralScreen/"":/""42363993400862416/"",/""addChildCollateralScreen/"":/""42363993400862416/""}","","false","","LLC_BI__Manage_Collateral_Titled","","","Ba202E","fff","custom/custom31","false","","false","","","","","2025-06-10","Titled","","","","a1xHu000004bomnIAA","true","Pleasure Boat",""
"a1lWE000002pnYMYAY","005al00000RVcKvAAL","false","Titled-Ship","2026-08-11T16:28:40.000Z","005al00000RVvFOAA1","2026-08-14T09:32:29.000Z","005al00000RVvFOAA1","2026-08-14T09:32:29.000Z","","","","80.0","false","","","{/""prodPkgEditScreen/"":/""723454364762362365/"",/""ownershipAssignmentFieldSetName/"":/""LLC_BI__Bulk_Ownership_Assignment/"",/""editCollateralScreen/"":/""42363993400862416/"",/""copyCollateralScreen/"":/""42363993400862416/"",/""collateralScreenName/"":/""Collateral Creation Screen/"",/""collateralCopyFieldSetName/"":/""LLC_BI__Collateral_Creation_Screen_Configuration/"",/""collateralCloneFieldSetName/"":/""LLC_BI__Collateral_Creation_Screen_Configuration/"",/""addCollateralScreen/"":/""42363993400862416/"",/""addChildCollateralScreen/"":/""42363993400862416/""}","","false","","LLC_BI__Manage_Collateral_Titled","","","Ba202E","fff","custom/custom31","false","","false","","","","","2025-06-10","Titled","","","","a1xHu000004bomoIAA","true","Ship",""
"a1lWE000002pnYNYAY","005al00000RVcKvAAL","false","Titled-Aircraft","2026-08-11T16:28:40.000Z","005al00000RVvFOAA1","2026-08-14T09:32:29.000Z","005al00000RVvFOAA1","2026-08-14T09:32:29.000Z","","","","80.0","false","","","{/""prodPkgEditScreen/"":/""723454364762362365/"",/""ownershipAssignmentFieldSetName/"":/""LLC_BI__Bulk_Ownership_Assignment/"",/""editCollateralScreen/"":/""42363993400862416/"",/""copyCollateralScreen/"":/""42363993400862416/"",/""collateralScreenName/"":/""Collateral Creation Screen/"",/""collateralCopyFieldSetName/"":/""LLC_BI__Collateral_Creation_Screen_Configuration/"",/""collateralCloneFieldSetName/"":/""LLC_BI__Collateral_Creation_Screen_Configuration/"",/""addCollateralScreen/"":/""42363993400862416/"",/""addChildCollateralScreen/"":/""42363993400862416/""}","","false","","LLC_BI__Manage_Collateral_Titled","","","Ba202E","fff","custom/custom31","false","","false","","","","","2025-06-10","Titled","","","","a1xHu000004bompIAA","true","Aircraft",""
"a1lWE000002pnYOYAY","005al00000RVcKvAAL","false","Titled-Trailer","2026-08-11T16:28:40.000Z","005al00000RVvFOAA1","2026-08-14T09:32:29.000Z","005al00000RVvFOAA1","2026-08-14T09:32:29.000Z","","","","80.0","false","","","{/""prodPkgEditScreen/"":/""723454364762362365/"",/""ownershipAssignmentFieldSetName/"":/""LLC_BI__Bulk_Ownership_Assignment/"",/""editCollateralScreen/"":/""42363993400862416/"",/""copyCollateralScreen/"":/""42363993400862416/"",/""collateralScreenName/"":/""Collateral Creation Screen/"",/""collateralCopyFieldSetName/"":/""LLC_BI__Collateral_Creation_Screen_Configuration/"",/""collateralCloneFieldSetName/"":/""LLC_BI__Collateral_Creation_Screen_Configuration/"",/""addCollateralScreen/"":/""42363993400862416/"",/""addChildCollateralScreen/"":/""42363993400862416/""}","","false","","LLC_BI__Manage_Collateral_Titled","","","Ba202E","fff","custom/custom31","false","","false","","","","","2025-06-10","Titled","","","","a1xHu000004bomqIAA","true","Trailer",""
"a1lWE000002pnYPYAY","005al00000RVcKvAAL","false","Titled-Other Titled","2026-08-11T16:28:40.000Z","005al00000RVvFOAA1","2026-08-14T09:32:29.000Z","005al00000RVvFOAA1","2026-08-14T09:32:29.000Z","","","","80.0","false","","","{/""prodPkgEditScreen/"":/""723454364762362365/"",/""ownershipAssignmentFieldSetName/"":/""LLC_BI__Bulk_Ownership_Assignment/"",/""editCollateralScreen/"":/""42363993400862416/"",/""copyCollateralScreen/"":/""42363993400862416/"",/""collateralScreenName/"":/""Collateral Creation Screen/"",/""collateralCopyFieldSetName/"":/""LLC_BI__Collateral_Creation_Screen_Configuration/"",/""collateralCloneFieldSetName/"":/""LLC_BI__Collateral_Creation_Screen_Configuration/"",/""addCollateralScreen/"":/""42363993400862416/"",/""addChildCollateralScreen/"":/""42363993400862416/""}","","false","","LLC_BI__Manage_Collateral_Titled","","","Ba202E","fff","custom/custom31","false","","false","","","","","2025-06-10","Titled","","","","a1xHu000004bomrIAA","true","Other Titled",""
"a1lWE000002pnYQYAY","005al00000RVcKvAAL","false","Possessory-Savings/CDs","2026-08-11T16:28:40.000Z","005al00000RVvFOAA1","2026-08-14T09:32:29.000Z","005al00000RVvFOAA1","2026-08-14T09:32:29.000Z","","","","80.0","false","","","{/""prodPkgEditScreen/"":/""723454364762362365/"",/""ownershipAssignmentFieldSetName/"":/""LLC_BI__Bulk_Ownership_Assignment/"",/""editCollateralScreen/"":/""42363993400862416/"",/""copyCollateralScreen/"":/""42363993400862416/"",/""collateralScreenName/"":/""Collateral Creation Screen/"",/""collateralCopyFieldSetName/"":/""LLC_BI__Collateral_Creation_Screen_Configuration/"",/""collateralCloneFieldSetName/"":/""LLC_BI__Collateral_Creation_Screen_Configuration/"",/""addCollateralScreen/"":/""42363993400862416/"",/""addChildCollateralScreen/"":/""42363993400862416/""}","","false","","","","","85BE40","fff","custom/custom17","false","","false","","","","","2025-06-10","Possessory","","","","a1xHu000004bomsIAA","true","Savings/CDs",""
"a1lWE000002pnYRYAY","005al00000RVcKvAAL","false","Possessory-Securities","2026-08-11T16:28:40.000Z","005al00000RVvFOAA1","2026-08-14T09:32:29.000Z","005al00000RVvFOAA1","2026-08-14T09:32:29.000Z","","","","80.0","false","","","{/""prodPkgEditScreen/"":/""723454364762362365/"",/""ownershipAssignmentFieldSetName/"":/""LLC_BI__Bulk_Ownership_Assignment/"",/""editCollateralScreen/"":/""42363993400862416/"",/""copyCollateralScreen/"":/""42363993400862416/"",/""collateralScreenName/"":/""Collateral Creation Screen/"",/""collateralCopyFieldSetName/"":/""LLC_BI__Collateral_Creation_Screen_Configuration/"",/""collateralCloneFieldSetName/"":/""LLC_BI__Collateral_Creation_Screen_Configuration/"",/""addCollateralScreen/"":/""42363993400862416/"",/""addChildCollateralScreen/"":/""42363993400862416/""}","","false","","","","","85BE40","fff","custom/custom17","false","","false","","","","","2025-06-10","Possessory","","","","a1xHu000004bomtIAA","true","Securities",""
"a1lWE000002pnYSYAY","005al00000RVcKvAAL","false","Possessory-Note/Instrument","2026-08-11T16:28:40.000Z","005al00000RVvFOAA1","2026-08-14T09:32:29.000Z","005al00000RVvFOAA1","2026-08-14T09:32:29.000Z","","","","80.0","false","","","{/""prodPkgEditScreen/"":/""723454364762362365/"",/""ownershipAssignmentFieldSetName/"":/""LLC_BI__Bulk_Ownership_Assignment/"",/""editCollateralScreen/"":/""42363993400862416/"",/""copyCollateralScreen/"":/""42363993400862416/"",/""collateralScreenName/"":/""Collateral Creation Screen/"",/""collateralCopyFieldSetName/"":/""LLC_BI__Collateral_Creation_Screen_Configuration/"",/""collateralCloneFieldSetName/"":/""LLC_BI__Collateral_Creation_Screen_Configuration/"",/""addCollateralScreen/"":/""42363993400862416/"",/""addChildCollateralScreen/"":/""42363993400862416/""}","","false","","","","","85BE40","fff","custom/custom17","false","","false","","","","","2025-06-10","Possessory","","","","a1xHu000004bomuIAA","true","Note/Instrument",""
"a1lWE000002pnYTYAY","005al00000RVcKvAAL","false","Possessory-Receipts/Bills","2026-08-11T16:28:40.000Z","005al00000RVvFOAA1","2026-08-14T09:32:29.000Z","005al00000RVvFOAA1","2026-08-14T09:32:29.000Z","","","","80.0","false","","","{/""prodPkgEditScreen/"":/""723454364762362365/"",/""ownershipAssignmentFieldSetName/"":/""LLC_BI__Bulk_Ownership_Assignment/"",/""editCollateralScreen/"":/""42363993400862416/"",/""copyCollateralScreen/"":/""42363993400862416/"",/""collateralScreenName/"":/""Collateral Creation Screen/"",/""collateralCopyFieldSetName/"":/""LLC_BI__Collateral_Creation_Screen_Configuration/"",/""collateralCloneFieldSetName/"":/""LLC_BI__Collateral_Creation_Screen_Configuration/"",/""addCollateralScreen/"":/""42363993400862416/"",/""addChildCollateralScreen/"":/""42363993400862416/""}","","false","","","","","85BE40","fff","custom/custom17","false","","false","","","","","2025-06-10","Possessory","","","","a1xHu000004bomvIAA","true","Receipts/Bills",""
"a1lWE000002pnYUYAY","005al00000RVcKvAAL","false","Possessory-Letter of Credit","2026-08-11T16:28:40.000Z","005al00000RVvFOAA1","2026-08-14T09:32:29.000Z","005al00000RVvFOAA1","2026-08-14T09:32:29.000Z","","","","80.0","false","","","{/""prodPkgEditScreen/"":/""723454364762362365/"",/""ownershipAssignmentFieldSetName/"":/""LLC_BI__Bulk_Ownership_Assignment/"",/""editCollateralScreen/"":/""42363993400862416/"",/""copyCollateralScreen/"":/""42363993400862416/"",/""collateralScreenName/"":/""Collateral Creation Screen/"",/""collateralCopyFieldSetName/"":/""LLC_BI__Collateral_Creation_Screen_Configuration/"",/""collateralCloneFieldSetName/"":/""LLC_BI__Collateral_Creation_Screen_Configuration/"",/""addCollateralScreen/"":/""42363993400862416/"",/""addChildCollateralScreen/"":/""42363993400862416/""}","","false","","","","","85BE40","fff","custom/custom17","false","","false","","","","","2025-06-10","Possessory","","","","a1xHu000004bomwIAA","true","Letter of Credit",""
"a1lWE000002pnYVYAY","005al00000RVcKvAAL","false","Possessory-Other Possessory","2026-08-11T16:28:40.000Z","005al00000RVvFOAA1","2026-08-14T09:32:29.000Z","005al00000RVvFOAA1","2026-08-14T09:32:29.000Z","","","","80.0","false","","","{/""prodPkgEditScreen/"":/""723454364762362365/"",/""ownershipAssignmentFieldSetName/"":/""LLC_BI__Bulk_Ownership_Assignment/"",/""editCollateralScreen/"":/""42363993400862416/"",/""copyCollateralScreen/"":/""42363993400862416/"",/""collateralScreenName/"":/""Collateral Creation Screen/"",/""collateralCopyFieldSetName/"":/""LLC_BI__Collateral_Creation_Screen_Configuration/"",/""collateralCloneFieldSetName/"":/""LLC_BI__Collateral_Creation_Screen_Configuration/"",/""addCollateralScreen/"":/""42363993400862416/"",/""addChildCollateralScreen/"":/""42363993400862416/""}","","false","","","","","85BE40","fff","custom/custom17","false","","false","","","","","2025-06-10","Possessory","","","","a1xHu000004bomxIAA","true","Other Possessory",""
"a1lWE000002pnYWYAY","005al00000RVcKvAAL","false","Possessory-Life Insurance","2026-08-11T16:28:40.000Z","005al00000RVvFOAA1","2026-08-14T09:32:29.000Z","005al00000RVvFOAA1","2026-08-14T09:32:29.000Z","","","","80.0","false","","","{/""prodPkgEditScreen/"":/""723454364762362365/"",/""ownershipAssignmentFieldSetName/"":/""LLC_BI__Bulk_Ownership_Assignment/"",/""editCollateralScreen/"":/""42363993400862416/"",/""copyCollateralScreen/"":/""42363993400862416/"",/""collateralScreenName/"":/""Collateral Creation Screen/"",/""collateralCopyFieldSetName/"":/""LLC_BI__Collateral_Creation_Screen_Configuration/"",/""collateralCloneFieldSetName/"":/""LLC_BI__Collateral_Creation_Screen_Configuration/"",/""addCollateralScreen/"":/""42363993400862416/"",/""addChildCollateralScreen/"":/""42363993400862416/""}","","false","","","","","85BE40","fff","custom/custom17","false","","false","","","","","2025-06-10","Possessory","","","","a1xHu000004bomyIAA","true","Life Insurance",""
"a1lWE000002pnYXYAY","005al00000RVcKvAAL","false","UCC-Inventory","2026-08-11T16:28:40.000Z","005al00000RVvFOAA1","2026-08-14T09:32:29.000Z","005al00000RVvFOAA1","2026-08-14T09:32:29.000Z","","","","80.0","false","","","{/""prodPkgEditScreen/"":/""723454364762362365/"",/""ownershipAssignmentFieldSetName/"":/""LLC_BI__Bulk_Ownership_Assignment/"",/""editCollateralScreen/"":/""42363993400862416/"",/""copyCollateralScreen/"":/""42363993400862416/"",/""collateralScreenName/"":/""Collateral Creation Screen/"",/""collateralCopyFieldSetName/"":/""LLC_BI__Collateral_Creation_Screen_Configuration/"",/""collateralCloneFieldSetName/"":/""LLC_BI__Collateral_Creation_Screen_Configuration/"",/""addCollateralScreen/"":/""42363993400862416/"",/""addChildCollateralScreen/"":/""42363993400862416/""}","","false","","","","","F1B643","fff","custom/custom18","false","","false","","","","","2025-06-10","UCC","","","","a1xHu000004bomzIAA","true","Inventory",""
"a1lWE000002pnYYYAY","005al00000RVcKvAAL","false","UCC-Chattel Paper","2026-08-11T16:28:40.000Z","005al00000RVvFOAA1","2026-08-14T09:32:29.000Z","005al00000RVvFOAA1","2026-08-14T09:32:29.000Z","","","","80.0","false","","","{/""prodPkgEditScreen/"":/""723454364762362365/"",/""ownershipAssignmentFieldSetName/"":/""LLC_BI__Bulk_Ownership_Assignment/"",/""editCollateralScreen/"":/""42363993400862416/"",/""copyCollateralScreen/"":/""42363993400862416/"",/""collateralScreenName/"":/""Collateral Creation Screen/"",/""collateralCopyFieldSetName/"":/""LLC_BI__Collateral_Creation_Screen_Configuration/"",/""collateralCloneFieldSetName/"":/""LLC_BI__Collateral_Creation_Screen_Configuration/"",/""addCollateralScreen/"":/""42363993400862416/"",/""addChildCollateralScreen/"":/""42363993400862416/""}","","false","","","","","F1B643","fff","custom/custom18","false","","false","","","","","2025-06-10","UCC","","","","a1xHu000004bon0IAA","true","Chattel Paper",""
"a1lWE000002pnYZYAY","005al00000RVcKvAAL","false","UCC-Accounts","2026-08-11T16:28:40.000Z","005al00000RVvFOAA1","2026-08-14T09:32:29.000Z","005al00000RVvFOAA1","2026-08-14T09:32:29.000Z","","","","80.0","false","","","{/""prodPkgEditScreen/"":/""723454364762362365/"",/""ownershipAssignmentFieldSetName/"":/""LLC_BI__Bulk_Ownership_Assignment/"",/""editCollateralScreen/"":/""42363993400862416/"",/""copyCollateralScreen/"":/""42363993400862416/"",/""collateralScreenName/"":/""Collateral Creation Screen/"",/""collateralCopyFieldSetName/"":/""LLC_BI__Collateral_Creation_Screen_Configuration/"",/""collateralCloneFieldSetName/"":/""LLC_BI__Collateral_Creation_Screen_Configuration/"",/""addCollateralScreen/"":/""42363993400862416/"",/""addChildCollateralScreen/"":/""42363993400862416/""}","","false","","","","","F1B643","fff","custom/custom18","false","","false","","","","","2025-06-10","UCC","","","","a1xHu000004bon1IAA","true","Accounts",""
"a1lWE000002pnYaYAI","005al00000RVcKvAAL","false","UCC-Equipment","2026-08-11T16:28:40.000Z","005al00000RVvFOAA1","2026-08-14T09:32:29.000Z","005al00000RVvFOAA1","2026-08-14T09:32:29.000Z","","","","80.0","false","","","{""prodPkgEditScreen"":""723454364762362365"",""ownershipAssignmentFieldSetName"":""LLC_BI__Bulk_Ownership_Assignment"",""editCollateralScreen"":""42363993400862416"",""copyCollateralScreen"":""42363993400862416"",""collateralScreenName"":""Collateral Creation Screen"",""collateralCopyFieldSetName"":""LLC_BI__Collateral_Creation_Screen_Configuration"",""collateralCloneFieldSetName"":""LLC_BI__Collateral_Creation_Screen_Configuration"",""addCollateralScreen"":""42363993400862416"",""addChildCollateralScreen"":""42363993400862416""}","","false","","","","","F1B643","fff","custom/custom18","false","","false","","","","","2025-06-10","UCC","","","","a1xHu000004bon2IAA","true","Equipment",""
"a1lWE000002pnYbYAI","005al00000RVcKvAAL","false","UCC-General Intangibles","2026-08-11T16:28:40.000Z","005al00000RVvFOAA1","2026-08-14T09:32:29.000Z","005al00000RVvFOAA1","2026-08-14T09:32:29.000Z","","","","80.0","false","","","{/""prodPkgEditScreen/"":/""723454364762362365/"",/""ownershipAssignmentFieldSetName/"":/""LLC_BI__Bulk_Ownership_Assignment/"",/""editCollateralScreen/"":/""42363993400862416/"",/""copyCollateralScreen/"":/""42363993400862416/"",/""collateralScreenName/"":/""Collateral Creation Screen/"",/""collateralCopyFieldSetName/"":/""LLC_BI__Collateral_Creation_Screen_Configuration/"",/""collateralCloneFieldSetName/"":/""LLC_BI__Collateral_Creation_Screen_Configuration/"",/""addCollateralScreen/"":/""42363993400862416/"",/""addChildCollateralScreen/"":/""42363993400862416/""}","","false","","","","","F1B643","fff","custom/custom18","false","","false","","","","","2025-06-10","UCC","","","","a1xHu000004bon3IAA","true","General Intangibles",""
"a1lWE000002pnYcYAI","005al00000RVcKvAAL","false","UCC-Farm Products","2026-08-11T16:28:40.000Z","005al00000RVvFOAA1","2026-08-14T09:32:29.000Z","005al00000RVvFOAA1","2026-08-14T09:32:29.000Z","","","","80.0","false","","","{/""prodPkgEditScreen/"":/""723454364762362365/"",/""ownershipAssignmentFieldSetName/"":/""LLC_BI__Bulk_Ownership_Assignment/"",/""editCollateralScreen/"":/""42363993400862416/"",/""copyCollateralScreen/"":/""42363993400862416/"",/""collateralScreenName/"":/""Collateral Creation Screen/"",/""collateralCopyFieldSetName/"":/""LLC_BI__Collateral_Creation_Screen_Configuration/"",/""collateralCloneFieldSetName/"":/""LLC_BI__Collateral_Creation_Screen_Configuration/"",/""addCollateralScreen/"":/""42363993400862416/"",/""addChildCollateralScreen/"":/""42363993400862416/""}","","false","","","","","F1B643","fff","custom/custom18","false","","false","","","","","2025-06-10","UCC","","","","a1xHu000004bon4IAA","true","Farm Products",""
"a1lWE000002pnYdYAI","005al00000RVcKvAAL","false","UCC-Livestock","2026-08-11T16:28:40.000Z","005al00000RVvFOAA1","2026-08-14T09:32:29.000Z","005al00000RVvFOAA1","2026-08-14T09:32:29.000Z","","","","80.0","false","","","{/""prodPkgEditScreen/"":/""723454364762362365/"",/""ownershipAssignmentFieldSetName/"":/""LLC_BI__Bulk_Ownership_Assignment/"",/""editCollateralScreen/"":/""42363993400862416/"",/""copyCollateralScreen/"":/""42363993400862416/"",/""collateralScreenName/"":/""Collateral Creation Screen/"",/""collateralCopyFieldSetName/"":/""LLC_BI__Collateral_Creation_Screen_Configuration/"",/""collateralCloneFieldSetName/"":/""LLC_BI__Collateral_Creation_Screen_Configuration/"",/""addCollateralScreen/"":/""42363993400862416/"",/""addChildCollateralScreen/"":/""42363993400862416/""}","","false","","","","","F1B643","fff","custom/custom18","false","","false","","","","","2025-06-10","UCC","","","","a1xHu000004bon5IAA","true","Livestock",""
"a1lWE000002pnYeYAI","005al00000RVcKvAAL","false","UCC-Farm Equipment","2026-08-11T16:28:40.000Z","005al00000RVvFOAA1","2026-08-14T09:32:29.000Z","005al00000RVvFOAA1","2026-08-14T09:32:29.000Z","","","","80.0","false","","","{/""prodPkgEditScreen/"":/""723454364762362365/"",/""ownershipAssignmentFieldSetName/"":/""LLC_BI__Bulk_Ownership_Assignment/"",/""editCollateralScreen/"":/""42363993400862416/"",/""copyCollateralScreen/"":/""42363993400862416/"",/""collateralScreenName/"":/""Collateral Creation Screen/"",/""collateralCopyFieldSetName/"":/""LLC_BI__Collateral_Creation_Screen_Configuration/"",/""collateralCloneFieldSetName/"":/""LLC_BI__Collateral_Creation_Screen_Configuration/"",/""addCollateralScreen/"":/""42363993400862416/"",/""addChildCollateralScreen/"":/""42363993400862416/""}","","false","","","","","F1B643","fff","custom/custom18","false","","false","","","","","2025-06-10","UCC","","","","a1xHu000004bon6IAA","true","Farm Equipment",""
"a1lWE000002pnYfYAI","005al00000RVcKvAAL","false","UCC-Consumer Goods","2026-08-11T16:28:40.000Z","005al00000RVvFOAA1","2026-08-14T09:32:29.000Z","005al00000RVvFOAA1","2026-08-14T09:32:29.000Z","","","","80.0","false","","","{/""prodPkgEditScreen/"":/""723454364762362365/"",/""ownershipAssignmentFieldSetName/"":/""LLC_BI__Bulk_Ownership_Assignment/"",/""editCollateralScreen/"":/""42363993400862416/"",/""copyCollateralScreen/"":/""42363993400862416/"",/""collateralScreenName/"":/""Collateral Creation Screen/"",/""collateralCopyFieldSetName/"":/""LLC_BI__Collateral_Creation_Screen_Configuration/"",/""collateralCloneFieldSetName/"":/""LLC_BI__Collateral_Creation_Screen_Configuration/"",/""addCollateralScreen/"":/""42363993400862416/"",/""addChildCollateralScreen/"":/""42363993400862416/""}","","false","","","","","F1B643","fff","custom/custom18","false","","false","","","","","2025-06-10","UCC","","","","a1xHu000004bon7IAA","true","Consumer Goods",""
"a1lWE000002pnYgYAI","005al00000RVcKvAAL","false","UCC-Tort Claim","2026-08-11T16:28:40.000Z","005al00000RVvFOAA1","2026-08-14T09:32:29.000Z","005al00000RVvFOAA1","2026-08-14T09:32:29.000Z","","","","80.0","false","","","{/""prodPkgEditScreen/"":/""723454364762362365/"",/""ownershipAssignmentFieldSetName/"":/""LLC_BI__Bulk_Ownership_Assignment/"",/""editCollateralScreen/"":/""42363993400862416/"",/""copyCollateralScreen/"":/""42363993400862416/"",/""collateralScreenName/"":/""Collateral Creation Screen/"",/""collateralCopyFieldSetName/"":/""LLC_BI__Collateral_Creation_Screen_Configuration/"",/""collateralCloneFieldSetName/"":/""LLC_BI__Collateral_Creation_Screen_Configuration/"",/""addCollateralScreen/"":/""42363993400862416/"",/""addChildCollateralScreen/"":/""42363993400862416/""}","","false","","","","","F1B643","fff","custom/custom18","false","","false","","","","","2025-06-10","UCC","","","","a1xHu000004bon8IAA","true","Tort Claim",""
"a1lWE000002pnYhYAI","005al00000RVcKvAAL","false","UCC-Crops","2026-08-11T16:28:40.000Z","005al00000RVvFOAA1","2026-08-14T09:32:29.000Z","005al00000RVvFOAA1","2026-08-14T09:32:29.000Z","","","","80.0","false","","","{/""prodPkgEditScreen/"":/""723454364762362365/"",/""ownershipAssignmentFieldSetName/"":/""LLC_BI__Bulk_Ownership_Assignment/"",/""editCollateralScreen/"":/""42363993400862416/"",/""copyCollateralScreen/"":/""42363993400862416/"",/""collateralScreenName/"":/""Collateral Creation Screen/"",/""collateralCopyFieldSetName/"":/""LLC_BI__Collateral_Creation_Screen_Configuration/"",/""collateralCloneFieldSetName/"":/""LLC_BI__Collateral_Creation_Screen_Configuration/"",/""addCollateralScreen/"":/""42363993400862416/"",/""addChildCollateralScreen/"":/""42363993400862416/""}","","false","","","","","F1B643","fff","custom/custom18","false","","false","","","","","2025-06-10","UCC","","","","a1xHu000004bon9IAA","true","Crops",""
"a1lWE000002pnYiYAI","005al00000RVcKvAAL","false","UCC-Fixtures","2026-08-11T16:28:40.000Z","005al00000RVvFOAA1","2026-08-14T09:32:29.000Z","005al00000RVvFOAA1","2026-08-14T09:32:29.000Z","","","","80.0","false","","","{/""prodPkgEditScreen/"":/""723454364762362365/"",/""ownershipAssignmentFieldSetName/"":/""LLC_BI__Bulk_Ownership_Assignment/"",/""editCollateralScreen/"":/""42363993400862416/"",/""copyCollateralScreen/"":/""42363993400862416/"",/""collateralScreenName/"":/""Collateral Creation Screen/"",/""collateralCopyFieldSetName/"":/""LLC_BI__Collateral_Creation_Screen_Configuration/"",/""collateralCloneFieldSetName/"":/""LLC_BI__Collateral_Creation_Screen_Configuration/"",/""addCollateralScreen/"":/""42363993400862416/"",/""addChildCollateralScreen/"":/""42363993400862416/""}","","false","","","","","F1B643","fff","custom/custom18","false","","false","","","","","2025-06-10","UCC","","","","a1xHu000004bonAIAQ","true","Fixtures",""
"a1lWE000002pnYjYAI","005al00000RVcKvAAL","false","UCC-Standing Timber","2026-08-11T16:28:40.000Z","005al00000RVvFOAA1","2026-08-14T09:32:29.000Z","005al00000RVvFOAA1","2026-08-14T09:32:29.000Z","","","","80.0","false","","","{/""prodPkgEditScreen/"":/""723454364762362365/"",/""ownershipAssignmentFieldSetName/"":/""LLC_BI__Bulk_Ownership_Assignment/"",/""editCollateralScreen/"":/""42363993400862416/"",/""copyCollateralScreen/"":/""42363993400862416/"",/""collateralScreenName/"":/""Collateral Creation Screen/"",/""collateralCopyFieldSetName/"":/""LLC_BI__Collateral_Creation_Screen_Configuration/"",/""collateralCloneFieldSetName/"":/""LLC_BI__Collateral_Creation_Screen_Configuration/"",/""addCollateralScreen/"":/""42363993400862416/"",/""addChildCollateralScreen/"":/""42363993400862416/""}","","false","","","","","F1B643","fff","custom/custom18","false","","false","","","","","2025-06-10","UCC","","","","a1xHu000004bonBIAQ","true","Standing Timber",""
"a1lWE000002pnYkYAI","005al00000RVcKvAAL","false","UCC-Minerals, Oil and Gas","2026-08-11T16:28:40.000Z","005al00000RVvFOAA1","2026-08-14T09:32:29.000Z","005al00000RVvFOAA1","2026-08-14T09:32:29.000Z","","","","80.0","false","","","{/""prodPkgEditScreen/"":/""723454364762362365/"",/""ownershipAssignmentFieldSetName/"":/""LLC_BI__Bulk_Ownership_Assignment/"",/""editCollateralScreen/"":/""42363993400862416/"",/""copyCollateralScreen/"":/""42363993400862416/"",/""collateralScreenName/"":/""Collateral Creation Screen/"",/""collateralCopyFieldSetName/"":/""LLC_BI__Collateral_Creation_Screen_Configuration/"",/""collateralCloneFieldSetName/"":/""LLC_BI__Collateral_Creation_Screen_Configuration/"",/""addCollateralScreen/"":/""42363993400862416/"",/""addChildCollateralScreen/"":/""42363993400862416/""}","","false","","","","","F1B643","fff","custom/custom18","false","","false","","","","","2025-06-10","UCC","","","","a1xHu000004bonCIAQ","true","Minerals, Oil and Gas",""
"a1lWE000002pnYlYAI","005al00000RVcKvAAL","false","Real Estate-Multi-Family","2026-08-11T16:28:40.000Z","005al00000RVvFOAA1","2026-08-14T09:32:29.000Z","005al00000RVvFOAA1","2026-08-14T09:32:29.000Z","","","","80.0","false","","","{/""prodPkgEditScreen/"":/""723454364762362365/"",/""ownershipAssignmentFieldSetName/"":/""LLC_BI__Bulk_Ownership_Assignment/"",/""editCollateralScreen/"":/""42363993400862416/"",/""copyCollateralScreen/"":/""42363993400862416/"",/""collateralScreenName/"":/""Collateral Creation Screen/"",/""collateralCopyFieldSetName/"":/""LLC_BI__Collateral_Creation_Screen_Configuration/"",/""collateralCloneFieldSetName/"":/""LLC_BI__Collateral_Creation_Screen_Configuration/"",/""addCollateralScreen/"":/""42363993400862416/"",/""addChildCollateralScreen/"":/""42363993400862416/""}","","false","","","","","670B7B","fff","custom/custom24","false","","false","","","","","2025-06-10","Real Estate","","","","a1xHu000004bonDIAQ","true","Multi-Family",""
"a1lWE000002pnYmYAI","005al00000RVcKvAAL","false","Real Estate-Lot","2026-08-11T16:28:40.000Z","005al00000RVvFOAA1","2026-08-14T09:32:29.000Z","005al00000RVvFOAA1","2026-08-14T09:32:29.000Z","","","","80.0","false","","","{/""prodPkgEditScreen/"":/""723454364762362365/"",/""ownershipAssignmentFieldSetName/"":/""LLC_BI__Bulk_Ownership_Assignment/"",/""editCollateralScreen/"":/""42363993400862416/"",/""copyCollateralScreen/"":/""42363993400862416/"",/""collateralScreenName/"":/""Collateral Creation Screen/"",/""collateralCopyFieldSetName/"":/""LLC_BI__Collateral_Creation_Screen_Configuration/"",/""collateralCloneFieldSetName/"":/""LLC_BI__Collateral_Creation_Screen_Configuration/"",/""addCollateralScreen/"":/""42363993400862416/"",/""addChildCollateralScreen/"":/""42363993400862416/""}","","false","","","","","670B7B","fff","custom/custom24","false","","false","","","","","2025-06-10","Real Estate","","","","a1xHu000004bonEIAQ","true","Lot",""
"a1lWE000002pnYnYAI","005al00000RVcKvAAL","false","Real Estate-Mobile Home","2026-08-11T16:28:40.000Z","005al00000RVvFOAA1","2026-08-14T09:32:29.000Z","005al00000RVvFOAA1","2026-08-14T09:32:29.000Z","","","","80.0","false","","","{/""prodPkgEditScreen/"":/""723454364762362365/"",/""ownershipAssignmentFieldSetName/"":/""LLC_BI__Bulk_Ownership_Assignment/"",/""editCollateralScreen/"":/""42363993400862416/"",/""copyCollateralScreen/"":/""42363993400862416/"",/""collateralScreenName/"":/""Collateral Creation Screen/"",/""collateralCopyFieldSetName/"":/""LLC_BI__Collateral_Creation_Screen_Configuration/"",/""collateralCloneFieldSetName/"":/""LLC_BI__Collateral_Creation_Screen_Configuration/"",/""addCollateralScreen/"":/""42363993400862416/"",/""addChildCollateralScreen/"":/""42363993400862416/""}","","false","","","","","670B7B","fff","custom/custom24","false","","false","","","","","2025-06-10","Real Estate","","","","a1xHu000004bonFIAQ","true","Mobile Home",""
"a1lWE000002pnYoYAI","005al00000RVcKvAAL","false","Real Estate-Land","2026-08-11T16:28:40.000Z","005al00000RVvFOAA1","2026-08-14T09:32:29.000Z","005al00000RVvFOAA1","2026-08-14T09:32:29.000Z","","","","80.0","false","","","{/""prodPkgEditScreen/"":/""723454364762362365/"",/""ownershipAssignmentFieldSetName/"":/""LLC_BI__Bulk_Ownership_Assignment/"",/""editCollateralScreen/"":/""42363993400862416/"",/""copyCollateralScreen/"":/""42363993400862416/"",/""collateralScreenName/"":/""Collateral Creation Screen/"",/""collateralCopyFieldSetName/"":/""LLC_BI__Collateral_Creation_Screen_Configuration/"",/""collateralCloneFieldSetName/"":/""LLC_BI__Collateral_Creation_Screen_Configuration/"",/""addCollateralScreen/"":/""42363993400862416/"",/""addChildCollateralScreen/"":/""42363993400862416/""}","","false","","","","","670B7B","fff","custom/custom24","false","","false","","","","","2025-06-10","Real Estate","","","","a1xHu000004bonGIAQ","true","Land",""
"a1lWE000002pnYpYAI","005al00000RVcKvAAL","false","Real Estate-Farm Land","2026-08-11T16:28:40.000Z","005al00000RVvFOAA1","2026-08-14T09:32:29.000Z","005al00000RVvFOAA1","2026-08-14T09:32:29.000Z","","","","80.0","false","","","{/""prodPkgEditScreen/"":/""723454364762362365/"",/""ownershipAssignmentFieldSetName/"":/""LLC_BI__Bulk_Ownership_Assignment/"",/""editCollateralScreen/"":/""42363993400862416/"",/""copyCollateralScreen/"":/""42363993400862416/"",/""collateralScreenName/"":/""Collateral Creation Screen/"",/""collateralCopyFieldSetName/"":/""LLC_BI__Collateral_Creation_Screen_Configuration/"",/""collateralCloneFieldSetName/"":/""LLC_BI__Collateral_Creation_Screen_Configuration/"",/""addCollateralScreen/"":/""42363993400862416/"",/""addChildCollateralScreen/"":/""42363993400862416/""}","","false","","","","","670B7B","fff","custom/custom24","false","","false","","","","","2025-06-10","Real Estate","","","","a1xHu000004bonHIAQ","true","Farm Land",""
"a1lWE000002pnYqYAI","005al00000RVcKvAAL","false","Real Estate-Office","2026-08-11T16:28:40.000Z","005al00000RVvFOAA1","2026-08-14T09:32:29.000Z","005al00000RVvFOAA1","2026-08-14T09:32:29.000Z","","","","80.0","false","","","{/""prodPkgEditScreen/"":/""723454364762362365/"",/""ownershipAssignmentFieldSetName/"":/""LLC_BI__Bulk_Ownership_Assignment/"",/""editCollateralScreen/"":/""42363993400862416/"",/""copyCollateralScreen/"":/""42363993400862416/"",/""collateralScreenName/"":/""Collateral Creation Screen/"",/""collateralCopyFieldSetName/"":/""LLC_BI__Collateral_Creation_Screen_Configuration/"",/""collateralCloneFieldSetName/"":/""LLC_BI__Collateral_Creation_Screen_Configuration/"",/""addCollateralScreen/"":/""42363993400862416/"",/""addChildCollateralScreen/"":/""42363993400862416/""}","","false","","","","","670B7B","fff","custom/custom24","false","","false","","","","","2025-06-10","Real Estate","","","","a1xHu000004bonIIAQ","true","Office",""
"a1lWE000002pnYrYAI","005al00000RVcKvAAL","false","Real Estate-Warehouse","2026-08-11T16:28:40.000Z","005al00000RVvFOAA1","2026-08-14T09:32:29.000Z","005al00000RVvFOAA1","2026-08-14T09:32:29.000Z","","","","80.0","false","","","{/""prodPkgEditScreen/"":/""723454364762362365/"",/""ownershipAssignmentFieldSetName/"":/""LLC_BI__Bulk_Ownership_Assignment/"",/""editCollateralScreen/"":/""42363993400862416/"",/""copyCollateralScreen/"":/""42363993400862416/"",/""collateralScreenName/"":/""Collateral Creation Screen/"",/""collateralCopyFieldSetName/"":/""LLC_BI__Collateral_Creation_Screen_Configuration/"",/""collateralCloneFieldSetName/"":/""LLC_BI__Collateral_Creation_Screen_Configuration/"",/""addCollateralScreen/"":/""42363993400862416/"",/""addChildCollateralScreen/"":/""42363993400862416/""}","","false","","","","","670B7B","fff","custom/custom24","false","","false","","","","","2025-06-10","Real Estate","","","","a1xHu000004bonJIAQ","true","Warehouse",""
"a1lWE000002pnYsYAI","005al00000RVcKvAAL","false","Real Estate-Retail","2026-08-11T16:28:40.000Z","005al00000RVvFOAA1","2026-08-14T09:32:29.000Z","005al00000RVvFOAA1","2026-08-14T09:32:29.000Z","","","","80.0","false","","","{/""prodPkgEditScreen/"":/""723454364762362365/"",/""ownershipAssignmentFieldSetName/"":/""LLC_BI__Bulk_Ownership_Assignment/"",/""editCollateralScreen/"":/""42363993400862416/"",/""copyCollateralScreen/"":/""42363993400862416/"",/""collateralScreenName/"":/""Collateral Creation Screen/"",/""collateralCopyFieldSetName/"":/""LLC_BI__Collateral_Creation_Screen_Configuration/"",/""collateralCloneFieldSetName/"":/""LLC_BI__Collateral_Creation_Screen_Configuration/"",/""addCollateralScreen/"":/""42363993400862416/"",/""addChildCollateralScreen/"":/""42363993400862416/""}","","false","","","","","670B7B","fff","custom/custom24","false","","false","","","","","2025-06-10","Real Estate","","","","a1xHu000004bonKIAQ","true","Retail",""
"a1lWE000002pnYtYAI","005al00000RVcKvAAL","false","Real Estate-Other RE","2026-08-11T16:28:40.000Z","005al00000RVvFOAA1","2026-08-14T09:32:29.000Z","005al00000RVvFOAA1","2026-08-14T09:32:29.000Z","","","","80.0","false","","","{/""prodPkgEditScreen/"":/""723454364762362365/"",/""ownershipAssignmentFieldSetName/"":/""LLC_BI__Bulk_Ownership_Assignment/"",/""editCollateralScreen/"":/""42363993400862416/"",/""copyCollateralScreen/"":/""42363993400862416/"",/""collateralScreenName/"":/""Collateral Creation Screen/"",/""collateralCopyFieldSetName/"":/""LLC_BI__Collateral_Creation_Screen_Configuration/"",/""collateralCloneFieldSetName/"":/""LLC_BI__Collateral_Creation_Screen_Configuration/"",/""addCollateralScreen/"":/""42363993400862416/"",/""addChildCollateralScreen/"":/""42363993400862416/""}","","false","","","","","670B7B","fff","custom/custom24","false","","false","","","","","2025-06-10","Real Estate","","","","a1xHu000004bonLIAQ","true","Other RE",""
"a1lWE000002pnYuYAI","005al00000RVcKvAAL","false","Other-Government Contracts","2026-08-11T16:28:40.000Z","005al00000RVvFOAA1","2026-08-14T09:32:29.000Z","005al00000RVvFOAA1","2026-08-14T09:32:29.000Z","","","","80.0","false","","","{/""prodPkgEditScreen/"":/""723454364762362365/"",/""ownershipAssignmentFieldSetName/"":/""LLC_BI__Bulk_Ownership_Assignment/"",/""editCollateralScreen/"":/""42363993400862416/"",/""copyCollateralScreen/"":/""42363993400862416/"",/""collateralScreenName/"":/""Collateral Creation Screen/"",/""collateralCopyFieldSetName/"":/""LLC_BI__Collateral_Creation_Screen_Configuration/"",/""collateralCloneFieldSetName/"":/""LLC_BI__Collateral_Creation_Screen_Configuration/"",/""addCollateralScreen/"":/""42363993400862416/"",/""addChildCollateralScreen/"":/""42363993400862416/""}","","false","","","","","#62b7ed","#ffffff","standard/work_order","false","","false","","","","","2025-06-10","Other","","","","a1xHu000004bonMIAQ","true","Government Contracts",""
"a1lWE000002pnYvYAI","005al00000RVcKvAAL","false","Titled-Vessel","2026-08-11T16:28:40.000Z","005al00000RVvFOAA1","2026-08-14T09:32:29.000Z","005al00000RVvFOAA1","2026-08-14T09:32:29.000Z","","","","80.0","false","","","{/""prodPkgEditScreen/"":/""723454364762362365/"",/""ownershipAssignmentFieldSetName/"":/""LLC_BI__Bulk_Ownership_Assignment/"",/""editCollateralScreen/"":/""42363993400862416/"",/""copyCollateralScreen/"":/""42363993400862416/"",/""collateralScreenName/"":/""Collateral Creation Screen/"",/""collateralCopyFieldSetName/"":/""LLC_BI__Collateral_Creation_Screen_Configuration/"",/""collateralCloneFieldSetName/"":/""LLC_BI__Collateral_Creation_Screen_Configuration/"",/""addCollateralScreen/"":/""42363993400862416/"",/""addChildCollateralScreen/"":/""42363993400862416/""}","","false","","","","","Ba202E","fff","custom/custom31","false","","false","","","","","2025-06-10","Titled","","","","a1xHu000004bonNIAQ","true","Vessel",""
"a1lWE000002pnYwYAI","005al00000RVcKvAAL","false","Titled-Mobile Home","2026-08-11T16:28:40.000Z","005al00000RVvFOAA1","2026-08-14T09:32:29.000Z","005al00000RVvFOAA1","2026-08-14T09:32:29.000Z","","","","80.0","false","","","{""prodPkgEditScreen"":""723454364762362365"",""ownershipAssignmentFieldSetName"":""LLC_BI__Bulk_Ownership_Assignment"",""editCollateralScreen"":""42363993400862416"",""copyCollateralScreen"":""42363993400862416"",""collateralScreenName"":""Collateral Creation Screen"",""collateralCopyFieldSetName"":""LLC_BI__Collateral_Creation_Screen_Configuration"",""collateralCloneFieldSetName"":""LLC_BI__Collateral_Creation_Screen_Configuration"",""addCollateralScreen"":""42363993400862416"",""addChildCollateralScreen"":""42363993400862416""}","","false","","LLC_BI__Manage_Collateral_Titled","","","Ba202E","fff","custom/custom31","false","a0sWD00000XnsduYAB","false","","","","a0sWD00000XnsdyYAB","2025-06-10","Titled","","","","a1xHu000004bonOIAQ","true","Mobile Home",""
"a1lWE000002pnYxYAI","005al00000RVcKvAAL","false","Real Estate-Construction","2026-08-11T16:28:40.000Z","005al00000RVvFOAA1","2026-08-14T09:32:29.000Z","005al00000RVvFOAA1","2026-08-14T09:32:29.000Z","","","","80.0","false","","","{""prodPkgEditScreen"":""723454364762362365"",""ownershipAssignmentFieldSetName"":""LLC_BI__Bulk_Ownership_Assignment"",""editCollateralScreen"":""42363993400862416"",""copyCollateralScreen"":""42363993400862416"",""collateralScreenName"":""Collateral Creation Screen"",""collateralCopyFieldSetName"":""LLC_BI__Collateral_Creation_Screen_Configuration"",""collateralCloneFieldSetName"":""LLC_BI__Collateral_Creation_Screen_Configuration"",""addCollateralScreen"":""42363993400862416"",""addChildCollateralScreen"":""42363993400862416""}","","false","","","","","670B7B","fff","custom/custom24","false","a0sWD00000XnsduYAB","false","","","","a0sWD00000Xnse0YAB","2025-06-10","Real Estate","","","","a1xHu000004bonPIAQ","true","Construction",""
"a1lWE000002pnYyYAI","005al00000RVcKvAAL","false","Titled-Motor Vehicle","2026-08-11T16:28:40.000Z","005al00000RVvFOAA1","2026-08-14T09:32:29.000Z","005al00000RVvFOAA1","2026-08-14T09:32:29.000Z","","","","80.0","false","","","{""prodPkgEditScreen"":""723454364762362365"",""ownershipAssignmentFieldSetName"":""LLC_BI__Bulk_Ownership_Assignment"",""editCollateralScreen"":""42363993400862416"",""copyCollateralScreen"":""42363993400862416"",""collateralScreenName"":""Collateral Creation Screen"",""collateralCopyFieldSetName"":""LLC_BI__Collateral_Creation_Screen_Configuration"",""collateralCloneFieldSetName"":""LLC_BI__Collateral_Creation_Screen_Configuration"",""addCollateralScreen"":""42363993400862416"",""addChildCollateralScreen"":""42363993400862416""}","","false","","LLC_BI__Manage_Collateral_Titled","","","Ba202E","fff","custom/custom31","false","a0sWD00000XnsduYAB","false","","","","a0sWD00000XnseGYAR","2025-06-10","Titled","","","","a1xHu000004bonQIAQ","true","Motor Vehicle",""
"a1lWE000002pnYzYAI","005al00000RVcKvAAL","false","Real Estate-1-4 Family","2026-08-11T16:28:40.000Z","005al00000RVvFOAA1","2026-08-14T09:32:29.000Z","005al00000RVvFOAA1","2026-08-14T09:32:29.000Z","","","","80.0","false","","","{""prodPkgEditScreen"":""723454364762362365"",""ownershipAssignmentFieldSetName"":""LLC_BI__Bulk_Ownership_Assignment"",""editCollateralScreen"":""42363993400862416"",""copyCollateralScreen"":""42363993400862416"",""collateralScreenName"":""Collateral Creation Screen"",""collateralCopyFieldSetName"":""LLC_BI__Collateral_Creation_Screen_Configuration"",""collateralCloneFieldSetName"":""LLC_BI__Collateral_Creation_Screen_Configuration"",""addCollateralScreen"":""42363993400862416"",""addChildCollateralScreen"":""42363993400862416""}","","false","","","","","670B7B","fff","custom/custom24","false","a0sWD00000XnsduYAB","false","","","","a0sWD00000Xnse0YAB","2025-06-10","Real Estate","","","","a1xHu000004bonRIAQ","true","1-4 Family",""
"a1lWE000002pnZ0YAI","005al00000RVcKvAAL","false","Titled-Pleasure Boat","2026-08-11T16:28:40.000Z","005al00000RVvFOAA1","2026-08-14T09:32:29.000Z","005al00000RVvFOAA1","2026-08-14T09:32:29.000Z","","","","80.0","false","","","{""prodPkgEditScreen"":""723454364762362365"",""ownershipAssignmentFieldSetName"":""LLC_BI__Bulk_Ownership_Assignment"",""editCollateralScreen"":""42363993400862416"",""copyCollateralScreen"":""42363993400862416"",""collateralScreenName"":""Collateral Creation Screen"",""collateralCopyFieldSetName"":""LLC_BI__Collateral_Creation_Screen_Configuration"",""collateralCloneFieldSetName"":""LLC_BI__Collateral_Creation_Screen_Configuration"",""addCollateralScreen"":""42363993400862416"",""addChildCollateralScreen"":""42363993400862416""}","","false","","LLC_BI__Manage_Collateral_Titled","","","Ba202E","fff","custom/custom31","false","a0sWD00000XnsduYAB","false","","","","a0sWD00000Xnse2YAB","2025-06-10","Titled","","","","a1xHu000004bonSIAQ","true","Pleasure Boat",""
"a1lWE000002pnZ1YAI","005al00000RVcKvAAL","false","Titled-Ship","2026-08-11T16:28:40.000Z","005al00000RVvFOAA1","2026-08-14T09:32:29.000Z","005al00000RVvFOAA1","2026-08-14T09:32:29.000Z","","","","80.0","false","","","{""prodPkgEditScreen"":""723454364762362365"",""ownershipAssignmentFieldSetName"":""LLC_BI__Bulk_Ownership_Assignment"",""editCollateralScreen"":""42363993400862416"",""copyCollateralScreen"":""42363993400862416"",""collateralScreenName"":""Collateral Creation Screen"",""collateralCopyFieldSetName"":""LLC_BI__Collateral_Creation_Screen_Configuration"",""collateralCloneFieldSetName"":""LLC_BI__Collateral_Creation_Screen_Configuration"",""addCollateralScreen"":""42363993400862416"",""addChildCollateralScreen"":""42363993400862416""}","","false","","LLC_BI__Manage_Collateral_Titled","","","Ba202E","fff","custom/custom31","false","a0sWD00000XnsduYAB","false","","","","a0sWD00000Xnse4YAB","2025-06-10","Titled","","","","a1xHu000004bonTIAQ","true","Ship",""
"a1lWE000002pnZ2YAI","005al00000RVcKvAAL","false","Titled-Aircraft","2026-08-11T16:28:40.000Z","005al00000RVvFOAA1","2026-08-14T09:32:29.000Z","005al00000RVvFOAA1","2026-08-14T09:32:29.000Z","","","","80.0","false","","","{""prodPkgEditScreen"":""723454364762362365"",""ownershipAssignmentFieldSetName"":""LLC_BI__Bulk_Ownership_Assignment"",""editCollateralScreen"":""42363993400862416"",""copyCollateralScreen"":""42363993400862416"",""collateralScreenName"":""Collateral Creation Screen"",""collateralCopyFieldSetName"":""LLC_BI__Collateral_Creation_Screen_Configuration"",""collateralCloneFieldSetName"":""LLC_BI__Collateral_Creation_Screen_Configuration"",""addCollateralScreen"":""42363993400862416"",""addChildCollateralScreen"":""42363993400862416""}","","false","","LLC_BI__Manage_Collateral_Titled","","","Ba202E","fff","custom/custom31","false","a0sWD00000XnsduYAB","false","","","","a0sWD00000Xnse8YAB","2025-06-10","Titled","","","","a1xHu000004bonUIAQ","true","Aircraft",""
"a1lWE000002pnZ3YAI","005al00000RVcKvAAL","false","Titled-Trailer","2026-08-11T16:28:40.000Z","005al00000RVvFOAA1","2026-08-14T09:32:29.000Z","005al00000RVvFOAA1","2026-08-14T09:32:29.000Z","","","","80.0","false","","","{""prodPkgEditScreen"":""723454364762362365"",""ownershipAssignmentFieldSetName"":""LLC_BI__Bulk_Ownership_Assignment"",""editCollateralScreen"":""42363993400862416"",""copyCollateralScreen"":""42363993400862416"",""collateralScreenName"":""Collateral Creation Screen"",""collateralCopyFieldSetName"":""LLC_BI__Collateral_Creation_Screen_Configuration"",""collateralCloneFieldSetName"":""LLC_BI__Collateral_Creation_Screen_Configuration"",""addCollateralScreen"":""42363993400862416"",""addChildCollateralScreen"":""42363993400862416""}","","false","","LLC_BI__Manage_Collateral_Titled","","","Ba202E","fff","custom/custom31","false","a0sWD00000XnsduYAB","false","","","","a0sWD00000XnsdxYAB","2025-06-10","Titled","","","","a1xHu000004bonVIAQ","true","Trailer",""
"a1lWE000002pnZ4YAI","005al00000RVcKvAAL","false","Titled-Other Titled","2026-08-11T16:28:40.000Z","005al00000RVvFOAA1","2026-08-14T09:32:29.000Z","005al00000RVvFOAA1","2026-08-14T09:32:29.000Z","","","","80.0","false","","","{""prodPkgEditScreen"":""723454364762362365"",""ownershipAssignmentFieldSetName"":""LLC_BI__Bulk_Ownership_Assignment"",""editCollateralScreen"":""42363993400862416"",""copyCollateralScreen"":""42363993400862416"",""collateralScreenName"":""Collateral Creation Screen"",""collateralCopyFieldSetName"":""LLC_BI__Collateral_Creation_Screen_Configuration"",""collateralCloneFieldSetName"":""LLC_BI__Collateral_Creation_Screen_Configuration"",""addCollateralScreen"":""42363993400862416"",""addChildCollateralScreen"":""42363993400862416""}","","false","","LLC_BI__Manage_Collateral_Titled","","","Ba202E","fff","custom/custom31","false","a0sWD00000XnsduYAB","false","","","","a0sWD00000XnseAYAR","2025-06-10","Titled","","","","a1xHu000004bonWIAQ","true","Other Titled",""
"a1lWE000002pnZ5YAI","005al00000RVcKvAAL","false","Possessory-Savings/CDs","2026-08-11T16:28:40.000Z","005al00000RVvFOAA1","2026-08-14T09:32:29.000Z","005al00000RVvFOAA1","2026-08-14T09:32:29.000Z","","","","80.0","false","","","{""prodPkgEditScreen"":""723454364762362365"",""ownershipAssignmentFieldSetName"":""LLC_BI__Bulk_Ownership_Assignment"",""editCollateralScreen"":""42363993400862416"",""copyCollateralScreen"":""42363993400862416"",""collateralScreenName"":""Collateral Creation Screen"",""collateralCopyFieldSetName"":""LLC_BI__Collateral_Creation_Screen_Configuration"",""collateralCloneFieldSetName"":""LLC_BI__Collateral_Creation_Screen_Configuration"",""addCollateralScreen"":""42363993400862416"",""addChildCollateralScreen"":""42363993400862416""}","","false","","","","","85BE40","fff","custom/custom17","false","a0sWD00000XnsduYAB","false","","","","a0sWD00000XnseDYAR","2025-06-10","Possessory","","","","a1xHu000004bonXIAQ","true","Savings/CDs",""
"a1lWE000002pnZ6YAI","005al00000RVcKvAAL","false","Possessory-Securities","2026-08-11T16:28:40.000Z","005al00000RVvFOAA1","2026-08-14T09:32:29.000Z","005al00000RVvFOAA1","2026-08-14T09:32:29.000Z","","","","80.0","false","","","{""prodPkgEditScreen"":""723454364762362365"",""ownershipAssignmentFieldSetName"":""LLC_BI__Bulk_Ownership_Assignment"",""editCollateralScreen"":""42363993400862416"",""copyCollateralScreen"":""42363993400862416"",""collateralScreenName"":""Collateral Creation Screen"",""collateralCopyFieldSetName"":""LLC_BI__Collateral_Creation_Screen_Configuration"",""collateralCloneFieldSetName"":""LLC_BI__Collateral_Creation_Screen_Configuration"",""addCollateralScreen"":""42363993400862416"",""addChildCollateralScreen"":""42363993400862416""}","","false","","","","","85BE40","fff","custom/custom17","false","a0sWD00000XnsduYAB","false","","","","a0sWD00000Xnse9YAB","2025-06-10","Possessory","","","","a1xHu000004bonYIAQ","true","Securities",""
"a1lWE000002pnZ7YAI","005al00000RVcKvAAL","false","Possessory-Note/Instrument","2026-08-11T16:28:40.000Z","005al00000RVvFOAA1","2026-08-14T09:32:29.000Z","005al00000RVvFOAA1","2026-08-14T09:32:29.000Z","","","","80.0","false","","","{""prodPkgEditScreen"":""723454364762362365"",""ownershipAssignmentFieldSetName"":""LLC_BI__Bulk_Ownership_Assignment"",""editCollateralScreen"":""42363993400862416"",""copyCollateralScreen"":""42363993400862416"",""collateralScreenName"":""Collateral Creation Screen"",""collateralCopyFieldSetName"":""LLC_BI__Collateral_Creation_Screen_Configuration"",""collateralCloneFieldSetName"":""LLC_BI__Collateral_Creation_Screen_Configuration"",""addCollateralScreen"":""42363993400862416"",""addChildCollateralScreen"":""42363993400862416""}","","false","","","","","85BE40","fff","custom/custom17","false","a0sWD00000XnsduYAB","false","","","","a0sWD00000XnsdzYAB","2025-06-10","Possessory","","","","a1xHu000004bonZIAQ","true","Note/Instrument",""
"a1lWE000002pnZ8YAI","005al00000RVcKvAAL","false","Possessory-Letter of Credit","2026-08-11T16:28:40.000Z","005al00000RVvFOAA1","2026-08-14T09:32:29.000Z","005al00000RVvFOAA1","2026-08-14T09:32:29.000Z","","","","80.0","false","","","{""prodPkgEditScreen"":""723454364762362365"",""ownershipAssignmentFieldSetName"":""LLC_BI__Bulk_Ownership_Assignment"",""editCollateralScreen"":""42363993400862416"",""copyCollateralScreen"":""42363993400862416"",""collateralScreenName"":""Collateral Creation Screen"",""collateralCopyFieldSetName"":""LLC_BI__Collateral_Creation_Screen_Configuration"",""collateralCloneFieldSetName"":""LLC_BI__Collateral_Creation_Screen_Configuration"",""addCollateralScreen"":""42363993400862416"",""addChildCollateralScreen"":""42363993400862416""}","","false","","","","","85BE40","fff","custom/custom17","false","a0sWD00000XnsduYAB","false","","","","a0sWD00000XnseFYAR","2025-06-10","Possessory","","","","a1xHu000004bonaIAA","true","Letter of Credit",""
"a1lWE000002pnZ9YAI","005al00000RVcKvAAL","false","Possessory-Receipts/Bills","2026-08-11T16:28:40.000Z","005al00000RVvFOAA1","2026-08-14T09:32:29.000Z","005al00000RVvFOAA1","2026-08-14T09:32:29.000Z","","","","80.0","false","","","{""prodPkgEditScreen"":""723454364762362365"",""ownershipAssignmentFieldSetName"":""LLC_BI__Bulk_Ownership_Assignment"",""editCollateralScreen"":""42363993400862416"",""copyCollateralScreen"":""42363993400862416"",""collateralScreenName"":""Collateral Creation Screen"",""collateralCopyFieldSetName"":""LLC_BI__Collateral_Creation_Screen_Configuration"",""collateralCloneFieldSetName"":""LLC_BI__Collateral_Creation_Screen_Configuration"",""addCollateralScreen"":""42363993400862416"",""addChildCollateralScreen"":""42363993400862416""}","","false","","","","","85BE40","fff","custom/custom17","false","a0sWD00000XnsduYAB","false","","","","a0sWD00000XnseCYAR","2025-06-10","Possessory","","","","a1xHu000004bonbIAA","true","Receipts/Bills",""
"a1lWE000002pnZAYAY","005al00000RVcKvAAL","false","Possessory-Other Possessory","2026-08-11T16:28:40.000Z","005al00000RVvFOAA1","2026-08-14T09:32:29.000Z","005al00000RVvFOAA1","2026-08-14T09:32:29.000Z","","","","80.0","false","","","{""prodPkgEditScreen"":""723454364762362365"",""ownershipAssignmentFieldSetName"":""LLC_BI__Bulk_Ownership_Assignment"",""editCollateralScreen"":""42363993400862416"",""copyCollateralScreen"":""42363993400862416"",""collateralScreenName"":""Collateral Creation Screen"",""collateralCopyFieldSetName"":""LLC_BI__Collateral_Creation_Screen_Configuration"",""collateralCloneFieldSetName"":""LLC_BI__Collateral_Creation_Screen_Configuration"",""addCollateralScreen"":""42363993400862416"",""addChildCollateralScreen"":""42363993400862416""}","","false","","","","","85BE40","fff","custom/custom17","false","a0sWD00000XnsduYAB","false","","","","a0sWD00000XnseCYAR","2025-06-10","Possessory","","","","a1xHu000004boncIAA","true","Other Possessory",""
"a1lWE000002pnZBYAY","005al00000RVcKvAAL","false","Possessory-Life Insurance","2026-08-11T16:28:40.000Z","005al00000RVvFOAA1","2026-08-14T09:32:29.000Z","005al00000RVvFOAA1","2026-08-14T09:32:29.000Z","","","","80.0","false","","","{""prodPkgEditScreen"":""723454364762362365"",""ownershipAssignmentFieldSetName"":""LLC_BI__Bulk_Ownership_Assignment"",""editCollateralScreen"":""42363993400862416"",""copyCollateralScreen"":""42363993400862416"",""collateralScreenName"":""Collateral Creation Screen"",""collateralCopyFieldSetName"":""LLC_BI__Collateral_Creation_Screen_Configuration"",""collateralCloneFieldSetName"":""LLC_BI__Collateral_Creation_Screen_Configuration"",""addCollateralScreen"":""42363993400862416"",""addChildCollateralScreen"":""42363993400862416""}","","false","","","","","85BE40","fff","custom/custom17","false","a0sWD00000XnsduYAB","false","","","","a0sWD00000XnseEYAR","2025-06-10","Possessory","","","","a1xHu000004bondIAA","true","Life Insurance",""
"a1lWE000002pnZCYAY","005al00000RVcKvAAL","false","UCC-Inventory","2026-08-11T16:28:40.000Z","005al00000RVvFOAA1","2026-08-14T09:32:29.000Z","005al00000RVvFOAA1","2026-08-14T09:32:29.000Z","","","","80.0","false","","","{""prodPkgEditScreen"":""723454364762362365"",""ownershipAssignmentFieldSetName"":""LLC_BI__Bulk_Ownership_Assignment"",""editCollateralScreen"":""42363993400862416"",""copyCollateralScreen"":""42363993400862416"",""collateralScreenName"":""Collateral Creation Screen"",""collateralCopyFieldSetName"":""LLC_BI__Collateral_Creation_Screen_Configuration"",""collateralCloneFieldSetName"":""LLC_BI__Collateral_Creation_Screen_Configuration"",""addCollateralScreen"":""42363993400862416"",""addChildCollateralScreen"":""42363993400862416""}","","false","","","","","F1B643","fff","custom/custom18","false","a0sWD00000XnsduYAB","false","","","","a0sWD00000Xnse6YAB","2025-06-10","UCC","","","","a1xHu000004boneIAA","true","Inventory",""
"a1lWE000002pnZDYAY","005al00000RVcKvAAL","false","UCC-Chattel Paper","2026-08-11T16:28:40.000Z","005al00000RVvFOAA1","2026-08-14T09:32:29.000Z","005al00000RVvFOAA1","2026-08-14T09:32:29.000Z","","","","80.0","false","","","{""prodPkgEditScreen"":""723454364762362365"",""ownershipAssignmentFieldSetName"":""LLC_BI__Bulk_Ownership_Assignment"",""editCollateralScreen"":""42363993400862416"",""copyCollateralScreen"":""42363993400862416"",""collateralScreenName"":""Collateral Creation Screen"",""collateralCopyFieldSetName"":""LLC_BI__Collateral_Creation_Screen_Configuration"",""collateralCloneFieldSetName"":""LLC_BI__Collateral_Creation_Screen_Configuration"",""addCollateralScreen"":""42363993400862416"",""addChildCollateralScreen"":""42363993400862416""}","","false","","","","","F1B643","fff","custom/custom18","false","a0sWD00000XnsduYAB","false","","","","a0sWD00000Xnse6YAB","2025-06-10","UCC","","","","a1xHu000004bonfIAA","true","Chattel Paper",""
"a1lWE000002pnZEYAY","005al00000RVcKvAAL","false","UCC-Accounts","2026-08-11T16:28:40.000Z","005al00000RVvFOAA1","2026-08-14T09:32:29.000Z","005al00000RVvFOAA1","2026-08-14T09:32:29.000Z","","","","80.0","false","","","{""prodPkgEditScreen"":""723454364762362365"",""ownershipAssignmentFieldSetName"":""LLC_BI__Bulk_Ownership_Assignment"",""editCollateralScreen"":""42363993400862416"",""copyCollateralScreen"":""42363993400862416"",""collateralScreenName"":""Collateral Creation Screen"",""collateralCopyFieldSetName"":""LLC_BI__Collateral_Creation_Screen_Configuration"",""collateralCloneFieldSetName"":""LLC_BI__Collateral_Creation_Screen_Configuration"",""addCollateralScreen"":""42363993400862416"",""addChildCollateralScreen"":""42363993400862416""}","","false","","","","","F1B643","fff","custom/custom18","false","a0sWD00000XnsduYAB","false","","","","a0sWD00000Xnse6YAB","2025-06-10","UCC","","","","a1xHu000004bongIAA","true","Accounts",""
"a1lWE000002pnZFYAY","005al00000RVcKvAAL","false","UCC-Equipment","2026-08-11T16:28:40.000Z","005al00000RVvFOAA1","2026-08-14T09:32:29.000Z","005al00000RVvFOAA1","2026-08-14T09:32:29.000Z","","","","80.0","false","","","{""prodPkgEditScreen"":""723454364762362365"",""ownershipAssignmentFieldSetName"":""LLC_BI__Bulk_Ownership_Assignment"",""editCollateralScreen"":""42363993400862416"",""copyCollateralScreen"":""42363993400862416"",""collateralScreenName"":""Collateral Creation Screen"",""collateralCopyFieldSetName"":""LLC_BI__Collateral_Creation_Screen_Configuration"",""collateralCloneFieldSetName"":""LLC_BI__Collateral_Creation_Screen_Configuration"",""addCollateralScreen"":""42363993400862416"",""addChildCollateralScreen"":""42363993400862416""}","","false","","","","","F1B643","fff","custom/custom18","false","a0sWD00000XnsduYAB","false","","","","a0sWD00000Xnse6YAB","2025-06-10","UCC","","","","a1xHu000004bonhIAA","true","Equipment",""
"a1lWE000002pnZGYAY","005al00000RVcKvAAL","false","UCC-General Intangibles","2026-08-11T16:28:40.000Z","005al00000RVvFOAA1","2026-08-14T09:32:29.000Z","005al00000RVvFOAA1","2026-08-14T09:32:29.000Z","","","","80.0","false","","","{""prodPkgEditScreen"":""723454364762362365"",""ownershipAssignmentFieldSetName"":""LLC_BI__Bulk_Ownership_Assignment"",""editCollateralScreen"":""42363993400862416"",""copyCollateralScreen"":""42363993400862416"",""collateralScreenName"":""Collateral Creation Screen"",""collateralCopyFieldSetName"":""LLC_BI__Collateral_Creation_Screen_Configuration"",""collateralCloneFieldSetName"":""LLC_BI__Collateral_Creation_Screen_Configuration"",""addCollateralScreen"":""42363993400862416"",""addChildCollateralScreen"":""42363993400862416""}","","false","","","","","F1B643","fff","custom/custom18","false","a0sWD00000XnsduYAB","false","","","","a0sWD00000Xnse6YAB","2025-06-10","UCC","","","","a1xHu000004boniIAA","true","General Intangibles",""
"a1lWE000002pnZHYAY","005al00000RVcKvAAL","false","UCC-Farm Products","2026-08-11T16:28:40.000Z","005al00000RVvFOAA1","2026-08-14T09:32:29.000Z","005al00000RVvFOAA1","2026-08-14T09:32:29.000Z","","","","80.0","false","","","{""prodPkgEditScreen"":""723454364762362365"",""ownershipAssignmentFieldSetName"":""LLC_BI__Bulk_Ownership_Assignment"",""editCollateralScreen"":""42363993400862416"",""copyCollateralScreen"":""42363993400862416"",""collateralScreenName"":""Collateral Creation Screen"",""collateralCopyFieldSetName"":""LLC_BI__Collateral_Creation_Screen_Configuration"",""collateralCloneFieldSetName"":""LLC_BI__Collateral_Creation_Screen_Configuration"",""addCollateralScreen"":""42363993400862416"",""addChildCollateralScreen"":""42363993400862416""}","","false","","","","","F1B643","fff","custom/custom18","false","a0sWD00000XnsduYAB","false","","","","a0sWD00000Xnse6YAB","2025-06-10","UCC","","","","a1xHu000004bonjIAA","true","Farm Products",""
"a1lWE000002pnZIYAY","005al00000RVcKvAAL","false","UCC-Livestock","2026-08-11T16:28:40.000Z","005al00000RVvFOAA1","2026-08-14T09:32:29.000Z","005al00000RVvFOAA1","2026-08-14T09:32:29.000Z","","","","80.0","false","","","{""prodPkgEditScreen"":""723454364762362365"",""ownershipAssignmentFieldSetName"":""LLC_BI__Bulk_Ownership_Assignment"",""editCollateralScreen"":""42363993400862416"",""copyCollateralScreen"":""42363993400862416"",""collateralScreenName"":""Collateral Creation Screen"",""collateralCopyFieldSetName"":""LLC_BI__Collateral_Creation_Screen_Configuration"",""collateralCloneFieldSetName"":""LLC_BI__Collateral_Creation_Screen_Configuration"",""addCollateralScreen"":""42363993400862416"",""addChildCollateralScreen"":""42363993400862416""}","","false","","","","","F1B643","fff","custom/custom18","false","a0sWD00000XnsduYAB","false","","","","a0sWD00000Xnse6YAB","2025-06-10","UCC","","","","a1xHu000004bonkIAA","true","Livestock",""
"a1lWE000002pnZJYAY","005al00000RVcKvAAL","false","UCC-Farm Equipment","2026-08-11T16:28:40.000Z","005al00000RVvFOAA1","2026-08-14T09:32:29.000Z","005al00000RVvFOAA1","2026-08-14T09:32:29.000Z","","","","80.0","false","","","{""prodPkgEditScreen"":""723454364762362365"",""ownershipAssignmentFieldSetName"":""LLC_BI__Bulk_Ownership_Assignment"",""editCollateralScreen"":""42363993400862416"",""copyCollateralScreen"":""42363993400862416"",""collateralScreenName"":""Collateral Creation Screen"",""collateralCopyFieldSetName"":""LLC_BI__Collateral_Creation_Screen_Configuration"",""collateralCloneFieldSetName"":""LLC_BI__Collateral_Creation_Screen_Configuration"",""addCollateralScreen"":""42363993400862416"",""addChildCollateralScreen"":""42363993400862416""}","","false","","","","","F1B643","fff","custom/custom18","false","a0sWD00000XnsduYAB","false","","","","a0sWD00000Xnse6YAB","2025-06-10","UCC","","","","a1xHu000004bonlIAA","true","Farm Equipment",""
"a1lWE000002pnZKYAY","005al00000RVcKvAAL","false","UCC-Fixtures","2026-08-11T16:28:40.000Z","005al00000RVvFOAA1","2026-08-14T09:32:29.000Z","005al00000RVvFOAA1","2026-08-14T09:32:29.000Z","","","","80.0","false","","","{""prodPkgEditScreen"":""723454364762362365"",""ownershipAssignmentFieldSetName"":""LLC_BI__Bulk_Ownership_Assignment"",""editCollateralScreen"":""42363993400862416"",""copyCollateralScreen"":""42363993400862416"",""collateralScreenName"":""Collateral Creation Screen"",""collateralCopyFieldSetName"":""LLC_BI__Collateral_Creation_Screen_Configuration"",""collateralCloneFieldSetName"":""LLC_BI__Collateral_Creation_Screen_Configuration"",""addCollateralScreen"":""42363993400862416"",""addChildCollateralScreen"":""42363993400862416""}","","false","","","","","F1B643","fff","custom/custom18","false","a0sWD00000XnsduYAB","false","","","","a0sWD00000Xnse6YAB","2025-06-10","UCC","","","","a1xHu000004bonmIAA","true","Fixtures",""
"a1lWE000002pnZLYAY","005al00000RVcKvAAL","false","UCC-Consumer Goods","2026-08-11T16:28:40.000Z","005al00000RVvFOAA1","2026-08-14T09:32:29.000Z","005al00000RVvFOAA1","2026-08-14T09:32:29.000Z","","","","80.0","false","","","{""prodPkgEditScreen"":""723454364762362365"",""ownershipAssignmentFieldSetName"":""LLC_BI__Bulk_Ownership_Assignment"",""editCollateralScreen"":""42363993400862416"",""copyCollateralScreen"":""42363993400862416"",""collateralScreenName"":""Collateral Creation Screen"",""collateralCopyFieldSetName"":""LLC_BI__Collateral_Creation_Screen_Configuration"",""collateralCloneFieldSetName"":""LLC_BI__Collateral_Creation_Screen_Configuration"",""addCollateralScreen"":""42363993400862416"",""addChildCollateralScreen"":""42363993400862416""}","","false","","","","","F1B643","fff","custom/custom18","false","a0sWD00000XnsduYAB","false","","","","a0sWD00000Xnse6YAB","2025-06-10","UCC","","","","a1xHu000004bonnIAA","true","Consumer Goods",""
"a1lWE000002pnZMYAY","005al00000RVcKvAAL","false","UCC-Tort Claim","2026-08-11T16:28:40.000Z","005al00000RVvFOAA1","2026-08-14T09:32:29.000Z","005al00000RVvFOAA1","2026-08-14T09:32:29.000Z","","","","80.0","false","","","{""prodPkgEditScreen"":""723454364762362365"",""ownershipAssignmentFieldSetName"":""LLC_BI__Bulk_Ownership_Assignment"",""editCollateralScreen"":""42363993400862416"",""copyCollateralScreen"":""42363993400862416"",""collateralScreenName"":""Collateral Creation Screen"",""collateralCopyFieldSetName"":""LLC_BI__Collateral_Creation_Screen_Configuration"",""collateralCloneFieldSetName"":""LLC_BI__Collateral_Creation_Screen_Configuration"",""addCollateralScreen"":""42363993400862416"",""addChildCollateralScreen"":""42363993400862416""}","","false","","","","","F1B643","fff","custom/custom18","false","a0sWD00000XnsduYAB","false","","","","a0sWD00000Xnse6YAB","2025-06-10","UCC","","","","a1xHu000004bonoIAA","true","Tort Claim",""
"a1lWE000002pnZNYAY","005al00000RVcKvAAL","false","UCC-Crops","2026-08-11T16:28:41.000Z","005al00000RVvFOAA1","2026-08-14T09:32:29.000Z","005al00000RVvFOAA1","2026-08-14T09:32:29.000Z","","","","80.0","false","","","{""prodPkgEditScreen"":""723454364762362365"",""ownershipAssignmentFieldSetName"":""LLC_BI__Bulk_Ownership_Assignment"",""editCollateralScreen"":""42363993400862416"",""copyCollateralScreen"":""42363993400862416"",""collateralScreenName"":""Collateral Creation Screen"",""collateralCopyFieldSetName"":""LLC_BI__Collateral_Creation_Screen_Configuration"",""collateralCloneFieldSetName"":""LLC_BI__Collateral_Creation_Screen_Configuration"",""addCollateralScreen"":""42363993400862416"",""addChildCollateralScreen"":""42363993400862416""}","","false","","","","","F1B643","fff","custom/custom18","false","a0sWD00000XnsduYAB","false","","","","a0sWD00000Xnse6YAB","2025-06-10","UCC","","","","a1xHu000004bonpIAA","true","Crops",""
"a1lWE000002pnZOYAY","005al00000RVcKvAAL","false","UCC-Standing Timber","2026-08-11T16:28:41.000Z","005al00000RVvFOAA1","2026-08-14T09:32:29.000Z","005al00000RVvFOAA1","2026-08-14T09:32:29.000Z","","","","80.0","false","","","{""prodPkgEditScreen"":""723454364762362365"",""ownershipAssignmentFieldSetName"":""LLC_BI__Bulk_Ownership_Assignment"",""editCollateralScreen"":""42363993400862416"",""copyCollateralScreen"":""42363993400862416"",""collateralScreenName"":""Collateral Creation Screen"",""collateralCopyFieldSetName"":""LLC_BI__Collateral_Creation_Screen_Configuration"",""collateralCloneFieldSetName"":""LLC_BI__Collateral_Creation_Screen_Configuration"",""addCollateralScreen"":""42363993400862416"",""addChildCollateralScreen"":""42363993400862416""}","","false","","","","","F1B643","fff","custom/custom18","false","a0sWD00000XnsduYAB","false","","","","a0sWD00000Xnse6YAB","2025-06-10","UCC","","","","a1xHu000004bonqIAA","true","Standing Timber",""
"a1lWE000002pnZPYAY","005al00000RVcKvAAL","false","UCC-Minerals, Oil and Gas","2026-08-11T16:28:41.000Z","005al00000RVvFOAA1","2026-08-14T09:32:29.000Z","005al00000RVvFOAA1","2026-08-14T09:32:29.000Z","","","","80.0","false","","","{""prodPkgEditScreen"":""723454364762362365"",""ownershipAssignmentFieldSetName"":""LLC_BI__Bulk_Ownership_Assignment"",""editCollateralScreen"":""42363993400862416"",""copyCollateralScreen"":""42363993400862416"",""collateralScreenName"":""Collateral Creation Screen"",""collateralCopyFieldSetName"":""LLC_BI__Collateral_Creation_Screen_Configuration"",""collateralCloneFieldSetName"":""LLC_BI__Collateral_Creation_Screen_Configuration"",""addCollateralScreen"":""42363993400862416"",""addChildCollateralScreen"":""42363993400862416""}","","false","","","","","F1B643","fff","custom/custom18","false","a0sWD00000XnsduYAB","false","","","","a0sWD00000Xnse6YAB","2025-06-10","UCC","","","","a1xHu000004bonrIAA","true","Minerals, Oil and Gas",""
"a1lWE000002pnZQYAY","005al00000RVcKvAAL","false","Real Estate-Multi-Family","2026-08-11T16:28:41.000Z","005al00000RVvFOAA1","2026-08-14T09:32:29.000Z","005al00000RVvFOAA1","2026-08-14T09:32:29.000Z","","","","80.0","false","","","{""prodPkgEditScreen"":""723454364762362365"",""ownershipAssignmentFieldSetName"":""LLC_BI__Bulk_Ownership_Assignment"",""editCollateralScreen"":""42363993400862416"",""copyCollateralScreen"":""42363993400862416"",""collateralScreenName"":""Collateral Creation Screen"",""collateralCopyFieldSetName"":""LLC_BI__Collateral_Creation_Screen_Configuration"",""collateralCloneFieldSetName"":""LLC_BI__Collateral_Creation_Screen_Configuration"",""addCollateralScreen"":""42363993400862416"",""addChildCollateralScreen"":""42363993400862416""}","","false","","","","","670B7B","fff","custom/custom24","false","a0sWD00000XnsduYAB","false","","","","a0sWD00000Xnse0YAB","2025-06-10","Real Estate","","","","a1xHu000004bonsIAA","true","Multi-Family",""
"a1lWE000002pnZRYAY","005al00000RVcKvAAL","false","Real Estate-Lot","2026-08-11T16:28:41.000Z","005al00000RVvFOAA1","2026-08-14T09:32:29.000Z","005al00000RVvFOAA1","2026-08-14T09:32:29.000Z","","","","80.0","false","","","{""prodPkgEditScreen"":""723454364762362365"",""ownershipAssignmentFieldSetName"":""LLC_BI__Bulk_Ownership_Assignment"",""editCollateralScreen"":""42363993400862416"",""copyCollateralScreen"":""42363993400862416"",""collateralScreenName"":""Collateral Creation Screen"",""collateralCopyFieldSetName"":""LLC_BI__Collateral_Creation_Screen_Configuration"",""collateralCloneFieldSetName"":""LLC_BI__Collateral_Creation_Screen_Configuration"",""addCollateralScreen"":""42363993400862416"",""addChildCollateralScreen"":""42363993400862416""}","","false","","","","","670B7B","fff","custom/custom24","false","a0sWD00000XnsduYAB","false","","","","a0sWD00000Xnse0YAB","2025-06-10","Real Estate","","","","a1xHu000004bontIAA","true","Lot",""
"a1lWE000002pnZSYAY","005al00000RVcKvAAL","false","Real Estate-Mobile Home","2026-08-11T16:28:41.000Z","005al00000RVvFOAA1","2026-08-14T09:32:29.000Z","005al00000RVvFOAA1","2026-08-14T09:32:29.000Z","","","","80.0","false","","","{""prodPkgEditScreen"":""723454364762362365"",""ownershipAssignmentFieldSetName"":""LLC_BI__Bulk_Ownership_Assignment"",""editCollateralScreen"":""42363993400862416"",""copyCollateralScreen"":""42363993400862416"",""collateralScreenName"":""Collateral Creation Screen"",""collateralCopyFieldSetName"":""LLC_BI__Collateral_Creation_Screen_Configuration"",""collateralCloneFieldSetName"":""LLC_BI__Collateral_Creation_Screen_Configuration"",""addCollateralScreen"":""42363993400862416"",""addChildCollateralScreen"":""42363993400862416""}","","false","","","","","670B7B","fff","custom/custom24","false","a0sWD00000XnsduYAB","false","","","","a0sWD00000Xnse0YAB","2025-06-10","Real Estate","","","","a1xHu000004bonuIAA","true","Mobile Home",""
"a1lWE000002pnZTYAY","005al00000RVcKvAAL","false","Real Estate-Land","2026-08-11T16:28:41.000Z","005al00000RVvFOAA1","2026-08-14T09:32:29.000Z","005al00000RVvFOAA1","2026-08-14T09:32:29.000Z","","","","80.0","false","","","{""prodPkgEditScreen"":""723454364762362365"",""ownershipAssignmentFieldSetName"":""LLC_BI__Bulk_Ownership_Assignment"",""editCollateralScreen"":""42363993400862416"",""copyCollateralScreen"":""42363993400862416"",""collateralScreenName"":""Collateral Creation Screen"",""collateralCopyFieldSetName"":""LLC_BI__Collateral_Creation_Screen_Configuration"",""collateralCloneFieldSetName"":""LLC_BI__Collateral_Creation_Screen_Configuration"",""addCollateralScreen"":""42363993400862416"",""addChildCollateralScreen"":""42363993400862416""}","","false","","","","","670B7B","fff","custom/custom24","false","a0sWD00000XnsduYAB","false","","","","a0sWD00000Xnse0YAB","2025-06-10","Real Estate","","","","a1xHu000004bonvIAA","true","Land",""
"a1lWE000002pnZUYAY","005al00000RVcKvAAL","false","Real Estate-Farm Land","2026-08-11T16:28:41.000Z","005al00000RVvFOAA1","2026-08-14T09:32:29.000Z","005al00000RVvFOAA1","2026-08-14T09:32:29.000Z","","","","80.0","false","","","{""prodPkgEditScreen"":""723454364762362365"",""ownershipAssignmentFieldSetName"":""LLC_BI__Bulk_Ownership_Assignment"",""editCollateralScreen"":""42363993400862416"",""copyCollateralScreen"":""42363993400862416"",""collateralScreenName"":""Collateral Creation Screen"",""collateralCopyFieldSetName"":""LLC_BI__Collateral_Creation_Screen_Configuration"",""collateralCloneFieldSetName"":""LLC_BI__Collateral_Creation_Screen_Configuration"",""addCollateralScreen"":""42363993400862416"",""addChildCollateralScreen"":""42363993400862416""}","","false","","","","","670B7B","fff","custom/custom24","false","a0sWD00000XnsduYAB","false","","","","a0sWD00000Xnse0YAB","2025-06-10","Real Estate","","","","a1xHu000004bonwIAA","true","Farm Land",""
"a1lWE000002pnZVYAY","005al00000RVcKvAAL","false","Real Estate-Office","2026-08-11T16:28:41.000Z","005al00000RVvFOAA1","2026-08-14T09:32:29.000Z","005al00000RVvFOAA1","2026-08-14T09:32:29.000Z","","","","80.0","false","","","{""prodPkgEditScreen"":""723454364762362365"",""ownershipAssignmentFieldSetName"":""LLC_BI__Bulk_Ownership_Assignment"",""editCollateralScreen"":""42363993400862416"",""copyCollateralScreen"":""42363993400862416"",""collateralScreenName"":""Collateral Creation Screen"",""collateralCopyFieldSetName"":""LLC_BI__Collateral_Creation_Screen_Configuration"",""collateralCloneFieldSetName"":""LLC_BI__Collateral_Creation_Screen_Configuration"",""addCollateralScreen"":""42363993400862416"",""addChildCollateralScreen"":""42363993400862416""}","","false","","","","","670B7B","fff","custom/custom24","false","a0sWD00000XnsduYAB","false","","","","a0sWD00000Xnse0YAB","2025-06-10","Real Estate","","","","a1xHu000004bonxIAA","true","Office",""
"a1lWE000002pnZWYAY","005al00000RVcKvAAL","false","Real Estate-Warehouse","2026-08-11T16:28:41.000Z","005al00000RVvFOAA1","2026-08-14T09:32:29.000Z","005al00000RVvFOAA1","2026-08-14T09:32:29.000Z","","","","80.0","false","","","{""prodPkgEditScreen"":""723454364762362365"",""ownershipAssignmentFieldSetName"":""LLC_BI__Bulk_Ownership_Assignment"",""editCollateralScreen"":""42363993400862416"",""copyCollateralScreen"":""42363993400862416"",""collateralScreenName"":""Collateral Creation Screen"",""collateralCopyFieldSetName"":""LLC_BI__Collateral_Creation_Screen_Configuration"",""collateralCloneFieldSetName"":""LLC_BI__Collateral_Creation_Screen_Configuration"",""addCollateralScreen"":""42363993400862416"",""addChildCollateralScreen"":""42363993400862416""}","","false","","","","","670B7B","fff","custom/custom24","false","a0sWD00000XnsduYAB","false","","","","a0sWD00000Xnse0YAB","2025-06-10","Real Estate","","","","a1xHu000004bonyIAA","true","Warehouse",""
"a1lWE000002pnZXYAY","005al00000RVcKvAAL","false","Real Estate-Retail","2026-08-11T16:28:41.000Z","005al00000RVvFOAA1","2026-08-14T09:32:29.000Z","005al00000RVvFOAA1","2026-08-14T09:32:29.000Z","","","","80.0","false","","","{""prodPkgEditScreen"":""723454364762362365"",""ownershipAssignmentFieldSetName"":""LLC_BI__Bulk_Ownership_Assignment"",""editCollateralScreen"":""42363993400862416"",""copyCollateralScreen"":""42363993400862416"",""collateralScreenName"":""Collateral Creation Screen"",""collateralCopyFieldSetName"":""LLC_BI__Collateral_Creation_Screen_Configuration"",""collateralCloneFieldSetName"":""LLC_BI__Collateral_Creation_Screen_Configuration"",""addCollateralScreen"":""42363993400862416"",""addChildCollateralScreen"":""42363993400862416""}","","false","","","","","670B7B","fff","custom/custom24","false","a0sWD00000XnsduYAB","false","","","","a0sWD00000Xnse0YAB","2025-06-10","Real Estate","","","","a1xHu000004bonzIAA","true","Retail",""
"a1lWE000002pnZYYAY","005al00000RVcKvAAL","false","Real Estate-Other RE","2026-08-11T16:28:41.000Z","005al00000RVvFOAA1","2026-08-14T09:32:29.000Z","005al00000RVvFOAA1","2026-08-14T09:32:29.000Z","","","","80.0","false","","","{""prodPkgEditScreen"":""723454364762362365"",""ownershipAssignmentFieldSetName"":""LLC_BI__Bulk_Ownership_Assignment"",""editCollateralScreen"":""42363993400862416"",""copyCollateralScreen"":""42363993400862416"",""collateralScreenName"":""Collateral Creation Screen"",""collateralCopyFieldSetName"":""LLC_BI__Collateral_Creation_Screen_Configuration"",""collateralCloneFieldSetName"":""LLC_BI__Collateral_Creation_Screen_Configuration"",""addCollateralScreen"":""42363993400862416"",""addChildCollateralScreen"":""42363993400862416""}","","false","","","","","670B7B","fff","custom/custom24","false","a0sWD00000XnsduYAB","false","","","","a0sWD00000Xnse0YAB","2025-06-10","Real Estate","","","","a1xHu000004boo0IAA","true","Other RE",""
"a1lWE000002pnZZYAY","005al00000RVcKvAAL","false","Other-Government Contracts","2026-08-11T16:28:41.000Z","005al00000RVvFOAA1","2026-08-14T09:32:29.000Z","005al00000RVvFOAA1","2026-08-14T09:32:29.000Z","","","","80.0","false","","","{""prodPkgEditScreen"":""723454364762362365"",""ownershipAssignmentFieldSetName"":""LLC_BI__Bulk_Ownership_Assignment"",""editCollateralScreen"":""42363993400862416"",""copyCollateralScreen"":""42363993400862416"",""collateralScreenName"":""Collateral Creation Screen"",""collateralCopyFieldSetName"":""LLC_BI__Collateral_Creation_Screen_Configuration"",""collateralCloneFieldSetName"":""LLC_BI__Collateral_Creation_Screen_Configuration"",""addCollateralScreen"":""42363993400862416"",""addChildCollateralScreen"":""42363993400862416""}","","false","","","","","#62b7ed","#ffffff","standard/work_order","false","a0sWD00000XnsduYAB","false","","","","a0sWD00000XnsdrYAB","2025-06-10","Other","","","","a1xHu000004boo1IAA","true","Government Contracts",""
"a1lWD0000019K4QYAU","005al00000RVcKvAAL","false","Titled-Pleasure Boat","2026-04-10T10:03:07.000Z","005al00000RVcKvAAL","2026-08-14T09:32:28.000Z","005al00000RVvFOAA1","2026-08-14T09:32:28.000Z","","","","80.0","false","","","{""prodPkgEditScreen"":""723454364762362365"",""ownershipAssignmentFieldSetName"":""LLC_BI__Bulk_Ownership_Assignment"",""editCollateralScreen"":""42363993400862416"",""copyCollateralScreen"":""42363993400862416"",""collateralScreenName"":""Collateral Creation Screen"",""collateralCopyFieldSetName"":""LLC_BI__Collateral_Creation_Screen_Configuration"",""collateralCloneFieldSetName"":""LLC_BI__Collateral_Creation_Screen_Configuration"",""addCollateralScreen"":""42363993400862416"",""addChildCollateralScreen"":""42363993400862416""}","","false","","LLC_BI__Manage_Collateral_Titled","","","Ba202E","fff","custom/custom31","false","a0sWD00000XnsduYAB","false","","","","a0sWD00000Xnse2YAB","2026-03-30","Titled","","","","a1xbn000001Y6uIAAS","true","Pleasure Boat",""
"a1lWD0000019K4RYAU","005al00000RVcKvAAL","false","Real Estate-Construction","2026-04-10T10:03:07.000Z","005al00000RVcKvAAL","2026-08-14T09:32:28.000Z","005al00000RVvFOAA1","2026-08-14T09:32:28.000Z","","","","80.0","false","","","{""prodPkgEditScreen"":""723454364762362365"",""ownershipAssignmentFieldSetName"":""LLC_BI__Bulk_Ownership_Assignment"",""editCollateralScreen"":""42363993400862416"",""copyCollateralScreen"":""42363993400862416"",""collateralScreenName"":""Collateral Creation Screen"",""collateralCopyFieldSetName"":""LLC_BI__Collateral_Creation_Screen_Configuration"",""collateralCloneFieldSetName"":""LLC_BI__Collateral_Creation_Screen_Configuration"",""addCollateralScreen"":""42363993400862416"",""addChildCollateralScreen"":""42363993400862416""}","","false","","","","","670B7B","fff","custom/custom24","false","a0sWD00000XnsduYAB","false","","","","a0sWD00000Xnse0YAB","2026-03-30","Real Estate","","","","a1xbn000001Y6uJAAS","true","Construction",""
"a1lWD0000019K4SYAU","005al00000RVcKvAAL","false","Titled-Motor Vehicle","2026-04-10T10:03:07.000Z","005al00000RVcKvAAL","2026-08-14T09:32:28.000Z","005al00000RVvFOAA1","2026-08-14T09:32:28.000Z","","","","80.0","false","","","{""prodPkgEditScreen"":""723454364762362365"",""ownershipAssignmentFieldSetName"":""LLC_BI__Bulk_Ownership_Assignment"",""editCollateralScreen"":""42363993400862416"",""copyCollateralScreen"":""42363993400862416"",""collateralScreenName"":""Collateral Creation Screen"",""collateralCopyFieldSetName"":""LLC_BI__Collateral_Creation_Screen_Configuration"",""collateralCloneFieldSetName"":""LLC_BI__Collateral_Creation_Screen_Configuration"",""addCollateralScreen"":""42363993400862416"",""addChildCollateralScreen"":""42363993400862416""}","","false","","LLC_BI__Manage_Collateral_Titled","","","Ba202E","fff","custom/custom31","false","a0sWD00000XnsduYAB","false","","","","a0sWD00000XnseGYAR","2026-03-30","Titled","","","","a1xbn000001Y6uKAAS","true","Motor Vehicle",""
"a1lWD0000019K4TYAU","005al00000RVcKvAAL","false","Real Estate-1-4 Family","2026-04-10T10:03:07.000Z","005al00000RVcKvAAL","2026-08-14T09:32:28.000Z","005al00000RVvFOAA1","2026-08-14T09:32:28.000Z","","","","80.0","false","","","{""prodPkgEditScreen"":""723454364762362365"",""ownershipAssignmentFieldSetName"":""LLC_BI__Bulk_Ownership_Assignment"",""editCollateralScreen"":""42363993400862416"",""copyCollateralScreen"":""42363993400862416"",""collateralScreenName"":""Collateral Creation Screen"",""collateralCopyFieldSetName"":""LLC_BI__Collateral_Creation_Screen_Configuration"",""collateralCloneFieldSetName"":""LLC_BI__Collateral_Creation_Screen_Configuration"",""addCollateralScreen"":""42363993400862416"",""addChildCollateralScreen"":""42363993400862416""}","","false","","","","","670B7B","fff","custom/custom24","false","a0sWD00000XnsduYAB","false","","","","a0sWD00000Xnse0YAB","2026-03-30","Real Estate","","","","a1xbn000001Y6uLAAS","true","1-4 Family",""
"a1lWD0000019K4UYAU","005al00000RVcKvAAL","false","Titled-Mobile Home","2026-04-10T10:03:07.000Z","005al00000RVcKvAAL","2026-08-14T09:32:28.000Z","005al00000RVvFOAA1","2026-08-14T09:32:28.000Z","","","","80.0","false","","","{""prodPkgEditScreen"":""723454364762362365"",""ownershipAssignmentFieldSetName"":""LLC_BI__Bulk_Ownership_Assignment"",""editCollateralScreen"":""42363993400862416"",""copyCollateralScreen"":""42363993400862416"",""collateralScreenName"":""Collateral Creation Screen"",""collateralCopyFieldSetName"":""LLC_BI__Collateral_Creation_Screen_Configuration"",""collateralCloneFieldSetName"":""LLC_BI__Collateral_Creation_Screen_Configuration"",""addCollateralScreen"":""42363993400862416"",""addChildCollateralScreen"":""42363993400862416""}","","false","","LLC_BI__Manage_Collateral_Titled","","","Ba202E","fff","custom/custom31","false","a0sWD00000XnsduYAB","false","","","","a0sWD00000XnsdyYAB","2026-03-30","Titled","","","","a1xbn000001Y6uMAAS","true","Mobile Home",""
"a1lWD0000019K4VYAU","005al00000RVcKvAAL","false","Titled-Ship","2026-04-10T10:03:07.000Z","005al00000RVcKvAAL","2026-08-14T09:32:28.000Z","005al00000RVvFOAA1","2026-08-14T09:32:28.000Z","","","","80.0","false","","","{""prodPkgEditScreen"":""723454364762362365"",""ownershipAssignmentFieldSetName"":""LLC_BI__Bulk_Ownership_Assignment"",""editCollateralScreen"":""42363993400862416"",""copyCollateralScreen"":""42363993400862416"",""collateralScreenName"":""Collateral Creation Screen"",""collateralCopyFieldSetName"":""LLC_BI__Collateral_Creation_Screen_Configuration"",""collateralCloneFieldSetName"":""LLC_BI__Collateral_Creation_Screen_Configuration"",""addCollateralScreen"":""42363993400862416"",""addChildCollateralScreen"":""42363993400862416""}","","false","","LLC_BI__Manage_Collateral_Titled","","","Ba202E","fff","custom/custom31","false","a0sWD00000XnsduYAB","false","","","","a0sWD00000Xnse4YAB","2026-03-30","Titled","","","","a1xbn000001Y6uNAAS","true","Ship",""
"a1lWD0000019K4WYAU","005al00000RVcKvAAL","false","Titled-Aircraft","2026-04-10T10:03:07.000Z","005al00000RVcKvAAL","2026-08-14T09:32:28.000Z","005al00000RVvFOAA1","2026-08-14T09:32:28.000Z","","","","80.0","false","","","{""prodPkgEditScreen"":""723454364762362365"",""ownershipAssignmentFieldSetName"":""LLC_BI__Bulk_Ownership_Assignment"",""editCollateralScreen"":""42363993400862416"",""copyCollateralScreen"":""42363993400862416"",""collateralScreenName"":""Collateral Creation Screen"",""collateralCopyFieldSetName"":""LLC_BI__Collateral_Creation_Screen_Configuration"",""collateralCloneFieldSetName"":""LLC_BI__Collateral_Creation_Screen_Configuration"",""addCollateralScreen"":""42363993400862416"",""addChildCollateralScreen"":""42363993400862416""}","","false","","LLC_BI__Manage_Collateral_Titled","","","Ba202E","fff","custom/custom31","false","a0sWD00000XnsduYAB","false","","","","a0sWD00000Xnse8YAB","2026-03-30","Titled","","","","a1xbn000001Y6uOAAS","true","Aircraft",""
"a1lWD0000019K4XYAU","005al00000RVcKvAAL","false","Titled-Trailer","2026-04-10T10:03:07.000Z","005al00000RVcKvAAL","2026-08-14T09:32:28.000Z","005al00000RVvFOAA1","2026-08-14T09:32:28.000Z","","","","80.0","false","","","{""prodPkgEditScreen"":""723454364762362365"",""ownershipAssignmentFieldSetName"":""LLC_BI__Bulk_Ownership_Assignment"",""editCollateralScreen"":""42363993400862416"",""copyCollateralScreen"":""42363993400862416"",""collateralScreenName"":""Collateral Creation Screen"",""collateralCopyFieldSetName"":""LLC_BI__Collateral_Creation_Screen_Configuration"",""collateralCloneFieldSetName"":""LLC_BI__Collateral_Creation_Screen_Configuration"",""addCollateralScreen"":""42363993400862416"",""addChildCollateralScreen"":""42363993400862416""}","","false","","LLC_BI__Manage_Collateral_Titled","","","Ba202E","fff","custom/custom31","false","a0sWD00000XnsduYAB","false","","","","a0sWD00000XnsdxYAB","2026-03-30","Titled","","","","a1xbn000001Y6uPAAS","true","Trailer",""
"a1lWD0000019K4YYAU","005al00000RVcKvAAL","false","Possessory-Note/Instrument","2026-04-10T10:03:07.000Z","005al00000RVcKvAAL","2026-08-14T09:32:28.000Z","005al00000RVvFOAA1","2026-08-14T09:32:28.000Z","","","","80.0","false","","","{""prodPkgEditScreen"":""723454364762362365"",""ownershipAssignmentFieldSetName"":""LLC_BI__Bulk_Ownership_Assignment"",""editCollateralScreen"":""42363993400862416"",""copyCollateralScreen"":""42363993400862416"",""collateralScreenName"":""Collateral Creation Screen"",""collateralCopyFieldSetName"":""LLC_BI__Collateral_Creation_Screen_Configuration"",""collateralCloneFieldSetName"":""LLC_BI__Collateral_Creation_Screen_Configuration"",""addCollateralScreen"":""42363993400862416"",""addChildCollateralScreen"":""42363993400862416""}","","false","","","","","85BE40","fff","custom/custom17","false","a0sWD00000XnsduYAB","false","","","","a0sWD00000XnsdzYAB","2026-03-30","Possessory","","","","a1xbn000001Y6uQAAS","true","Note/Instrument",""
"a1lWD0000019K4ZYAU","005al00000RVcKvAAL","false","Titled-Other Titled","2026-04-10T10:03:07.000Z","005al00000RVcKvAAL","2026-08-14T09:32:28.000Z","005al00000RVvFOAA1","2026-08-14T09:32:28.000Z","","","","80.0","false","","","{""prodPkgEditScreen"":""723454364762362365"",""ownershipAssignmentFieldSetName"":""LLC_BI__Bulk_Ownership_Assignment"",""editCollateralScreen"":""42363993400862416"",""copyCollateralScreen"":""42363993400862416"",""collateralScreenName"":""Collateral Creation Screen"",""collateralCopyFieldSetName"":""LLC_BI__Collateral_Creation_Screen_Configuration"",""collateralCloneFieldSetName"":""LLC_BI__Collateral_Creation_Screen_Configuration"",""addCollateralScreen"":""42363993400862416"",""addChildCollateralScreen"":""42363993400862416""}","","false","","LLC_BI__Manage_Collateral_Titled","","","Ba202E","fff","custom/custom31","false","a0sWD00000XnsduYAB","false","","","","a0sWD00000XnseAYAR","2026-03-30","Titled","","","","a1xbn000001Y6uRAAS","true","Other Titled",""
"a1lWD0000019K4aYAE","005al00000RVcKvAAL","false","Possessory-Savings/CDs","2026-04-10T10:03:07.000Z","005al00000RVcKvAAL","2026-08-14T09:32:28.000Z","005al00000RVvFOAA1","2026-08-14T09:32:28.000Z","","","","80.0","false","","","{""prodPkgEditScreen"":""723454364762362365"",""ownershipAssignmentFieldSetName"":""LLC_BI__Bulk_Ownership_Assignment"",""editCollateralScreen"":""42363993400862416"",""copyCollateralScreen"":""42363993400862416"",""collateralScreenName"":""Collateral Creation Screen"",""collateralCopyFieldSetName"":""LLC_BI__Collateral_Creation_Screen_Configuration"",""collateralCloneFieldSetName"":""LLC_BI__Collateral_Creation_Screen_Configuration"",""addCollateralScreen"":""42363993400862416"",""addChildCollateralScreen"":""42363993400862416""}","","false","","","","","85BE40","fff","custom/custom17","false","a0sWD00000XnsduYAB","false","","","","a0sWD00000XnseDYAR","2026-03-30","Possessory","","","","a1xbn000001Y6uSAAS","true","Savings/CDs",""
"a1lWD0000019K4bYAE","005al00000RVcKvAAL","false","Possessory-Securities","2026-04-10T10:03:07.000Z","005al00000RVcKvAAL","2026-08-14T09:32:28.000Z","005al00000RVvFOAA1","2026-08-14T09:32:28.000Z","","","","80.0","false","","","{""prodPkgEditScreen"":""723454364762362365"",""ownershipAssignmentFieldSetName"":""LLC_BI__Bulk_Ownership_Assignment"",""editCollateralScreen"":""42363993400862416"",""copyCollateralScreen"":""42363993400862416"",""collateralScreenName"":""Collateral Creation Screen"",""collateralCopyFieldSetName"":""LLC_BI__Collateral_Creation_Screen_Configuration"",""collateralCloneFieldSetName"":""LLC_BI__Collateral_Creation_Screen_Configuration"",""addCollateralScreen"":""42363993400862416"",""addChildCollateralScreen"":""42363993400862416""}","","false","","","","","85BE40","fff","custom/custom17","false","a0sWD00000XnsduYAB","false","","","","a0sWD00000Xnse9YAB","2026-03-30","Possessory","","","","a1xbn000001Y6uTAAS","true","Securities",""
"a1lWD0000019K4cYAE","005al00000RVcKvAAL","false","Possessory-Other Possessory","2026-04-10T10:03:07.000Z","005al00000RVcKvAAL","2026-08-14T09:32:28.000Z","005al00000RVvFOAA1","2026-08-14T09:32:28.000Z","","","","80.0","false","","","{""prodPkgEditScreen"":""723454364762362365"",""ownershipAssignmentFieldSetName"":""LLC_BI__Bulk_Ownership_Assignment"",""editCollateralScreen"":""42363993400862416"",""copyCollateralScreen"":""42363993400862416"",""collateralScreenName"":""Collateral Creation Screen"",""collateralCopyFieldSetName"":""LLC_BI__Collateral_Creation_Screen_Configuration"",""collateralCloneFieldSetName"":""LLC_BI__Collateral_Creation_Screen_Configuration"",""addCollateralScreen"":""42363993400862416"",""addChildCollateralScreen"":""42363993400862416""}","","false","","","","","85BE40","fff","custom/custom17","false","a0sWD00000XnsduYAB","false","","","","a0sWD00000XnseCYAR","2026-03-30","Possessory","","","","a1xbn000001Y6uUAAS","true","Other Possessory",""
"a1lWD0000019K4dYAE","005al00000RVcKvAAL","false","Possessory-Receipts/Bills","2026-04-10T10:03:07.000Z","005al00000RVcKvAAL","2026-08-14T09:32:28.000Z","005al00000RVvFOAA1","2026-08-14T09:32:28.000Z","","","","80.0","false","","","{""prodPkgEditScreen"":""723454364762362365"",""ownershipAssignmentFieldSetName"":""LLC_BI__Bulk_Ownership_Assignment"",""editCollateralScreen"":""42363993400862416"",""copyCollateralScreen"":""42363993400862416"",""collateralScreenName"":""Collateral Creation Screen"",""collateralCopyFieldSetName"":""LLC_BI__Collateral_Creation_Screen_Configuration"",""collateralCloneFieldSetName"":""LLC_BI__Collateral_Creation_Screen_Configuration"",""addCollateralScreen"":""42363993400862416"",""addChildCollateralScreen"":""42363993400862416""}","","false","","","","","85BE40","fff","custom/custom17","false","a0sWD00000XnsduYAB","false","","","","a0sWD00000XnseCYAR","2026-03-30","Possessory","","","","a1xbn000001Y6uVAAS","true","Receipts/Bills",""
"a1lWD0000019K4eYAE","005al00000RVcKvAAL","false","Possessory-Letter of Credit","2026-04-10T10:03:07.000Z","005al00000RVcKvAAL","2026-08-14T09:32:28.000Z","005al00000RVvFOAA1","2026-08-14T09:32:28.000Z","","","","80.0","false","","","{""prodPkgEditScreen"":""723454364762362365"",""ownershipAssignmentFieldSetName"":""LLC_BI__Bulk_Ownership_Assignment"",""editCollateralScreen"":""42363993400862416"",""copyCollateralScreen"":""42363993400862416"",""collateralScreenName"":""Collateral Creation Screen"",""collateralCopyFieldSetName"":""LLC_BI__Collateral_Creation_Screen_Configuration"",""collateralCloneFieldSetName"":""LLC_BI__Collateral_Creation_Screen_Configuration"",""addCollateralScreen"":""42363993400862416"",""addChildCollateralScreen"":""42363993400862416""}","","false","","","","","85BE40","fff","custom/custom17","false","a0sWD00000XnsduYAB","false","","","","a0sWD00000XnseFYAR","2026-03-30","Possessory","","","","a1xbn000001Y6uWAAS","true","Letter of Credit",""
"a1lWD0000019K4fYAE","005al00000RVcKvAAL","false","UCC-Accounts","2026-04-10T10:03:07.000Z","005al00000RVcKvAAL","2026-08-14T09:32:28.000Z","005al00000RVvFOAA1","2026-08-14T09:32:28.000Z","","","","80.0","false","","","{""prodPkgEditScreen"":""723454364762362365"",""ownershipAssignmentFieldSetName"":""LLC_BI__Bulk_Ownership_Assignment"",""editCollateralScreen"":""42363993400862416"",""copyCollateralScreen"":""42363993400862416"",""collateralScreenName"":""Collateral Creation Screen"",""collateralCopyFieldSetName"":""LLC_BI__Collateral_Creation_Screen_Configuration"",""collateralCloneFieldSetName"":""LLC_BI__Collateral_Creation_Screen_Configuration"",""addCollateralScreen"":""42363993400862416"",""addChildCollateralScreen"":""42363993400862416""}","","false","","","","","F1B643","fff","custom/custom18","false","a0sWD00000XnsduYAB","false","","","","a0sWD00000Xnse6YAB","2026-03-30","UCC","","","","a1xbn000001Y6uXAAS","true","Accounts",""
"a1lWD0000019K4gYAE","005al00000RVcKvAAL","false","Possessory-Life Insurance","2026-04-10T10:03:07.000Z","005al00000RVcKvAAL","2026-08-14T09:32:28.000Z","005al00000RVvFOAA1","2026-08-14T09:32:28.000Z","","","","80.0","false","","","{""prodPkgEditScreen"":""723454364762362365"",""ownershipAssignmentFieldSetName"":""LLC_BI__Bulk_Ownership_Assignment"",""editCollateralScreen"":""42363993400862416"",""copyCollateralScreen"":""42363993400862416"",""collateralScreenName"":""Collateral Creation Screen"",""collateralCopyFieldSetName"":""LLC_BI__Collateral_Creation_Screen_Configuration"",""collateralCloneFieldSetName"":""LLC_BI__Collateral_Creation_Screen_Configuration"",""addCollateralScreen"":""42363993400862416"",""addChildCollateralScreen"":""42363993400862416""}","","false","","","","","85BE40","fff","custom/custom17","false","a0sWD00000XnsduYAB","false","","","","a0sWD00000XnseEYAR","2026-03-30","Possessory","","","","a1xbn000001Y6uYAAS","true","Life Insurance",""
"a1lWD0000019K4hYAE","005al00000RVcKvAAL","false","UCC-Inventory","2026-04-10T10:03:07.000Z","005al00000RVcKvAAL","2026-08-14T09:32:28.000Z","005al00000RVvFOAA1","2026-08-14T09:32:28.000Z","","","","80.0","false","","","{""prodPkgEditScreen"":""723454364762362365"",""ownershipAssignmentFieldSetName"":""LLC_BI__Bulk_Ownership_Assignment"",""editCollateralScreen"":""42363993400862416"",""copyCollateralScreen"":""42363993400862416"",""collateralScreenName"":""Collateral Creation Screen"",""collateralCopyFieldSetName"":""LLC_BI__Collateral_Creation_Screen_Configuration"",""collateralCloneFieldSetName"":""LLC_BI__Collateral_Creation_Screen_Configuration"",""addCollateralScreen"":""42363993400862416"",""addChildCollateralScreen"":""42363993400862416""}","","false","","","","","F1B643","fff","custom/custom18","false","a0sWD00000XnsduYAB","false","","","","a0sWD00000Xnse6YAB","2026-03-30","UCC","","","","a1xbn000001Y6uZAAS","true","Inventory",""
"a1lWD0000019K4iYAE","005al00000RVcKvAAL","false","UCC-Chattel Paper","2026-04-10T10:03:07.000Z","005al00000RVcKvAAL","2026-08-14T09:32:28.000Z","005al00000RVvFOAA1","2026-08-14T09:32:28.000Z","","","","80.0","false","","","{""prodPkgEditScreen"":""723454364762362365"",""ownershipAssignmentFieldSetName"":""LLC_BI__Bulk_Ownership_Assignment"",""editCollateralScreen"":""42363993400862416"",""copyCollateralScreen"":""42363993400862416"",""collateralScreenName"":""Collateral Creation Screen"",""collateralCopyFieldSetName"":""LLC_BI__Collateral_Creation_Screen_Configuration"",""collateralCloneFieldSetName"":""LLC_BI__Collateral_Creation_Screen_Configuration"",""addCollateralScreen"":""42363993400862416"",""addChildCollateralScreen"":""42363993400862416""}","","false","","","","","F1B643","fff","custom/custom18","false","a0sWD00000XnsduYAB","false","","","","a0sWD00000Xnse6YAB","2026-03-30","UCC","","","","a1xbn000001Y6uaAAC","true","Chattel Paper",""
"a1lWD0000019K4jYAE","005al00000RVcKvAAL","false","UCC-Equipment","2026-04-10T10:03:07.000Z","005al00000RVcKvAAL","2026-08-14T09:32:28.000Z","005al00000RVvFOAA1","2026-08-14T09:32:28.000Z","","","","80.0","false","","","{""prodPkgEditScreen"":""723454364762362365"",""ownershipAssignmentFieldSetName"":""LLC_BI__Bulk_Ownership_Assignment"",""editCollateralScreen"":""42363993400862416"",""copyCollateralScreen"":""42363993400862416"",""collateralScreenName"":""Collateral Creation Screen"",""collateralCopyFieldSetName"":""LLC_BI__Collateral_Creation_Screen_Configuration"",""collateralCloneFieldSetName"":""LLC_BI__Collateral_Creation_Screen_Configuration"",""addCollateralScreen"":""42363993400862416"",""addChildCollateralScreen"":""42363993400862416""}","","false","","","","","F1B643","fff","custom/custom18","false","a0sWD00000XnsduYAB","false","","","","a0sWD00000Xnse6YAB","2026-03-30","UCC","","","","a1xbn000001Y6ubAAC","true","Equipment",""
"a1lWD0000019K4kYAE","005al00000RVcKvAAL","false","UCC-General Intangibles","2026-04-10T10:03:07.000Z","005al00000RVcKvAAL","2026-08-14T09:32:28.000Z","005al00000RVvFOAA1","2026-08-14T09:32:28.000Z","","","","80.0","false","","","{""prodPkgEditScreen"":""723454364762362365"",""ownershipAssignmentFieldSetName"":""LLC_BI__Bulk_Ownership_Assignment"",""editCollateralScreen"":""42363993400862416"",""copyCollateralScreen"":""42363993400862416"",""collateralScreenName"":""Collateral Creation Screen"",""collateralCopyFieldSetName"":""LLC_BI__Collateral_Creation_Screen_Configuration"",""collateralCloneFieldSetName"":""LLC_BI__Collateral_Creation_Screen_Configuration"",""addCollateralScreen"":""42363993400862416"",""addChildCollateralScreen"":""42363993400862416""}","","false","","","","","F1B643","fff","custom/custom18","false","a0sWD00000XnsduYAB","false","","","","a0sWD00000Xnse6YAB","2026-03-30","UCC","","","","a1xbn000001Y6ucAAC","true","General Intangibles",""
"a1lWD0000019K4lYAE","005al00000RVcKvAAL","false","UCC-Farm Products","2026-04-10T10:03:07.000Z","005al00000RVcKvAAL","2026-08-14T09:32:28.000Z","005al00000RVvFOAA1","2026-08-14T09:32:28.000Z","","","","80.0","false","","","{""prodPkgEditScreen"":""723454364762362365"",""ownershipAssignmentFieldSetName"":""LLC_BI__Bulk_Ownership_Assignment"",""editCollateralScreen"":""42363993400862416"",""copyCollateralScreen"":""42363993400862416"",""collateralScreenName"":""Collateral Creation Screen"",""collateralCopyFieldSetName"":""LLC_BI__Collateral_Creation_Screen_Configuration"",""collateralCloneFieldSetName"":""LLC_BI__Collateral_Creation_Screen_Configuration"",""addCollateralScreen"":""42363993400862416"",""addChildCollateralScreen"":""42363993400862416""}","","false","","","","","F1B643","fff","custom/custom18","false","a0sWD00000XnsduYAB","false","","","","a0sWD00000Xnse6YAB","2026-03-30","UCC","","","","a1xbn000001Y6udAAC","true","Farm Products",""
"a1lWD0000019K4mYAE","005al00000RVcKvAAL","false","UCC-Livestock","2026-04-10T10:03:07.000Z","005al00000RVcKvAAL","2026-08-14T09:32:28.000Z","005al00000RVvFOAA1","2026-08-14T09:32:28.000Z","","","","80.0","false","","","{""prodPkgEditScreen"":""723454364762362365"",""ownershipAssignmentFieldSetName"":""LLC_BI__Bulk_Ownership_Assignment"",""editCollateralScreen"":""42363993400862416"",""copyCollateralScreen"":""42363993400862416"",""collateralScreenName"":""Collateral Creation Screen"",""collateralCopyFieldSetName"":""LLC_BI__Collateral_Creation_Screen_Configuration"",""collateralCloneFieldSetName"":""LLC_BI__Collateral_Creation_Screen_Configuration"",""addCollateralScreen"":""42363993400862416"",""addChildCollateralScreen"":""42363993400862416""}","","false","","","","","F1B643","fff","custom/custom18","false","a0sWD00000XnsduYAB","false","","","","a0sWD00000Xnse6YAB","2026-03-30","UCC","","","","a1xbn000001Y6ueAAC","true","Livestock",""
"a1lWD0000019K4nYAE","005al00000RVcKvAAL","false","UCC-Farm Equipment","2026-04-10T10:03:07.000Z","005al00000RVcKvAAL","2026-08-14T09:32:28.000Z","005al00000RVvFOAA1","2026-08-14T09:32:28.000Z","","","","80.0","false","","","{""prodPkgEditScreen"":""723454364762362365"",""ownershipAssignmentFieldSetName"":""LLC_BI__Bulk_Ownership_Assignment"",""editCollateralScreen"":""42363993400862416"",""copyCollateralScreen"":""42363993400862416"",""collateralScreenName"":""Collateral Creation Screen"",""collateralCopyFieldSetName"":""LLC_BI__Collateral_Creation_Screen_Configuration"",""collateralCloneFieldSetName"":""LLC_BI__Collateral_Creation_Screen_Configuration"",""addCollateralScreen"":""42363993400862416"",""addChildCollateralScreen"":""42363993400862416""}","","false","","","","","F1B643","fff","custom/custom18","false","a0sWD00000XnsduYAB","false","","","","a0sWD00000Xnse6YAB","2026-03-30","UCC","","","","a1xbn000001Y6ufAAC","true","Farm Equipment",""
"a1lWD0000019K4oYAE","005al00000RVcKvAAL","false","UCC-Consumer Goods","2026-04-10T10:03:07.000Z","005al00000RVcKvAAL","2026-08-14T09:32:28.000Z","005al00000RVvFOAA1","2026-08-14T09:32:28.000Z","","","","80.0","false","","","{""prodPkgEditScreen"":""723454364762362365"",""ownershipAssignmentFieldSetName"":""LLC_BI__Bulk_Ownership_Assignment"",""editCollateralScreen"":""42363993400862416"",""copyCollateralScreen"":""42363993400862416"",""collateralScreenName"":""Collateral Creation Screen"",""collateralCopyFieldSetName"":""LLC_BI__Collateral_Creation_Screen_Configuration"",""collateralCloneFieldSetName"":""LLC_BI__Collateral_Creation_Screen_Configuration"",""addCollateralScreen"":""42363993400862416"",""addChildCollateralScreen"":""42363993400862416""}","","false","","","","","F1B643","fff","custom/custom18","false","a0sWD00000XnsduYAB","false","","","","a0sWD00000Xnse6YAB","2026-03-30","UCC","","","","a1xbn000001Y6ugAAC","true","Consumer Goods",""
"a1lWD0000019K4pYAE","005al00000RVcKvAAL","false","UCC-Tort Claim","2026-04-10T10:03:07.000Z","005al00000RVcKvAAL","2026-08-14T09:32:28.000Z","005al00000RVvFOAA1","2026-08-14T09:32:28.000Z","","","","80.0","false","","","{""prodPkgEditScreen"":""723454364762362365"",""ownershipAssignmentFieldSetName"":""LLC_BI__Bulk_Ownership_Assignment"",""editCollateralScreen"":""42363993400862416"",""copyCollateralScreen"":""42363993400862416"",""collateralScreenName"":""Collateral Creation Screen"",""collateralCopyFieldSetName"":""LLC_BI__Collateral_Creation_Screen_Configuration"",""collateralCloneFieldSetName"":""LLC_BI__Collateral_Creation_Screen_Configuration"",""addCollateralScreen"":""42363993400862416"",""addChildCollateralScreen"":""42363993400862416""}","","false","","","","","F1B643","fff","custom/custom18","false","a0sWD00000XnsduYAB","false","","","","a0sWD00000Xnse6YAB","2026-03-30","UCC","","","","a1xbn000001Y6uhAAC","true","Tort Claim",""
"a1lWD0000019K4qYAE","005al00000RVcKvAAL","false","UCC-Crops","2026-04-10T10:03:07.000Z","005al00000RVcKvAAL","2026-08-14T09:32:28.000Z","005al00000RVvFOAA1","2026-08-14T09:32:28.000Z","","","","80.0","false","","","{""prodPkgEditScreen"":""723454364762362365"",""ownershipAssignmentFieldSetName"":""LLC_BI__Bulk_Ownership_Assignment"",""editCollateralScreen"":""42363993400862416"",""copyCollateralScreen"":""42363993400862416"",""collateralScreenName"":""Collateral Creation Screen"",""collateralCopyFieldSetName"":""LLC_BI__Collateral_Creation_Screen_Configuration"",""collateralCloneFieldSetName"":""LLC_BI__Collateral_Creation_Screen_Configuration"",""addCollateralScreen"":""42363993400862416"",""addChildCollateralScreen"":""42363993400862416""}","","false","","","","","F1B643","fff","custom/custom18","false","a0sWD00000XnsduYAB","false","","","","a0sWD00000Xnse6YAB","2026-03-30","UCC","","","","a1xbn000001Y6uiAAC","true","Crops",""
"a1lWD0000019K4rYAE","005al00000RVcKvAAL","false","UCC-Fixtures","2026-04-10T10:03:07.000Z","005al00000RVcKvAAL","2026-08-14T09:32:28.000Z","005al00000RVvFOAA1","2026-08-14T09:32:28.000Z","","","","80.0","false","","","{""prodPkgEditScreen"":""723454364762362365"",""ownershipAssignmentFieldSetName"":""LLC_BI__Bulk_Ownership_Assignment"",""editCollateralScreen"":""42363993400862416"",""copyCollateralScreen"":""42363993400862416"",""collateralScreenName"":""Collateral Creation Screen"",""collateralCopyFieldSetName"":""LLC_BI__Collateral_Creation_Screen_Configuration"",""collateralCloneFieldSetName"":""LLC_BI__Collateral_Creation_Screen_Configuration"",""addCollateralScreen"":""42363993400862416"",""addChildCollateralScreen"":""42363993400862416""}","","false","","","","","F1B643","fff","custom/custom18","false","a0sWD00000XnsduYAB","false","","","","a0sWD00000Xnse6YAB","2026-03-30","UCC","","","","a1xbn000001Y6ujAAC","true","Fixtures",""
"a1lWD0000019K4sYAE","005al00000RVcKvAAL","false","UCC-Standing Timber","2026-04-10T10:03:07.000Z","005al00000RVcKvAAL","2026-08-14T09:32:28.000Z","005al00000RVvFOAA1","2026-08-14T09:32:28.000Z","","","","80.0","false","","","{""prodPkgEditScreen"":""723454364762362365"",""ownershipAssignmentFieldSetName"":""LLC_BI__Bulk_Ownership_Assignment"",""editCollateralScreen"":""42363993400862416"",""copyCollateralScreen"":""42363993400862416"",""collateralScreenName"":""Collateral Creation Screen"",""collateralCopyFieldSetName"":""LLC_BI__Collateral_Creation_Screen_Configuration"",""collateralCloneFieldSetName"":""LLC_BI__Collateral_Creation_Screen_Configuration"",""addCollateralScreen"":""42363993400862416"",""addChildCollateralScreen"":""42363993400862416""}","","false","","","","","F1B643","fff","custom/custom18","false","a0sWD00000XnsduYAB","false","","","","a0sWD00000Xnse6YAB","2026-03-30","UCC","","","","a1xbn000001Y6ukAAC","true","Standing Timber",""
"a1lWD0000019K4tYAE","005al00000RVcKvAAL","false","UCC-Minerals, Oil and Gas","2026-04-10T10:03:07.000Z","005al00000RVcKvAAL","2026-08-14T09:32:28.000Z","005al00000RVvFOAA1","2026-08-14T09:32:28.000Z","","","","80.0","false","","","{""prodPkgEditScreen"":""723454364762362365"",""ownershipAssignmentFieldSetName"":""LLC_BI__Bulk_Ownership_Assignment"",""editCollateralScreen"":""42363993400862416"",""copyCollateralScreen"":""42363993400862416"",""collateralScreenName"":""Collateral Creation Screen"",""collateralCopyFieldSetName"":""LLC_BI__Collateral_Creation_Screen_Configuration"",""collateralCloneFieldSetName"":""LLC_BI__Collateral_Creation_Screen_Configuration"",""addCollateralScreen"":""42363993400862416"",""addChildCollateralScreen"":""42363993400862416""}","","false","","","","","F1B643","fff","custom/custom18","false","a0sWD00000XnsduYAB","false","","","","a0sWD00000Xnse6YAB","2026-03-30","UCC","","","","a1xbn000001Y6ulAAC","true","Minerals, Oil and Gas",""
"a1lWD0000019K4uYAE","005al00000RVcKvAAL","false","Real Estate-Multi-Family","2026-04-10T10:03:07.000Z","005al00000RVcKvAAL","2026-08-14T09:32:28.000Z","005al00000RVvFOAA1","2026-08-14T09:32:28.000Z","","","","80.0","false","","","{""prodPkgEditScreen"":""723454364762362365"",""ownershipAssignmentFieldSetName"":""LLC_BI__Bulk_Ownership_Assignment"",""editCollateralScreen"":""42363993400862416"",""copyCollateralScreen"":""42363993400862416"",""collateralScreenName"":""Collateral Creation Screen"",""collateralCopyFieldSetName"":""LLC_BI__Collateral_Creation_Screen_Configuration"",""collateralCloneFieldSetName"":""LLC_BI__Collateral_Creation_Screen_Configuration"",""addCollateralScreen"":""42363993400862416"",""addChildCollateralScreen"":""42363993400862416""}","","false","","","","","670B7B","fff","custom/custom24","false","a0sWD00000XnsduYAB","false","","","","a0sWD00000Xnse0YAB","2026-03-30","Real Estate","","","","a1xbn000001Y6umAAC","true","Multi-Family",""
"a1lWD0000019K4vYAE","005al00000RVcKvAAL","false","Real Estate-Lot","2026-04-10T10:03:07.000Z","005al00000RVcKvAAL","2026-08-14T09:32:28.000Z","005al00000RVvFOAA1","2026-08-14T09:32:28.000Z","","","","80.0","false","","","{""prodPkgEditScreen"":""723454364762362365"",""ownershipAssignmentFieldSetName"":""LLC_BI__Bulk_Ownership_Assignment"",""editCollateralScreen"":""42363993400862416"",""copyCollateralScreen"":""42363993400862416"",""collateralScreenName"":""Collateral Creation Screen"",""collateralCopyFieldSetName"":""LLC_BI__Collateral_Creation_Screen_Configuration"",""collateralCloneFieldSetName"":""LLC_BI__Collateral_Creation_Screen_Configuration"",""addCollateralScreen"":""42363993400862416"",""addChildCollateralScreen"":""42363993400862416""}","","false","","","","","670B7B","fff","custom/custom24","false","a0sWD00000XnsduYAB","false","","","","a0sWD00000Xnse0YAB","2026-03-30","Real Estate","","","","a1xbn000001Y6unAAC","true","Lot",""
"a1lWD0000019K4wYAE","005al00000RVcKvAAL","false","Real Estate-Mobile Home","2026-04-10T10:03:07.000Z","005al00000RVcKvAAL","2026-08-14T09:32:28.000Z","005al00000RVvFOAA1","2026-08-14T09:32:28.000Z","","","","80.0","false","","","{""prodPkgEditScreen"":""723454364762362365"",""ownershipAssignmentFieldSetName"":""LLC_BI__Bulk_Ownership_Assignment"",""editCollateralScreen"":""42363993400862416"",""copyCollateralScreen"":""42363993400862416"",""collateralScreenName"":""Collateral Creation Screen"",""collateralCopyFieldSetName"":""LLC_BI__Collateral_Creation_Screen_Configuration"",""collateralCloneFieldSetName"":""LLC_BI__Collateral_Creation_Screen_Configuration"",""addCollateralScreen"":""42363993400862416"",""addChildCollateralScreen"":""42363993400862416""}","","false","","","","","670B7B","fff","custom/custom24","false","a0sWD00000XnsduYAB","false","","","","a0sWD00000Xnse0YAB","2026-03-30","Real Estate","","","","a1xbn000001Y6uoAAC","true","Mobile Home",""
"a1lWD0000019K4xYAE","005al00000RVcKvAAL","false","Real Estate-Land","2026-04-10T10:03:07.000Z","005al00000RVcKvAAL","2026-08-14T09:32:28.000Z","005al00000RVvFOAA1","2026-08-14T09:32:28.000Z","","","","80.0","false","","","{""prodPkgEditScreen"":""723454364762362365"",""ownershipAssignmentFieldSetName"":""LLC_BI__Bulk_Ownership_Assignment"",""editCollateralScreen"":""42363993400862416"",""copyCollateralScreen"":""42363993400862416"",""collateralScreenName"":""Collateral Creation Screen"",""collateralCopyFieldSetName"":""LLC_BI__Collateral_Creation_Screen_Configuration"",""collateralCloneFieldSetName"":""LLC_BI__Collateral_Creation_Screen_Configuration"",""addCollateralScreen"":""42363993400862416"",""addChildCollateralScreen"":""42363993400862416""}","","false","","","","","670B7B","fff","custom/custom24","false","a0sWD00000XnsduYAB","false","","","","a0sWD00000Xnse0YAB","2026-03-30","Real Estate","","","","a1xbn000001Y6upAAC","true","Land",""
"a1lWD0000019K4yYAE","005al00000RVcKvAAL","false","Real Estate-Farm Land","2026-04-10T10:03:07.000Z","005al00000RVcKvAAL","2026-08-14T09:32:28.000Z","005al00000RVvFOAA1","2026-08-14T09:32:28.000Z","","","","80.0","false","","","{""prodPkgEditScreen"":""723454364762362365"",""ownershipAssignmentFieldSetName"":""LLC_BI__Bulk_Ownership_Assignment"",""editCollateralScreen"":""42363993400862416"",""copyCollateralScreen"":""42363993400862416"",""collateralScreenName"":""Collateral Creation Screen"",""collateralCopyFieldSetName"":""LLC_BI__Collateral_Creation_Screen_Configuration"",""collateralCloneFieldSetName"":""LLC_BI__Collateral_Creation_Screen_Configuration"",""addCollateralScreen"":""42363993400862416"",""addChildCollateralScreen"":""42363993400862416""}","","false","","","","","670B7B","fff","custom/custom24","false","a0sWD00000XnsduYAB","false","","","","a0sWD00000Xnse0YAB","2026-03-30","Real Estate","","","","a1xbn000001Y6uqAAC","true","Farm Land",""
"a1lWD0000019K4zYAE","005al00000RVcKvAAL","false","Real Estate-Office","2026-04-10T10:03:07.000Z","005al00000RVcKvAAL","2026-08-14T09:32:28.000Z","005al00000RVvFOAA1","2026-08-14T09:32:28.000Z","","","","80.0","false","","","{""prodPkgEditScreen"":""723454364762362365"",""ownershipAssignmentFieldSetName"":""LLC_BI__Bulk_Ownership_Assignment"",""editCollateralScreen"":""42363993400862416"",""copyCollateralScreen"":""42363993400862416"",""collateralScreenName"":""Collateral Creation Screen"",""collateralCopyFieldSetName"":""LLC_BI__Collateral_Creation_Screen_Configuration"",""collateralCloneFieldSetName"":""LLC_BI__Collateral_Creation_Screen_Configuration"",""addCollateralScreen"":""42363993400862416"",""addChildCollateralScreen"":""42363993400862416""}","","false","","","","","670B7B","fff","custom/custom24","false","a0sWD00000XnsduYAB","false","","","","a0sWD00000Xnse0YAB","2026-03-30","Real Estate","","","","a1xbn000001Y6urAAC","true","Office",""
"a1lWD0000019K50YAE","005al00000RVcKvAAL","false","Real Estate-Warehouse","2026-04-10T10:03:07.000Z","005al00000RVcKvAAL","2026-08-14T09:32:28.000Z","005al00000RVvFOAA1","2026-08-14T09:32:28.000Z","","","","80.0","false","","","{""prodPkgEditScreen"":""723454364762362365"",""ownershipAssignmentFieldSetName"":""LLC_BI__Bulk_Ownership_Assignment"",""editCollateralScreen"":""42363993400862416"",""copyCollateralScreen"":""42363993400862416"",""collateralScreenName"":""Collateral Creation Screen"",""collateralCopyFieldSetName"":""LLC_BI__Collateral_Creation_Screen_Configuration"",""collateralCloneFieldSetName"":""LLC_BI__Collateral_Creation_Screen_Configuration"",""addCollateralScreen"":""42363993400862416"",""addChildCollateralScreen"":""42363993400862416""}","","false","","","","","670B7B","fff","custom/custom24","false","a0sWD00000XnsduYAB","false","","","","a0sWD00000Xnse0YAB","2026-03-30","Real Estate","","","","a1xbn000001Y6usAAC","true","Warehouse",""
"a1lWD0000019K51YAE","005al00000RVcKvAAL","false","Real Estate-Retail","2026-04-10T10:03:07.000Z","005al00000RVcKvAAL","2026-08-14T09:32:28.000Z","005al00000RVvFOAA1","2026-08-14T09:32:28.000Z","","","","80.0","false","","","{""prodPkgEditScreen"":""723454364762362365"",""ownershipAssignmentFieldSetName"":""LLC_BI__Bulk_Ownership_Assignment"",""editCollateralScreen"":""42363993400862416"",""copyCollateralScreen"":""42363993400862416"",""collateralScreenName"":""Collateral Creation Screen"",""collateralCopyFieldSetName"":""LLC_BI__Collateral_Creation_Screen_Configuration"",""collateralCloneFieldSetName"":""LLC_BI__Collateral_Creation_Screen_Configuration"",""addCollateralScreen"":""42363993400862416"",""addChildCollateralScreen"":""42363993400862416""}","","false","","","","","670B7B","fff","custom/custom24","false","a0sWD00000XnsduYAB","false","","","","a0sWD00000Xnse0YAB","2026-03-30","Real Estate","","","","a1xbn000001Y6utAAC","true","Retail",""
"a1lWD0000019K52YAE","005al00000RVcKvAAL","false","Real Estate-Other RE","2026-04-10T10:03:07.000Z","005al00000RVcKvAAL","2026-08-14T09:32:28.000Z","005al00000RVvFOAA1","2026-08-14T09:32:28.000Z","","","","80.0","false","","","{""prodPkgEditScreen"":""723454364762362365"",""ownershipAssignmentFieldSetName"":""LLC_BI__Bulk_Ownership_Assignment"",""editCollateralScreen"":""42363993400862416"",""copyCollateralScreen"":""42363993400862416"",""collateralScreenName"":""Collateral Creation Screen"",""collateralCopyFieldSetName"":""LLC_BI__Collateral_Creation_Screen_Configuration"",""collateralCloneFieldSetName"":""LLC_BI__Collateral_Creation_Screen_Configuration"",""addCollateralScreen"":""42363993400862416"",""addChildCollateralScreen"":""42363993400862416""}","","false","","","","","670B7B","fff","custom/custom24","false","a0sWD00000XnsduYAB","false","","","","a0sWD00000Xnse0YAB","2026-03-30","Real Estate","","","","a1xbn000001Y6uuAAC","true","Other RE",""
"a1lWD0000019K53YAE","005al00000RVcKvAAL","false","Other-Government Contracts","2026-04-10T10:03:07.000Z","005al00000RVcKvAAL","2026-08-14T09:32:28.000Z","005al00000RVvFOAA1","2026-08-14T09:32:28.000Z","","","","80.0","false","","","{""prodPkgEditScreen"":""723454364762362365"",""ownershipAssignmentFieldSetName"":""LLC_BI__Bulk_Ownership_Assignment"",""editCollateralScreen"":""42363993400862416"",""copyCollateralScreen"":""42363993400862416"",""collateralScreenName"":""Collateral Creation Screen"",""collateralCopyFieldSetName"":""LLC_BI__Collateral_Creation_Screen_Configuration"",""collateralCloneFieldSetName"":""LLC_BI__Collateral_Creation_Screen_Configuration"",""addCollateralScreen"":""42363993400862416"",""addChildCollateralScreen"":""42363993400862416""}","","false","","","","","#62b7ed","#ffffff","standard/work_order","false","a0sWD00000XnsduYAB","false","","","","a0sWD00000XnsdrYAB","2026-03-30","Other","","","","a1xbn000001Y6uvAAC","true","Government Contracts",""
"a1lWE000002pnZaYAI","005al00000RVcKvAAL","false","Possessory-Umbrella-311","2026-08-11T16:28:41.000Z","005al00000RVvFOAA1","2026-08-14T09:32:29.000Z","005al00000RVvFOAA1","2026-08-14T09:32:29.000Z","","","","0.0","false","","311","{ /""prodPkgEditScreen/"": /""42091291881629952/"", /""ownershipAssignmentFieldSetName/"": /""LLC_BI__Bulk_Ownership_Assignment/"", /""editCollateralScreen/"": /""121356185612375173/"", /""copyCollateralScreen/"": /""121356185612375173/"", /""collateralScreenName/"": /""Collateral Creation Screen/"", /""collateralCopyFieldSetName/"": /""LLC_BI__Collateral_Creation_Screen_Configuration/"", /""collateralCloneFieldSetName/"": /""LLC_BI__Collateral_Creation_Screen_Configuration/"", /""addCollateralScreen/"": /""121356185612375173/"", /""addChildCollateralScreen/"": /""122901792722120281/"" }","","false","","Manage_Collateral_Possessory","","","85BE40","fff","custom/custom17","false","a0sWD00000XnsduYAB","false","","","","a0sWD00000XoBtAYAV","","Possessory","","","","a2k3g000000CbDGAA0","true","Umbrella",""
"a1lWE000002pnZbYAI","005al00000RVcKvAAL","false","Commodities-Gasoil-767","2026-08-11T16:28:41.000Z","005al00000RVvFOAA1","2026-08-14T09:32:29.000Z","005al00000RVvFOAA1","2026-08-14T09:32:29.000Z","","","","90.0","false","","767","{/""prodPkgEditScreen/"":/""42091291881629952/"",/""ownershipAssignmentFieldSetName/"":/""LLC_BI__Bulk_Ownership_Assignment/"",/""editCollateralScreen/"":/""42314602511581740/"",/""copyCollateralScreen/"":/""42314602511581740/"",/""collateralScreenName/"":/""Collateral Creation Screen/"",/""collateralCopyFieldSetName/"":/""LLC_BI__Collateral_Creation_Screen_Configuration/"",/""collateralCloneFieldSetName/"":/""LLC_BI__Collateral_Creation_Screen_Configuration/"",/""addCollateralScreen/"":/""42314602511581740/"",/""addChildCollateralScreen/"":/""42314602511581740/""}","","false","","Commodities_Gasoil_Jet","","","F1B643","fff","custom/custom18","false","a0sWD00000XnsduYAB","false","","","70.0","a0sWD00000XoBoMYAV","","Commodities","","","","a2k3g000000CbDHAA0","true","Gasoil",""
"a1lWE000002pnZcYAI","005al00000RVcKvAAL","false","Commodities-Jet-768","2026-08-11T16:28:41.000Z","005al00000RVvFOAA1","2026-08-14T09:32:29.000Z","005al00000RVvFOAA1","2026-08-14T09:32:29.000Z","","","","90.0","false","","768","{/""prodPkgEditScreen/"":/""42091291881629952/"",/""ownershipAssignmentFieldSetName/"":/""LLC_BI__Bulk_Ownership_Assignment/"",/""editCollateralScreen/"":/""42314602511581740/"",/""copyCollateralScreen/"":/""42314602511581740/"",/""collateralScreenName/"":/""Collateral Creation Screen/"",/""collateralCopyFieldSetName/"":/""LLC_BI__Collateral_Creation_Screen_Configuration/"",/""collateralCloneFieldSetName/"":/""LLC_BI__Collateral_Creation_Screen_Configuration/"",/""addCollateralScreen/"":/""42314602511581740/"",/""addChildCollateralScreen/"":/""42314602511581740/""}","","false","","Commodities_Jet","","","F1B643","fff","custom/custom18","false","a0sWD00000XnsduYAB","false","","","70.0","a0sWD00000XoBoMYAV","","Commodities","","","","a2k3g000000CbDIAA0","true","Jet",""
"a1lWE000002pnZdYAI","005al00000RVcKvAAL","false","IT Equipment-Phones-901","2026-08-11T16:28:41.000Z","005al00000RVvFOAA1","2026-08-14T09:32:29.000Z","005al00000RVvFOAA1","2026-08-14T09:32:29.000Z","","","","0.0","false","","901","{/""prodPkgEditScreen/"":/""42091291881629952/"",/""ownershipAssignmentFieldSetName/"":/""LLC_BI__Bulk_Ownership_Assignment/"",/""editCollateralScreen/"":/""42314602511581740/"",/""copyCollateralScreen/"":/""42314602511581740/"",/""collateralScreenName/"":/""Collateral Creation Screen/"",/""collateralCopyFieldSetName/"":/""LLC_BI__Collateral_Creation_Screen_Configuration/"",/""collateralCloneFieldSetName/"":/""LLC_BI__Collateral_Creation_Screen_Configuration/"",/""addCollateralScreen/"":/""42314602511581740/"",/""addChildCollateralScreen/"":/""42314602511581740/""}","","false","","Manage_Collateral_UCC","","","0092C7","#ffffff","custom/custom32","false","a0sWD00000XnsduYAB","false","","","","a0sWD00000XoBoMYAV","2018-11-04","IT Equipment","","","","a2k3g000000CbDKAA0","true","Phones",""
"a1lWE000002pnZeYAI","005al00000RVcKvAAL","false","IT Equipment-Copiers-902","2026-08-11T16:28:41.000Z","005al00000RVvFOAA1","2026-08-14T09:32:29.000Z","005al00000RVvFOAA1","2026-08-14T09:32:29.000Z","","","","0.0","false","","902","{/""prodPkgEditScreen/"":/""42091291881629952/"",/""ownershipAssignmentFieldSetName/"":/""LLC_BI__Bulk_Ownership_Assignment/"",/""editCollateralScreen/"":/""42314602511581740/"",/""copyCollateralScreen/"":/""42314602511581740/"",/""collateralScreenName/"":/""Collateral Creation Screen/"",/""collateralCopyFieldSetName/"":/""LLC_BI__Collateral_Creation_Screen_Configuration/"",/""collateralCloneFieldSetName/"":/""LLC_BI__Collateral_Creation_Screen_Configuration/"",/""addCollateralScreen/"":/""42314602511581740/"",/""addChildCollateralScreen/"":/""42314602511581740/""}","","false","","Manage_Collateral_UCC","","","0092C7","#ffffff","custom/custom32","false","a0sWD00000XnsduYAB","false","","","","a0sWD00000XoBoMYAV","2018-11-04","IT Equipment","","","","a2k3g000000CbDLAA0","true","Copiers",""
"a1lWE000002pnZfYAI","005al00000RVcKvAAL","false","Small Equipment-Data Collector-903","2026-08-11T16:28:41.000Z","005al00000RVvFOAA1","2026-08-14T09:32:29.000Z","005al00000RVvFOAA1","2026-08-14T09:32:29.000Z","","","","0.0","false","","903","{/""prodPkgEditScreen/"":/""42091291881629952/"",/""ownershipAssignmentFieldSetName/"":/""LLC_BI__Bulk_Ownership_Assignment/"",/""editCollateralScreen/"":/""42314602511581740/"",/""copyCollateralScreen/"":/""42314602511581740/"",/""collateralScreenName/"":/""Collateral Creation Screen/"",/""collateralCopyFieldSetName/"":/""LLC_BI__Collateral_Creation_Screen_Configuration/"",/""collateralCloneFieldSetName/"":/""LLC_BI__Collateral_Creation_Screen_Configuration/"",/""addCollateralScreen/"":/""42314602511581740/"",/""addChildCollateralScreen/"":/""42314602511581740/""}","","false","","Manage_Collateral_UCC","","","0092C7","#ffffff","custom/custom79","false","a0sWD00000XnsduYAB","false","","","","a0sWD00000XoBoMYAV","2018-11-04","Small Equipment","","","","a2k3g000000CbDMAA0","true","Data Collector",""
"a1lWE000002pnZgYAI","005al00000RVcKvAAL","false","Heavy Equipment-Tractor-904","2026-08-11T16:28:41.000Z","005al00000RVvFOAA1","2026-08-14T09:32:29.000Z","005al00000RVvFOAA1","2026-08-14T09:32:29.000Z","","","","0.0","false","","904","{/""prodPkgEditScreen/"":/""42091291881629952/"",/""ownershipAssignmentFieldSetName/"":/""LLC_BI__Bulk_Ownership_Assignment/"",/""editCollateralScreen/"":/""42314602511581740/"",/""copyCollateralScreen/"":/""42314602511581740/"",/""collateralScreenName/"":/""Collateral Creation Screen/"",/""collateralCopyFieldSetName/"":/""LLC_BI__Collateral_Creation_Screen_Configuration/"",/""collateralCloneFieldSetName/"":/""LLC_BI__Collateral_Creation_Screen_Configuration/"",/""addCollateralScreen/"":/""42314602511581740/"",/""addChildCollateralScreen/"":/""42314602511581740/""}","","false","","Manage_Collateral_UCC","","","0092C7","#ffffff","custom/custom98","false","a0sWD00000XnsduYAB","false","","","","a0sWD00000XoBoMYAV","2018-11-04","Heavy Equipment","","","","a2k3g000000CbDNAA0","true","Tractor",""
"a1lWE000002pnZhYAI","005al00000RVcKvAAL","false","Heavy Equipment-Excavator-905","2026-08-11T16:28:41.000Z","005al00000RVvFOAA1","2026-08-14T09:32:29.000Z","005al00000RVvFOAA1","2026-08-14T09:32:29.000Z","","","","0.0","false","","905","{/""prodPkgEditScreen/"":/""42091291881629952/"",/""ownershipAssignmentFieldSetName/"":/""LLC_BI__Bulk_Ownership_Assignment/"",/""editCollateralScreen/"":/""42314602511581740/"",/""copyCollateralScreen/"":/""42314602511581740/"",/""collateralScreenName/"":/""Collateral Creation Screen/"",/""collateralCopyFieldSetName/"":/""LLC_BI__Collateral_Creation_Screen_Configuration/"",/""collateralCloneFieldSetName/"":/""LLC_BI__Collateral_Creation_Screen_Configuration/"",/""addCollateralScreen/"":/""42314602511581740/"",/""addChildCollateralScreen/"":/""42314602511581740/""}","","false","","Manage_Collateral_UCC","","","0092C7","#ffffff","custom/custom98","false","a0sWD00000XnsduYAB","false","","","","a0sWD00000XoBoMYAV","2018-11-04","Heavy Equipment","","","","a2k3g000000CbDOAA0","true","Excavator",""
"a1lWE000002pnZiYAI","005al00000RVcKvAAL","false","Farming Accessories-Log Splitter-906","2026-08-11T16:28:41.000Z","005al00000RVvFOAA1","2026-08-14T09:32:29.000Z","005al00000RVvFOAA1","2026-08-14T09:32:29.000Z","","","","0.0","false","","906","{/""prodPkgEditScreen/"":/""42091291881629952/"",/""ownershipAssignmentFieldSetName/"":/""LLC_BI__Bulk_Ownership_Assignment/"",/""editCollateralScreen/"":/""42314602511581740/"",/""copyCollateralScreen/"":/""42314602511581740/"",/""collateralScreenName/"":/""Collateral Creation Screen/"",/""collateralCopyFieldSetName/"":/""LLC_BI__Collateral_Creation_Screen_Configuration/"",/""collateralCloneFieldSetName/"":/""LLC_BI__Collateral_Creation_Screen_Configuration/"",/""addCollateralScreen/"":/""42314602511581740/"",/""addChildCollateralScreen/"":/""42314602511581740/""}","","false","","Manage_Collateral_UCC","","","0092C7","#ffffff","custom/custom70","false","a0sWD00000XnsduYAB","false","","","","a0sWD00000XoBoMYAV","2018-11-04","Farming Accessories","","","","a2k3g000000CbDPAA0","true","Log Splitter",""
"a1lWE000002pnZjYAI","005al00000RVcKvAAL","false","Farming Accessories-Roller-907","2026-08-11T16:28:41.000Z","005al00000RVvFOAA1","2026-08-14T09:32:29.000Z","005al00000RVvFOAA1","2026-08-14T09:32:29.000Z","","","","0.0","false","","907","{/""prodPkgEditScreen/"":/""42091291881629952/"",/""ownershipAssignmentFieldSetName/"":/""LLC_BI__Bulk_Ownership_Assignment/"",/""editCollateralScreen/"":/""42314602511581740/"",/""copyCollateralScreen/"":/""42314602511581740/"",/""collateralScreenName/"":/""Collateral Creation Screen/"",/""collateralCopyFieldSetName/"":/""LLC_BI__Collateral_Creation_Screen_Configuration/"",/""collateralCloneFieldSetName/"":/""LLC_BI__Collateral_Creation_Screen_Configuration/"",/""addCollateralScreen/"":/""42314602511581740/"",/""addChildCollateralScreen/"":/""42314602511581740/""}","","false","","Manage_Collateral_UCC","","","0092C7","#ffffff","custom/custom70","false","a0sWD00000XnsduYAB","false","","","","a0sWD00000XoBoMYAV","2018-11-04","Farming Accessories","","","","a2k3g000000CbDQAA0","true","Roller",""
"a1lWE000002pnZkYAI","005al00000RVcKvAAL","false","Real Estate-Commercial-766","2026-08-11T16:28:41.000Z","005al00000RVvFOAA1","2026-08-14T09:32:29.000Z","005al00000RVvFOAA1","2026-08-14T09:32:29.000Z","","","","80.0","false","","766","{/""prodPkgEditScreen/"":/""42091291881629952/"",/""ownershipAssignmentFieldSetName/"":/""LLC_BI__Bulk_Ownership_Assignment/"",/""editCollateralScreen/"":/""42314602511581740/"",/""copyCollateralScreen/"":/""42314602511581740/"",/""collateralScreenName/"":/""Collateral Creation Screen/"",/""collateralCopyFieldSetName/"":/""LLC_BI__Collateral_Creation_Screen_Configuration/"",/""collateralCloneFieldSetName/"":/""LLC_BI__Collateral_Creation_Screen_Configuration/"",/""addCollateralScreen/"":/""42314602511581740/"",/""addChildCollateralScreen/"":/""42314602511581740/""}","","false","","Manage_Collateral_Real_Estate","","","670B7B","fff","custom/custom24","false","a0sWD00000XnsduYAB","false","","","70.0","a0sWD00000XoBp1YAF","","Real Estate","","","","a2k3g000000CbDRAA0","true","Commercial",""
"a1lWE000002pnZlYAI","005al00000RVcKvAAL","false","Borrowing Base-Accts Rec Current - 30-2105","2026-08-11T16:28:41.000Z","005al00000RVvFOAA1","2026-08-14T09:32:29.000Z","005al00000RVvFOAA1","2026-08-14T09:32:29.000Z","","","","80.0","false","","2105","{/""prodPkgEditScreen/"":/""42091291881629952/"",/""ownershipAssignmentFieldSetName/"":/""LLC_BI__Bulk_Ownership_Assignment/"",/""editCollateralScreen/"":/""42314602511581740/"",/""copyCollateralScreen/"":/""42314602511581740/"",/""collateralScreenName/"":/""Collateral Creation Screen/"",/""collateralCopyFieldSetName/"":/""LLC_BI__Collateral_Creation_Screen_Configuration/"",/""collateralCloneFieldSetName/"":/""LLC_BI__Collateral_Creation_Screen_Configuration/"",/""addCollateralScreen/"":/""42314602511581740/"",/""addChildCollateralScreen/"":/""42314602511581740/""}","","false","","Manage_Collateral_UCC","","","0092C7","fff","custom/custom32","false","a0sWD00000XnsduYAB","false","","","80.0","a0sWD00000XoBoMYAV","2016-09-01","Borrowing Base","","","","a2k3g000000CbDSAA0","true","Accts Rec Current - 30",""
"a1lWE000002pnZmYAI","005al00000RVcKvAAL","false","Borrowing Base-Accts Rec 31-60-2109","2026-08-11T16:28:41.000Z","005al00000RVvFOAA1","2026-08-14T09:32:29.000Z","005al00000RVvFOAA1","2026-08-14T09:32:29.000Z","","","","70.0","false","","2109","{/""prodPkgEditScreen/"":/""42091291881629952/"",/""ownershipAssignmentFieldSetName/"":/""LLC_BI__Bulk_Ownership_Assignment/"",/""editCollateralScreen/"":/""42314602511581740/"",/""copyCollateralScreen/"":/""42314602511581740/"",/""collateralScreenName/"":/""Collateral Creation Screen/"",/""collateralCopyFieldSetName/"":/""LLC_BI__Collateral_Creation_Screen_Configuration/"",/""collateralCloneFieldSetName/"":/""LLC_BI__Collateral_Creation_Screen_Configuration/"",/""addCollateralScreen/"":/""42314602511581740/"",/""addChildCollateralScreen/"":/""42314602511581740/""}","","false","","Manage_Collateral_UCC","","","0092C7","fff","custom/custom32","false","a0sWD00000XnsduYAB","false","","","70.0","a0sWD00000XoBoMYAV","2016-09-01","Borrowing Base","","","","a2k3g000000CbDTAA0","true","Accts Rec 31-60",""
"a1lWE000002pnZnYAI","005al00000RVcKvAAL","false","Borrowing Base-Accts Rec 61-90-2119","2026-08-11T16:28:41.000Z","005al00000RVvFOAA1","2026-08-14T09:32:29.000Z","005al00000RVvFOAA1","2026-08-14T09:32:29.000Z","","","","60.0","false","","2119","{/""prodPkgEditScreen/"":/""42091291881629952/"",/""ownershipAssignmentFieldSetName/"":/""LLC_BI__Bulk_Ownership_Assignment/"",/""editCollateralScreen/"":/""42314602511581740/"",/""copyCollateralScreen/"":/""42314602511581740/"",/""collateralScreenName/"":/""Collateral Creation Screen/"",/""collateralCopyFieldSetName/"":/""LLC_BI__Collateral_Creation_Screen_Configuration/"",/""collateralCloneFieldSetName/"":/""LLC_BI__Collateral_Creation_Screen_Configuration/"",/""addCollateralScreen/"":/""42314602511581740/"",/""addChildCollateralScreen/"":/""42314602511581740/""}","","false","","Manage_Collateral_UCC","","","0092C7","fff","custom/custom32","false","a0sWD00000XnsduYAB","false","","","60.0","a0sWD00000XoBoMYAV","2016-09-01","Borrowing Base","","","","a2k3g000000CbDUAA0","true","Accts Rec 61-90",""
"a1lWE000002pnZoYAI","005al00000RVcKvAAL","false","Borrowing Base-Accts Rec Over 90-2112","2026-08-11T16:28:41.000Z","005al00000RVvFOAA1","2026-08-14T09:32:29.000Z","005al00000RVvFOAA1","2026-08-14T09:32:29.000Z","","","","10.0","false","","2112","{/""prodPkgEditScreen/"":/""42091291881629952/"",/""ownershipAssignmentFieldSetName/"":/""LLC_BI__Bulk_Ownership_Assignment/"",/""editCollateralScreen/"":/""42314602511581740/"",/""copyCollateralScreen/"":/""42314602511581740/"",/""collateralScreenName/"":/""Collateral Creation Screen/"",/""collateralCopyFieldSetName/"":/""LLC_BI__Collateral_Creation_Screen_Configuration/"",/""collateralCloneFieldSetName/"":/""LLC_BI__Collateral_Creation_Screen_Configuration/"",/""addCollateralScreen/"":/""42314602511581740/"",/""addChildCollateralScreen/"":/""42314602511581740/""}","","false","","Manage_Collateral_UCC","","","0092C7","fff","custom/custom32","false","a0sWD00000XnsduYAB","false","","","10.0","a0sWD00000XoBoMYAV","2016-09-01","Borrowing Base","","","","a2k3g000000CbDVAA0","true","Accts Rec Over 90",""
"a1lWE000002pnZpYAI","005al00000RVcKvAAL","false","Borrowing Base-Raw Materials-2122","2026-08-11T16:28:41.000Z","005al00000RVvFOAA1","2026-08-14T09:32:29.000Z","005al00000RVvFOAA1","2026-08-14T09:32:29.000Z","","","","40.0","false","","2122","{/""prodPkgEditScreen/"":/""42091291881629952/"",/""ownershipAssignmentFieldSetName/"":/""LLC_BI__Bulk_Ownership_Assignment/"",/""editCollateralScreen/"":/""42314602511581740/"",/""copyCollateralScreen/"":/""42314602511581740/"",/""collateralScreenName/"":/""Collateral Creation Screen/"",/""collateralCopyFieldSetName/"":/""LLC_BI__Collateral_Creation_Screen_Configuration/"",/""collateralCloneFieldSetName/"":/""LLC_BI__Collateral_Creation_Screen_Configuration/"",/""addCollateralScreen/"":/""42314602511581740/"",/""addChildCollateralScreen/"":/""42314602511581740/""}","","false","","Manage_Collateral_UCC","","","0092C7","fff","custom/custom32","false","a0sWD00000XnsduYAB","false","","","40.0","a0sWD00000XoBoMYAV","2016-09-01","Borrowing Base","","","","a2k3g000000CbDWAA0","true","Raw Materials",""
"a1lWE000002pnZqYAI","005al00000RVcKvAAL","false","Borrowing Base-Work In Process-2124","2026-08-11T16:28:41.000Z","005al00000RVvFOAA1","2026-08-14T09:32:29.000Z","005al00000RVvFOAA1","2026-08-14T09:32:29.000Z","","","","50.0","false","","2124","{/""prodPkgEditScreen/"":/""42091291881629952/"",/""ownershipAssignmentFieldSetName/"":/""LLC_BI__Bulk_Ownership_Assignment/"",/""editCollateralScreen/"":/""42314602511581740/"",/""copyCollateralScreen/"":/""42314602511581740/"",/""collateralScreenName/"":/""Collateral Creation Screen/"",/""collateralCopyFieldSetName/"":/""LLC_BI__Collateral_Creation_Screen_Configuration/"",/""collateralCloneFieldSetName/"":/""LLC_BI__Collateral_Creation_Screen_Configuration/"",/""addCollateralScreen/"":/""42314602511581740/"",/""addChildCollateralScreen/"":/""42314602511581740/""}","","false","","Manage_Collateral_UCC","","","0092C7","fff","custom/custom32","false","a0sWD00000XnsduYAB","false","","","50.0","a0sWD00000XoBoMYAV","2016-09-01","Borrowing Base","","","","a2k3g000000CbDXAA0","true","Work In Process",""
"a1lWE000002pnZrYAI","005al00000RVcKvAAL","false","Borrowing Base-Finished Goods-2126","2026-08-11T16:28:41.000Z","005al00000RVvFOAA1","2026-08-14T09:32:29.000Z","005al00000RVvFOAA1","2026-08-14T09:32:29.000Z","","","","70.0","false","","2126","{/""prodPkgEditScreen/"":/""42091291881629952/"",/""ownershipAssignmentFieldSetName/"":/""LLC_BI__Bulk_Ownership_Assignment/"",/""editCollateralScreen/"":/""42314602511581740/"",/""copyCollateralScreen/"":/""42314602511581740/"",/""collateralScreenName/"":/""Collateral Creation Screen/"",/""collateralCopyFieldSetName/"":/""LLC_BI__Collateral_Creation_Screen_Configuration/"",/""collateralCloneFieldSetName/"":/""LLC_BI__Collateral_Creation_Screen_Configuration/"",/""addCollateralScreen/"":/""42314602511581740/"",/""addChildCollateralScreen/"":/""42314602511581740/""}","","false","","Manage_Collateral_UCC","","","0092C7","fff","custom/custom32","false","a0sWD00000XnsduYAB","false","","","70.0","a0sWD00000XoBoMYAV","2016-09-01","Borrowing Base","","","","a2k3g000000CbDYAA0","true","Finished Goods",""
"a1lWE000002pnZsYAI","005al00000RVcKvAAL","false","UCC-Borrowing Base-2159","2026-08-11T16:28:41.000Z","005al00000RVvFOAA1","2026-08-14T09:32:29.000Z","005al00000RVvFOAA1","2026-08-14T09:32:29.000Z","","","","100.0","false","","2159","{/""prodPkgEditScreen/"":/""42091291881629952/"",/""ownershipAssignmentFieldSetName/"":/""LLC_BI__Bulk_Ownership_Assignment/"",/""editCollateralScreen/"":/""42314602511581740/"",/""copyCollateralScreen/"":/""42314602511581740/"",/""collateralScreenName/"":/""Collateral Creation Screen/"",/""collateralCopyFieldSetName/"":/""LLC_BI__Collateral_Creation_Screen_Configuration/"",/""collateralCloneFieldSetName/"":/""LLC_BI__Collateral_Creation_Screen_Configuration/"",/""addCollateralScreen/"":/""42314602511581740/"",/""addChildCollateralScreen/"":/""42314602511581740/""}","","false","","Manage_Collateral_UCC","","","0092C7","fff","custom/custom32","false","a0sWD00000XnsduYAB","false","","","100.0","a0sWD00000XoBstYAF","2016-09-01","UCC","","","","a2k3g000000CbDZAA0","true","Borrowing Base",""
"a1lWE000002pnZtYAI","005al00000RVcKvAAL","false","Business Assets-All-125","2026-08-11T16:28:41.000Z","005al00000RVvFOAA1","2026-08-14T09:32:29.000Z","005al00000RVvFOAA1","2026-08-14T09:32:29.000Z","","","","60.0","false","","125","{/""prodPkgEditScreen/"":/""42091291881629952/"",/""ownershipAssignmentFieldSetName/"":/""LLC_BI__Bulk_Ownership_Assignment/"",/""editCollateralScreen/"":/""42314602511581740/"",/""copyCollateralScreen/"":/""42314602511581740/"",/""collateralScreenName/"":/""Collateral Creation Screen/"",/""collateralCopyFieldSetName/"":/""LLC_BI__Collateral_Creation_Screen_Configuration/"",/""collateralCloneFieldSetName/"":/""LLC_BI__Collateral_Creation_Screen_Configuration/"",/""addCollateralScreen/"":/""42314602511581740/"",/""addChildCollateralScreen/"":/""42314602511581740/""}","","false","","Manage_Collateral_UCC","","","0092C7","fff","custom/custom32","false","a0sWD00000XnsduYAB","false","","","","a0sWD00000XoBoMYAV","","Business Assets","","","","a2k3g000000CbDbAAK","true","All",""
"a1lWE000002pnZuYAI","005al00000RVcKvAAL","false","Real Estate-Warehouse-751","2026-08-11T16:28:41.000Z","005al00000RVvFOAA1","2026-08-14T09:32:29.000Z","005al00000RVvFOAA1","2026-08-14T09:32:29.000Z","","","","80.0","false","","751","{/""prodPkgEditScreen/"":/""42091291881629952/"",/""ownershipAssignmentFieldSetName/"":/""LLC_BI__Bulk_Ownership_Assignment/"",/""editCollateralScreen/"":/""42314602511581740/"",/""copyCollateralScreen/"":/""42314602511581740/"",/""collateralScreenName/"":/""Collateral Creation Screen/"",/""collateralCopyFieldSetName/"":/""LLC_BI__Collateral_Creation_Screen_Configuration/"",/""collateralCloneFieldSetName/"":/""LLC_BI__Collateral_Creation_Screen_Configuration/"",/""addCollateralScreen/"":/""42314602511581740/"",/""addChildCollateralScreen/"":/""42314602511581740/""}","","false","","Manage_Collateral_Real_Estate","","","670B7B","fff","custom/custom24","false","a0sWD00000XnsduYAB","false","","","","a0sWD00000XoBp1YAF","","Real Estate","","","","a2k3g000000CbDcAAK","true","Warehouse",""
"a1lWE000002pnZvYAI","005al00000RVcKvAAL","false","Real Estate-Retail-101","2026-08-11T16:28:41.000Z","005al00000RVvFOAA1","2026-08-14T09:32:29.000Z","005al00000RVvFOAA1","2026-08-14T09:32:29.000Z","","","","80.0","false","","101","{/""prodPkgEditScreen/"":/""42091291881629952/"",/""ownershipAssignmentFieldSetName/"":/""LLC_BI__Bulk_Ownership_Assignment/"",/""editCollateralScreen/"":/""42314602511581740/"",/""copyCollateralScreen/"":/""42314602511581740/"",/""collateralScreenName/"":/""Collateral Creation Screen/"",/""collateralCopyFieldSetName/"":/""LLC_BI__Collateral_Creation_Screen_Configuration/"",/""collateralCloneFieldSetName/"":/""LLC_BI__Collateral_Creation_Screen_Configuration/"",/""addCollateralScreen/"":/""42314602511581740/"",/""addChildCollateralScreen/"":/""42314602511581740/""}","","false","","Manage_Collateral_Real_Estate","","","670B7B","fff","custom/custom24","false","a0sWD00000XnsduYAB","false","","","","a0sWD00000XoBp1YAF","","Real Estate","","","","a2k3g000000CbDeAAK","true","Retail",""
"a1lWE000002pnZwYAI","005al00000RVcKvAAL","false","Business Assets-Inventory (Raw Mat & Fin Goods)-127","2026-08-11T16:28:41.000Z","005al00000RVvFOAA1","2026-08-14T09:32:29.000Z","005al00000RVvFOAA1","2026-08-14T09:32:29.000Z","","","","50.0","false","","127","{/""prodPkgEditScreen/"":/""42091291881629952/"",/""ownershipAssignmentFieldSetName/"":/""LLC_BI__Bulk_Ownership_Assignment/"",/""editCollateralScreen/"":/""42314602511581740/"",/""copyCollateralScreen/"":/""42314602511581740/"",/""collateralScreenName/"":/""Collateral Creation Screen/"",/""collateralCopyFieldSetName/"":/""LLC_BI__Collateral_Creation_Screen_Configuration/"",/""collateralCloneFieldSetName/"":/""LLC_BI__Collateral_Creation_Screen_Configuration/"",/""addCollateralScreen/"":/""42314602511581740/"",/""addChildCollateralScreen/"":/""42314602511581740/""}","","false","","Manage_Collateral_UCC","","","0092C7","fff","custom/custom32","false","a0sWD00000XnsduYAB","false","","","","a0sWD00000XoBoMYAV","","Business Assets","","","","a2k3g000000CbDfAAK","true","Inventory (Raw Mat & Fin Goods)",""
"a1lWE000002pnZxYAI","005al00000RVcKvAAL","false","Real Estate-Farm Land-752","2026-08-11T16:28:41.000Z","005al00000RVvFOAA1","2026-08-14T09:32:29.000Z","005al00000RVvFOAA1","2026-08-14T09:32:29.000Z","","","","50.0","false","","752","{/""prodPkgEditScreen/"":/""42091291881629952/"",/""ownershipAssignmentFieldSetName/"":/""LLC_BI__Bulk_Ownership_Assignment/"",/""editCollateralScreen/"":/""42314602511581740/"",/""copyCollateralScreen/"":/""42314602511581740/"",/""collateralScreenName/"":/""Collateral Creation Screen/"",/""collateralCopyFieldSetName/"":/""LLC_BI__Collateral_Creation_Screen_Configuration/"",/""collateralCloneFieldSetName/"":/""LLC_BI__Collateral_Creation_Screen_Configuration/"",/""addCollateralScreen/"":/""42314602511581740/"",/""addChildCollateralScreen/"":/""42314602511581740/""}","","false","","Manage_Collateral_Real_Estate","","","670B7B","fff","custom/custom24","false","a0sWD00000XnsduYAB","false","","","","a0sWD00000XoBp1YAF","","Real Estate","","","","a2k3g000000CbDgAAK","true","Farm Land",""
"a1lWE000002pnZyYAI","005al00000RVcKvAAL","false","UCC-Equipment-609","2026-08-11T16:28:41.000Z","005al00000RVvFOAA1","2026-08-14T09:32:29.000Z","005al00000RVvFOAA1","2026-08-14T09:32:29.000Z","","","","50.0","false","","609","{/""prodPkgEditScreen/"":/""42091291881629952/"",/""ownershipAssignmentFieldSetName/"":/""LLC_BI__Bulk_Ownership_Assignment/"",/""editCollateralScreen/"":/""42314602511581740/"",/""copyCollateralScreen/"":/""42314602511581740/"",/""collateralScreenName/"":/""Collateral Creation Screen/"",/""collateralCopyFieldSetName/"":/""LLC_BI__Collateral_Creation_Screen_Configuration/"",/""collateralCloneFieldSetName/"":/""LLC_BI__Collateral_Creation_Screen_Configuration/"",/""addCollateralScreen/"":/""42314602511581740/"",/""addChildCollateralScreen/"":/""42314602511581740/""}","","false","","Manage_Collateral_UCC","","","F1B643","fff","custom/custom18","false","a0sWD00000XnsduYAB","false","","","","a0sWD00000XoBstYAF","","UCC","","","","a2k3g000000CbDhAAK","true","Equipment",""
"a1lWE000002pnZzYAI","005al00000RVcKvAAL","false","Real Estate-Single Family-753","2026-08-11T16:28:41.000Z","005al00000RVvFOAA1","2026-08-14T09:32:29.000Z","005al00000RVvFOAA1","2026-08-14T09:32:29.000Z","","","","80.0","false","","753","{/""prodPkgEditScreen/"":/""42091291881629952/"",/""ownershipAssignmentFieldSetName/"":/""LLC_BI__Bulk_Ownership_Assignment/"",/""editCollateralScreen/"":/""42314602511581740/"",/""copyCollateralScreen/"":/""42314602511581740/"",/""collateralScreenName/"":/""Collateral Creation Screen/"",/""collateralCopyFieldSetName/"":/""LLC_BI__Collateral_Creation_Screen_Configuration/"",/""collateralCloneFieldSetName/"":/""LLC_BI__Collateral_Creation_Screen_Configuration/"",/""addCollateralScreen/"":/""42314602511581740/"",/""addChildCollateralScreen/"":/""42314602511581740/""}","","false","","Manage_Collateral_Real_Estate","","","670B7B","fff","custom/custom24","false","a0sWD00000XnsduYAB","false","","","85.0","a0sWD00000XoBp1YAF","","Real Estate","","","","a2k3g000000CbDiAAK","true","Single Family",""
"a1lWE000002pna0YAA","005al00000RVcKvAAL","false","Real Estate-Other RE-754","2026-08-11T16:28:41.000Z","005al00000RVvFOAA1","2026-08-14T09:32:29.000Z","005al00000RVvFOAA1","2026-08-14T09:32:29.000Z","","","","80.0","false","","754","{/""prodPkgEditScreen/"":/""42091291881629952/"",/""ownershipAssignmentFieldSetName/"":/""LLC_BI__Bulk_Ownership_Assignment/"",/""editCollateralScreen/"":/""42314602511581740/"",/""copyCollateralScreen/"":/""42314602511581740/"",/""collateralScreenName/"":/""Collateral Creation Screen/"",/""collateralCopyFieldSetName/"":/""LLC_BI__Collateral_Creation_Screen_Configuration/"",/""collateralCloneFieldSetName/"":/""LLC_BI__Collateral_Creation_Screen_Configuration/"",/""addCollateralScreen/"":/""42314602511581740/"",/""addChildCollateralScreen/"":/""42314602511581740/""}","","false","","Manage_Collateral_Real_Estate","","","670B7B","fff","custom/custom24","false","a0sWD00000XnsduYAB","false","","","","a0sWD00000XoBp1YAF","","Real Estate","","","","a2k3g000000CbDjAAK","true","Other RE",""
"a1lWE000002pna1YAA","005al00000RVcKvAAL","false","Titled-Motor Vehicle-215","2026-08-11T16:28:41.000Z","005al00000RVvFOAA1","2026-08-14T09:32:29.000Z","005al00000RVvFOAA1","2026-08-14T09:32:29.000Z","","","","100.0","false","","215","{/""prodPkgEditScreen/"":/""42091291881629952/"",/""ownershipAssignmentFieldSetName/"":/""LLC_BI__Bulk_Ownership_Assignment/"",/""editCollateralScreen/"":/""42314602511581740/"",/""copyCollateralScreen/"":/""42314602511581740/"",/""collateralScreenName/"":/""Collateral Creation Screen/"",/""collateralCopyFieldSetName/"":/""LLC_BI__Collateral_Creation_Screen_Configuration/"",/""collateralCloneFieldSetName/"":/""LLC_BI__Collateral_Creation_Screen_Configuration/"",/""addCollateralScreen/"":/""42314602511581740/"",/""addChildCollateralScreen/"":/""42314602511581740/""}","","false","","Manage_Collateral_Titled","","","Ba202E","fff","custom/custom31","false","a0sWD00000XnsduYAB","false","","","","a0sWD00000XoBqtYAF","","Titled","","","","a2k3g000000CbDkAAK","true","Motor Vehicle",""
"a1lWE000002pna2YAA","005al00000RVcKvAAL","false","Titled-Mobile Home-210","2026-08-11T16:28:41.000Z","005al00000RVvFOAA1","2026-08-14T09:32:29.000Z","005al00000RVvFOAA1","2026-08-14T09:32:29.000Z","","","","75.0","false","","210","{/""prodPkgEditScreen/"":/""42091291881629952/"",/""ownershipAssignmentFieldSetName/"":/""LLC_BI__Bulk_Ownership_Assignment/"",/""editCollateralScreen/"":/""42314602511581740/"",/""copyCollateralScreen/"":/""42314602511581740/"",/""collateralScreenName/"":/""Collateral Creation Screen/"",/""collateralCopyFieldSetName/"":/""LLC_BI__Collateral_Creation_Screen_Configuration/"",/""collateralCloneFieldSetName/"":/""LLC_BI__Collateral_Creation_Screen_Configuration/"",/""addCollateralScreen/"":/""42314602511581740/"",/""addChildCollateralScreen/"":/""42314602511581740/""}","","false","","Manage_Collateral_Titled","","","Ba202E","fff","custom/custom31","false","a0sWD00000XnsduYAB","false","","","","a0sWD00000XoBqtYAF","","Titled","","","","a2k3g000000CbDlAAK","true","Mobile Home",""
"a1lWE000002pna3YAA","005al00000RVcKvAAL","false","Titled-Pleasure Boat-306","2026-08-11T16:28:41.000Z","005al00000RVvFOAA1","2026-08-14T09:32:29.000Z","005al00000RVvFOAA1","2026-08-14T09:32:29.000Z","","","","85.0","false","","306","{/""prodPkgEditScreen/"":/""42091291881629952/"",/""ownershipAssignmentFieldSetName/"":/""LLC_BI__Bulk_Ownership_Assignment/"",/""editCollateralScreen/"":/""42314602511581740/"",/""copyCollateralScreen/"":/""42314602511581740/"",/""collateralScreenName/"":/""Collateral Creation Screen/"",/""collateralCopyFieldSetName/"":/""LLC_BI__Collateral_Creation_Screen_Configuration/"",/""collateralCloneFieldSetName/"":/""LLC_BI__Collateral_Creation_Screen_Configuration/"",/""addCollateralScreen/"":/""42314602511581740/"",/""addChildCollateralScreen/"":/""42314602511581740/""}","","false","","Manage_Collateral_Titled","","","Ba202E","fff","custom/custom31","false","a0sWD00000XnsduYAB","false","","","","a0sWD00000XoBqtYAF","","Titled","","","","a2k3g000000CbDmAAK","true","Pleasure Boat",""
"a1lWE000002pna4YAA","005al00000RVcKvAAL","false","Titled-Ship-400","2026-08-11T16:28:41.000Z","005al00000RVvFOAA1","2026-08-14T09:32:29.000Z","005al00000RVvFOAA1","2026-08-14T09:32:29.000Z","","","","65.0","false","","400","{/""prodPkgEditScreen/"":/""42091291881629952/"",/""ownershipAssignmentFieldSetName/"":/""LLC_BI__Bulk_Ownership_Assignment/"",/""editCollateralScreen/"":/""42314602511581740/"",/""copyCollateralScreen/"":/""42314602511581740/"",/""collateralScreenName/"":/""Collateral Creation Screen/"",/""collateralCopyFieldSetName/"":/""LLC_BI__Collateral_Creation_Screen_Configuration/"",/""collateralCloneFieldSetName/"":/""LLC_BI__Collateral_Creation_Screen_Configuration/"",/""addCollateralScreen/"":/""42314602511581740/"",/""addChildCollateralScreen/"":/""42314602511581740/""}","","false","","Manage_Collateral_Titled","","","Ba202E","fff","custom/custom31","false","a0sWD00000XnsduYAB","false","","","","a0sWD00000XoBqtYAF","","Titled","","","","a2k3g000000CbDnAAK","true","Ship",""
"a1lWE000002pna5YAA","005al00000RVcKvAAL","false","Titled-Aircraft-206","2026-08-11T16:28:41.000Z","005al00000RVvFOAA1","2026-08-14T09:32:29.000Z","005al00000RVvFOAA1","2026-08-14T09:32:29.000Z","","","","75.0","false","","206","{/""prodPkgEditScreen/"":/""42091291881629952/"",/""ownershipAssignmentFieldSetName/"":/""LLC_BI__Bulk_Ownership_Assignment/"",/""editCollateralScreen/"":/""42314602511581740/"",/""copyCollateralScreen/"":/""42314602511581740/"",/""collateralScreenName/"":/""Collateral Creation Screen/"",/""collateralCopyFieldSetName/"":/""LLC_BI__Collateral_Creation_Screen_Configuration/"",/""collateralCloneFieldSetName/"":/""LLC_BI__Collateral_Creation_Screen_Configuration/"",/""addCollateralScreen/"":/""42314602511581740/"",/""addChildCollateralScreen/"":/""42314602511581740/""}","","false","","Manage_Collateral_Titled","","","Ba202E","fff","custom/custom31","false","a0sWD00000XnsduYAB","false","","","","a0sWD00000XoBqtYAF","2016-08-29","Titled","","","","a2k3g000000CbDoAAK","true","Aircraft",""
"a1lWE000002pna6YAA","005al00000RVcKvAAL","false","Titled-Trailer-410","2026-08-11T16:28:41.000Z","005al00000RVvFOAA1","2026-08-14T09:32:29.000Z","005al00000RVvFOAA1","2026-08-14T09:32:29.000Z","","","","65.0","false","","410","{/""prodPkgEditScreen/"":/""42091291881629952/"",/""ownershipAssignmentFieldSetName/"":/""LLC_BI__Bulk_Ownership_Assignment/"",/""editCollateralScreen/"":/""42314602511581740/"",/""copyCollateralScreen/"":/""42314602511581740/"",/""collateralScreenName/"":/""Collateral Creation Screen/"",/""collateralCopyFieldSetName/"":/""LLC_BI__Collateral_Creation_Screen_Configuration/"",/""collateralCloneFieldSetName/"":/""LLC_BI__Collateral_Creation_Screen_Configuration/"",/""addCollateralScreen/"":/""42314602511581740/"",/""addChildCollateralScreen/"":/""42314602511581740/""}","","false","","Manage_Collateral_Titled","","","Ba202E","fff","custom/custom31","false","a0sWD00000XnsduYAB","false","","","","a0sWD00000XoBqtYAF","","Titled","","","","a2k3g000000CbDpAAK","true","Trailer",""
"a1lWE000002pna7YAA","005al00000RVcKvAAL","false","Titled-Other Titled-300","2026-08-11T16:28:41.000Z","005al00000RVvFOAA1","2026-08-14T09:32:29.000Z","005al00000RVvFOAA1","2026-08-14T09:32:29.000Z","","","","65.0","false","","300","{/""prodPkgEditScreen/"":/""42091291881629952/"",/""ownershipAssignmentFieldSetName/"":/""LLC_BI__Bulk_Ownership_Assignment/"",/""editCollateralScreen/"":/""42314602511581740/"",/""copyCollateralScreen/"":/""42314602511581740/"",/""collateralScreenName/"":/""Collateral Creation Screen/"",/""collateralCopyFieldSetName/"":/""LLC_BI__Collateral_Creation_Screen_Configuration/"",/""collateralCloneFieldSetName/"":/""LLC_BI__Collateral_Creation_Screen_Configuration/"",/""addCollateralScreen/"":/""42314602511581740/"",/""addChildCollateralScreen/"":/""42314602511581740/""}","","false","","Manage_Collateral_Titled","","","Ba202E","fff","custom/custom31","false","a0sWD00000XnsduYAB","false","","","","a0sWD00000XoBqtYAF","","Titled","","","","a2k3g000000CbDqAAK","true","Other Titled",""
"a1lWE000002pna8YAA","005al00000RVcKvAAL","false","Business Assets-Government Contracts-140","2026-08-11T16:28:41.000Z","005al00000RVvFOAA1","2026-08-14T09:32:29.000Z","005al00000RVvFOAA1","2026-08-14T09:32:29.000Z","","","","60.0","false","","140","{/""prodPkgEditScreen/"":/""42091291881629952/"",/""ownershipAssignmentFieldSetName/"":/""LLC_BI__Bulk_Ownership_Assignment/"",/""editCollateralScreen/"":/""42314602511581740/"",/""copyCollateralScreen/"":/""42314602511581740/"",/""collateralScreenName/"":/""Collateral Creation Screen/"",/""collateralCopyFieldSetName/"":/""LLC_BI__Collateral_Creation_Screen_Configuration/"",/""collateralCloneFieldSetName/"":/""LLC_BI__Collateral_Creation_Screen_Configuration/"",/""addCollateralScreen/"":/""42314602511581740/"",/""addChildCollateralScreen/"":/""42314602511581740/""}","","false","","Manage_Collateral_Government","","","0092C7","fff","custom/custom32","false","a0sWD00000XnsduYAB","false","","","","a0sWD00000XoBoMYAV","","Business Assets","","","","a2k3g000000CbDrAAK","true","Government Contracts",""
"a1lWE000002pna9YAA","005al00000RVcKvAAL","false","UCC-Inventory-757","2026-08-11T16:28:41.000Z","005al00000RVvFOAA1","2026-08-14T09:32:29.000Z","005al00000RVvFOAA1","2026-08-14T09:32:29.000Z","","","","65.0","false","","757","{/""prodPkgEditScreen/"":/""42091291881629952/"",/""ownershipAssignmentFieldSetName/"":/""LLC_BI__Bulk_Ownership_Assignment/"",/""editCollateralScreen/"":/""42314602511581740/"",/""copyCollateralScreen/"":/""42314602511581740/"",/""collateralScreenName/"":/""Collateral Creation Screen/"",/""collateralCopyFieldSetName/"":/""LLC_BI__Collateral_Creation_Screen_Configuration/"",/""collateralCloneFieldSetName/"":/""LLC_BI__Collateral_Creation_Screen_Configuration/"",/""addCollateralScreen/"":/""42314602511581740/"",/""addChildCollateralScreen/"":/""42314602511581740/""}","","false","","Manage_Collateral_UCC","","","F1B643","fff","custom/custom18","false","a0sWD00000XnsduYAB","false","","","","a0sWD00000XoBstYAF","","UCC","","","","a2k3g000000CbDsAAK","true","Inventory",""
"a1lWE000002pnaAYAQ","005al00000RVcKvAAL","false","UCC-Chattel Paper-650","2026-08-11T16:28:41.000Z","005al00000RVvFOAA1","2026-08-14T09:32:29.000Z","005al00000RVvFOAA1","2026-08-14T09:32:29.000Z","","","","50.0","false","","650","{/""prodPkgEditScreen/"":/""42091291881629952/"",/""ownershipAssignmentFieldSetName/"":/""LLC_BI__Bulk_Ownership_Assignment/"",/""editCollateralScreen/"":/""42314602511581740/"",/""copyCollateralScreen/"":/""42314602511581740/"",/""collateralScreenName/"":/""Collateral Creation Screen/"",/""collateralCopyFieldSetName/"":/""LLC_BI__Collateral_Creation_Screen_Configuration/"",/""collateralCloneFieldSetName/"":/""LLC_BI__Collateral_Creation_Screen_Configuration/"",/""addCollateralScreen/"":/""42314602511581740/"",/""addChildCollateralScreen/"":/""42314602511581740/""}","","false","","Manage_Collateral_UCC","","","F1B643","fff","custom/custom18","false","a0sWD00000XnsduYAB","false","","","","a0sWD00000XoBstYAF","","UCC","","","","a2k3g000000CbDtAAK","true","Chattel Paper",""
"a1lWE000002pnaBYAQ","005al00000RVcKvAAL","false","UCC-Accounts-600","2026-08-11T16:28:41.000Z","005al00000RVvFOAA1","2026-08-14T09:32:29.000Z","005al00000RVvFOAA1","2026-08-14T09:32:29.000Z","","","","65.0","false","","600","{/""prodPkgEditScreen/"":/""42091291881629952/"",/""ownershipAssignmentFieldSetName/"":/""LLC_BI__Bulk_Ownership_Assignment/"",/""editCollateralScreen/"":/""42314602511581740/"",/""copyCollateralScreen/"":/""42314602511581740/"",/""collateralScreenName/"":/""Collateral Creation Screen/"",/""collateralCopyFieldSetName/"":/""LLC_BI__Collateral_Creation_Screen_Configuration/"",/""collateralCloneFieldSetName/"":/""LLC_BI__Collateral_Creation_Screen_Configuration/"",/""addCollateralScreen/"":/""42314602511581740/"",/""addChildCollateralScreen/"":/""42314602511581740/""}","","false","","Manage_Collateral_UCC","","","F1B643","fff","custom/custom18","false","a0sWD00000XnsduYAB","false","","","","a0sWD00000XoBstYAF","","UCC","","","","a2k3g000000CbDuAAK","true","Accounts",""
"a1lWE000002pnaCYAQ","005al00000RVcKvAAL","false","UCC-General Intangibles-758","2026-08-11T16:28:41.000Z","005al00000RVvFOAA1","2026-08-14T09:32:29.000Z","005al00000RVvFOAA1","2026-08-14T09:32:29.000Z","","","","50.0","false","","758","{/""prodPkgEditScreen/"":/""42091291881629952/"",/""ownershipAssignmentFieldSetName/"":/""LLC_BI__Bulk_Ownership_Assignment/"",/""editCollateralScreen/"":/""42314602511581740/"",/""copyCollateralScreen/"":/""42314602511581740/"",/""collateralScreenName/"":/""Collateral Creation Screen/"",/""collateralCopyFieldSetName/"":/""LLC_BI__Collateral_Creation_Screen_Configuration/"",/""collateralCloneFieldSetName/"":/""LLC_BI__Collateral_Creation_Screen_Configuration/"",/""addCollateralScreen/"":/""42314602511581740/"",/""addChildCollateralScreen/"":/""42314602511581740/""}","","false","","Manage_Collateral_UCC","","","F1B643","fff","custom/custom18","false","a0sWD00000XnsduYAB","false","","","","a0sWD00000XoBstYAF","","UCC","","","","a2k3g000000CbDvAAK","true","General Intangibles",""
"a1lWE000002pnaDYAQ","005al00000RVcKvAAL","false","UCC-Farm Products-759","2026-08-11T16:28:41.000Z","005al00000RVvFOAA1","2026-08-14T09:32:29.000Z","005al00000RVvFOAA1","2026-08-14T09:32:29.000Z","","","","50.0","false","","759","{/""prodPkgEditScreen/"":/""42091291881629952/"",/""ownershipAssignmentFieldSetName/"":/""LLC_BI__Bulk_Ownership_Assignment/"",/""editCollateralScreen/"":/""42314602511581740/"",/""copyCollateralScreen/"":/""42314602511581740/"",/""collateralScreenName/"":/""Collateral Creation Screen/"",/""collateralCopyFieldSetName/"":/""LLC_BI__Collateral_Creation_Screen_Configuration/"",/""collateralCloneFieldSetName/"":/""LLC_BI__Collateral_Creation_Screen_Configuration/"",/""addCollateralScreen/"":/""42314602511581740/"",/""addChildCollateralScreen/"":/""42314602511581740/""}","","false","","Manage_Collateral_UCC","","","F1B643","fff","custom/custom18","false","a0sWD00000XnsduYAB","false","","","","a0sWD00000XoBstYAF","","UCC","","","","a2k3g000000CbDwAAK","true","Farm Products",""
"a1lWE000002pnaEYAQ","005al00000RVcKvAAL","false","UCC-Livestock-760","2026-08-11T16:28:41.000Z","005al00000RVvFOAA1","2026-08-14T09:32:29.000Z","005al00000RVvFOAA1","2026-08-14T09:32:29.000Z","","","","50.0","false","","760","{/""prodPkgEditScreen/"":/""42091291881629952/"",/""ownershipAssignmentFieldSetName/"":/""LLC_BI__Bulk_Ownership_Assignment/"",/""editCollateralScreen/"":/""42314602511581740/"",/""copyCollateralScreen/"":/""42314602511581740/"",/""collateralScreenName/"":/""Collateral Creation Screen/"",/""collateralCopyFieldSetName/"":/""LLC_BI__Collateral_Creation_Screen_Configuration/"",/""collateralCloneFieldSetName/"":/""LLC_BI__Collateral_Creation_Screen_Configuration/"",/""addCollateralScreen/"":/""42314602511581740/"",/""addChildCollateralScreen/"":/""42314602511581740/""}","","false","","Manage_Collateral_UCC","","","F1B643","fff","custom/custom18","false","a0sWD00000XnsduYAB","false","","","","a0sWD00000XoBstYAF","","UCC","","","","a2k3g000000CbDxAAK","true","Livestock",""
"a1lWE000002pnaFYAQ","005al00000RVcKvAAL","false","UCC-Farm Equipment-761","2026-08-11T16:28:41.000Z","005al00000RVvFOAA1","2026-08-14T09:32:29.000Z","005al00000RVvFOAA1","2026-08-14T09:32:29.000Z","","","","50.0","false","","761","{/""prodPkgEditScreen/"":/""42091291881629952/"",/""ownershipAssignmentFieldSetName/"":/""LLC_BI__Bulk_Ownership_Assignment/"",/""editCollateralScreen/"":/""42314602511581740/"",/""copyCollateralScreen/"":/""42314602511581740/"",/""collateralScreenName/"":/""Collateral Creation Screen/"",/""collateralCopyFieldSetName/"":/""LLC_BI__Collateral_Creation_Screen_Configuration/"",/""collateralCloneFieldSetName/"":/""LLC_BI__Collateral_Creation_Screen_Configuration/"",/""addCollateralScreen/"":/""42314602511581740/"",/""addChildCollateralScreen/"":/""42314602511581740/""}","","false","","Manage_Collateral_UCC","","","F1B643","fff","custom/custom18","false","a0sWD00000XnsduYAB","false","","","","a0sWD00000XoBstYAF","","UCC","","","","a2k3g000000CbDyAAK","true","Farm Equipment",""
"a1lWE000002pnaGYAQ","005al00000RVcKvAAL","false","UCC-Consumer Goods-750","2026-08-11T16:28:41.000Z","005al00000RVvFOAA1","2026-08-14T09:32:29.000Z","005al00000RVvFOAA1","2026-08-14T09:32:29.000Z","","","","50.0","false","","750","{/""prodPkgEditScreen/"":/""42091291881629952/"",/""ownershipAssignmentFieldSetName/"":/""LLC_BI__Bulk_Ownership_Assignment/"",/""editCollateralScreen/"":/""42314602511581740/"",/""copyCollateralScreen/"":/""42314602511581740/"",/""collateralScreenName/"":/""Collateral Creation Screen/"",/""collateralCopyFieldSetName/"":/""LLC_BI__Collateral_Creation_Screen_Configuration/"",/""collateralCloneFieldSetName/"":/""LLC_BI__Collateral_Creation_Screen_Configuration/"",/""addCollateralScreen/"":/""42314602511581740/"",/""addChildCollateralScreen/"":/""42314602511581740/""}","","false","","Manage_Collateral_UCC","","","F1B643","fff","custom/custom18","false","a0sWD00000XnsduYAB","false","","","","a0sWD00000XoBstYAF","","UCC","","","","a2k3g000000CbDzAAK","true","Consumer Goods",""
"a1lWE000002pnaHYAQ","005al00000RVcKvAAL","false","UCC-Tort Claim-762","2026-08-11T16:28:41.000Z","005al00000RVvFOAA1","2026-08-14T09:32:29.000Z","005al00000RVvFOAA1","2026-08-14T09:32:29.000Z","","","","50.0","false","","762","{/""prodPkgEditScreen/"":/""42091291881629952/"",/""ownershipAssignmentFieldSetName/"":/""LLC_BI__Bulk_Ownership_Assignment/"",/""editCollateralScreen/"":/""42314602511581740/"",/""copyCollateralScreen/"":/""42314602511581740/"",/""collateralScreenName/"":/""Collateral Creation Screen/"",/""collateralCopyFieldSetName/"":/""LLC_BI__Collateral_Creation_Screen_Configuration/"",/""collateralCloneFieldSetName/"":/""LLC_BI__Collateral_Creation_Screen_Configuration/"",/""addCollateralScreen/"":/""42314602511581740/"",/""addChildCollateralScreen/"":/""42314602511581740/""}","","false","","Manage_Collateral_UCC","","","F1B643","fff","custom/custom18","false","a0sWD00000XnsduYAB","false","","","","a0sWD00000XoBstYAF","","UCC","","","","a2k3g000000CbE0AAK","true","Tort Claim",""
"a1lWE000002pnaIYAQ","005al00000RVcKvAAL","false","UCC-Crops-602","2026-08-11T16:28:41.000Z","005al00000RVvFOAA1","2026-08-14T09:32:29.000Z","005al00000RVvFOAA1","2026-08-14T09:32:29.000Z","","","","65.0","false","","602","{/""prodPkgEditScreen/"":/""42091291881629952/"",/""ownershipAssignmentFieldSetName/"":/""LLC_BI__Bulk_Ownership_Assignment/"",/""editCollateralScreen/"":/""42314602511581740/"",/""copyCollateralScreen/"":/""42314602511581740/"",/""collateralScreenName/"":/""Collateral Creation Screen/"",/""collateralCopyFieldSetName/"":/""LLC_BI__Collateral_Creation_Screen_Configuration/"",/""collateralCloneFieldSetName/"":/""LLC_BI__Collateral_Creation_Screen_Configuration/"",/""addCollateralScreen/"":/""42314602511581740/"",/""addChildCollateralScreen/"":/""42314602511581740/""}","","false","","Manage_Collateral_UCC","","","F1B643","fff","custom/custom18","false","a0sWD00000XnsduYAB","false","","","","a0sWD00000XoBstYAF","","UCC","","","","a2k3g000000CbE1AAK","true","Crops",""
"a1lWE000002pnaJYAQ","005al00000RVcKvAAL","false","UCC-Fixtures-763","2026-08-11T16:28:41.000Z","005al00000RVvFOAA1","2026-08-14T09:32:29.000Z","005al00000RVvFOAA1","2026-08-14T09:32:29.000Z","","","","50.0","false","","763","{/""prodPkgEditScreen/"":/""42091291881629952/"",/""ownershipAssignmentFieldSetName/"":/""LLC_BI__Bulk_Ownership_Assignment/"",/""editCollateralScreen/"":/""42314602511581740/"",/""copyCollateralScreen/"":/""42314602511581740/"",/""collateralScreenName/"":/""Collateral Creation Screen/"",/""collateralCopyFieldSetName/"":/""LLC_BI__Collateral_Creation_Screen_Configuration/"",/""collateralCloneFieldSetName/"":/""LLC_BI__Collateral_Creation_Screen_Configuration/"",/""addCollateralScreen/"":/""42314602511581740/"",/""addChildCollateralScreen/"":/""42314602511581740/""}","","false","","Manage_Collateral_UCC","","","F1B643","fff","custom/custom18","false","a0sWD00000XnsduYAB","false","","","","a0sWD00000XoBstYAF","","UCC","","","","a2k3g000000CbE2AAK","true","Fixtures",""
"a1lWE000002pnaKYAQ","005al00000RVcKvAAL","false","UCC-Standing Timber-764","2026-08-11T16:28:41.000Z","005al00000RVvFOAA1","2026-08-14T09:32:29.000Z","005al00000RVvFOAA1","2026-08-14T09:32:29.000Z","","","","50.0","false","","764","{/""prodPkgEditScreen/"":/""42091291881629952/"",/""ownershipAssignmentFieldSetName/"":/""LLC_BI__Bulk_Ownership_Assignment/"",/""editCollateralScreen/"":/""42314602511581740/"",/""copyCollateralScreen/"":/""42314602511581740/"",/""collateralScreenName/"":/""Collateral Creation Screen/"",/""collateralCopyFieldSetName/"":/""LLC_BI__Collateral_Creation_Screen_Configuration/"",/""collateralCloneFieldSetName/"":/""LLC_BI__Collateral_Creation_Screen_Configuration/"",/""addCollateralScreen/"":/""42314602511581740/"",/""addChildCollateralScreen/"":/""42314602511581740/""}","","false","","Manage_Collateral_UCC","","","F1B643","fff","custom/custom18","false","a0sWD00000XnsduYAB","false","","","","a0sWD00000XoBstYAF","","UCC","","","","a2k3g000000CbE3AAK","true","Standing Timber",""
"a1lWE000002pnaLYAQ","005al00000RVcKvAAL","false","UCC-Minerals, Oil and Gas-765","2026-08-11T16:28:41.000Z","005al00000RVvFOAA1","2026-08-14T09:32:29.000Z","005al00000RVvFOAA1","2026-08-14T09:32:29.000Z","","","","50.0","false","","765","{/""prodPkgEditScreen/"":/""42091291881629952/"",/""ownershipAssignmentFieldSetName/"":/""LLC_BI__Bulk_Ownership_Assignment/"",/""editCollateralScreen/"":/""42314602511581740/"",/""copyCollateralScreen/"":/""42314602511581740/"",/""collateralScreenName/"":/""Collateral Creation Screen/"",/""collateralCopyFieldSetName/"":/""LLC_BI__Collateral_Creation_Screen_Configuration/"",/""collateralCloneFieldSetName/"":/""LLC_BI__Collateral_Creation_Screen_Configuration/"",/""addCollateralScreen/"":/""42314602511581740/"",/""addChildCollateralScreen/"":/""42314602511581740/""}","","false","","Manage_Collateral_UCC","","","F1B643","fff","custom/custom18","false","a0sWD00000XnsduYAB","false","","","","a0sWD00000XoBstYAF","","UCC","","","","a2k3g000000CbE4AAK","true","Minerals, Oil and Gas",""
"a1lWE000002pnaMYAQ","005al00000RVcKvAAL","false","Possessory-Savings/CDs-165","2026-08-11T16:28:41.000Z","005al00000RVvFOAA1","2026-08-14T09:32:29.000Z","005al00000RVvFOAA1","2026-08-14T09:32:29.000Z","","","","70.0","false","","165","{/""prodPkgEditScreen/"":/""42091291881629952/"",/""ownershipAssignmentFieldSetName/"":/""LLC_BI__Bulk_Ownership_Assignment/"",/""editCollateralScreen/"":/""42314602511581740/"",/""copyCollateralScreen/"":/""42314602511581740/"",/""collateralScreenName/"":/""Collateral Creation Screen/"",/""collateralCopyFieldSetName/"":/""LLC_BI__Collateral_Creation_Screen_Configuration/"",/""collateralCloneFieldSetName/"":/""LLC_BI__Collateral_Creation_Screen_Configuration/"",/""addCollateralScreen/"":/""42314602511581740/"",/""addChildCollateralScreen/"":/""42314602511581740/""}","","false","","Manage_Collateral_Possessory","","","85BE40","fff","custom/custom17","false","a0sWD00000XnsduYAB","false","","","","a0sWD00000XoBtAYAV","","Possessory","","","","a2k3g000000CbE5AAK","true","Savings/CDs",""
"a1lWE000002pnaNYAQ","005al00000RVcKvAAL","false","Possessory-Securities-170","2026-08-11T16:28:41.000Z","005al00000RVvFOAA1","2026-08-14T09:32:29.000Z","005al00000RVvFOAA1","2026-08-14T09:32:29.000Z","","","","50.0","false","","170","{/""prodPkgEditScreen/"":/""42091291881629952/"",/""ownershipAssignmentFieldSetName/"":/""LLC_BI__Bulk_Ownership_Assignment/"",/""editCollateralScreen/"":/""42314602511581740/"",/""copyCollateralScreen/"":/""42314602511581740/"",/""collateralScreenName/"":/""Collateral Creation Screen/"",/""collateralCopyFieldSetName/"":/""LLC_BI__Collateral_Creation_Screen_Configuration/"",/""collateralCloneFieldSetName/"":/""LLC_BI__Collateral_Creation_Screen_Configuration/"",/""addCollateralScreen/"":/""42314602511581740/"",/""addChildCollateralScreen/"":/""42314602511581740/""}","","false","","Manage_Collateral_Possessory","","","85BE40","fff","custom/custom17","false","a0sWD00000XnsduYAB","false","","","","a0sWD00000XoBtAYAV","","Possessory","","","","a2k3g000000CbE6AAK","true","Securities",""
"a1lWE000002pnaOYAQ","005al00000RVcKvAAL","false","Possessory-Note/Instrument-146","2026-08-11T16:28:41.000Z","005al00000RVvFOAA1","2026-08-14T09:32:29.000Z","005al00000RVvFOAA1","2026-08-14T09:32:29.000Z","","","","60.0","false","","146","{/""prodPkgEditScreen/"":/""42091291881629952/"",/""ownershipAssignmentFieldSetName/"":/""LLC_BI__Bulk_Ownership_Assignment/"",/""editCollateralScreen/"":/""42314602511581740/"",/""copyCollateralScreen/"":/""42314602511581740/"",/""collateralScreenName/"":/""Collateral Creation Screen/"",/""collateralCopyFieldSetName/"":/""LLC_BI__Collateral_Creation_Screen_Configuration/"",/""collateralCloneFieldSetName/"":/""LLC_BI__Collateral_Creation_Screen_Configuration/"",/""addCollateralScreen/"":/""42314602511581740/"",/""addChildCollateralScreen/"":/""42314602511581740/""}","","false","","Manage_Collateral_Possessory","","","85BE40","fff","custom/custom17","false","a0sWD00000XnsduYAB","false","","","","a0sWD00000XoBtAYAV","","Possessory","","","","a2k3g000000CbE7AAK","true","Note/Instrument",""
"a1lWE000002pnaPYAQ","005al00000RVcKvAAL","false","Possessory-Receipts/Bills-160","2026-08-11T16:28:41.000Z","005al00000RVvFOAA1","2026-08-14T09:32:29.000Z","005al00000RVvFOAA1","2026-08-14T09:32:29.000Z","","","","50.0","false","","160","{/""prodPkgEditScreen/"":/""42091291881629952/"",/""ownershipAssignmentFieldSetName/"":/""LLC_BI__Bulk_Ownership_Assignment/"",/""editCollateralScreen/"":/""42314602511581740/"",/""copyCollateralScreen/"":/""42314602511581740/"",/""collateralScreenName/"":/""Collateral Creation Screen/"",/""collateralCopyFieldSetName/"":/""LLC_BI__Collateral_Creation_Screen_Configuration/"",/""collateralCloneFieldSetName/"":/""LLC_BI__Collateral_Creation_Screen_Configuration/"",/""addCollateralScreen/"":/""42314602511581740/"",/""addChildCollateralScreen/"":/""42314602511581740/""}","","false","","Manage_Collateral_Possessory","","","85BE40","fff","custom/custom17","false","a0sWD00000XnsduYAB","false","","","","a0sWD00000XoBtAYAV","","Possessory","","","","a2k3g000000CbE8AAK","true","Receipts/Bills",""
"a1lWE000002pnaQYAQ","005al00000RVcKvAAL","false","Possessory-Letter of Credit-141","2026-08-11T16:28:41.000Z","005al00000RVvFOAA1","2026-08-14T09:32:29.000Z","005al00000RVvFOAA1","2026-08-14T09:32:29.000Z","","","","60.0","false","","141","{/""prodPkgEditScreen/"":/""42091291881629952/"",/""ownershipAssignmentFieldSetName/"":/""LLC_BI__Bulk_Ownership_Assignment/"",/""editCollateralScreen/"":/""42314602511581740/"",/""copyCollateralScreen/"":/""42314602511581740/"",/""collateralScreenName/"":/""Collateral Creation Screen/"",/""collateralCopyFieldSetName/"":/""LLC_BI__Collateral_Creation_Screen_Configuration/"",/""collateralCloneFieldSetName/"":/""LLC_BI__Collateral_Creation_Screen_Configuration/"",/""addCollateralScreen/"":/""42314602511581740/"",/""addChildCollateralScreen/"":/""42314602511581740/""}","","false","","Manage_Collateral_Possessory","","","85BE40","fff","custom/custom17","false","a0sWD00000XnsduYAB","false","","","","a0sWD00000XoBtAYAV","","Possessory","","","","a2k3g000000CbE9AAK","true","Letter of Credit",""
"a1lWE000002pnaRYAQ","005al00000RVcKvAAL","false","Possessory-Other Possessory-147","2026-08-11T16:28:41.000Z","005al00000RVvFOAA1","2026-08-14T09:32:29.000Z","005al00000RVvFOAA1","2026-08-14T09:32:29.000Z","","","","45.0","false","","147","{/""prodPkgEditScreen/"":/""42091291881629952/"",/""ownershipAssignmentFieldSetName/"":/""LLC_BI__Bulk_Ownership_Assignment/"",/""editCollateralScreen/"":/""42314602511581740/"",/""copyCollateralScreen/"":/""42314602511581740/"",/""collateralScreenName/"":/""Collateral Creation Screen/"",/""collateralCopyFieldSetName/"":/""LLC_BI__Collateral_Creation_Screen_Configuration/"",/""collateralCloneFieldSetName/"":/""LLC_BI__Collateral_Creation_Screen_Configuration/"",/""addCollateralScreen/"":/""42314602511581740/"",/""addChildCollateralScreen/"":/""42314602511581740/""}","","false","","Manage_Collateral_Possessory","","","85BE40","fff","custom/custom17","false","a0sWD00000XnsduYAB","false","","","","a0sWD00000XoBtAYAV","","Possessory","","","","a2k3g000000CbEAAA0","true","Other Possessory",""
"a1lWE000002pnaSYAQ","005al00000RVcKvAAL","false","Possessory-Life Insurance-145","2026-08-11T16:28:41.000Z","005al00000RVvFOAA1","2026-08-14T09:32:29.000Z","005al00000RVvFOAA1","2026-08-14T09:32:29.000Z","","","","65.0","false","","145","{/""prodPkgEditScreen/"":/""42091291881629952/"",/""ownershipAssignmentFieldSetName/"":/""LLC_BI__Bulk_Ownership_Assignment/"",/""editCollateralScreen/"":/""42314602511581740/"",/""copyCollateralScreen/"":/""42314602511581740/"",/""collateralScreenName/"":/""Collateral Creation Screen/"",/""collateralCopyFieldSetName/"":/""LLC_BI__Collateral_Creation_Screen_Configuration/"",/""collateralCloneFieldSetName/"":/""LLC_BI__Collateral_Creation_Screen_Configuration/"",/""addCollateralScreen/"":/""42314602511581740/"",/""addChildCollateralScreen/"":/""42314602511581740/""}","","false","","Manage_Collateral_Possessory","","","85BE40","fff","custom/custom17","false","a0sWD00000XnsduYAB","false","","","","a0sWD00000XoBtAYAV","","Possessory","","","","a2k3g000000CbEBAA0","true","Life Insurance",""
"a1lWE000002pnaTYAQ","005al00000RVcKvAAL","false","Real Estate-1-4 Family-766","2026-08-11T16:28:41.000Z","005al00000RVvFOAA1","2026-08-14T09:32:29.000Z","005al00000RVvFOAA1","2026-08-14T09:32:29.000Z","","","","80.0","false","","766","{/""prodPkgEditScreen/"":/""42091291881629952/"",/""ownershipAssignmentFieldSetName/"":/""LLC_BI__Bulk_Ownership_Assignment/"",/""editCollateralScreen/"":/""42314602511581740/"",/""copyCollateralScreen/"":/""42314602511581740/"",/""collateralScreenName/"":/""Collateral Creation Screen/"",/""collateralCopyFieldSetName/"":/""LLC_BI__Collateral_Creation_Screen_Configuration/"",/""collateralCloneFieldSetName/"":/""LLC_BI__Collateral_Creation_Screen_Configuration/"",/""addCollateralScreen/"":/""42314602511581740/"",/""addChildCollateralScreen/"":/""42314602511581740/""}","","false","","Manage_Collateral_Real_Estate","","","670B7B","fff","custom/custom24","false","a0sWD00000XnsduYAB","false","","","","a0sWD00000XoBp1YAF","","Real Estate","","","","a2k3g000000CbECAA0","true","1-4 Family",""
"a1lWE000002pnaUYAQ","005al00000RVcKvAAL","false","Real Estate-Multi-Family-770","2026-08-11T16:28:41.000Z","005al00000RVvFOAA1","2026-08-14T09:32:29.000Z","005al00000RVvFOAA1","2026-08-14T09:32:29.000Z","","","","75.0","false","","770","{/""prodPkgEditScreen/"":/""42091291881629952/"",/""ownershipAssignmentFieldSetName/"":/""LLC_BI__Bulk_Ownership_Assignment/"",/""editCollateralScreen/"":/""42314602511581740/"",/""copyCollateralScreen/"":/""42314602511581740/"",/""collateralScreenName/"":/""Collateral Creation Screen/"",/""collateralCopyFieldSetName/"":/""LLC_BI__Collateral_Creation_Screen_Configuration/"",/""collateralCloneFieldSetName/"":/""LLC_BI__Collateral_Creation_Screen_Configuration/"",/""addCollateralScreen/"":/""42314602511581740/"",/""addChildCollateralScreen/"":/""42314602511581740/""}","","false","","Manage_Collateral_Real_Estate","","","670B7B","fff","custom/custom24","false","a0sWD00000XnsduYAB","false","","","","a0sWD00000XoBp1YAF","","Real Estate","","","","a2k3g000000CbEDAA0","true","Multi-Family",""
"a1lWE000002pnaVYAQ","005al00000RVcKvAAL","false","Real Estate-Construction-775","2026-08-11T16:28:41.000Z","005al00000RVvFOAA1","2026-08-14T09:32:29.000Z","005al00000RVvFOAA1","2026-08-14T09:32:29.000Z","","","","80.0","false","","775","{/""prodPkgEditScreen/"":/""42091291881629952/"",/""ownershipAssignmentFieldSetName/"":/""LLC_BI__Bulk_Ownership_Assignment/"",/""editCollateralScreen/"":/""42314602511581740/"",/""copyCollateralScreen/"":/""42314602511581740/"",/""collateralScreenName/"":/""Collateral Creation Screen/"",/""collateralCopyFieldSetName/"":/""LLC_BI__Collateral_Creation_Screen_Configuration/"",/""collateralCloneFieldSetName/"":/""LLC_BI__Collateral_Creation_Screen_Configuration/"",/""addCollateralScreen/"":/""42314602511581740/"",/""addChildCollateralScreen/"":/""42314602511581740/""}","","false","","Manage_Collateral_Real_Estate","","","670B7B","fff","custom/custom24","false","a0sWD00000XnsduYAB","false","","","","a0sWD00000XoBp1YAF","","Real Estate","","","","a2k3g000000CbEEAA0","true","Construction",""
"a1lWE000002pnaWYAQ","005al00000RVcKvAAL","false","Real Estate-Lot-776","2026-08-11T16:28:41.000Z","005al00000RVvFOAA1","2026-08-14T09:32:29.000Z","005al00000RVvFOAA1","2026-08-14T09:32:29.000Z","","","","50.0","false","","776","{/""prodPkgEditScreen/"":/""42091291881629952/"",/""ownershipAssignmentFieldSetName/"":/""LLC_BI__Bulk_Ownership_Assignment/"",/""editCollateralScreen/"":/""42314602511581740/"",/""copyCollateralScreen/"":/""42314602511581740/"",/""collateralScreenName/"":/""Collateral Creation Screen/"",/""collateralCopyFieldSetName/"":/""LLC_BI__Collateral_Creation_Screen_Configuration/"",/""collateralCloneFieldSetName/"":/""LLC_BI__Collateral_Creation_Screen_Configuration/"",/""addCollateralScreen/"":/""42314602511581740/"",/""addChildCollateralScreen/"":/""42314602511581740/""}","","false","","Manage_Collateral_Real_Estate","","","670B7B","fff","custom/custom24","false","a0sWD00000XnsduYAB","false","","","","a0sWD00000XoBp1YAF","","Real Estate","","","","a2k3g000000CbEFAA0","true","Lot",""
"a1lWE000002pnaXYAQ","005al00000RVcKvAAL","false","Real Estate-Mobile Home-780","2026-08-11T16:28:41.000Z","005al00000RVvFOAA1","2026-08-14T09:32:29.000Z","005al00000RVvFOAA1","2026-08-14T09:32:29.000Z","","","","70.0","false","","780","{/""prodPkgEditScreen/"":/""42091291881629952/"",/""ownershipAssignmentFieldSetName/"":/""LLC_BI__Bulk_Ownership_Assignment/"",/""editCollateralScreen/"":/""42314602511581740/"",/""copyCollateralScreen/"":/""42314602511581740/"",/""collateralScreenName/"":/""Collateral Creation Screen/"",/""collateralCopyFieldSetName/"":/""LLC_BI__Collateral_Creation_Screen_Configuration/"",/""collateralCloneFieldSetName/"":/""LLC_BI__Collateral_Creation_Screen_Configuration/"",/""addCollateralScreen/"":/""42314602511581740/"",/""addChildCollateralScreen/"":/""42314602511581740/""}","","false","","Manage_Collateral_Real_Estate","","","670B7B","fff","custom/custom24","false","a0sWD00000XnsduYAB","false","","","","a0sWD00000XoBp1YAF","","Real Estate","","","","a2k3g000000CbEGAA0","true","Mobile Home",""
"a1lWE000002pnaYYAQ","005al00000RVcKvAAL","false","Real Estate-Land-795","2026-08-11T16:28:41.000Z","005al00000RVvFOAA1","2026-08-14T09:32:29.000Z","005al00000RVvFOAA1","2026-08-14T09:32:29.000Z","","","","50.0","false","","795","{/""prodPkgEditScreen/"":/""42091291881629952/"",/""ownershipAssignmentFieldSetName/"":/""LLC_BI__Bulk_Ownership_Assignment/"",/""editCollateralScreen/"":/""42314602511581740/"",/""copyCollateralScreen/"":/""42314602511581740/"",/""collateralScreenName/"":/""Collateral Creation Screen/"",/""collateralCopyFieldSetName/"":/""LLC_BI__Collateral_Creation_Screen_Configuration/"",/""collateralCloneFieldSetName/"":/""LLC_BI__Collateral_Creation_Screen_Configuration/"",/""addCollateralScreen/"":/""42314602511581740/"",/""addChildCollateralScreen/"":/""42314602511581740/""}","","false","","Manage_Collateral_Real_Estate","","","670B7B","fff","custom/custom24","false","a0sWD00000XnsduYAB","false","","","","a0sWD00000XoBp1YAF","","Real Estate","","","","a2k3g000000CbEHAA0","true","Land",""
"a1lWE000002pnaZYAQ","005al00000RVcKvAAL","false","Business Assets-Accounts Receivable-1150","2026-08-11T16:28:41.000Z","005al00000RVvFOAA1","2026-08-14T09:32:29.000Z","005al00000RVvFOAA1","2026-08-14T09:32:29.000Z","","","","75.0","false","","1150","{/""prodPkgEditScreen/"":/""42091291881629952/"",/""ownershipAssignmentFieldSetName/"":/""LLC_BI__Bulk_Ownership_Assignment/"",/""editCollateralScreen/"":/""42314602511581740/"",/""copyCollateralScreen/"":/""42314602511581740/"",/""collateralScreenName/"":/""Collateral Creation Screen/"",/""collateralCopyFieldSetName/"":/""LLC_BI__Collateral_Creation_Screen_Configuration/"",/""collateralCloneFieldSetName/"":/""LLC_BI__Collateral_Creation_Screen_Configuration/"",/""addCollateralScreen/"":/""42314602511581740/"",/""addChildCollateralScreen/"":/""42314602511581740/""}","","false","","Manage_Collateral_UCC","","","0092C7","fff","custom/custom32","false","a0sWD00000XnsduYAB","false","","","75.0","a0sWD00000XoBoMYAV","2016-09-01","Business Assets","","","","a2k3g000000CbEIAA0","true","Accounts Receivable",""
"a1lWD0000017KdDYAU","005al00000Q6IbCAAV","false","Real Estate-Land","2026-04-07T19:06:18.000Z","005al00000RVcKvAAL","2026-08-14T09:32:28.000Z","005al00000RVvFOAA1","2026-08-14T09:32:28.000Z","","","","80.0","true","","","{""prodPkgEditScreen"":""42875581032868363"",""ownershipAssignmentFieldSetName"":""LLC_BI__Bulk_Ownership_Assignment"",""editCollateralScreen"":""42875581032868363"",""copyCollateralScreen"":""42875581032868363"",""collateralScreenName"":""Collateral Creation Screen"",""collateralCopyFieldSetName"":""LLC_BI__Collateral_Creation_Screen_Configuration"",""collateralCloneFieldSetName"":""LLC_BI__Collateral_Creation_Screen_Configuration"",""addCollateralScreen"":""42875581032868363"",""addChildCollateralScreen"":""42363993400862416""}","","false","","","","","670B7B","fff","custom/custom24","false","a0sWD00000XnsduYAB","false","","Appraisal;Internal Valuation;Third Party Source","","a0sWD00000Xnse0YAB","2023-03-19","Real Estate","","","","a6927a1a-3ab8-51d1-9eab-6e132723bdf9","true","Land",""
"a1lWD0000017KdEYAU","005al00000Q6IbCAAV","false","UCC-Equipment","2026-04-07T19:06:18.000Z","005al00000RVcKvAAL","2026-08-14T09:32:28.000Z","005al00000RVvFOAA1","2026-08-14T09:32:28.000Z","","","","80.0","true","","","{""prodPkgEditScreen"":""42966783217336788"",""ownershipAssignmentFieldSetName"":""LLC_BI__Bulk_Ownership_Assignment"",""editCollateralScreen"":""42966783217336788"",""copyCollateralScreen"":""42966783217336788"",""collateralScreenName"":""Collateral Creation Screen"",""collateralCopyFieldSetName"":""LLC_BI__Collateral_Creation_Screen_Configuration"",""collateralCloneFieldSetName"":""LLC_BI__Collateral_Creation_Screen_Configuration"",""addCollateralScreen"":""42966783217336788"",""addChildCollateralScreen"":""42363993400862416""}","","false","","","","","F1B643","fff","custom/custom18","false","a0sWD00000XnsduYAB","false","","Internal Valuation;Invoice / Bill of Sale;Third Party Source","","a0sWD00000Xnse6YAB","2023-03-19","UCC","","","","a72d7163-81e8-5a0f-a083-e27a1948ce14","true","Equipment",""
"a1lWD0000017KdFYAU","005al00000Q6IbCAAV","false","Real Estate-Other RE","2026-04-07T19:06:18.000Z","005al00000RVcKvAAL","2026-08-14T09:32:28.000Z","005al00000RVvFOAA1","2026-08-14T09:32:28.000Z","","","","80.0","true","","","{""prodPkgEditScreen"":""42875581032868363"",""ownershipAssignmentFieldSetName"":""LLC_BI__Bulk_Ownership_Assignment"",""editCollateralScreen"":""42875581032868363"",""copyCollateralScreen"":""42875581032868363"",""collateralScreenName"":""Collateral Creation Screen"",""collateralCopyFieldSetName"":""LLC_BI__Collateral_Creation_Screen_Configuration"",""collateralCloneFieldSetName"":""LLC_BI__Collateral_Creation_Screen_Configuration"",""addCollateralScreen"":""42875581032868363"",""addChildCollateralScreen"":""42363993400862416""}","","false","","","","","670B7B","fff","custom/custom24","false","a0sWD00000XnsduYAB","false","","Appraisal;Internal Valuation;Third Party Source","","a0sWD00000Xnse0YAB","2023-03-19","Real Estate","","","","abcc5675-4a54-5ec8-a15e-d4045def1a7a","true","Other RE",""
"a1lWD0000017KdGYAU","005al00000Q6IbCAAV","false","UCC-General Intangibles","2026-04-07T19:06:18.000Z","005al00000RVcKvAAL","2026-08-14T09:32:28.000Z","005al00000RVvFOAA1","2026-08-14T09:32:28.000Z","","","","80.0","true","","","{""prodPkgEditScreen"":""42966783217336788"",""ownershipAssignmentFieldSetName"":""LLC_BI__Bulk_Ownership_Assignment"",""editCollateralScreen"":""42966783217336788"",""copyCollateralScreen"":""42966783217336788"",""collateralScreenName"":""Collateral Creation Screen"",""collateralCopyFieldSetName"":""LLC_BI__Collateral_Creation_Screen_Configuration"",""collateralCloneFieldSetName"":""LLC_BI__Collateral_Creation_Screen_Configuration"",""addCollateralScreen"":""42966783217336788"",""addChildCollateralScreen"":""42363993400862416""}","","false","","","","","F1B643","fff","custom/custom18","false","a0sWD00000XnsduYAB","false","","Financial Statement;Internal Valuation;Invoice / Bill of Sale;Third Party Source","","a0sWD00000Xnse6YAB","2023-03-19","UCC","","","","ac3981c5-5b23-55a5-88a8-7ec6922c9049","true","General Intangibles",""
"a1lWE000002pnaaYAA","005al00000RVcKvAAL","false","Borrowing Base-Accts Rec 31-60-2109","2026-08-11T16:28:41.000Z","005al00000RVvFOAA1","2026-08-14T09:32:29.000Z","005al00000RVvFOAA1","2026-08-14T09:32:29.000Z","","","","70.0","false","","2109","{/""prodPkgEditScreen/"":/""42091291881629952/"",/""ownershipAssignmentFieldSetName/"":/""LLC_BI__Bulk_Ownership_Assignment/"",/""editCollateralScreen/"":/""42314602511581740/"",/""copyCollateralScreen/"":/""42314602511581740/"",/""collateralScreenName/"":/""Collateral Creation Screen/"",/""collateralCopyFieldSetName/"":/""LLC_BI__Collateral_Creation_Screen_Configuration/"",/""collateralCloneFieldSetName/"":/""LLC_BI__Collateral_Creation_Screen_Configuration/"",/""addCollateralScreen/"":/""42314602511581740/"",/""addChildCollateralScreen/"":/""42314602511581740/""}","","false","","Manage_Collateral_UCC","","","0092C7","fff","custom/custom32","false","","false","","","70.0","a0sWD00000XoBs3YAF","2016-09-01","Borrowing Base","","","","asdf","true","Accts Rec 31-60",""
"a1lWD0000017KdHYAU","005al00000Q6IbCAAV","false","UCC-All Business Assets","2026-04-07T19:06:18.000Z","005al00000RVcKvAAL","2026-08-14T09:32:28.000Z","005al00000RVvFOAA1","2026-08-14T09:32:28.000Z","","","","80.0","true","","","{""prodPkgEditScreen"":""42966783217336788"",""ownershipAssignmentFieldSetName"":""LLC_BI__Bulk_Ownership_Assignment"",""editCollateralScreen"":""42966783217336788"",""copyCollateralScreen"":""42966783217336788"",""collateralScreenName"":""Collateral Creation Screen"",""collateralCopyFieldSetName"":""LLC_BI__Collateral_Creation_Screen_Configuration"",""collateralCloneFieldSetName"":""LLC_BI__Collateral_Creation_Screen_Configuration"",""addCollateralScreen"":""42966783217336788"",""addChildCollateralScreen"":""42363993400862416""}","","false","","","","","F1B643","fff","custom/custom18","true","a0sWD00000XnsduYAB","false","","Appraisal;Financial Statement;Internal Valuation","","a0sWD00000Xnse6YAB","2023-03-19","UCC","","","","b39ff049-b48f-51d6-bf2b-74a3c1547558","true","All Business Assets",""
"a1lWD0000017KdIYAU","005al00000Q6IbCAAV","false","UCC-Minerals","2026-04-07T19:06:18.000Z","005al00000RVcKvAAL","2026-08-14T09:32:28.000Z","005al00000RVvFOAA1","2026-08-14T09:32:28.000Z","","","","80.0","true","","","{""prodPkgEditScreen"":""42966783217336788"",""ownershipAssignmentFieldSetName"":""LLC_BI__Bulk_Ownership_Assignment"",""editCollateralScreen"":""42966783217336788"",""copyCollateralScreen"":""42966783217336788"",""collateralScreenName"":""Collateral Creation Screen"",""collateralCopyFieldSetName"":""LLC_BI__Collateral_Creation_Screen_Configuration"",""collateralCloneFieldSetName"":""LLC_BI__Collateral_Creation_Screen_Configuration"",""addCollateralScreen"":""42966783217336788"",""addChildCollateralScreen"":""42363993400862416""}","","false","","","","","F1B643","fff","custom/custom18","false","a0sWD00000XnsduYAB","false","","Internal Valuation;Invoice / Bill of Sale;Third Party Source","","a0sWD00000Xnse6YAB","2023-03-19","UCC","","","","b62752a9-e6e0-595c-9e10-b174ccb7cf91","true","Minerals",""
"a1lWD0000017KdJYAU","005al00000Q6IbCAAV","false","UCC-Chattel Paper","2026-04-07T19:06:18.000Z","005al00000RVcKvAAL","2026-08-14T09:32:28.000Z","005al00000RVvFOAA1","2026-08-14T09:32:28.000Z","","","","80.0","true","","","{""prodPkgEditScreen"":""42966783217336788"",""ownershipAssignmentFieldSetName"":""LLC_BI__Bulk_Ownership_Assignment"",""editCollateralScreen"":""42966783217336788"",""copyCollateralScreen"":""42966783217336788"",""collateralScreenName"":""Collateral Creation Screen"",""collateralCopyFieldSetName"":""LLC_BI__Collateral_Creation_Screen_Configuration"",""collateralCloneFieldSetName"":""LLC_BI__Collateral_Creation_Screen_Configuration"",""addCollateralScreen"":""42966783217336788"",""addChildCollateralScreen"":""42363993400862416""}","","false","","","","","F1B643","fff","custom/custom18","false","a0sWD00000XnsduYAB","false","","Financial Statement;Internal Valuation;Invoice / Bill of Sale","","a0sWD00000Xnse6YAB","2023-03-19","UCC","","","","b86edf2b-3ccb-5e75-9361-2dd69c0cf925","true","Chattel Paper",""
"a1lWD0000017KdKYAU","005al00000Q6IbCAAV","false","UCC-Livestock","2026-04-07T19:06:18.000Z","005al00000RVcKvAAL","2026-08-14T09:32:28.000Z","005al00000RVvFOAA1","2026-08-14T09:32:28.000Z","","","","80.0","true","","","{""prodPkgEditScreen"":""42966783217336788"",""ownershipAssignmentFieldSetName"":""LLC_BI__Bulk_Ownership_Assignment"",""editCollateralScreen"":""42966783217336788"",""copyCollateralScreen"":""42966783217336788"",""collateralScreenName"":""Collateral Creation Screen"",""collateralCopyFieldSetName"":""LLC_BI__Collateral_Creation_Screen_Configuration"",""collateralCloneFieldSetName"":""LLC_BI__Collateral_Creation_Screen_Configuration"",""addCollateralScreen"":""42966783217336788"",""addChildCollateralScreen"":""42363993400862416""}","","false","","","","","F1B643","fff","custom/custom18","false","a0sWD00000XnsduYAB","false","","Internal Valuation;Invoice / Bill of Sale;Third Party Source","","a0sWD00000Xnse6YAB","2023-03-19","UCC","","","","b9987ec6-45e9-559c-9ff3-dc9c34a16ca8","true","Livestock",""
"a1lWD0000017KdLYAU","005al00000Q6IbCAAV","false","Real Estate-Oil and Gas","2026-04-07T19:06:18.000Z","005al00000RVcKvAAL","2026-08-14T09:32:28.000Z","005al00000RVvFOAA1","2026-08-14T09:32:28.000Z","","","","80.0","true","","","{""prodPkgEditScreen"":""42875581032868363"",""ownershipAssignmentFieldSetName"":""LLC_BI__Bulk_Ownership_Assignment"",""editCollateralScreen"":""42875581032868363"",""copyCollateralScreen"":""42875581032868363"",""collateralScreenName"":""Collateral Creation Screen"",""collateralCopyFieldSetName"":""LLC_BI__Collateral_Creation_Screen_Configuration"",""collateralCloneFieldSetName"":""LLC_BI__Collateral_Creation_Screen_Configuration"",""addCollateralScreen"":""42875581032868363"",""addChildCollateralScreen"":""42363993400862416""}","","false","","","","","670B7B","fff","custom/custom24","false","a0sWD00000XnsduYAB","false","","Appraisal;Internal Valuation;Invoice / Bill of Sale;Third Party Source","","a0sWD00000Xnse0YAB","2023-03-19","Real Estate","","","","babb17fe-b6ff-5cc0-8974-68d202cfa626","true","Oil and Gas",""
"a1lWD0000017KdMYAU","005al00000Q6IbCAAV","false","UCC-Accounts","2026-04-07T19:06:18.000Z","005al00000RVcKvAAL","2026-08-14T09:32:28.000Z","005al00000RVvFOAA1","2026-08-14T09:32:28.000Z","","","","80.0","true","","","{""prodPkgEditScreen"":""42966783217336788"",""ownershipAssignmentFieldSetName"":""LLC_BI__Bulk_Ownership_Assignment"",""editCollateralScreen"":""42966783217336788"",""copyCollateralScreen"":""42966783217336788"",""collateralScreenName"":""Collateral Creation Screen"",""collateralCopyFieldSetName"":""LLC_BI__Collateral_Creation_Screen_Configuration"",""collateralCloneFieldSetName"":""LLC_BI__Collateral_Creation_Screen_Configuration"",""addCollateralScreen"":""42966783217336788"",""addChildCollateralScreen"":""42363993400862416""}","","false","","","","","F1B643","fff","custom/custom18","false","a0sWD00000XnsduYAB","false","","Account Balance / Statement;Financial Statement;Receivables Aging","","a0sWD00000Xnse6YAB","2023-03-19","UCC","","","","bb7a349b-e25a-590e-b20d-5be2729e3773","true","Accounts",""
"a1lWD0000017KdNYAU","005al00000Q6IbCAAV","false","Real Estate-Commercial","2026-04-07T19:06:18.000Z","005al00000RVcKvAAL","2026-08-14T09:32:28.000Z","005al00000RVvFOAA1","2026-08-14T09:32:28.000Z","","","","80.0","true","","","{""prodPkgEditScreen"":""42875581032868363"",""ownershipAssignmentFieldSetName"":""LLC_BI__Bulk_Ownership_Assignment"",""editCollateralScreen"":""42875581032868363"",""copyCollateralScreen"":""42875581032868363"",""collateralScreenName"":""Collateral Creation Screen"",""collateralCopyFieldSetName"":""LLC_BI__Collateral_Creation_Screen_Configuration"",""collateralCloneFieldSetName"":""LLC_BI__Collateral_Creation_Screen_Configuration"",""addCollateralScreen"":""42875581032868363"",""addChildCollateralScreen"":""42363993400862416""}","","false","","","","","670B7B","fff","custom/custom24","false","a0sWD00000XnsduYAB","false","","Appraisal;Internal Valuation;Third Party Source","","a0sWD00000Xnse0YAB","2023-03-19","Real Estate","","","","bf0b059b-eb84-592a-96d0-0c946ce0bfeb","true","Commercial",""
"a1lWD0000017KdOYAU","005al00000Q6IbCAAV","false","UCC-Consumer Goods","2026-04-07T19:06:18.000Z","005al00000RVcKvAAL","2026-08-14T09:32:28.000Z","005al00000RVvFOAA1","2026-08-14T09:32:28.000Z","","","","80.0","true","","","{""prodPkgEditScreen"":""42966783217336788"",""ownershipAssignmentFieldSetName"":""LLC_BI__Bulk_Ownership_Assignment"",""editCollateralScreen"":""42966783217336788"",""copyCollateralScreen"":""42966783217336788"",""collateralScreenName"":""Collateral Creation Screen"",""collateralCopyFieldSetName"":""LLC_BI__Collateral_Creation_Screen_Configuration"",""collateralCloneFieldSetName"":""LLC_BI__Collateral_Creation_Screen_Configuration"",""addCollateralScreen"":""42966783217336788"",""addChildCollateralScreen"":""42363993400862416""}","","false","","","","","F1B643","fff","custom/custom18","false","a0sWD00000XnsduYAB","false","","Internal Valuation;Invoice / Bill of Sale;Third Party Source","","a0sWD00000Xnse6YAB","2023-03-19","UCC","","","","bf486bc5-d2f8-5485-85d8-f5c8e6ff264b","true","Consumer Goods",""
"a1lWD0000017KdPYAU","005al00000Q6IbCAAV","false","Possessory-Bonds","2026-04-07T19:06:18.000Z","005al00000RVcKvAAL","2026-08-14T09:32:28.000Z","005al00000RVvFOAA1","2026-08-14T09:32:28.000Z","","","","80.0","true","","","{""prodPkgEditScreen"":""42463981752592188"",""ownershipAssignmentFieldSetName"":""LLC_BI__Bulk_Ownership_Assignment"",""editCollateralScreen"":""42463981752592188"",""copyCollateralScreen"":""42463981752592188"",""collateralScreenName"":""Collateral Creation Screen"",""collateralCopyFieldSetName"":""LLC_BI__Collateral_Creation_Screen_Configuration"",""collateralCloneFieldSetName"":""LLC_BI__Collateral_Creation_Screen_Configuration"",""addCollateralScreen"":""42463981752592188"",""addChildCollateralScreen"":""42363993400862416""}","","false","","","","","85BE40","fff","custom/custom17","false","a0sWD00000XnsduYAB","false","","Account Balance / Statement;Third Party Source","","a0sWD00000Xnse3YAB","2023-03-19","Possessory","","","","bf6491a1-692f-5fee-b268-d9ae07160c31","true","Bonds",""
"a1lWD0000017KdQYAU","005al00000Q6IbCAAV","false","Possessory-Securities","2026-04-07T19:06:18.000Z","005al00000RVcKvAAL","2026-08-14T09:32:28.000Z","005al00000RVvFOAA1","2026-08-14T09:32:28.000Z","","","","80.0","true","","","{""prodPkgEditScreen"":""42653954664465365"",""ownershipAssignmentFieldSetName"":""LLC_BI__Bulk_Ownership_Assignment"",""editCollateralScreen"":""42653954664465365"",""copyCollateralScreen"":""42653954664465365"",""collateralScreenName"":""Collateral Creation Screen"",""collateralCopyFieldSetName"":""LLC_BI__Collateral_Creation_Screen_Configuration"",""collateralCloneFieldSetName"":""LLC_BI__Collateral_Creation_Screen_Configuration"",""addCollateralScreen"":""42653954664465365"",""addChildCollateralScreen"":""42363993400862416""}","","false","","","","","85BE40","fff","custom/custom17","false","a0sWD00000XnsduYAB","false","","Account Balance / Statement;Third Party Source","","a0sWD00000Xnse9YAB","2023-03-19","Possessory","","","","c0176a81-0b4c-53ea-bd3e-6302b05f19eb","true","Securities",""
"a1lWD0000017KdRYAU","005al00000Q6IbCAAV","false","Possessory-CD","2026-04-07T19:06:18.000Z","005al00000RVcKvAAL","2026-08-14T09:32:28.000Z","005al00000RVvFOAA1","2026-08-14T09:32:28.000Z","","","","80.0","true","","","{""prodPkgEditScreen"":""42440767386795598"",""ownershipAssignmentFieldSetName"":""LLC_BI__Bulk_Ownership_Assignment"",""editCollateralScreen"":""42440767386795598"",""copyCollateralScreen"":""42440767386795598"",""collateralScreenName"":""Collateral Creation Screen"",""collateralCopyFieldSetName"":""LLC_BI__Collateral_Creation_Screen_Configuration"",""collateralCloneFieldSetName"":""LLC_BI__Collateral_Creation_Screen_Configuration"",""addCollateralScreen"":""42440767386795598"",""addChildCollateralScreen"":""42363993400862416""}","","false","","","","","85BE40","fff","custom/custom17","false","a0sWD00000XnsduYAB","false","","Account Balance / Statement;Third Party Source","","a0sWD00000XnseDYAR","2023-03-19","Possessory","","","","e042fec8-3eea-5703-822a-587735f42965","true","CD",""
"a1lWD0000017KdSYAU","005al00000Q6IbCAAV","false","Titled-Motor Vehicle (New)","2026-04-07T19:06:18.000Z","005al00000RVcKvAAL","2026-08-14T09:32:28.000Z","005al00000RVvFOAA1","2026-08-14T09:32:28.000Z","","","","80.0","true","","","{""prodPkgEditScreen"":""42913737407936953"",""ownershipAssignmentFieldSetName"":""LLC_BI__Bulk_Ownership_Assignment"",""editCollateralScreen"":""42913737407936953"",""copyCollateralScreen"":""42913737407936953"",""collateralScreenName"":""Collateral Creation Screen"",""collateralCopyFieldSetName"":""LLC_BI__Collateral_Creation_Screen_Configuration"",""collateralCloneFieldSetName"":""LLC_BI__Collateral_Creation_Screen_Configuration"",""addCollateralScreen"":""42913737407936953"",""addChildCollateralScreen"":""42363993400862416""}","","false","","LLC_BI__Manage_Collateral_Titled","","","Ba202E","fff","custom/custom31","false","a0sWD00000XnsduYAB","false","","Internal Valuation;Invoice / Bill of Sale;Third Party Source","","a0sWD00000XnseGYAR","2023-03-19","Titled","","","","e4efa7ef-5c0f-5399-94aa-04a5c76aa073","true","Motor Vehicle (New)","Titled - Motor Vehicle - New"
"a1lWD0000017KdTYAU","005al00000Q6IbCAAV","false","Possessory-Warehouse Receipts","2026-04-07T19:06:18.000Z","005al00000RVcKvAAL","2026-08-14T09:32:28.000Z","005al00000RVvFOAA1","2026-08-14T09:32:28.000Z","","","","80.0","true","","","{""prodPkgEditScreen"":""42280349349038997"",""ownershipAssignmentFieldSetName"":""LLC_BI__Bulk_Ownership_Assignment"",""editCollateralScreen"":""42280349349038997"",""copyCollateralScreen"":""42280349349038997"",""collateralScreenName"":""Collateral Creation Screen"",""collateralCopyFieldSetName"":""LLC_BI__Collateral_Creation_Screen_Configuration"",""collateralCloneFieldSetName"":""LLC_BI__Collateral_Creation_Screen_Configuration"",""addCollateralScreen"":""42280349349038997"",""addChildCollateralScreen"":""42363993400862416""}","","false","","","","","85BE40","fff","custom/custom17","false","a0sWD00000XnsduYAB","false","","Internal Valuation;Inventory Report;Invoice / Bill of Sale","","a0sWD00000XnseHYAR","2023-03-19","Possessory","","","","e597981e-a11d-5400-b30b-ebe4ff11429c","true","Warehouse Receipts",""
"a1lWD0000017KdUYAU","005al00000Q6IbCAAV","false","UCC-Franchise Rights","2026-04-07T19:06:18.000Z","005al00000RVcKvAAL","2026-08-14T09:32:28.000Z","005al00000RVvFOAA1","2026-08-14T09:32:28.000Z","","","","80.0","true","","","{""prodPkgEditScreen"":""42966783217336788"",""ownershipAssignmentFieldSetName"":""LLC_BI__Bulk_Ownership_Assignment"",""editCollateralScreen"":""42966783217336788"",""copyCollateralScreen"":""42966783217336788"",""collateralScreenName"":""Collateral Creation Screen"",""collateralCopyFieldSetName"":""LLC_BI__Collateral_Creation_Screen_Configuration"",""collateralCloneFieldSetName"":""LLC_BI__Collateral_Creation_Screen_Configuration"",""addCollateralScreen"":""42966783217336788"",""addChildCollateralScreen"":""42363993400862416""}","","false","","","","","F1B643","fff","custom/custom18","false","a0sWD00000XnsduYAB","false","","Internal Valuation;Third Party Source","","a0sWD00000Xnse6YAB","2023-03-19","UCC","","","","e5c6b1b7-c99c-54d1-8415-2330f0b4f50d","true","Franchise Rights",""
"a1lWD0000017KdVYAU","005al00000Q6IbCAAV","false","Real Estate-Office","2026-04-07T19:06:18.000Z","005al00000RVcKvAAL","2026-08-14T09:32:28.000Z","005al00000RVvFOAA1","2026-08-14T09:32:28.000Z","","","","80.0","true","","","{""prodPkgEditScreen"":""42875581032868363"",""ownershipAssignmentFieldSetName"":""LLC_BI__Bulk_Ownership_Assignment"",""editCollateralScreen"":""42875581032868363"",""copyCollateralScreen"":""42875581032868363"",""collateralScreenName"":""Collateral Creation Screen"",""collateralCopyFieldSetName"":""LLC_BI__Collateral_Creation_Screen_Configuration"",""collateralCloneFieldSetName"":""LLC_BI__Collateral_Creation_Screen_Configuration"",""addCollateralScreen"":""42875581032868363"",""addChildCollateralScreen"":""42363993400862416""}","","false","","","","","670B7B","fff","custom/custom24","false","a0sWD00000XnsduYAB","false","","Appraisal;Internal Valuation;Third Party Source","","a0sWD00000Xnse0YAB","2023-03-19","Real Estate","","","","e6f24043-2e3b-5f4f-8747-b8cb8ca39f32","true","Office",""
"a1lWD0000017KdWYAU","005al00000Q6IbCAAV","false","UCC-Crops","2026-04-07T19:06:18.000Z","005al00000RVcKvAAL","2026-08-14T09:32:28.000Z","005al00000RVvFOAA1","2026-08-14T09:32:28.000Z","","","","80.0","true","","","{""prodPkgEditScreen"":""42966783217336788"",""ownershipAssignmentFieldSetName"":""LLC_BI__Bulk_Ownership_Assignment"",""editCollateralScreen"":""42966783217336788"",""copyCollateralScreen"":""42966783217336788"",""collateralScreenName"":""Collateral Creation Screen"",""collateralCopyFieldSetName"":""LLC_BI__Collateral_Creation_Screen_Configuration"",""collateralCloneFieldSetName"":""LLC_BI__Collateral_Creation_Screen_Configuration"",""addCollateralScreen"":""42966783217336788"",""addChildCollateralScreen"":""42363993400862416""}","","false","","","","","F1B643","fff","custom/custom18","false","a0sWD00000XnsduYAB","false","","Internal Valuation;Invoice / Bill of Sale;Third Party Source","","a0sWD00000Xnse6YAB","2023-03-19","UCC","","","","e9a0b531-c650-5c27-b492-20014f2208fb","true","Crops",""
"a1lWD0000017KdXYAU","005al00000Q6IbCAAV","false","Real Estate-Condominium","2026-04-07T19:06:18.000Z","005al00000RVcKvAAL","2026-08-14T09:32:28.000Z","005al00000RVvFOAA1","2026-08-14T09:32:28.000Z","","","","80.0","true","","","{""prodPkgEditScreen"":""42875581032868363"",""ownershipAssignmentFieldSetName"":""LLC_BI__Bulk_Ownership_Assignment"",""editCollateralScreen"":""42875581032868363"",""copyCollateralScreen"":""42875581032868363"",""collateralScreenName"":""Collateral Creation Screen"",""collateralCopyFieldSetName"":""LLC_BI__Collateral_Creation_Screen_Configuration"",""collateralCloneFieldSetName"":""LLC_BI__Collateral_Creation_Screen_Configuration"",""addCollateralScreen"":""42875581032868363"",""addChildCollateralScreen"":""42363993400862416""}","","false","","","","","670B7B","fff","custom/custom24","false","a0sWD00000XnsduYAB","false","","Appraisal;Internal Valuation;Third Party Source","","a0sWD00000Xnse0YAB","2023-03-19","Real Estate","","","","eb594013-52d7-5bbe-8128-030350b740e7","true","Condominium",""
"a1lWD0000017KdYYAU","005al00000Q6IbCAAV","false","Possessory-Accounts","2026-04-07T19:06:18.000Z","005al00000RVcKvAAL","2026-08-14T09:32:28.000Z","005al00000RVvFOAA1","2026-08-14T09:32:28.000Z","","","","80.0","true","","","{""prodPkgEditScreen"":""42440767386795598"",""ownershipAssignmentFieldSetName"":""LLC_BI__Bulk_Ownership_Assignment"",""editCollateralScreen"":""42440767386795598"",""copyCollateralScreen"":""42440767386795598"",""collateralScreenName"":""Collateral Creation Screen"",""collateralCopyFieldSetName"":""LLC_BI__Collateral_Creation_Screen_Configuration"",""collateralCloneFieldSetName"":""LLC_BI__Collateral_Creation_Screen_Configuration"",""addCollateralScreen"":""42440767386795598"",""addChildCollateralScreen"":""42363993400862416""}","","false","","","","","85BE40","fff","custom/custom17","false","a0sWD00000XnsduYAB","false","","Account Balance / Statement;Financial Statement;Receivables Aging","","a0sWD00000XnseDYAR","2023-03-19","Possessory","","","","eb96d982-27d1-5af1-bcf4-8d8883332a28","true","Accounts",""
"a1lWD0000017KdZYAU","005al00000Q6IbCAAV","false","Real Estate-Manufactured Home","2026-04-07T19:06:18.000Z","005al00000RVcKvAAL","2026-08-14T09:32:28.000Z","005al00000RVvFOAA1","2026-08-14T09:32:28.000Z","","","","80.0","true","","","{""prodPkgEditScreen"":""42875581032868363"",""ownershipAssignmentFieldSetName"":""LLC_BI__Bulk_Ownership_Assignment"",""editCollateralScreen"":""42875581032868363"",""copyCollateralScreen"":""42875581032868363"",""collateralScreenName"":""Collateral Creation Screen"",""collateralCopyFieldSetName"":""LLC_BI__Collateral_Creation_Screen_Configuration"",""collateralCloneFieldSetName"":""LLC_BI__Collateral_Creation_Screen_Configuration"",""addCollateralScreen"":""42875581032868363"",""addChildCollateralScreen"":""42363993400862416""}","","false","","","","","670B7B","fff","custom/custom24","false","a0sWD00000XnsduYAB","true","","Appraisal;Internal Valuation;Invoice / Bill of Sale;Third Party Source","","a0sWD00000Xnse0YAB","2023-03-19","Real Estate","","","","ef9f4d80-bf21-59c3-9d4a-6e06c05e0a7d","true","Manufactured Home",""
"a1lWD0000017KdaYAE","005al00000Q6IbCAAV","false","Titled-Ship","2026-04-07T19:06:18.000Z","005al00000RVcKvAAL","2026-08-14T09:32:28.000Z","005al00000RVvFOAA1","2026-08-14T09:32:28.000Z","","","","80.0","true","","","{""prodPkgEditScreen"":""42437151313046644"",""ownershipAssignmentFieldSetName"":""LLC_BI__Bulk_Ownership_Assignment"",""editCollateralScreen"":""42437151313046644"",""copyCollateralScreen"":""42437151313046644"",""collateralScreenName"":""Collateral Creation Screen"",""collateralCopyFieldSetName"":""LLC_BI__Collateral_Creation_Screen_Configuration"",""collateralCloneFieldSetName"":""LLC_BI__Collateral_Creation_Screen_Configuration"",""addCollateralScreen"":""42437151313046644"",""addChildCollateralScreen"":""42363993400862416""}","","false","","LLC_BI__Manage_Collateral_Titled","","","Ba202E","fff","custom/custom31","false","a0sWD00000XnsduYAB","false","","Internal Valuation;Invoice / Bill of Sale;Third Party Source","","a0sWD00000Xnse4YAB","2023-03-19","Titled","","","","f1a2421e-575f-535c-8267-14780467b29d","true","Ship",""
"a1lWD0000017KdbYAE","005al00000Q6IbCAAV","false","Possessory-Letter of Credit","2026-04-07T19:06:18.000Z","005al00000RVcKvAAL","2026-08-14T09:32:28.000Z","005al00000RVvFOAA1","2026-08-14T09:32:28.000Z","","","","80.0","true","","","{""prodPkgEditScreen"":""42254692718045368"",""ownershipAssignmentFieldSetName"":""LLC_BI__Bulk_Ownership_Assignment"",""editCollateralScreen"":""42254692718045368"",""copyCollateralScreen"":""42254692718045368"",""collateralScreenName"":""Collateral Creation Screen"",""collateralCopyFieldSetName"":""LLC_BI__Collateral_Creation_Screen_Configuration"",""collateralCloneFieldSetName"":""LLC_BI__Collateral_Creation_Screen_Configuration"",""addCollateralScreen"":""42254692718045368"",""addChildCollateralScreen"":""42363993400862416""}","","false","","","","","85BE40","fff","custom/custom17","false","a0sWD00000XnsduYAB","false","","Account Balance / Statement;Third Party Source","","a0sWD00000XnseFYAR","2023-03-19","Possessory","","","","f210514f-3e22-5695-ba0b-1487101d2ef5","true","Letter of Credit",""
"a1lWD0000017KdcYAE","005al00000Q6IbCAAV","false","Possessory-Bills of Lading","2026-04-07T19:06:18.000Z","005al00000RVcKvAAL","2026-08-14T09:32:28.000Z","005al00000RVvFOAA1","2026-08-14T09:32:28.000Z","","","","80.0","true","","","{""prodPkgEditScreen"":""42069100893617569"",""ownershipAssignmentFieldSetName"":""LLC_BI__Bulk_Ownership_Assignment"",""editCollateralScreen"":""42069100893617569"",""copyCollateralScreen"":""42069100893617569"",""collateralScreenName"":""Collateral Creation Screen"",""collateralCopyFieldSetName"":""LLC_BI__Collateral_Creation_Screen_Configuration"",""collateralCloneFieldSetName"":""LLC_BI__Collateral_Creation_Screen_Configuration"",""addCollateralScreen"":""42069100893617569"",""addChildCollateralScreen"":""42363993400862416""}","","false","","","","","85BE40","fff","custom/custom17","false","a0sWD00000XnsduYAB","false","","Internal Valuation;Invoice / Bill of Sale","","a0sWD00000Xnse7YAB","2023-03-19","Possessory","","","","f405e476-f6f0-50b4-b1ac-2bd8bb6db2c2","true","Bills of Lading",""
"a1lWD0000017KddYAE","005al00000Q6IbCAAV","false","UCC-Farm Products","2026-04-07T19:06:18.000Z","005al00000RVcKvAAL","2026-08-14T09:32:28.000Z","005al00000RVvFOAA1","2026-08-14T09:32:28.000Z","","","","80.0","true","","","{""prodPkgEditScreen"":""42966783217336788"",""ownershipAssignmentFieldSetName"":""LLC_BI__Bulk_Ownership_Assignment"",""editCollateralScreen"":""42966783217336788"",""copyCollateralScreen"":""42966783217336788"",""collateralScreenName"":""Collateral Creation Screen"",""collateralCopyFieldSetName"":""LLC_BI__Collateral_Creation_Screen_Configuration"",""collateralCloneFieldSetName"":""LLC_BI__Collateral_Creation_Screen_Configuration"",""addCollateralScreen"":""42966783217336788"",""addChildCollateralScreen"":""42363993400862416""}","","false","","","","","F1B643","fff","custom/custom18","false","a0sWD00000XnsduYAB","false","","Internal Valuation;Invoice / Bill of Sale;Third Party Source","","a0sWD00000Xnse6YAB","2023-03-19","UCC","","","","f450a184-635b-5617-83c6-632223722f87","true","Farm Products",""
"a1lWD0000017KdeYAE","005al00000Q6IbCAAV","false","UCC-Fixtures","2026-04-07T19:06:18.000Z","005al00000RVcKvAAL","2026-08-14T09:32:28.000Z","005al00000RVvFOAA1","2026-08-14T09:32:28.000Z","","","","80.0","true","","","{""prodPkgEditScreen"":""42966783217336788"",""ownershipAssignmentFieldSetName"":""LLC_BI__Bulk_Ownership_Assignment"",""editCollateralScreen"":""42966783217336788"",""copyCollateralScreen"":""42966783217336788"",""collateralScreenName"":""Collateral Creation Screen"",""collateralCopyFieldSetName"":""LLC_BI__Collateral_Creation_Screen_Configuration"",""collateralCloneFieldSetName"":""LLC_BI__Collateral_Creation_Screen_Configuration"",""addCollateralScreen"":""42966783217336788"",""addChildCollateralScreen"":""42363993400862416""}","","false","","","","","F1B643","fff","custom/custom18","false","a0sWD00000XnsduYAB","false","","Internal Valuation;Invoice / Bill of Sale;Third Party Source","","a0sWD00000Xnse6YAB","2023-03-19","UCC","","","","f93b979e-8550-56d8-8533-221943612c17","true","Fixtures",""
"a1lWD0000017KdfYAE","005al00000Q6IbCAAV","false","Possessory-Irrevocable Letter of Credit","2026-04-07T19:06:18.000Z","005al00000RVcKvAAL","2026-08-14T09:32:28.000Z","005al00000RVvFOAA1","2026-08-14T09:32:28.000Z","","","","80.0","true","","","{""prodPkgEditScreen"":""42801016480660056"",""ownershipAssignmentFieldSetName"":""LLC_BI__Bulk_Ownership_Assignment"",""editCollateralScreen"":""42801016480660056"",""copyCollateralScreen"":""42801016480660056"",""collateralScreenName"":""Collateral Creation Screen"",""collateralCopyFieldSetName"":""LLC_BI__Collateral_Creation_Screen_Configuration"",""collateralCloneFieldSetName"":""LLC_BI__Collateral_Creation_Screen_Configuration"",""addCollateralScreen"":""42801016480660056"",""addChildCollateralScreen"":""42363993400862416""}","","false","","","","","85BE40","fff","custom/custom17","false","a0sWD00000XnsduYAB","false","","Account Balance / Statement;Third Party Source","","a0sWD00000XnsdvYAB","2023-03-19","Possessory","","","","f9bdcf26-42d6-5aa4-9df8-f7d7c79c54c8","true","Irrevocable Letter of Credit",""
